config,algorithm,problem,suite,N,maxFE,run,seed,finishedFE,runtime,IGD,HV,Feasible_rate,file
"s04_dual_population_fast","CMOEA-AOP","CF10","CF",100,20000,1,225001,20024,21.9606,0.196030895028358,0.26510322565533,1,"CMOEA_AOP_CF10_N100_FE20000_run1_seed225001.mat"
"s04_dual_population_fast","CMOEA-AOP","CF10","CF",100,20000,2,225002,20084,28.2986,0.5146970655189494,0.04816880710949961,1,"CMOEA_AOP_CF10_N100_FE20000_run2_seed225002.mat"
"s04_dual_population_fast","CMOEA-AOP","CF10","CF",100,20000,3,225003,20126,37.2078,0.5197718133561912,0.02346652516492518,1,"CMOEA_AOP_CF10_N100_FE20000_run3_seed225003.mat"
"s04_dual_population_fast","CMOEA-AOP","CF1","CF",100,20000,1,224101,20002,16.0607,0.00658726642314043,0.5581499367015648,1,"CMOEA_AOP_CF1_N100_FE20000_run1_seed224101.mat"
"s04_dual_population_fast","CMOEA-AOP","CF1","CF",100,20000,2,224102,20200,16.7085,0.01911826136104733,0.5437684293666627,1,"CMOEA_AOP_CF1_N100_FE20000_run2_seed224102.mat"
"s04_dual_population_fast","CMOEA-AOP","CF1","CF",100,20000,3,224103,20122,15.5576,0.01300275943661276,0.5503124161663856,1,"CMOEA_AOP_CF1_N100_FE20000_run3_seed224103.mat"
"s04_dual_population_fast","CMOEA-AOP","CF2","CF",100,20000,1,224201,20114,15.0317,0.02699359654308758,0.6417771348666222,1,"CMOEA_AOP_CF2_N100_FE20000_run1_seed224201.mat"
"s04_dual_population_fast","CMOEA-AOP","CF2","CF",100,20000,2,224202,20084,13.6064,0.04733364782074494,0.6142164505091581,1,"CMOEA_AOP_CF2_N100_FE20000_run2_seed224202.mat"
"s04_dual_population_fast","CMOEA-AOP","CF2","CF",100,20000,3,224203,20092,12.2595,0.05904346494145894,0.6151377251643104,1,"CMOEA_AOP_CF2_N100_FE20000_run3_seed224203.mat"
"s04_dual_population_fast","CMOEA-AOP","CF3","CF",100,20000,1,224301,20146,10.9366,0.4168791303745565,0.08306645644956455,1,"CMOEA_AOP_CF3_N100_FE20000_run1_seed224301.mat"
"s04_dual_population_fast","CMOEA-AOP","CF3","CF",100,20000,2,224302,20174,10.7813,0.2742951771985634,0.1535170526259138,1,"CMOEA_AOP_CF3_N100_FE20000_run2_seed224302.mat"
"s04_dual_population_fast","CMOEA-AOP","CF3","CF",100,20000,3,224303,20086,7.2277,0.08425686118897693,0.2375510535284306,1,"CMOEA_AOP_CF3_N100_FE20000_run3_seed224303.mat"
"s04_dual_population_fast","CMOEA-AOP","CF4","CF",100,20000,1,224401,20142,9.4888,0.07661724724317201,0.4351699314107537,1,"CMOEA_AOP_CF4_N100_FE20000_run1_seed224401.mat"
"s04_dual_population_fast","CMOEA-AOP","CF4","CF",100,20000,2,224402,20034,10.1144,0.06299523257095395,0.4571719188935976,1,"CMOEA_AOP_CF4_N100_FE20000_run2_seed224402.mat"
"s04_dual_population_fast","CMOEA-AOP","CF4","CF",100,20000,3,224403,20076,9.2417,0.07489184493958907,0.4376300970846085,1,"CMOEA_AOP_CF4_N100_FE20000_run3_seed224403.mat"
"s04_dual_population_fast","CMOEA-AOP","CF5","CF",100,20000,1,224501,20018,6.6879,0.115143632906197,0.3814618022811106,1,"CMOEA_AOP_CF5_N100_FE20000_run1_seed224501.mat"
"s04_dual_population_fast","CMOEA-AOP","CF5","CF",100,20000,2,224502,20038,4.9327,0.3134060138596603,0.2875099336189021,1,"CMOEA_AOP_CF5_N100_FE20000_run2_seed224502.mat"
"s04_dual_population_fast","CMOEA-AOP","CF5","CF",100,20000,3,224503,20166,7.8179,0.4118051509326983,0.120096565279801,1,"CMOEA_AOP_CF5_N100_FE20000_run3_seed224503.mat"
"s04_dual_population_fast","CMOEA-AOP","CF6","CF",100,20000,1,224601,20184,10.7071,0.05737450085905253,0.6317901192393014,1,"CMOEA_AOP_CF6_N100_FE20000_run1_seed224601.mat"
"s04_dual_population_fast","CMOEA-AOP","CF6","CF",100,20000,2,224602,20014,8.4782,0.1211617770888824,0.6137907441054347,1,"CMOEA_AOP_CF6_N100_FE20000_run2_seed224602.mat"
"s04_dual_population_fast","CMOEA-AOP","CF6","CF",100,20000,3,224603,20068,9.3191,0.09126409223886696,0.6347050864004655,1,"CMOEA_AOP_CF6_N100_FE20000_run3_seed224603.mat"
"s04_dual_population_fast","CMOEA-AOP","CF7","CF",100,20000,1,224701,20006,6.4887,0.2203242812682883,0.442562002791366,1,"CMOEA_AOP_CF7_N100_FE20000_run1_seed224701.mat"
"s04_dual_population_fast","CMOEA-AOP","CF7","CF",100,20000,2,224702,20178,5.6537,0.4250300677676793,0.3044100892015209,1,"CMOEA_AOP_CF7_N100_FE20000_run2_seed224702.mat"
"s04_dual_population_fast","CMOEA-AOP","CF7","CF",100,20000,3,224703,20044,4.8847,0.3441893367169948,0.3153485453890428,1,"CMOEA_AOP_CF7_N100_FE20000_run3_seed224703.mat"
"s04_dual_population_fast","CMOEA-AOP","CF8","CF",100,20000,1,224801,20044,26.6167,0.2220016678330095,0.2869418684117316,1,"CMOEA_AOP_CF8_N100_FE20000_run1_seed224801.mat"
"s04_dual_population_fast","CMOEA-AOP","CF8","CF",100,20000,2,224802,20096,31.2557,0.2911720889378175,0.2088400588339278,1,"CMOEA_AOP_CF8_N100_FE20000_run2_seed224802.mat"
"s04_dual_population_fast","CMOEA-AOP","CF8","CF",100,20000,3,224803,20018,30.6066,0.2074405307117306,0.2905700479056776,1,"CMOEA_AOP_CF8_N100_FE20000_run3_seed224803.mat"
"s04_dual_population_fast","CMOEA-AOP","CF9","CF",100,20000,1,224901,20124,30.9805,0.1290509698730645,0.3813252348860921,1,"CMOEA_AOP_CF9_N100_FE20000_run1_seed224901.mat"
"s04_dual_population_fast","CMOEA-AOP","CF9","CF",100,20000,2,224902,20146,32.0399,0.1152796380521221,0.3892164030960686,1,"CMOEA_AOP_CF9_N100_FE20000_run2_seed224902.mat"
"s04_dual_population_fast","CMOEA-AOP","CF9","CF",100,20000,3,224903,20014,29.1205,0.09641441113474571,0.4249352623527168,1,"CMOEA_AOP_CF9_N100_FE20000_run3_seed224903.mat"
"s04_dual_population_fast","CMOEA-AOP","DASCMOP1","DAS-CMOP",100,20000,1,226501,20184,4.0411,0.3307849996352648,0.1013258484986788,1,"CMOEA_AOP_DASCMOP1_N100_FE20000_run1_seed226501.mat"
"s04_dual_population_fast","CMOEA-AOP","DASCMOP1","DAS-CMOP",100,20000,2,226502,20062,4.1095,0.06211672446226774,0.1804039658286108,1,"CMOEA_AOP_DASCMOP1_N100_FE20000_run2_seed226502.mat"
"s04_dual_population_fast","CMOEA-AOP","DASCMOP1","DAS-CMOP",100,20000,3,226503,20132,4.1084,0.791326960633403,0,1,"CMOEA_AOP_DASCMOP1_N100_FE20000_run3_seed226503.mat"
"s04_dual_population_fast","CMOEA-AOP","DASCMOP2","DAS-CMOP",100,20000,1,226601,20104,4.4786,0.2872272529112346,0.2509979453533498,1,"CMOEA_AOP_DASCMOP2_N100_FE20000_run1_seed226601.mat"
"s04_dual_population_fast","CMOEA-AOP","DASCMOP2","DAS-CMOP",100,20000,2,226602,20064,3.9281,0.1913482960515452,0.2731616512953886,1,"CMOEA_AOP_DASCMOP2_N100_FE20000_run2_seed226602.mat"
"s04_dual_population_fast","CMOEA-AOP","DASCMOP2","DAS-CMOP",100,20000,3,226603,20160,6.0811,0.170902491943951,0.2696147669659341,1,"CMOEA_AOP_DASCMOP2_N100_FE20000_run3_seed226603.mat"
"s04_dual_population_fast","CMOEA-AOP","DASCMOP3","DAS-CMOP",100,20000,1,226701,20142,3.3607,0.07282114803326382,0.2745534889403947,1,"CMOEA_AOP_DASCMOP3_N100_FE20000_run1_seed226701.mat"
"s04_dual_population_fast","CMOEA-AOP","DASCMOP3","DAS-CMOP",100,20000,2,226702,20002,3.4341,0.02333363110189107,0.3065858480711755,1,"CMOEA_AOP_DASCMOP3_N100_FE20000_run2_seed226702.mat"
"s04_dual_population_fast","CMOEA-AOP","DASCMOP3","DAS-CMOP",100,20000,3,226703,20154,3.3215,0.25388095542968,0.2445767067874919,1,"CMOEA_AOP_DASCMOP3_N100_FE20000_run3_seed226703.mat"
"s04_dual_population_fast","CMOEA-AOP","DASCMOP4","DAS-CMOP",100,20000,1,226801,20186,3.2152,0.616228042634602,0.004494416152981268,1,"CMOEA_AOP_DASCMOP4_N100_FE20000_run1_seed226801.mat"
"s04_dual_population_fast","CMOEA-AOP","DASCMOP4","DAS-CMOP",100,20000,2,226802,20184,3.7828,NaN,NaN,0,"CMOEA_AOP_DASCMOP4_N100_FE20000_run2_seed226802.mat"
"s04_dual_population_fast","CMOEA-AOP","DASCMOP4","DAS-CMOP",100,20000,3,226803,20104,3.5427,NaN,NaN,0,"CMOEA_AOP_DASCMOP4_N100_FE20000_run3_seed226803.mat"
"s04_dual_population_fast","CMOEA-AOP","DASCMOP5","DAS-CMOP",100,20000,1,226901,20184,3.7188,NaN,NaN,0,"CMOEA_AOP_DASCMOP5_N100_FE20000_run1_seed226901.mat"
"s04_dual_population_fast","CMOEA-AOP","DASCMOP5","DAS-CMOP",100,20000,2,226902,20068,3.6668,NaN,NaN,0,"CMOEA_AOP_DASCMOP5_N100_FE20000_run2_seed226902.mat"
"s04_dual_population_fast","CMOEA-AOP","DASCMOP5","DAS-CMOP",100,20000,3,226903,20106,3.3396,NaN,NaN,0,"CMOEA_AOP_DASCMOP5_N100_FE20000_run3_seed226903.mat"
"s04_dual_population_fast","CMOEA-AOP","DASCMOP6","DAS-CMOP",100,20000,1,227001,20204,3.793,NaN,NaN,0,"CMOEA_AOP_DASCMOP6_N100_FE20000_run1_seed227001.mat"
"s04_dual_population_fast","CMOEA-AOP","DASCMOP6","DAS-CMOP",100,20000,2,227002,20066,3.3994,NaN,NaN,0,"CMOEA_AOP_DASCMOP6_N100_FE20000_run2_seed227002.mat"
"s04_dual_population_fast","CMOEA-AOP","DASCMOP6","DAS-CMOP",100,20000,3,227003,20178,3.5261,NaN,NaN,0,"CMOEA_AOP_DASCMOP6_N100_FE20000_run3_seed227003.mat"
"s04_dual_population_fast","CMOEA-AOP","DASCMOP7","DAS-CMOP",100,20000,1,227101,20066,3.6743,NaN,NaN,0,"CMOEA_AOP_DASCMOP7_N100_FE20000_run1_seed227101.mat"
"s04_dual_population_fast","CMOEA-AOP","DASCMOP7","DAS-CMOP",100,20000,2,227102,20088,2.9133,NaN,NaN,0,"CMOEA_AOP_DASCMOP7_N100_FE20000_run2_seed227102.mat"
"s04_dual_population_fast","CMOEA-AOP","DASCMOP7","DAS-CMOP",100,20000,3,227103,20182,3.4262,NaN,NaN,0,"CMOEA_AOP_DASCMOP7_N100_FE20000_run3_seed227103.mat"
"s04_dual_population_fast","CMOEA-AOP","DASCMOP8","DAS-CMOP",100,20000,1,227201,20098,3.8644,NaN,NaN,0,"CMOEA_AOP_DASCMOP8_N100_FE20000_run1_seed227201.mat"
"s04_dual_population_fast","CMOEA-AOP","DASCMOP8","DAS-CMOP",100,20000,2,227202,20070,3.4351,NaN,NaN,0,"CMOEA_AOP_DASCMOP8_N100_FE20000_run2_seed227202.mat"
"s04_dual_population_fast","CMOEA-AOP","DASCMOP8","DAS-CMOP",100,20000,3,227203,20094,3.622,NaN,NaN,0,"CMOEA_AOP_DASCMOP8_N100_FE20000_run3_seed227203.mat"
"s04_dual_population_fast","CMOEA-AOP","DASCMOP9","DAS-CMOP",100,20000,1,227301,20134,31.9984,0.3197285072148794,0.1340501839629105,1,"CMOEA_AOP_DASCMOP9_N100_FE20000_run1_seed227301.mat"
"s04_dual_population_fast","CMOEA-AOP","DASCMOP9","DAS-CMOP",100,20000,2,227302,20004,41.4758,0.3253592379170432,0.1384455119008804,1,"CMOEA_AOP_DASCMOP9_N100_FE20000_run2_seed227302.mat"
"s04_dual_population_fast","CMOEA-AOP","DASCMOP9","DAS-CMOP",100,20000,3,227303,20062,50.0507,0.414234731902815,0.1193610426284065,1,"CMOEA_AOP_DASCMOP9_N100_FE20000_run3_seed227303.mat"
"s04_dual_population_fast","CMOEA-AOP","LIRCMOP10","LIR-CMOP",100,20000,1,226001,20018,9.2044,0.4542398560956616,0.4384853146496551,1,"CMOEA_AOP_LIRCMOP10_N100_FE20000_run1_seed226001.mat"
"s04_dual_population_fast","CMOEA-AOP","LIRCMOP10","LIR-CMOP",100,20000,2,226002,20196,9.7927,0.4873499048042483,0.4355100570912357,1,"CMOEA_AOP_LIRCMOP10_N100_FE20000_run2_seed226002.mat"
"s04_dual_population_fast","CMOEA-AOP","LIRCMOP10","LIR-CMOP",100,20000,3,226003,20038,6.0834,0.3910789202722925,0.4303334683587797,1,"CMOEA_AOP_LIRCMOP10_N100_FE20000_run3_seed226003.mat"
"s04_dual_population_fast","CMOEA-AOP","LIRCMOP11","LIR-CMOP",100,20000,1,226101,20120,5.8527,0.1491122292926059,0.5964993815140845,1,"CMOEA_AOP_LIRCMOP11_N100_FE20000_run1_seed226101.mat"
"s04_dual_population_fast","CMOEA-AOP","LIRCMOP11","LIR-CMOP",100,20000,2,226102,20194,7.2285,0.1501661913542335,0.5888304013941611,1,"CMOEA_AOP_LIRCMOP11_N100_FE20000_run2_seed226102.mat"
"s04_dual_population_fast","CMOEA-AOP","LIRCMOP11","LIR-CMOP",100,20000,3,226103,20104,5.5971,0.2902701530625713,0.5045225030865499,1,"CMOEA_AOP_LIRCMOP11_N100_FE20000_run3_seed226103.mat"
"s04_dual_population_fast","CMOEA-AOP","LIRCMOP12","LIR-CMOP",100,20000,1,226201,20096,7.5668,0.4271375115824356,0.3435870260300953,1,"CMOEA_AOP_LIRCMOP12_N100_FE20000_run1_seed226201.mat"
"s04_dual_population_fast","CMOEA-AOP","LIRCMOP12","LIR-CMOP",100,20000,2,226202,20204,3.4917,0.253380619419279,0.5035995674608705,1,"CMOEA_AOP_LIRCMOP12_N100_FE20000_run2_seed226202.mat"
"s04_dual_population_fast","CMOEA-AOP","LIRCMOP12","LIR-CMOP",100,20000,3,226203,20076,3.727,0.2893002828251921,0.472263861628455,1,"CMOEA_AOP_LIRCMOP12_N100_FE20000_run3_seed226203.mat"
"s04_dual_population_fast","CMOEA-AOP","LIRCMOP13","LIR-CMOP",100,20000,1,226301,20026,32.8903,0.1153976128133246,0.5143705833604868,1,"CMOEA_AOP_LIRCMOP13_N100_FE20000_run1_seed226301.mat"
"s04_dual_population_fast","CMOEA-AOP","LIRCMOP13","LIR-CMOP",100,20000,2,226302,20166,31.1085,0.1123233761730736,0.5213527007189989,1,"CMOEA_AOP_LIRCMOP13_N100_FE20000_run2_seed226302.mat"
"s04_dual_population_fast","CMOEA-AOP","LIRCMOP13","LIR-CMOP",100,20000,3,226303,20152,28.7347,0.1499926025469249,0.4810110476943745,1,"CMOEA_AOP_LIRCMOP13_N100_FE20000_run3_seed226303.mat"
"s04_dual_population_fast","CMOEA-AOP","LIRCMOP14","LIR-CMOP",100,20000,1,226401,20184,32.9739,0.1013839971865858,0.5451444400971122,1,"CMOEA_AOP_LIRCMOP14_N100_FE20000_run1_seed226401.mat"
"s04_dual_population_fast","CMOEA-AOP","LIRCMOP14","LIR-CMOP",100,20000,2,226402,20084,28.2228,0.1188673249127703,0.5310840884037806,1,"CMOEA_AOP_LIRCMOP14_N100_FE20000_run2_seed226402.mat"
"s04_dual_population_fast","CMOEA-AOP","LIRCMOP14","LIR-CMOP",100,20000,3,226403,20098,29.635,0.09998401603479083,0.5462481740197215,1,"CMOEA_AOP_LIRCMOP14_N100_FE20000_run3_seed226403.mat"
"s04_dual_population_fast","CMOEA-AOP","LIRCMOP1","LIR-CMOP",100,20000,1,225101,20178,3.5146,0.281576749948426,0.119900201963718,0.57,"CMOEA_AOP_LIRCMOP1_N100_FE20000_run1_seed225101.mat"
"s04_dual_population_fast","CMOEA-AOP","LIRCMOP1","LIR-CMOP",100,20000,2,225102,20160,3.6021,0.2448624096665925,0.1267387009378661,1,"CMOEA_AOP_LIRCMOP1_N100_FE20000_run2_seed225102.mat"
"s04_dual_population_fast","CMOEA-AOP","LIRCMOP1","LIR-CMOP",100,20000,3,225103,20170,3.8353,0.3085299769894499,0.1058767800896571,0.87,"CMOEA_AOP_LIRCMOP1_N100_FE20000_run3_seed225103.mat"
"s04_dual_population_fast","CMOEA-AOP","LIRCMOP2","LIR-CMOP",100,20000,1,225201,20014,3.7203,0.234692107247674,0.2407486028635782,0.49,"CMOEA_AOP_LIRCMOP2_N100_FE20000_run1_seed225201.mat"
"s04_dual_population_fast","CMOEA-AOP","LIRCMOP2","LIR-CMOP",100,20000,2,225202,20012,3.4859,0.2624571964349434,0.2309303406032663,0.39,"CMOEA_AOP_LIRCMOP2_N100_FE20000_run2_seed225202.mat"
"s04_dual_population_fast","CMOEA-AOP","LIRCMOP2","LIR-CMOP",100,20000,3,225203,20180,3.2843,0.2347118125825244,0.2318800001138136,1,"CMOEA_AOP_LIRCMOP2_N100_FE20000_run3_seed225203.mat"
"s04_dual_population_fast","CMOEA-AOP","LIRCMOP3","LIR-CMOP",100,20000,1,225301,20116,3.7293,0.1720487714170177,0.1420006099778513,0.73,"CMOEA_AOP_LIRCMOP3_N100_FE20000_run1_seed225301.mat"
"s04_dual_population_fast","CMOEA-AOP","LIRCMOP3","LIR-CMOP",100,20000,2,225302,20080,3.6439,0.2909309315042764,0.0959553567451305,0.51,"CMOEA_AOP_LIRCMOP3_N100_FE20000_run2_seed225302.mat"
"s04_dual_population_fast","CMOEA-AOP","LIRCMOP3","LIR-CMOP",100,20000,3,225303,20118,3.4295,0.2281104115915759,0.1216647113156238,0.37,"CMOEA_AOP_LIRCMOP3_N100_FE20000_run3_seed225303.mat"
"s04_dual_population_fast","CMOEA-AOP","LIRCMOP4","LIR-CMOP",100,20000,1,225401,20024,3.3951,0.3058072041428396,0.1824786352983152,1,"CMOEA_AOP_LIRCMOP4_N100_FE20000_run1_seed225401.mat"
"s04_dual_population_fast","CMOEA-AOP","LIRCMOP4","LIR-CMOP",100,20000,2,225402,20090,3.434,0.3082372531141663,0.1819156278176655,1,"CMOEA_AOP_LIRCMOP4_N100_FE20000_run2_seed225402.mat"
"s04_dual_population_fast","CMOEA-AOP","LIRCMOP4","LIR-CMOP",100,20000,3,225403,20188,3.8902,0.3157056768503108,0.1793608043925199,1,"CMOEA_AOP_LIRCMOP4_N100_FE20000_run3_seed225403.mat"
"s04_dual_population_fast","CMOEA-AOP","LIRCMOP5","LIR-CMOP",100,20000,1,225501,20036,5.759,1.206211392970384,0,1,"CMOEA_AOP_LIRCMOP5_N100_FE20000_run1_seed225501.mat"
"s04_dual_population_fast","CMOEA-AOP","LIRCMOP5","LIR-CMOP",100,20000,2,225502,20156,4.8181,1.22209479113365,0,1,"CMOEA_AOP_LIRCMOP5_N100_FE20000_run2_seed225502.mat"
"s04_dual_population_fast","CMOEA-AOP","LIRCMOP5","LIR-CMOP",100,20000,3,225503,20200,7.332,1.216387130051502,0,1,"CMOEA_AOP_LIRCMOP5_N100_FE20000_run3_seed225503.mat"
"s04_dual_population_fast","CMOEA-AOP","LIRCMOP6","LIR-CMOP",100,20000,1,225601,20164,5.4625,0.3655186296144143,0.100465426867948,1,"CMOEA_AOP_LIRCMOP6_N100_FE20000_run1_seed225601.mat"
"s04_dual_population_fast","CMOEA-AOP","LIRCMOP6","LIR-CMOP",100,20000,2,225602,20118,5.7299,0.6055260488880156,0.06127206218709352,1,"CMOEA_AOP_LIRCMOP6_N100_FE20000_run2_seed225602.mat"
"s04_dual_population_fast","CMOEA-AOP","LIRCMOP6","LIR-CMOP",100,20000,3,225603,20108,6.2718,0.4283323077642335,0.07957474131622955,1,"CMOEA_AOP_LIRCMOP6_N100_FE20000_run3_seed225603.mat"
"s04_dual_population_fast","CMOEA-AOP","LIRCMOP7","LIR-CMOP",100,20000,1,225701,20064,6.6939,0.1254087439136689,0.2463996369185988,1,"CMOEA_AOP_LIRCMOP7_N100_FE20000_run1_seed225701.mat"
"s04_dual_population_fast","CMOEA-AOP","LIRCMOP7","LIR-CMOP",100,20000,2,225702,20094,6.0241,0.09945144041334629,0.2545221664428589,1,"CMOEA_AOP_LIRCMOP7_N100_FE20000_run2_seed225702.mat"
"s04_dual_population_fast","CMOEA-AOP","LIRCMOP7","LIR-CMOP",100,20000,3,225703,20112,7.0285,0.1386426739881373,0.2401764672093144,1,"CMOEA_AOP_LIRCMOP7_N100_FE20000_run3_seed225703.mat"
"s04_dual_population_fast","CMOEA-AOP","LIRCMOP8","LIR-CMOP",100,20000,1,225801,20114,5.9019,0.1773204365877402,0.2346649360193815,1,"CMOEA_AOP_LIRCMOP8_N100_FE20000_run1_seed225801.mat"
"s04_dual_population_fast","CMOEA-AOP","LIRCMOP8","LIR-CMOP",100,20000,2,225802,20074,6.6977,0.1616993537383808,0.2355208644843207,1,"CMOEA_AOP_LIRCMOP8_N100_FE20000_run2_seed225802.mat"
"s04_dual_population_fast","CMOEA-AOP","LIRCMOP8","LIR-CMOP",100,20000,3,225803,20024,5.2876,0.09565304422601484,0.2552204598041838,1,"CMOEA_AOP_LIRCMOP8_N100_FE20000_run3_seed225803.mat"
"s04_dual_population_fast","CMOEA-AOP","LIRCMOP9","LIR-CMOP",100,20000,1,225901,20092,7.7376,0.6467780645225806,0.2904830934313409,1,"CMOEA_AOP_LIRCMOP9_N100_FE20000_run1_seed225901.mat"
"s04_dual_population_fast","CMOEA-AOP","LIRCMOP9","LIR-CMOP",100,20000,2,225902,20032,6.5853,0.5098932431046167,0.3557840978391626,1,"CMOEA_AOP_LIRCMOP9_N100_FE20000_run2_seed225902.mat"
"s04_dual_population_fast","CMOEA-AOP","LIRCMOP9","LIR-CMOP",100,20000,3,225903,20014,5.3468,0.5144369298235367,0.3547839246027238,1,"CMOEA_AOP_LIRCMOP9_N100_FE20000_run3_seed225903.mat"
"s04_dual_population_fast","Dual-Feasibility-Explore-AOP","CF10","CF",100,20000,1,255001,20000,2.5752,0.1782654919560649,0.2553125140470666,1,"Dual_Feasibility_Explore_AOP_CF10_N100_FE20000_run1_seed255001.mat"
"s04_dual_population_fast","Dual-Feasibility-Explore-AOP","CF10","CF",100,20000,2,255002,20000,3.1152,0.2446787311104893,0.2052234854985193,1,"Dual_Feasibility_Explore_AOP_CF10_N100_FE20000_run2_seed255002.mat"
"s04_dual_population_fast","Dual-Feasibility-Explore-AOP","CF10","CF",100,20000,3,255003,20000,2.9319,0.223811884198411,0.2288617930432634,1,"Dual_Feasibility_Explore_AOP_CF10_N100_FE20000_run3_seed255003.mat"
"s04_dual_population_fast","Dual-Feasibility-Explore-AOP","CF1","CF",100,20000,1,254101,20000,4.0816,0.008218458783192942,0.5563184833249613,1,"Dual_Feasibility_Explore_AOP_CF1_N100_FE20000_run1_seed254101.mat"
"s04_dual_population_fast","Dual-Feasibility-Explore-AOP","CF1","CF",100,20000,2,254102,20000,3.6795,0.0176523071964703,0.546363398759554,1,"Dual_Feasibility_Explore_AOP_CF1_N100_FE20000_run2_seed254102.mat"
"s04_dual_population_fast","Dual-Feasibility-Explore-AOP","CF1","CF",100,20000,3,254103,20000,3.8726,0.01461814256612353,0.5489916418139651,1,"Dual_Feasibility_Explore_AOP_CF1_N100_FE20000_run3_seed254103.mat"
"s04_dual_population_fast","Dual-Feasibility-Explore-AOP","CF2","CF",100,20000,1,254201,20000,3.2802,0.01492749409440984,0.6603975793239536,1,"Dual_Feasibility_Explore_AOP_CF2_N100_FE20000_run1_seed254201.mat"
"s04_dual_population_fast","Dual-Feasibility-Explore-AOP","CF2","CF",100,20000,2,254202,20000,2.8931,0.02250774060750977,0.656354978451686,1,"Dual_Feasibility_Explore_AOP_CF2_N100_FE20000_run2_seed254202.mat"
"s04_dual_population_fast","Dual-Feasibility-Explore-AOP","CF2","CF",100,20000,3,254203,20000,2.7272,0.03209255420463013,0.6285444757232941,1,"Dual_Feasibility_Explore_AOP_CF2_N100_FE20000_run3_seed254203.mat"
"s04_dual_population_fast","Dual-Feasibility-Explore-AOP","CF3","CF",100,20000,1,254301,20000,2.4373,0.4291864722400336,0.05380265853008884,1,"Dual_Feasibility_Explore_AOP_CF3_N100_FE20000_run1_seed254301.mat"
"s04_dual_population_fast","Dual-Feasibility-Explore-AOP","CF3","CF",100,20000,2,254302,20000,2.3745,0.4317487193574374,0.06764356677945924,1,"Dual_Feasibility_Explore_AOP_CF3_N100_FE20000_run2_seed254302.mat"
"s04_dual_population_fast","Dual-Feasibility-Explore-AOP","CF3","CF",100,20000,3,254303,20000,2.396,0.263089074512097,0.1319325081266488,1,"Dual_Feasibility_Explore_AOP_CF3_N100_FE20000_run3_seed254303.mat"
"s04_dual_population_fast","Dual-Feasibility-Explore-AOP","CF4","CF",100,20000,1,254401,20000,2.9904,0.09123867131150393,0.4045369468853687,1,"Dual_Feasibility_Explore_AOP_CF4_N100_FE20000_run1_seed254401.mat"
"s04_dual_population_fast","Dual-Feasibility-Explore-AOP","CF4","CF",100,20000,2,254402,20000,2.318,0.07892415951708162,0.432926912142764,1,"Dual_Feasibility_Explore_AOP_CF4_N100_FE20000_run2_seed254402.mat"
"s04_dual_population_fast","Dual-Feasibility-Explore-AOP","CF4","CF",100,20000,3,254403,20000,2.6464,0.0838120138071989,0.4267814726577933,1,"Dual_Feasibility_Explore_AOP_CF4_N100_FE20000_run3_seed254403.mat"
"s04_dual_population_fast","Dual-Feasibility-Explore-AOP","CF5","CF",100,20000,1,254501,20000,2.492,0.1513002313266134,0.3532281778859096,1,"Dual_Feasibility_Explore_AOP_CF5_N100_FE20000_run1_seed254501.mat"
"s04_dual_population_fast","Dual-Feasibility-Explore-AOP","CF5","CF",100,20000,2,254502,20000,2.9361,0.4425219792015611,0.171795050717566,1,"Dual_Feasibility_Explore_AOP_CF5_N100_FE20000_run2_seed254502.mat"
"s04_dual_population_fast","Dual-Feasibility-Explore-AOP","CF5","CF",100,20000,3,254503,20000,2.4904,0.2058619683011941,0.2873328355635579,1,"Dual_Feasibility_Explore_AOP_CF5_N100_FE20000_run3_seed254503.mat"
"s04_dual_population_fast","Dual-Feasibility-Explore-AOP","CF6","CF",100,20000,1,254601,20000,3.3203,0.05385552791319621,0.6323206657762165,1,"Dual_Feasibility_Explore_AOP_CF6_N100_FE20000_run1_seed254601.mat"
"s04_dual_population_fast","Dual-Feasibility-Explore-AOP","CF6","CF",100,20000,2,254602,20000,3.2676,0.08638817148566168,0.6172666772294217,1,"Dual_Feasibility_Explore_AOP_CF6_N100_FE20000_run2_seed254602.mat"
"s04_dual_population_fast","Dual-Feasibility-Explore-AOP","CF6","CF",100,20000,3,254603,20000,3.164,0.05601440873956642,0.6353447737398187,1,"Dual_Feasibility_Explore_AOP_CF6_N100_FE20000_run3_seed254603.mat"
"s04_dual_population_fast","Dual-Feasibility-Explore-AOP","CF7","CF",100,20000,1,254701,20000,2.3611,0.1913916617521388,0.4971556417329305,1,"Dual_Feasibility_Explore_AOP_CF7_N100_FE20000_run1_seed254701.mat"
"s04_dual_population_fast","Dual-Feasibility-Explore-AOP","CF7","CF",100,20000,2,254702,20000,2.3251,0.1542694301883538,0.5309271593016954,1,"Dual_Feasibility_Explore_AOP_CF7_N100_FE20000_run2_seed254702.mat"
"s04_dual_population_fast","Dual-Feasibility-Explore-AOP","CF7","CF",100,20000,3,254703,20000,2.4379,0.08220013161558673,0.5995041749253401,1,"Dual_Feasibility_Explore_AOP_CF7_N100_FE20000_run3_seed254703.mat"
"s04_dual_population_fast","Dual-Feasibility-Explore-AOP","CF8","CF",100,20000,1,254801,20000,2.6104,0.2596493591065006,0.2519899833968339,1,"Dual_Feasibility_Explore_AOP_CF8_N100_FE20000_run1_seed254801.mat"
"s04_dual_population_fast","Dual-Feasibility-Explore-AOP","CF8","CF",100,20000,2,254802,20000,2.248,0.2107031454793664,0.2956689287838618,1,"Dual_Feasibility_Explore_AOP_CF8_N100_FE20000_run2_seed254802.mat"
"s04_dual_population_fast","Dual-Feasibility-Explore-AOP","CF8","CF",100,20000,3,254803,20000,2.9496,0.2429433380345029,0.2192682474756232,1,"Dual_Feasibility_Explore_AOP_CF8_N100_FE20000_run3_seed254803.mat"
"s04_dual_population_fast","Dual-Feasibility-Explore-AOP","CF9","CF",100,20000,1,254901,20000,3.0419,0.1186785838691661,0.3970105416168571,1,"Dual_Feasibility_Explore_AOP_CF9_N100_FE20000_run1_seed254901.mat"
"s04_dual_population_fast","Dual-Feasibility-Explore-AOP","CF9","CF",100,20000,2,254902,20000,3.0671,0.1086317656331222,0.4028435361299523,1,"Dual_Feasibility_Explore_AOP_CF9_N100_FE20000_run2_seed254902.mat"
"s04_dual_population_fast","Dual-Feasibility-Explore-AOP","CF9","CF",100,20000,3,254903,20000,3.4462,0.1129563734615735,0.4038965217863316,1,"Dual_Feasibility_Explore_AOP_CF9_N100_FE20000_run3_seed254903.mat"
"s04_dual_population_fast","Dual-Feasibility-Explore-AOP","DASCMOP1","DAS-CMOP",100,20000,1,256501,20000,2.1705,0.02221637453407957,0.1974595057719729,1,"Dual_Feasibility_Explore_AOP_DASCMOP1_N100_FE20000_run1_seed256501.mat"
"s04_dual_population_fast","Dual-Feasibility-Explore-AOP","DASCMOP1","DAS-CMOP",100,20000,2,256502,20000,2.3347,0.1275847674841308,0.1426601853817886,1,"Dual_Feasibility_Explore_AOP_DASCMOP1_N100_FE20000_run2_seed256502.mat"
"s04_dual_population_fast","Dual-Feasibility-Explore-AOP","DASCMOP1","DAS-CMOP",100,20000,3,256503,20000,2.1397,0.5139977869332354,0.03000510602193234,1,"Dual_Feasibility_Explore_AOP_DASCMOP1_N100_FE20000_run3_seed256503.mat"
"s04_dual_population_fast","Dual-Feasibility-Explore-AOP","DASCMOP2","DAS-CMOP",100,20000,1,256601,20000,2.6303,0.02004478097153887,0.3417030105469613,1,"Dual_Feasibility_Explore_AOP_DASCMOP2_N100_FE20000_run1_seed256601.mat"
"s04_dual_population_fast","Dual-Feasibility-Explore-AOP","DASCMOP2","DAS-CMOP",100,20000,2,256602,20000,2.685,0.04293236269217839,0.3246771973858475,1,"Dual_Feasibility_Explore_AOP_DASCMOP2_N100_FE20000_run2_seed256602.mat"
"s04_dual_population_fast","Dual-Feasibility-Explore-AOP","DASCMOP2","DAS-CMOP",100,20000,3,256603,20000,2.401,0.1220501470656085,0.297220719218705,1,"Dual_Feasibility_Explore_AOP_DASCMOP2_N100_FE20000_run3_seed256603.mat"
"s04_dual_population_fast","Dual-Feasibility-Explore-AOP","DASCMOP3","DAS-CMOP",100,20000,1,256701,20000,2.2642,0.2193637588187778,0.2405347770291036,1,"Dual_Feasibility_Explore_AOP_DASCMOP3_N100_FE20000_run1_seed256701.mat"
"s04_dual_population_fast","Dual-Feasibility-Explore-AOP","DASCMOP3","DAS-CMOP",100,20000,2,256702,20000,2.2744,0.3452616732715534,0.2080491035189471,1,"Dual_Feasibility_Explore_AOP_DASCMOP3_N100_FE20000_run2_seed256702.mat"
"s04_dual_population_fast","Dual-Feasibility-Explore-AOP","DASCMOP3","DAS-CMOP",100,20000,3,256703,20000,2.3565,0.2559336597443295,0.2401321085022223,1,"Dual_Feasibility_Explore_AOP_DASCMOP3_N100_FE20000_run3_seed256703.mat"
"s04_dual_population_fast","Dual-Feasibility-Explore-AOP","DASCMOP4","DAS-CMOP",100,20000,1,256801,20000,2.2387,NaN,NaN,0,"Dual_Feasibility_Explore_AOP_DASCMOP4_N100_FE20000_run1_seed256801.mat"
"s04_dual_population_fast","Dual-Feasibility-Explore-AOP","DASCMOP4","DAS-CMOP",100,20000,2,256802,20000,2.1763,NaN,NaN,0,"Dual_Feasibility_Explore_AOP_DASCMOP4_N100_FE20000_run2_seed256802.mat"
"s04_dual_population_fast","Dual-Feasibility-Explore-AOP","DASCMOP4","DAS-CMOP",100,20000,3,256803,20000,2.2529,NaN,NaN,0,"Dual_Feasibility_Explore_AOP_DASCMOP4_N100_FE20000_run3_seed256803.mat"
"s04_dual_population_fast","Dual-Feasibility-Explore-AOP","DASCMOP5","DAS-CMOP",100,20000,1,256901,20000,2.3084,NaN,NaN,0,"Dual_Feasibility_Explore_AOP_DASCMOP5_N100_FE20000_run1_seed256901.mat"
"s04_dual_population_fast","Dual-Feasibility-Explore-AOP","DASCMOP5","DAS-CMOP",100,20000,2,256902,20000,2.158,NaN,NaN,0,"Dual_Feasibility_Explore_AOP_DASCMOP5_N100_FE20000_run2_seed256902.mat"
"s04_dual_population_fast","Dual-Feasibility-Explore-AOP","DASCMOP5","DAS-CMOP",100,20000,3,256903,20000,2.0226,NaN,NaN,0,"Dual_Feasibility_Explore_AOP_DASCMOP5_N100_FE20000_run3_seed256903.mat"
"s04_dual_population_fast","Dual-Feasibility-Explore-AOP","DASCMOP6","DAS-CMOP",100,20000,1,257001,20000,1.9593,NaN,NaN,0,"Dual_Feasibility_Explore_AOP_DASCMOP6_N100_FE20000_run1_seed257001.mat"
"s04_dual_population_fast","Dual-Feasibility-Explore-AOP","DASCMOP6","DAS-CMOP",100,20000,2,257002,20000,2.1447,NaN,NaN,0,"Dual_Feasibility_Explore_AOP_DASCMOP6_N100_FE20000_run2_seed257002.mat"
"s04_dual_population_fast","Dual-Feasibility-Explore-AOP","DASCMOP6","DAS-CMOP",100,20000,3,257003,20000,1.8046,NaN,NaN,0,"Dual_Feasibility_Explore_AOP_DASCMOP6_N100_FE20000_run3_seed257003.mat"
"s04_dual_population_fast","Dual-Feasibility-Explore-AOP","DASCMOP7","DAS-CMOP",100,20000,1,257101,20000,2.4105,NaN,NaN,0,"Dual_Feasibility_Explore_AOP_DASCMOP7_N100_FE20000_run1_seed257101.mat"
"s04_dual_population_fast","Dual-Feasibility-Explore-AOP","DASCMOP7","DAS-CMOP",100,20000,2,257102,20000,2.5358,NaN,NaN,0,"Dual_Feasibility_Explore_AOP_DASCMOP7_N100_FE20000_run2_seed257102.mat"
"s04_dual_population_fast","Dual-Feasibility-Explore-AOP","DASCMOP7","DAS-CMOP",100,20000,3,257103,20000,2.1048,NaN,NaN,0,"Dual_Feasibility_Explore_AOP_DASCMOP7_N100_FE20000_run3_seed257103.mat"
"s04_dual_population_fast","Dual-Feasibility-Explore-AOP","DASCMOP8","DAS-CMOP",100,20000,1,257201,20000,2.4296,NaN,NaN,0,"Dual_Feasibility_Explore_AOP_DASCMOP8_N100_FE20000_run1_seed257201.mat"
"s04_dual_population_fast","Dual-Feasibility-Explore-AOP","DASCMOP8","DAS-CMOP",100,20000,2,257202,20000,2.0964,NaN,NaN,0,"Dual_Feasibility_Explore_AOP_DASCMOP8_N100_FE20000_run2_seed257202.mat"
"s04_dual_population_fast","Dual-Feasibility-Explore-AOP","DASCMOP8","DAS-CMOP",100,20000,3,257203,20000,1.9739,NaN,NaN,0,"Dual_Feasibility_Explore_AOP_DASCMOP8_N100_FE20000_run3_seed257203.mat"
"s04_dual_population_fast","Dual-Feasibility-Explore-AOP","DASCMOP9","DAS-CMOP",100,20000,1,257301,20000,2.4868,0.3743563789902191,0.1302039619243135,1,"Dual_Feasibility_Explore_AOP_DASCMOP9_N100_FE20000_run1_seed257301.mat"
"s04_dual_population_fast","Dual-Feasibility-Explore-AOP","DASCMOP9","DAS-CMOP",100,20000,2,257302,20000,2.3169,0.08547691014500561,0.1894416027982966,1,"Dual_Feasibility_Explore_AOP_DASCMOP9_N100_FE20000_run2_seed257302.mat"
"s04_dual_population_fast","Dual-Feasibility-Explore-AOP","DASCMOP9","DAS-CMOP",100,20000,3,257303,20000,2.6588,0.05782730922303834,0.2019300690524005,1,"Dual_Feasibility_Explore_AOP_DASCMOP9_N100_FE20000_run3_seed257303.mat"
"s04_dual_population_fast","Dual-Feasibility-Explore-AOP","LIRCMOP10","LIR-CMOP",100,20000,1,256001,20000,3.9766,0.4397927065600284,0.4484124713808416,1,"Dual_Feasibility_Explore_AOP_LIRCMOP10_N100_FE20000_run1_seed256001.mat"
"s04_dual_population_fast","Dual-Feasibility-Explore-AOP","LIRCMOP10","LIR-CMOP",100,20000,2,256002,20000,3.9671,0.3486952357690064,0.4993339651329773,1,"Dual_Feasibility_Explore_AOP_LIRCMOP10_N100_FE20000_run2_seed256002.mat"
"s04_dual_population_fast","Dual-Feasibility-Explore-AOP","LIRCMOP10","LIR-CMOP",100,20000,3,256003,20000,4.9786,0.4805584624107077,0.4186659860664946,1,"Dual_Feasibility_Explore_AOP_LIRCMOP10_N100_FE20000_run3_seed256003.mat"
"s04_dual_population_fast","Dual-Feasibility-Explore-AOP","LIRCMOP11","LIR-CMOP",100,20000,1,256101,20000,2.7783,0.1450662779235785,0.5991889456740401,1,"Dual_Feasibility_Explore_AOP_LIRCMOP11_N100_FE20000_run1_seed256101.mat"
"s04_dual_population_fast","Dual-Feasibility-Explore-AOP","LIRCMOP11","LIR-CMOP",100,20000,2,256102,20000,2.8043,0.2832801786104988,0.5159720133996559,1,"Dual_Feasibility_Explore_AOP_LIRCMOP11_N100_FE20000_run2_seed256102.mat"
"s04_dual_population_fast","Dual-Feasibility-Explore-AOP","LIRCMOP11","LIR-CMOP",100,20000,3,256103,20000,3.3618,0.1454808084283221,0.5951259740652798,1,"Dual_Feasibility_Explore_AOP_LIRCMOP11_N100_FE20000_run3_seed256103.mat"
"s04_dual_population_fast","Dual-Feasibility-Explore-AOP","LIRCMOP12","LIR-CMOP",100,20000,1,256201,20000,2.6255,0.4105793706367479,0.3568073154885124,1,"Dual_Feasibility_Explore_AOP_LIRCMOP12_N100_FE20000_run1_seed256201.mat"
"s04_dual_population_fast","Dual-Feasibility-Explore-AOP","LIRCMOP12","LIR-CMOP",100,20000,2,256202,20000,2.8909,0.195921485925189,0.5018418570988379,1,"Dual_Feasibility_Explore_AOP_LIRCMOP12_N100_FE20000_run2_seed256202.mat"
"s04_dual_population_fast","Dual-Feasibility-Explore-AOP","LIRCMOP12","LIR-CMOP",100,20000,3,256203,20000,2.9594,0.2869725315781233,0.4703614142429697,1,"Dual_Feasibility_Explore_AOP_LIRCMOP12_N100_FE20000_run3_seed256203.mat"
"s04_dual_population_fast","Dual-Feasibility-Explore-AOP","LIRCMOP13","LIR-CMOP",100,20000,1,256301,20000,3.1203,0.1237314845845887,0.5051168518473181,1,"Dual_Feasibility_Explore_AOP_LIRCMOP13_N100_FE20000_run1_seed256301.mat"
"s04_dual_population_fast","Dual-Feasibility-Explore-AOP","LIRCMOP13","LIR-CMOP",100,20000,2,256302,20000,3.4888,0.1296422524750604,0.5044285793921786,1,"Dual_Feasibility_Explore_AOP_LIRCMOP13_N100_FE20000_run2_seed256302.mat"
"s04_dual_population_fast","Dual-Feasibility-Explore-AOP","LIRCMOP13","LIR-CMOP",100,20000,3,256303,20000,3.4971,0.1245220120925368,0.5113030845593793,1,"Dual_Feasibility_Explore_AOP_LIRCMOP13_N100_FE20000_run3_seed256303.mat"
"s04_dual_population_fast","Dual-Feasibility-Explore-AOP","LIRCMOP14","LIR-CMOP",100,20000,1,256401,20000,3.0893,0.1595661322780684,0.4871337206141312,1,"Dual_Feasibility_Explore_AOP_LIRCMOP14_N100_FE20000_run1_seed256401.mat"
"s04_dual_population_fast","Dual-Feasibility-Explore-AOP","LIRCMOP14","LIR-CMOP",100,20000,2,256402,20000,3.4116,0.1034279693960462,0.5465733012725303,1,"Dual_Feasibility_Explore_AOP_LIRCMOP14_N100_FE20000_run2_seed256402.mat"
"s04_dual_population_fast","Dual-Feasibility-Explore-AOP","LIRCMOP14","LIR-CMOP",100,20000,3,256403,20000,3.2827,0.1056510674174736,0.5408742158931924,1,"Dual_Feasibility_Explore_AOP_LIRCMOP14_N100_FE20000_run3_seed256403.mat"
"s04_dual_population_fast","Dual-Feasibility-Explore-AOP","LIRCMOP1","LIR-CMOP",100,20000,1,255101,20000,2.122,0.2796135503168046,0.1194291778891175,1,"Dual_Feasibility_Explore_AOP_LIRCMOP1_N100_FE20000_run1_seed255101.mat"
"s04_dual_population_fast","Dual-Feasibility-Explore-AOP","LIRCMOP1","LIR-CMOP",100,20000,2,255102,20000,2.5895,0.3454953054198503,0.10109449891001,1,"Dual_Feasibility_Explore_AOP_LIRCMOP1_N100_FE20000_run2_seed255102.mat"
"s04_dual_population_fast","Dual-Feasibility-Explore-AOP","LIRCMOP1","LIR-CMOP",100,20000,3,255103,20000,2.3174,0.230713491783665,0.1339139106836165,1,"Dual_Feasibility_Explore_AOP_LIRCMOP1_N100_FE20000_run3_seed255103.mat"
"s04_dual_population_fast","Dual-Feasibility-Explore-AOP","LIRCMOP2","LIR-CMOP",100,20000,1,255201,20000,2.2327,0.2186285752607992,0.2408316423404028,1,"Dual_Feasibility_Explore_AOP_LIRCMOP2_N100_FE20000_run1_seed255201.mat"
"s04_dual_population_fast","Dual-Feasibility-Explore-AOP","LIRCMOP2","LIR-CMOP",100,20000,2,255202,20000,2.3832,0.2446875139384205,0.2290292482888308,1,"Dual_Feasibility_Explore_AOP_LIRCMOP2_N100_FE20000_run2_seed255202.mat"
"s04_dual_population_fast","Dual-Feasibility-Explore-AOP","LIRCMOP2","LIR-CMOP",100,20000,3,255203,20000,2.199,0.2757624957642571,0.2231305261463683,1,"Dual_Feasibility_Explore_AOP_LIRCMOP2_N100_FE20000_run3_seed255203.mat"
"s04_dual_population_fast","Dual-Feasibility-Explore-AOP","LIRCMOP3","LIR-CMOP",100,20000,1,255301,20000,2.289,0.2846661225207057,0.1030193272313181,1,"Dual_Feasibility_Explore_AOP_LIRCMOP3_N100_FE20000_run1_seed255301.mat"
"s04_dual_population_fast","Dual-Feasibility-Explore-AOP","LIRCMOP3","LIR-CMOP",100,20000,2,255302,20000,2.2844,0.360357124870178,0.1006060744005255,1,"Dual_Feasibility_Explore_AOP_LIRCMOP3_N100_FE20000_run2_seed255302.mat"
"s04_dual_population_fast","Dual-Feasibility-Explore-AOP","LIRCMOP3","LIR-CMOP",100,20000,3,255303,20000,2.1944,0.1842851512783783,0.1391449717600433,1,"Dual_Feasibility_Explore_AOP_LIRCMOP3_N100_FE20000_run3_seed255303.mat"
"s04_dual_population_fast","Dual-Feasibility-Explore-AOP","LIRCMOP4","LIR-CMOP",100,20000,1,255401,20000,2.2522,0.2662683228244839,0.1932041074124577,1,"Dual_Feasibility_Explore_AOP_LIRCMOP4_N100_FE20000_run1_seed255401.mat"
"s04_dual_population_fast","Dual-Feasibility-Explore-AOP","LIRCMOP4","LIR-CMOP",100,20000,2,255402,20000,2.4434,0.3128022754072514,0.1911560068844348,1,"Dual_Feasibility_Explore_AOP_LIRCMOP4_N100_FE20000_run2_seed255402.mat"
"s04_dual_population_fast","Dual-Feasibility-Explore-AOP","LIRCMOP4","LIR-CMOP",100,20000,3,255403,20000,2.1195,0.2570207106503178,0.2077221775230609,1,"Dual_Feasibility_Explore_AOP_LIRCMOP4_N100_FE20000_run3_seed255403.mat"
"s04_dual_population_fast","Dual-Feasibility-Explore-AOP","LIRCMOP5","LIR-CMOP",100,20000,1,255501,20000,2.5222,1.221438518897971,0,1,"Dual_Feasibility_Explore_AOP_LIRCMOP5_N100_FE20000_run1_seed255501.mat"
"s04_dual_population_fast","Dual-Feasibility-Explore-AOP","LIRCMOP5","LIR-CMOP",100,20000,2,255502,20000,2.4367,1.227870563026312,0,1,"Dual_Feasibility_Explore_AOP_LIRCMOP5_N100_FE20000_run2_seed255502.mat"
"s04_dual_population_fast","Dual-Feasibility-Explore-AOP","LIRCMOP5","LIR-CMOP",100,20000,3,255503,20000,2.5161,1.21042432597759,0,1,"Dual_Feasibility_Explore_AOP_LIRCMOP5_N100_FE20000_run3_seed255503.mat"
"s04_dual_population_fast","Dual-Feasibility-Explore-AOP","LIRCMOP6","LIR-CMOP",100,20000,1,255601,20000,2.424,1.346653765127938,0,1,"Dual_Feasibility_Explore_AOP_LIRCMOP6_N100_FE20000_run1_seed255601.mat"
"s04_dual_population_fast","Dual-Feasibility-Explore-AOP","LIRCMOP6","LIR-CMOP",100,20000,2,255602,20000,2.3073,1.346784671204446,0,1,"Dual_Feasibility_Explore_AOP_LIRCMOP6_N100_FE20000_run2_seed255602.mat"
"s04_dual_population_fast","Dual-Feasibility-Explore-AOP","LIRCMOP6","LIR-CMOP",100,20000,3,255603,20000,2.9968,1.347160816017147,0,1,"Dual_Feasibility_Explore_AOP_LIRCMOP6_N100_FE20000_run3_seed255603.mat"
"s04_dual_population_fast","Dual-Feasibility-Explore-AOP","LIRCMOP7","LIR-CMOP",100,20000,1,255701,20000,2.3617,0.1246002791249914,0.2440504168155948,1,"Dual_Feasibility_Explore_AOP_LIRCMOP7_N100_FE20000_run1_seed255701.mat"
"s04_dual_population_fast","Dual-Feasibility-Explore-AOP","LIRCMOP7","LIR-CMOP",100,20000,2,255702,20000,2.552,0.1651220091574288,0.2325015136919599,1,"Dual_Feasibility_Explore_AOP_LIRCMOP7_N100_FE20000_run2_seed255702.mat"
"s04_dual_population_fast","Dual-Feasibility-Explore-AOP","LIRCMOP7","LIR-CMOP",100,20000,3,255703,20000,2.4122,0.1108530975083564,0.2499970508579678,1,"Dual_Feasibility_Explore_AOP_LIRCMOP7_N100_FE20000_run3_seed255703.mat"
"s04_dual_population_fast","Dual-Feasibility-Explore-AOP","LIRCMOP8","LIR-CMOP",100,20000,1,255801,20000,2.3882,0.1665098982580994,0.2310226950838718,1,"Dual_Feasibility_Explore_AOP_LIRCMOP8_N100_FE20000_run1_seed255801.mat"
"s04_dual_population_fast","Dual-Feasibility-Explore-AOP","LIRCMOP8","LIR-CMOP",100,20000,2,255802,20000,2.5791,0.2154545918988771,0.2216069521526759,1,"Dual_Feasibility_Explore_AOP_LIRCMOP8_N100_FE20000_run2_seed255802.mat"
"s04_dual_population_fast","Dual-Feasibility-Explore-AOP","LIRCMOP8","LIR-CMOP",100,20000,3,255803,20000,2.3614,0.185057200409685,0.2277081507282217,1,"Dual_Feasibility_Explore_AOP_LIRCMOP8_N100_FE20000_run3_seed255803.mat"
"s04_dual_population_fast","Dual-Feasibility-Explore-AOP","LIRCMOP9","LIR-CMOP",100,20000,1,255901,20000,3.4839,0.5091562881590312,0.3502347325856958,1,"Dual_Feasibility_Explore_AOP_LIRCMOP9_N100_FE20000_run1_seed255901.mat"
"s04_dual_population_fast","Dual-Feasibility-Explore-AOP","LIRCMOP9","LIR-CMOP",100,20000,2,255902,20000,2.9413,0.425928242574884,0.3765244958498915,1,"Dual_Feasibility_Explore_AOP_LIRCMOP9_N100_FE20000_run2_seed255902.mat"
"s04_dual_population_fast","Dual-Feasibility-Explore-AOP","LIRCMOP9","LIR-CMOP",100,20000,3,255903,20000,3.186,0.505517238893386,0.3558773646735469,1,"Dual_Feasibility_Explore_AOP_LIRCMOP9_N100_FE20000_run3_seed255903.mat"
"s04_dual_population_fast","Dual-Mixed-Credit-AOP","CF10","CF",100,20000,1,275001,20000,1.826,0.3201019835457105,0.1372898339522629,1,"Dual_Mixed_Credit_AOP_CF10_N100_FE20000_run1_seed275001.mat"
"s04_dual_population_fast","Dual-Mixed-Credit-AOP","CF10","CF",100,20000,2,275002,20000,2.4109,0.5218754391670176,0.08892987122857689,1,"Dual_Mixed_Credit_AOP_CF10_N100_FE20000_run2_seed275002.mat"
"s04_dual_population_fast","Dual-Mixed-Credit-AOP","CF10","CF",100,20000,3,275003,20000,2.9888,0.2935306063856439,0.1586308813102715,1,"Dual_Mixed_Credit_AOP_CF10_N100_FE20000_run3_seed275003.mat"
"s04_dual_population_fast","Dual-Mixed-Credit-AOP","CF1","CF",100,20000,1,274101,20000,3.0532,0.009950975602089815,0.5541562649380172,1,"Dual_Mixed_Credit_AOP_CF1_N100_FE20000_run1_seed274101.mat"
"s04_dual_population_fast","Dual-Mixed-Credit-AOP","CF1","CF",100,20000,2,274102,20000,3.1715,0.0157128370777285,0.5476831453575659,1,"Dual_Mixed_Credit_AOP_CF1_N100_FE20000_run2_seed274102.mat"
"s04_dual_population_fast","Dual-Mixed-Credit-AOP","CF1","CF",100,20000,3,274103,20000,2.7842,0.01661105100840988,0.5483402288830996,1,"Dual_Mixed_Credit_AOP_CF1_N100_FE20000_run3_seed274103.mat"
"s04_dual_population_fast","Dual-Mixed-Credit-AOP","CF2","CF",100,20000,1,274201,20000,1.6551,0.02441841262414025,0.6508870786230425,1,"Dual_Mixed_Credit_AOP_CF2_N100_FE20000_run1_seed274201.mat"
"s04_dual_population_fast","Dual-Mixed-Credit-AOP","CF2","CF",100,20000,2,274202,20000,3.1217,0.05021078042336866,0.613408196800702,1,"Dual_Mixed_Credit_AOP_CF2_N100_FE20000_run2_seed274202.mat"
"s04_dual_population_fast","Dual-Mixed-Credit-AOP","CF2","CF",100,20000,3,274203,20000,3.0631,0.01916900442023445,0.6486808139037367,1,"Dual_Mixed_Credit_AOP_CF2_N100_FE20000_run3_seed274203.mat"
"s04_dual_population_fast","Dual-Mixed-Credit-AOP","CF3","CF",100,20000,1,274301,20000,1.9004,0.3754330387182767,0.1049385986865269,1,"Dual_Mixed_Credit_AOP_CF3_N100_FE20000_run1_seed274301.mat"
"s04_dual_population_fast","Dual-Mixed-Credit-AOP","CF3","CF",100,20000,2,274302,20000,2.7231,0.3364130646933204,0.1051703999113213,1,"Dual_Mixed_Credit_AOP_CF3_N100_FE20000_run2_seed274302.mat"
"s04_dual_population_fast","Dual-Mixed-Credit-AOP","CF3","CF",100,20000,3,274303,20000,2.6389,0.2320273906891304,0.1568134753698009,1,"Dual_Mixed_Credit_AOP_CF3_N100_FE20000_run3_seed274303.mat"
"s04_dual_population_fast","Dual-Mixed-Credit-AOP","CF4","CF",100,20000,1,274401,20000,2.6497,0.07549724077948426,0.4352272647442595,1,"Dual_Mixed_Credit_AOP_CF4_N100_FE20000_run1_seed274401.mat"
"s04_dual_population_fast","Dual-Mixed-Credit-AOP","CF4","CF",100,20000,2,274402,20000,2.4659,0.09326017519314174,0.4008012374446571,1,"Dual_Mixed_Credit_AOP_CF4_N100_FE20000_run2_seed274402.mat"
"s04_dual_population_fast","Dual-Mixed-Credit-AOP","CF4","CF",100,20000,3,274403,20000,1.6926,0.05019641669650231,0.4699052494868449,1,"Dual_Mixed_Credit_AOP_CF4_N100_FE20000_run3_seed274403.mat"
"s04_dual_population_fast","Dual-Mixed-Credit-AOP","CF5","CF",100,20000,1,274501,20000,2.4304,0.1815918109279817,0.3468806227072759,1,"Dual_Mixed_Credit_AOP_CF5_N100_FE20000_run1_seed274501.mat"
"s04_dual_population_fast","Dual-Mixed-Credit-AOP","CF5","CF",100,20000,2,274502,20000,2.5105,0.1953611752330514,0.285461861076147,1,"Dual_Mixed_Credit_AOP_CF5_N100_FE20000_run2_seed274502.mat"
"s04_dual_population_fast","Dual-Mixed-Credit-AOP","CF5","CF",100,20000,3,274503,20000,2.0275,0.4816451150747994,0.1376624169692175,1,"Dual_Mixed_Credit_AOP_CF5_N100_FE20000_run3_seed274503.mat"
"s04_dual_population_fast","Dual-Mixed-Credit-AOP","CF6","CF",100,20000,1,274601,20000,3.2709,0.1119503267850397,0.6142714877256183,1,"Dual_Mixed_Credit_AOP_CF6_N100_FE20000_run1_seed274601.mat"
"s04_dual_population_fast","Dual-Mixed-Credit-AOP","CF6","CF",100,20000,2,274602,20000,3.1465,0.06682506777364743,0.6198369299555218,1,"Dual_Mixed_Credit_AOP_CF6_N100_FE20000_run2_seed274602.mat"
"s04_dual_population_fast","Dual-Mixed-Credit-AOP","CF6","CF",100,20000,3,274603,20000,3.4029,0.06056860072324641,0.6513508326216613,1,"Dual_Mixed_Credit_AOP_CF6_N100_FE20000_run3_seed274603.mat"
"s04_dual_population_fast","Dual-Mixed-Credit-AOP","CF7","CF",100,20000,1,274701,20000,1.8442,0.363579539108533,0.1941367949774432,1,"Dual_Mixed_Credit_AOP_CF7_N100_FE20000_run1_seed274701.mat"
"s04_dual_population_fast","Dual-Mixed-Credit-AOP","CF7","CF",100,20000,2,274702,20000,1.4481,0.1739078430073869,0.492098007329686,1,"Dual_Mixed_Credit_AOP_CF7_N100_FE20000_run2_seed274702.mat"
"s04_dual_population_fast","Dual-Mixed-Credit-AOP","CF7","CF",100,20000,3,274703,20000,2.4683,0.2658225651861685,0.4477755772339344,1,"Dual_Mixed_Credit_AOP_CF7_N100_FE20000_run3_seed274703.mat"
"s04_dual_population_fast","Dual-Mixed-Credit-AOP","CF8","CF",100,20000,1,274801,20000,2.5087,0.2125757380892785,0.2850653254214207,1,"Dual_Mixed_Credit_AOP_CF8_N100_FE20000_run1_seed274801.mat"
"s04_dual_population_fast","Dual-Mixed-Credit-AOP","CF8","CF",100,20000,2,274802,20000,1.8075,0.2368527862772401,0.2753023243170904,1,"Dual_Mixed_Credit_AOP_CF8_N100_FE20000_run2_seed274802.mat"
"s04_dual_population_fast","Dual-Mixed-Credit-AOP","CF8","CF",100,20000,3,274803,20000,2.528,0.2664741810227895,0.2223664220014516,1,"Dual_Mixed_Credit_AOP_CF8_N100_FE20000_run3_seed274803.mat"
"s04_dual_population_fast","Dual-Mixed-Credit-AOP","CF9","CF",100,20000,1,274901,20000,3.0183,0.1021235148224708,0.4115196475238102,1,"Dual_Mixed_Credit_AOP_CF9_N100_FE20000_run1_seed274901.mat"
"s04_dual_population_fast","Dual-Mixed-Credit-AOP","CF9","CF",100,20000,2,274902,20000,3.2042,0.1381623837348538,0.377985157391111,1,"Dual_Mixed_Credit_AOP_CF9_N100_FE20000_run2_seed274902.mat"
"s04_dual_population_fast","Dual-Mixed-Credit-AOP","CF9","CF",100,20000,3,274903,20000,2.2294,0.104530664830152,0.403982126241641,1,"Dual_Mixed_Credit_AOP_CF9_N100_FE20000_run3_seed274903.mat"
"s04_dual_population_fast","Dual-Mixed-Credit-AOP","DASCMOP1","DAS-CMOP",100,20000,1,276501,20000,1.8829,0.6946567591998261,0.0124213242144462,1,"Dual_Mixed_Credit_AOP_DASCMOP1_N100_FE20000_run1_seed276501.mat"
"s04_dual_population_fast","Dual-Mixed-Credit-AOP","DASCMOP1","DAS-CMOP",100,20000,2,276502,20000,1.5004,0.3003803866680639,0.1012575729835347,1,"Dual_Mixed_Credit_AOP_DASCMOP1_N100_FE20000_run2_seed276502.mat"
"s04_dual_population_fast","Dual-Mixed-Credit-AOP","DASCMOP1","DAS-CMOP",100,20000,3,276503,20000,1.4775,0.7659576261344392,0.0002237317622582917,1,"Dual_Mixed_Credit_AOP_DASCMOP1_N100_FE20000_run3_seed276503.mat"
"s04_dual_population_fast","Dual-Mixed-Credit-AOP","DASCMOP2","DAS-CMOP",100,20000,1,276601,20000,1.2002,0.1861477166650593,0.2676606063831101,1,"Dual_Mixed_Credit_AOP_DASCMOP2_N100_FE20000_run1_seed276601.mat"
"s04_dual_population_fast","Dual-Mixed-Credit-AOP","DASCMOP2","DAS-CMOP",100,20000,2,276602,20000,2.3603,0.1612529184464689,0.2771839178704492,1,"Dual_Mixed_Credit_AOP_DASCMOP2_N100_FE20000_run2_seed276602.mat"
"s04_dual_population_fast","Dual-Mixed-Credit-AOP","DASCMOP2","DAS-CMOP",100,20000,3,276603,20000,2.0098,0.04745035408514393,0.3301251116576017,1,"Dual_Mixed_Credit_AOP_DASCMOP2_N100_FE20000_run3_seed276603.mat"
"s04_dual_population_fast","Dual-Mixed-Credit-AOP","DASCMOP3","DAS-CMOP",100,20000,1,276701,20000,1.3418,0.1667558050161989,0.2559669937667814,1,"Dual_Mixed_Credit_AOP_DASCMOP3_N100_FE20000_run1_seed276701.mat"
"s04_dual_population_fast","Dual-Mixed-Credit-AOP","DASCMOP3","DAS-CMOP",100,20000,2,276702,20000,2.3256,0.2520391030670914,0.24724800277925,1,"Dual_Mixed_Credit_AOP_DASCMOP3_N100_FE20000_run2_seed276702.mat"
"s04_dual_population_fast","Dual-Mixed-Credit-AOP","DASCMOP3","DAS-CMOP",100,20000,3,276703,20000,1.9382,0.262959974827522,0.251186593420365,1,"Dual_Mixed_Credit_AOP_DASCMOP3_N100_FE20000_run3_seed276703.mat"
"s04_dual_population_fast","Dual-Mixed-Credit-AOP","DASCMOP4","DAS-CMOP",100,20000,1,276801,20000,1.4289,NaN,NaN,0,"Dual_Mixed_Credit_AOP_DASCMOP4_N100_FE20000_run1_seed276801.mat"
"s04_dual_population_fast","Dual-Mixed-Credit-AOP","DASCMOP4","DAS-CMOP",100,20000,2,276802,20000,1.3413,NaN,NaN,0,"Dual_Mixed_Credit_AOP_DASCMOP4_N100_FE20000_run2_seed276802.mat"
"s04_dual_population_fast","Dual-Mixed-Credit-AOP","DASCMOP4","DAS-CMOP",100,20000,3,276803,20000,1.0931,NaN,NaN,0,"Dual_Mixed_Credit_AOP_DASCMOP4_N100_FE20000_run3_seed276803.mat"
"s04_dual_population_fast","Dual-Mixed-Credit-AOP","DASCMOP5","DAS-CMOP",100,20000,1,276901,20000,2.1695,NaN,NaN,0,"Dual_Mixed_Credit_AOP_DASCMOP5_N100_FE20000_run1_seed276901.mat"
"s04_dual_population_fast","Dual-Mixed-Credit-AOP","DASCMOP5","DAS-CMOP",100,20000,2,276902,20000,2.1609,NaN,NaN,0,"Dual_Mixed_Credit_AOP_DASCMOP5_N100_FE20000_run2_seed276902.mat"
"s04_dual_population_fast","Dual-Mixed-Credit-AOP","DASCMOP5","DAS-CMOP",100,20000,3,276903,20000,1.1867,NaN,NaN,0,"Dual_Mixed_Credit_AOP_DASCMOP5_N100_FE20000_run3_seed276903.mat"
"s04_dual_population_fast","Dual-Mixed-Credit-AOP","DASCMOP6","DAS-CMOP",100,20000,1,277001,20000,2.1973,NaN,NaN,0,"Dual_Mixed_Credit_AOP_DASCMOP6_N100_FE20000_run1_seed277001.mat"
"s04_dual_population_fast","Dual-Mixed-Credit-AOP","DASCMOP6","DAS-CMOP",100,20000,2,277002,20000,1.5404,NaN,NaN,0,"Dual_Mixed_Credit_AOP_DASCMOP6_N100_FE20000_run2_seed277002.mat"
"s04_dual_population_fast","Dual-Mixed-Credit-AOP","DASCMOP6","DAS-CMOP",100,20000,3,277003,20000,1.2447,NaN,NaN,0,"Dual_Mixed_Credit_AOP_DASCMOP6_N100_FE20000_run3_seed277003.mat"
"s04_dual_population_fast","Dual-Mixed-Credit-AOP","DASCMOP7","DAS-CMOP",100,20000,1,277101,20000,1.3876,NaN,NaN,0,"Dual_Mixed_Credit_AOP_DASCMOP7_N100_FE20000_run1_seed277101.mat"
"s04_dual_population_fast","Dual-Mixed-Credit-AOP","DASCMOP7","DAS-CMOP",100,20000,2,277102,20000,1.0869,NaN,NaN,0,"Dual_Mixed_Credit_AOP_DASCMOP7_N100_FE20000_run2_seed277102.mat"
"s04_dual_population_fast","Dual-Mixed-Credit-AOP","DASCMOP7","DAS-CMOP",100,20000,3,277103,20000,2.3935,NaN,NaN,0,"Dual_Mixed_Credit_AOP_DASCMOP7_N100_FE20000_run3_seed277103.mat"
"s04_dual_population_fast","Dual-Mixed-Credit-AOP","DASCMOP8","DAS-CMOP",100,20000,1,277201,20000,1.8813,NaN,NaN,0,"Dual_Mixed_Credit_AOP_DASCMOP8_N100_FE20000_run1_seed277201.mat"
"s04_dual_population_fast","Dual-Mixed-Credit-AOP","DASCMOP8","DAS-CMOP",100,20000,2,277202,20000,1.1875,NaN,NaN,0,"Dual_Mixed_Credit_AOP_DASCMOP8_N100_FE20000_run2_seed277202.mat"
"s04_dual_population_fast","Dual-Mixed-Credit-AOP","DASCMOP8","DAS-CMOP",100,20000,3,277203,20000,1.8959,NaN,NaN,0,"Dual_Mixed_Credit_AOP_DASCMOP8_N100_FE20000_run3_seed277203.mat"
"s04_dual_population_fast","Dual-Mixed-Credit-AOP","DASCMOP9","DAS-CMOP",100,20000,1,277301,20000,1.7341,0.2503380538241187,0.1403728297820533,1,"Dual_Mixed_Credit_AOP_DASCMOP9_N100_FE20000_run1_seed277301.mat"
"s04_dual_population_fast","Dual-Mixed-Credit-AOP","DASCMOP9","DAS-CMOP",100,20000,2,277302,20000,1.4782,0.3609283384600046,0.1341474741025769,1,"Dual_Mixed_Credit_AOP_DASCMOP9_N100_FE20000_run2_seed277302.mat"
"s04_dual_population_fast","Dual-Mixed-Credit-AOP","DASCMOP9","DAS-CMOP",100,20000,3,277303,20000,1.3468,0.2978116390925956,0.1371165971229676,1,"Dual_Mixed_Credit_AOP_DASCMOP9_N100_FE20000_run3_seed277303.mat"
"s04_dual_population_fast","Dual-Mixed-Credit-AOP","LIRCMOP10","LIR-CMOP",100,20000,1,276001,20000,3.8657,0.4411130896693898,0.448499515719041,1,"Dual_Mixed_Credit_AOP_LIRCMOP10_N100_FE20000_run1_seed276001.mat"
"s04_dual_population_fast","Dual-Mixed-Credit-AOP","LIRCMOP10","LIR-CMOP",100,20000,2,276002,20000,2.666,0.441249768465183,0.4545000288676733,1,"Dual_Mixed_Credit_AOP_LIRCMOP10_N100_FE20000_run2_seed276002.mat"
"s04_dual_population_fast","Dual-Mixed-Credit-AOP","LIRCMOP10","LIR-CMOP",100,20000,3,276003,20000,3.0327,0.5428415940281385,0.4269011888092066,1,"Dual_Mixed_Credit_AOP_LIRCMOP10_N100_FE20000_run3_seed276003.mat"
"s04_dual_population_fast","Dual-Mixed-Credit-AOP","LIRCMOP11","LIR-CMOP",100,20000,1,276101,20000,2.8122,0.1492894668640749,0.5908679714295569,1,"Dual_Mixed_Credit_AOP_LIRCMOP11_N100_FE20000_run1_seed276101.mat"
"s04_dual_population_fast","Dual-Mixed-Credit-AOP","LIRCMOP11","LIR-CMOP",100,20000,2,276102,20000,2.7751,0.3266322858967614,0.4695504669638441,1,"Dual_Mixed_Credit_AOP_LIRCMOP11_N100_FE20000_run2_seed276102.mat"
"s04_dual_population_fast","Dual-Mixed-Credit-AOP","LIRCMOP11","LIR-CMOP",100,20000,3,276103,20000,2.0099,0.151447702771505,0.590660302927325,1,"Dual_Mixed_Credit_AOP_LIRCMOP11_N100_FE20000_run3_seed276103.mat"
"s04_dual_population_fast","Dual-Mixed-Credit-AOP","LIRCMOP12","LIR-CMOP",100,20000,1,276201,20000,2.9125,0.311680039820332,0.4370570098214932,1,"Dual_Mixed_Credit_AOP_LIRCMOP12_N100_FE20000_run1_seed276201.mat"
"s04_dual_population_fast","Dual-Mixed-Credit-AOP","LIRCMOP12","LIR-CMOP",100,20000,2,276202,20000,2.6573,0.2901526717616377,0.4673167953959559,1,"Dual_Mixed_Credit_AOP_LIRCMOP12_N100_FE20000_run2_seed276202.mat"
"s04_dual_population_fast","Dual-Mixed-Credit-AOP","LIRCMOP12","LIR-CMOP",100,20000,3,276203,20000,2.0852,0.4207359265373367,0.3541020734431349,1,"Dual_Mixed_Credit_AOP_LIRCMOP12_N100_FE20000_run3_seed276203.mat"
"s04_dual_population_fast","Dual-Mixed-Credit-AOP","LIRCMOP13","LIR-CMOP",100,20000,1,276301,20000,2.1371,0.1156819175577733,0.5142737030789395,1,"Dual_Mixed_Credit_AOP_LIRCMOP13_N100_FE20000_run1_seed276301.mat"
"s04_dual_population_fast","Dual-Mixed-Credit-AOP","LIRCMOP13","LIR-CMOP",100,20000,2,276302,20000,1.9551,0.1173361589834118,0.510971166648267,1,"Dual_Mixed_Credit_AOP_LIRCMOP13_N100_FE20000_run2_seed276302.mat"
"s04_dual_population_fast","Dual-Mixed-Credit-AOP","LIRCMOP13","LIR-CMOP",100,20000,3,276303,20000,3.5976,0.1155318266116496,0.5162877072311729,1,"Dual_Mixed_Credit_AOP_LIRCMOP13_N100_FE20000_run3_seed276303.mat"
"s04_dual_population_fast","Dual-Mixed-Credit-AOP","LIRCMOP14","LIR-CMOP",100,20000,1,276401,20000,3.4511,0.1013472543633077,0.5483918942668287,1,"Dual_Mixed_Credit_AOP_LIRCMOP14_N100_FE20000_run1_seed276401.mat"
"s04_dual_population_fast","Dual-Mixed-Credit-AOP","LIRCMOP14","LIR-CMOP",100,20000,2,276402,20000,2.3945,0.0998396548926514,0.5479857600239384,1,"Dual_Mixed_Credit_AOP_LIRCMOP14_N100_FE20000_run2_seed276402.mat"
"s04_dual_population_fast","Dual-Mixed-Credit-AOP","LIRCMOP14","LIR-CMOP",100,20000,3,276403,20000,3.5869,0.09937620021964917,0.5518691255751298,1,"Dual_Mixed_Credit_AOP_LIRCMOP14_N100_FE20000_run3_seed276403.mat"
"s04_dual_population_fast","Dual-Mixed-Credit-AOP","LIRCMOP1","LIR-CMOP",100,20000,1,275101,20000,1.5112,0.2791541185945675,0.1153557879309467,1,"Dual_Mixed_Credit_AOP_LIRCMOP1_N100_FE20000_run1_seed275101.mat"
"s04_dual_population_fast","Dual-Mixed-Credit-AOP","LIRCMOP1","LIR-CMOP",100,20000,2,275102,20000,2.2926,0.3019865207314073,0.114043705456751,1,"Dual_Mixed_Credit_AOP_LIRCMOP1_N100_FE20000_run2_seed275102.mat"
"s04_dual_population_fast","Dual-Mixed-Credit-AOP","LIRCMOP1","LIR-CMOP",100,20000,3,275103,20000,2.2398,0.230373393957715,0.1380805939125198,1,"Dual_Mixed_Credit_AOP_LIRCMOP1_N100_FE20000_run3_seed275103.mat"
"s04_dual_population_fast","Dual-Mixed-Credit-AOP","LIRCMOP2","LIR-CMOP",100,20000,1,275201,20000,1.986,0.153049793646624,0.2854542130872014,1,"Dual_Mixed_Credit_AOP_LIRCMOP2_N100_FE20000_run1_seed275201.mat"
"s04_dual_population_fast","Dual-Mixed-Credit-AOP","LIRCMOP2","LIR-CMOP",100,20000,2,275202,20000,1.5174,0.2103488473865441,0.2470611446417969,1,"Dual_Mixed_Credit_AOP_LIRCMOP2_N100_FE20000_run2_seed275202.mat"
"s04_dual_population_fast","Dual-Mixed-Credit-AOP","LIRCMOP2","LIR-CMOP",100,20000,3,275203,20000,1.2391,0.2633165481818361,0.2252142135803469,1,"Dual_Mixed_Credit_AOP_LIRCMOP2_N100_FE20000_run3_seed275203.mat"
"s04_dual_population_fast","Dual-Mixed-Credit-AOP","LIRCMOP3","LIR-CMOP",100,20000,1,275301,20000,2.3993,0.2139177405404304,0.1279253456221051,1,"Dual_Mixed_Credit_AOP_LIRCMOP3_N100_FE20000_run1_seed275301.mat"
"s04_dual_population_fast","Dual-Mixed-Credit-AOP","LIRCMOP3","LIR-CMOP",100,20000,2,275302,20000,2.4342,0.2239482196447702,0.1242047145329017,1,"Dual_Mixed_Credit_AOP_LIRCMOP3_N100_FE20000_run2_seed275302.mat"
"s04_dual_population_fast","Dual-Mixed-Credit-AOP","LIRCMOP3","LIR-CMOP",100,20000,3,275303,20000,1.6878,0.2789996291064236,0.1051431558083244,1,"Dual_Mixed_Credit_AOP_LIRCMOP3_N100_FE20000_run3_seed275303.mat"
"s04_dual_population_fast","Dual-Mixed-Credit-AOP","LIRCMOP4","LIR-CMOP",100,20000,1,275401,20000,2.425,0.1822244887785741,0.2262039073761677,1,"Dual_Mixed_Credit_AOP_LIRCMOP4_N100_FE20000_run1_seed275401.mat"
"s04_dual_population_fast","Dual-Mixed-Credit-AOP","LIRCMOP4","LIR-CMOP",100,20000,2,275402,20000,2.2678,0.3176468613552921,0.1794447791318247,1,"Dual_Mixed_Credit_AOP_LIRCMOP4_N100_FE20000_run2_seed275402.mat"
"s04_dual_population_fast","Dual-Mixed-Credit-AOP","LIRCMOP4","LIR-CMOP",100,20000,3,275403,20000,2.1741,0.2257896696076824,0.2141178790045954,1,"Dual_Mixed_Credit_AOP_LIRCMOP4_N100_FE20000_run3_seed275403.mat"
"s04_dual_population_fast","Dual-Mixed-Credit-AOP","LIRCMOP5","LIR-CMOP",100,20000,1,275501,20000,1.6988,1.230040344322811,0,1,"Dual_Mixed_Credit_AOP_LIRCMOP5_N100_FE20000_run1_seed275501.mat"
"s04_dual_population_fast","Dual-Mixed-Credit-AOP","LIRCMOP5","LIR-CMOP",100,20000,2,275502,20000,1.3794,0.3295458656244309,0.1417284938552835,1,"Dual_Mixed_Credit_AOP_LIRCMOP5_N100_FE20000_run2_seed275502.mat"
"s04_dual_population_fast","Dual-Mixed-Credit-AOP","LIRCMOP5","LIR-CMOP",100,20000,3,275503,20000,2.4263,1.186985182943327,0,1,"Dual_Mixed_Credit_AOP_LIRCMOP5_N100_FE20000_run3_seed275503.mat"
"s04_dual_population_fast","Dual-Mixed-Credit-AOP","LIRCMOP6","LIR-CMOP",100,20000,1,275601,20000,2.6104,0.6468925544257254,0.05237162905248822,1,"Dual_Mixed_Credit_AOP_LIRCMOP6_N100_FE20000_run1_seed275601.mat"
"s04_dual_population_fast","Dual-Mixed-Credit-AOP","LIRCMOP6","LIR-CMOP",100,20000,2,275602,20000,1.6495,1.347711558879336,0,1,"Dual_Mixed_Credit_AOP_LIRCMOP6_N100_FE20000_run2_seed275602.mat"
"s04_dual_population_fast","Dual-Mixed-Credit-AOP","LIRCMOP6","LIR-CMOP",100,20000,3,275603,20000,2.4058,1.347587529948438,0,1,"Dual_Mixed_Credit_AOP_LIRCMOP6_N100_FE20000_run3_seed275603.mat"
"s04_dual_population_fast","Dual-Mixed-Credit-AOP","LIRCMOP7","LIR-CMOP",100,20000,1,275701,20000,2.436,0.1689215398886131,0.2335424632871591,1,"Dual_Mixed_Credit_AOP_LIRCMOP7_N100_FE20000_run1_seed275701.mat"
"s04_dual_population_fast","Dual-Mixed-Credit-AOP","LIRCMOP7","LIR-CMOP",100,20000,2,275702,20000,1.9994,0.1232585454083353,0.2444695848471995,1,"Dual_Mixed_Credit_AOP_LIRCMOP7_N100_FE20000_run2_seed275702.mat"
"s04_dual_population_fast","Dual-Mixed-Credit-AOP","LIRCMOP7","LIR-CMOP",100,20000,3,275703,20000,1.5605,0.1195276140122351,0.2462416261631896,1,"Dual_Mixed_Credit_AOP_LIRCMOP7_N100_FE20000_run3_seed275703.mat"
"s04_dual_population_fast","Dual-Mixed-Credit-AOP","LIRCMOP8","LIR-CMOP",100,20000,1,275801,20000,1.3172,0.1651228106477531,0.2344394217407506,1,"Dual_Mixed_Credit_AOP_LIRCMOP8_N100_FE20000_run1_seed275801.mat"
"s04_dual_population_fast","Dual-Mixed-Credit-AOP","LIRCMOP8","LIR-CMOP",100,20000,2,275802,20000,2.2922,0.1988864438637407,0.2265314516845158,1,"Dual_Mixed_Credit_AOP_LIRCMOP8_N100_FE20000_run2_seed275802.mat"
"s04_dual_population_fast","Dual-Mixed-Credit-AOP","LIRCMOP8","LIR-CMOP",100,20000,3,275803,20000,2.4531,0.1907416616626392,0.2288860110098874,1,"Dual_Mixed_Credit_AOP_LIRCMOP8_N100_FE20000_run3_seed275803.mat"
"s04_dual_population_fast","Dual-Mixed-Credit-AOP","LIRCMOP9","LIR-CMOP",100,20000,1,275901,20000,2.1186,0.5110769744553566,0.3554161031531993,1,"Dual_Mixed_Credit_AOP_LIRCMOP9_N100_FE20000_run1_seed275901.mat"
"s04_dual_population_fast","Dual-Mixed-Credit-AOP","LIRCMOP9","LIR-CMOP",100,20000,2,275902,20000,3.2737,0.5050595048249601,0.3563002813663609,1,"Dual_Mixed_Credit_AOP_LIRCMOP9_N100_FE20000_run2_seed275902.mat"
"s04_dual_population_fast","Dual-Mixed-Credit-AOP","LIRCMOP9","LIR-CMOP",100,20000,3,275903,20000,3.3733,0.5133331631716719,0.3488269241186682,1,"Dual_Mixed_Credit_AOP_LIRCMOP9_N100_FE20000_run3_seed275903.mat"
"s04_dual_population_fast","Dual-Static-Split-AOP","CF10","CF",100,20000,1,245001,20000,2.4438,0.4777746613047416,0.1057194105562895,1,"Dual_Static_Split_AOP_CF10_N100_FE20000_run1_seed245001.mat"
"s04_dual_population_fast","Dual-Static-Split-AOP","CF10","CF",100,20000,2,245002,20000,2.6987,0.6657453500284133,0.04702103547008257,1,"Dual_Static_Split_AOP_CF10_N100_FE20000_run2_seed245002.mat"
"s04_dual_population_fast","Dual-Static-Split-AOP","CF10","CF",100,20000,3,245003,20000,2.3668,0.7142234365999811,0.07126547100978912,1,"Dual_Static_Split_AOP_CF10_N100_FE20000_run3_seed245003.mat"
"s04_dual_population_fast","Dual-Static-Split-AOP","CF1","CF",100,20000,1,244101,20000,2.8921,0.008002272027077562,0.5567160877848325,1,"Dual_Static_Split_AOP_CF1_N100_FE20000_run1_seed244101.mat"
"s04_dual_population_fast","Dual-Static-Split-AOP","CF1","CF",100,20000,2,244102,20000,2.8683,0.01207813097418641,0.5516915850266997,1,"Dual_Static_Split_AOP_CF1_N100_FE20000_run2_seed244102.mat"
"s04_dual_population_fast","Dual-Static-Split-AOP","CF1","CF",100,20000,3,244103,20000,3.1219,0.009433622035165021,0.5547878853177807,1,"Dual_Static_Split_AOP_CF1_N100_FE20000_run3_seed244103.mat"
"s04_dual_population_fast","Dual-Static-Split-AOP","CF2","CF",100,20000,1,244201,20000,2.8448,0.02073579056434373,0.6348132516675297,1,"Dual_Static_Split_AOP_CF2_N100_FE20000_run1_seed244201.mat"
"s04_dual_population_fast","Dual-Static-Split-AOP","CF2","CF",100,20000,2,244202,20000,2.989,0.01996412806834127,0.6400645804554127,1,"Dual_Static_Split_AOP_CF2_N100_FE20000_run2_seed244202.mat"
"s04_dual_population_fast","Dual-Static-Split-AOP","CF2","CF",100,20000,3,244203,20000,2.6656,0.02519804443206188,0.6421110777818025,1,"Dual_Static_Split_AOP_CF2_N100_FE20000_run3_seed244203.mat"
"s04_dual_population_fast","Dual-Static-Split-AOP","CF3","CF",100,20000,1,244301,20000,2.523,0.335358133468465,0.04782243746027442,1,"Dual_Static_Split_AOP_CF3_N100_FE20000_run1_seed244301.mat"
"s04_dual_population_fast","Dual-Static-Split-AOP","CF3","CF",100,20000,2,244302,20000,2.4986,0.3938415351226071,0.1109710822090034,1,"Dual_Static_Split_AOP_CF3_N100_FE20000_run2_seed244302.mat"
"s04_dual_population_fast","Dual-Static-Split-AOP","CF3","CF",100,20000,3,244303,20000,2.5315,0.2525022445207771,0.1030436759175456,1,"Dual_Static_Split_AOP_CF3_N100_FE20000_run3_seed244303.mat"
"s04_dual_population_fast","Dual-Static-Split-AOP","CF4","CF",100,20000,1,244401,20000,2.7629,0.06594656938245194,0.447029344151376,1,"Dual_Static_Split_AOP_CF4_N100_FE20000_run1_seed244401.mat"
"s04_dual_population_fast","Dual-Static-Split-AOP","CF4","CF",100,20000,2,244402,20000,2.6765,0.06896604081617522,0.4433738162495637,1,"Dual_Static_Split_AOP_CF4_N100_FE20000_run2_seed244402.mat"
"s04_dual_population_fast","Dual-Static-Split-AOP","CF4","CF",100,20000,3,244403,20000,3.0936,0.04789401206442979,0.4740275520265209,1,"Dual_Static_Split_AOP_CF4_N100_FE20000_run3_seed244403.mat"
"s04_dual_population_fast","Dual-Static-Split-AOP","CF5","CF",100,20000,1,244501,20000,2.7907,0.4345278440191672,0.116979153189247,1,"Dual_Static_Split_AOP_CF5_N100_FE20000_run1_seed244501.mat"
"s04_dual_population_fast","Dual-Static-Split-AOP","CF5","CF",100,20000,2,244502,20000,2.2297,0.212691519875329,0.3078636060348261,1,"Dual_Static_Split_AOP_CF5_N100_FE20000_run2_seed244502.mat"
"s04_dual_population_fast","Dual-Static-Split-AOP","CF5","CF",100,20000,3,244503,20000,2.3221,0.5297878066622366,0.1225850709782668,1,"Dual_Static_Split_AOP_CF5_N100_FE20000_run3_seed244503.mat"
"s04_dual_population_fast","Dual-Static-Split-AOP","CF6","CF",100,20000,1,244601,20000,3.1466,0.0570821239795632,0.634440200958586,1,"Dual_Static_Split_AOP_CF6_N100_FE20000_run1_seed244601.mat"
"s04_dual_population_fast","Dual-Static-Split-AOP","CF6","CF",100,20000,2,244602,20000,2.8495,0.06145816605856681,0.6329942694541282,1,"Dual_Static_Split_AOP_CF6_N100_FE20000_run2_seed244602.mat"
"s04_dual_population_fast","Dual-Static-Split-AOP","CF6","CF",100,20000,3,244603,20000,2.9901,0.06801564410499371,0.6273814249555449,1,"Dual_Static_Split_AOP_CF6_N100_FE20000_run3_seed244603.mat"
"s04_dual_population_fast","Dual-Static-Split-AOP","CF7","CF",100,20000,1,244701,20000,2.2817,0.1759280039359134,0.4813227498799271,1,"Dual_Static_Split_AOP_CF7_N100_FE20000_run1_seed244701.mat"
"s04_dual_population_fast","Dual-Static-Split-AOP","CF7","CF",100,20000,2,244702,20000,2.3215,0.1259959648935633,0.5253601315112555,1,"Dual_Static_Split_AOP_CF7_N100_FE20000_run2_seed244702.mat"
"s04_dual_population_fast","Dual-Static-Split-AOP","CF7","CF",100,20000,3,244703,20000,2.5346,0.203912630160173,0.47333073351122,1,"Dual_Static_Split_AOP_CF7_N100_FE20000_run3_seed244703.mat"
"s04_dual_population_fast","Dual-Static-Split-AOP","CF8","CF",100,20000,1,244801,20000,2.2241,0.2367506929651704,0.2788400500213405,1,"Dual_Static_Split_AOP_CF8_N100_FE20000_run1_seed244801.mat"
"s04_dual_population_fast","Dual-Static-Split-AOP","CF8","CF",100,20000,2,244802,20000,2.3477,0.1811445123250913,0.2945467053300738,1,"Dual_Static_Split_AOP_CF8_N100_FE20000_run2_seed244802.mat"
"s04_dual_population_fast","Dual-Static-Split-AOP","CF8","CF",100,20000,3,244803,20000,2.5101,0.2147986052230412,0.2666184609518327,1,"Dual_Static_Split_AOP_CF8_N100_FE20000_run3_seed244803.mat"
"s04_dual_population_fast","Dual-Static-Split-AOP","CF9","CF",100,20000,1,244901,20000,2.8002,0.119474994991691,0.3902743867227206,1,"Dual_Static_Split_AOP_CF9_N100_FE20000_run1_seed244901.mat"
"s04_dual_population_fast","Dual-Static-Split-AOP","CF9","CF",100,20000,2,244902,20000,2.8402,0.107409446052287,0.4179310670903826,1,"Dual_Static_Split_AOP_CF9_N100_FE20000_run2_seed244902.mat"
"s04_dual_population_fast","Dual-Static-Split-AOP","CF9","CF",100,20000,3,244903,20000,3.4641,0.1169358234829379,0.4102480674678988,1,"Dual_Static_Split_AOP_CF9_N100_FE20000_run3_seed244903.mat"
"s04_dual_population_fast","Dual-Static-Split-AOP","DASCMOP1","DAS-CMOP",100,20000,1,246501,20000,1.8574,0.7554863039523799,0.001791343213018574,1,"Dual_Static_Split_AOP_DASCMOP1_N100_FE20000_run1_seed246501.mat"
"s04_dual_population_fast","Dual-Static-Split-AOP","DASCMOP1","DAS-CMOP",100,20000,2,246502,20000,2.0241,0.6862916268191538,0.01360911516162123,1,"Dual_Static_Split_AOP_DASCMOP1_N100_FE20000_run2_seed246502.mat"
"s04_dual_population_fast","Dual-Static-Split-AOP","DASCMOP1","DAS-CMOP",100,20000,3,246503,20000,2.2978,0.01358154714936155,0.2023488239535922,1,"Dual_Static_Split_AOP_DASCMOP1_N100_FE20000_run3_seed246503.mat"
"s04_dual_population_fast","Dual-Static-Split-AOP","DASCMOP2","DAS-CMOP",100,20000,1,246601,20000,2.3443,0.06055044500463091,0.3213145042915178,1,"Dual_Static_Split_AOP_DASCMOP2_N100_FE20000_run1_seed246601.mat"
"s04_dual_population_fast","Dual-Static-Split-AOP","DASCMOP2","DAS-CMOP",100,20000,2,246602,20000,2.6079,0.01346856463847183,0.3448613458535292,1,"Dual_Static_Split_AOP_DASCMOP2_N100_FE20000_run2_seed246602.mat"
"s04_dual_population_fast","Dual-Static-Split-AOP","DASCMOP2","DAS-CMOP",100,20000,3,246603,20000,1.8606,0.2377059091455673,0.2595391206102722,1,"Dual_Static_Split_AOP_DASCMOP2_N100_FE20000_run3_seed246603.mat"
"s04_dual_population_fast","Dual-Static-Split-AOP","DASCMOP3","DAS-CMOP",100,20000,1,246701,20000,1.9716,0.2263612937053159,0.2377865661320304,1,"Dual_Static_Split_AOP_DASCMOP3_N100_FE20000_run1_seed246701.mat"
"s04_dual_population_fast","Dual-Static-Split-AOP","DASCMOP3","DAS-CMOP",100,20000,2,246702,20000,2.3067,0.255471913863842,0.2466050851322474,1,"Dual_Static_Split_AOP_DASCMOP3_N100_FE20000_run2_seed246702.mat"
"s04_dual_population_fast","Dual-Static-Split-AOP","DASCMOP3","DAS-CMOP",100,20000,3,246703,20000,2.1062,0.3431090691533755,0.2083054839438902,1,"Dual_Static_Split_AOP_DASCMOP3_N100_FE20000_run3_seed246703.mat"
"s04_dual_population_fast","Dual-Static-Split-AOP","DASCMOP4","DAS-CMOP",100,20000,1,246801,20000,1.8434,NaN,NaN,0,"Dual_Static_Split_AOP_DASCMOP4_N100_FE20000_run1_seed246801.mat"
"s04_dual_population_fast","Dual-Static-Split-AOP","DASCMOP4","DAS-CMOP",100,20000,2,246802,20000,1.8326,NaN,NaN,0,"Dual_Static_Split_AOP_DASCMOP4_N100_FE20000_run2_seed246802.mat"
"s04_dual_population_fast","Dual-Static-Split-AOP","DASCMOP4","DAS-CMOP",100,20000,3,246803,20000,2.1829,NaN,NaN,0,"Dual_Static_Split_AOP_DASCMOP4_N100_FE20000_run3_seed246803.mat"
"s04_dual_population_fast","Dual-Static-Split-AOP","DASCMOP5","DAS-CMOP",100,20000,1,246901,20000,2.2424,NaN,NaN,0,"Dual_Static_Split_AOP_DASCMOP5_N100_FE20000_run1_seed246901.mat"
"s04_dual_population_fast","Dual-Static-Split-AOP","DASCMOP5","DAS-CMOP",100,20000,2,246902,20000,2.1289,NaN,NaN,0,"Dual_Static_Split_AOP_DASCMOP5_N100_FE20000_run2_seed246902.mat"
"s04_dual_population_fast","Dual-Static-Split-AOP","DASCMOP5","DAS-CMOP",100,20000,3,246903,20000,1.9918,NaN,NaN,0,"Dual_Static_Split_AOP_DASCMOP5_N100_FE20000_run3_seed246903.mat"
"s04_dual_population_fast","Dual-Static-Split-AOP","DASCMOP6","DAS-CMOP",100,20000,1,247001,20000,2.1321,NaN,NaN,0,"Dual_Static_Split_AOP_DASCMOP6_N100_FE20000_run1_seed247001.mat"
"s04_dual_population_fast","Dual-Static-Split-AOP","DASCMOP6","DAS-CMOP",100,20000,2,247002,20000,2.1576,NaN,NaN,0,"Dual_Static_Split_AOP_DASCMOP6_N100_FE20000_run2_seed247002.mat"
"s04_dual_population_fast","Dual-Static-Split-AOP","DASCMOP6","DAS-CMOP",100,20000,3,247003,20000,2.0039,NaN,NaN,0,"Dual_Static_Split_AOP_DASCMOP6_N100_FE20000_run3_seed247003.mat"
"s04_dual_population_fast","Dual-Static-Split-AOP","DASCMOP7","DAS-CMOP",100,20000,1,247101,20000,2.0126,NaN,NaN,0,"Dual_Static_Split_AOP_DASCMOP7_N100_FE20000_run1_seed247101.mat"
"s04_dual_population_fast","Dual-Static-Split-AOP","DASCMOP7","DAS-CMOP",100,20000,2,247102,20000,2.3087,NaN,NaN,0,"Dual_Static_Split_AOP_DASCMOP7_N100_FE20000_run2_seed247102.mat"
"s04_dual_population_fast","Dual-Static-Split-AOP","DASCMOP7","DAS-CMOP",100,20000,3,247103,20000,2.3448,NaN,NaN,0,"Dual_Static_Split_AOP_DASCMOP7_N100_FE20000_run3_seed247103.mat"
"s04_dual_population_fast","Dual-Static-Split-AOP","DASCMOP8","DAS-CMOP",100,20000,1,247201,20000,2.0703,NaN,NaN,0,"Dual_Static_Split_AOP_DASCMOP8_N100_FE20000_run1_seed247201.mat"
"s04_dual_population_fast","Dual-Static-Split-AOP","DASCMOP8","DAS-CMOP",100,20000,2,247202,20000,1.9376,NaN,NaN,0,"Dual_Static_Split_AOP_DASCMOP8_N100_FE20000_run2_seed247202.mat"
"s04_dual_population_fast","Dual-Static-Split-AOP","DASCMOP8","DAS-CMOP",100,20000,3,247203,20000,1.9689,NaN,NaN,0,"Dual_Static_Split_AOP_DASCMOP8_N100_FE20000_run3_seed247203.mat"
"s04_dual_population_fast","Dual-Static-Split-AOP","DASCMOP9","DAS-CMOP",100,20000,1,247301,20000,2.029,0.366482182119733,0.1340069335341429,1,"Dual_Static_Split_AOP_DASCMOP9_N100_FE20000_run1_seed247301.mat"
"s04_dual_population_fast","Dual-Static-Split-AOP","DASCMOP9","DAS-CMOP",100,20000,2,247302,20000,2.2145,0.4029978289708602,0.1304523117657818,1,"Dual_Static_Split_AOP_DASCMOP9_N100_FE20000_run2_seed247302.mat"
"s04_dual_population_fast","Dual-Static-Split-AOP","DASCMOP9","DAS-CMOP",100,20000,3,247303,20000,2.1829,0.1116056003553013,0.1772201151913323,1,"Dual_Static_Split_AOP_DASCMOP9_N100_FE20000_run3_seed247303.mat"
"s04_dual_population_fast","Dual-Static-Split-AOP","LIRCMOP10","LIR-CMOP",100,20000,1,246001,20000,4.1574,0.4911246677376789,0.4129757905234296,1,"Dual_Static_Split_AOP_LIRCMOP10_N100_FE20000_run1_seed246001.mat"
"s04_dual_population_fast","Dual-Static-Split-AOP","LIRCMOP10","LIR-CMOP",100,20000,2,246002,20000,4.2962,0.4360591063665532,0.447169046681987,1,"Dual_Static_Split_AOP_LIRCMOP10_N100_FE20000_run2_seed246002.mat"
"s04_dual_population_fast","Dual-Static-Split-AOP","LIRCMOP10","LIR-CMOP",100,20000,3,246003,20000,3.9921,0.4396775202592479,0.463414570888363,1,"Dual_Static_Split_AOP_LIRCMOP10_N100_FE20000_run3_seed246003.mat"
"s04_dual_population_fast","Dual-Static-Split-AOP","LIRCMOP11","LIR-CMOP",100,20000,1,246101,20000,3.0915,0.3049010791683014,0.5625932519201446,1,"Dual_Static_Split_AOP_LIRCMOP11_N100_FE20000_run1_seed246101.mat"
"s04_dual_population_fast","Dual-Static-Split-AOP","LIRCMOP11","LIR-CMOP",100,20000,2,246102,20000,2.6037,0.1458100482212963,0.5984669819400742,1,"Dual_Static_Split_AOP_LIRCMOP11_N100_FE20000_run2_seed246102.mat"
"s04_dual_population_fast","Dual-Static-Split-AOP","LIRCMOP11","LIR-CMOP",100,20000,3,246103,20000,3.1159,0.1781767946453862,0.5774284738928467,1,"Dual_Static_Split_AOP_LIRCMOP11_N100_FE20000_run3_seed246103.mat"
"s04_dual_population_fast","Dual-Static-Split-AOP","LIRCMOP12","LIR-CMOP",100,20000,1,246201,20000,3.0894,0.4276557298490019,0.3556259448339443,1,"Dual_Static_Split_AOP_LIRCMOP12_N100_FE20000_run1_seed246201.mat"
"s04_dual_population_fast","Dual-Static-Split-AOP","LIRCMOP12","LIR-CMOP",100,20000,2,246202,20000,2.6744,0.3040053460093162,0.4463725157740546,1,"Dual_Static_Split_AOP_LIRCMOP12_N100_FE20000_run2_seed246202.mat"
"s04_dual_population_fast","Dual-Static-Split-AOP","LIRCMOP12","LIR-CMOP",100,20000,3,246203,20000,2.4096,0.2002939251361236,0.5014044082969378,1,"Dual_Static_Split_AOP_LIRCMOP12_N100_FE20000_run3_seed246203.mat"
"s04_dual_population_fast","Dual-Static-Split-AOP","LIRCMOP13","LIR-CMOP",100,20000,1,246301,20000,3.1865,0.1663740901250968,0.4747562012371449,1,"Dual_Static_Split_AOP_LIRCMOP13_N100_FE20000_run1_seed246301.mat"
"s04_dual_population_fast","Dual-Static-Split-AOP","LIRCMOP13","LIR-CMOP",100,20000,2,246302,20000,3.2288,0.1694483406530499,0.4604376559938037,1,"Dual_Static_Split_AOP_LIRCMOP13_N100_FE20000_run2_seed246302.mat"
"s04_dual_population_fast","Dual-Static-Split-AOP","LIRCMOP13","LIR-CMOP",100,20000,3,246303,20000,3.0891,0.1854816908401194,0.4430173522916844,1,"Dual_Static_Split_AOP_LIRCMOP13_N100_FE20000_run3_seed246303.mat"
"s04_dual_population_fast","Dual-Static-Split-AOP","LIRCMOP14","LIR-CMOP",100,20000,1,246401,20000,2.8453,0.1421389388250002,0.515559249339767,1,"Dual_Static_Split_AOP_LIRCMOP14_N100_FE20000_run1_seed246401.mat"
"s04_dual_population_fast","Dual-Static-Split-AOP","LIRCMOP14","LIR-CMOP",100,20000,2,246402,20000,3.2804,0.1352695780972614,0.5174313166269162,1,"Dual_Static_Split_AOP_LIRCMOP14_N100_FE20000_run2_seed246402.mat"
"s04_dual_population_fast","Dual-Static-Split-AOP","LIRCMOP14","LIR-CMOP",100,20000,3,246403,20000,3.4156,0.09925577112022392,0.5478908603153956,1,"Dual_Static_Split_AOP_LIRCMOP14_N100_FE20000_run3_seed246403.mat"
"s04_dual_population_fast","Dual-Static-Split-AOP","LIRCMOP1","LIR-CMOP",100,20000,1,245101,20000,2.0833,0.2147690079985394,0.1474545666061577,0.5,"Dual_Static_Split_AOP_LIRCMOP1_N100_FE20000_run1_seed245101.mat"
"s04_dual_population_fast","Dual-Static-Split-AOP","LIRCMOP1","LIR-CMOP",100,20000,2,245102,20000,2.0915,0.2588659697574314,0.1196821347807466,0.58,"Dual_Static_Split_AOP_LIRCMOP1_N100_FE20000_run2_seed245102.mat"
"s04_dual_population_fast","Dual-Static-Split-AOP","LIRCMOP1","LIR-CMOP",100,20000,3,245103,20000,2.0404,0.2646983623562408,0.1207475036202404,0.6,"Dual_Static_Split_AOP_LIRCMOP1_N100_FE20000_run3_seed245103.mat"
"s04_dual_population_fast","Dual-Static-Split-AOP","LIRCMOP2","LIR-CMOP",100,20000,1,245201,20000,2.2444,0.305572574910913,0.2343836028118938,0.87,"Dual_Static_Split_AOP_LIRCMOP2_N100_FE20000_run1_seed245201.mat"
"s04_dual_population_fast","Dual-Static-Split-AOP","LIRCMOP2","LIR-CMOP",100,20000,2,245202,20000,1.8293,0.1498799038961722,0.2856917428971679,0.5,"Dual_Static_Split_AOP_LIRCMOP2_N100_FE20000_run2_seed245202.mat"
"s04_dual_population_fast","Dual-Static-Split-AOP","LIRCMOP2","LIR-CMOP",100,20000,3,245203,20000,2.1469,0.177764581969493,0.2630594311656517,0.54,"Dual_Static_Split_AOP_LIRCMOP2_N100_FE20000_run3_seed245203.mat"
"s04_dual_population_fast","Dual-Static-Split-AOP","LIRCMOP3","LIR-CMOP",100,20000,1,245301,20000,2.305,0.1701142943518064,0.1427906749674205,0.61,"Dual_Static_Split_AOP_LIRCMOP3_N100_FE20000_run1_seed245301.mat"
"s04_dual_population_fast","Dual-Static-Split-AOP","LIRCMOP3","LIR-CMOP",100,20000,2,245302,20000,2.1726,0.282348887984131,0.1050672503835035,0.4,"Dual_Static_Split_AOP_LIRCMOP3_N100_FE20000_run2_seed245302.mat"
"s04_dual_population_fast","Dual-Static-Split-AOP","LIRCMOP3","LIR-CMOP",100,20000,3,245303,20000,2.0274,0.3311877402608502,0.09566755363953178,0.26,"Dual_Static_Split_AOP_LIRCMOP3_N100_FE20000_run3_seed245303.mat"
"s04_dual_population_fast","Dual-Static-Split-AOP","LIRCMOP4","LIR-CMOP",100,20000,1,245401,20000,2.262,0.2600474907600122,0.2043023775910667,1,"Dual_Static_Split_AOP_LIRCMOP4_N100_FE20000_run1_seed245401.mat"
"s04_dual_population_fast","Dual-Static-Split-AOP","LIRCMOP4","LIR-CMOP",100,20000,2,245402,20000,2.0538,0.2242501727465915,0.2027256253904055,0.24,"Dual_Static_Split_AOP_LIRCMOP4_N100_FE20000_run2_seed245402.mat"
"s04_dual_population_fast","Dual-Static-Split-AOP","LIRCMOP4","LIR-CMOP",100,20000,3,245403,20000,2.144,0.2632937853088829,0.2033860630199807,1,"Dual_Static_Split_AOP_LIRCMOP4_N100_FE20000_run3_seed245403.mat"
"s04_dual_population_fast","Dual-Static-Split-AOP","LIRCMOP5","LIR-CMOP",100,20000,1,245501,20000,2.4011,1.23842273932498,0,1,"Dual_Static_Split_AOP_LIRCMOP5_N100_FE20000_run1_seed245501.mat"
"s04_dual_population_fast","Dual-Static-Split-AOP","LIRCMOP5","LIR-CMOP",100,20000,2,245502,20000,2.3015,1.216473405528191,0,1,"Dual_Static_Split_AOP_LIRCMOP5_N100_FE20000_run2_seed245502.mat"
"s04_dual_population_fast","Dual-Static-Split-AOP","LIRCMOP5","LIR-CMOP",100,20000,3,245503,20000,2.5072,1.224663284795274,0,1,"Dual_Static_Split_AOP_LIRCMOP5_N100_FE20000_run3_seed245503.mat"
"s04_dual_population_fast","Dual-Static-Split-AOP","LIRCMOP6","LIR-CMOP",100,20000,1,245601,20000,2.1968,1.348233975773578,0,1,"Dual_Static_Split_AOP_LIRCMOP6_N100_FE20000_run1_seed245601.mat"
"s04_dual_population_fast","Dual-Static-Split-AOP","LIRCMOP6","LIR-CMOP",100,20000,2,245602,20000,2.223,0.4527490521822349,0.0839256784188053,1,"Dual_Static_Split_AOP_LIRCMOP6_N100_FE20000_run2_seed245602.mat"
"s04_dual_population_fast","Dual-Static-Split-AOP","LIRCMOP6","LIR-CMOP",100,20000,3,245603,20000,2.3244,1.347944744297004,0,1,"Dual_Static_Split_AOP_LIRCMOP6_N100_FE20000_run3_seed245603.mat"
"s04_dual_population_fast","Dual-Static-Split-AOP","LIRCMOP7","LIR-CMOP",100,20000,1,245701,20000,2.1814,0.1558371962613042,0.2381766478767047,1,"Dual_Static_Split_AOP_LIRCMOP7_N100_FE20000_run1_seed245701.mat"
"s04_dual_population_fast","Dual-Static-Split-AOP","LIRCMOP7","LIR-CMOP",100,20000,2,245702,20000,2.2496,0.02157192599466827,0.2857247824848264,1,"Dual_Static_Split_AOP_LIRCMOP7_N100_FE20000_run2_seed245702.mat"
"s04_dual_population_fast","Dual-Static-Split-AOP","LIRCMOP7","LIR-CMOP",100,20000,3,245703,20000,2.2731,0.1351719450824709,0.2443699041849882,1,"Dual_Static_Split_AOP_LIRCMOP7_N100_FE20000_run3_seed245703.mat"
"s04_dual_population_fast","Dual-Static-Split-AOP","LIRCMOP8","LIR-CMOP",100,20000,1,245801,20000,2.2419,0.2302940768858277,0.2199282533972369,1,"Dual_Static_Split_AOP_LIRCMOP8_N100_FE20000_run1_seed245801.mat"
"s04_dual_population_fast","Dual-Static-Split-AOP","LIRCMOP8","LIR-CMOP",100,20000,2,245802,20000,2.3915,0.02085698447056014,0.2873674674419144,1,"Dual_Static_Split_AOP_LIRCMOP8_N100_FE20000_run2_seed245802.mat"
"s04_dual_population_fast","Dual-Static-Split-AOP","LIRCMOP8","LIR-CMOP",100,20000,3,245803,20000,2.1441,0.1448197561173951,0.2414977278958027,1,"Dual_Static_Split_AOP_LIRCMOP8_N100_FE20000_run3_seed245803.mat"
"s04_dual_population_fast","Dual-Static-Split-AOP","LIRCMOP9","LIR-CMOP",100,20000,1,245901,20000,2.8112,0.5062549993314115,0.3554339485709372,1,"Dual_Static_Split_AOP_LIRCMOP9_N100_FE20000_run1_seed245901.mat"
"s04_dual_population_fast","Dual-Static-Split-AOP","LIRCMOP9","LIR-CMOP",100,20000,2,245902,20000,3.0948,0.5116664589493237,0.3524495743770809,1,"Dual_Static_Split_AOP_LIRCMOP9_N100_FE20000_run2_seed245902.mat"
"s04_dual_population_fast","Dual-Static-Split-AOP","LIRCMOP9","LIR-CMOP",100,20000,3,245903,20000,2.9293,0.5166057427459333,0.3368975216709149,1,"Dual_Static_Split_AOP_LIRCMOP9_N100_FE20000_run3_seed245903.mat"
"s04_dual_population_fast","Dual-Survival-Credit-AOP","CF10","CF",100,20000,1,265001,20000,3.0514,0.2767831089979765,0.1776657187703639,1,"Dual_Survival_Credit_AOP_CF10_N100_FE20000_run1_seed265001.mat"
"s04_dual_population_fast","Dual-Survival-Credit-AOP","CF10","CF",100,20000,2,265002,20000,3.7566,0.2942542023192071,0.2007506392096488,1,"Dual_Survival_Credit_AOP_CF10_N100_FE20000_run2_seed265002.mat"
"s04_dual_population_fast","Dual-Survival-Credit-AOP","CF10","CF",100,20000,3,265003,20000,2.4778,0.3894910401531688,0.09238916105228903,1,"Dual_Survival_Credit_AOP_CF10_N100_FE20000_run3_seed265003.mat"
"s04_dual_population_fast","Dual-Survival-Credit-AOP","CF1","CF",100,20000,1,264101,20000,3.1869,0.01091162134434671,0.5530485428491353,1,"Dual_Survival_Credit_AOP_CF1_N100_FE20000_run1_seed264101.mat"
"s04_dual_population_fast","Dual-Survival-Credit-AOP","CF1","CF",100,20000,2,264102,20000,3.0354,0.008897179775726903,0.5554508479244602,1,"Dual_Survival_Credit_AOP_CF1_N100_FE20000_run2_seed264102.mat"
"s04_dual_population_fast","Dual-Survival-Credit-AOP","CF1","CF",100,20000,3,264103,20000,2.9538,0.01224376226446496,0.5517656030473661,1,"Dual_Survival_Credit_AOP_CF1_N100_FE20000_run3_seed264103.mat"
"s04_dual_population_fast","Dual-Survival-Credit-AOP","CF2","CF",100,20000,1,264201,20000,2.7215,0.03672350562564891,0.63440054521955,1,"Dual_Survival_Credit_AOP_CF2_N100_FE20000_run1_seed264201.mat"
"s04_dual_population_fast","Dual-Survival-Credit-AOP","CF2","CF",100,20000,2,264202,20000,3.0831,0.02269869483444133,0.635167822085918,1,"Dual_Survival_Credit_AOP_CF2_N100_FE20000_run2_seed264202.mat"
"s04_dual_population_fast","Dual-Survival-Credit-AOP","CF2","CF",100,20000,3,264203,20000,2.8962,0.01895477710572884,0.6564970133105097,1,"Dual_Survival_Credit_AOP_CF2_N100_FE20000_run3_seed264203.mat"
"s04_dual_population_fast","Dual-Survival-Credit-AOP","CF3","CF",100,20000,1,264301,20000,2.1489,0.3708701177932516,0.05218510185970153,1,"Dual_Survival_Credit_AOP_CF3_N100_FE20000_run1_seed264301.mat"
"s04_dual_population_fast","Dual-Survival-Credit-AOP","CF3","CF",100,20000,2,264302,20000,2.8924,0.3703630597170028,0.0502632621201879,1,"Dual_Survival_Credit_AOP_CF3_N100_FE20000_run2_seed264302.mat"
"s04_dual_population_fast","Dual-Survival-Credit-AOP","CF3","CF",100,20000,3,264303,20000,2.4989,0.1209059607771313,0.2349480874234156,1,"Dual_Survival_Credit_AOP_CF3_N100_FE20000_run3_seed264303.mat"
"s04_dual_population_fast","Dual-Survival-Credit-AOP","CF4","CF",100,20000,1,264401,20000,2.5913,0.05365072252345501,0.4689528428279366,1,"Dual_Survival_Credit_AOP_CF4_N100_FE20000_run1_seed264401.mat"
"s04_dual_population_fast","Dual-Survival-Credit-AOP","CF4","CF",100,20000,2,264402,20000,3.1715,0.06252404014460232,0.4541060858096896,1,"Dual_Survival_Credit_AOP_CF4_N100_FE20000_run2_seed264402.mat"
"s04_dual_population_fast","Dual-Survival-Credit-AOP","CF4","CF",100,20000,3,264403,20000,2.8199,0.06294531977635406,0.4501750234134212,1,"Dual_Survival_Credit_AOP_CF4_N100_FE20000_run3_seed264403.mat"
"s04_dual_population_fast","Dual-Survival-Credit-AOP","CF5","CF",100,20000,1,264501,20000,2.7282,0.1373653773121096,0.3339127618222192,1,"Dual_Survival_Credit_AOP_CF5_N100_FE20000_run1_seed264501.mat"
"s04_dual_population_fast","Dual-Survival-Credit-AOP","CF5","CF",100,20000,2,264502,20000,2.9955,0.6374260361275934,0.1116617814535289,1,"Dual_Survival_Credit_AOP_CF5_N100_FE20000_run2_seed264502.mat"
"s04_dual_population_fast","Dual-Survival-Credit-AOP","CF5","CF",100,20000,3,264503,20000,2.1551,0.1649108565786136,0.3425834450840898,1,"Dual_Survival_Credit_AOP_CF5_N100_FE20000_run3_seed264503.mat"
"s04_dual_population_fast","Dual-Survival-Credit-AOP","CF6","CF",100,20000,1,264601,20000,3.8434,0.06929163494359983,0.6219491005284865,1,"Dual_Survival_Credit_AOP_CF6_N100_FE20000_run1_seed264601.mat"
"s04_dual_population_fast","Dual-Survival-Credit-AOP","CF6","CF",100,20000,2,264602,20000,3.2442,0.0507689446994239,0.6432728980588668,1,"Dual_Survival_Credit_AOP_CF6_N100_FE20000_run2_seed264602.mat"
"s04_dual_population_fast","Dual-Survival-Credit-AOP","CF6","CF",100,20000,3,264603,20000,3.3118,0.0689902380185828,0.6247643580264287,1,"Dual_Survival_Credit_AOP_CF6_N100_FE20000_run3_seed264603.mat"
"s04_dual_population_fast","Dual-Survival-Credit-AOP","CF7","CF",100,20000,1,264701,20000,2.6003,0.1889901752338402,0.4388637324137472,1,"Dual_Survival_Credit_AOP_CF7_N100_FE20000_run1_seed264701.mat"
"s04_dual_population_fast","Dual-Survival-Credit-AOP","CF7","CF",100,20000,2,264702,20000,2.6394,0.1203093563617391,0.5563434065713796,1,"Dual_Survival_Credit_AOP_CF7_N100_FE20000_run2_seed264702.mat"
"s04_dual_population_fast","Dual-Survival-Credit-AOP","CF7","CF",100,20000,3,264703,20000,2.8002,0.1972154446195171,0.4797212648724078,1,"Dual_Survival_Credit_AOP_CF7_N100_FE20000_run3_seed264703.mat"
"s04_dual_population_fast","Dual-Survival-Credit-AOP","CF8","CF",100,20000,1,264801,20000,2.6907,0.186681932599225,0.2912354146124463,1,"Dual_Survival_Credit_AOP_CF8_N100_FE20000_run1_seed264801.mat"
"s04_dual_population_fast","Dual-Survival-Credit-AOP","CF8","CF",100,20000,2,264802,20000,1.9977,0.201505719065767,0.2810807973082096,1,"Dual_Survival_Credit_AOP_CF8_N100_FE20000_run2_seed264802.mat"
"s04_dual_population_fast","Dual-Survival-Credit-AOP","CF8","CF",100,20000,3,264803,20000,2.5481,0.212101714409364,0.2904333270317963,1,"Dual_Survival_Credit_AOP_CF8_N100_FE20000_run3_seed264803.mat"
"s04_dual_population_fast","Dual-Survival-Credit-AOP","CF9","CF",100,20000,1,264901,20000,3.1335,0.1007468844030423,0.4164341909629154,1,"Dual_Survival_Credit_AOP_CF9_N100_FE20000_run1_seed264901.mat"
"s04_dual_population_fast","Dual-Survival-Credit-AOP","CF9","CF",100,20000,2,264902,20000,2.942,0.1233942685470377,0.3702498693385486,1,"Dual_Survival_Credit_AOP_CF9_N100_FE20000_run2_seed264902.mat"
"s04_dual_population_fast","Dual-Survival-Credit-AOP","CF9","CF",100,20000,3,264903,20000,3.2235,0.1093543282081667,0.4079314575101137,1,"Dual_Survival_Credit_AOP_CF9_N100_FE20000_run3_seed264903.mat"
"s04_dual_population_fast","Dual-Survival-Credit-AOP","DASCMOP1","DAS-CMOP",100,20000,1,266501,20000,2.3199,0.05105805375034587,0.1763565404276869,1,"Dual_Survival_Credit_AOP_DASCMOP1_N100_FE20000_run1_seed266501.mat"
"s04_dual_population_fast","Dual-Survival-Credit-AOP","DASCMOP1","DAS-CMOP",100,20000,2,266502,20000,2.3007,0.7563379591021001,0.002613554562679807,1,"Dual_Survival_Credit_AOP_DASCMOP1_N100_FE20000_run2_seed266502.mat"
"s04_dual_population_fast","Dual-Survival-Credit-AOP","DASCMOP1","DAS-CMOP",100,20000,3,266503,20000,2.2179,0.7220639704145427,0.00848682533562433,1,"Dual_Survival_Credit_AOP_DASCMOP1_N100_FE20000_run3_seed266503.mat"
"s04_dual_population_fast","Dual-Survival-Credit-AOP","DASCMOP2","DAS-CMOP",100,20000,1,266601,20000,2.3058,0.1168255356357552,0.2872004056558364,1,"Dual_Survival_Credit_AOP_DASCMOP2_N100_FE20000_run1_seed266601.mat"
"s04_dual_population_fast","Dual-Survival-Credit-AOP","DASCMOP2","DAS-CMOP",100,20000,2,266602,20000,2.1587,0.2708491050906543,0.2510122499993052,1,"Dual_Survival_Credit_AOP_DASCMOP2_N100_FE20000_run2_seed266602.mat"
"s04_dual_population_fast","Dual-Survival-Credit-AOP","DASCMOP2","DAS-CMOP",100,20000,3,266603,20000,2.312,0.2012117150723574,0.2630160372455418,1,"Dual_Survival_Credit_AOP_DASCMOP2_N100_FE20000_run3_seed266603.mat"
"s04_dual_population_fast","Dual-Survival-Credit-AOP","DASCMOP3","DAS-CMOP",100,20000,1,266701,20000,1.4327,0.06805410263061254,0.2775124048765382,1,"Dual_Survival_Credit_AOP_DASCMOP3_N100_FE20000_run1_seed266701.mat"
"s04_dual_population_fast","Dual-Survival-Credit-AOP","DASCMOP3","DAS-CMOP",100,20000,2,266702,20000,2.2779,0.3439560959751641,0.2085241116019105,1,"Dual_Survival_Credit_AOP_DASCMOP3_N100_FE20000_run2_seed266702.mat"
"s04_dual_population_fast","Dual-Survival-Credit-AOP","DASCMOP3","DAS-CMOP",100,20000,3,266703,20000,2.5393,0.3459385671491182,0.2080897241311386,1,"Dual_Survival_Credit_AOP_DASCMOP3_N100_FE20000_run3_seed266703.mat"
"s04_dual_population_fast","Dual-Survival-Credit-AOP","DASCMOP4","DAS-CMOP",100,20000,1,266801,20000,1.9262,NaN,NaN,0,"Dual_Survival_Credit_AOP_DASCMOP4_N100_FE20000_run1_seed266801.mat"
"s04_dual_population_fast","Dual-Survival-Credit-AOP","DASCMOP4","DAS-CMOP",100,20000,2,266802,20000,2.4188,NaN,NaN,0,"Dual_Survival_Credit_AOP_DASCMOP4_N100_FE20000_run2_seed266802.mat"
"s04_dual_population_fast","Dual-Survival-Credit-AOP","DASCMOP4","DAS-CMOP",100,20000,3,266803,20000,2.112,NaN,NaN,0,"Dual_Survival_Credit_AOP_DASCMOP4_N100_FE20000_run3_seed266803.mat"
"s04_dual_population_fast","Dual-Survival-Credit-AOP","DASCMOP5","DAS-CMOP",100,20000,1,266901,20000,2.021,NaN,NaN,0,"Dual_Survival_Credit_AOP_DASCMOP5_N100_FE20000_run1_seed266901.mat"
"s04_dual_population_fast","Dual-Survival-Credit-AOP","DASCMOP5","DAS-CMOP",100,20000,2,266902,20000,2.024,NaN,NaN,0,"Dual_Survival_Credit_AOP_DASCMOP5_N100_FE20000_run2_seed266902.mat"
"s04_dual_population_fast","Dual-Survival-Credit-AOP","DASCMOP5","DAS-CMOP",100,20000,3,266903,20000,1.4097,NaN,NaN,0,"Dual_Survival_Credit_AOP_DASCMOP5_N100_FE20000_run3_seed266903.mat"
"s04_dual_population_fast","Dual-Survival-Credit-AOP","DASCMOP6","DAS-CMOP",100,20000,1,267001,20000,2.2063,NaN,NaN,0,"Dual_Survival_Credit_AOP_DASCMOP6_N100_FE20000_run1_seed267001.mat"
"s04_dual_population_fast","Dual-Survival-Credit-AOP","DASCMOP6","DAS-CMOP",100,20000,2,267002,20000,2.1409,NaN,NaN,0,"Dual_Survival_Credit_AOP_DASCMOP6_N100_FE20000_run2_seed267002.mat"
"s04_dual_population_fast","Dual-Survival-Credit-AOP","DASCMOP6","DAS-CMOP",100,20000,3,267003,20000,1.8686,NaN,NaN,0,"Dual_Survival_Credit_AOP_DASCMOP6_N100_FE20000_run3_seed267003.mat"
"s04_dual_population_fast","Dual-Survival-Credit-AOP","DASCMOP7","DAS-CMOP",100,20000,1,267101,20000,2.2316,NaN,NaN,0,"Dual_Survival_Credit_AOP_DASCMOP7_N100_FE20000_run1_seed267101.mat"
"s04_dual_population_fast","Dual-Survival-Credit-AOP","DASCMOP7","DAS-CMOP",100,20000,2,267102,20000,2.0393,NaN,NaN,0,"Dual_Survival_Credit_AOP_DASCMOP7_N100_FE20000_run2_seed267102.mat"
"s04_dual_population_fast","Dual-Survival-Credit-AOP","DASCMOP7","DAS-CMOP",100,20000,3,267103,20000,2.1125,NaN,NaN,0,"Dual_Survival_Credit_AOP_DASCMOP7_N100_FE20000_run3_seed267103.mat"
"s04_dual_population_fast","Dual-Survival-Credit-AOP","DASCMOP8","DAS-CMOP",100,20000,1,267201,20000,1.965,NaN,NaN,0,"Dual_Survival_Credit_AOP_DASCMOP8_N100_FE20000_run1_seed267201.mat"
"s04_dual_population_fast","Dual-Survival-Credit-AOP","DASCMOP8","DAS-CMOP",100,20000,2,267202,20000,1.242,NaN,NaN,0,"Dual_Survival_Credit_AOP_DASCMOP8_N100_FE20000_run2_seed267202.mat"
"s04_dual_population_fast","Dual-Survival-Credit-AOP","DASCMOP8","DAS-CMOP",100,20000,3,267203,20000,2.6821,NaN,NaN,0,"Dual_Survival_Credit_AOP_DASCMOP8_N100_FE20000_run3_seed267203.mat"
"s04_dual_population_fast","Dual-Survival-Credit-AOP","DASCMOP9","DAS-CMOP",100,20000,1,267301,20000,2.3862,0.3901495437308435,0.1314932458215676,1,"Dual_Survival_Credit_AOP_DASCMOP9_N100_FE20000_run1_seed267301.mat"
"s04_dual_population_fast","Dual-Survival-Credit-AOP","DASCMOP9","DAS-CMOP",100,20000,2,267302,20000,1.959,0.3557285804765332,0.1333776412085608,1,"Dual_Survival_Credit_AOP_DASCMOP9_N100_FE20000_run2_seed267302.mat"
"s04_dual_population_fast","Dual-Survival-Credit-AOP","DASCMOP9","DAS-CMOP",100,20000,3,267303,20000,2.7325,0.3244226476179364,0.1365649994097963,1,"Dual_Survival_Credit_AOP_DASCMOP9_N100_FE20000_run3_seed267303.mat"
"s04_dual_population_fast","Dual-Survival-Credit-AOP","LIRCMOP10","LIR-CMOP",100,20000,1,266001,20000,4.5064,0.4857624174520384,0.4242475184861972,1,"Dual_Survival_Credit_AOP_LIRCMOP10_N100_FE20000_run1_seed266001.mat"
"s04_dual_population_fast","Dual-Survival-Credit-AOP","LIRCMOP10","LIR-CMOP",100,20000,2,266002,20000,3.1408,0.6689666540179912,0.2292739616682217,1,"Dual_Survival_Credit_AOP_LIRCMOP10_N100_FE20000_run2_seed266002.mat"
"s04_dual_population_fast","Dual-Survival-Credit-AOP","LIRCMOP10","LIR-CMOP",100,20000,3,266003,20000,4.1027,0.4454948315185079,0.4601457640706826,1,"Dual_Survival_Credit_AOP_LIRCMOP10_N100_FE20000_run3_seed266003.mat"
"s04_dual_population_fast","Dual-Survival-Credit-AOP","LIRCMOP11","LIR-CMOP",100,20000,1,266101,20000,2.948,0.308681210184631,0.5654898167639532,1,"Dual_Survival_Credit_AOP_LIRCMOP11_N100_FE20000_run1_seed266101.mat"
"s04_dual_population_fast","Dual-Survival-Credit-AOP","LIRCMOP11","LIR-CMOP",100,20000,2,266102,20000,2.5623,0.1775647942906643,0.573040220042162,1,"Dual_Survival_Credit_AOP_LIRCMOP11_N100_FE20000_run2_seed266102.mat"
"s04_dual_population_fast","Dual-Survival-Credit-AOP","LIRCMOP11","LIR-CMOP",100,20000,3,266103,20000,1.817,0.1570818521453208,0.5863411678595536,1,"Dual_Survival_Credit_AOP_LIRCMOP11_N100_FE20000_run3_seed266103.mat"
"s04_dual_population_fast","Dual-Survival-Credit-AOP","LIRCMOP12","LIR-CMOP",100,20000,1,266201,20000,2.8292,0.2901340563252128,0.471519720562123,1,"Dual_Survival_Credit_AOP_LIRCMOP12_N100_FE20000_run1_seed266201.mat"
"s04_dual_population_fast","Dual-Survival-Credit-AOP","LIRCMOP12","LIR-CMOP",100,20000,2,266202,20000,2.922,0.177651198243563,0.5205628604974299,1,"Dual_Survival_Credit_AOP_LIRCMOP12_N100_FE20000_run2_seed266202.mat"
"s04_dual_population_fast","Dual-Survival-Credit-AOP","LIRCMOP12","LIR-CMOP",100,20000,3,266203,20000,2.8123,0.3042964345535266,0.4625075511762287,1,"Dual_Survival_Credit_AOP_LIRCMOP12_N100_FE20000_run3_seed266203.mat"
"s04_dual_population_fast","Dual-Survival-Credit-AOP","LIRCMOP13","LIR-CMOP",100,20000,1,266301,20000,3.7169,0.1095981675311712,0.5240373939190384,1,"Dual_Survival_Credit_AOP_LIRCMOP13_N100_FE20000_run1_seed266301.mat"
"s04_dual_population_fast","Dual-Survival-Credit-AOP","LIRCMOP13","LIR-CMOP",100,20000,2,266302,20000,3.9106,0.1135770890350871,0.5171896750107023,1,"Dual_Survival_Credit_AOP_LIRCMOP13_N100_FE20000_run2_seed266302.mat"
"s04_dual_population_fast","Dual-Survival-Credit-AOP","LIRCMOP13","LIR-CMOP",100,20000,3,266303,20000,3.8486,0.1085402013154953,0.5225215621146434,1,"Dual_Survival_Credit_AOP_LIRCMOP13_N100_FE20000_run3_seed266303.mat"
"s04_dual_population_fast","Dual-Survival-Credit-AOP","LIRCMOP14","LIR-CMOP",100,20000,1,266401,20000,3.9747,0.09756230826198552,0.5526255482527733,1,"Dual_Survival_Credit_AOP_LIRCMOP14_N100_FE20000_run1_seed266401.mat"
"s04_dual_population_fast","Dual-Survival-Credit-AOP","LIRCMOP14","LIR-CMOP",100,20000,2,266402,20000,2.3071,0.09999044158624618,0.5487548361704278,1,"Dual_Survival_Credit_AOP_LIRCMOP14_N100_FE20000_run2_seed266402.mat"
"s04_dual_population_fast","Dual-Survival-Credit-AOP","LIRCMOP14","LIR-CMOP",100,20000,3,266403,20000,3.6382,0.0984669483322604,0.549026926644835,1,"Dual_Survival_Credit_AOP_LIRCMOP14_N100_FE20000_run3_seed266403.mat"
"s04_dual_population_fast","Dual-Survival-Credit-AOP","LIRCMOP1","LIR-CMOP",100,20000,1,265101,20000,1.5751,0.2494068328791136,0.1313745112978438,1,"Dual_Survival_Credit_AOP_LIRCMOP1_N100_FE20000_run1_seed265101.mat"
"s04_dual_population_fast","Dual-Survival-Credit-AOP","LIRCMOP1","LIR-CMOP",100,20000,2,265102,20000,2.271,0.2362594282824451,0.1274216239920234,1,"Dual_Survival_Credit_AOP_LIRCMOP1_N100_FE20000_run2_seed265102.mat"
"s04_dual_population_fast","Dual-Survival-Credit-AOP","LIRCMOP1","LIR-CMOP",100,20000,3,265103,20000,2.3191,0.2495705371401624,0.1239547127366998,1,"Dual_Survival_Credit_AOP_LIRCMOP1_N100_FE20000_run3_seed265103.mat"
"s04_dual_population_fast","Dual-Survival-Credit-AOP","LIRCMOP2","LIR-CMOP",100,20000,1,265201,20000,2.2889,0.2471159849373588,0.2252843496035592,1,"Dual_Survival_Credit_AOP_LIRCMOP2_N100_FE20000_run1_seed265201.mat"
"s04_dual_population_fast","Dual-Survival-Credit-AOP","LIRCMOP2","LIR-CMOP",100,20000,2,265202,20000,2.2777,0.2236498860331452,0.2370505678981933,1,"Dual_Survival_Credit_AOP_LIRCMOP2_N100_FE20000_run2_seed265202.mat"
"s04_dual_population_fast","Dual-Survival-Credit-AOP","LIRCMOP2","LIR-CMOP",100,20000,3,265203,20000,2.3376,0.2322391803755774,0.2326565825156544,1,"Dual_Survival_Credit_AOP_LIRCMOP2_N100_FE20000_run3_seed265203.mat"
"s04_dual_population_fast","Dual-Survival-Credit-AOP","LIRCMOP3","LIR-CMOP",100,20000,1,265301,20000,2.4151,0.2835353706152077,0.105110747155137,1,"Dual_Survival_Credit_AOP_LIRCMOP3_N100_FE20000_run1_seed265301.mat"
"s04_dual_population_fast","Dual-Survival-Credit-AOP","LIRCMOP3","LIR-CMOP",100,20000,2,265302,20000,2.1357,0.3339020189081441,0.09515100809671473,1,"Dual_Survival_Credit_AOP_LIRCMOP3_N100_FE20000_run2_seed265302.mat"
"s04_dual_population_fast","Dual-Survival-Credit-AOP","LIRCMOP3","LIR-CMOP",100,20000,3,265303,20000,1.4856,0.2832840978269852,0.1037796603690394,1,"Dual_Survival_Credit_AOP_LIRCMOP3_N100_FE20000_run3_seed265303.mat"
"s04_dual_population_fast","Dual-Survival-Credit-AOP","LIRCMOP4","LIR-CMOP",100,20000,1,265401,20000,2.1451,0.3112373813002311,0.1798508704439671,1,"Dual_Survival_Credit_AOP_LIRCMOP4_N100_FE20000_run1_seed265401.mat"
"s04_dual_population_fast","Dual-Survival-Credit-AOP","LIRCMOP4","LIR-CMOP",100,20000,2,265402,20000,2.337,0.280928103329774,0.1870429367895745,1,"Dual_Survival_Credit_AOP_LIRCMOP4_N100_FE20000_run2_seed265402.mat"
"s04_dual_population_fast","Dual-Survival-Credit-AOP","LIRCMOP4","LIR-CMOP",100,20000,3,265403,20000,2.1833,0.3093203357606981,0.1826172410410127,1,"Dual_Survival_Credit_AOP_LIRCMOP4_N100_FE20000_run3_seed265403.mat"
"s04_dual_population_fast","Dual-Survival-Credit-AOP","LIRCMOP5","LIR-CMOP",100,20000,1,265501,20000,2.5657,1.224312743649688,0,1,"Dual_Survival_Credit_AOP_LIRCMOP5_N100_FE20000_run1_seed265501.mat"
"s04_dual_population_fast","Dual-Survival-Credit-AOP","LIRCMOP5","LIR-CMOP",100,20000,2,265502,20000,2.4631,0.3347393826094329,0.138312561724044,1,"Dual_Survival_Credit_AOP_LIRCMOP5_N100_FE20000_run2_seed265502.mat"
"s04_dual_population_fast","Dual-Survival-Credit-AOP","LIRCMOP5","LIR-CMOP",100,20000,3,265503,20000,2.4074,0.3488031839408121,0.1284188599168521,1,"Dual_Survival_Credit_AOP_LIRCMOP5_N100_FE20000_run3_seed265503.mat"
"s04_dual_population_fast","Dual-Survival-Credit-AOP","LIRCMOP6","LIR-CMOP",100,20000,1,265601,20000,2.4413,0.7820396381825443,0.01794878714253504,1,"Dual_Survival_Credit_AOP_LIRCMOP6_N100_FE20000_run1_seed265601.mat"
"s04_dual_population_fast","Dual-Survival-Credit-AOP","LIRCMOP6","LIR-CMOP",100,20000,2,265602,20000,1.797,0.5035183987700943,0.07292774256786953,1,"Dual_Survival_Credit_AOP_LIRCMOP6_N100_FE20000_run2_seed265602.mat"
"s04_dual_population_fast","Dual-Survival-Credit-AOP","LIRCMOP6","LIR-CMOP",100,20000,3,265603,20000,2.666,1.347392525014125,0,1,"Dual_Survival_Credit_AOP_LIRCMOP6_N100_FE20000_run3_seed265603.mat"
"s04_dual_population_fast","Dual-Survival-Credit-AOP","LIRCMOP7","LIR-CMOP",100,20000,1,265701,20000,2.4718,0.1149348888552925,0.2480049904658881,1,"Dual_Survival_Credit_AOP_LIRCMOP7_N100_FE20000_run1_seed265701.mat"
"s04_dual_population_fast","Dual-Survival-Credit-AOP","LIRCMOP7","LIR-CMOP",100,20000,2,265702,20000,2.5458,0.1587400763936291,0.2351100980494768,1,"Dual_Survival_Credit_AOP_LIRCMOP7_N100_FE20000_run2_seed265702.mat"
"s04_dual_population_fast","Dual-Survival-Credit-AOP","LIRCMOP7","LIR-CMOP",100,20000,3,265703,20000,2.4594,0.1146300763567586,0.2481784734064754,1,"Dual_Survival_Credit_AOP_LIRCMOP7_N100_FE20000_run3_seed265703.mat"
"s04_dual_population_fast","Dual-Survival-Credit-AOP","LIRCMOP8","LIR-CMOP",100,20000,1,265801,20000,2.4499,0.130832831990584,0.2438260740857332,1,"Dual_Survival_Credit_AOP_LIRCMOP8_N100_FE20000_run1_seed265801.mat"
"s04_dual_population_fast","Dual-Survival-Credit-AOP","LIRCMOP8","LIR-CMOP",100,20000,2,265802,20000,2.2462,0.1228242995671566,0.2482559005011754,1,"Dual_Survival_Credit_AOP_LIRCMOP8_N100_FE20000_run2_seed265802.mat"
"s04_dual_population_fast","Dual-Survival-Credit-AOP","LIRCMOP8","LIR-CMOP",100,20000,3,265803,20000,2.4037,0.1230547030157608,0.2475523312840293,1,"Dual_Survival_Credit_AOP_LIRCMOP8_N100_FE20000_run3_seed265803.mat"
"s04_dual_population_fast","Dual-Survival-Credit-AOP","LIRCMOP9","LIR-CMOP",100,20000,1,265901,20000,1.985,0.5093367104541828,0.3550512700209418,1,"Dual_Survival_Credit_AOP_LIRCMOP9_N100_FE20000_run1_seed265901.mat"
"s04_dual_population_fast","Dual-Survival-Credit-AOP","LIRCMOP9","LIR-CMOP",100,20000,2,265902,20000,3.4428,0.5190244165162378,0.3320898321259688,1,"Dual_Survival_Credit_AOP_LIRCMOP9_N100_FE20000_run2_seed265902.mat"
"s04_dual_population_fast","Dual-Survival-Credit-AOP","LIRCMOP9","LIR-CMOP",100,20000,3,265903,20000,3.035,0.5073889507932058,0.3544282999165141,1,"Dual_Survival_Credit_AOP_LIRCMOP9_N100_FE20000_run3_seed265903.mat"
"s04_dual_population_fast","EMCMO","CF10","CF",100,20000,1,215001,20000,4.9613,0.2865506195125974,0.1918327981392491,1,"EMCMO_CF10_N100_FE20000_run1_seed215001.mat"
"s04_dual_population_fast","EMCMO","CF10","CF",100,20000,2,215002,20000,4.044,0.254881886845472,0.1532750817422212,1,"EMCMO_CF10_N100_FE20000_run2_seed215002.mat"
"s04_dual_population_fast","EMCMO","CF10","CF",100,20000,3,215003,20000,4.1343,0.3695221031390611,0.1269200845308557,1,"EMCMO_CF10_N100_FE20000_run3_seed215003.mat"
"s04_dual_population_fast","EMCMO","CF1","CF",100,20000,1,214101,20000,2.5705,0.02131974702312163,0.5395749843515056,1,"EMCMO_CF1_N100_FE20000_run1_seed214101.mat"
"s04_dual_population_fast","EMCMO","CF1","CF",100,20000,2,214102,20000,2.5484,0.02216261363319096,0.539140469638631,1,"EMCMO_CF1_N100_FE20000_run2_seed214102.mat"
"s04_dual_population_fast","EMCMO","CF1","CF",100,20000,3,214103,20000,2.5526,0.02380695219537056,0.5364256202252817,1,"EMCMO_CF1_N100_FE20000_run3_seed214103.mat"
"s04_dual_population_fast","EMCMO","CF2","CF",100,20000,1,214201,20000,5.4343,0.03391513771264064,0.6355365936100704,1,"EMCMO_CF2_N100_FE20000_run1_seed214201.mat"
"s04_dual_population_fast","EMCMO","CF2","CF",100,20000,2,214202,20000,4.7822,0.04612721379380761,0.6261946467568797,1,"EMCMO_CF2_N100_FE20000_run2_seed214202.mat"
"s04_dual_population_fast","EMCMO","CF2","CF",100,20000,3,214203,20000,4.5908,0.08378876974798075,0.5524688219908823,1,"EMCMO_CF2_N100_FE20000_run3_seed214203.mat"
"s04_dual_population_fast","EMCMO","CF3","CF",100,20000,1,214301,20000,3.0478,0.1052389413774186,0.20544472472089,1,"EMCMO_CF3_N100_FE20000_run1_seed214301.mat"
"s04_dual_population_fast","EMCMO","CF3","CF",100,20000,2,214302,20000,3.1513,0.3886071208304296,0.09693509793125017,1,"EMCMO_CF3_N100_FE20000_run2_seed214302.mat"
"s04_dual_population_fast","EMCMO","CF3","CF",100,20000,3,214303,20000,2.7669,0.4029078483684173,0.1445294823358649,1,"EMCMO_CF3_N100_FE20000_run3_seed214303.mat"
"s04_dual_population_fast","EMCMO","CF4","CF",100,20000,1,214401,20000,3.4913,0.08354181923134604,0.4280363021892508,1,"EMCMO_CF4_N100_FE20000_run1_seed214401.mat"
"s04_dual_population_fast","EMCMO","CF4","CF",100,20000,2,214402,20000,3.6737,0.100276107020601,0.4206622302137442,1,"EMCMO_CF4_N100_FE20000_run2_seed214402.mat"
"s04_dual_population_fast","EMCMO","CF4","CF",100,20000,3,214403,20000,4.6951,0.08609083710987726,0.4279239514470204,1,"EMCMO_CF4_N100_FE20000_run3_seed214403.mat"
"s04_dual_population_fast","EMCMO","CF5","CF",100,20000,1,214501,20000,3.7855,0.3482538199232689,0.2072748594451932,1,"EMCMO_CF5_N100_FE20000_run1_seed214501.mat"
"s04_dual_population_fast","EMCMO","CF5","CF",100,20000,2,214502,20000,2.7258,0.2865452449003542,0.3114695779717145,1,"EMCMO_CF5_N100_FE20000_run2_seed214502.mat"
"s04_dual_population_fast","EMCMO","CF5","CF",100,20000,3,214503,20000,3.5831,0.5059210140792633,0.1714119224842604,1,"EMCMO_CF5_N100_FE20000_run3_seed214503.mat"
"s04_dual_population_fast","EMCMO","CF6","CF",100,20000,1,214601,20000,4.8977,0.09257480534096432,0.6393997795796235,1,"EMCMO_CF6_N100_FE20000_run1_seed214601.mat"
"s04_dual_population_fast","EMCMO","CF6","CF",100,20000,2,214602,20000,5.0189,0.07580182654533053,0.6243772234904184,1,"EMCMO_CF6_N100_FE20000_run2_seed214602.mat"
"s04_dual_population_fast","EMCMO","CF6","CF",100,20000,3,214603,20000,4.9898,0.07181008115106946,0.6263209427244215,1,"EMCMO_CF6_N100_FE20000_run3_seed214603.mat"
"s04_dual_population_fast","EMCMO","CF7","CF",100,20000,1,214701,20000,2.5196,0.1681509441501594,0.5360282807102892,1,"EMCMO_CF7_N100_FE20000_run1_seed214701.mat"
"s04_dual_population_fast","EMCMO","CF7","CF",100,20000,2,214702,20000,3.0571,0.3979297241616864,0.4012231706743447,1,"EMCMO_CF7_N100_FE20000_run2_seed214702.mat"
"s04_dual_population_fast","EMCMO","CF7","CF",100,20000,3,214703,20000,3.0924,0.1917014988396504,0.530501387800949,1,"EMCMO_CF7_N100_FE20000_run3_seed214703.mat"
"s04_dual_population_fast","EMCMO","CF8","CF",100,20000,1,214801,20000,3.9613,0.2064496344436217,0.2591190149867518,1,"EMCMO_CF8_N100_FE20000_run1_seed214801.mat"
"s04_dual_population_fast","EMCMO","CF8","CF",100,20000,2,214802,20000,3.7375,0.3328106616296586,0.2284788789232872,1,"EMCMO_CF8_N100_FE20000_run2_seed214802.mat"
"s04_dual_population_fast","EMCMO","CF8","CF",100,20000,3,214803,20000,4.1178,0.3304400649144781,0.1942915333695748,1,"EMCMO_CF8_N100_FE20000_run3_seed214803.mat"
"s04_dual_population_fast","EMCMO","CF9","CF",100,20000,1,214901,20000,4.9194,0.1273200551433346,0.3512998967647126,1,"EMCMO_CF9_N100_FE20000_run1_seed214901.mat"
"s04_dual_population_fast","EMCMO","CF9","CF",100,20000,2,214902,20000,5.0513,0.1211855217489731,0.3662229904461544,1,"EMCMO_CF9_N100_FE20000_run2_seed214902.mat"
"s04_dual_population_fast","EMCMO","CF9","CF",100,20000,3,214903,20000,5.409,0.1425448323588941,0.3300193309171614,1,"EMCMO_CF9_N100_FE20000_run3_seed214903.mat"
"s04_dual_population_fast","EMCMO","DASCMOP1","DAS-CMOP",100,20000,1,216501,20000,2.3008,0.7166229925172092,0.009779524727849707,1,"EMCMO_DASCMOP1_N100_FE20000_run1_seed216501.mat"
"s04_dual_population_fast","EMCMO","DASCMOP1","DAS-CMOP",100,20000,2,216502,20000,2.3264,0.7419311144604653,0.004258646255595777,1,"EMCMO_DASCMOP1_N100_FE20000_run2_seed216502.mat"
"s04_dual_population_fast","EMCMO","DASCMOP1","DAS-CMOP",100,20000,3,216503,20000,2.1904,0.7945948674922427,0,1,"EMCMO_DASCMOP1_N100_FE20000_run3_seed216503.mat"
"s04_dual_population_fast","EMCMO","DASCMOP2","DAS-CMOP",100,20000,1,216601,20000,2.1144,0.2475217805427194,0.2463007058495592,1,"EMCMO_DASCMOP2_N100_FE20000_run1_seed216601.mat"
"s04_dual_population_fast","EMCMO","DASCMOP2","DAS-CMOP",100,20000,2,216602,20000,2.5689,0.2443609299949307,0.2549740104669275,1,"EMCMO_DASCMOP2_N100_FE20000_run2_seed216602.mat"
"s04_dual_population_fast","EMCMO","DASCMOP2","DAS-CMOP",100,20000,3,216603,20000,2.187,0.2578026005705163,0.2462759062388948,1,"EMCMO_DASCMOP2_N100_FE20000_run3_seed216603.mat"
"s04_dual_population_fast","EMCMO","DASCMOP3","DAS-CMOP",100,20000,1,216701,20000,2.1557,0.3440173440882078,0.2086525990461644,1,"EMCMO_DASCMOP3_N100_FE20000_run1_seed216701.mat"
"s04_dual_population_fast","EMCMO","DASCMOP3","DAS-CMOP",100,20000,2,216702,20000,2.1403,0.3459574127359837,0.2081130493691114,1,"EMCMO_DASCMOP3_N100_FE20000_run2_seed216702.mat"
"s04_dual_population_fast","EMCMO","DASCMOP3","DAS-CMOP",100,20000,3,216703,20000,2.2951,0.3444587167122177,0.2083768430041289,1,"EMCMO_DASCMOP3_N100_FE20000_run3_seed216703.mat"
"s04_dual_population_fast","EMCMO","DASCMOP4","DAS-CMOP",100,20000,1,216801,20000,2.1837,0.4628402212242867,0.04224751998910451,1,"EMCMO_DASCMOP4_N100_FE20000_run1_seed216801.mat"
"s04_dual_population_fast","EMCMO","DASCMOP4","DAS-CMOP",100,20000,2,216802,20000,2.335,0.6135793714244082,0.003678378130949933,1,"EMCMO_DASCMOP4_N100_FE20000_run2_seed216802.mat"
"s04_dual_population_fast","EMCMO","DASCMOP4","DAS-CMOP",100,20000,3,216803,20000,1.9117,0.3680273336344721,0.05879764442869119,1,"EMCMO_DASCMOP4_N100_FE20000_run3_seed216803.mat"
"s04_dual_population_fast","EMCMO","DASCMOP5","DAS-CMOP",100,20000,1,216901,20000,2.1735,0.4254086625555943,0.1001239055454258,1,"EMCMO_DASCMOP5_N100_FE20000_run1_seed216901.mat"
"s04_dual_population_fast","EMCMO","DASCMOP5","DAS-CMOP",100,20000,2,216902,20000,2.0647,0.5832763208282323,0.05212888888074384,1,"EMCMO_DASCMOP5_N100_FE20000_run2_seed216902.mat"
"s04_dual_population_fast","EMCMO","DASCMOP5","DAS-CMOP",100,20000,3,216903,20000,2.0165,0.3739783905303918,0.1225070016127122,1,"EMCMO_DASCMOP5_N100_FE20000_run3_seed216903.mat"
"s04_dual_population_fast","EMCMO","DASCMOP6","DAS-CMOP",100,20000,1,217001,20000,2.0359,0.4030578009813895,0.116608612445937,1,"EMCMO_DASCMOP6_N100_FE20000_run1_seed217001.mat"
"s04_dual_population_fast","EMCMO","DASCMOP6","DAS-CMOP",100,20000,2,217002,20000,1.9935,0.4320012870718687,0.07884723806283719,1,"EMCMO_DASCMOP6_N100_FE20000_run2_seed217002.mat"
"s04_dual_population_fast","EMCMO","DASCMOP6","DAS-CMOP",100,20000,3,217003,20000,2.1596,0.329742234542294,0.1987235275739695,1,"EMCMO_DASCMOP6_N100_FE20000_run3_seed217003.mat"
"s04_dual_population_fast","EMCMO","DASCMOP7","DAS-CMOP",100,20000,1,217101,20000,2.3519,0.1235611305677493,0.2550329312641674,1,"EMCMO_DASCMOP7_N100_FE20000_run1_seed217101.mat"
"s04_dual_population_fast","EMCMO","DASCMOP7","DAS-CMOP",100,20000,2,217102,20000,1.9722,0.2522748657947929,0.1641453849806818,1,"EMCMO_DASCMOP7_N100_FE20000_run2_seed217102.mat"
"s04_dual_population_fast","EMCMO","DASCMOP7","DAS-CMOP",100,20000,3,217103,20000,2.1778,0.6842383486392127,0.0419301134984419,1,"EMCMO_DASCMOP7_N100_FE20000_run3_seed217103.mat"
"s04_dual_population_fast","EMCMO","DASCMOP8","DAS-CMOP",100,20000,1,217201,20000,2.6505,0.3677312198981932,0.04672688086779948,1,"EMCMO_DASCMOP8_N100_FE20000_run1_seed217201.mat"
"s04_dual_population_fast","EMCMO","DASCMOP8","DAS-CMOP",100,20000,2,217202,20000,2.1724,0.7138377618129585,0.004992995937153809,1,"EMCMO_DASCMOP8_N100_FE20000_run2_seed217202.mat"
"s04_dual_population_fast","EMCMO","DASCMOP8","DAS-CMOP",100,20000,3,217203,20000,2.2707,0.3368628733538401,0.1324506492156561,1,"EMCMO_DASCMOP8_N100_FE20000_run3_seed217203.mat"
"s04_dual_population_fast","EMCMO","DASCMOP9","DAS-CMOP",100,20000,1,217301,20000,2.1316,0.4402717774878922,0.09860769361798233,1,"EMCMO_DASCMOP9_N100_FE20000_run1_seed217301.mat"
"s04_dual_population_fast","EMCMO","DASCMOP9","DAS-CMOP",100,20000,2,217302,20000,2.1422,0.4587964918306882,0.1094452206064732,1,"EMCMO_DASCMOP9_N100_FE20000_run2_seed217302.mat"
"s04_dual_population_fast","EMCMO","DASCMOP9","DAS-CMOP",100,20000,3,217303,20000,2.0346,0.5171065606374751,0.09662335446652726,1,"EMCMO_DASCMOP9_N100_FE20000_run3_seed217303.mat"
"s04_dual_population_fast","EMCMO","LIRCMOP10","LIR-CMOP",100,20000,1,216001,20000,2.4529,0.666898769434658,0.1879873641463536,1,"EMCMO_LIRCMOP10_N100_FE20000_run1_seed216001.mat"
"s04_dual_population_fast","EMCMO","LIRCMOP10","LIR-CMOP",100,20000,2,216002,20000,2.5207,0.7481279063309091,0.156369296697414,1,"EMCMO_LIRCMOP10_N100_FE20000_run2_seed216002.mat"
"s04_dual_population_fast","EMCMO","LIRCMOP10","LIR-CMOP",100,20000,3,216003,20000,3.0822,0.6660759212257767,0.2134816957372313,1,"EMCMO_LIRCMOP10_N100_FE20000_run3_seed216003.mat"
"s04_dual_population_fast","EMCMO","LIRCMOP11","LIR-CMOP",100,20000,1,216101,20000,2.3432,0.3750707082863577,0.4756907481779227,1,"EMCMO_LIRCMOP11_N100_FE20000_run1_seed216101.mat"
"s04_dual_population_fast","EMCMO","LIRCMOP11","LIR-CMOP",100,20000,2,216102,20000,2.2279,0.3083675256297834,0.5458772287629291,1,"EMCMO_LIRCMOP11_N100_FE20000_run2_seed216102.mat"
"s04_dual_population_fast","EMCMO","LIRCMOP11","LIR-CMOP",100,20000,3,216103,20000,2.2014,0.1657833674518659,0.573290127587706,1,"EMCMO_LIRCMOP11_N100_FE20000_run3_seed216103.mat"
"s04_dual_population_fast","EMCMO","LIRCMOP12","LIR-CMOP",100,20000,1,216201,20000,2.1651,0.6763532660261231,0.3803519736840518,1,"EMCMO_LIRCMOP12_N100_FE20000_run1_seed216201.mat"
"s04_dual_population_fast","EMCMO","LIRCMOP12","LIR-CMOP",100,20000,2,216202,20000,2.4793,0.3826464579764942,0.4159485165036019,1,"EMCMO_LIRCMOP12_N100_FE20000_run2_seed216202.mat"
"s04_dual_population_fast","EMCMO","LIRCMOP12","LIR-CMOP",100,20000,3,216203,20000,2.4718,0.2411126871416843,0.4917229832690494,1,"EMCMO_LIRCMOP12_N100_FE20000_run3_seed216203.mat"
"s04_dual_population_fast","EMCMO","LIRCMOP13","LIR-CMOP",100,20000,1,216301,20000,5.8096,0.09891305822848405,0.5357894929547478,1,"EMCMO_LIRCMOP13_N100_FE20000_run1_seed216301.mat"
"s04_dual_population_fast","EMCMO","LIRCMOP13","LIR-CMOP",100,20000,2,216302,20000,6.0009,0.1005873217050839,0.5333726151664994,1,"EMCMO_LIRCMOP13_N100_FE20000_run2_seed216302.mat"
"s04_dual_population_fast","EMCMO","LIRCMOP13","LIR-CMOP",100,20000,3,216303,20000,5.5154,0.1006581925394783,0.5352932928688339,1,"EMCMO_LIRCMOP13_N100_FE20000_run3_seed216303.mat"
"s04_dual_population_fast","EMCMO","LIRCMOP14","LIR-CMOP",100,20000,1,216401,20000,4.7527,0.09323152625528505,0.5565848387587683,1,"EMCMO_LIRCMOP14_N100_FE20000_run1_seed216401.mat"
"s04_dual_population_fast","EMCMO","LIRCMOP14","LIR-CMOP",100,20000,2,216402,20000,4.2668,0.09542398392815529,0.5570486871853467,1,"EMCMO_LIRCMOP14_N100_FE20000_run2_seed216402.mat"
"s04_dual_population_fast","EMCMO","LIRCMOP14","LIR-CMOP",100,20000,3,216403,20000,4.1932,0.09543947445609674,0.5545641084187678,1,"EMCMO_LIRCMOP14_N100_FE20000_run3_seed216403.mat"
"s04_dual_population_fast","EMCMO","LIRCMOP1","LIR-CMOP",100,20000,1,215101,20000,2.0226,0.3280301961711848,0.1075208822915726,1,"EMCMO_LIRCMOP1_N100_FE20000_run1_seed215101.mat"
"s04_dual_population_fast","EMCMO","LIRCMOP1","LIR-CMOP",100,20000,2,215102,20000,1.9794,0.3045302615349598,0.1080260609413809,1,"EMCMO_LIRCMOP1_N100_FE20000_run2_seed215102.mat"
"s04_dual_population_fast","EMCMO","LIRCMOP1","LIR-CMOP",100,20000,3,215103,20000,2.0959,0.3503364003645157,0.09516988132938192,1,"EMCMO_LIRCMOP1_N100_FE20000_run3_seed215103.mat"
"s04_dual_population_fast","EMCMO","LIRCMOP2","LIR-CMOP",100,20000,1,215201,20000,2.0333,0.2648716165765593,0.2202231379715586,1,"EMCMO_LIRCMOP2_N100_FE20000_run1_seed215201.mat"
"s04_dual_population_fast","EMCMO","LIRCMOP2","LIR-CMOP",100,20000,2,215202,20000,2.039,0.2662508226662491,0.2349956433208192,1,"EMCMO_LIRCMOP2_N100_FE20000_run2_seed215202.mat"
"s04_dual_population_fast","EMCMO","LIRCMOP2","LIR-CMOP",100,20000,3,215203,20000,1.8849,0.2738168941993425,0.2133334848165747,1,"EMCMO_LIRCMOP2_N100_FE20000_run3_seed215203.mat"
"s04_dual_population_fast","EMCMO","LIRCMOP3","LIR-CMOP",100,20000,1,215301,20000,2.0585,0.2654216362310101,0.1089408767011931,1,"EMCMO_LIRCMOP3_N100_FE20000_run1_seed215301.mat"
"s04_dual_population_fast","EMCMO","LIRCMOP3","LIR-CMOP",100,20000,2,215302,20000,1.9694,0.2881009130578415,0.102025945284198,1,"EMCMO_LIRCMOP3_N100_FE20000_run2_seed215302.mat"
"s04_dual_population_fast","EMCMO","LIRCMOP3","LIR-CMOP",100,20000,3,215303,20000,1.9655,0.2870406931988566,0.1110982656259692,1,"EMCMO_LIRCMOP3_N100_FE20000_run3_seed215303.mat"
"s04_dual_population_fast","EMCMO","LIRCMOP4","LIR-CMOP",100,20000,1,215401,20000,2.0273,0.3064496753342186,0.1825540860227193,1,"EMCMO_LIRCMOP4_N100_FE20000_run1_seed215401.mat"
"s04_dual_population_fast","EMCMO","LIRCMOP4","LIR-CMOP",100,20000,2,215402,20000,2.0266,0.2493583908719098,0.2107737663404848,1,"EMCMO_LIRCMOP4_N100_FE20000_run2_seed215402.mat"
"s04_dual_population_fast","EMCMO","LIRCMOP4","LIR-CMOP",100,20000,3,215403,20000,2.0055,0.2735045984402809,0.1995231003296062,1,"EMCMO_LIRCMOP4_N100_FE20000_run3_seed215403.mat"
"s04_dual_population_fast","EMCMO","LIRCMOP5","LIR-CMOP",100,20000,1,215501,20000,2.1774,0.3585411950167994,0.1249568933662014,1,"EMCMO_LIRCMOP5_N100_FE20000_run1_seed215501.mat"
"s04_dual_population_fast","EMCMO","LIRCMOP5","LIR-CMOP",100,20000,2,215502,20000,2.1194,0.2878013775771294,0.1597553150108261,1,"EMCMO_LIRCMOP5_N100_FE20000_run2_seed215502.mat"
"s04_dual_population_fast","EMCMO","LIRCMOP5","LIR-CMOP",100,20000,3,215503,20000,2.07,1.22363285602035,0,1,"EMCMO_LIRCMOP5_N100_FE20000_run3_seed215503.mat"
"s04_dual_population_fast","EMCMO","LIRCMOP6","LIR-CMOP",100,20000,1,215601,20000,2.4791,0.3183445142723769,0.1148188547517113,1,"EMCMO_LIRCMOP6_N100_FE20000_run1_seed215601.mat"
"s04_dual_population_fast","EMCMO","LIRCMOP6","LIR-CMOP",100,20000,2,215602,20000,2.324,0.5391990442672331,0.07505019006163649,1,"EMCMO_LIRCMOP6_N100_FE20000_run2_seed215602.mat"
"s04_dual_population_fast","EMCMO","LIRCMOP6","LIR-CMOP",100,20000,3,215603,20000,3.05,0.3855402262154061,0.09755757492215544,1,"EMCMO_LIRCMOP6_N100_FE20000_run3_seed215603.mat"
"s04_dual_population_fast","EMCMO","LIRCMOP7","LIR-CMOP",100,20000,1,215701,20000,2.1501,0.1099197066733252,0.2495950652414607,1,"EMCMO_LIRCMOP7_N100_FE20000_run1_seed215701.mat"
"s04_dual_population_fast","EMCMO","LIRCMOP7","LIR-CMOP",100,20000,2,215702,20000,2.0916,0.1557551062059493,0.2384909611509466,1,"EMCMO_LIRCMOP7_N100_FE20000_run2_seed215702.mat"
"s04_dual_population_fast","EMCMO","LIRCMOP7","LIR-CMOP",100,20000,3,215703,20000,2.1619,0.1060237668280875,0.2517864632766843,1,"EMCMO_LIRCMOP7_N100_FE20000_run3_seed215703.mat"
"s04_dual_population_fast","EMCMO","LIRCMOP8","LIR-CMOP",100,20000,1,215801,20000,2.1337,0.2813780519720376,0.2165689065490307,1,"EMCMO_LIRCMOP8_N100_FE20000_run1_seed215801.mat"
"s04_dual_population_fast","EMCMO","LIRCMOP8","LIR-CMOP",100,20000,2,215802,20000,2.2371,0.2176450300357411,0.2352334424207843,1,"EMCMO_LIRCMOP8_N100_FE20000_run2_seed215802.mat"
"s04_dual_population_fast","EMCMO","LIRCMOP8","LIR-CMOP",100,20000,3,215803,20000,2.165,0.130831128146775,0.2458706197683169,1,"EMCMO_LIRCMOP8_N100_FE20000_run3_seed215803.mat"
"s04_dual_population_fast","EMCMO","LIRCMOP9","LIR-CMOP",100,20000,1,215901,20000,2.2708,0.7217445309880347,0.1988496500279784,1,"EMCMO_LIRCMOP9_N100_FE20000_run1_seed215901.mat"
"s04_dual_population_fast","EMCMO","LIRCMOP9","LIR-CMOP",100,20000,2,215902,20000,2.2573,0.7955018129794345,0.2117626521092174,1,"EMCMO_LIRCMOP9_N100_FE20000_run2_seed215902.mat"
"s04_dual_population_fast","EMCMO","LIRCMOP9","LIR-CMOP",100,20000,3,215903,20000,2.3965,0.9407728212278452,0.1504642128243465,1,"EMCMO_LIRCMOP9_N100_FE20000_run3_seed215903.mat"
"s04_dual_population_fast","Equal-AOP","CF10","CF",100,20000,1,235001,20000,2.5621,0.2259712794154909,0.2160484879457197,1,"Equal_AOP_CF10_N100_FE20000_run1_seed235001.mat"
"s04_dual_population_fast","Equal-AOP","CF10","CF",100,20000,2,235002,20000,2.0033,0.6427777251347451,0.02900385220134879,1,"Equal_AOP_CF10_N100_FE20000_run2_seed235002.mat"
"s04_dual_population_fast","Equal-AOP","CF10","CF",100,20000,3,235003,20000,2.6403,0.2671796075828431,0.175711601706225,1,"Equal_AOP_CF10_N100_FE20000_run3_seed235003.mat"
"s04_dual_population_fast","Equal-AOP","CF1","CF",100,20000,1,234101,20000,2.6393,0.009541643801706403,0.5545082804579916,1,"Equal_AOP_CF1_N100_FE20000_run1_seed234101.mat"
"s04_dual_population_fast","Equal-AOP","CF1","CF",100,20000,2,234102,20000,2.4837,0.01020840843298252,0.5535540016204705,1,"Equal_AOP_CF1_N100_FE20000_run2_seed234102.mat"
"s04_dual_population_fast","Equal-AOP","CF1","CF",100,20000,3,234103,20000,2.713,0.01383241280817943,0.5500840903780568,1,"Equal_AOP_CF1_N100_FE20000_run3_seed234103.mat"
"s04_dual_population_fast","Equal-AOP","CF2","CF",100,20000,1,234201,20000,2.4988,0.0316433316176423,0.6272301832723357,1,"Equal_AOP_CF2_N100_FE20000_run1_seed234201.mat"
"s04_dual_population_fast","Equal-AOP","CF2","CF",100,20000,2,234202,20000,2.6222,0.03759261558640015,0.6413937409902806,1,"Equal_AOP_CF2_N100_FE20000_run2_seed234202.mat"
"s04_dual_population_fast","Equal-AOP","CF2","CF",100,20000,3,234203,20000,2.8058,0.02062097030995743,0.6489636094694604,1,"Equal_AOP_CF2_N100_FE20000_run3_seed234203.mat"
"s04_dual_population_fast","Equal-AOP","CF3","CF",100,20000,1,234301,20000,2.3945,0.1345060753609442,0.1904075707111201,1,"Equal_AOP_CF3_N100_FE20000_run1_seed234301.mat"
"s04_dual_population_fast","Equal-AOP","CF3","CF",100,20000,2,234302,20000,2.4784,0.2957911384268148,0.136216802489143,1,"Equal_AOP_CF3_N100_FE20000_run2_seed234302.mat"
"s04_dual_population_fast","Equal-AOP","CF3","CF",100,20000,3,234303,20000,2.0278,0.4105510488629807,0.05458934782669268,1,"Equal_AOP_CF3_N100_FE20000_run3_seed234303.mat"
"s04_dual_population_fast","Equal-AOP","CF4","CF",100,20000,1,234401,20000,2.1843,0.08182968184963763,0.4335690093047714,1,"Equal_AOP_CF4_N100_FE20000_run1_seed234401.mat"
"s04_dual_population_fast","Equal-AOP","CF4","CF",100,20000,2,234402,20000,2.5003,0.05109870093035506,0.4628083195626519,1,"Equal_AOP_CF4_N100_FE20000_run2_seed234402.mat"
"s04_dual_population_fast","Equal-AOP","CF4","CF",100,20000,3,234403,20000,2.2502,0.08359393398938018,0.4279553109685086,1,"Equal_AOP_CF4_N100_FE20000_run3_seed234403.mat"
"s04_dual_population_fast","Equal-AOP","CF5","CF",100,20000,1,234501,20000,2.0357,0.2486163289821207,0.3436908111376662,1,"Equal_AOP_CF5_N100_FE20000_run1_seed234501.mat"
"s04_dual_population_fast","Equal-AOP","CF5","CF",100,20000,2,234502,20000,2.3178,0.3773461235505365,0.2739397312360155,1,"Equal_AOP_CF5_N100_FE20000_run2_seed234502.mat"
"s04_dual_population_fast","Equal-AOP","CF5","CF",100,20000,3,234503,20000,2.3452,0.142091669817609,0.3236620014276855,1,"Equal_AOP_CF5_N100_FE20000_run3_seed234503.mat"
"s04_dual_population_fast","Equal-AOP","CF6","CF",100,20000,1,234601,20000,3.5774,0.06442904480596046,0.6258843009872347,1,"Equal_AOP_CF6_N100_FE20000_run1_seed234601.mat"
"s04_dual_population_fast","Equal-AOP","CF6","CF",100,20000,2,234602,20000,2.7704,0.07898358103347602,0.6207038701570182,1,"Equal_AOP_CF6_N100_FE20000_run2_seed234602.mat"
"s04_dual_population_fast","Equal-AOP","CF6","CF",100,20000,3,234603,20000,2.7336,0.07256691917921716,0.6277041315012543,1,"Equal_AOP_CF6_N100_FE20000_run3_seed234603.mat"
"s04_dual_population_fast","Equal-AOP","CF7","CF",100,20000,1,234701,20000,2.2952,0.360622293647172,0.4186948329182036,1,"Equal_AOP_CF7_N100_FE20000_run1_seed234701.mat"
"s04_dual_population_fast","Equal-AOP","CF7","CF",100,20000,2,234702,20000,1.9152,0.1319410741073542,0.532721924279145,1,"Equal_AOP_CF7_N100_FE20000_run2_seed234702.mat"
"s04_dual_population_fast","Equal-AOP","CF7","CF",100,20000,3,234703,20000,2.0972,0.2182837302992353,0.4298228727937748,1,"Equal_AOP_CF7_N100_FE20000_run3_seed234703.mat"
"s04_dual_population_fast","Equal-AOP","CF8","CF",100,20000,1,234801,20000,2.1613,0.2160201784734692,0.2582260983641694,1,"Equal_AOP_CF8_N100_FE20000_run1_seed234801.mat"
"s04_dual_population_fast","Equal-AOP","CF8","CF",100,20000,2,234802,20000,2.3984,0.2238511816824981,0.2565390550255556,1,"Equal_AOP_CF8_N100_FE20000_run2_seed234802.mat"
"s04_dual_population_fast","Equal-AOP","CF8","CF",100,20000,3,234803,20000,2.5362,0.2091555069209019,0.3144849200811329,1,"Equal_AOP_CF8_N100_FE20000_run3_seed234803.mat"
"s04_dual_population_fast","Equal-AOP","CF9","CF",100,20000,1,234901,20000,2.4989,0.1276027422215182,0.3874303246282467,1,"Equal_AOP_CF9_N100_FE20000_run1_seed234901.mat"
"s04_dual_population_fast","Equal-AOP","CF9","CF",100,20000,2,234902,20000,2.6007,0.1113921899861047,0.3948571028279172,1,"Equal_AOP_CF9_N100_FE20000_run2_seed234902.mat"
"s04_dual_population_fast","Equal-AOP","CF9","CF",100,20000,3,234903,20000,2.8269,0.1213622167756676,0.3843961048590409,1,"Equal_AOP_CF9_N100_FE20000_run3_seed234903.mat"
"s04_dual_population_fast","Equal-AOP","DASCMOP1","DAS-CMOP",100,20000,1,236501,20000,1.6823,0.7089449061243628,0.01117575185209497,1,"Equal_AOP_DASCMOP1_N100_FE20000_run1_seed236501.mat"
"s04_dual_population_fast","Equal-AOP","DASCMOP1","DAS-CMOP",100,20000,2,236502,20000,1.8584,0.7641875472904597,0,1,"Equal_AOP_DASCMOP1_N100_FE20000_run2_seed236502.mat"
"s04_dual_population_fast","Equal-AOP","DASCMOP1","DAS-CMOP",100,20000,3,236503,20000,2.0649,0.03017664388557183,0.1880610238671584,1,"Equal_AOP_DASCMOP1_N100_FE20000_run3_seed236503.mat"
"s04_dual_population_fast","Equal-AOP","DASCMOP2","DAS-CMOP",100,20000,1,236601,20000,1.7602,0.0151287743791065,0.3458421953563499,1,"Equal_AOP_DASCMOP2_N100_FE20000_run1_seed236601.mat"
"s04_dual_population_fast","Equal-AOP","DASCMOP2","DAS-CMOP",100,20000,2,236602,20000,1.7733,0.2775655067706372,0.2485556909892527,1,"Equal_AOP_DASCMOP2_N100_FE20000_run2_seed236602.mat"
"s04_dual_population_fast","Equal-AOP","DASCMOP2","DAS-CMOP",100,20000,3,236603,20000,1.93,0.1978150131482765,0.2649467614945744,1,"Equal_AOP_DASCMOP2_N100_FE20000_run3_seed236603.mat"
"s04_dual_population_fast","Equal-AOP","DASCMOP3","DAS-CMOP",100,20000,1,236701,20000,2.2987,0.3464482247104801,0.2078473644134137,1,"Equal_AOP_DASCMOP3_N100_FE20000_run1_seed236701.mat"
"s04_dual_population_fast","Equal-AOP","DASCMOP3","DAS-CMOP",100,20000,2,236702,20000,2.4414,0.2410321620612542,0.2384080577814537,1,"Equal_AOP_DASCMOP3_N100_FE20000_run2_seed236702.mat"
"s04_dual_population_fast","Equal-AOP","DASCMOP3","DAS-CMOP",100,20000,3,236703,20000,2.03,0.02356336993823323,0.3071188906027879,1,"Equal_AOP_DASCMOP3_N100_FE20000_run3_seed236703.mat"
"s04_dual_population_fast","Equal-AOP","DASCMOP4","DAS-CMOP",100,20000,1,236801,20000,1.7618,NaN,NaN,0,"Equal_AOP_DASCMOP4_N100_FE20000_run1_seed236801.mat"
"s04_dual_population_fast","Equal-AOP","DASCMOP4","DAS-CMOP",100,20000,2,236802,20000,1.9348,NaN,NaN,0,"Equal_AOP_DASCMOP4_N100_FE20000_run2_seed236802.mat"
"s04_dual_population_fast","Equal-AOP","DASCMOP4","DAS-CMOP",100,20000,3,236803,20000,1.821,NaN,NaN,0,"Equal_AOP_DASCMOP4_N100_FE20000_run3_seed236803.mat"
"s04_dual_population_fast","Equal-AOP","DASCMOP5","DAS-CMOP",100,20000,1,236901,20000,1.7262,NaN,NaN,0,"Equal_AOP_DASCMOP5_N100_FE20000_run1_seed236901.mat"
"s04_dual_population_fast","Equal-AOP","DASCMOP5","DAS-CMOP",100,20000,2,236902,20000,1.7967,NaN,NaN,0,"Equal_AOP_DASCMOP5_N100_FE20000_run2_seed236902.mat"
"s04_dual_population_fast","Equal-AOP","DASCMOP5","DAS-CMOP",100,20000,3,236903,20000,1.7206,NaN,NaN,0,"Equal_AOP_DASCMOP5_N100_FE20000_run3_seed236903.mat"
"s04_dual_population_fast","Equal-AOP","DASCMOP6","DAS-CMOP",100,20000,1,237001,20000,2.1642,NaN,NaN,0,"Equal_AOP_DASCMOP6_N100_FE20000_run1_seed237001.mat"
"s04_dual_population_fast","Equal-AOP","DASCMOP6","DAS-CMOP",100,20000,2,237002,20000,1.6331,NaN,NaN,0,"Equal_AOP_DASCMOP6_N100_FE20000_run2_seed237002.mat"
"s04_dual_population_fast","Equal-AOP","DASCMOP6","DAS-CMOP",100,20000,3,237003,20000,1.7543,NaN,NaN,0,"Equal_AOP_DASCMOP6_N100_FE20000_run3_seed237003.mat"
"s04_dual_population_fast","Equal-AOP","DASCMOP7","DAS-CMOP",100,20000,1,237101,20000,1.9146,NaN,NaN,0,"Equal_AOP_DASCMOP7_N100_FE20000_run1_seed237101.mat"
"s04_dual_population_fast","Equal-AOP","DASCMOP7","DAS-CMOP",100,20000,2,237102,20000,1.8472,NaN,NaN,0,"Equal_AOP_DASCMOP7_N100_FE20000_run2_seed237102.mat"
"s04_dual_population_fast","Equal-AOP","DASCMOP7","DAS-CMOP",100,20000,3,237103,20000,1.8086,NaN,NaN,0,"Equal_AOP_DASCMOP7_N100_FE20000_run3_seed237103.mat"
"s04_dual_population_fast","Equal-AOP","DASCMOP8","DAS-CMOP",100,20000,1,237201,20000,1.8232,NaN,NaN,0,"Equal_AOP_DASCMOP8_N100_FE20000_run1_seed237201.mat"
"s04_dual_population_fast","Equal-AOP","DASCMOP8","DAS-CMOP",100,20000,2,237202,20000,1.8477,NaN,NaN,0,"Equal_AOP_DASCMOP8_N100_FE20000_run2_seed237202.mat"
"s04_dual_population_fast","Equal-AOP","DASCMOP8","DAS-CMOP",100,20000,3,237203,20000,2.5192,NaN,NaN,0,"Equal_AOP_DASCMOP8_N100_FE20000_run3_seed237203.mat"
"s04_dual_population_fast","Equal-AOP","DASCMOP9","DAS-CMOP",100,20000,1,237301,20000,2.0204,0.2808230392170453,0.1363122664190952,1,"Equal_AOP_DASCMOP9_N100_FE20000_run1_seed237301.mat"
"s04_dual_population_fast","Equal-AOP","DASCMOP9","DAS-CMOP",100,20000,2,237302,20000,2.0223,0.2367947541959566,0.1479602508809012,1,"Equal_AOP_DASCMOP9_N100_FE20000_run2_seed237302.mat"
"s04_dual_population_fast","Equal-AOP","DASCMOP9","DAS-CMOP",100,20000,3,237303,20000,2.5078,0.2947185891490178,0.1370538814570446,1,"Equal_AOP_DASCMOP9_N100_FE20000_run3_seed237303.mat"
"s04_dual_population_fast","Equal-AOP","LIRCMOP10","LIR-CMOP",100,20000,1,236001,20000,3.6318,0.4390245706635518,0.4580650724523604,1,"Equal_AOP_LIRCMOP10_N100_FE20000_run1_seed236001.mat"
"s04_dual_population_fast","Equal-AOP","LIRCMOP10","LIR-CMOP",100,20000,2,236002,20000,3.4154,0.4728030473511665,0.4237513551381434,1,"Equal_AOP_LIRCMOP10_N100_FE20000_run2_seed236002.mat"
"s04_dual_population_fast","Equal-AOP","LIRCMOP10","LIR-CMOP",100,20000,3,236003,20000,3.0357,0.446470871641149,0.4510013711273357,1,"Equal_AOP_LIRCMOP10_N100_FE20000_run3_seed236003.mat"
"s04_dual_population_fast","Equal-AOP","LIRCMOP11","LIR-CMOP",100,20000,1,236101,20000,2.7403,0.1853878239259688,0.5640921648244029,1,"Equal_AOP_LIRCMOP11_N100_FE20000_run1_seed236101.mat"
"s04_dual_population_fast","Equal-AOP","LIRCMOP11","LIR-CMOP",100,20000,2,236102,20000,2.5864,0.1583839177012657,0.5816479712425313,1,"Equal_AOP_LIRCMOP11_N100_FE20000_run2_seed236102.mat"
"s04_dual_population_fast","Equal-AOP","LIRCMOP11","LIR-CMOP",100,20000,3,236103,20000,2.2159,0.2883353259208561,0.5130965683661817,1,"Equal_AOP_LIRCMOP11_N100_FE20000_run3_seed236103.mat"
"s04_dual_population_fast","Equal-AOP","LIRCMOP12","LIR-CMOP",100,20000,1,236201,20000,2.8002,0.2913471792386182,0.4705280451202805,1,"Equal_AOP_LIRCMOP12_N100_FE20000_run1_seed236201.mat"
"s04_dual_population_fast","Equal-AOP","LIRCMOP12","LIR-CMOP",100,20000,2,236202,20000,2.2022,0.408026337705,0.3582302234782482,1,"Equal_AOP_LIRCMOP12_N100_FE20000_run2_seed236202.mat"
"s04_dual_population_fast","Equal-AOP","LIRCMOP12","LIR-CMOP",100,20000,3,236203,20000,2.4264,0.4213446780167477,0.3510551283781319,1,"Equal_AOP_LIRCMOP12_N100_FE20000_run3_seed236203.mat"
"s04_dual_population_fast","Equal-AOP","LIRCMOP13","LIR-CMOP",100,20000,1,236301,20000,3.7694,0.1123143432255694,0.5210080861225995,1,"Equal_AOP_LIRCMOP13_N100_FE20000_run1_seed236301.mat"
"s04_dual_population_fast","Equal-AOP","LIRCMOP13","LIR-CMOP",100,20000,2,236302,20000,3.1204,0.1170803156404848,0.512072899175426,1,"Equal_AOP_LIRCMOP13_N100_FE20000_run2_seed236302.mat"
"s04_dual_population_fast","Equal-AOP","LIRCMOP13","LIR-CMOP",100,20000,3,236303,20000,3.3328,0.1111193024720563,0.5205874574769843,1,"Equal_AOP_LIRCMOP13_N100_FE20000_run3_seed236303.mat"
"s04_dual_population_fast","Equal-AOP","LIRCMOP14","LIR-CMOP",100,20000,1,236401,20000,3.0485,0.1004599696354524,0.546861026950613,1,"Equal_AOP_LIRCMOP14_N100_FE20000_run1_seed236401.mat"
"s04_dual_population_fast","Equal-AOP","LIRCMOP14","LIR-CMOP",100,20000,2,236402,20000,3.2625,0.1024161708107335,0.5438564828141765,1,"Equal_AOP_LIRCMOP14_N100_FE20000_run2_seed236402.mat"
"s04_dual_population_fast","Equal-AOP","LIRCMOP14","LIR-CMOP",100,20000,3,236403,20000,3.2616,0.1060763070014756,0.5420441589176639,1,"Equal_AOP_LIRCMOP14_N100_FE20000_run3_seed236403.mat"
"s04_dual_population_fast","Equal-AOP","LIRCMOP1","LIR-CMOP",100,20000,1,235101,20000,1.936,0.2846722311748344,0.1173927422937419,1,"Equal_AOP_LIRCMOP1_N100_FE20000_run1_seed235101.mat"
"s04_dual_population_fast","Equal-AOP","LIRCMOP1","LIR-CMOP",100,20000,2,235102,20000,2.2059,0.293807329946497,0.110332540300805,1,"Equal_AOP_LIRCMOP1_N100_FE20000_run2_seed235102.mat"
"s04_dual_population_fast","Equal-AOP","LIRCMOP1","LIR-CMOP",100,20000,3,235103,20000,1.8094,0.3006727391450096,0.1066403633133424,1,"Equal_AOP_LIRCMOP1_N100_FE20000_run3_seed235103.mat"
"s04_dual_population_fast","Equal-AOP","LIRCMOP2","LIR-CMOP",100,20000,1,235201,20000,1.8947,0.2474111796836563,0.2312874770487362,1,"Equal_AOP_LIRCMOP2_N100_FE20000_run1_seed235201.mat"
"s04_dual_population_fast","Equal-AOP","LIRCMOP2","LIR-CMOP",100,20000,2,235202,20000,2.0394,0.2005436457599212,0.2530573543493807,1,"Equal_AOP_LIRCMOP2_N100_FE20000_run2_seed235202.mat"
"s04_dual_population_fast","Equal-AOP","LIRCMOP2","LIR-CMOP",100,20000,3,235203,20000,1.855,0.2245162665962543,0.2453035678206568,1,"Equal_AOP_LIRCMOP2_N100_FE20000_run3_seed235203.mat"
"s04_dual_population_fast","Equal-AOP","LIRCMOP3","LIR-CMOP",100,20000,1,235301,20000,2.0628,0.2281241743814787,0.1230888184071478,1,"Equal_AOP_LIRCMOP3_N100_FE20000_run1_seed235301.mat"
"s04_dual_population_fast","Equal-AOP","LIRCMOP3","LIR-CMOP",100,20000,2,235302,20000,2.1116,0.2695782764916726,0.1068164226668827,1,"Equal_AOP_LIRCMOP3_N100_FE20000_run2_seed235302.mat"
"s04_dual_population_fast","Equal-AOP","LIRCMOP3","LIR-CMOP",100,20000,3,235303,20000,1.9535,0.2121589014571908,0.1280684145643963,1,"Equal_AOP_LIRCMOP3_N100_FE20000_run3_seed235303.mat"
"s04_dual_population_fast","Equal-AOP","LIRCMOP4","LIR-CMOP",100,20000,1,235401,20000,2.1643,0.3088565649633402,0.1825090280707873,1,"Equal_AOP_LIRCMOP4_N100_FE20000_run1_seed235401.mat"
"s04_dual_population_fast","Equal-AOP","LIRCMOP4","LIR-CMOP",100,20000,2,235402,20000,1.7567,0.3072306141292956,0.1827077992446717,1,"Equal_AOP_LIRCMOP4_N100_FE20000_run2_seed235402.mat"
"s04_dual_population_fast","Equal-AOP","LIRCMOP4","LIR-CMOP",100,20000,3,235403,20000,1.7015,0.3041104652978116,0.1828804917351239,1,"Equal_AOP_LIRCMOP4_N100_FE20000_run3_seed235403.mat"
"s04_dual_population_fast","Equal-AOP","LIRCMOP5","LIR-CMOP",100,20000,1,235501,20000,2.2274,1.198156917571096,0,1,"Equal_AOP_LIRCMOP5_N100_FE20000_run1_seed235501.mat"
"s04_dual_population_fast","Equal-AOP","LIRCMOP5","LIR-CMOP",100,20000,2,235502,20000,2.0387,1.22095652048897,0,1,"Equal_AOP_LIRCMOP5_N100_FE20000_run2_seed235502.mat"
"s04_dual_population_fast","Equal-AOP","LIRCMOP5","LIR-CMOP",100,20000,3,235503,20000,2.0752,1.195095638251932,0,1,"Equal_AOP_LIRCMOP5_N100_FE20000_run3_seed235503.mat"
"s04_dual_population_fast","Equal-AOP","LIRCMOP6","LIR-CMOP",100,20000,1,235601,20000,2.0018,1.347941582703914,0,1,"Equal_AOP_LIRCMOP6_N100_FE20000_run1_seed235601.mat"
"s04_dual_population_fast","Equal-AOP","LIRCMOP6","LIR-CMOP",100,20000,2,235602,20000,2.1685,1.347199049842946,0,1,"Equal_AOP_LIRCMOP6_N100_FE20000_run2_seed235602.mat"
"s04_dual_population_fast","Equal-AOP","LIRCMOP6","LIR-CMOP",100,20000,3,235603,20000,2.3656,1.347094259386782,0,1,"Equal_AOP_LIRCMOP6_N100_FE20000_run3_seed235603.mat"
"s04_dual_population_fast","Equal-AOP","LIRCMOP7","LIR-CMOP",100,20000,1,235701,20000,2.2162,0.1204150747212867,0.2456792396538713,1,"Equal_AOP_LIRCMOP7_N100_FE20000_run1_seed235701.mat"
"s04_dual_population_fast","Equal-AOP","LIRCMOP7","LIR-CMOP",100,20000,2,235702,20000,1.9451,0.09522261573819546,0.2539985755655301,1,"Equal_AOP_LIRCMOP7_N100_FE20000_run2_seed235702.mat"
"s04_dual_population_fast","Equal-AOP","LIRCMOP7","LIR-CMOP",100,20000,3,235703,20000,2.1169,0.1221980751440294,0.2452111175850983,1,"Equal_AOP_LIRCMOP7_N100_FE20000_run3_seed235703.mat"
"s04_dual_population_fast","Equal-AOP","LIRCMOP8","LIR-CMOP",100,20000,1,235801,20000,1.8377,0.1804744039116036,0.2321960937269681,1,"Equal_AOP_LIRCMOP8_N100_FE20000_run1_seed235801.mat"
"s04_dual_population_fast","Equal-AOP","LIRCMOP8","LIR-CMOP",100,20000,2,235802,20000,2.0851,0.1990146826111352,0.2310022850327025,1,"Equal_AOP_LIRCMOP8_N100_FE20000_run2_seed235802.mat"
"s04_dual_population_fast","Equal-AOP","LIRCMOP8","LIR-CMOP",100,20000,3,235803,20000,2.2147,0.2495801059628663,0.2130063779793901,1,"Equal_AOP_LIRCMOP8_N100_FE20000_run3_seed235803.mat"
"s04_dual_population_fast","Equal-AOP","LIRCMOP9","LIR-CMOP",100,20000,1,235901,20000,3.0538,0.5069339306244888,0.3558334011349538,1,"Equal_AOP_LIRCMOP9_N100_FE20000_run1_seed235901.mat"
"s04_dual_population_fast","Equal-AOP","LIRCMOP9","LIR-CMOP",100,20000,2,235902,20000,3.1955,0.6000006594810772,0.2923108263831599,1,"Equal_AOP_LIRCMOP9_N100_FE20000_run2_seed235902.mat"
"s04_dual_population_fast","Equal-AOP","LIRCMOP9","LIR-CMOP",100,20000,3,235903,20000,2.7029,0.5093881147815359,0.3561157447855615,1,"Equal_AOP_LIRCMOP9_N100_FE20000_run3_seed235903.mat"
