config,algorithm,problem,suite,N,maxFE,run,seed,finishedFE,runtime,IGD,HV,Feasible_rate,file
"s06_mechanism","CMOEA-AOP-Trace","CF10","CF",100,50000,1,227001,50028,143.7691,0.4292715574918339,0.1288161234741406,1,"CMOEA_AOP_Trace_CF10_N100_FE50000_run1_seed227001.mat"
"s06_mechanism","CMOEA-AOP-Trace","CF10","CF",100,50000,2,227002,50134,200.5414,0.2028539289281656,0.2553566166543778,1,"CMOEA_AOP_Trace_CF10_N100_FE50000_run2_seed227002.mat"
"s06_mechanism","CMOEA-AOP-Trace","CF10","CF",100,50000,3,227003,50026,160.8513,0.4544959241615212,0.1649730980917749,1,"CMOEA_AOP_Trace_CF10_N100_FE50000_run3_seed227003.mat"
"s06_mechanism","CMOEA-AOP-Trace","CF1","CF",100,50000,1,226101,50108,64.7364,0.00436045618350021,0.5607853573273719,1,"CMOEA_AOP_Trace_CF1_N100_FE50000_run1_seed226101.mat"
"s06_mechanism","CMOEA-AOP-Trace","CF1","CF",100,50000,2,226102,50184,85.584,0.004143252409387446,0.5610683954259776,1,"CMOEA_AOP_Trace_CF1_N100_FE50000_run2_seed226102.mat"
"s06_mechanism","CMOEA-AOP-Trace","CF1","CF",100,50000,3,226103,50092,60.584,0.006551205172554232,0.5581732077444529,1,"CMOEA_AOP_Trace_CF1_N100_FE50000_run3_seed226103.mat"
"s06_mechanism","CMOEA-AOP-Trace","CF2","CF",100,50000,1,226201,50016,63.1473,0.01554766754639025,0.6555700215498484,1,"CMOEA_AOP_Trace_CF2_N100_FE50000_run1_seed226201.mat"
"s06_mechanism","CMOEA-AOP-Trace","CF2","CF",100,50000,2,226202,50030,64.0085,0.02354581624779208,0.6549207985204109,1,"CMOEA_AOP_Trace_CF2_N100_FE50000_run2_seed226202.mat"
"s06_mechanism","CMOEA-AOP-Trace","CF2","CF",100,50000,3,226203,50154,59.8193,0.01504437544162147,0.663491701904353,1,"CMOEA_AOP_Trace_CF2_N100_FE50000_run3_seed226203.mat"
"s06_mechanism","CMOEA-AOP-Trace","CF3","CF",100,50000,1,226301,50114,38.6352,0.2886745279264856,0.1735617209709315,1,"CMOEA_AOP_Trace_CF3_N100_FE50000_run1_seed226301.mat"
"s06_mechanism","CMOEA-AOP-Trace","CF3","CF",100,50000,2,226302,50172,41.2661,0.1030747268698507,0.2676206264480735,1,"CMOEA_AOP_Trace_CF3_N100_FE50000_run2_seed226302.mat"
"s06_mechanism","CMOEA-AOP-Trace","CF3","CF",100,50000,3,226303,50108,36.4164,0.3506802047643314,0.1517509371396789,1,"CMOEA_AOP_Trace_CF3_N100_FE50000_run3_seed226303.mat"
"s06_mechanism","CMOEA-AOP-Trace","CF4","CF",100,50000,1,226401,50196,56.5096,0.06098804497058644,0.4569243162546527,1,"CMOEA_AOP_Trace_CF4_N100_FE50000_run1_seed226401.mat"
"s06_mechanism","CMOEA-AOP-Trace","CF4","CF",100,50000,2,226402,50184,56.4463,0.04404328982764059,0.4788135464139687,1,"CMOEA_AOP_Trace_CF4_N100_FE50000_run2_seed226402.mat"
"s06_mechanism","CMOEA-AOP-Trace","CF4","CF",100,50000,3,226403,50076,51.679,0.07300622368266645,0.4417099878191208,1,"CMOEA_AOP_Trace_CF4_N100_FE50000_run3_seed226403.mat"
"s06_mechanism","CMOEA-AOP-Trace","CF5","CF",100,50000,1,226501,50148,51.1712,0.1299493949444276,0.3781481973840036,1,"CMOEA_AOP_Trace_CF5_N100_FE50000_run1_seed226501.mat"
"s06_mechanism","CMOEA-AOP-Trace","CF5","CF",100,50000,2,226502,50142,46.273,0.2081499142487576,0.307957985179891,1,"CMOEA_AOP_Trace_CF5_N100_FE50000_run2_seed226502.mat"
"s06_mechanism","CMOEA-AOP-Trace","CF5","CF",100,50000,3,226503,50188,50.4538,0.0979006898811771,0.4115244080470551,1,"CMOEA_AOP_Trace_CF5_N100_FE50000_run3_seed226503.mat"
"s06_mechanism","CMOEA-AOP-Trace","CF6","CF",100,50000,1,226601,50034,61.9748,0.04975787251325219,0.6536996927330482,1,"CMOEA_AOP_Trace_CF6_N100_FE50000_run1_seed226601.mat"
"s06_mechanism","CMOEA-AOP-Trace","CF6","CF",100,50000,2,226602,50188,58.9545,0.02969628169827372,0.6684253417697567,1,"CMOEA_AOP_Trace_CF6_N100_FE50000_run2_seed226602.mat"
"s06_mechanism","CMOEA-AOP-Trace","CF6","CF",100,50000,3,226603,50068,60.3141,0.04521617293217907,0.6550436218453497,1,"CMOEA_AOP_Trace_CF6_N100_FE50000_run3_seed226603.mat"
"s06_mechanism","CMOEA-AOP-Trace","CF7","CF",100,50000,1,226701,50098,33.8643,0.1325203955475509,0.542044533381834,1,"CMOEA_AOP_Trace_CF7_N100_FE50000_run1_seed226701.mat"
"s06_mechanism","CMOEA-AOP-Trace","CF7","CF",100,50000,2,226702,50124,47.6845,0.5756806074239479,0.2112671611531048,1,"CMOEA_AOP_Trace_CF7_N100_FE50000_run2_seed226702.mat"
"s06_mechanism","CMOEA-AOP-Trace","CF7","CF",100,50000,3,226703,50030,50.8894,0.2567653337372783,0.4244131208365284,1,"CMOEA_AOP_Trace_CF7_N100_FE50000_run3_seed226703.mat"
"s06_mechanism","CMOEA-AOP-Trace","CF8","CF",100,50000,1,226801,50092,212.9086,0.1597273462515965,0.3469074905910099,1,"CMOEA_AOP_Trace_CF8_N100_FE50000_run1_seed226801.mat"
"s06_mechanism","CMOEA-AOP-Trace","CF8","CF",100,50000,2,226802,50084,194.1478,0.1581305117573831,0.3463240323852894,1,"CMOEA_AOP_Trace_CF8_N100_FE50000_run2_seed226802.mat"
"s06_mechanism","CMOEA-AOP-Trace","CF8","CF",100,50000,3,226803,50112,149.7749,0.2578439046677997,0.1785162718291466,1,"CMOEA_AOP_Trace_CF8_N100_FE50000_run3_seed226803.mat"
"s06_mechanism","CMOEA-AOP-Trace","CF9","CF",100,50000,1,226901,50190,217.357,0.08774954065219229,0.4398674068889939,1,"CMOEA_AOP_Trace_CF9_N100_FE50000_run1_seed226901.mat"
"s06_mechanism","CMOEA-AOP-Trace","CF9","CF",100,50000,2,226902,50044,246.7215,0.0949568213349842,0.4179599757814453,1,"CMOEA_AOP_Trace_CF9_N100_FE50000_run2_seed226902.mat"
"s06_mechanism","CMOEA-AOP-Trace","CF9","CF",100,50000,3,226903,50006,206.0994,0.08135294809603531,0.4396462817706647,1,"CMOEA_AOP_Trace_CF9_N100_FE50000_run3_seed226903.mat"
"s06_mechanism","CMOEA-AOP-Trace","DASCMOP1","DAS-CMOP",100,50000,1,228501,50042,27.7038,0.008244490611488671,0.2088981336170899,1,"CMOEA_AOP_Trace_DASCMOP1_N100_FE50000_run1_seed228501.mat"
"s06_mechanism","CMOEA-AOP-Trace","DASCMOP1","DAS-CMOP",100,50000,2,228502,50170,14.5337,0.004749597141464738,0.2103979647799012,1,"CMOEA_AOP_Trace_DASCMOP1_N100_FE50000_run2_seed228502.mat"
"s06_mechanism","CMOEA-AOP-Trace","DASCMOP1","DAS-CMOP",100,50000,3,228503,50078,22.7755,0.009876617813969476,0.2070545305093677,1,"CMOEA_AOP_Trace_DASCMOP1_N100_FE50000_run3_seed228503.mat"
"s06_mechanism","CMOEA-AOP-Trace","DASCMOP2","DAS-CMOP",100,50000,1,228601,50016,14.0088,0.00662005917482666,0.3528982431074219,1,"CMOEA_AOP_Trace_DASCMOP2_N100_FE50000_run1_seed228601.mat"
"s06_mechanism","CMOEA-AOP-Trace","DASCMOP2","DAS-CMOP",100,50000,2,228602,50088,12.227,0.01160711192053979,0.3499011073659706,1,"CMOEA_AOP_Trace_DASCMOP2_N100_FE50000_run2_seed228602.mat"
"s06_mechanism","CMOEA-AOP-Trace","DASCMOP2","DAS-CMOP",100,50000,3,228603,50016,36.1742,0.008797360660101885,0.3523102206357731,1,"CMOEA_AOP_Trace_DASCMOP2_N100_FE50000_run3_seed228603.mat"
"s06_mechanism","CMOEA-AOP-Trace","DASCMOP3","DAS-CMOP",100,50000,1,228701,50118,16.6753,0.02165142190220081,0.3100799020821517,1,"CMOEA_AOP_Trace_DASCMOP3_N100_FE50000_run1_seed228701.mat"
"s06_mechanism","CMOEA-AOP-Trace","DASCMOP3","DAS-CMOP",100,50000,2,228702,50064,7.9927,0.02102138769914483,0.3106159305712091,1,"CMOEA_AOP_Trace_DASCMOP3_N100_FE50000_run2_seed228702.mat"
"s06_mechanism","CMOEA-AOP-Trace","DASCMOP3","DAS-CMOP",100,50000,3,228703,50158,17.6691,0.0201369150550018,0.3107248609444812,1,"CMOEA_AOP_Trace_DASCMOP3_N100_FE50000_run3_seed228703.mat"
"s06_mechanism","CMOEA-AOP-Trace","DASCMOP4","DAS-CMOP",100,50000,1,228801,50050,6.8186,NaN,NaN,0,"CMOEA_AOP_Trace_DASCMOP4_N100_FE50000_run1_seed228801.mat"
"s06_mechanism","CMOEA-AOP-Trace","DASCMOP4","DAS-CMOP",100,50000,2,228802,50068,10.1158,0.008712938352625687,0.1925696782256147,1,"CMOEA_AOP_Trace_DASCMOP4_N100_FE50000_run2_seed228802.mat"
"s06_mechanism","CMOEA-AOP-Trace","DASCMOP4","DAS-CMOP",100,50000,3,228803,50144,10.5734,1.195228879660386,0,0.01,"CMOEA_AOP_Trace_DASCMOP4_N100_FE50000_run3_seed228803.mat"
"s06_mechanism","CMOEA-AOP-Trace","DASCMOP5","DAS-CMOP",100,50000,1,228901,50090,7.7133,0.7200351539127781,0.03054773960338346,1,"CMOEA_AOP_Trace_DASCMOP5_N100_FE50000_run1_seed228901.mat"
"s06_mechanism","CMOEA-AOP-Trace","DASCMOP5","DAS-CMOP",100,50000,2,228902,50208,7.4692,NaN,NaN,0,"CMOEA_AOP_Trace_DASCMOP5_N100_FE50000_run2_seed228902.mat"
"s06_mechanism","CMOEA-AOP-Trace","DASCMOP5","DAS-CMOP",100,50000,3,228903,50020,16.9203,0.5662908701204026,0.05544979898285363,1,"CMOEA_AOP_Trace_DASCMOP5_N100_FE50000_run3_seed228903.mat"
"s06_mechanism","CMOEA-AOP-Trace","DASCMOP6","DAS-CMOP",100,50000,1,229001,50142,7.2708,0.08880243321463674,0.2598792313627662,1,"CMOEA_AOP_Trace_DASCMOP6_N100_FE50000_run1_seed229001.mat"
"s06_mechanism","CMOEA-AOP-Trace","DASCMOP6","DAS-CMOP",100,50000,2,229002,50044,8.9028,0.02015011184589891,0.3103567756108609,1,"CMOEA_AOP_Trace_DASCMOP6_N100_FE50000_run2_seed229002.mat"
"s06_mechanism","CMOEA-AOP-Trace","DASCMOP6","DAS-CMOP",100,50000,3,229003,50150,10.3779,0.02142335074706764,0.3094726012304218,1,"CMOEA_AOP_Trace_DASCMOP6_N100_FE50000_run3_seed229003.mat"
"s06_mechanism","CMOEA-AOP-Trace","DASCMOP7","DAS-CMOP",100,50000,1,229101,50040,21.457,0.8843419511909643,0.01558404254240317,1,"CMOEA_AOP_Trace_DASCMOP7_N100_FE50000_run1_seed229101.mat"
"s06_mechanism","CMOEA-AOP-Trace","DASCMOP7","DAS-CMOP",100,50000,2,229102,50110,58.753,0.03344010315889612,0.285155100879644,1,"CMOEA_AOP_Trace_DASCMOP7_N100_FE50000_run2_seed229102.mat"
"s06_mechanism","CMOEA-AOP-Trace","DASCMOP7","DAS-CMOP",100,50000,3,229103,50056,56.2315,0.1061117298640993,0.2409455472104769,1,"CMOEA_AOP_Trace_DASCMOP7_N100_FE50000_run3_seed229103.mat"
"s06_mechanism","CMOEA-AOP-Trace","DASCMOP8","DAS-CMOP",100,50000,1,229201,50204,19.4168,0.3381627297534414,0.0813368240726236,1,"CMOEA_AOP_Trace_DASCMOP8_N100_FE50000_run1_seed229201.mat"
"s06_mechanism","CMOEA-AOP-Trace","DASCMOP8","DAS-CMOP",100,50000,2,229202,50070,8.5193,1.249353326863543,0,0.4,"CMOEA_AOP_Trace_DASCMOP8_N100_FE50000_run2_seed229202.mat"
"s06_mechanism","CMOEA-AOP-Trace","DASCMOP8","DAS-CMOP",100,50000,3,229203,50114,36.3596,0.06795338490454896,0.1980887066782855,1,"CMOEA_AOP_Trace_DASCMOP8_N100_FE50000_run3_seed229203.mat"
"s06_mechanism","CMOEA-AOP-Trace","DASCMOP9","DAS-CMOP",100,50000,1,229301,50058,150.7817,0.07018144665482218,0.1976486227748381,1,"CMOEA_AOP_Trace_DASCMOP9_N100_FE50000_run1_seed229301.mat"
"s06_mechanism","CMOEA-AOP-Trace","DASCMOP9","DAS-CMOP",100,50000,2,229302,50182,124.5744,0.06126025636598588,0.2003210814407335,1,"CMOEA_AOP_Trace_DASCMOP9_N100_FE50000_run2_seed229302.mat"
"s06_mechanism","CMOEA-AOP-Trace","DASCMOP9","DAS-CMOP",100,50000,3,229303,50128,93.5191,0.05397841068093809,0.1994687771392928,1,"CMOEA_AOP_Trace_DASCMOP9_N100_FE50000_run3_seed229303.mat"
"s06_mechanism","CMOEA-AOP-Trace","LIRCMOP10","LIR-CMOP",100,50000,1,228001,50102,57.8322,0.249048269591763,0.5730381159213618,1,"CMOEA_AOP_Trace_LIRCMOP10_N100_FE50000_run1_seed228001.mat"
"s06_mechanism","CMOEA-AOP-Trace","LIRCMOP10","LIR-CMOP",100,50000,2,228002,50036,62.9721,0.13452078683712,0.6470847102946748,1,"CMOEA_AOP_Trace_LIRCMOP10_N100_FE50000_run2_seed228002.mat"
"s06_mechanism","CMOEA-AOP-Trace","LIRCMOP10","LIR-CMOP",100,50000,3,228003,50102,57.0175,0.2214819786932065,0.5976632301226634,1,"CMOEA_AOP_Trace_LIRCMOP10_N100_FE50000_run3_seed228003.mat"
"s06_mechanism","CMOEA-AOP-Trace","LIRCMOP11","LIR-CMOP",100,50000,1,228101,50164,52.1868,0.07687773524499687,0.6548170128144684,1,"CMOEA_AOP_Trace_LIRCMOP11_N100_FE50000_run1_seed228101.mat"
"s06_mechanism","CMOEA-AOP-Trace","LIRCMOP11","LIR-CMOP",100,50000,2,228102,50068,48.1938,0.07802383469425585,0.6539409691754561,1,"CMOEA_AOP_Trace_LIRCMOP11_N100_FE50000_run2_seed228102.mat"
"s06_mechanism","CMOEA-AOP-Trace","LIRCMOP11","LIR-CMOP",100,50000,3,228103,50186,44.8214,0.1433784494878701,0.6011292610673946,1,"CMOEA_AOP_Trace_LIRCMOP11_N100_FE50000_run3_seed228103.mat"
"s06_mechanism","CMOEA-AOP-Trace","LIRCMOP12","LIR-CMOP",100,50000,1,228201,50092,19.6858,0.1597245891905026,0.534253941952586,1,"CMOEA_AOP_Trace_LIRCMOP12_N100_FE50000_run1_seed228201.mat"
"s06_mechanism","CMOEA-AOP-Trace","LIRCMOP12","LIR-CMOP",100,50000,2,228202,50152,44.0864,0.1858739826715638,0.5115336635731784,1,"CMOEA_AOP_Trace_LIRCMOP12_N100_FE50000_run2_seed228202.mat"
"s06_mechanism","CMOEA-AOP-Trace","LIRCMOP12","LIR-CMOP",100,50000,3,228203,50000,29.7224,0.06966779711184637,0.5841755955382224,1,"CMOEA_AOP_Trace_LIRCMOP12_N100_FE50000_run3_seed228203.mat"
"s06_mechanism","CMOEA-AOP-Trace","LIRCMOP13","LIR-CMOP",100,50000,1,228301,50016,234.6987,0.09388915246072696,0.5504320386805595,1,"CMOEA_AOP_Trace_LIRCMOP13_N100_FE50000_run1_seed228301.mat"
"s06_mechanism","CMOEA-AOP-Trace","LIRCMOP13","LIR-CMOP",100,50000,2,228302,50054,213.8621,0.09670943727491185,0.5434397042938787,1,"CMOEA_AOP_Trace_LIRCMOP13_N100_FE50000_run2_seed228302.mat"
"s06_mechanism","CMOEA-AOP-Trace","LIRCMOP13","LIR-CMOP",100,50000,3,228303,50004,220.567,0.09274122668634666,0.551495804614531,1,"CMOEA_AOP_Trace_LIRCMOP13_N100_FE50000_run3_seed228303.mat"
"s06_mechanism","CMOEA-AOP-Trace","LIRCMOP14","LIR-CMOP",100,50000,1,228401,50014,184.0391,0.09670297250286691,0.5526187979518074,1,"CMOEA_AOP_Trace_LIRCMOP14_N100_FE50000_run1_seed228401.mat"
"s06_mechanism","CMOEA-AOP-Trace","LIRCMOP14","LIR-CMOP",100,50000,2,228402,50116,134.5038,0.09653858906036798,0.5498265104089312,1,"CMOEA_AOP_Trace_LIRCMOP14_N100_FE50000_run2_seed228402.mat"
"s06_mechanism","CMOEA-AOP-Trace","LIRCMOP14","LIR-CMOP",100,50000,3,228403,50060,217.2633,0.09763373838610201,0.5497625307023046,1,"CMOEA_AOP_Trace_LIRCMOP14_N100_FE50000_run3_seed228403.mat"
"s06_mechanism","CMOEA-AOP-Trace","LIRCMOP1","LIR-CMOP",100,50000,1,227101,50124,20.873,0.3026075264163069,0.1073746399237893,1,"CMOEA_AOP_Trace_LIRCMOP1_N100_FE50000_run1_seed227101.mat"
"s06_mechanism","CMOEA-AOP-Trace","LIRCMOP1","LIR-CMOP",100,50000,2,227102,50160,30.8607,0.293864723583775,0.1183164621856091,1,"CMOEA_AOP_Trace_LIRCMOP1_N100_FE50000_run2_seed227102.mat"
"s06_mechanism","CMOEA-AOP-Trace","LIRCMOP1","LIR-CMOP",100,50000,3,227103,50000,20.0908,0.3319655784698908,0.1015200557044374,1,"CMOEA_AOP_Trace_LIRCMOP1_N100_FE50000_run3_seed227103.mat"
"s06_mechanism","CMOEA-AOP-Trace","LIRCMOP2","LIR-CMOP",100,50000,1,227201,50208,21.0136,0.2526382965407639,0.2336445861500902,1,"CMOEA_AOP_Trace_LIRCMOP2_N100_FE50000_run1_seed227201.mat"
"s06_mechanism","CMOEA-AOP-Trace","LIRCMOP2","LIR-CMOP",100,50000,2,227202,50040,23.1145,0.07559044485967664,0.3160360523539812,1,"CMOEA_AOP_Trace_LIRCMOP2_N100_FE50000_run2_seed227202.mat"
"s06_mechanism","CMOEA-AOP-Trace","LIRCMOP2","LIR-CMOP",100,50000,3,227203,50022,19.4744,0.1446356591762452,0.2660393332341591,1,"CMOEA_AOP_Trace_LIRCMOP2_N100_FE50000_run3_seed227203.mat"
"s06_mechanism","CMOEA-AOP-Trace","LIRCMOP3","LIR-CMOP",100,50000,1,227301,50150,21.3876,0.2766693991039938,0.1060843866455181,1,"CMOEA_AOP_Trace_LIRCMOP3_N100_FE50000_run1_seed227301.mat"
"s06_mechanism","CMOEA-AOP-Trace","LIRCMOP3","LIR-CMOP",100,50000,2,227302,50068,20.2981,0.2422134570136306,0.1290959019524564,1,"CMOEA_AOP_Trace_LIRCMOP3_N100_FE50000_run2_seed227302.mat"
"s06_mechanism","CMOEA-AOP-Trace","LIRCMOP3","LIR-CMOP",100,50000,3,227303,50028,20.8502,0.2751139849974159,0.106158462873271,1,"CMOEA_AOP_Trace_LIRCMOP3_N100_FE50000_run3_seed227303.mat"
"s06_mechanism","CMOEA-AOP-Trace","LIRCMOP4","LIR-CMOP",100,50000,1,227401,50016,22.829,0.309344238785032,0.1928589221838749,1,"CMOEA_AOP_Trace_LIRCMOP4_N100_FE50000_run1_seed227401.mat"
"s06_mechanism","CMOEA-AOP-Trace","LIRCMOP4","LIR-CMOP",100,50000,2,227402,50054,20.0826,0.2139472043262126,0.218051102847787,1,"CMOEA_AOP_Trace_LIRCMOP4_N100_FE50000_run2_seed227402.mat"
"s06_mechanism","CMOEA-AOP-Trace","LIRCMOP4","LIR-CMOP",100,50000,3,227403,50052,17.1277,0.3203336379848313,0.1896991471525173,1,"CMOEA_AOP_Trace_LIRCMOP4_N100_FE50000_run3_seed227403.mat"
"s06_mechanism","CMOEA-AOP-Trace","LIRCMOP5","LIR-CMOP",100,50000,1,227501,50024,42.4551,0.1965957097284748,0.2329540603431857,1,"CMOEA_AOP_Trace_LIRCMOP5_N100_FE50000_run1_seed227501.mat"
"s06_mechanism","CMOEA-AOP-Trace","LIRCMOP5","LIR-CMOP",100,50000,2,227502,50040,42.793,1.193690216893353,0,1,"CMOEA_AOP_Trace_LIRCMOP5_N100_FE50000_run2_seed227502.mat"
"s06_mechanism","CMOEA-AOP-Trace","LIRCMOP5","LIR-CMOP",100,50000,3,227503,50026,40.9288,0.1514001958770729,0.2005829079990878,1,"CMOEA_AOP_Trace_LIRCMOP5_N100_FE50000_run3_seed227503.mat"
"s06_mechanism","CMOEA-AOP-Trace","LIRCMOP6","LIR-CMOP",100,50000,1,227601,50034,44.3839,0.3722125377499184,0.1164182305467241,1,"CMOEA_AOP_Trace_LIRCMOP6_N100_FE50000_run1_seed227601.mat"
"s06_mechanism","CMOEA-AOP-Trace","LIRCMOP6","LIR-CMOP",100,50000,2,227602,50024,43.981,0.3550430452844168,0.05681042021992727,1,"CMOEA_AOP_Trace_LIRCMOP6_N100_FE50000_run2_seed227602.mat"
"s06_mechanism","CMOEA-AOP-Trace","LIRCMOP6","LIR-CMOP",100,50000,3,227603,50010,39.4205,0.2761463587428252,0.1125968801752023,1,"CMOEA_AOP_Trace_LIRCMOP6_N100_FE50000_run3_seed227603.mat"
"s06_mechanism","CMOEA-AOP-Trace","LIRCMOP7","LIR-CMOP",100,50000,1,227701,50112,45.6842,0.01668427266109178,0.2891291640222896,1,"CMOEA_AOP_Trace_LIRCMOP7_N100_FE50000_run1_seed227701.mat"
"s06_mechanism","CMOEA-AOP-Trace","LIRCMOP7","LIR-CMOP",100,50000,2,227702,50042,47.2307,0.03123211284358086,0.2814342490234263,1,"CMOEA_AOP_Trace_LIRCMOP7_N100_FE50000_run2_seed227702.mat"
"s06_mechanism","CMOEA-AOP-Trace","LIRCMOP7","LIR-CMOP",100,50000,3,227703,50054,43.5675,0.01304134314451993,0.2903917137027064,1,"CMOEA_AOP_Trace_LIRCMOP7_N100_FE50000_run3_seed227703.mat"
"s06_mechanism","CMOEA-AOP-Trace","LIRCMOP8","LIR-CMOP",100,50000,1,227801,50056,40.7909,0.009331620796641925,0.2931587844069392,1,"CMOEA_AOP_Trace_LIRCMOP8_N100_FE50000_run1_seed227801.mat"
"s06_mechanism","CMOEA-AOP-Trace","LIRCMOP8","LIR-CMOP",100,50000,2,227802,50016,42.1529,0.08734213884295937,0.2578303348397304,1,"CMOEA_AOP_Trace_LIRCMOP8_N100_FE50000_run2_seed227802.mat"
"s06_mechanism","CMOEA-AOP-Trace","LIRCMOP8","LIR-CMOP",100,50000,3,227803,50206,41.4781,0.1498276670141891,0.2378913835898918,1,"CMOEA_AOP_Trace_LIRCMOP8_N100_FE50000_run3_seed227803.mat"
"s06_mechanism","CMOEA-AOP-Trace","LIRCMOP9","LIR-CMOP",100,50000,1,227901,50136,48.7489,0.4227212517872745,0.3887085642789495,1,"CMOEA_AOP_Trace_LIRCMOP9_N100_FE50000_run1_seed227901.mat"
"s06_mechanism","CMOEA-AOP-Trace","LIRCMOP9","LIR-CMOP",100,50000,2,227902,50022,34.7911,0.2533348954102801,0.4880340040403914,1,"CMOEA_AOP_Trace_LIRCMOP9_N100_FE50000_run2_seed227902.mat"
"s06_mechanism","CMOEA-AOP-Trace","LIRCMOP9","LIR-CMOP",100,50000,3,227903,50018,53.8502,0.512825560478485,0.346263368245659,1,"CMOEA_AOP_Trace_LIRCMOP9_N100_FE50000_run3_seed227903.mat"
"s06_mechanism","Dual-Feasibility-Explore-AOP","CF10","CF",100,50000,1,287001,50000,10.346,0.3851534050839107,0.1740221806477241,1,"Dual_Feasibility_Explore_AOP_CF10_N100_FE50000_run1_seed287001.mat"
"s06_mechanism","Dual-Feasibility-Explore-AOP","CF10","CF",100,50000,2,287002,50000,9.5194,0.3534310429009391,0.1580188160557724,1,"Dual_Feasibility_Explore_AOP_CF10_N100_FE50000_run2_seed287002.mat"
"s06_mechanism","Dual-Feasibility-Explore-AOP","CF10","CF",100,50000,3,287003,50000,6.6976,0.1548899074142534,0.2829648860231964,1,"Dual_Feasibility_Explore_AOP_CF10_N100_FE50000_run3_seed287003.mat"
"s06_mechanism","Dual-Feasibility-Explore-AOP","CF1","CF",100,50000,1,286101,50000,6.2585,0.004502021556968339,0.5606619268718336,1,"Dual_Feasibility_Explore_AOP_CF1_N100_FE50000_run1_seed286101.mat"
"s06_mechanism","Dual-Feasibility-Explore-AOP","CF1","CF",100,50000,2,286102,50000,5.8954,0.005410617434101767,0.5595617142230065,1,"Dual_Feasibility_Explore_AOP_CF1_N100_FE50000_run2_seed286102.mat"
"s06_mechanism","Dual-Feasibility-Explore-AOP","CF1","CF",100,50000,3,286103,50000,7.8261,0.00437537758521531,0.5608030581747225,1,"Dual_Feasibility_Explore_AOP_CF1_N100_FE50000_run3_seed286103.mat"
"s06_mechanism","Dual-Feasibility-Explore-AOP","CF2","CF",100,50000,1,286201,50000,6.7172,0.02135262005980628,0.6538170556436161,1,"Dual_Feasibility_Explore_AOP_CF2_N100_FE50000_run1_seed286201.mat"
"s06_mechanism","Dual-Feasibility-Explore-AOP","CF2","CF",100,50000,2,286202,50000,6.4106,0.02395769590663728,0.6593179408561756,1,"Dual_Feasibility_Explore_AOP_CF2_N100_FE50000_run2_seed286202.mat"
"s06_mechanism","Dual-Feasibility-Explore-AOP","CF2","CF",100,50000,3,286203,50000,6.9484,0.02567381026072225,0.6534141508157002,1,"Dual_Feasibility_Explore_AOP_CF2_N100_FE50000_run3_seed286203.mat"
"s06_mechanism","Dual-Feasibility-Explore-AOP","CF3","CF",100,50000,1,286301,50000,4.7416,0.1063731311475032,0.2790991808842168,1,"Dual_Feasibility_Explore_AOP_CF3_N100_FE50000_run1_seed286301.mat"
"s06_mechanism","Dual-Feasibility-Explore-AOP","CF3","CF",100,50000,2,286302,50000,3.6776,0.1584989081609793,0.2688611511737865,1,"Dual_Feasibility_Explore_AOP_CF3_N100_FE50000_run2_seed286302.mat"
"s06_mechanism","Dual-Feasibility-Explore-AOP","CF3","CF",100,50000,3,286303,50000,5.3268,0.1151247790325948,0.2936875745882758,1,"Dual_Feasibility_Explore_AOP_CF3_N100_FE50000_run3_seed286303.mat"
"s06_mechanism","Dual-Feasibility-Explore-AOP","CF4","CF",100,50000,1,286401,50000,6.6107,0.04383086680879686,0.4808205496800136,1,"Dual_Feasibility_Explore_AOP_CF4_N100_FE50000_run1_seed286401.mat"
"s06_mechanism","Dual-Feasibility-Explore-AOP","CF4","CF",100,50000,2,286402,50000,6.5675,0.04828062461177333,0.4695199175172486,1,"Dual_Feasibility_Explore_AOP_CF4_N100_FE50000_run2_seed286402.mat"
"s06_mechanism","Dual-Feasibility-Explore-AOP","CF4","CF",100,50000,3,286403,50000,6.1324,0.06856497561240892,0.4497938203854181,1,"Dual_Feasibility_Explore_AOP_CF4_N100_FE50000_run3_seed286403.mat"
"s06_mechanism","Dual-Feasibility-Explore-AOP","CF5","CF",100,50000,1,286501,50000,5.5377,0.4842752825372371,0.08764183718670254,1,"Dual_Feasibility_Explore_AOP_CF5_N100_FE50000_run1_seed286501.mat"
"s06_mechanism","Dual-Feasibility-Explore-AOP","CF5","CF",100,50000,2,286502,50000,4.7651,0.105489128068818,0.3934373065869762,1,"Dual_Feasibility_Explore_AOP_CF5_N100_FE50000_run2_seed286502.mat"
"s06_mechanism","Dual-Feasibility-Explore-AOP","CF5","CF",100,50000,3,286503,50000,6.032,0.09210964683125479,0.4290162192922711,1,"Dual_Feasibility_Explore_AOP_CF5_N100_FE50000_run3_seed286503.mat"
"s06_mechanism","Dual-Feasibility-Explore-AOP","CF6","CF",100,50000,1,286601,50000,8.0622,0.04474750500239382,0.6561998946469102,1,"Dual_Feasibility_Explore_AOP_CF6_N100_FE50000_run1_seed286601.mat"
"s06_mechanism","Dual-Feasibility-Explore-AOP","CF6","CF",100,50000,2,286602,50000,7.8017,0.05217409052761231,0.6503268250197896,1,"Dual_Feasibility_Explore_AOP_CF6_N100_FE50000_run2_seed286602.mat"
"s06_mechanism","Dual-Feasibility-Explore-AOP","CF6","CF",100,50000,3,286603,50000,7.5434,0.02844612075718334,0.6638056949530449,1,"Dual_Feasibility_Explore_AOP_CF6_N100_FE50000_run3_seed286603.mat"
"s06_mechanism","Dual-Feasibility-Explore-AOP","CF7","CF",100,50000,1,286701,50000,4.9512,0.1107284459653049,0.5648525543915472,1,"Dual_Feasibility_Explore_AOP_CF7_N100_FE50000_run1_seed286701.mat"
"s06_mechanism","Dual-Feasibility-Explore-AOP","CF7","CF",100,50000,2,286702,50000,4.7402,0.1175063631498106,0.5668722981417558,1,"Dual_Feasibility_Explore_AOP_CF7_N100_FE50000_run2_seed286702.mat"
"s06_mechanism","Dual-Feasibility-Explore-AOP","CF7","CF",100,50000,3,286703,50000,6.7352,0.1717323209576676,0.5191955469988911,1,"Dual_Feasibility_Explore_AOP_CF7_N100_FE50000_run3_seed286703.mat"
"s06_mechanism","Dual-Feasibility-Explore-AOP","CF8","CF",100,50000,1,286801,50000,6.2301,0.1569933005273529,0.3445194715848256,1,"Dual_Feasibility_Explore_AOP_CF8_N100_FE50000_run1_seed286801.mat"
"s06_mechanism","Dual-Feasibility-Explore-AOP","CF8","CF",100,50000,2,286802,50000,6.4107,0.1920147713139196,0.2953002343557258,1,"Dual_Feasibility_Explore_AOP_CF8_N100_FE50000_run2_seed286802.mat"
"s06_mechanism","Dual-Feasibility-Explore-AOP","CF8","CF",100,50000,3,286803,50000,5.7959,0.2226550686041635,0.3357333026115762,1,"Dual_Feasibility_Explore_AOP_CF8_N100_FE50000_run3_seed286803.mat"
"s06_mechanism","Dual-Feasibility-Explore-AOP","CF9","CF",100,50000,1,286901,50000,5.6736,0.1133328605048,0.4022349686808886,1,"Dual_Feasibility_Explore_AOP_CF9_N100_FE50000_run1_seed286901.mat"
"s06_mechanism","Dual-Feasibility-Explore-AOP","CF9","CF",100,50000,2,286902,50000,5.198,0.09417520084766726,0.4265882376992761,1,"Dual_Feasibility_Explore_AOP_CF9_N100_FE50000_run2_seed286902.mat"
"s06_mechanism","Dual-Feasibility-Explore-AOP","CF9","CF",100,50000,3,286903,50000,7.6138,0.1144507499619067,0.4066083789313188,1,"Dual_Feasibility_Explore_AOP_CF9_N100_FE50000_run3_seed286903.mat"
"s06_mechanism","Dual-Feasibility-Explore-AOP","DASCMOP1","DAS-CMOP",100,50000,1,288501,50000,3.3788,0.007400861318022103,0.2099719739167099,1,"Dual_Feasibility_Explore_AOP_DASCMOP1_N100_FE50000_run1_seed288501.mat"
"s06_mechanism","Dual-Feasibility-Explore-AOP","DASCMOP1","DAS-CMOP",100,50000,2,288502,50000,3.2783,0.01020343883178621,0.2042052139800566,1,"Dual_Feasibility_Explore_AOP_DASCMOP1_N100_FE50000_run2_seed288502.mat"
"s06_mechanism","Dual-Feasibility-Explore-AOP","DASCMOP1","DAS-CMOP",100,50000,3,288503,50000,3.8341,0.0127391205783544,0.2076649259848538,1,"Dual_Feasibility_Explore_AOP_DASCMOP1_N100_FE50000_run3_seed288503.mat"
"s06_mechanism","Dual-Feasibility-Explore-AOP","DASCMOP2","DAS-CMOP",100,50000,1,288601,50000,4.2785,0.01216607129574891,0.3492831740019225,1,"Dual_Feasibility_Explore_AOP_DASCMOP2_N100_FE50000_run1_seed288601.mat"
"s06_mechanism","Dual-Feasibility-Explore-AOP","DASCMOP2","DAS-CMOP",100,50000,2,288602,50000,4.4877,0.008793723965627777,0.3513784791813989,1,"Dual_Feasibility_Explore_AOP_DASCMOP2_N100_FE50000_run2_seed288602.mat"
"s06_mechanism","Dual-Feasibility-Explore-AOP","DASCMOP2","DAS-CMOP",100,50000,3,288603,50000,4.5225,0.00932024316339492,0.3516228338904454,1,"Dual_Feasibility_Explore_AOP_DASCMOP2_N100_FE50000_run3_seed288603.mat"
"s06_mechanism","Dual-Feasibility-Explore-AOP","DASCMOP3","DAS-CMOP",100,50000,1,288701,50000,3.3284,0.02148827695867895,0.3106065381892486,1,"Dual_Feasibility_Explore_AOP_DASCMOP3_N100_FE50000_run1_seed288701.mat"
"s06_mechanism","Dual-Feasibility-Explore-AOP","DASCMOP3","DAS-CMOP",100,50000,2,288702,50000,3.1357,0.02581663347337724,0.3075952691005405,1,"Dual_Feasibility_Explore_AOP_DASCMOP3_N100_FE50000_run2_seed288702.mat"
"s06_mechanism","Dual-Feasibility-Explore-AOP","DASCMOP3","DAS-CMOP",100,50000,3,288703,50000,3.5669,0.02470102539309654,0.3087763449221227,1,"Dual_Feasibility_Explore_AOP_DASCMOP3_N100_FE50000_run3_seed288703.mat"
"s06_mechanism","Dual-Feasibility-Explore-AOP","DASCMOP4","DAS-CMOP",100,50000,1,288801,50000,4.2312,0.4715705096508496,0.02775057266181253,1,"Dual_Feasibility_Explore_AOP_DASCMOP4_N100_FE50000_run1_seed288801.mat"
"s06_mechanism","Dual-Feasibility-Explore-AOP","DASCMOP4","DAS-CMOP",100,50000,2,288802,50000,3.9569,0.4092512981386508,0.04691911404617355,1,"Dual_Feasibility_Explore_AOP_DASCMOP4_N100_FE50000_run2_seed288802.mat"
"s06_mechanism","Dual-Feasibility-Explore-AOP","DASCMOP4","DAS-CMOP",100,50000,3,288803,50000,4.4355,0.6230411925011483,0.003044441319200381,1,"Dual_Feasibility_Explore_AOP_DASCMOP4_N100_FE50000_run3_seed288803.mat"
"s06_mechanism","Dual-Feasibility-Explore-AOP","DASCMOP5","DAS-CMOP",100,50000,1,288901,50000,2.9444,0.5965615394716339,0.05001698377738069,1,"Dual_Feasibility_Explore_AOP_DASCMOP5_N100_FE50000_run1_seed288901.mat"
"s06_mechanism","Dual-Feasibility-Explore-AOP","DASCMOP5","DAS-CMOP",100,50000,2,288902,50000,2.9602,0.01436062511810295,0.3415988847802258,1,"Dual_Feasibility_Explore_AOP_DASCMOP5_N100_FE50000_run2_seed288902.mat"
"s06_mechanism","Dual-Feasibility-Explore-AOP","DASCMOP5","DAS-CMOP",100,50000,3,288903,50000,3.156,0.8515591367394038,0.01023494733978586,1,"Dual_Feasibility_Explore_AOP_DASCMOP5_N100_FE50000_run3_seed288903.mat"
"s06_mechanism","Dual-Feasibility-Explore-AOP","DASCMOP6","DAS-CMOP",100,50000,1,289001,50000,3.6936,0.5617569786104576,0.0451971749051963,1,"Dual_Feasibility_Explore_AOP_DASCMOP6_N100_FE50000_run1_seed289001.mat"
"s06_mechanism","Dual-Feasibility-Explore-AOP","DASCMOP6","DAS-CMOP",100,50000,2,289002,50000,4.0715,0.6862437828915029,0.02862216087104957,1,"Dual_Feasibility_Explore_AOP_DASCMOP6_N100_FE50000_run2_seed289002.mat"
"s06_mechanism","Dual-Feasibility-Explore-AOP","DASCMOP6","DAS-CMOP",100,50000,3,289003,50000,4.3244,0.5137023648351468,0.05543468232577973,1,"Dual_Feasibility_Explore_AOP_DASCMOP6_N100_FE50000_run3_seed289003.mat"
"s06_mechanism","Dual-Feasibility-Explore-AOP","DASCMOP7","DAS-CMOP",100,50000,1,289101,50000,3.3216,0.1012427225773998,0.2485689808417933,1,"Dual_Feasibility_Explore_AOP_DASCMOP7_N100_FE50000_run1_seed289101.mat"
"s06_mechanism","Dual-Feasibility-Explore-AOP","DASCMOP7","DAS-CMOP",100,50000,2,289102,50000,2.9861,0.884886522272576,0.01187293957397534,1,"Dual_Feasibility_Explore_AOP_DASCMOP7_N100_FE50000_run2_seed289102.mat"
"s06_mechanism","Dual-Feasibility-Explore-AOP","DASCMOP7","DAS-CMOP",100,50000,3,289103,50000,4.03,0.7270986218306291,0.03690739803130072,1,"Dual_Feasibility_Explore_AOP_DASCMOP7_N100_FE50000_run3_seed289103.mat"
"s06_mechanism","Dual-Feasibility-Explore-AOP","DASCMOP8","DAS-CMOP",100,50000,1,289201,50000,4.0421,0.05264754252560479,0.2048098751391138,1,"Dual_Feasibility_Explore_AOP_DASCMOP8_N100_FE50000_run1_seed289201.mat"
"s06_mechanism","Dual-Feasibility-Explore-AOP","DASCMOP8","DAS-CMOP",100,50000,2,289202,50000,3.8454,0.4047785742690169,0.0283662483480512,1,"Dual_Feasibility_Explore_AOP_DASCMOP8_N100_FE50000_run2_seed289202.mat"
"s06_mechanism","Dual-Feasibility-Explore-AOP","DASCMOP8","DAS-CMOP",100,50000,3,289203,50000,4.7516,0.6497745888063056,0.009644255368655288,1,"Dual_Feasibility_Explore_AOP_DASCMOP8_N100_FE50000_run3_seed289203.mat"
"s06_mechanism","Dual-Feasibility-Explore-AOP","DASCMOP9","DAS-CMOP",100,50000,1,289301,50000,3.555,0.0707705138408907,0.1972494621537957,1,"Dual_Feasibility_Explore_AOP_DASCMOP9_N100_FE50000_run1_seed289301.mat"
"s06_mechanism","Dual-Feasibility-Explore-AOP","DASCMOP9","DAS-CMOP",100,50000,2,289302,50000,3.4843,0.04750001417148558,0.2041251552855531,1,"Dual_Feasibility_Explore_AOP_DASCMOP9_N100_FE50000_run2_seed289302.mat"
"s06_mechanism","Dual-Feasibility-Explore-AOP","DASCMOP9","DAS-CMOP",100,50000,3,289303,50000,3.8412,0.06737320424923858,0.2009320681454758,1,"Dual_Feasibility_Explore_AOP_DASCMOP9_N100_FE50000_run3_seed289303.mat"
"s06_mechanism","Dual-Feasibility-Explore-AOP","LIRCMOP10","LIR-CMOP",100,50000,1,288001,50000,8.3301,0.2218457547202287,0.5994561400858418,1,"Dual_Feasibility_Explore_AOP_LIRCMOP10_N100_FE50000_run1_seed288001.mat"
"s06_mechanism","Dual-Feasibility-Explore-AOP","LIRCMOP10","LIR-CMOP",100,50000,2,288002,50000,7.7873,0.2308030433495874,0.587998365945361,1,"Dual_Feasibility_Explore_AOP_LIRCMOP10_N100_FE50000_run2_seed288002.mat"
"s06_mechanism","Dual-Feasibility-Explore-AOP","LIRCMOP10","LIR-CMOP",100,50000,3,288003,50000,9.4616,0.2306935235907504,0.5875257355462609,1,"Dual_Feasibility_Explore_AOP_LIRCMOP10_N100_FE50000_run3_seed288003.mat"
"s06_mechanism","Dual-Feasibility-Explore-AOP","LIRCMOP11","LIR-CMOP",100,50000,1,288101,50000,5.0797,0.1449799406887018,0.5997142736914509,1,"Dual_Feasibility_Explore_AOP_LIRCMOP11_N100_FE50000_run1_seed288101.mat"
"s06_mechanism","Dual-Feasibility-Explore-AOP","LIRCMOP11","LIR-CMOP",100,50000,2,288102,50000,5.3046,0.1453742583964721,0.5997956589250623,1,"Dual_Feasibility_Explore_AOP_LIRCMOP11_N100_FE50000_run2_seed288102.mat"
"s06_mechanism","Dual-Feasibility-Explore-AOP","LIRCMOP11","LIR-CMOP",100,50000,3,288103,50000,5.8551,0.08429182791655061,0.6470607440873478,1,"Dual_Feasibility_Explore_AOP_LIRCMOP11_N100_FE50000_run3_seed288103.mat"
"s06_mechanism","Dual-Feasibility-Explore-AOP","LIRCMOP12","LIR-CMOP",100,50000,1,288201,50000,5.3575,0.1589067544062545,0.5366545012049868,1,"Dual_Feasibility_Explore_AOP_LIRCMOP12_N100_FE50000_run1_seed288201.mat"
"s06_mechanism","Dual-Feasibility-Explore-AOP","LIRCMOP12","LIR-CMOP",100,50000,2,288202,50000,5.5474,0.1711429230887834,0.5229815917928446,1,"Dual_Feasibility_Explore_AOP_LIRCMOP12_N100_FE50000_run2_seed288202.mat"
"s06_mechanism","Dual-Feasibility-Explore-AOP","LIRCMOP12","LIR-CMOP",100,50000,3,288203,50000,6.5208,0.1977411827605809,0.5091674489020888,1,"Dual_Feasibility_Explore_AOP_LIRCMOP12_N100_FE50000_run3_seed288203.mat"
"s06_mechanism","Dual-Feasibility-Explore-AOP","LIRCMOP13","LIR-CMOP",100,50000,1,288301,50000,8.2629,0.09863196757670464,0.5392113892765211,1,"Dual_Feasibility_Explore_AOP_LIRCMOP13_N100_FE50000_run1_seed288301.mat"
"s06_mechanism","Dual-Feasibility-Explore-AOP","LIRCMOP13","LIR-CMOP",100,50000,2,288302,50000,7.7685,0.09841898169151835,0.5412786998773633,1,"Dual_Feasibility_Explore_AOP_LIRCMOP13_N100_FE50000_run2_seed288302.mat"
"s06_mechanism","Dual-Feasibility-Explore-AOP","LIRCMOP13","LIR-CMOP",100,50000,3,288303,50000,8.8544,0.09682398633290311,0.5455167355185073,1,"Dual_Feasibility_Explore_AOP_LIRCMOP13_N100_FE50000_run3_seed288303.mat"
"s06_mechanism","Dual-Feasibility-Explore-AOP","LIRCMOP14","LIR-CMOP",100,50000,1,288401,50000,9.7939,0.09879282389483063,0.551127181798041,1,"Dual_Feasibility_Explore_AOP_LIRCMOP14_N100_FE50000_run1_seed288401.mat"
"s06_mechanism","Dual-Feasibility-Explore-AOP","LIRCMOP14","LIR-CMOP",100,50000,2,288402,50000,9.7414,0.09706790929011008,0.5505465504464486,1,"Dual_Feasibility_Explore_AOP_LIRCMOP14_N100_FE50000_run2_seed288402.mat"
"s06_mechanism","Dual-Feasibility-Explore-AOP","LIRCMOP14","LIR-CMOP",100,50000,3,288403,50000,9.8772,0.09608635595567042,0.5532023795483606,1,"Dual_Feasibility_Explore_AOP_LIRCMOP14_N100_FE50000_run3_seed288403.mat"
"s06_mechanism","Dual-Feasibility-Explore-AOP","LIRCMOP1","LIR-CMOP",100,50000,1,287101,50000,3.3712,0.2930694668880764,0.1158601622120166,1,"Dual_Feasibility_Explore_AOP_LIRCMOP1_N100_FE50000_run1_seed287101.mat"
"s06_mechanism","Dual-Feasibility-Explore-AOP","LIRCMOP1","LIR-CMOP",100,50000,2,287102,50000,3.4811,0.287389213936518,0.1198746954092869,1,"Dual_Feasibility_Explore_AOP_LIRCMOP1_N100_FE50000_run2_seed287102.mat"
"s06_mechanism","Dual-Feasibility-Explore-AOP","LIRCMOP1","LIR-CMOP",100,50000,3,287103,50000,4.8356,0.2738996188402521,0.1174154054166326,1,"Dual_Feasibility_Explore_AOP_LIRCMOP1_N100_FE50000_run3_seed287103.mat"
"s06_mechanism","Dual-Feasibility-Explore-AOP","LIRCMOP2","LIR-CMOP",100,50000,1,287201,50000,4.9578,0.1540591292995463,0.2614422262048834,1,"Dual_Feasibility_Explore_AOP_LIRCMOP2_N100_FE50000_run1_seed287201.mat"
"s06_mechanism","Dual-Feasibility-Explore-AOP","LIRCMOP2","LIR-CMOP",100,50000,2,287202,50000,5.3662,0.2847047777856668,0.2129887049920976,1,"Dual_Feasibility_Explore_AOP_LIRCMOP2_N100_FE50000_run2_seed287202.mat"
"s06_mechanism","Dual-Feasibility-Explore-AOP","LIRCMOP2","LIR-CMOP",100,50000,3,287203,50000,5.3807,0.2069082927704464,0.2565263525274207,1,"Dual_Feasibility_Explore_AOP_LIRCMOP2_N100_FE50000_run3_seed287203.mat"
"s06_mechanism","Dual-Feasibility-Explore-AOP","LIRCMOP3","LIR-CMOP",100,50000,1,287301,50000,3.8325,0.2209720724142259,0.1241063531585959,1,"Dual_Feasibility_Explore_AOP_LIRCMOP3_N100_FE50000_run1_seed287301.mat"
"s06_mechanism","Dual-Feasibility-Explore-AOP","LIRCMOP3","LIR-CMOP",100,50000,2,287302,50000,3.7723,0.2735166444663412,0.1081051713453058,1,"Dual_Feasibility_Explore_AOP_LIRCMOP3_N100_FE50000_run2_seed287302.mat"
"s06_mechanism","Dual-Feasibility-Explore-AOP","LIRCMOP3","LIR-CMOP",100,50000,3,287303,50000,4.8301,0.2781354750798877,0.1046062478322187,1,"Dual_Feasibility_Explore_AOP_LIRCMOP3_N100_FE50000_run3_seed287303.mat"
"s06_mechanism","Dual-Feasibility-Explore-AOP","LIRCMOP4","LIR-CMOP",100,50000,1,287401,50000,5.2225,0.2118683858141026,0.2205315831076392,1,"Dual_Feasibility_Explore_AOP_LIRCMOP4_N100_FE50000_run1_seed287401.mat"
"s06_mechanism","Dual-Feasibility-Explore-AOP","LIRCMOP4","LIR-CMOP",100,50000,2,287402,50000,5.0204,0.2707016986925321,0.1933292828241799,1,"Dual_Feasibility_Explore_AOP_LIRCMOP4_N100_FE50000_run2_seed287402.mat"
"s06_mechanism","Dual-Feasibility-Explore-AOP","LIRCMOP4","LIR-CMOP",100,50000,3,287403,50000,5.4286,0.224559845653318,0.2161687563464148,1,"Dual_Feasibility_Explore_AOP_LIRCMOP4_N100_FE50000_run3_seed287403.mat"
"s06_mechanism","Dual-Feasibility-Explore-AOP","LIRCMOP5","LIR-CMOP",100,50000,1,287501,50000,3.5533,0.274653998127699,0.1565472419175066,1,"Dual_Feasibility_Explore_AOP_LIRCMOP5_N100_FE50000_run1_seed287501.mat"
"s06_mechanism","Dual-Feasibility-Explore-AOP","LIRCMOP5","LIR-CMOP",100,50000,2,287502,50000,3.9032,0.236157773010679,0.1680232999950584,1,"Dual_Feasibility_Explore_AOP_LIRCMOP5_N100_FE50000_run2_seed287502.mat"
"s06_mechanism","Dual-Feasibility-Explore-AOP","LIRCMOP5","LIR-CMOP",100,50000,3,287503,50000,5.0321,0.2624870706083323,0.1602819955848403,1,"Dual_Feasibility_Explore_AOP_LIRCMOP5_N100_FE50000_run3_seed287503.mat"
"s06_mechanism","Dual-Feasibility-Explore-AOP","LIRCMOP6","LIR-CMOP",100,50000,1,287601,50000,6.3607,0.291007399888523,0.1342024948602114,1,"Dual_Feasibility_Explore_AOP_LIRCMOP6_N100_FE50000_run1_seed287601.mat"
"s06_mechanism","Dual-Feasibility-Explore-AOP","LIRCMOP6","LIR-CMOP",100,50000,2,287602,50000,5.9855,0.2552432679405337,0.1400582148541261,1,"Dual_Feasibility_Explore_AOP_LIRCMOP6_N100_FE50000_run2_seed287602.mat"
"s06_mechanism","Dual-Feasibility-Explore-AOP","LIRCMOP6","LIR-CMOP",100,50000,3,287603,50000,6.7978,0.06550213537955056,0.1727471766430993,1,"Dual_Feasibility_Explore_AOP_LIRCMOP6_N100_FE50000_run3_seed287603.mat"
"s06_mechanism","Dual-Feasibility-Explore-AOP","LIRCMOP7","LIR-CMOP",100,50000,1,287701,50000,3.2511,0.01179866603126998,0.2916999714273213,1,"Dual_Feasibility_Explore_AOP_LIRCMOP7_N100_FE50000_run1_seed287701.mat"
"s06_mechanism","Dual-Feasibility-Explore-AOP","LIRCMOP7","LIR-CMOP",100,50000,2,287702,50000,3.3643,0.02132481037976645,0.2866987716348284,1,"Dual_Feasibility_Explore_AOP_LIRCMOP7_N100_FE50000_run2_seed287702.mat"
"s06_mechanism","Dual-Feasibility-Explore-AOP","LIRCMOP7","LIR-CMOP",100,50000,3,287703,50000,4.2148,0.03970720025865874,0.2757156747627508,1,"Dual_Feasibility_Explore_AOP_LIRCMOP7_N100_FE50000_run3_seed287703.mat"
"s06_mechanism","Dual-Feasibility-Explore-AOP","LIRCMOP8","LIR-CMOP",100,50000,1,287801,50000,4.4218,0.04490472944153882,0.2722573132158833,1,"Dual_Feasibility_Explore_AOP_LIRCMOP8_N100_FE50000_run1_seed287801.mat"
"s06_mechanism","Dual-Feasibility-Explore-AOP","LIRCMOP8","LIR-CMOP",100,50000,2,287802,50000,4.6354,0.0862081049662396,0.2572600031143628,1,"Dual_Feasibility_Explore_AOP_LIRCMOP8_N100_FE50000_run2_seed287802.mat"
"s06_mechanism","Dual-Feasibility-Explore-AOP","LIRCMOP8","LIR-CMOP",100,50000,3,287803,50000,4.9634,0.09769933410295362,0.2538157954045735,1,"Dual_Feasibility_Explore_AOP_LIRCMOP8_N100_FE50000_run3_seed287803.mat"
"s06_mechanism","Dual-Feasibility-Explore-AOP","LIRCMOP9","LIR-CMOP",100,50000,1,287901,50000,5.3481,0.4239978398649527,0.3825951353541377,1,"Dual_Feasibility_Explore_AOP_LIRCMOP9_N100_FE50000_run1_seed287901.mat"
"s06_mechanism","Dual-Feasibility-Explore-AOP","LIRCMOP9","LIR-CMOP",100,50000,2,287902,50000,5.0923,0.5063800843425239,0.3581374592341821,1,"Dual_Feasibility_Explore_AOP_LIRCMOP9_N100_FE50000_run2_seed287902.mat"
"s06_mechanism","Dual-Feasibility-Explore-AOP","LIRCMOP9","LIR-CMOP",100,50000,3,287903,50000,6.2537,0.4155027037723632,0.3901530321669673,1,"Dual_Feasibility_Explore_AOP_LIRCMOP9_N100_FE50000_run3_seed287903.mat"
"s06_mechanism","Dual-Survival-Credit-AOP","CF10","CF",100,50000,1,277001,50000,6.2008,0.3930840635503482,0.1045519065116315,1,"Dual_Survival_Credit_AOP_CF10_N100_FE50000_run1_seed277001.mat"
"s06_mechanism","Dual-Survival-Credit-AOP","CF10","CF",100,50000,2,277002,50000,6.6175,0.2863996871658941,0.2100000678826847,1,"Dual_Survival_Credit_AOP_CF10_N100_FE50000_run2_seed277002.mat"
"s06_mechanism","Dual-Survival-Credit-AOP","CF10","CF",100,50000,3,277003,50000,7.3475,0.2515140301912208,0.2317184189737386,1,"Dual_Survival_Credit_AOP_CF10_N100_FE50000_run3_seed277003.mat"
"s06_mechanism","Dual-Survival-Credit-AOP","CF1","CF",100,50000,1,276101,50000,7.0808,0.005204105872122861,0.5598263334588385,1,"Dual_Survival_Credit_AOP_CF1_N100_FE50000_run1_seed276101.mat"
"s06_mechanism","Dual-Survival-Credit-AOP","CF1","CF",100,50000,2,276102,50000,6.5129,0.003891444087908088,0.5613870149877958,1,"Dual_Survival_Credit_AOP_CF1_N100_FE50000_run2_seed276102.mat"
"s06_mechanism","Dual-Survival-Credit-AOP","CF1","CF",100,50000,3,276103,50000,6.9103,0.005105940888295743,0.5599009298109888,1,"Dual_Survival_Credit_AOP_CF1_N100_FE50000_run3_seed276103.mat"
"s06_mechanism","Dual-Survival-Credit-AOP","CF2","CF",100,50000,1,276201,50000,7.0243,0.02879656972978325,0.6444148225272113,1,"Dual_Survival_Credit_AOP_CF2_N100_FE50000_run1_seed276201.mat"
"s06_mechanism","Dual-Survival-Credit-AOP","CF2","CF",100,50000,2,276202,50000,6.0589,0.02876726764426812,0.6404470932762001,1,"Dual_Survival_Credit_AOP_CF2_N100_FE50000_run2_seed276202.mat"
"s06_mechanism","Dual-Survival-Credit-AOP","CF2","CF",100,50000,3,276203,50000,6.1243,0.03678228562525125,0.6461024570026996,1,"Dual_Survival_Credit_AOP_CF2_N100_FE50000_run3_seed276203.mat"
"s06_mechanism","Dual-Survival-Credit-AOP","CF3","CF",100,50000,1,276301,50000,5.3063,0.2779377520651093,0.1250697755308935,1,"Dual_Survival_Credit_AOP_CF3_N100_FE50000_run1_seed276301.mat"
"s06_mechanism","Dual-Survival-Credit-AOP","CF3","CF",100,50000,2,276302,50000,6.1832,0.111356633626664,0.278892350979196,1,"Dual_Survival_Credit_AOP_CF3_N100_FE50000_run2_seed276302.mat"
"s06_mechanism","Dual-Survival-Credit-AOP","CF3","CF",100,50000,3,276303,50000,5.4733,0.1189499389867729,0.3026901969805669,1,"Dual_Survival_Credit_AOP_CF3_N100_FE50000_run3_seed276303.mat"
"s06_mechanism","Dual-Survival-Credit-AOP","CF4","CF",100,50000,1,276401,50000,6.667,0.04949824868604848,0.4646887075484948,1,"Dual_Survival_Credit_AOP_CF4_N100_FE50000_run1_seed276401.mat"
"s06_mechanism","Dual-Survival-Credit-AOP","CF4","CF",100,50000,2,276402,50000,6.0095,0.03736866116356474,0.4897057804570892,1,"Dual_Survival_Credit_AOP_CF4_N100_FE50000_run2_seed276402.mat"
"s06_mechanism","Dual-Survival-Credit-AOP","CF4","CF",100,50000,3,276403,50000,6.2026,0.06565775048491485,0.4487777426885944,1,"Dual_Survival_Credit_AOP_CF4_N100_FE50000_run3_seed276403.mat"
"s06_mechanism","Dual-Survival-Credit-AOP","CF5","CF",100,50000,1,276501,50000,6.6361,0.09357238304968253,0.4168148404760488,1,"Dual_Survival_Credit_AOP_CF5_N100_FE50000_run1_seed276501.mat"
"s06_mechanism","Dual-Survival-Credit-AOP","CF5","CF",100,50000,2,276502,50000,6.51,0.3630480093169801,0.280534910190721,1,"Dual_Survival_Credit_AOP_CF5_N100_FE50000_run2_seed276502.mat"
"s06_mechanism","Dual-Survival-Credit-AOP","CF5","CF",100,50000,3,276503,50000,7.1886,0.1047124107922921,0.4022685545058931,1,"Dual_Survival_Credit_AOP_CF5_N100_FE50000_run3_seed276503.mat"
"s06_mechanism","Dual-Survival-Credit-AOP","CF6","CF",100,50000,1,276601,50000,8.724,0.03771606212899051,0.6590143314526009,1,"Dual_Survival_Credit_AOP_CF6_N100_FE50000_run1_seed276601.mat"
"s06_mechanism","Dual-Survival-Credit-AOP","CF6","CF",100,50000,2,276602,50000,7.7145,0.04454301792544482,0.6561758596538416,1,"Dual_Survival_Credit_AOP_CF6_N100_FE50000_run2_seed276602.mat"
"s06_mechanism","Dual-Survival-Credit-AOP","CF6","CF",100,50000,3,276603,50000,7.6266,0.04812086218251444,0.6549828901586348,1,"Dual_Survival_Credit_AOP_CF6_N100_FE50000_run3_seed276603.mat"
"s06_mechanism","Dual-Survival-Credit-AOP","CF7","CF",100,50000,1,276701,50000,6.6731,0.1069453321929732,0.5652638265883605,1,"Dual_Survival_Credit_AOP_CF7_N100_FE50000_run1_seed276701.mat"
"s06_mechanism","Dual-Survival-Credit-AOP","CF7","CF",100,50000,2,276702,50000,6.642,0.1128295971701254,0.5640651950050606,1,"Dual_Survival_Credit_AOP_CF7_N100_FE50000_run2_seed276702.mat"
"s06_mechanism","Dual-Survival-Credit-AOP","CF7","CF",100,50000,3,276703,50000,6.0341,0.1175720423705745,0.5620516047529353,1,"Dual_Survival_Credit_AOP_CF7_N100_FE50000_run3_seed276703.mat"
"s06_mechanism","Dual-Survival-Credit-AOP","CF8","CF",100,50000,1,276801,50000,5.688,0.1711547022263016,0.3417913665945751,1,"Dual_Survival_Credit_AOP_CF8_N100_FE50000_run1_seed276801.mat"
"s06_mechanism","Dual-Survival-Credit-AOP","CF8","CF",100,50000,2,276802,50000,6.3791,0.1713341677271715,0.332310601277854,1,"Dual_Survival_Credit_AOP_CF8_N100_FE50000_run2_seed276802.mat"
"s06_mechanism","Dual-Survival-Credit-AOP","CF8","CF",100,50000,3,276803,50000,6.4302,0.149818528369924,0.3411505717506599,1,"Dual_Survival_Credit_AOP_CF8_N100_FE50000_run3_seed276803.mat"
"s06_mechanism","Dual-Survival-Credit-AOP","CF9","CF",100,50000,1,276901,50000,7.6896,0.0910745131854669,0.4314632226622526,1,"Dual_Survival_Credit_AOP_CF9_N100_FE50000_run1_seed276901.mat"
"s06_mechanism","Dual-Survival-Credit-AOP","CF9","CF",100,50000,2,276902,50000,7.6685,0.08889504404933801,0.4336051684191454,1,"Dual_Survival_Credit_AOP_CF9_N100_FE50000_run2_seed276902.mat"
"s06_mechanism","Dual-Survival-Credit-AOP","CF9","CF",100,50000,3,276903,50000,7.3238,0.111539435504158,0.4106618956781791,1,"Dual_Survival_Credit_AOP_CF9_N100_FE50000_run3_seed276903.mat"
"s06_mechanism","Dual-Survival-Credit-AOP","DASCMOP1","DAS-CMOP",100,50000,1,278501,50000,5.2943,0.008175559221254356,0.2089423120767361,1,"Dual_Survival_Credit_AOP_DASCMOP1_N100_FE50000_run1_seed278501.mat"
"s06_mechanism","Dual-Survival-Credit-AOP","DASCMOP1","DAS-CMOP",100,50000,2,278502,50000,5.0863,0.009082722783581427,0.2112710097689377,1,"Dual_Survival_Credit_AOP_DASCMOP1_N100_FE50000_run2_seed278502.mat"
"s06_mechanism","Dual-Survival-Credit-AOP","DASCMOP1","DAS-CMOP",100,50000,3,278503,50000,4.9191,0.0111507914515835,0.2073066544715683,1,"Dual_Survival_Credit_AOP_DASCMOP1_N100_FE50000_run3_seed278503.mat"
"s06_mechanism","Dual-Survival-Credit-AOP","DASCMOP2","DAS-CMOP",100,50000,1,278601,50000,3.942,0.01373514894671135,0.3482146407248803,1,"Dual_Survival_Credit_AOP_DASCMOP2_N100_FE50000_run1_seed278601.mat"
"s06_mechanism","Dual-Survival-Credit-AOP","DASCMOP2","DAS-CMOP",100,50000,2,278602,50000,3.4414,0.00963268410373121,0.3509012806048133,1,"Dual_Survival_Credit_AOP_DASCMOP2_N100_FE50000_run2_seed278602.mat"
"s06_mechanism","Dual-Survival-Credit-AOP","DASCMOP2","DAS-CMOP",100,50000,3,278603,50000,4.9325,0.008096136212655675,0.3524378283666514,1,"Dual_Survival_Credit_AOP_DASCMOP2_N100_FE50000_run3_seed278603.mat"
"s06_mechanism","Dual-Survival-Credit-AOP","DASCMOP3","DAS-CMOP",100,50000,1,278701,50000,4.6401,0.03225094282768549,0.298341033966994,1,"Dual_Survival_Credit_AOP_DASCMOP3_N100_FE50000_run1_seed278701.mat"
"s06_mechanism","Dual-Survival-Credit-AOP","DASCMOP3","DAS-CMOP",100,50000,2,278702,50000,4.6771,0.02301892073595342,0.3071448667168192,1,"Dual_Survival_Credit_AOP_DASCMOP3_N100_FE50000_run2_seed278702.mat"
"s06_mechanism","Dual-Survival-Credit-AOP","DASCMOP3","DAS-CMOP",100,50000,3,278703,50000,4.5761,0.02333387437935708,0.3054313042092817,1,"Dual_Survival_Credit_AOP_DASCMOP3_N100_FE50000_run3_seed278703.mat"
"s06_mechanism","Dual-Survival-Credit-AOP","DASCMOP4","DAS-CMOP",100,50000,1,278801,50000,3.6337,0.438871005167825,0.04035441940950808,1,"Dual_Survival_Credit_AOP_DASCMOP4_N100_FE50000_run1_seed278801.mat"
"s06_mechanism","Dual-Survival-Credit-AOP","DASCMOP4","DAS-CMOP",100,50000,2,278802,50000,3.3169,0.2753053459129941,0.09198911480608016,1,"Dual_Survival_Credit_AOP_DASCMOP4_N100_FE50000_run2_seed278802.mat"
"s06_mechanism","Dual-Survival-Credit-AOP","DASCMOP4","DAS-CMOP",100,50000,3,278803,50000,4.9799,0.4411769704982663,0.04039959719049075,1,"Dual_Survival_Credit_AOP_DASCMOP4_N100_FE50000_run3_seed278803.mat"
"s06_mechanism","Dual-Survival-Credit-AOP","DASCMOP5","DAS-CMOP",100,50000,1,278901,50000,4.438,0.4084350308692264,0.110656215610086,1,"Dual_Survival_Credit_AOP_DASCMOP5_N100_FE50000_run1_seed278901.mat"
"s06_mechanism","Dual-Survival-Credit-AOP","DASCMOP5","DAS-CMOP",100,50000,2,278902,50000,4.3834,0.5103664354321553,0.06944171911214908,1,"Dual_Survival_Credit_AOP_DASCMOP5_N100_FE50000_run2_seed278902.mat"
"s06_mechanism","Dual-Survival-Credit-AOP","DASCMOP5","DAS-CMOP",100,50000,3,278903,50000,4.6903,0.170477245064968,0.2422137087309761,1,"Dual_Survival_Credit_AOP_DASCMOP5_N100_FE50000_run3_seed278903.mat"
"s06_mechanism","Dual-Survival-Credit-AOP","DASCMOP6","DAS-CMOP",100,50000,1,279001,50000,3.4315,0.6348397096336809,0.03270726676555234,1,"Dual_Survival_Credit_AOP_DASCMOP6_N100_FE50000_run1_seed279001.mat"
"s06_mechanism","Dual-Survival-Credit-AOP","DASCMOP6","DAS-CMOP",100,50000,2,279002,50000,3.4194,0.4442377089046014,0.07717096972114063,1,"Dual_Survival_Credit_AOP_DASCMOP6_N100_FE50000_run2_seed279002.mat"
"s06_mechanism","Dual-Survival-Credit-AOP","DASCMOP6","DAS-CMOP",100,50000,3,279003,50000,4.6866,0.6407761067710672,0.03375432414021966,1,"Dual_Survival_Credit_AOP_DASCMOP6_N100_FE50000_run3_seed279003.mat"
"s06_mechanism","Dual-Survival-Credit-AOP","DASCMOP7","DAS-CMOP",100,50000,1,279101,50000,4.6308,0.05492831000778224,0.2766106768669129,1,"Dual_Survival_Credit_AOP_DASCMOP7_N100_FE50000_run1_seed279101.mat"
"s06_mechanism","Dual-Survival-Credit-AOP","DASCMOP7","DAS-CMOP",100,50000,2,279102,50000,4.5594,0.8038589885154874,0.02727211022423948,1,"Dual_Survival_Credit_AOP_DASCMOP7_N100_FE50000_run2_seed279102.mat"
"s06_mechanism","Dual-Survival-Credit-AOP","DASCMOP7","DAS-CMOP",100,50000,3,279103,50000,5.5862,0.3429793875248416,0.1392295950759667,1,"Dual_Survival_Credit_AOP_DASCMOP7_N100_FE50000_run3_seed279103.mat"
"s06_mechanism","Dual-Survival-Credit-AOP","DASCMOP8","DAS-CMOP",100,50000,1,279201,50000,3.681,0.5629305243695615,0.05997090363486655,1,"Dual_Survival_Credit_AOP_DASCMOP8_N100_FE50000_run1_seed279201.mat"
"s06_mechanism","Dual-Survival-Credit-AOP","DASCMOP8","DAS-CMOP",100,50000,2,279202,50000,3.3993,0.4416779036481995,0.1190160125559148,1,"Dual_Survival_Credit_AOP_DASCMOP8_N100_FE50000_run2_seed279202.mat"
"s06_mechanism","Dual-Survival-Credit-AOP","DASCMOP8","DAS-CMOP",100,50000,3,279203,50000,4.327,0.8715554561826004,0,1,"Dual_Survival_Credit_AOP_DASCMOP8_N100_FE50000_run3_seed279203.mat"
"s06_mechanism","Dual-Survival-Credit-AOP","DASCMOP9","DAS-CMOP",100,50000,1,279301,50000,4.8771,0.05383091820866987,0.2032030598394512,1,"Dual_Survival_Credit_AOP_DASCMOP9_N100_FE50000_run1_seed279301.mat"
"s06_mechanism","Dual-Survival-Credit-AOP","DASCMOP9","DAS-CMOP",100,50000,2,279302,50000,4.8392,0.04970627074610901,0.2027211185845035,1,"Dual_Survival_Credit_AOP_DASCMOP9_N100_FE50000_run2_seed279302.mat"
"s06_mechanism","Dual-Survival-Credit-AOP","DASCMOP9","DAS-CMOP",100,50000,3,279303,50000,5.676,0.05145302475465285,0.2035070744029186,1,"Dual_Survival_Credit_AOP_DASCMOP9_N100_FE50000_run3_seed279303.mat"
"s06_mechanism","Dual-Survival-Credit-AOP","LIRCMOP10","LIR-CMOP",100,50000,1,278001,50000,8.3954,0.2197385052436968,0.5977353677141309,1,"Dual_Survival_Credit_AOP_LIRCMOP10_N100_FE50000_run1_seed278001.mat"
"s06_mechanism","Dual-Survival-Credit-AOP","LIRCMOP10","LIR-CMOP",100,50000,2,278002,50000,6.919,0.2210599233886208,0.5956034833595751,1,"Dual_Survival_Credit_AOP_LIRCMOP10_N100_FE50000_run2_seed278002.mat"
"s06_mechanism","Dual-Survival-Credit-AOP","LIRCMOP10","LIR-CMOP",100,50000,3,278003,50000,7.6738,0.1428401512321265,0.6403005563557395,1,"Dual_Survival_Credit_AOP_LIRCMOP10_N100_FE50000_run3_seed278003.mat"
"s06_mechanism","Dual-Survival-Credit-AOP","LIRCMOP11","LIR-CMOP",100,50000,1,278101,50000,7.3908,0.0906653764528607,0.6389584156521603,1,"Dual_Survival_Credit_AOP_LIRCMOP11_N100_FE50000_run1_seed278101.mat"
"s06_mechanism","Dual-Survival-Credit-AOP","LIRCMOP11","LIR-CMOP",100,50000,2,278102,50000,7.2206,0.1436506908553125,0.600872032156759,1,"Dual_Survival_Credit_AOP_LIRCMOP11_N100_FE50000_run2_seed278102.mat"
"s06_mechanism","Dual-Survival-Credit-AOP","LIRCMOP11","LIR-CMOP",100,50000,3,278103,50000,7.1018,0.1446835755017103,0.6004260564561499,1,"Dual_Survival_Credit_AOP_LIRCMOP11_N100_FE50000_run3_seed278103.mat"
"s06_mechanism","Dual-Survival-Credit-AOP","LIRCMOP12","LIR-CMOP",100,50000,1,278201,50000,5.2628,0.1658884744473951,0.5316184038189609,1,"Dual_Survival_Credit_AOP_LIRCMOP12_N100_FE50000_run1_seed278201.mat"
"s06_mechanism","Dual-Survival-Credit-AOP","LIRCMOP12","LIR-CMOP",100,50000,2,278202,50000,5.136,0.1703703055092569,0.5276025569184054,1,"Dual_Survival_Credit_AOP_LIRCMOP12_N100_FE50000_run2_seed278202.mat"
"s06_mechanism","Dual-Survival-Credit-AOP","LIRCMOP12","LIR-CMOP",100,50000,3,278203,50000,7.5608,0.211887484616503,0.494492992893273,1,"Dual_Survival_Credit_AOP_LIRCMOP12_N100_FE50000_run3_seed278203.mat"
"s06_mechanism","Dual-Survival-Credit-AOP","LIRCMOP13","LIR-CMOP",100,50000,1,278301,50000,13.0585,0.09678886705199363,0.5428447382770452,1,"Dual_Survival_Credit_AOP_LIRCMOP13_N100_FE50000_run1_seed278301.mat"
"s06_mechanism","Dual-Survival-Credit-AOP","LIRCMOP13","LIR-CMOP",100,50000,2,278302,50000,12.5952,0.09717327662141685,0.539718704789935,1,"Dual_Survival_Credit_AOP_LIRCMOP13_N100_FE50000_run2_seed278302.mat"
"s06_mechanism","Dual-Survival-Credit-AOP","LIRCMOP13","LIR-CMOP",100,50000,3,278303,50000,11.5605,0.09578722236096467,0.5449080526565462,1,"Dual_Survival_Credit_AOP_LIRCMOP13_N100_FE50000_run3_seed278303.mat"
"s06_mechanism","Dual-Survival-Credit-AOP","LIRCMOP14","LIR-CMOP",100,50000,1,278401,50000,9.1998,0.09866765589854486,0.5507088196682834,1,"Dual_Survival_Credit_AOP_LIRCMOP14_N100_FE50000_run1_seed278401.mat"
"s06_mechanism","Dual-Survival-Credit-AOP","LIRCMOP14","LIR-CMOP",100,50000,2,278402,50000,7.6634,0.1000243252034977,0.545971652002341,1,"Dual_Survival_Credit_AOP_LIRCMOP14_N100_FE50000_run2_seed278402.mat"
"s06_mechanism","Dual-Survival-Credit-AOP","LIRCMOP14","LIR-CMOP",100,50000,3,278403,50000,10.5458,0.09770117014121063,0.5492696795086397,1,"Dual_Survival_Credit_AOP_LIRCMOP14_N100_FE50000_run3_seed278403.mat"
"s06_mechanism","Dual-Survival-Credit-AOP","LIRCMOP1","LIR-CMOP",100,50000,1,277101,50000,4.4057,0.2462958816433081,0.1343376401689726,1,"Dual_Survival_Credit_AOP_LIRCMOP1_N100_FE50000_run1_seed277101.mat"
"s06_mechanism","Dual-Survival-Credit-AOP","LIRCMOP1","LIR-CMOP",100,50000,2,277102,50000,4.45,0.209360149613609,0.1505956907829129,1,"Dual_Survival_Credit_AOP_LIRCMOP1_N100_FE50000_run2_seed277102.mat"
"s06_mechanism","Dual-Survival-Credit-AOP","LIRCMOP1","LIR-CMOP",100,50000,3,277103,50000,4.7082,0.2331295768979227,0.1358935365608475,1,"Dual_Survival_Credit_AOP_LIRCMOP1_N100_FE50000_run3_seed277103.mat"
"s06_mechanism","Dual-Survival-Credit-AOP","LIRCMOP2","LIR-CMOP",100,50000,1,277201,50000,5.3453,0.1422331316573685,0.274002541923253,1,"Dual_Survival_Credit_AOP_LIRCMOP2_N100_FE50000_run1_seed277201.mat"
"s06_mechanism","Dual-Survival-Credit-AOP","LIRCMOP2","LIR-CMOP",100,50000,2,277202,50000,4.9265,0.2386670866458069,0.2296607850018781,1,"Dual_Survival_Credit_AOP_LIRCMOP2_N100_FE50000_run2_seed277202.mat"
"s06_mechanism","Dual-Survival-Credit-AOP","LIRCMOP2","LIR-CMOP",100,50000,3,277203,50000,5.7439,0.1856128621327258,0.2576394696441918,1,"Dual_Survival_Credit_AOP_LIRCMOP2_N100_FE50000_run3_seed277203.mat"
"s06_mechanism","Dual-Survival-Credit-AOP","LIRCMOP3","LIR-CMOP",100,50000,1,277301,50000,5.1843,0.3308290423478908,0.08882467149699459,1,"Dual_Survival_Credit_AOP_LIRCMOP3_N100_FE50000_run1_seed277301.mat"
"s06_mechanism","Dual-Survival-Credit-AOP","LIRCMOP3","LIR-CMOP",100,50000,2,277302,50000,5.2616,0.2715351741826011,0.1167428522841798,1,"Dual_Survival_Credit_AOP_LIRCMOP3_N100_FE50000_run2_seed277302.mat"
"s06_mechanism","Dual-Survival-Credit-AOP","LIRCMOP3","LIR-CMOP",100,50000,3,277303,50000,5.3039,0.2769043765539609,0.1065602611004863,1,"Dual_Survival_Credit_AOP_LIRCMOP3_N100_FE50000_run3_seed277303.mat"
"s06_mechanism","Dual-Survival-Credit-AOP","LIRCMOP4","LIR-CMOP",100,50000,1,277401,50000,4.8306,0.2532449575543597,0.2096273901932015,1,"Dual_Survival_Credit_AOP_LIRCMOP4_N100_FE50000_run1_seed277401.mat"
"s06_mechanism","Dual-Survival-Credit-AOP","LIRCMOP4","LIR-CMOP",100,50000,2,277402,50000,4.5968,0.2488664210119056,0.2117348849307855,1,"Dual_Survival_Credit_AOP_LIRCMOP4_N100_FE50000_run2_seed277402.mat"
"s06_mechanism","Dual-Survival-Credit-AOP","LIRCMOP4","LIR-CMOP",100,50000,3,277403,50000,5.1293,0.2611504240695972,0.2060941735148083,1,"Dual_Survival_Credit_AOP_LIRCMOP4_N100_FE50000_run3_seed277403.mat"
"s06_mechanism","Dual-Survival-Credit-AOP","LIRCMOP5","LIR-CMOP",100,50000,1,277501,50000,6.5382,0.07141967670780902,0.2687499768273277,1,"Dual_Survival_Credit_AOP_LIRCMOP5_N100_FE50000_run1_seed277501.mat"
"s06_mechanism","Dual-Survival-Credit-AOP","LIRCMOP5","LIR-CMOP",100,50000,2,277502,50000,5.5793,0.1972656295565731,0.1847190141131866,1,"Dual_Survival_Credit_AOP_LIRCMOP5_N100_FE50000_run2_seed277502.mat"
"s06_mechanism","Dual-Survival-Credit-AOP","LIRCMOP5","LIR-CMOP",100,50000,3,277503,50000,5.2781,0.2168318029075836,0.1776549378195198,1,"Dual_Survival_Credit_AOP_LIRCMOP5_N100_FE50000_run3_seed277503.mat"
"s06_mechanism","Dual-Survival-Credit-AOP","LIRCMOP6","LIR-CMOP",100,50000,1,277601,50000,5.638,0.3010850002996046,0.1304916946733103,1,"Dual_Survival_Credit_AOP_LIRCMOP6_N100_FE50000_run1_seed277601.mat"
"s06_mechanism","Dual-Survival-Credit-AOP","LIRCMOP6","LIR-CMOP",100,50000,2,277602,50000,4.6558,0.09677549890141288,0.1579874089523019,1,"Dual_Survival_Credit_AOP_LIRCMOP6_N100_FE50000_run2_seed277602.mat"
"s06_mechanism","Dual-Survival-Credit-AOP","LIRCMOP6","LIR-CMOP",100,50000,3,277603,50000,5.5207,0.2699824198065886,0.1379883235279361,1,"Dual_Survival_Credit_AOP_LIRCMOP6_N100_FE50000_run3_seed277603.mat"
"s06_mechanism","Dual-Survival-Credit-AOP","LIRCMOP7","LIR-CMOP",100,50000,1,277701,50000,4.6668,0.01196465975649795,0.2916004791394443,1,"Dual_Survival_Credit_AOP_LIRCMOP7_N100_FE50000_run1_seed277701.mat"
"s06_mechanism","Dual-Survival-Credit-AOP","LIRCMOP7","LIR-CMOP",100,50000,2,277702,50000,4.6849,0.01238775130024744,0.2907133252303266,1,"Dual_Survival_Credit_AOP_LIRCMOP7_N100_FE50000_run2_seed277702.mat"
"s06_mechanism","Dual-Survival-Credit-AOP","LIRCMOP7","LIR-CMOP",100,50000,3,277703,50000,4.7296,0.01488394623011299,0.2898849008139647,1,"Dual_Survival_Credit_AOP_LIRCMOP7_N100_FE50000_run3_seed277703.mat"
"s06_mechanism","Dual-Survival-Credit-AOP","LIRCMOP8","LIR-CMOP",100,50000,1,277801,50000,4.7113,0.01239227953469836,0.2913633283035675,1,"Dual_Survival_Credit_AOP_LIRCMOP8_N100_FE50000_run1_seed277801.mat"
"s06_mechanism","Dual-Survival-Credit-AOP","LIRCMOP8","LIR-CMOP",100,50000,2,277802,50000,3.7998,0.01600177469718792,0.2883655142829516,1,"Dual_Survival_Credit_AOP_LIRCMOP8_N100_FE50000_run2_seed277802.mat"
"s06_mechanism","Dual-Survival-Credit-AOP","LIRCMOP8","LIR-CMOP",100,50000,3,277803,50000,4.5976,0.04615473796184245,0.2705396967015121,1,"Dual_Survival_Credit_AOP_LIRCMOP8_N100_FE50000_run3_seed277803.mat"
"s06_mechanism","Dual-Survival-Credit-AOP","LIRCMOP9","LIR-CMOP",100,50000,1,277901,50000,7.5218,0.5065607745090854,0.3578698816851434,1,"Dual_Survival_Credit_AOP_LIRCMOP9_N100_FE50000_run1_seed277901.mat"
"s06_mechanism","Dual-Survival-Credit-AOP","LIRCMOP9","LIR-CMOP",100,50000,2,277902,50000,7.7206,0.5063359594038972,0.3580826554256929,1,"Dual_Survival_Credit_AOP_LIRCMOP9_N100_FE50000_run2_seed277902.mat"
"s06_mechanism","Dual-Survival-Credit-AOP","LIRCMOP9","LIR-CMOP",100,50000,3,277903,50000,7.6643,0.4121242612925455,0.3926120964407255,1,"Dual_Survival_Credit_AOP_LIRCMOP9_N100_FE50000_run3_seed277903.mat"
"s06_mechanism","EMCMO","CF10","CF",100,50000,1,217001,50000,20.3475,0.3628036983159203,0.1055389316238971,1,"EMCMO_CF10_N100_FE50000_run1_seed217001.mat"
"s06_mechanism","EMCMO","CF10","CF",100,50000,2,217002,50000,25.772,0.1579091477785986,0.2915631698984161,1,"EMCMO_CF10_N100_FE50000_run2_seed217002.mat"
"s06_mechanism","EMCMO","CF10","CF",100,50000,3,217003,50000,17.1268,0.4237946268965588,0.0875663575374384,1,"EMCMO_CF10_N100_FE50000_run3_seed217003.mat"
"s06_mechanism","EMCMO","CF1","CF",100,50000,1,216101,50000,12.1165,0.01021133829813181,0.5530207303740987,1,"EMCMO_CF1_N100_FE50000_run1_seed216101.mat"
"s06_mechanism","EMCMO","CF1","CF",100,50000,2,216102,50000,10.9712,0.01076991877719681,0.5528559223272826,1,"EMCMO_CF1_N100_FE50000_run2_seed216102.mat"
"s06_mechanism","EMCMO","CF1","CF",100,50000,3,216103,50000,10.0396,0.01063922304073655,0.5525451422493469,1,"EMCMO_CF1_N100_FE50000_run3_seed216103.mat"
"s06_mechanism","EMCMO","CF2","CF",100,50000,1,216201,50000,26.8522,0.04212522569645243,0.6269303870799399,1,"EMCMO_CF2_N100_FE50000_run1_seed216201.mat"
"s06_mechanism","EMCMO","CF2","CF",100,50000,2,216202,50000,26.685,0.04743681799898763,0.6178833594755682,1,"EMCMO_CF2_N100_FE50000_run2_seed216202.mat"
"s06_mechanism","EMCMO","CF2","CF",100,50000,3,216203,50000,23.3872,0.02731327320336013,0.644878367122511,1,"EMCMO_CF2_N100_FE50000_run3_seed216203.mat"
"s06_mechanism","EMCMO","CF3","CF",100,50000,1,216301,50000,12.218,0.2519802454181508,0.1773151720120456,1,"EMCMO_CF3_N100_FE50000_run1_seed216301.mat"
"s06_mechanism","EMCMO","CF3","CF",100,50000,2,216302,50000,14.391,0.3040744878258599,0.1256395601631861,1,"EMCMO_CF3_N100_FE50000_run2_seed216302.mat"
"s06_mechanism","EMCMO","CF3","CF",100,50000,3,216303,50000,14.8738,0.307856004566607,0.1416641605911676,1,"EMCMO_CF3_N100_FE50000_run3_seed216303.mat"
"s06_mechanism","EMCMO","CF4","CF",100,50000,1,216401,50000,26.0247,0.2039339364281234,0.3023535094929508,1,"EMCMO_CF4_N100_FE50000_run1_seed216401.mat"
"s06_mechanism","EMCMO","CF4","CF",100,50000,2,216402,50000,18.8735,0.1044972822637352,0.413639798807185,1,"EMCMO_CF4_N100_FE50000_run2_seed216402.mat"
"s06_mechanism","EMCMO","CF4","CF",100,50000,3,216403,50000,16.4871,0.09473369927145799,0.4289125249941286,1,"EMCMO_CF4_N100_FE50000_run3_seed216403.mat"
"s06_mechanism","EMCMO","CF5","CF",100,50000,1,216501,50000,23.0253,0.2748114843614976,0.2803285288162863,1,"EMCMO_CF5_N100_FE50000_run1_seed216501.mat"
"s06_mechanism","EMCMO","CF5","CF",100,50000,2,216502,50000,27.7473,0.3185761573604425,0.234772032761499,1,"EMCMO_CF5_N100_FE50000_run2_seed216502.mat"
"s06_mechanism","EMCMO","CF5","CF",100,50000,3,216503,50000,15.6533,0.1911981671759781,0.3173418940228125,1,"EMCMO_CF5_N100_FE50000_run3_seed216503.mat"
"s06_mechanism","EMCMO","CF6","CF",100,50000,1,216601,50000,35.9155,0.1324789130148608,0.6241361100355086,1,"EMCMO_CF6_N100_FE50000_run1_seed216601.mat"
"s06_mechanism","EMCMO","CF6","CF",100,50000,2,216602,50000,40.2377,0.07992343798315783,0.6278741150674338,1,"EMCMO_CF6_N100_FE50000_run2_seed216602.mat"
"s06_mechanism","EMCMO","CF6","CF",100,50000,3,216603,50000,22.0534,0.04420732967836507,0.6495252118054113,1,"EMCMO_CF6_N100_FE50000_run3_seed216603.mat"
"s06_mechanism","EMCMO","CF7","CF",100,50000,1,216701,50000,15.9295,0.1820239548240412,0.524105736859521,1,"EMCMO_CF7_N100_FE50000_run1_seed216701.mat"
"s06_mechanism","EMCMO","CF7","CF",100,50000,2,216702,50000,23.5211,0.4417662704994698,0.3791375864116048,1,"EMCMO_CF7_N100_FE50000_run2_seed216702.mat"
"s06_mechanism","EMCMO","CF7","CF",100,50000,3,216703,50000,16.7379,0.342639239697481,0.4572264029322211,1,"EMCMO_CF7_N100_FE50000_run3_seed216703.mat"
"s06_mechanism","EMCMO","CF8","CF",100,50000,1,216801,50000,21.5234,0.1947078404966435,0.2903750270784577,1,"EMCMO_CF8_N100_FE50000_run1_seed216801.mat"
"s06_mechanism","EMCMO","CF8","CF",100,50000,2,216802,50000,31.2332,0.2686163344098774,0.1897451369306742,1,"EMCMO_CF8_N100_FE50000_run2_seed216802.mat"
"s06_mechanism","EMCMO","CF8","CF",100,50000,3,216803,50000,27.3838,0.4574269335565114,0.165144107479004,1,"EMCMO_CF8_N100_FE50000_run3_seed216803.mat"
"s06_mechanism","EMCMO","CF9","CF",100,50000,1,216901,50000,35.4325,0.1447549226937613,0.3496018749821815,1,"EMCMO_CF9_N100_FE50000_run1_seed216901.mat"
"s06_mechanism","EMCMO","CF9","CF",100,50000,2,216902,50000,33.0758,0.09550641445212253,0.4197491560670206,1,"EMCMO_CF9_N100_FE50000_run2_seed216902.mat"
"s06_mechanism","EMCMO","CF9","CF",100,50000,3,216903,50000,23.7216,0.09120880092202438,0.4209624399322882,1,"EMCMO_CF9_N100_FE50000_run3_seed216903.mat"
"s06_mechanism","EMCMO","DASCMOP1","DAS-CMOP",100,50000,1,218501,50000,9.4036,0.6767573368738873,0.01686515679513905,1,"EMCMO_DASCMOP1_N100_FE50000_run1_seed218501.mat"
"s06_mechanism","EMCMO","DASCMOP1","DAS-CMOP",100,50000,2,218502,50000,9.365,0.7267000910128556,0.007694919290449009,1,"EMCMO_DASCMOP1_N100_FE50000_run2_seed218502.mat"
"s06_mechanism","EMCMO","DASCMOP1","DAS-CMOP",100,50000,3,218503,50000,9.3033,0.7382082491066593,0.005484437531754352,1,"EMCMO_DASCMOP1_N100_FE50000_run3_seed218503.mat"
"s06_mechanism","EMCMO","DASCMOP2","DAS-CMOP",100,50000,1,218601,50000,8.4502,0.2771984238541852,0.2572721105912814,1,"EMCMO_DASCMOP2_N100_FE50000_run1_seed218601.mat"
"s06_mechanism","EMCMO","DASCMOP2","DAS-CMOP",100,50000,2,218602,50000,8.3933,0.2377369256482292,0.2536809536096035,1,"EMCMO_DASCMOP2_N100_FE50000_run2_seed218602.mat"
"s06_mechanism","EMCMO","DASCMOP2","DAS-CMOP",100,50000,3,218603,50000,9.3777,0.2683747332772858,0.2583554540809787,1,"EMCMO_DASCMOP2_N100_FE50000_run3_seed218603.mat"
"s06_mechanism","EMCMO","DASCMOP3","DAS-CMOP",100,50000,1,218701,50000,8.6696,0.3444975331336625,0.208497751949044,1,"EMCMO_DASCMOP3_N100_FE50000_run1_seed218701.mat"
"s06_mechanism","EMCMO","DASCMOP3","DAS-CMOP",100,50000,2,218702,50000,8.9446,0.3440940291171451,0.2086758098578996,1,"EMCMO_DASCMOP3_N100_FE50000_run2_seed218702.mat"
"s06_mechanism","EMCMO","DASCMOP3","DAS-CMOP",100,50000,3,218703,50000,7.9145,0.3456286717912394,0.2082602708537108,1,"EMCMO_DASCMOP3_N100_FE50000_run3_seed218703.mat"
"s06_mechanism","EMCMO","DASCMOP4","DAS-CMOP",100,50000,1,218801,50000,8.8898,0.004097156894724608,0.1954862799336763,1,"EMCMO_DASCMOP4_N100_FE50000_run1_seed218801.mat"
"s06_mechanism","EMCMO","DASCMOP4","DAS-CMOP",100,50000,2,218802,50000,8.934,0.004013626948587841,0.1959033187228692,1,"EMCMO_DASCMOP4_N100_FE50000_run2_seed218802.mat"
"s06_mechanism","EMCMO","DASCMOP4","DAS-CMOP",100,50000,3,218803,50000,9.6828,0.004090926248806368,0.1958090543583542,1,"EMCMO_DASCMOP4_N100_FE50000_run3_seed218803.mat"
"s06_mechanism","EMCMO","DASCMOP5","DAS-CMOP",100,50000,1,218901,50000,8.437,0.003198950606383037,0.3508935867753316,1,"EMCMO_DASCMOP5_N100_FE50000_run1_seed218901.mat"
"s06_mechanism","EMCMO","DASCMOP5","DAS-CMOP",100,50000,2,218902,50000,8.3703,0.004021703499414134,0.34973354930523,1,"EMCMO_DASCMOP5_N100_FE50000_run2_seed218902.mat"
"s06_mechanism","EMCMO","DASCMOP5","DAS-CMOP",100,50000,3,218903,50000,8.7614,0.003420646094153713,0.3507104139974092,1,"EMCMO_DASCMOP5_N100_FE50000_run3_seed218903.mat"
"s06_mechanism","EMCMO","DASCMOP6","DAS-CMOP",100,50000,1,219001,50000,7.2037,0.07364495929460854,0.299938232621037,1,"EMCMO_DASCMOP6_N100_FE50000_run1_seed219001.mat"
"s06_mechanism","EMCMO","DASCMOP6","DAS-CMOP",100,50000,2,219002,50000,8.4524,0.09490653534683753,0.3013970541554309,1,"EMCMO_DASCMOP6_N100_FE50000_run2_seed219002.mat"
"s06_mechanism","EMCMO","DASCMOP6","DAS-CMOP",100,50000,3,219003,50000,9.4511,0.02840669674065936,0.3091809255223883,1,"EMCMO_DASCMOP6_N100_FE50000_run3_seed219003.mat"
"s06_mechanism","EMCMO","DASCMOP7","DAS-CMOP",100,50000,1,219101,50000,14.1991,0.03039476957842722,0.2871837271414864,1,"EMCMO_DASCMOP7_N100_FE50000_run1_seed219101.mat"
"s06_mechanism","EMCMO","DASCMOP7","DAS-CMOP",100,50000,2,219102,50000,12.8152,0.03059554649651023,0.2875516528873464,1,"EMCMO_DASCMOP7_N100_FE50000_run2_seed219102.mat"
"s06_mechanism","EMCMO","DASCMOP7","DAS-CMOP",100,50000,3,219103,50000,13.2798,0.02943287559813967,0.2873715225727269,1,"EMCMO_DASCMOP7_N100_FE50000_run3_seed219103.mat"
"s06_mechanism","EMCMO","DASCMOP8","DAS-CMOP",100,50000,1,219201,50000,10.9589,0.05883438315431524,0.2023816657088207,1,"EMCMO_DASCMOP8_N100_FE50000_run1_seed219201.mat"
"s06_mechanism","EMCMO","DASCMOP8","DAS-CMOP",100,50000,2,219202,50000,15.1404,0.03949939099287707,0.2061742531302984,1,"EMCMO_DASCMOP8_N100_FE50000_run2_seed219202.mat"
"s06_mechanism","EMCMO","DASCMOP8","DAS-CMOP",100,50000,3,219203,50000,12.2349,0.06251360231477268,0.1922179728345355,1,"EMCMO_DASCMOP8_N100_FE50000_run3_seed219203.mat"
"s06_mechanism","EMCMO","DASCMOP9","DAS-CMOP",100,50000,1,219301,50000,9.4936,0.5716206113631315,0.08901352910375161,1,"EMCMO_DASCMOP9_N100_FE50000_run1_seed219301.mat"
"s06_mechanism","EMCMO","DASCMOP9","DAS-CMOP",100,50000,2,219302,50000,9.4079,0.4422082400719913,0.1138069688367088,1,"EMCMO_DASCMOP9_N100_FE50000_run2_seed219302.mat"
"s06_mechanism","EMCMO","DASCMOP9","DAS-CMOP",100,50000,3,219303,50000,9.3875,0.3900131746047066,0.1148750160496699,1,"EMCMO_DASCMOP9_N100_FE50000_run3_seed219303.mat"
"s06_mechanism","EMCMO","LIRCMOP10","LIR-CMOP",100,50000,1,218001,50000,14.9545,0.2153658490262601,0.5714833880188771,1,"EMCMO_LIRCMOP10_N100_FE50000_run1_seed218001.mat"
"s06_mechanism","EMCMO","LIRCMOP10","LIR-CMOP",100,50000,2,218002,50000,13.8708,0.3025496231944705,0.5163737019184858,1,"EMCMO_LIRCMOP10_N100_FE50000_run2_seed218002.mat"
"s06_mechanism","EMCMO","LIRCMOP10","LIR-CMOP",100,50000,3,218003,50000,15.5308,0.2325195595507441,0.5898328447412194,1,"EMCMO_LIRCMOP10_N100_FE50000_run3_seed218003.mat"
"s06_mechanism","EMCMO","LIRCMOP11","LIR-CMOP",100,50000,1,218101,50000,10.4404,0.1496023542675637,0.6081239206293113,1,"EMCMO_LIRCMOP11_N100_FE50000_run1_seed218101.mat"
"s06_mechanism","EMCMO","LIRCMOP11","LIR-CMOP",100,50000,2,218102,50000,10.6331,0.04001409596244661,0.6664938958018307,1,"EMCMO_LIRCMOP11_N100_FE50000_run2_seed218102.mat"
"s06_mechanism","EMCMO","LIRCMOP11","LIR-CMOP",100,50000,3,218103,50000,9.7686,0.1188824135465591,0.632832864170143,1,"EMCMO_LIRCMOP11_N100_FE50000_run3_seed218103.mat"
"s06_mechanism","EMCMO","LIRCMOP12","LIR-CMOP",100,50000,1,218201,50000,9.6104,0.1832275211211376,0.5401233690999629,1,"EMCMO_LIRCMOP12_N100_FE50000_run1_seed218201.mat"
"s06_mechanism","EMCMO","LIRCMOP12","LIR-CMOP",100,50000,2,218202,50000,8.7754,0.369768616287888,0.4333037526097698,1,"EMCMO_LIRCMOP12_N100_FE50000_run2_seed218202.mat"
"s06_mechanism","EMCMO","LIRCMOP12","LIR-CMOP",100,50000,3,218203,50000,12.9735,0.3326475853266497,0.5084119750757051,1,"EMCMO_LIRCMOP12_N100_FE50000_run3_seed218203.mat"
"s06_mechanism","EMCMO","LIRCMOP13","LIR-CMOP",100,50000,1,218301,50000,49.7187,0.09107314466886593,0.5581895545075328,1,"EMCMO_LIRCMOP13_N100_FE50000_run1_seed218301.mat"
"s06_mechanism","EMCMO","LIRCMOP13","LIR-CMOP",100,50000,2,218302,50000,50.7201,0.09092428305017809,0.557977738523863,1,"EMCMO_LIRCMOP13_N100_FE50000_run2_seed218302.mat"
"s06_mechanism","EMCMO","LIRCMOP13","LIR-CMOP",100,50000,3,218303,50000,39.7866,0.09117858415612171,0.5577904757764359,1,"EMCMO_LIRCMOP13_N100_FE50000_run3_seed218303.mat"
"s06_mechanism","EMCMO","LIRCMOP14","LIR-CMOP",100,50000,1,218401,50000,24.6446,0.09410251047715548,0.5550102033365365,1,"EMCMO_LIRCMOP14_N100_FE50000_run1_seed218401.mat"
"s06_mechanism","EMCMO","LIRCMOP14","LIR-CMOP",100,50000,2,218402,50000,32.9698,0.09563990418649035,0.5577827662864778,1,"EMCMO_LIRCMOP14_N100_FE50000_run2_seed218402.mat"
"s06_mechanism","EMCMO","LIRCMOP14","LIR-CMOP",100,50000,3,218403,50000,20.7128,0.09516574815667428,0.5566275045326229,1,"EMCMO_LIRCMOP14_N100_FE50000_run3_seed218403.mat"
"s06_mechanism","EMCMO","LIRCMOP1","LIR-CMOP",100,50000,1,217101,50000,8.4602,0.2520104966588543,0.1228061154091458,1,"EMCMO_LIRCMOP1_N100_FE50000_run1_seed217101.mat"
"s06_mechanism","EMCMO","LIRCMOP1","LIR-CMOP",100,50000,2,217102,50000,8.2853,0.2044357955613383,0.1539639875910503,1,"EMCMO_LIRCMOP1_N100_FE50000_run2_seed217102.mat"
"s06_mechanism","EMCMO","LIRCMOP1","LIR-CMOP",100,50000,3,217103,50000,8.8556,0.2537811035049148,0.1279861602036234,1,"EMCMO_LIRCMOP1_N100_FE50000_run3_seed217103.mat"
"s06_mechanism","EMCMO","LIRCMOP2","LIR-CMOP",100,50000,1,217201,50000,8.9382,0.2583579518352105,0.2199801878692061,1,"EMCMO_LIRCMOP2_N100_FE50000_run1_seed217201.mat"
"s06_mechanism","EMCMO","LIRCMOP2","LIR-CMOP",100,50000,2,217202,50000,8.7613,0.2491294808696651,0.2243170308507451,1,"EMCMO_LIRCMOP2_N100_FE50000_run2_seed217202.mat"
"s06_mechanism","EMCMO","LIRCMOP2","LIR-CMOP",100,50000,3,217203,50000,9.5455,0.2120484585515254,0.2425919361072182,1,"EMCMO_LIRCMOP2_N100_FE50000_run3_seed217203.mat"
"s06_mechanism","EMCMO","LIRCMOP3","LIR-CMOP",100,50000,1,217301,50000,8.3691,0.2961496328554323,0.112146977928832,1,"EMCMO_LIRCMOP3_N100_FE50000_run1_seed217301.mat"
"s06_mechanism","EMCMO","LIRCMOP3","LIR-CMOP",100,50000,2,217302,50000,8.1944,0.331963869667184,0.087620648768932,1,"EMCMO_LIRCMOP3_N100_FE50000_run2_seed217302.mat"
"s06_mechanism","EMCMO","LIRCMOP3","LIR-CMOP",100,50000,3,217303,50000,8.6727,0.3352511564375407,0.09452227209259347,1,"EMCMO_LIRCMOP3_N100_FE50000_run3_seed217303.mat"
"s06_mechanism","EMCMO","LIRCMOP4","LIR-CMOP",100,50000,1,217401,50000,8.7955,0.3065065546637909,0.1841657369199771,1,"EMCMO_LIRCMOP4_N100_FE50000_run1_seed217401.mat"
"s06_mechanism","EMCMO","LIRCMOP4","LIR-CMOP",100,50000,2,217402,50000,8.4449,0.2565403328226642,0.2082928485540291,1,"EMCMO_LIRCMOP4_N100_FE50000_run2_seed217402.mat"
"s06_mechanism","EMCMO","LIRCMOP4","LIR-CMOP",100,50000,3,217403,50000,9.4344,0.2625152042542427,0.1958503991628567,1,"EMCMO_LIRCMOP4_N100_FE50000_run3_seed217403.mat"
"s06_mechanism","EMCMO","LIRCMOP5","LIR-CMOP",100,50000,1,217501,50000,20.4862,0.2908594648470385,0.1557349958187491,1,"EMCMO_LIRCMOP5_N100_FE50000_run1_seed217501.mat"
"s06_mechanism","EMCMO","LIRCMOP5","LIR-CMOP",100,50000,2,217502,50000,16.8351,0.2953110713905068,0.1638065949335921,1,"EMCMO_LIRCMOP5_N100_FE50000_run2_seed217502.mat"
"s06_mechanism","EMCMO","LIRCMOP5","LIR-CMOP",100,50000,3,217503,50000,21.9944,0.2632259458696176,0.1679866637080416,1,"EMCMO_LIRCMOP5_N100_FE50000_run3_seed217503.mat"
"s06_mechanism","EMCMO","LIRCMOP6","LIR-CMOP",100,50000,1,217601,50000,24.0306,0.4818622524533183,0.09488262409628688,1,"EMCMO_LIRCMOP6_N100_FE50000_run1_seed217601.mat"
"s06_mechanism","EMCMO","LIRCMOP6","LIR-CMOP",100,50000,2,217602,50000,22.4056,0.2025171706752017,0.1268543868306248,1,"EMCMO_LIRCMOP6_N100_FE50000_run2_seed217602.mat"
"s06_mechanism","EMCMO","LIRCMOP6","LIR-CMOP",100,50000,3,217603,50000,19.9745,0.4200707155313079,0.1041569364920467,1,"EMCMO_LIRCMOP6_N100_FE50000_run3_seed217603.mat"
"s06_mechanism","EMCMO","LIRCMOP7","LIR-CMOP",100,50000,1,217701,50000,9.513,0.05505754014760871,0.2690281226058108,1,"EMCMO_LIRCMOP7_N100_FE50000_run1_seed217701.mat"
"s06_mechanism","EMCMO","LIRCMOP7","LIR-CMOP",100,50000,2,217702,50000,8.9356,0.1150155386497484,0.2508670907489092,1,"EMCMO_LIRCMOP7_N100_FE50000_run2_seed217702.mat"
"s06_mechanism","EMCMO","LIRCMOP7","LIR-CMOP",100,50000,3,217703,50000,8.6739,0.08580119667963045,0.2576703837005269,1,"EMCMO_LIRCMOP7_N100_FE50000_run3_seed217703.mat"
"s06_mechanism","EMCMO","LIRCMOP8","LIR-CMOP",100,50000,1,217801,50000,8.8188,0.2378063153598,0.220381073844902,1,"EMCMO_LIRCMOP8_N100_FE50000_run1_seed217801.mat"
"s06_mechanism","EMCMO","LIRCMOP8","LIR-CMOP",100,50000,2,217802,50000,9.7456,0.2696868999369251,0.2243198287623959,1,"EMCMO_LIRCMOP8_N100_FE50000_run2_seed217802.mat"
"s06_mechanism","EMCMO","LIRCMOP8","LIR-CMOP",100,50000,3,217803,50000,9.7706,0.1522530891495892,0.2417790420212515,1,"EMCMO_LIRCMOP8_N100_FE50000_run3_seed217803.mat"
"s06_mechanism","EMCMO","LIRCMOP9","LIR-CMOP",100,50000,1,217901,50000,17.5681,0.496437764953931,0.3307218603455169,1,"EMCMO_LIRCMOP9_N100_FE50000_run1_seed217901.mat"
"s06_mechanism","EMCMO","LIRCMOP9","LIR-CMOP",100,50000,2,217902,50000,9.4182,0.4746198157763688,0.3552492489689853,1,"EMCMO_LIRCMOP9_N100_FE50000_run2_seed217902.mat"
"s06_mechanism","EMCMO","LIRCMOP9","LIR-CMOP",100,50000,3,217903,50000,9.8,0.4606216716664081,0.3599887713744961,1,"EMCMO_LIRCMOP9_N100_FE50000_run3_seed217903.mat"
"s06_mechanism","Equal-AOP","CF10","CF",100,50000,1,237001,50000,5.4656,0.2227465050114382,0.2032472044222062,1,"Equal_AOP_CF10_N100_FE50000_run1_seed237001.mat"
"s06_mechanism","Equal-AOP","CF10","CF",100,50000,2,237002,50000,7.0548,0.1619339004616516,0.2863313215817187,1,"Equal_AOP_CF10_N100_FE50000_run2_seed237002.mat"
"s06_mechanism","Equal-AOP","CF10","CF",100,50000,3,237003,50000,6.6055,0.2609877735829823,0.2443441732230376,1,"Equal_AOP_CF10_N100_FE50000_run3_seed237003.mat"
"s06_mechanism","Equal-AOP","CF1","CF",100,50000,1,236101,50000,5.3975,0.00497026235750782,0.5600773143945188,1,"Equal_AOP_CF1_N100_FE50000_run1_seed236101.mat"
"s06_mechanism","Equal-AOP","CF1","CF",100,50000,2,236102,50000,6.0151,0.006543702310015795,0.5581648080467937,1,"Equal_AOP_CF1_N100_FE50000_run2_seed236102.mat"
"s06_mechanism","Equal-AOP","CF1","CF",100,50000,3,236103,50000,5.3502,0.007390555824612089,0.5573500384640303,1,"Equal_AOP_CF1_N100_FE50000_run3_seed236103.mat"
"s06_mechanism","Equal-AOP","CF2","CF",100,50000,1,236201,50000,6.0866,0.03324707726435885,0.643211310971292,1,"Equal_AOP_CF2_N100_FE50000_run1_seed236201.mat"
"s06_mechanism","Equal-AOP","CF2","CF",100,50000,2,236202,50000,6.4249,0.0108224179574603,0.6610539997481014,1,"Equal_AOP_CF2_N100_FE50000_run2_seed236202.mat"
"s06_mechanism","Equal-AOP","CF2","CF",100,50000,3,236203,50000,6.0715,0.01920156750212024,0.6531198572520903,1,"Equal_AOP_CF2_N100_FE50000_run3_seed236203.mat"
"s06_mechanism","Equal-AOP","CF3","CF",100,50000,1,236301,50000,5.3557,0.1196269220328458,0.2714574634858528,1,"Equal_AOP_CF3_N100_FE50000_run1_seed236301.mat"
"s06_mechanism","Equal-AOP","CF3","CF",100,50000,2,236302,50000,4.5781,0.1190427528085388,0.3025500021934778,1,"Equal_AOP_CF3_N100_FE50000_run2_seed236302.mat"
"s06_mechanism","Equal-AOP","CF3","CF",100,50000,3,236303,50000,4.4688,0.09305497063180537,0.2917522036456216,1,"Equal_AOP_CF3_N100_FE50000_run3_seed236303.mat"
"s06_mechanism","Equal-AOP","CF4","CF",100,50000,1,236401,50000,5.9758,0.03589073117155111,0.4828909315819915,1,"Equal_AOP_CF4_N100_FE50000_run1_seed236401.mat"
"s06_mechanism","Equal-AOP","CF4","CF",100,50000,2,236402,50000,5.8448,0.05820373804217584,0.4554068831705811,1,"Equal_AOP_CF4_N100_FE50000_run2_seed236402.mat"
"s06_mechanism","Equal-AOP","CF4","CF",100,50000,3,236403,50000,5.9405,0.0495592866614168,0.4716701392623329,1,"Equal_AOP_CF4_N100_FE50000_run3_seed236403.mat"
"s06_mechanism","Equal-AOP","CF5","CF",100,50000,1,236501,50000,6.3809,0.4851419218934806,0.1445851828053908,1,"Equal_AOP_CF5_N100_FE50000_run1_seed236501.mat"
"s06_mechanism","Equal-AOP","CF5","CF",100,50000,2,236502,50000,6.1216,0.2814909524952867,0.2580286109384861,1,"Equal_AOP_CF5_N100_FE50000_run2_seed236502.mat"
"s06_mechanism","Equal-AOP","CF5","CF",100,50000,3,236503,50000,5.3323,0.1047831617240993,0.3968358480397965,1,"Equal_AOP_CF5_N100_FE50000_run3_seed236503.mat"
"s06_mechanism","Equal-AOP","CF6","CF",100,50000,1,236601,50000,7.6176,0.09192406889204001,0.6289682349135162,1,"Equal_AOP_CF6_N100_FE50000_run1_seed236601.mat"
"s06_mechanism","Equal-AOP","CF6","CF",100,50000,2,236602,50000,8.3177,0.06763940964662725,0.6443973390092741,1,"Equal_AOP_CF6_N100_FE50000_run2_seed236602.mat"
"s06_mechanism","Equal-AOP","CF6","CF",100,50000,3,236603,50000,7.3395,0.04773224163653552,0.6420119796414182,1,"Equal_AOP_CF6_N100_FE50000_run3_seed236603.mat"
"s06_mechanism","Equal-AOP","CF7","CF",100,50000,1,236701,50000,5.6252,0.4274721831227575,0.3006969950748954,1,"Equal_AOP_CF7_N100_FE50000_run1_seed236701.mat"
"s06_mechanism","Equal-AOP","CF7","CF",100,50000,2,236702,50000,5.4051,0.1115280283037745,0.5601828162636987,1,"Equal_AOP_CF7_N100_FE50000_run2_seed236702.mat"
"s06_mechanism","Equal-AOP","CF7","CF",100,50000,3,236703,50000,5.7764,0.201221641875497,0.4796171305223455,1,"Equal_AOP_CF7_N100_FE50000_run3_seed236703.mat"
"s06_mechanism","Equal-AOP","CF8","CF",100,50000,1,236801,50000,5.3704,0.1649969378421725,0.3459568446674393,1,"Equal_AOP_CF8_N100_FE50000_run1_seed236801.mat"
"s06_mechanism","Equal-AOP","CF8","CF",100,50000,2,236802,50000,5.0583,0.1631374051683107,0.3640911659946081,1,"Equal_AOP_CF8_N100_FE50000_run2_seed236802.mat"
"s06_mechanism","Equal-AOP","CF8","CF",100,50000,3,236803,50000,6.2039,0.1622248646938211,0.3174430104031338,1,"Equal_AOP_CF8_N100_FE50000_run3_seed236803.mat"
"s06_mechanism","Equal-AOP","CF9","CF",100,50000,1,236901,50000,6.2027,0.1037471359709006,0.416594967529878,1,"Equal_AOP_CF9_N100_FE50000_run1_seed236901.mat"
"s06_mechanism","Equal-AOP","CF9","CF",100,50000,2,236902,50000,6.2172,0.09737763306078703,0.4249418771978598,1,"Equal_AOP_CF9_N100_FE50000_run2_seed236902.mat"
"s06_mechanism","Equal-AOP","CF9","CF",100,50000,3,236903,50000,5.9646,0.1125570334815653,0.4125527306292612,1,"Equal_AOP_CF9_N100_FE50000_run3_seed236903.mat"
"s06_mechanism","Equal-AOP","DASCMOP1","DAS-CMOP",100,50000,1,238501,50000,4.7789,0.01079214060227679,0.2092524753102533,1,"Equal_AOP_DASCMOP1_N100_FE50000_run1_seed238501.mat"
"s06_mechanism","Equal-AOP","DASCMOP1","DAS-CMOP",100,50000,2,238502,50000,4.4344,0.00755656254935594,0.2107506979683018,1,"Equal_AOP_DASCMOP1_N100_FE50000_run2_seed238502.mat"
"s06_mechanism","Equal-AOP","DASCMOP1","DAS-CMOP",100,50000,3,238503,50000,4.2656,0.007419652099119067,0.2095363155313033,1,"Equal_AOP_DASCMOP1_N100_FE50000_run3_seed238503.mat"
"s06_mechanism","Equal-AOP","DASCMOP2","DAS-CMOP",100,50000,1,238601,50000,4.2658,0.009156391658063409,0.3520032562719702,1,"Equal_AOP_DASCMOP2_N100_FE50000_run1_seed238601.mat"
"s06_mechanism","Equal-AOP","DASCMOP2","DAS-CMOP",100,50000,2,238602,50000,4.362,0.007419459200063845,0.3527889677716168,1,"Equal_AOP_DASCMOP2_N100_FE50000_run2_seed238602.mat"
"s06_mechanism","Equal-AOP","DASCMOP2","DAS-CMOP",100,50000,3,238603,50000,4.6492,0.00881045407920145,0.3519446237244154,1,"Equal_AOP_DASCMOP2_N100_FE50000_run3_seed238603.mat"
"s06_mechanism","Equal-AOP","DASCMOP3","DAS-CMOP",100,50000,1,238701,50000,4.3396,0.02336782647728514,0.3068333996185675,1,"Equal_AOP_DASCMOP3_N100_FE50000_run1_seed238701.mat"
"s06_mechanism","Equal-AOP","DASCMOP3","DAS-CMOP",100,50000,2,238702,50000,3.9912,0.02319732130716606,0.3044212984897148,1,"Equal_AOP_DASCMOP3_N100_FE50000_run2_seed238702.mat"
"s06_mechanism","Equal-AOP","DASCMOP3","DAS-CMOP",100,50000,3,238703,50000,4.3756,0.05831403950434898,0.2812379445306123,1,"Equal_AOP_DASCMOP3_N100_FE50000_run3_seed238703.mat"
"s06_mechanism","Equal-AOP","DASCMOP4","DAS-CMOP",100,50000,1,238801,50000,3.9041,0.4194410830569372,0.03978472499433811,1,"Equal_AOP_DASCMOP4_N100_FE50000_run1_seed238801.mat"
"s06_mechanism","Equal-AOP","DASCMOP4","DAS-CMOP",100,50000,2,238802,50000,4.1741,0.5691722575499206,0.01205550508383648,1,"Equal_AOP_DASCMOP4_N100_FE50000_run2_seed238802.mat"
"s06_mechanism","Equal-AOP","DASCMOP4","DAS-CMOP",100,50000,3,238803,50000,4.0915,0.09697062134136071,0.1271342806055143,1,"Equal_AOP_DASCMOP4_N100_FE50000_run3_seed238803.mat"
"s06_mechanism","Equal-AOP","DASCMOP5","DAS-CMOP",100,50000,1,238901,50000,3.6476,0.6274224178936836,0.04735236794564056,1,"Equal_AOP_DASCMOP5_N100_FE50000_run1_seed238901.mat"
"s06_mechanism","Equal-AOP","DASCMOP5","DAS-CMOP",100,50000,2,238902,50000,3.6778,0.6683091525045749,0.04073672682814619,1,"Equal_AOP_DASCMOP5_N100_FE50000_run2_seed238902.mat"
"s06_mechanism","Equal-AOP","DASCMOP5","DAS-CMOP",100,50000,3,238903,50000,3.9482,0.7020841401856762,0.03624983448158532,1,"Equal_AOP_DASCMOP5_N100_FE50000_run3_seed238903.mat"
"s06_mechanism","Equal-AOP","DASCMOP6","DAS-CMOP",100,50000,1,239001,50000,4.2093,NaN,NaN,0,"Equal_AOP_DASCMOP6_N100_FE50000_run1_seed239001.mat"
"s06_mechanism","Equal-AOP","DASCMOP6","DAS-CMOP",100,50000,2,239002,50000,4.1031,NaN,NaN,0,"Equal_AOP_DASCMOP6_N100_FE50000_run2_seed239002.mat"
"s06_mechanism","Equal-AOP","DASCMOP6","DAS-CMOP",100,50000,3,239003,50000,3.7709,0.2182938079713106,0.2213318554407707,1,"Equal_AOP_DASCMOP6_N100_FE50000_run3_seed239003.mat"
"s06_mechanism","Equal-AOP","DASCMOP7","DAS-CMOP",100,50000,1,239101,50000,3.7717,0.6577112246655166,0.0397081903414433,1,"Equal_AOP_DASCMOP7_N100_FE50000_run1_seed239101.mat"
"s06_mechanism","Equal-AOP","DASCMOP7","DAS-CMOP",100,50000,2,239102,50000,4.0461,0.1718981653482844,0.2151025122950234,1,"Equal_AOP_DASCMOP7_N100_FE50000_run2_seed239102.mat"
"s06_mechanism","Equal-AOP","DASCMOP7","DAS-CMOP",100,50000,3,239103,50000,4.9183,0.08658307761024411,0.2646430173668551,1,"Equal_AOP_DASCMOP7_N100_FE50000_run3_seed239103.mat"
"s06_mechanism","Equal-AOP","DASCMOP8","DAS-CMOP",100,50000,1,239201,50000,4.7956,0.421172039713779,0.02445283763069813,1,"Equal_AOP_DASCMOP8_N100_FE50000_run1_seed239201.mat"
"s06_mechanism","Equal-AOP","DASCMOP8","DAS-CMOP",100,50000,2,239202,50000,4.2236,0.1746120224409372,0.1263985326018347,1,"Equal_AOP_DASCMOP8_N100_FE50000_run2_seed239202.mat"
"s06_mechanism","Equal-AOP","DASCMOP8","DAS-CMOP",100,50000,3,239203,50000,4.0141,0.8196095897873763,0,1,"Equal_AOP_DASCMOP8_N100_FE50000_run3_seed239203.mat"
"s06_mechanism","Equal-AOP","DASCMOP9","DAS-CMOP",100,50000,1,239301,50000,4.4073,0.04613125010869161,0.205007151318046,1,"Equal_AOP_DASCMOP9_N100_FE50000_run1_seed239301.mat"
"s06_mechanism","Equal-AOP","DASCMOP9","DAS-CMOP",100,50000,2,239302,50000,4.2012,0.04699028525814972,0.203243988494568,1,"Equal_AOP_DASCMOP9_N100_FE50000_run2_seed239302.mat"
"s06_mechanism","Equal-AOP","DASCMOP9","DAS-CMOP",100,50000,3,239303,50000,4.8161,0.0499714486970929,0.2027311737302153,1,"Equal_AOP_DASCMOP9_N100_FE50000_run3_seed239303.mat"
"s06_mechanism","Equal-AOP","LIRCMOP10","LIR-CMOP",100,50000,1,238001,50000,8.9158,0.2250444737635696,0.5918380422945847,1,"Equal_AOP_LIRCMOP10_N100_FE50000_run1_seed238001.mat"
"s06_mechanism","Equal-AOP","LIRCMOP10","LIR-CMOP",100,50000,2,238002,50000,7.9371,0.2636478241518872,0.5618351395765045,1,"Equal_AOP_LIRCMOP10_N100_FE50000_run2_seed238002.mat"
"s06_mechanism","Equal-AOP","LIRCMOP10","LIR-CMOP",100,50000,3,238003,50000,8.4197,0.2325955874543749,0.5865046076955858,1,"Equal_AOP_LIRCMOP10_N100_FE50000_run3_seed238003.mat"
"s06_mechanism","Equal-AOP","LIRCMOP11","LIR-CMOP",100,50000,1,238101,50000,6.7278,0.1434850328788255,0.6011959640094796,1,"Equal_AOP_LIRCMOP11_N100_FE50000_run1_seed238101.mat"
"s06_mechanism","Equal-AOP","LIRCMOP11","LIR-CMOP",100,50000,2,238102,50000,6.1955,0.09180573412497529,0.6423429547980256,1,"Equal_AOP_LIRCMOP11_N100_FE50000_run2_seed238102.mat"
"s06_mechanism","Equal-AOP","LIRCMOP11","LIR-CMOP",100,50000,3,238103,50000,5.8491,0.0887314286026879,0.6462787953739364,1,"Equal_AOP_LIRCMOP11_N100_FE50000_run3_seed238103.mat"
"s06_mechanism","Equal-AOP","LIRCMOP12","LIR-CMOP",100,50000,1,238201,50000,5.1374,0.161131369646182,0.5303981844155624,1,"Equal_AOP_LIRCMOP12_N100_FE50000_run1_seed238201.mat"
"s06_mechanism","Equal-AOP","LIRCMOP12","LIR-CMOP",100,50000,2,238202,50000,5.571,0.1755128802455668,0.5210493379692863,1,"Equal_AOP_LIRCMOP12_N100_FE50000_run2_seed238202.mat"
"s06_mechanism","Equal-AOP","LIRCMOP12","LIR-CMOP",100,50000,3,238203,50000,5.1998,0.4184500010882494,0.3584046083060184,1,"Equal_AOP_LIRCMOP12_N100_FE50000_run3_seed238203.mat"
"s06_mechanism","Equal-AOP","LIRCMOP13","LIR-CMOP",100,50000,1,238301,50000,10.9127,0.101080457961509,0.5362735095308412,1,"Equal_AOP_LIRCMOP13_N100_FE50000_run1_seed238301.mat"
"s06_mechanism","Equal-AOP","LIRCMOP13","LIR-CMOP",100,50000,2,238302,50000,11.0021,0.09905318645059021,0.5408179521028365,1,"Equal_AOP_LIRCMOP13_N100_FE50000_run2_seed238302.mat"
"s06_mechanism","Equal-AOP","LIRCMOP13","LIR-CMOP",100,50000,3,238303,50000,9.4183,0.1022544652940864,0.5381957498931534,1,"Equal_AOP_LIRCMOP13_N100_FE50000_run3_seed238303.mat"
"s06_mechanism","Equal-AOP","LIRCMOP14","LIR-CMOP",100,50000,1,238401,50000,9.9549,0.09864002972369774,0.5511568541207796,1,"Equal_AOP_LIRCMOP14_N100_FE50000_run1_seed238401.mat"
"s06_mechanism","Equal-AOP","LIRCMOP14","LIR-CMOP",100,50000,2,238402,50000,9.9715,0.0975317505525435,0.5464792931326062,1,"Equal_AOP_LIRCMOP14_N100_FE50000_run2_seed238402.mat"
"s06_mechanism","Equal-AOP","LIRCMOP14","LIR-CMOP",100,50000,3,238403,50000,9.4149,0.09815104403184496,0.5490380465190459,1,"Equal_AOP_LIRCMOP14_N100_FE50000_run3_seed238403.mat"
"s06_mechanism","Equal-AOP","LIRCMOP1","LIR-CMOP",100,50000,1,237101,50000,4.1119,0.2884123047149062,0.1095263616596018,1,"Equal_AOP_LIRCMOP1_N100_FE50000_run1_seed237101.mat"
"s06_mechanism","Equal-AOP","LIRCMOP1","LIR-CMOP",100,50000,2,237102,50000,3.9143,0.2062003846256956,0.1453026667566855,1,"Equal_AOP_LIRCMOP1_N100_FE50000_run2_seed237102.mat"
"s06_mechanism","Equal-AOP","LIRCMOP1","LIR-CMOP",100,50000,3,237103,50000,4.0047,0.2345023484811222,0.1362018128403562,1,"Equal_AOP_LIRCMOP1_N100_FE50000_run3_seed237103.mat"
"s06_mechanism","Equal-AOP","LIRCMOP2","LIR-CMOP",100,50000,1,237201,50000,4.8463,0.2256687312414359,0.2433535279491855,1,"Equal_AOP_LIRCMOP2_N100_FE50000_run1_seed237201.mat"
"s06_mechanism","Equal-AOP","LIRCMOP2","LIR-CMOP",100,50000,2,237202,50000,4.508,0.1659517335550683,0.2657401424773262,1,"Equal_AOP_LIRCMOP2_N100_FE50000_run2_seed237202.mat"
"s06_mechanism","Equal-AOP","LIRCMOP2","LIR-CMOP",100,50000,3,237203,50000,4.1785,0.1648544705702509,0.2957648154251132,1,"Equal_AOP_LIRCMOP2_N100_FE50000_run3_seed237203.mat"
"s06_mechanism","Equal-AOP","LIRCMOP3","LIR-CMOP",100,50000,1,237301,50000,4.3418,0.1624802734422136,0.1467426418884812,1,"Equal_AOP_LIRCMOP3_N100_FE50000_run1_seed237301.mat"
"s06_mechanism","Equal-AOP","LIRCMOP3","LIR-CMOP",100,50000,2,237302,50000,4.2066,0.2661871961258441,0.1091970455573482,1,"Equal_AOP_LIRCMOP3_N100_FE50000_run2_seed237302.mat"
"s06_mechanism","Equal-AOP","LIRCMOP3","LIR-CMOP",100,50000,3,237303,50000,4.2021,0.275645118668938,0.1070063329972832,1,"Equal_AOP_LIRCMOP3_N100_FE50000_run3_seed237303.mat"
"s06_mechanism","Equal-AOP","LIRCMOP4","LIR-CMOP",100,50000,1,237401,50000,4.4403,0.2515635955592951,0.2087276353649052,1,"Equal_AOP_LIRCMOP4_N100_FE50000_run1_seed237401.mat"
"s06_mechanism","Equal-AOP","LIRCMOP4","LIR-CMOP",100,50000,2,237402,50000,4.6457,0.1368415367733327,0.2601564060432773,1,"Equal_AOP_LIRCMOP4_N100_FE50000_run2_seed237402.mat"
"s06_mechanism","Equal-AOP","LIRCMOP4","LIR-CMOP",100,50000,3,237403,50000,4.4308,0.184839794185118,0.245924988928096,1,"Equal_AOP_LIRCMOP4_N100_FE50000_run3_seed237403.mat"
"s06_mechanism","Equal-AOP","LIRCMOP5","LIR-CMOP",100,50000,1,237501,50000,4.5446,0.284623096533392,0.1500487785792027,1,"Equal_AOP_LIRCMOP5_N100_FE50000_run1_seed237501.mat"
"s06_mechanism","Equal-AOP","LIRCMOP5","LIR-CMOP",100,50000,2,237502,50000,4.3968,1.191056423568517,0,1,"Equal_AOP_LIRCMOP5_N100_FE50000_run2_seed237502.mat"
"s06_mechanism","Equal-AOP","LIRCMOP5","LIR-CMOP",100,50000,3,237503,50000,4.2001,0.3658854077546999,0.1867008873310851,1,"Equal_AOP_LIRCMOP5_N100_FE50000_run3_seed237503.mat"
"s06_mechanism","Equal-AOP","LIRCMOP6","LIR-CMOP",100,50000,1,237601,50000,5.5409,0.03480524470834998,0.1852019225671207,1,"Equal_AOP_LIRCMOP6_N100_FE50000_run1_seed237601.mat"
"s06_mechanism","Equal-AOP","LIRCMOP6","LIR-CMOP",100,50000,2,237602,50000,5.7813,0.3101553457107344,0.1288493499120547,1,"Equal_AOP_LIRCMOP6_N100_FE50000_run2_seed237602.mat"
"s06_mechanism","Equal-AOP","LIRCMOP6","LIR-CMOP",100,50000,3,237603,50000,4.8308,0.3290339497131342,0.1256806135250619,1,"Equal_AOP_LIRCMOP6_N100_FE50000_run3_seed237603.mat"
"s06_mechanism","Equal-AOP","LIRCMOP7","LIR-CMOP",100,50000,1,237701,50000,4.1814,0.07425110450344898,0.2614839687450278,1,"Equal_AOP_LIRCMOP7_N100_FE50000_run1_seed237701.mat"
"s06_mechanism","Equal-AOP","LIRCMOP7","LIR-CMOP",100,50000,2,237702,50000,4.2016,0.01926588572286339,0.2878053129669355,1,"Equal_AOP_LIRCMOP7_N100_FE50000_run2_seed237702.mat"
"s06_mechanism","Equal-AOP","LIRCMOP7","LIR-CMOP",100,50000,3,237703,50000,4.0348,0.0193423827764245,0.2876690315135397,1,"Equal_AOP_LIRCMOP7_N100_FE50000_run3_seed237703.mat"
"s06_mechanism","Equal-AOP","LIRCMOP8","LIR-CMOP",100,50000,1,237801,50000,4.6208,0.09947939782124907,0.2526445189147245,1,"Equal_AOP_LIRCMOP8_N100_FE50000_run1_seed237801.mat"
"s06_mechanism","Equal-AOP","LIRCMOP8","LIR-CMOP",100,50000,2,237802,50000,4.4242,0.00863333723361827,0.2935562583720369,1,"Equal_AOP_LIRCMOP8_N100_FE50000_run2_seed237802.mat"
"s06_mechanism","Equal-AOP","LIRCMOP8","LIR-CMOP",100,50000,3,237803,50000,4.0939,0.01350187978860397,0.2913618243861621,1,"Equal_AOP_LIRCMOP8_N100_FE50000_run3_seed237803.mat"
"s06_mechanism","Equal-AOP","LIRCMOP9","LIR-CMOP",100,50000,1,237901,50000,6.8599,0.5062509677172493,0.3579521662131963,1,"Equal_AOP_LIRCMOP9_N100_FE50000_run1_seed237901.mat"
"s06_mechanism","Equal-AOP","LIRCMOP9","LIR-CMOP",100,50000,2,237902,50000,7.0859,0.5077007905142191,0.3557926696338975,1,"Equal_AOP_LIRCMOP9_N100_FE50000_run2_seed237902.mat"
"s06_mechanism","Equal-AOP","LIRCMOP9","LIR-CMOP",100,50000,3,237903,50000,6.2478,0.4037325691777965,0.4014708545931205,1,"Equal_AOP_LIRCMOP9_N100_FE50000_run3_seed237903.mat"
"s06_mechanism","Objective-Credit-AOP","CF10","CF",100,50000,1,267001,50000,7.2154,0.2804741760555122,0.1718504796722631,1,"Objective_Credit_AOP_CF10_N100_FE50000_run1_seed267001.mat"
"s06_mechanism","Objective-Credit-AOP","CF10","CF",100,50000,2,267002,50000,7.8941,0.3558408047587645,0.1493718338100713,1,"Objective_Credit_AOP_CF10_N100_FE50000_run2_seed267002.mat"
"s06_mechanism","Objective-Credit-AOP","CF10","CF",100,50000,3,267003,50000,6.6503,0.427200739705909,0.1324202398170735,1,"Objective_Credit_AOP_CF10_N100_FE50000_run3_seed267003.mat"
"s06_mechanism","Objective-Credit-AOP","CF1","CF",100,50000,1,266101,50000,6.7381,0.005180601590843955,0.55981685647806,1,"Objective_Credit_AOP_CF1_N100_FE50000_run1_seed266101.mat"
"s06_mechanism","Objective-Credit-AOP","CF1","CF",100,50000,2,266102,50000,6.0999,0.004420223413667837,0.5607296747294229,1,"Objective_Credit_AOP_CF1_N100_FE50000_run2_seed266102.mat"
"s06_mechanism","Objective-Credit-AOP","CF1","CF",100,50000,3,266103,50000,7.101,0.006095889286980956,0.558722806549936,1,"Objective_Credit_AOP_CF1_N100_FE50000_run3_seed266103.mat"
"s06_mechanism","Objective-Credit-AOP","CF2","CF",100,50000,1,266201,50000,6.3838,0.01374753317693753,0.654309259710166,1,"Objective_Credit_AOP_CF2_N100_FE50000_run1_seed266201.mat"
"s06_mechanism","Objective-Credit-AOP","CF2","CF",100,50000,2,266202,50000,6.4217,0.00956992013557361,0.6634051474156517,1,"Objective_Credit_AOP_CF2_N100_FE50000_run2_seed266202.mat"
"s06_mechanism","Objective-Credit-AOP","CF2","CF",100,50000,3,266203,50000,6.9078,0.02373447071373628,0.6570020710459394,1,"Objective_Credit_AOP_CF2_N100_FE50000_run3_seed266203.mat"
"s06_mechanism","Objective-Credit-AOP","CF3","CF",100,50000,1,266301,50000,5.7125,0.1595118981637142,0.2499278593030074,1,"Objective_Credit_AOP_CF3_N100_FE50000_run1_seed266301.mat"
"s06_mechanism","Objective-Credit-AOP","CF3","CF",100,50000,2,266302,50000,6.3122,0.1461854209037111,0.1945499561180593,1,"Objective_Credit_AOP_CF3_N100_FE50000_run2_seed266302.mat"
"s06_mechanism","Objective-Credit-AOP","CF3","CF",100,50000,3,266303,50000,5.1044,0.3697964706693495,0.1424689074108111,1,"Objective_Credit_AOP_CF3_N100_FE50000_run3_seed266303.mat"
"s06_mechanism","Objective-Credit-AOP","CF4","CF",100,50000,1,266401,50000,6.6805,0.04250154984899216,0.4796989942546916,1,"Objective_Credit_AOP_CF4_N100_FE50000_run1_seed266401.mat"
"s06_mechanism","Objective-Credit-AOP","CF4","CF",100,50000,2,266402,50000,5.849,0.05292722927870486,0.4612547424165401,1,"Objective_Credit_AOP_CF4_N100_FE50000_run2_seed266402.mat"
"s06_mechanism","Objective-Credit-AOP","CF4","CF",100,50000,3,266403,50000,6.1119,0.04362213446349813,0.4811760933907822,1,"Objective_Credit_AOP_CF4_N100_FE50000_run3_seed266403.mat"
"s06_mechanism","Objective-Credit-AOP","CF5","CF",100,50000,1,266501,50000,6.9201,0.1033750430869747,0.4039419443889436,1,"Objective_Credit_AOP_CF5_N100_FE50000_run1_seed266501.mat"
"s06_mechanism","Objective-Credit-AOP","CF5","CF",100,50000,2,266502,50000,8.0332,0.4046750767102703,0.1550189646498499,1,"Objective_Credit_AOP_CF5_N100_FE50000_run2_seed266502.mat"
"s06_mechanism","Objective-Credit-AOP","CF5","CF",100,50000,3,266503,50000,6.8579,0.3249799327120916,0.2881108235342764,1,"Objective_Credit_AOP_CF5_N100_FE50000_run3_seed266503.mat"
"s06_mechanism","Objective-Credit-AOP","CF6","CF",100,50000,1,266601,50000,7.9353,0.03021163566704798,0.6643016511652151,1,"Objective_Credit_AOP_CF6_N100_FE50000_run1_seed266601.mat"
"s06_mechanism","Objective-Credit-AOP","CF6","CF",100,50000,2,266602,50000,7.9151,0.05224471362622173,0.6481419912585087,1,"Objective_Credit_AOP_CF6_N100_FE50000_run2_seed266602.mat"
"s06_mechanism","Objective-Credit-AOP","CF6","CF",100,50000,3,266603,50000,7.1741,0.08248423004666054,0.6267590116421556,1,"Objective_Credit_AOP_CF6_N100_FE50000_run3_seed266603.mat"
"s06_mechanism","Objective-Credit-AOP","CF7","CF",100,50000,1,266701,50000,6.2067,0.0989872867566743,0.5673453697799975,1,"Objective_Credit_AOP_CF7_N100_FE50000_run1_seed266701.mat"
"s06_mechanism","Objective-Credit-AOP","CF7","CF",100,50000,2,266702,50000,7.2325,0.3055561207357235,0.4757175467175297,1,"Objective_Credit_AOP_CF7_N100_FE50000_run2_seed266702.mat"
"s06_mechanism","Objective-Credit-AOP","CF7","CF",100,50000,3,266703,50000,5.9949,0.1145865066184429,0.5573984056697689,1,"Objective_Credit_AOP_CF7_N100_FE50000_run3_seed266703.mat"
"s06_mechanism","Objective-Credit-AOP","CF8","CF",100,50000,1,266801,50000,5.8684,0.1539137647273728,0.3438612716971597,1,"Objective_Credit_AOP_CF8_N100_FE50000_run1_seed266801.mat"
"s06_mechanism","Objective-Credit-AOP","CF8","CF",100,50000,2,266802,50000,5.8476,0.1525932963575119,0.3671574213077294,1,"Objective_Credit_AOP_CF8_N100_FE50000_run2_seed266802.mat"
"s06_mechanism","Objective-Credit-AOP","CF8","CF",100,50000,3,266803,50000,5.3278,0.1708578094419551,0.3172243064515701,1,"Objective_Credit_AOP_CF8_N100_FE50000_run3_seed266803.mat"
"s06_mechanism","Objective-Credit-AOP","CF9","CF",100,50000,1,266901,50000,7.4425,0.09545321602732368,0.4277660507622719,1,"Objective_Credit_AOP_CF9_N100_FE50000_run1_seed266901.mat"
"s06_mechanism","Objective-Credit-AOP","CF9","CF",100,50000,2,266902,50000,7.4729,0.0950242388967053,0.4340222744385066,1,"Objective_Credit_AOP_CF9_N100_FE50000_run2_seed266902.mat"
"s06_mechanism","Objective-Credit-AOP","CF9","CF",100,50000,3,266903,50000,7.7373,0.09947035856624695,0.4217522411970001,1,"Objective_Credit_AOP_CF9_N100_FE50000_run3_seed266903.mat"
"s06_mechanism","Objective-Credit-AOP","DASCMOP1","DAS-CMOP",100,50000,1,268501,50000,4.6338,0.006621630832752239,0.2086442452366053,1,"Objective_Credit_AOP_DASCMOP1_N100_FE50000_run1_seed268501.mat"
"s06_mechanism","Objective-Credit-AOP","DASCMOP1","DAS-CMOP",100,50000,2,268502,50000,5.1479,0.004971936860903419,0.2117331813896423,1,"Objective_Credit_AOP_DASCMOP1_N100_FE50000_run2_seed268502.mat"
"s06_mechanism","Objective-Credit-AOP","DASCMOP1","DAS-CMOP",100,50000,3,268503,50000,4.8569,0.006780209026198579,0.2106302208822195,1,"Objective_Credit_AOP_DASCMOP1_N100_FE50000_run3_seed268503.mat"
"s06_mechanism","Objective-Credit-AOP","DASCMOP2","DAS-CMOP",100,50000,1,268601,50000,4.229,0.008772651946352716,0.3521324643128833,1,"Objective_Credit_AOP_DASCMOP2_N100_FE50000_run1_seed268601.mat"
"s06_mechanism","Objective-Credit-AOP","DASCMOP2","DAS-CMOP",100,50000,2,268602,50000,4.4089,0.008326125078441118,0.3519488933624543,1,"Objective_Credit_AOP_DASCMOP2_N100_FE50000_run2_seed268602.mat"
"s06_mechanism","Objective-Credit-AOP","DASCMOP2","DAS-CMOP",100,50000,3,268603,50000,4.3012,0.008508022405031053,0.3525405794363379,1,"Objective_Credit_AOP_DASCMOP2_N100_FE50000_run3_seed268603.mat"
"s06_mechanism","Objective-Credit-AOP","DASCMOP3","DAS-CMOP",100,50000,1,268701,50000,4.33,0.02082778622548036,0.3091405187885813,1,"Objective_Credit_AOP_DASCMOP3_N100_FE50000_run1_seed268701.mat"
"s06_mechanism","Objective-Credit-AOP","DASCMOP3","DAS-CMOP",100,50000,2,268702,50000,5.0481,0.02158871092747513,0.3099311692948003,1,"Objective_Credit_AOP_DASCMOP3_N100_FE50000_run2_seed268702.mat"
"s06_mechanism","Objective-Credit-AOP","DASCMOP3","DAS-CMOP",100,50000,3,268703,50000,4.7154,0.02594131593391408,0.3045517692613475,1,"Objective_Credit_AOP_DASCMOP3_N100_FE50000_run3_seed268703.mat"
"s06_mechanism","Objective-Credit-AOP","DASCMOP4","DAS-CMOP",100,50000,1,268801,50000,4.1104,0.6182042236885962,0.001155436973947707,1,"Objective_Credit_AOP_DASCMOP4_N100_FE50000_run1_seed268801.mat"
"s06_mechanism","Objective-Credit-AOP","DASCMOP4","DAS-CMOP",100,50000,2,268802,50000,3.8921,0.3130557431191874,0.06984703480952778,1,"Objective_Credit_AOP_DASCMOP4_N100_FE50000_run2_seed268802.mat"
"s06_mechanism","Objective-Credit-AOP","DASCMOP4","DAS-CMOP",100,50000,3,268803,50000,4.3782,0.3828037389096447,0.04745719209770773,1,"Objective_Credit_AOP_DASCMOP4_N100_FE50000_run3_seed268803.mat"
"s06_mechanism","Objective-Credit-AOP","DASCMOP5","DAS-CMOP",100,50000,1,268901,50000,4.4025,NaN,NaN,0,"Objective_Credit_AOP_DASCMOP5_N100_FE50000_run1_seed268901.mat"
"s06_mechanism","Objective-Credit-AOP","DASCMOP5","DAS-CMOP",100,50000,2,268902,50000,4.1422,0.6495812640984437,0.04315345463386074,1,"Objective_Credit_AOP_DASCMOP5_N100_FE50000_run2_seed268902.mat"
"s06_mechanism","Objective-Credit-AOP","DASCMOP5","DAS-CMOP",100,50000,3,268903,50000,4.0548,0.1776112387646517,0.2374558700507965,1,"Objective_Credit_AOP_DASCMOP5_N100_FE50000_run3_seed268903.mat"
"s06_mechanism","Objective-Credit-AOP","DASCMOP6","DAS-CMOP",100,50000,1,269001,50000,4.2982,0.3504062584081146,0.1409435592246815,1,"Objective_Credit_AOP_DASCMOP6_N100_FE50000_run1_seed269001.mat"
"s06_mechanism","Objective-Credit-AOP","DASCMOP6","DAS-CMOP",100,50000,2,269002,50000,4.4927,0.1010073927204781,0.256612230320884,1,"Objective_Credit_AOP_DASCMOP6_N100_FE50000_run2_seed269002.mat"
"s06_mechanism","Objective-Credit-AOP","DASCMOP6","DAS-CMOP",100,50000,3,269003,50000,4.122,0.4155978953383406,0.08963356425601912,1,"Objective_Credit_AOP_DASCMOP6_N100_FE50000_run3_seed269003.mat"
"s06_mechanism","Objective-Credit-AOP","DASCMOP7","DAS-CMOP",100,50000,1,269101,50000,4.5197,0.2504757629936217,0.1744611429781809,1,"Objective_Credit_AOP_DASCMOP7_N100_FE50000_run1_seed269101.mat"
"s06_mechanism","Objective-Credit-AOP","DASCMOP7","DAS-CMOP",100,50000,2,269102,50000,4.6788,0.3361526979724588,0.139204529585129,1,"Objective_Credit_AOP_DASCMOP7_N100_FE50000_run2_seed269102.mat"
"s06_mechanism","Objective-Credit-AOP","DASCMOP7","DAS-CMOP",100,50000,3,269103,50000,4.7927,1.140758627378395,0.001902700932015852,1,"Objective_Credit_AOP_DASCMOP7_N100_FE50000_run3_seed269103.mat"
"s06_mechanism","Objective-Credit-AOP","DASCMOP8","DAS-CMOP",100,50000,1,269201,50000,4.4401,0.1380177012651745,0.1415959643292417,1,"Objective_Credit_AOP_DASCMOP8_N100_FE50000_run1_seed269201.mat"
"s06_mechanism","Objective-Credit-AOP","DASCMOP8","DAS-CMOP",100,50000,2,269202,50000,4.9055,0.06363210303207531,0.2010591385296937,1,"Objective_Credit_AOP_DASCMOP8_N100_FE50000_run2_seed269202.mat"
"s06_mechanism","Objective-Credit-AOP","DASCMOP8","DAS-CMOP",100,50000,3,269203,50000,4.7536,0.3426843014493213,0.04268639140804022,1,"Objective_Credit_AOP_DASCMOP8_N100_FE50000_run3_seed269203.mat"
"s06_mechanism","Objective-Credit-AOP","DASCMOP9","DAS-CMOP",100,50000,1,269301,50000,4.9839,0.05103296325533015,0.2030863347960719,1,"Objective_Credit_AOP_DASCMOP9_N100_FE50000_run1_seed269301.mat"
"s06_mechanism","Objective-Credit-AOP","DASCMOP9","DAS-CMOP",100,50000,2,269302,50000,5.0963,0.04783346812826007,0.2041413143155719,1,"Objective_Credit_AOP_DASCMOP9_N100_FE50000_run2_seed269302.mat"
"s06_mechanism","Objective-Credit-AOP","DASCMOP9","DAS-CMOP",100,50000,3,269303,50000,5.1676,0.05312505190269398,0.2021363982623091,1,"Objective_Credit_AOP_DASCMOP9_N100_FE50000_run3_seed269303.mat"
"s06_mechanism","Objective-Credit-AOP","LIRCMOP10","LIR-CMOP",100,50000,1,268001,50000,7.6484,0.2180104106735377,0.6029090346954292,1,"Objective_Credit_AOP_LIRCMOP10_N100_FE50000_run1_seed268001.mat"
"s06_mechanism","Objective-Credit-AOP","LIRCMOP10","LIR-CMOP",100,50000,2,268002,50000,7.716,0.0369125674460315,0.6848802734783127,1,"Objective_Credit_AOP_LIRCMOP10_N100_FE50000_run2_seed268002.mat"
"s06_mechanism","Objective-Credit-AOP","LIRCMOP10","LIR-CMOP",100,50000,3,268003,50000,8.505,0.227796804253132,0.5889991410259972,1,"Objective_Credit_AOP_LIRCMOP10_N100_FE50000_run3_seed268003.mat"
"s06_mechanism","Objective-Credit-AOP","LIRCMOP11","LIR-CMOP",100,50000,1,268101,50000,7.5373,0.1437781444135987,0.6013243219675545,1,"Objective_Credit_AOP_LIRCMOP11_N100_FE50000_run1_seed268101.mat"
"s06_mechanism","Objective-Credit-AOP","LIRCMOP11","LIR-CMOP",100,50000,2,268102,50000,7.075,0.07836959601512569,0.6531953328652275,1,"Objective_Credit_AOP_LIRCMOP11_N100_FE50000_run2_seed268102.mat"
"s06_mechanism","Objective-Credit-AOP","LIRCMOP11","LIR-CMOP",100,50000,3,268103,50000,6.9958,0.1432816978454642,0.6009455662999508,1,"Objective_Credit_AOP_LIRCMOP11_N100_FE50000_run3_seed268103.mat"
"s06_mechanism","Objective-Credit-AOP","LIRCMOP12","LIR-CMOP",100,50000,1,268201,50000,5.1966,0.1404603203476505,0.553588997263847,1,"Objective_Credit_AOP_LIRCMOP12_N100_FE50000_run1_seed268201.mat"
"s06_mechanism","Objective-Credit-AOP","LIRCMOP12","LIR-CMOP",100,50000,2,268202,50000,5.2983,0.1578535208644539,0.5341347593182975,1,"Objective_Credit_AOP_LIRCMOP12_N100_FE50000_run2_seed268202.mat"
"s06_mechanism","Objective-Credit-AOP","LIRCMOP12","LIR-CMOP",100,50000,3,268203,50000,5.4242,0.2729770044913403,0.4853501495739647,1,"Objective_Credit_AOP_LIRCMOP12_N100_FE50000_run3_seed268203.mat"
"s06_mechanism","Objective-Credit-AOP","LIRCMOP13","LIR-CMOP",100,50000,1,268301,50000,11.4883,0.09900778803232056,0.5392236451251895,1,"Objective_Credit_AOP_LIRCMOP13_N100_FE50000_run1_seed268301.mat"
"s06_mechanism","Objective-Credit-AOP","LIRCMOP13","LIR-CMOP",100,50000,2,268302,50000,12.4038,0.09885432616639607,0.5401849662404867,1,"Objective_Credit_AOP_LIRCMOP13_N100_FE50000_run2_seed268302.mat"
"s06_mechanism","Objective-Credit-AOP","LIRCMOP13","LIR-CMOP",100,50000,3,268303,50000,11.634,0.09819967500603277,0.5401186289555646,1,"Objective_Credit_AOP_LIRCMOP13_N100_FE50000_run3_seed268303.mat"
"s06_mechanism","Objective-Credit-AOP","LIRCMOP14","LIR-CMOP",100,50000,1,268401,50000,10.32,0.09646279414005522,0.5532094513823591,1,"Objective_Credit_AOP_LIRCMOP14_N100_FE50000_run1_seed268401.mat"
"s06_mechanism","Objective-Credit-AOP","LIRCMOP14","LIR-CMOP",100,50000,2,268402,50000,10.1603,0.09674814809795877,0.5510337612503489,1,"Objective_Credit_AOP_LIRCMOP14_N100_FE50000_run2_seed268402.mat"
"s06_mechanism","Objective-Credit-AOP","LIRCMOP14","LIR-CMOP",100,50000,3,268403,50000,9.7971,0.09835366425376686,0.5505430366579567,1,"Objective_Credit_AOP_LIRCMOP14_N100_FE50000_run3_seed268403.mat"
"s06_mechanism","Objective-Credit-AOP","LIRCMOP1","LIR-CMOP",100,50000,1,267101,50000,4.5755,0.1993992951400123,0.1393612985628136,1,"Objective_Credit_AOP_LIRCMOP1_N100_FE50000_run1_seed267101.mat"
"s06_mechanism","Objective-Credit-AOP","LIRCMOP1","LIR-CMOP",100,50000,2,267102,50000,4.8002,0.2605890889658024,0.1322821341071317,1,"Objective_Credit_AOP_LIRCMOP1_N100_FE50000_run2_seed267102.mat"
"s06_mechanism","Objective-Credit-AOP","LIRCMOP1","LIR-CMOP",100,50000,3,267103,50000,4.5564,0.2486923480781707,0.121330594046183,1,"Objective_Credit_AOP_LIRCMOP1_N100_FE50000_run3_seed267103.mat"
"s06_mechanism","Objective-Credit-AOP","LIRCMOP2","LIR-CMOP",100,50000,1,267201,50000,4.7334,0.1670251121991707,0.2790005562575613,1,"Objective_Credit_AOP_LIRCMOP2_N100_FE50000_run1_seed267201.mat"
"s06_mechanism","Objective-Credit-AOP","LIRCMOP2","LIR-CMOP",100,50000,2,267202,50000,4.7361,0.07263408093118706,0.3166104182897573,1,"Objective_Credit_AOP_LIRCMOP2_N100_FE50000_run2_seed267202.mat"
"s06_mechanism","Objective-Credit-AOP","LIRCMOP2","LIR-CMOP",100,50000,3,267203,50000,4.9325,0.152575952250306,0.2828638422225534,1,"Objective_Credit_AOP_LIRCMOP2_N100_FE50000_run3_seed267203.mat"
"s06_mechanism","Objective-Credit-AOP","LIRCMOP3","LIR-CMOP",100,50000,1,267301,50000,5.0449,0.3323334892235646,0.09535485309472394,1,"Objective_Credit_AOP_LIRCMOP3_N100_FE50000_run1_seed267301.mat"
"s06_mechanism","Objective-Credit-AOP","LIRCMOP3","LIR-CMOP",100,50000,2,267302,50000,4.9107,0.2742526107290744,0.1070728826411345,1,"Objective_Credit_AOP_LIRCMOP3_N100_FE50000_run2_seed267302.mat"
"s06_mechanism","Objective-Credit-AOP","LIRCMOP3","LIR-CMOP",100,50000,3,267303,50000,4.6555,0.2765756550608638,0.1058881237695078,1,"Objective_Credit_AOP_LIRCMOP3_N100_FE50000_run3_seed267303.mat"
"s06_mechanism","Objective-Credit-AOP","LIRCMOP4","LIR-CMOP",100,50000,1,267401,50000,4.6824,0.2478327737437634,0.2109060833607393,1,"Objective_Credit_AOP_LIRCMOP4_N100_FE50000_run1_seed267401.mat"
"s06_mechanism","Objective-Credit-AOP","LIRCMOP4","LIR-CMOP",100,50000,2,267402,50000,4.6671,0.2534432150743531,0.2088490696807472,1,"Objective_Credit_AOP_LIRCMOP4_N100_FE50000_run2_seed267402.mat"
"s06_mechanism","Objective-Credit-AOP","LIRCMOP4","LIR-CMOP",100,50000,3,267403,50000,5.3372,0.2121572663451385,0.2195728464263968,1,"Objective_Credit_AOP_LIRCMOP4_N100_FE50000_run3_seed267403.mat"
"s06_mechanism","Objective-Credit-AOP","LIRCMOP5","LIR-CMOP",100,50000,1,267501,50000,4.972,1.166117863226431,0,1,"Objective_Credit_AOP_LIRCMOP5_N100_FE50000_run1_seed267501.mat"
"s06_mechanism","Objective-Credit-AOP","LIRCMOP5","LIR-CMOP",100,50000,2,267502,50000,4.8382,1.169994849232968,0,1,"Objective_Credit_AOP_LIRCMOP5_N100_FE50000_run2_seed267502.mat"
"s06_mechanism","Objective-Credit-AOP","LIRCMOP5","LIR-CMOP",100,50000,3,267503,50000,5.3542,1.166662140526699,0,1,"Objective_Credit_AOP_LIRCMOP5_N100_FE50000_run3_seed267503.mat"
"s06_mechanism","Objective-Credit-AOP","LIRCMOP6","LIR-CMOP",100,50000,1,267601,50000,7.0069,0.2480214072944487,0.1426094623846274,1,"Objective_Credit_AOP_LIRCMOP6_N100_FE50000_run1_seed267601.mat"
"s06_mechanism","Objective-Credit-AOP","LIRCMOP6","LIR-CMOP",100,50000,2,267602,50000,5.2558,0.3597809646134493,0.1129165994071596,1,"Objective_Credit_AOP_LIRCMOP6_N100_FE50000_run2_seed267602.mat"
"s06_mechanism","Objective-Credit-AOP","LIRCMOP6","LIR-CMOP",100,50000,3,267603,50000,5.4851,0.214133417156314,0.1230681825870792,1,"Objective_Credit_AOP_LIRCMOP6_N100_FE50000_run3_seed267603.mat"
"s06_mechanism","Objective-Credit-AOP","LIRCMOP7","LIR-CMOP",100,50000,1,267701,50000,5.0915,0.009487902517357257,0.2929167443471301,1,"Objective_Credit_AOP_LIRCMOP7_N100_FE50000_run1_seed267701.mat"
"s06_mechanism","Objective-Credit-AOP","LIRCMOP7","LIR-CMOP",100,50000,2,267702,50000,4.7887,0.0128889002890071,0.2901556474521126,1,"Objective_Credit_AOP_LIRCMOP7_N100_FE50000_run2_seed267702.mat"
"s06_mechanism","Objective-Credit-AOP","LIRCMOP7","LIR-CMOP",100,50000,3,267703,50000,4.7646,0.009988472038497299,0.2926992927092766,1,"Objective_Credit_AOP_LIRCMOP7_N100_FE50000_run3_seed267703.mat"
"s06_mechanism","Objective-Credit-AOP","LIRCMOP8","LIR-CMOP",100,50000,1,267801,50000,4.396,0.01115057505659925,0.292020971410982,1,"Objective_Credit_AOP_LIRCMOP8_N100_FE50000_run1_seed267801.mat"
"s06_mechanism","Objective-Credit-AOP","LIRCMOP8","LIR-CMOP",100,50000,2,267802,50000,4.5414,0.07989391512726438,0.2600375208948135,1,"Objective_Credit_AOP_LIRCMOP8_N100_FE50000_run2_seed267802.mat"
"s06_mechanism","Objective-Credit-AOP","LIRCMOP8","LIR-CMOP",100,50000,3,267803,50000,4.7081,0.04405334322486435,0.2725688698236831,1,"Objective_Credit_AOP_LIRCMOP8_N100_FE50000_run3_seed267803.mat"
"s06_mechanism","Objective-Credit-AOP","LIRCMOP9","LIR-CMOP",100,50000,1,267901,50000,8.5179,0.5093101826566409,0.3529572514594711,1,"Objective_Credit_AOP_LIRCMOP9_N100_FE50000_run1_seed267901.mat"
"s06_mechanism","Objective-Credit-AOP","LIRCMOP9","LIR-CMOP",100,50000,2,267902,50000,7.407,0.5970275508139902,0.2935602989735929,1,"Objective_Credit_AOP_LIRCMOP9_N100_FE50000_run2_seed267902.mat"
"s06_mechanism","Objective-Credit-AOP","LIRCMOP9","LIR-CMOP",100,50000,3,267903,50000,7.2592,0.5061838069524984,0.3580366072773001,1,"Objective_Credit_AOP_LIRCMOP9_N100_FE50000_run3_seed267903.mat"
"s06_mechanism","Stage-AOP","CF10","CF",100,50000,1,247001,50000,9.4667,0.3271262096418578,0.196349734690732,1,"Stage_AOP_CF10_N100_FE50000_run1_seed247001.mat"
"s06_mechanism","Stage-AOP","CF10","CF",100,50000,2,247002,50000,6.2441,0.1734911695280499,0.2841227753626135,1,"Stage_AOP_CF10_N100_FE50000_run2_seed247002.mat"
"s06_mechanism","Stage-AOP","CF10","CF",100,50000,3,247003,50000,8.4824,0.366600420081213,0.1548699890583041,1,"Stage_AOP_CF10_N100_FE50000_run3_seed247003.mat"
"s06_mechanism","Stage-AOP","CF1","CF",100,50000,1,246101,50000,6.185,0.005372217053820828,0.5596046909180996,1,"Stage_AOP_CF1_N100_FE50000_run1_seed246101.mat"
"s06_mechanism","Stage-AOP","CF1","CF",100,50000,2,246102,50000,6.4125,0.004764233987306144,0.5603255150244195,1,"Stage_AOP_CF1_N100_FE50000_run2_seed246102.mat"
"s06_mechanism","Stage-AOP","CF1","CF",100,50000,3,246103,50000,6.2798,0.007922442189412902,0.5567095672243512,1,"Stage_AOP_CF1_N100_FE50000_run3_seed246103.mat"
"s06_mechanism","Stage-AOP","CF2","CF",100,50000,1,246201,50000,5.6854,0.01867608536565583,0.6404525785045629,1,"Stage_AOP_CF2_N100_FE50000_run1_seed246201.mat"
"s06_mechanism","Stage-AOP","CF2","CF",100,50000,2,246202,50000,5.9475,0.03770618670873123,0.6392363442680576,1,"Stage_AOP_CF2_N100_FE50000_run2_seed246202.mat"
"s06_mechanism","Stage-AOP","CF2","CF",100,50000,3,246203,50000,6.1969,0.01776823820349046,0.6514234092438437,1,"Stage_AOP_CF2_N100_FE50000_run3_seed246203.mat"
"s06_mechanism","Stage-AOP","CF3","CF",100,50000,1,246301,50000,5.9559,0.1120370479367618,0.2788418471038455,1,"Stage_AOP_CF3_N100_FE50000_run1_seed246301.mat"
"s06_mechanism","Stage-AOP","CF3","CF",100,50000,2,246302,50000,5.356,0.08570960533257484,0.2849856400299675,1,"Stage_AOP_CF3_N100_FE50000_run2_seed246302.mat"
"s06_mechanism","Stage-AOP","CF3","CF",100,50000,3,246303,50000,4.7542,0.1487027414796813,0.2108713955073458,1,"Stage_AOP_CF3_N100_FE50000_run3_seed246303.mat"
"s06_mechanism","Stage-AOP","CF4","CF",100,50000,1,246401,50000,6.0175,0.05909365537249909,0.4595314360124496,1,"Stage_AOP_CF4_N100_FE50000_run1_seed246401.mat"
"s06_mechanism","Stage-AOP","CF4","CF",100,50000,2,246402,50000,5.9348,0.04263200716039594,0.482928880540945,1,"Stage_AOP_CF4_N100_FE50000_run2_seed246402.mat"
"s06_mechanism","Stage-AOP","CF4","CF",100,50000,3,246403,50000,5.1502,0.05029406014426777,0.4756374247785202,1,"Stage_AOP_CF4_N100_FE50000_run3_seed246403.mat"
"s06_mechanism","Stage-AOP","CF5","CF",100,50000,1,246501,50000,7.0221,0.113308041047191,0.3944676175005824,1,"Stage_AOP_CF5_N100_FE50000_run1_seed246501.mat"
"s06_mechanism","Stage-AOP","CF5","CF",100,50000,2,246502,50000,7.4486,0.4514225035734971,0.1687542045236571,1,"Stage_AOP_CF5_N100_FE50000_run2_seed246502.mat"
"s06_mechanism","Stage-AOP","CF5","CF",100,50000,3,246503,50000,6.8576,0.1270434939623169,0.382911579934654,1,"Stage_AOP_CF5_N100_FE50000_run3_seed246503.mat"
"s06_mechanism","Stage-AOP","CF6","CF",100,50000,1,246601,50000,6.9133,0.04609911229939172,0.6513367467714738,1,"Stage_AOP_CF6_N100_FE50000_run1_seed246601.mat"
"s06_mechanism","Stage-AOP","CF6","CF",100,50000,2,246602,50000,7.0315,0.03830294119016938,0.6620191056197255,1,"Stage_AOP_CF6_N100_FE50000_run2_seed246602.mat"
"s06_mechanism","Stage-AOP","CF6","CF",100,50000,3,246603,50000,6.582,0.03943589838540268,0.6643048334264954,1,"Stage_AOP_CF6_N100_FE50000_run3_seed246603.mat"
"s06_mechanism","Stage-AOP","CF7","CF",100,50000,1,246701,50000,6.5195,0.09525700749435281,0.5667392848158469,1,"Stage_AOP_CF7_N100_FE50000_run1_seed246701.mat"
"s06_mechanism","Stage-AOP","CF7","CF",100,50000,2,246702,50000,6.2906,0.1415360616672518,0.5715096039059796,1,"Stage_AOP_CF7_N100_FE50000_run2_seed246702.mat"
"s06_mechanism","Stage-AOP","CF7","CF",100,50000,3,246703,50000,4.6924,0.2283063410071659,0.5286024530424491,1,"Stage_AOP_CF7_N100_FE50000_run3_seed246703.mat"
"s06_mechanism","Stage-AOP","CF8","CF",100,50000,1,246801,50000,5.6237,0.156492729909239,0.3455393825475251,1,"Stage_AOP_CF8_N100_FE50000_run1_seed246801.mat"
"s06_mechanism","Stage-AOP","CF8","CF",100,50000,2,246802,50000,5.3714,0.1306266825590764,0.3831855300062937,1,"Stage_AOP_CF8_N100_FE50000_run2_seed246802.mat"
"s06_mechanism","Stage-AOP","CF8","CF",100,50000,3,246803,50000,4.7872,0.1648980121484399,0.3566822917524732,1,"Stage_AOP_CF8_N100_FE50000_run3_seed246803.mat"
"s06_mechanism","Stage-AOP","CF9","CF",100,50000,1,246901,50000,7.0708,0.09755390459559064,0.4198671614440978,1,"Stage_AOP_CF9_N100_FE50000_run1_seed246901.mat"
"s06_mechanism","Stage-AOP","CF9","CF",100,50000,2,246902,50000,7.3491,0.0918157057941464,0.4239200227567153,1,"Stage_AOP_CF9_N100_FE50000_run2_seed246902.mat"
"s06_mechanism","Stage-AOP","CF9","CF",100,50000,3,246903,50000,7.6938,0.09636242539286105,0.4221200118169469,1,"Stage_AOP_CF9_N100_FE50000_run3_seed246903.mat"
"s06_mechanism","Stage-AOP","DASCMOP1","DAS-CMOP",100,50000,1,248501,50000,4.6772,0.006538039690787369,0.21022812854755,1,"Stage_AOP_DASCMOP1_N100_FE50000_run1_seed248501.mat"
"s06_mechanism","Stage-AOP","DASCMOP1","DAS-CMOP",100,50000,2,248502,50000,4.9262,0.01007001341146366,0.2099700338754939,1,"Stage_AOP_DASCMOP1_N100_FE50000_run2_seed248502.mat"
"s06_mechanism","Stage-AOP","DASCMOP1","DAS-CMOP",100,50000,3,248503,50000,5.2526,0.007454927757326866,0.2081551782179784,1,"Stage_AOP_DASCMOP1_N100_FE50000_run3_seed248503.mat"
"s06_mechanism","Stage-AOP","DASCMOP2","DAS-CMOP",100,50000,1,248601,50000,4.1731,0.007875532835099831,0.3521739834984208,1,"Stage_AOP_DASCMOP2_N100_FE50000_run1_seed248601.mat"
"s06_mechanism","Stage-AOP","DASCMOP2","DAS-CMOP",100,50000,2,248602,50000,4.2345,0.007795311052154759,0.3526305514110487,1,"Stage_AOP_DASCMOP2_N100_FE50000_run2_seed248602.mat"
"s06_mechanism","Stage-AOP","DASCMOP2","DAS-CMOP",100,50000,3,248603,50000,4.0868,0.008334181391071548,0.3525109591678725,1,"Stage_AOP_DASCMOP2_N100_FE50000_run3_seed248603.mat"
"s06_mechanism","Stage-AOP","DASCMOP3","DAS-CMOP",100,50000,1,248701,50000,4.2011,0.02691405127782304,0.3048036556515627,1,"Stage_AOP_DASCMOP3_N100_FE50000_run1_seed248701.mat"
"s06_mechanism","Stage-AOP","DASCMOP3","DAS-CMOP",100,50000,2,248702,50000,4.617,0.02677061753446034,0.3039661237584931,1,"Stage_AOP_DASCMOP3_N100_FE50000_run2_seed248702.mat"
"s06_mechanism","Stage-AOP","DASCMOP3","DAS-CMOP",100,50000,3,248703,50000,4.3034,0.02126739746726077,0.3091722821569409,1,"Stage_AOP_DASCMOP3_N100_FE50000_run3_seed248703.mat"
"s06_mechanism","Stage-AOP","DASCMOP4","DAS-CMOP",100,50000,1,248801,50000,4.3376,0.6335720135637362,0,1,"Stage_AOP_DASCMOP4_N100_FE50000_run1_seed248801.mat"
"s06_mechanism","Stage-AOP","DASCMOP4","DAS-CMOP",100,50000,2,248802,50000,4.4331,0.01156190047566417,0.1912349004348143,1,"Stage_AOP_DASCMOP4_N100_FE50000_run2_seed248802.mat"
"s06_mechanism","Stage-AOP","DASCMOP4","DAS-CMOP",100,50000,3,248803,50000,4.2209,0.5434744945478858,0.01066906501692178,1,"Stage_AOP_DASCMOP4_N100_FE50000_run3_seed248803.mat"
"s06_mechanism","Stage-AOP","DASCMOP5","DAS-CMOP",100,50000,1,248901,50000,3.9381,0.5423722963206079,0.06311400332988276,1,"Stage_AOP_DASCMOP5_N100_FE50000_run1_seed248901.mat"
"s06_mechanism","Stage-AOP","DASCMOP5","DAS-CMOP",100,50000,2,248902,50000,3.9527,0.6926188466272256,0.03796177411413883,1,"Stage_AOP_DASCMOP5_N100_FE50000_run2_seed248902.mat"
"s06_mechanism","Stage-AOP","DASCMOP5","DAS-CMOP",100,50000,3,248903,50000,4.2108,0.4180455031075111,0.10472087012742,1,"Stage_AOP_DASCMOP5_N100_FE50000_run3_seed248903.mat"
"s06_mechanism","Stage-AOP","DASCMOP6","DAS-CMOP",100,50000,1,249001,50000,4.1997,NaN,NaN,0,"Stage_AOP_DASCMOP6_N100_FE50000_run1_seed249001.mat"
"s06_mechanism","Stage-AOP","DASCMOP6","DAS-CMOP",100,50000,2,249002,50000,4.182,0.4966357213592968,0.06086257386844914,1,"Stage_AOP_DASCMOP6_N100_FE50000_run2_seed249002.mat"
"s06_mechanism","Stage-AOP","DASCMOP6","DAS-CMOP",100,50000,3,249003,50000,3.8938,0.6382931733192303,0.03461310644447003,1,"Stage_AOP_DASCMOP6_N100_FE50000_run3_seed249003.mat"
"s06_mechanism","Stage-AOP","DASCMOP7","DAS-CMOP",100,50000,1,249101,50000,4.6007,NaN,NaN,0,"Stage_AOP_DASCMOP7_N100_FE50000_run1_seed249101.mat"
"s06_mechanism","Stage-AOP","DASCMOP7","DAS-CMOP",100,50000,2,249102,50000,4.5191,0.8675394156704173,0.01812957507870374,1,"Stage_AOP_DASCMOP7_N100_FE50000_run2_seed249102.mat"
"s06_mechanism","Stage-AOP","DASCMOP7","DAS-CMOP",100,50000,3,249103,50000,4.4064,NaN,NaN,0,"Stage_AOP_DASCMOP7_N100_FE50000_run3_seed249103.mat"
"s06_mechanism","Stage-AOP","DASCMOP8","DAS-CMOP",100,50000,1,249201,50000,4.0075,0.9308345522736809,0,1,"Stage_AOP_DASCMOP8_N100_FE50000_run1_seed249201.mat"
"s06_mechanism","Stage-AOP","DASCMOP8","DAS-CMOP",100,50000,2,249202,50000,3.9376,0.8266098626880265,0,1,"Stage_AOP_DASCMOP8_N100_FE50000_run2_seed249202.mat"
"s06_mechanism","Stage-AOP","DASCMOP8","DAS-CMOP",100,50000,3,249203,50000,4.5447,0.8431961838324438,1.436368106311393e-06,1,"Stage_AOP_DASCMOP8_N100_FE50000_run3_seed249203.mat"
"s06_mechanism","Stage-AOP","DASCMOP9","DAS-CMOP",100,50000,1,249301,50000,4.7662,0.05185691630537889,0.201610320248871,1,"Stage_AOP_DASCMOP9_N100_FE50000_run1_seed249301.mat"
"s06_mechanism","Stage-AOP","DASCMOP9","DAS-CMOP",100,50000,2,249302,50000,5.0774,0.06102490449417815,0.2012838621461732,1,"Stage_AOP_DASCMOP9_N100_FE50000_run2_seed249302.mat"
"s06_mechanism","Stage-AOP","DASCMOP9","DAS-CMOP",100,50000,3,249303,50000,4.8762,0.04811888756020626,0.2025655232186824,1,"Stage_AOP_DASCMOP9_N100_FE50000_run3_seed249303.mat"
"s06_mechanism","Stage-AOP","LIRCMOP10","LIR-CMOP",100,50000,1,248001,50000,7.9312,0.2480053138129469,0.575903791652828,1,"Stage_AOP_LIRCMOP10_N100_FE50000_run1_seed248001.mat"
"s06_mechanism","Stage-AOP","LIRCMOP10","LIR-CMOP",100,50000,2,248002,50000,8.038,0.2332739018115296,0.5834040177402896,1,"Stage_AOP_LIRCMOP10_N100_FE50000_run2_seed248002.mat"
"s06_mechanism","Stage-AOP","LIRCMOP10","LIR-CMOP",100,50000,3,248003,50000,7.783,0.258521074531056,0.5671024038530414,1,"Stage_AOP_LIRCMOP10_N100_FE50000_run3_seed248003.mat"
"s06_mechanism","Stage-AOP","LIRCMOP11","LIR-CMOP",100,50000,1,248101,50000,7.4738,0.1435396301043747,0.6012389732679108,1,"Stage_AOP_LIRCMOP11_N100_FE50000_run1_seed248101.mat"
"s06_mechanism","Stage-AOP","LIRCMOP11","LIR-CMOP",100,50000,2,248102,50000,6.647,0.1437952427270194,0.6007446731023648,1,"Stage_AOP_LIRCMOP11_N100_FE50000_run2_seed248102.mat"
"s06_mechanism","Stage-AOP","LIRCMOP11","LIR-CMOP",100,50000,3,248103,50000,6.4602,0.1444436246228727,0.6009640508341877,1,"Stage_AOP_LIRCMOP11_N100_FE50000_run3_seed248103.mat"
"s06_mechanism","Stage-AOP","LIRCMOP12","LIR-CMOP",100,50000,1,248201,50000,5.4317,0.264312359326395,0.4901287574395969,1,"Stage_AOP_LIRCMOP12_N100_FE50000_run1_seed248201.mat"
"s06_mechanism","Stage-AOP","LIRCMOP12","LIR-CMOP",100,50000,2,248202,50000,5.1443,0.2600792871328731,0.4997214231702302,1,"Stage_AOP_LIRCMOP12_N100_FE50000_run2_seed248202.mat"
"s06_mechanism","Stage-AOP","LIRCMOP12","LIR-CMOP",100,50000,3,248203,50000,4.9608,0.1441545005668607,0.5462906769386907,1,"Stage_AOP_LIRCMOP12_N100_FE50000_run3_seed248203.mat"
"s06_mechanism","Stage-AOP","LIRCMOP13","LIR-CMOP",100,50000,1,248301,50000,11.3038,0.09790757904304473,0.5434117612945581,1,"Stage_AOP_LIRCMOP13_N100_FE50000_run1_seed248301.mat"
"s06_mechanism","Stage-AOP","LIRCMOP13","LIR-CMOP",100,50000,2,248302,50000,11.4878,0.09660727090771448,0.5406439378425161,1,"Stage_AOP_LIRCMOP13_N100_FE50000_run2_seed248302.mat"
"s06_mechanism","Stage-AOP","LIRCMOP13","LIR-CMOP",100,50000,3,248303,50000,10.7607,0.09475876465286542,0.5461792828833336,1,"Stage_AOP_LIRCMOP13_N100_FE50000_run3_seed248303.mat"
"s06_mechanism","Stage-AOP","LIRCMOP14","LIR-CMOP",100,50000,1,248401,50000,9.9474,0.09674303705611964,0.5502555901288562,1,"Stage_AOP_LIRCMOP14_N100_FE50000_run1_seed248401.mat"
"s06_mechanism","Stage-AOP","LIRCMOP14","LIR-CMOP",100,50000,2,248402,50000,9.9835,0.09925874311429636,0.5520643135214305,1,"Stage_AOP_LIRCMOP14_N100_FE50000_run2_seed248402.mat"
"s06_mechanism","Stage-AOP","LIRCMOP14","LIR-CMOP",100,50000,3,248403,50000,9.138,0.09663365124671648,0.5530193969450921,1,"Stage_AOP_LIRCMOP14_N100_FE50000_run3_seed248403.mat"
"s06_mechanism","Stage-AOP","LIRCMOP1","LIR-CMOP",100,50000,1,247101,50000,4.5913,0.2945375233568697,0.1191639314317764,1,"Stage_AOP_LIRCMOP1_N100_FE50000_run1_seed247101.mat"
"s06_mechanism","Stage-AOP","LIRCMOP1","LIR-CMOP",100,50000,2,247102,50000,4.6745,0.2267134753419776,0.1327349924979731,1,"Stage_AOP_LIRCMOP1_N100_FE50000_run2_seed247102.mat"
"s06_mechanism","Stage-AOP","LIRCMOP1","LIR-CMOP",100,50000,3,247103,50000,4.308,0.2878931538936119,0.1124427176798689,1,"Stage_AOP_LIRCMOP1_N100_FE50000_run3_seed247103.mat"
"s06_mechanism","Stage-AOP","LIRCMOP2","LIR-CMOP",100,50000,1,247201,50000,4.7782,0.2586629104813822,0.2227265334003746,1,"Stage_AOP_LIRCMOP2_N100_FE50000_run1_seed247201.mat"
"s06_mechanism","Stage-AOP","LIRCMOP2","LIR-CMOP",100,50000,2,247202,50000,4.6423,0.1864740564190488,0.2613992910573547,1,"Stage_AOP_LIRCMOP2_N100_FE50000_run2_seed247202.mat"
"s06_mechanism","Stage-AOP","LIRCMOP2","LIR-CMOP",100,50000,3,247203,50000,4.625,0.1401970854230126,0.3005935701118327,1,"Stage_AOP_LIRCMOP2_N100_FE50000_run3_seed247203.mat"
"s06_mechanism","Stage-AOP","LIRCMOP3","LIR-CMOP",100,50000,1,247301,50000,4.8408,0.3339883654682732,0.0955290012150119,1,"Stage_AOP_LIRCMOP3_N100_FE50000_run1_seed247301.mat"
"s06_mechanism","Stage-AOP","LIRCMOP3","LIR-CMOP",100,50000,2,247302,50000,4.6563,0.1911596289018888,0.136967729154069,1,"Stage_AOP_LIRCMOP3_N100_FE50000_run2_seed247302.mat"
"s06_mechanism","Stage-AOP","LIRCMOP3","LIR-CMOP",100,50000,3,247303,50000,5.3914,0.2373979735652044,0.1146068773564686,1,"Stage_AOP_LIRCMOP3_N100_FE50000_run3_seed247303.mat"
"s06_mechanism","Stage-AOP","LIRCMOP4","LIR-CMOP",100,50000,1,247401,50000,4.6888,0.2127206146022378,0.2302072127666332,1,"Stage_AOP_LIRCMOP4_N100_FE50000_run1_seed247401.mat"
"s06_mechanism","Stage-AOP","LIRCMOP4","LIR-CMOP",100,50000,2,247402,50000,4.4743,0.3059554926281894,0.1944011319173185,1,"Stage_AOP_LIRCMOP4_N100_FE50000_run2_seed247402.mat"
"s06_mechanism","Stage-AOP","LIRCMOP4","LIR-CMOP",100,50000,3,247403,50000,4.7257,0.2482589115578429,0.2120224843331586,1,"Stage_AOP_LIRCMOP4_N100_FE50000_run3_seed247403.mat"
"s06_mechanism","Stage-AOP","LIRCMOP5","LIR-CMOP",100,50000,1,247501,50000,6.2141,0.05844572726011909,0.2709198248190932,1,"Stage_AOP_LIRCMOP5_N100_FE50000_run1_seed247501.mat"
"s06_mechanism","Stage-AOP","LIRCMOP5","LIR-CMOP",100,50000,2,247502,50000,4.9784,1.158595444898929,0,1,"Stage_AOP_LIRCMOP5_N100_FE50000_run2_seed247502.mat"
"s06_mechanism","Stage-AOP","LIRCMOP5","LIR-CMOP",100,50000,3,247503,50000,6.1551,0.1972484772375376,0.2346484309993548,1,"Stage_AOP_LIRCMOP5_N100_FE50000_run3_seed247503.mat"
"s06_mechanism","Stage-AOP","LIRCMOP6","LIR-CMOP",100,50000,1,247601,50000,5.9043,0.2314648593237242,0.143790415280495,1,"Stage_AOP_LIRCMOP6_N100_FE50000_run1_seed247601.mat"
"s06_mechanism","Stage-AOP","LIRCMOP6","LIR-CMOP",100,50000,2,247602,50000,6.1773,0.1016336705580336,0.1611630971545244,1,"Stage_AOP_LIRCMOP6_N100_FE50000_run2_seed247602.mat"
"s06_mechanism","Stage-AOP","LIRCMOP6","LIR-CMOP",100,50000,3,247603,50000,5.5117,0.1108040698196246,0.1588233857945077,1,"Stage_AOP_LIRCMOP6_N100_FE50000_run3_seed247603.mat"
"s06_mechanism","Stage-AOP","LIRCMOP7","LIR-CMOP",100,50000,1,247701,50000,4.8321,0.01277972973493551,0.2902009847652828,1,"Stage_AOP_LIRCMOP7_N100_FE50000_run1_seed247701.mat"
"s06_mechanism","Stage-AOP","LIRCMOP7","LIR-CMOP",100,50000,2,247702,50000,4.2686,0.1248950776812424,0.2443837689729291,1,"Stage_AOP_LIRCMOP7_N100_FE50000_run2_seed247702.mat"
"s06_mechanism","Stage-AOP","LIRCMOP7","LIR-CMOP",100,50000,3,247703,50000,4.5311,0.0177287827784946,0.2882621264194661,1,"Stage_AOP_LIRCMOP7_N100_FE50000_run3_seed247703.mat"
"s06_mechanism","Stage-AOP","LIRCMOP8","LIR-CMOP",100,50000,1,247801,50000,4.3524,0.1018040443228713,0.2546679545208816,1,"Stage_AOP_LIRCMOP8_N100_FE50000_run1_seed247801.mat"
"s06_mechanism","Stage-AOP","LIRCMOP8","LIR-CMOP",100,50000,2,247802,50000,4.2267,0.08995588064470503,0.258564944603961,1,"Stage_AOP_LIRCMOP8_N100_FE50000_run2_seed247802.mat"
"s06_mechanism","Stage-AOP","LIRCMOP8","LIR-CMOP",100,50000,3,247803,50000,5.1298,0.009569334545658887,0.2929101178828243,1,"Stage_AOP_LIRCMOP8_N100_FE50000_run3_seed247803.mat"
"s06_mechanism","Stage-AOP","LIRCMOP9","LIR-CMOP",100,50000,1,247901,50000,7.5834,0.5078254510808374,0.3567168428084479,1,"Stage_AOP_LIRCMOP9_N100_FE50000_run1_seed247901.mat"
"s06_mechanism","Stage-AOP","LIRCMOP9","LIR-CMOP",100,50000,2,247902,50000,7.4277,0.5075412381409378,0.3562619047928346,1,"Stage_AOP_LIRCMOP9_N100_FE50000_run2_seed247902.mat"
"s06_mechanism","Stage-AOP","LIRCMOP9","LIR-CMOP",100,50000,3,247903,50000,7.3958,0.506352098204046,0.3581092770903785,1,"Stage_AOP_LIRCMOP9_N100_FE50000_run3_seed247903.mat"
"s06_mechanism","Survival-Credit-AOP","CF10","CF",100,50000,1,257001,50000,10.2251,0.4163214273629013,0.1127387814228155,1,"Survival_Credit_AOP_CF10_N100_FE50000_run1_seed257001.mat"
"s06_mechanism","Survival-Credit-AOP","CF10","CF",100,50000,2,257002,50000,5.6522,0.3697223410259987,0.09299107696740935,1,"Survival_Credit_AOP_CF10_N100_FE50000_run2_seed257002.mat"
"s06_mechanism","Survival-Credit-AOP","CF10","CF",100,50000,3,257003,50000,6.535,0.6347175372412466,0.1121961402820975,1,"Survival_Credit_AOP_CF10_N100_FE50000_run3_seed257003.mat"
"s06_mechanism","Survival-Credit-AOP","CF1","CF",100,50000,1,256101,50000,6.7518,0.004514137435094124,0.5606177513099991,1,"Survival_Credit_AOP_CF1_N100_FE50000_run1_seed256101.mat"
"s06_mechanism","Survival-Credit-AOP","CF1","CF",100,50000,2,256102,50000,6.4124,0.004693080935714634,0.5604063603608345,1,"Survival_Credit_AOP_CF1_N100_FE50000_run2_seed256102.mat"
"s06_mechanism","Survival-Credit-AOP","CF1","CF",100,50000,3,256103,50000,6.9174,0.004215950423097491,0.5610074582195592,1,"Survival_Credit_AOP_CF1_N100_FE50000_run3_seed256103.mat"
"s06_mechanism","Survival-Credit-AOP","CF2","CF",100,50000,1,256201,50000,6.7809,0.01333947801921125,0.6551147463093668,1,"Survival_Credit_AOP_CF2_N100_FE50000_run1_seed256201.mat"
"s06_mechanism","Survival-Credit-AOP","CF2","CF",100,50000,2,256202,50000,5.9604,0.01534520411002726,0.6662307290495846,1,"Survival_Credit_AOP_CF2_N100_FE50000_run2_seed256202.mat"
"s06_mechanism","Survival-Credit-AOP","CF2","CF",100,50000,3,256203,50000,6.1975,0.02689342152069928,0.6373276384081829,1,"Survival_Credit_AOP_CF2_N100_FE50000_run3_seed256203.mat"
"s06_mechanism","Survival-Credit-AOP","CF3","CF",100,50000,1,256301,50000,5.5652,0.2002054588647738,0.2147470410181462,1,"Survival_Credit_AOP_CF3_N100_FE50000_run1_seed256301.mat"
"s06_mechanism","Survival-Credit-AOP","CF3","CF",100,50000,2,256302,50000,5.1437,0.2178525476231671,0.2200902004980943,1,"Survival_Credit_AOP_CF3_N100_FE50000_run2_seed256302.mat"
"s06_mechanism","Survival-Credit-AOP","CF3","CF",100,50000,3,256303,50000,6.1807,0.1055508956909427,0.2040822784417152,1,"Survival_Credit_AOP_CF3_N100_FE50000_run3_seed256303.mat"
"s06_mechanism","Survival-Credit-AOP","CF4","CF",100,50000,1,256401,50000,8.1289,0.08313496808816044,0.4198126092774825,1,"Survival_Credit_AOP_CF4_N100_FE50000_run1_seed256401.mat"
"s06_mechanism","Survival-Credit-AOP","CF4","CF",100,50000,2,256402,50000,6.6446,0.06757273439328487,0.4437388543276592,1,"Survival_Credit_AOP_CF4_N100_FE50000_run2_seed256402.mat"
"s06_mechanism","Survival-Credit-AOP","CF4","CF",100,50000,3,256403,50000,6.0276,0.03937613149548568,0.4855515942882098,1,"Survival_Credit_AOP_CF4_N100_FE50000_run3_seed256403.mat"
"s06_mechanism","Survival-Credit-AOP","CF5","CF",100,50000,1,256501,50000,7.1445,0.1174413538298382,0.4096309161540975,1,"Survival_Credit_AOP_CF5_N100_FE50000_run1_seed256501.mat"
"s06_mechanism","Survival-Credit-AOP","CF5","CF",100,50000,2,256502,50000,7.8365,0.5188359162092046,0.1634128126621654,1,"Survival_Credit_AOP_CF5_N100_FE50000_run2_seed256502.mat"
"s06_mechanism","Survival-Credit-AOP","CF5","CF",100,50000,3,256503,50000,7.4461,0.4967390005709299,0.2031778299124046,1,"Survival_Credit_AOP_CF5_N100_FE50000_run3_seed256503.mat"
"s06_mechanism","Survival-Credit-AOP","CF6","CF",100,50000,1,256601,50000,8.0744,0.03482216845681708,0.6610655917055649,1,"Survival_Credit_AOP_CF6_N100_FE50000_run1_seed256601.mat"
"s06_mechanism","Survival-Credit-AOP","CF6","CF",100,50000,2,256602,50000,7.5614,0.03524481881284999,0.6602209703264846,1,"Survival_Credit_AOP_CF6_N100_FE50000_run2_seed256602.mat"
"s06_mechanism","Survival-Credit-AOP","CF6","CF",100,50000,3,256603,50000,7.8904,0.03894882273456605,0.6551628079389256,1,"Survival_Credit_AOP_CF6_N100_FE50000_run3_seed256603.mat"
"s06_mechanism","Survival-Credit-AOP","CF7","CF",100,50000,1,256701,50000,6.5834,0.1747861056459932,0.5216483400294462,1,"Survival_Credit_AOP_CF7_N100_FE50000_run1_seed256701.mat"
"s06_mechanism","Survival-Credit-AOP","CF7","CF",100,50000,2,256702,50000,6.6893,0.1121044854989346,0.5621984538635183,1,"Survival_Credit_AOP_CF7_N100_FE50000_run2_seed256702.mat"
"s06_mechanism","Survival-Credit-AOP","CF7","CF",100,50000,3,256703,50000,4.9865,0.1646925870106568,0.5790904342272167,1,"Survival_Credit_AOP_CF7_N100_FE50000_run3_seed256703.mat"
"s06_mechanism","Survival-Credit-AOP","CF8","CF",100,50000,1,256801,50000,5.6126,0.1918516563805294,0.3114745194567787,1,"Survival_Credit_AOP_CF8_N100_FE50000_run1_seed256801.mat"
"s06_mechanism","Survival-Credit-AOP","CF8","CF",100,50000,2,256802,50000,6.3024,0.1696738258884121,0.3402408569123121,1,"Survival_Credit_AOP_CF8_N100_FE50000_run2_seed256802.mat"
"s06_mechanism","Survival-Credit-AOP","CF8","CF",100,50000,3,256803,50000,6.4347,0.1709058820620599,0.314951210399194,1,"Survival_Credit_AOP_CF8_N100_FE50000_run3_seed256803.mat"
"s06_mechanism","Survival-Credit-AOP","CF9","CF",100,50000,1,256901,50000,7.5651,0.08768793957873704,0.4281117518298365,1,"Survival_Credit_AOP_CF9_N100_FE50000_run1_seed256901.mat"
"s06_mechanism","Survival-Credit-AOP","CF9","CF",100,50000,2,256902,50000,7.5134,0.09618533949317144,0.4224241352276107,1,"Survival_Credit_AOP_CF9_N100_FE50000_run2_seed256902.mat"
"s06_mechanism","Survival-Credit-AOP","CF9","CF",100,50000,3,256903,50000,7.1859,0.1023600194601846,0.4168942145134018,1,"Survival_Credit_AOP_CF9_N100_FE50000_run3_seed256903.mat"
"s06_mechanism","Survival-Credit-AOP","DASCMOP1","DAS-CMOP",100,50000,1,258501,50000,4.833,0.007391628798812389,0.2094363271217475,1,"Survival_Credit_AOP_DASCMOP1_N100_FE50000_run1_seed258501.mat"
"s06_mechanism","Survival-Credit-AOP","DASCMOP1","DAS-CMOP",100,50000,2,258502,50000,4.9151,0.007190114918319302,0.2097212511445135,1,"Survival_Credit_AOP_DASCMOP1_N100_FE50000_run2_seed258502.mat"
"s06_mechanism","Survival-Credit-AOP","DASCMOP1","DAS-CMOP",100,50000,3,258503,50000,4.9631,0.007454326848531646,0.2092865597377148,1,"Survival_Credit_AOP_DASCMOP1_N100_FE50000_run3_seed258503.mat"
"s06_mechanism","Survival-Credit-AOP","DASCMOP2","DAS-CMOP",100,50000,1,258601,50000,4.4887,0.008254173585110908,0.3522509101359697,1,"Survival_Credit_AOP_DASCMOP2_N100_FE50000_run1_seed258601.mat"
"s06_mechanism","Survival-Credit-AOP","DASCMOP2","DAS-CMOP",100,50000,2,258602,50000,4.4499,0.009525978085659496,0.3511538716776551,1,"Survival_Credit_AOP_DASCMOP2_N100_FE50000_run2_seed258602.mat"
"s06_mechanism","Survival-Credit-AOP","DASCMOP2","DAS-CMOP",100,50000,3,258603,50000,4.6811,0.01207652864056774,0.3499213119302085,1,"Survival_Credit_AOP_DASCMOP2_N100_FE50000_run3_seed258603.mat"
"s06_mechanism","Survival-Credit-AOP","DASCMOP3","DAS-CMOP",100,50000,1,258701,50000,4.6254,0.02187115485480953,0.3076127030648245,1,"Survival_Credit_AOP_DASCMOP3_N100_FE50000_run1_seed258701.mat"
"s06_mechanism","Survival-Credit-AOP","DASCMOP3","DAS-CMOP",100,50000,2,258702,50000,4.5632,0.04379702688012309,0.2901138499980211,1,"Survival_Credit_AOP_DASCMOP3_N100_FE50000_run2_seed258702.mat"
"s06_mechanism","Survival-Credit-AOP","DASCMOP3","DAS-CMOP",100,50000,3,258703,50000,4.5067,0.02104612097212805,0.3105066639352941,1,"Survival_Credit_AOP_DASCMOP3_N100_FE50000_run3_seed258703.mat"
"s06_mechanism","Survival-Credit-AOP","DASCMOP4","DAS-CMOP",100,50000,1,258801,50000,4.4804,0.4543778124616828,0.0316736213609053,1,"Survival_Credit_AOP_DASCMOP4_N100_FE50000_run1_seed258801.mat"
"s06_mechanism","Survival-Credit-AOP","DASCMOP4","DAS-CMOP",100,50000,2,258802,50000,4.4154,0.04947955827055926,0.1757604614143694,1,"Survival_Credit_AOP_DASCMOP4_N100_FE50000_run2_seed258802.mat"
"s06_mechanism","Survival-Credit-AOP","DASCMOP4","DAS-CMOP",100,50000,3,258803,50000,4.7572,0.06365987981328844,0.1518433805843598,1,"Survival_Credit_AOP_DASCMOP4_N100_FE50000_run3_seed258803.mat"
"s06_mechanism","Survival-Credit-AOP","DASCMOP5","DAS-CMOP",100,50000,1,258901,50000,4.263,0.02450582240760662,0.3344212989613959,1,"Survival_Credit_AOP_DASCMOP5_N100_FE50000_run1_seed258901.mat"
"s06_mechanism","Survival-Credit-AOP","DASCMOP5","DAS-CMOP",100,50000,2,258902,50000,4.146,0.4968025344128883,0.07681697197087156,1,"Survival_Credit_AOP_DASCMOP5_N100_FE50000_run2_seed258902.mat"
"s06_mechanism","Survival-Credit-AOP","DASCMOP5","DAS-CMOP",100,50000,3,258903,50000,4.5734,0.6075181551051432,0.05097291515119932,1,"Survival_Credit_AOP_DASCMOP5_N100_FE50000_run3_seed258903.mat"
"s06_mechanism","Survival-Credit-AOP","DASCMOP6","DAS-CMOP",100,50000,1,259001,50000,4.3687,0.318926663051708,0.1578746031532044,1,"Survival_Credit_AOP_DASCMOP6_N100_FE50000_run1_seed259001.mat"
"s06_mechanism","Survival-Credit-AOP","DASCMOP6","DAS-CMOP",100,50000,2,259002,50000,4.5154,0.4362446083850215,0.08171353172251672,1,"Survival_Credit_AOP_DASCMOP6_N100_FE50000_run2_seed259002.mat"
"s06_mechanism","Survival-Credit-AOP","DASCMOP6","DAS-CMOP",100,50000,3,259003,50000,4.2595,0.0979005181276759,0.2584788746576486,1,"Survival_Credit_AOP_DASCMOP6_N100_FE50000_run3_seed259003.mat"
"s06_mechanism","Survival-Credit-AOP","DASCMOP7","DAS-CMOP",100,50000,1,259101,50000,4.7614,0.1700974741869769,0.2203931953078493,1,"Survival_Credit_AOP_DASCMOP7_N100_FE50000_run1_seed259101.mat"
"s06_mechanism","Survival-Credit-AOP","DASCMOP7","DAS-CMOP",100,50000,2,259102,50000,4.8404,0.1667815488571982,0.2160526254561799,1,"Survival_Credit_AOP_DASCMOP7_N100_FE50000_run2_seed259102.mat"
"s06_mechanism","Survival-Credit-AOP","DASCMOP7","DAS-CMOP",100,50000,3,259103,50000,4.9817,0.1905718601943847,0.2025329219227792,1,"Survival_Credit_AOP_DASCMOP7_N100_FE50000_run3_seed259103.mat"
"s06_mechanism","Survival-Credit-AOP","DASCMOP8","DAS-CMOP",100,50000,1,259201,50000,4.6161,0.2646031724216206,0.06868877833131963,1,"Survival_Credit_AOP_DASCMOP8_N100_FE50000_run1_seed259201.mat"
"s06_mechanism","Survival-Credit-AOP","DASCMOP8","DAS-CMOP",100,50000,2,259202,50000,5.1682,0.1042862493931554,0.1627638061036575,1,"Survival_Credit_AOP_DASCMOP8_N100_FE50000_run2_seed259202.mat"
"s06_mechanism","Survival-Credit-AOP","DASCMOP8","DAS-CMOP",100,50000,3,259203,50000,4.6478,0.0809483862175526,0.1897641340336875,1,"Survival_Credit_AOP_DASCMOP8_N100_FE50000_run3_seed259203.mat"
"s06_mechanism","Survival-Credit-AOP","DASCMOP9","DAS-CMOP",100,50000,1,259301,50000,4.59,0.04869114576320296,0.2014026656472597,1,"Survival_Credit_AOP_DASCMOP9_N100_FE50000_run1_seed259301.mat"
"s06_mechanism","Survival-Credit-AOP","DASCMOP9","DAS-CMOP",100,50000,2,259302,50000,4.4344,0.05930111617396903,0.2015139586492301,1,"Survival_Credit_AOP_DASCMOP9_N100_FE50000_run2_seed259302.mat"
"s06_mechanism","Survival-Credit-AOP","DASCMOP9","DAS-CMOP",100,50000,3,259303,50000,5.3626,0.05658993756327082,0.2029090068360998,1,"Survival_Credit_AOP_DASCMOP9_N100_FE50000_run3_seed259303.mat"
"s06_mechanism","Survival-Credit-AOP","LIRCMOP10","LIR-CMOP",100,50000,1,258001,50000,9.3285,0.2238439079319451,0.5955907836177683,1,"Survival_Credit_AOP_LIRCMOP10_N100_FE50000_run1_seed258001.mat"
"s06_mechanism","Survival-Credit-AOP","LIRCMOP10","LIR-CMOP",100,50000,2,258002,50000,8.7553,0.2215409024090705,0.5954515236344197,1,"Survival_Credit_AOP_LIRCMOP10_N100_FE50000_run2_seed258002.mat"
"s06_mechanism","Survival-Credit-AOP","LIRCMOP10","LIR-CMOP",100,50000,3,258003,50000,8.3339,0.2280832120514387,0.5868878887682365,1,"Survival_Credit_AOP_LIRCMOP10_N100_FE50000_run3_seed258003.mat"
"s06_mechanism","Survival-Credit-AOP","LIRCMOP11","LIR-CMOP",100,50000,1,258101,50000,6.9908,0.08211103772474622,0.648347673449143,1,"Survival_Credit_AOP_LIRCMOP11_N100_FE50000_run1_seed258101.mat"
"s06_mechanism","Survival-Credit-AOP","LIRCMOP11","LIR-CMOP",100,50000,2,258102,50000,7.2091,0.1442583114439494,0.6011359169959852,1,"Survival_Credit_AOP_LIRCMOP11_N100_FE50000_run2_seed258102.mat"
"s06_mechanism","Survival-Credit-AOP","LIRCMOP11","LIR-CMOP",100,50000,3,258103,50000,6.7674,0.0804227493074097,0.6502758206204092,1,"Survival_Credit_AOP_LIRCMOP11_N100_FE50000_run3_seed258103.mat"
"s06_mechanism","Survival-Credit-AOP","LIRCMOP12","LIR-CMOP",100,50000,1,258201,50000,4.8879,0.2648303211230171,0.4962328929645466,1,"Survival_Credit_AOP_LIRCMOP12_N100_FE50000_run1_seed258201.mat"
"s06_mechanism","Survival-Credit-AOP","LIRCMOP12","LIR-CMOP",100,50000,2,258202,50000,6.5153,0.273735666707797,0.4577064225196807,1,"Survival_Credit_AOP_LIRCMOP12_N100_FE50000_run2_seed258202.mat"
"s06_mechanism","Survival-Credit-AOP","LIRCMOP12","LIR-CMOP",100,50000,3,258203,50000,5.2003,0.1597781115885051,0.5332894671753319,1,"Survival_Credit_AOP_LIRCMOP12_N100_FE50000_run3_seed258203.mat"
"s06_mechanism","Survival-Credit-AOP","LIRCMOP13","LIR-CMOP",100,50000,1,258301,50000,12.2193,0.09647973520989102,0.5440864141200246,1,"Survival_Credit_AOP_LIRCMOP13_N100_FE50000_run1_seed258301.mat"
"s06_mechanism","Survival-Credit-AOP","LIRCMOP13","LIR-CMOP",100,50000,2,258302,50000,12.2661,0.09650481831117896,0.5420958243705356,1,"Survival_Credit_AOP_LIRCMOP13_N100_FE50000_run2_seed258302.mat"
"s06_mechanism","Survival-Credit-AOP","LIRCMOP13","LIR-CMOP",100,50000,3,258303,50000,11.4089,0.0970917061973135,0.5412187248083695,1,"Survival_Credit_AOP_LIRCMOP13_N100_FE50000_run3_seed258303.mat"
"s06_mechanism","Survival-Credit-AOP","LIRCMOP14","LIR-CMOP",100,50000,1,258401,50000,9.8451,0.09704589074401535,0.5493057643577715,1,"Survival_Credit_AOP_LIRCMOP14_N100_FE50000_run1_seed258401.mat"
"s06_mechanism","Survival-Credit-AOP","LIRCMOP14","LIR-CMOP",100,50000,2,258402,50000,10.0917,0.09832313173896517,0.5498119416201317,1,"Survival_Credit_AOP_LIRCMOP14_N100_FE50000_run2_seed258402.mat"
"s06_mechanism","Survival-Credit-AOP","LIRCMOP14","LIR-CMOP",100,50000,3,258403,50000,10.1312,0.09754605537502942,0.5522041419872957,1,"Survival_Credit_AOP_LIRCMOP14_N100_FE50000_run3_seed258403.mat"
"s06_mechanism","Survival-Credit-AOP","LIRCMOP1","LIR-CMOP",100,50000,1,257101,50000,4.4347,0.239968046048597,0.1258864384638644,1,"Survival_Credit_AOP_LIRCMOP1_N100_FE50000_run1_seed257101.mat"
"s06_mechanism","Survival-Credit-AOP","LIRCMOP1","LIR-CMOP",100,50000,2,257102,50000,4.3399,0.2483775176537619,0.1322387927525873,1,"Survival_Credit_AOP_LIRCMOP1_N100_FE50000_run2_seed257102.mat"
"s06_mechanism","Survival-Credit-AOP","LIRCMOP1","LIR-CMOP",100,50000,3,257103,50000,4.3524,0.2309628864408862,0.129233214667918,1,"Survival_Credit_AOP_LIRCMOP1_N100_FE50000_run3_seed257103.mat"
"s06_mechanism","Survival-Credit-AOP","LIRCMOP2","LIR-CMOP",100,50000,1,257201,50000,4.5938,0.1691161231060364,0.2621493038972595,1,"Survival_Credit_AOP_LIRCMOP2_N100_FE50000_run1_seed257201.mat"
"s06_mechanism","Survival-Credit-AOP","LIRCMOP2","LIR-CMOP",100,50000,2,257202,50000,5.2808,0.2682153833506822,0.2111272424153935,1,"Survival_Credit_AOP_LIRCMOP2_N100_FE50000_run2_seed257202.mat"
"s06_mechanism","Survival-Credit-AOP","LIRCMOP2","LIR-CMOP",100,50000,3,257203,50000,5.3804,0.1056781830304641,0.2956423969151951,1,"Survival_Credit_AOP_LIRCMOP2_N100_FE50000_run3_seed257203.mat"
"s06_mechanism","Survival-Credit-AOP","LIRCMOP3","LIR-CMOP",100,50000,1,257301,50000,5.0282,0.1305772569966583,0.1649224876694527,1,"Survival_Credit_AOP_LIRCMOP3_N100_FE50000_run1_seed257301.mat"
"s06_mechanism","Survival-Credit-AOP","LIRCMOP3","LIR-CMOP",100,50000,2,257302,50000,4.9815,0.2723608316838889,0.1071768821976114,1,"Survival_Credit_AOP_LIRCMOP3_N100_FE50000_run2_seed257302.mat"
"s06_mechanism","Survival-Credit-AOP","LIRCMOP3","LIR-CMOP",100,50000,3,257303,50000,5.304,0.2723886723598117,0.1076910028278073,1,"Survival_Credit_AOP_LIRCMOP3_N100_FE50000_run3_seed257303.mat"
"s06_mechanism","Survival-Credit-AOP","LIRCMOP4","LIR-CMOP",100,50000,1,257401,50000,4.8446,0.274914329558574,0.1911037939906374,1,"Survival_Credit_AOP_LIRCMOP4_N100_FE50000_run1_seed257401.mat"
"s06_mechanism","Survival-Credit-AOP","LIRCMOP4","LIR-CMOP",100,50000,2,257402,50000,5.0959,0.266944720726372,0.2041790330479604,1,"Survival_Credit_AOP_LIRCMOP4_N100_FE50000_run2_seed257402.mat"
"s06_mechanism","Survival-Credit-AOP","LIRCMOP4","LIR-CMOP",100,50000,3,257403,50000,4.8948,0.313471023086195,0.1809649892128659,1,"Survival_Credit_AOP_LIRCMOP4_N100_FE50000_run3_seed257403.mat"
"s06_mechanism","Survival-Credit-AOP","LIRCMOP5","LIR-CMOP",100,50000,1,257501,50000,5.4725,0.1602049421537077,0.2424444500093024,1,"Survival_Credit_AOP_LIRCMOP5_N100_FE50000_run1_seed257501.mat"
"s06_mechanism","Survival-Credit-AOP","LIRCMOP5","LIR-CMOP",100,50000,2,257502,50000,5.5774,0.04918792828708497,0.268735290425983,1,"Survival_Credit_AOP_LIRCMOP5_N100_FE50000_run2_seed257502.mat"
"s06_mechanism","Survival-Credit-AOP","LIRCMOP5","LIR-CMOP",100,50000,3,257503,50000,5.8198,0.2074723749015659,0.1815577320098266,1,"Survival_Credit_AOP_LIRCMOP5_N100_FE50000_run3_seed257503.mat"
"s06_mechanism","Survival-Credit-AOP","LIRCMOP6","LIR-CMOP",100,50000,1,257601,50000,5.8002,0.2466567593797308,0.1422726982217332,1,"Survival_Credit_AOP_LIRCMOP6_N100_FE50000_run1_seed257601.mat"
"s06_mechanism","Survival-Credit-AOP","LIRCMOP6","LIR-CMOP",100,50000,2,257602,50000,5.3972,0.2059377217019832,0.1483509020252949,1,"Survival_Credit_AOP_LIRCMOP6_N100_FE50000_run2_seed257602.mat"
"s06_mechanism","Survival-Credit-AOP","LIRCMOP6","LIR-CMOP",100,50000,3,257603,50000,5.0729,0.2945263257262856,0.1318825176772188,1,"Survival_Credit_AOP_LIRCMOP6_N100_FE50000_run3_seed257603.mat"
"s06_mechanism","Survival-Credit-AOP","LIRCMOP7","LIR-CMOP",100,50000,1,257701,50000,4.4415,0.01014030539669476,0.2924927841812061,1,"Survival_Credit_AOP_LIRCMOP7_N100_FE50000_run1_seed257701.mat"
"s06_mechanism","Survival-Credit-AOP","LIRCMOP7","LIR-CMOP",100,50000,2,257702,50000,4.446,0.05271677803108728,0.2678691664552501,1,"Survival_Credit_AOP_LIRCMOP7_N100_FE50000_run2_seed257702.mat"
"s06_mechanism","Survival-Credit-AOP","LIRCMOP7","LIR-CMOP",100,50000,3,257703,50000,4.6528,0.04180337524594582,0.2762346118776904,1,"Survival_Credit_AOP_LIRCMOP7_N100_FE50000_run3_seed257703.mat"
"s06_mechanism","Survival-Credit-AOP","LIRCMOP8","LIR-CMOP",100,50000,1,257801,50000,4.7864,0.01028390781471823,0.2919705091926697,1,"Survival_Credit_AOP_LIRCMOP8_N100_FE50000_run1_seed257801.mat"
"s06_mechanism","Survival-Credit-AOP","LIRCMOP8","LIR-CMOP",100,50000,2,257802,50000,4.6281,0.01359632989494915,0.2911445964266784,1,"Survival_Credit_AOP_LIRCMOP8_N100_FE50000_run2_seed257802.mat"
"s06_mechanism","Survival-Credit-AOP","LIRCMOP8","LIR-CMOP",100,50000,3,257803,50000,4.1774,0.07176303842290366,0.2634502564722926,1,"Survival_Credit_AOP_LIRCMOP8_N100_FE50000_run3_seed257803.mat"
"s06_mechanism","Survival-Credit-AOP","LIRCMOP9","LIR-CMOP",100,50000,1,257901,50000,7.5271,0.5061787305978629,0.358234099542243,1,"Survival_Credit_AOP_LIRCMOP9_N100_FE50000_run1_seed257901.mat"
"s06_mechanism","Survival-Credit-AOP","LIRCMOP9","LIR-CMOP",100,50000,2,257902,50000,7.3032,0.519821502009761,0.3344714511717521,1,"Survival_Credit_AOP_LIRCMOP9_N100_FE50000_run2_seed257902.mat"
"s06_mechanism","Survival-Credit-AOP","LIRCMOP9","LIR-CMOP",100,50000,3,257903,50000,7.9414,0.4224919608704109,0.386233074307126,1,"Survival_Credit_AOP_LIRCMOP9_N100_FE50000_run3_seed257903.mat"
