"paper_id","source_key","title","doi","year","journal","pdf_path","md_path","status","source_quality","added_at","started_at","completed_at","notes"
"P2026-0001","doi:10.1007/s40747-025-02175-2","A dynamic auxiliary task construction-based evolutionary multitasking algorithm for large-scale multiobjective optimization","10.1007/s40747-025-02175-2","2026","Complex & Intelligent Systems","pdfs/10.1007_s40747-025-02175-2_Crossref.pdf","MD/10.1007_s40747-025-02175-2_Crossref.md","extracted","md-partial","","","",""
"P2026-0002","doi:10.1007/s40747-026-02282-8","A novel multi-objective SKG-skyline algorithm integrating spatial keyword data transformation","10.1007/s40747-026-02282-8","2026","Complex & Intelligent Systems","pdfs/10.1007_s40747-026-02282-8_Crossref.pdf","MD/10.1007_s40747-026-02282-8_Crossref.md","extracted","not-reviewed","2026-06-11T20:03:30","2026-06-11T20:26:56","2026-06-11T20:59:56",""
"P2026-0003","doi:10.1007/s40747-026-02312-5","A niche-based multiobjective evolutionary algorithm for constrained multiobjective optimization with application to power dispatch problems","10.1007/s40747-026-02312-5","2026","Complex & Intelligent Systems","pdfs/Yang2026_Niche.pdf","MD/Yang2026_Niche.md","extracted","not-reviewed","2026-06-11T20:03:30","2026-06-19T21:01:42","2026-06-19T21:06:55",""
"P2026-0004","doi:10.1007/s40747-026-02330-3","A three-stage dynamic constraint allocation algorithm with boundary guided search for constrained multi-objective optimization","10.1007/s40747-026-02330-3","2026","Complex & Intelligent Systems","pdfs/Wang2026_Three.pdf","MD/Wang2026_Three.md","extracted","not-reviewed","2026-06-11T20:03:30","2026-06-19T20:04:06","2026-06-19T20:08:29",""
"P2026-0005","doi:10.1016/j.asoc.2025.114009","Parallel chaotic bi-objective evolutionary algorithms for scalable feature subset selection via migration strategy","10.1016/j.asoc.2025.114009","2026","Applied Soft Computing","pdfs/Vivek2026_Parallel.pdf","MD/Vivek2026_Parallel.md","extracted","not-reviewed","2026-06-11T20:03:30","2026-06-19T18:47:42","2026-06-19T19:00:14",""
"P2026-0006","doi:10.1016/j.asoc.2025.114065","Representation embedded learning via autoencoder for large-scale multi-objective optimization","10.1016/j.asoc.2025.114065","2026","Applied Soft Computing","pdfs/Wang2026_Representation.pdf","MD/Wang2026_Representation.md","extracted","not-reviewed","2026-06-11T20:03:30","2026-06-19T19:52:44","2026-06-19T19:57:57",""
"P2026-0007","doi:10.1016/j.asoc.2025.114085","A problem transformation method based on elite-inspired evolutionary algorithm for large-scale multi-objective optimization","10.1016/j.asoc.2025.114085","2026","Applied Soft Computing","pdfs/Cheng2026_Problem.pdf","MD/Cheng2026_Problem.md","extracted","not-reviewed","2026-06-11T20:03:30","2026-06-18T20:24:50","2026-06-18T20:28:28",""
"P2026-0008","doi:10.1016/j.asoc.2025.114116","Multi-tasking evolutionary learning for constrained multi-modal multi-objective optimization","10.1016/j.asoc.2025.114116","2026","Applied Soft Computing","pdfs/Wu2026_Multi.pdf","MD/Wu2026_Multi.md","extracted","not-reviewed","2026-06-11T20:03:30","2026-06-19T20:20:41","2026-06-19T20:25:37",""
"P2026-0009","doi:10.1016/j.asoc.2025.114135","An expensive multi-objective evolutionary algorithm based on grid and relation learning","10.1016/j.asoc.2025.114135","2026","Applied Soft Computing","pdfs/Cheng2026_Expensive.pdf","MD/Cheng2026_Expensive.md","extracted","not-reviewed","2026-06-11T20:03:30","2026-06-18T20:16:14","2026-06-18T20:24:28",""
"P2026-0010","doi:10.1016/j.asoc.2025.114148","A multi-objective fuzzy mathematical model and machine learning algorithms for a blood supply chain considering disruptions","10.1016/j.asoc.2025.114148","2026","Applied Soft Computing","pdfs/Ghasemi2026_Multi.pdf","MD/Ghasemi2026_Multi.md","extracted","not-reviewed","2026-06-11T20:03:30","2026-06-18T21:00:58","2026-06-18T21:07:19",""
"P2026-0011","doi:10.1016/j.asoc.2025.114158","A cascade clustering-based two-stage evolutionary algorithm for large-scale multimodal multi-objective optimisation","10.1016/j.asoc.2025.114158","2026","Applied Soft Computing","pdfs/Ding2026_Cascade.pdf","MD/Ding2026_Cascade.md","extracted","not-reviewed","2026-06-11T20:03:30","2026-06-18T20:39:52","2026-06-18T20:45:02",""
"P2026-0012","doi:10.1016/j.asoc.2025.114174","Modelling and simulation of distributed target allocation based on improved NSGA-II in multi-UUV collaborative attack","10.1016/j.asoc.2025.114174","2026","Applied Soft Computing","pdfs/He2026_Modelling.pdf","MD/He2026_Modelling.md","extracted","not-reviewed","2026-06-11T20:03:30","2026-06-18T22:20:30","2026-06-18T22:25:25",""
"P2026-0013","doi:10.1016/j.asoc.2025.114177","A special point-guided surrogate-assisted multi-objective evolutionary algorithm for complex pareto fronts","10.1016/j.asoc.2025.114177","2026","Applied Soft Computing","pdfs/He2026_Special.pdf","MD/He2026_Special.md","extracted","not-reviewed","2026-06-11T20:03:30","2026-06-18T22:25:54","2026-06-18T22:30:18",""
"P2026-0014","doi:10.1016/j.asoc.2025.114294","Distributed multi-objective fast convergent heuristic algorithm for novel power systems dispatch","10.1016/j.asoc.2025.114294","2026","Applied Soft Computing","pdfs/Lu2026_Distributed.pdf","MD/Lu2026_Distributed.md","extracted","not-reviewed","2026-06-11T20:03:30","2026-06-19T15:50:41","2026-06-19T15:55:06",""
"P2026-0015","doi:10.1016/j.asoc.2025.114318","A hybrid evolutionary framework assisted by reinforcement learning for mixed multi-objective optimization features","10.1016/j.asoc.2025.114318","2026","Applied Soft Computing","pdfs/Tang2026_Hybrid.pdf","MD/Tang2026_Hybrid.md","extracted","not-reviewed","2026-06-11T20:03:30","2026-06-19T17:48:17","2026-06-19T17:54:15",""
"P2026-0016","doi:10.1016/j.asoc.2025.114320","A multi-objective ensemble learning model with re-decomposition and residual learning for grain futures price prediction","10.1016/j.asoc.2025.114320","2026","Applied Soft Computing","pdfs/Zhang2026_Multi.pdf","MD/Zhang2026_Multi.md","extracted","not-reviewed","2026-06-11T20:03:30","2026-06-19T21:50:59","2026-06-19T21:57:28",""
"P2026-0017","doi:10.1016/j.asoc.2025.114326","Performance enhancement and multi-objective optimization of a novel solar-driven system using soft computing for sustainable energy applications","10.1016/j.asoc.2025.114326","2026","Applied Soft Computing","pdfs/Omidipour2026_Performance.pdf","MD/Omidipour2026_Performance.md","extracted","not-reviewed","2026-06-11T20:03:30","2026-06-19T16:06:18","2026-06-19T16:10:09",""
"P2026-0018","doi:10.1016/j.asoc.2025.114336","Utilizing simplified structural information for multiobjective community detection","10.1016/j.asoc.2025.114336","2026","Applied Soft Computing","pdfs/Li2026_Utilizing.pdf","MD/Li2026_Utilizing.md","extracted","not-reviewed","2026-06-11T20:03:30","2026-06-19T15:28:55","2026-06-19T15:35:25",""
"P2026-0019","doi:10.1016/j.asoc.2025.114343","A dual-stage dual-population evolutionary algorithm using new adaptive environmental selection method for complex constrained multi-objective optimization","10.1016/j.asoc.2025.114343","2026","Applied Soft Computing","pdfs/Deng2026_Dual.pdf","MD/Deng2026_Dual.md","extracted","not-reviewed","2026-06-11T20:03:30","2026-06-18T20:35:45","2026-06-18T20:40:02",""
"P2026-0020","doi:10.1016/j.asoc.2025.114349","A Q-learning based multi-objective memetic algorithm for dual-resource-constrained energy-saving distributed flexible job shop scheduling with applications in aerospace manufacturing","10.1016/j.asoc.2025.114349","2026","Applied Soft Computing","pdfs/Wang2026_Learning.pdf","MD/Wang2026_Learning.md","extracted","not-reviewed","2026-06-11T20:03:30","2026-06-19T19:30:30","2026-06-19T19:38:57",""
"P2026-0021","doi:10.1016/j.asoc.2025.114352","Comment-based summarization using a multi-objective cuckoo search optimization approach","10.1016/j.asoc.2025.114352","2026","Applied Soft Computing","pdfs/SanchezGomez2026_Comment.pdf","MD/SanchezGomez2026_Comment.md","extracted","not-reviewed","2026-06-11T20:03:30","2026-06-19T16:42:49","2026-06-19T16:46:48",""
"P2026-0022","doi:10.1016/j.asoc.2025.114366","Overcoming scalability challenges in multi-objective flexible jobshop scheduling algorithms by automatic configuration","10.1016/j.asoc.2025.114366","2026","Applied Soft Computing","pdfs/Zhang2026_Overcoming.pdf","MD/Zhang2026_Overcoming.md","extracted","not-reviewed","2026-06-11T20:03:30","2026-06-19T21:56:33","2026-06-19T22:03:39",""
"P2026-0023","doi:10.1016/j.asoc.2025.114408","Stepwise sampling coevolutionary framework for expensive constrained multiobjective optimization problems","10.1016/j.asoc.2025.114408","2026","Applied Soft Computing","pdfs/Ding2026_Stepwise.pdf","MD/Ding2026_Stepwise.md","extracted","not-reviewed","2026-06-11T20:03:30","2026-06-18T20:45:22","2026-06-18T20:49:01",""
"P2026-0024","doi:10.1016/j.asoc.2025.114449","A dendrite net learning multi-objective artificial bee colony algorithm for UAV","10.1016/j.asoc.2025.114449","2026","Applied Soft Computing","pdfs/Huang2026_Dendrite.pdf","MD/Huang2026_Dendrite.md","extracted","not-reviewed","2026-06-11T20:03:30","2026-06-18T22:30:28","2026-06-18T22:33:27",""
"P2026-0025","doi:10.1016/j.asoc.2025.114454","MoBLS: A broad learning system with multi-objective optimization","10.1016/j.asoc.2025.114454","2026","Applied Soft Computing","pdfs/Xie2026_Mobls.pdf","MD/Xie2026_Mobls.md","extracted","not-reviewed","2026-06-11T20:03:30","2026-06-19T20:32:18","2026-06-19T20:39:21",""
"P2026-0026","doi:10.1016/j.asoc.2025.114484","A smart multi-objective differential evolution algorithm for energy-efficient scheduling in parallel batch processing machines","10.1016/j.asoc.2025.114484","2026","Applied Soft Computing","pdfs/Chen2026_Smart.pdf","MD/Chen2026_Smart.md","extracted","not-reviewed","2026-06-11T20:03:30","2026-06-18T20:05:13","2026-06-18T20:24:16",""
"P2026-0027","doi:10.1016/j.asoc.2025.114494","Hybrid data-driven cement-stabilized soil design: An integration of machine learning, multi-objective optimization, and life cycle assessment","10.1016/j.asoc.2025.114494","2026","Applied Soft Computing","pdfs/Onyekwena2026_Hybrid.pdf","MD/Onyekwena2026_Hybrid.md","extracted","not-reviewed","2026-06-11T20:03:30","2026-06-19T16:09:42","2026-06-19T16:15:24",""
"P2026-0028","doi:10.1016/j.asoc.2025.114511","Evolutionary multitasking for multi-objective feature selection in fish chemical analysis","10.1016/j.asoc.2025.114511","2026","Applied Soft Computing","pdfs/Lin2026_Evolutionary.pdf","MD/Lin2026_Evolutionary.md","extracted","not-reviewed","2026-06-11T20:03:30","2026-06-19T15:34:49","2026-06-19T15:44:03",""
"P2026-0029","doi:10.1016/j.asoc.2025.114518","A dual-population evolutionary algorithm with variable constraint guidance for constrained multi-objective optimization problems","10.1016/j.asoc.2025.114518","2026","Applied Soft Computing","pdfs/Zhao2026_Dual.pdf","MD/Zhao2026_Dual.md","extracted","not-reviewed","2026-06-11T20:03:30","2026-06-19T22:04:46","2026-06-19T22:11:16",""
"P2026-0030","doi:10.1016/j.asoc.2025.114526","Multi-objective genetic algorithm with maximum-entropy classification and domain-specific evolutionary operators for microorganism selection on microbiomes","10.1016/j.asoc.2025.114526","2026","Applied Soft Computing","pdfs/RodrguezBejarano2026_Multi.pdf","MD/RodrguezBejarano2026_Multi.md","extracted","not-reviewed","2026-06-11T20:03:30","2026-06-19T16:38:20","2026-06-19T16:42:12",""
"P2026-0031","doi:10.1016/j.asoc.2026.114591","A dual-population based uniform search framework for solving large-scale multi-objective optimization problems","10.1016/j.asoc.2026.114591","2026","Applied Soft Computing","pdfs/Guo2026_Dual.pdf","MD/Guo2026_Dual.md","extracted","not-reviewed","2026-06-11T20:03:30","2026-06-18T21:25:40","2026-06-18T21:31:39",""
"P2026-0032","doi:10.1016/j.asoc.2026.114597","Constrained multi-objective evolutionary algorithm with an infeasibility-aided strategy for the vehicle routing problem with time windows","10.1016/j.asoc.2026.114597","2026","Applied Soft Computing","pdfs/Cai2026_Constrained.pdf","MD/Cai2026_Constrained.md","extracted","not-reviewed","2026-06-11T20:03:30","2026-06-12T00:18:56","2026-06-12T00:23:29",""
"P2026-0033","doi:10.1016/j.asoc.2026.114617","A hybrid NSGA-II and delayed local search approach for home healthcare scheduling and routing optimization","10.1016/j.asoc.2026.114617","2026","Applied Soft Computing","pdfs/Zaghdoud2026_Hybrid.pdf","MD/Zaghdoud2026_Hybrid.md","extracted","not-reviewed","2026-06-11T20:03:30","2026-06-19T21:30:23","2026-06-19T21:35:15",""
"P2026-0034","doi:10.1016/j.asoc.2026.114685","Multi-objective evolutionary algorithms and integer programming for the optimization of underwater acoustic sensor network design","10.1016/j.asoc.2026.114685","2026","Applied Soft Computing","pdfs/Lemarchand2026_Multi.pdf","MD/Lemarchand2026_Multi.md","extracted","not-reviewed","2026-06-11T20:03:30","2026-06-19T15:03:07","2026-06-19T15:09:31",""
"P2026-0035","doi:10.1016/j.asoc.2026.114692","A learning-driven artificial bee colony algorithm for mobile robot multi-objective path planning","10.1016/j.asoc.2026.114692","2026","Applied Soft Computing","pdfs/Ye2026_Learning.pdf","MD/Ye2026_Learning.md","extracted","not-reviewed","2026-06-11T20:03:30","2026-06-19T21:07:13","2026-06-19T21:11:04",""
"P2026-0036","doi:10.1016/j.asoc.2026.114719","From rewards to decisions: State-aware multi-objective group decision-making reinforcement learning for volatile futures","10.1016/j.asoc.2026.114719","2026","Applied Soft Computing","pdfs/Zhu2026_Rewards.pdf","MD/Zhu2026_Rewards.md","extracted","not-reviewed","2026-06-11T20:03:30","2026-06-19T22:36:54","2026-06-19T22:45:45",""
"P2026-0037","doi:10.1016/j.asoc.2026.114741","Adaptive multi-region multi-directional competitive swarm optimizer algorithm for large-scale multi-objective problems","10.1016/j.asoc.2026.114741","2026","Applied Soft Computing","pdfs/Chen2026_Adaptive.pdf","MD/Chen2026_Adaptive.md","extracted","not-reviewed","2026-06-11T20:03:30","2026-06-12T00:19:42","2026-06-12T00:27:03",""
"P2026-0038","doi:10.1016/j.asoc.2026.114757","Multi-objective adaptive large neighborhood search for multi-scenario robust co-scheduling of locks, berths and trucks","10.1016/j.asoc.2026.114757","2026","Applied Soft Computing","pdfs/Yin2026_Multi.pdf","MD/Yin2026_Multi.md","extracted","not-reviewed","2026-06-11T20:03:30","2026-06-19T21:17:41","2026-06-19T21:23:24",""
"P2026-0039","doi:10.1016/j.asoc.2026.114777","A dual-strategy multi-objective evolutionary algorithm with domain-informed mutation and secondary weighted selection for counterfactual explanations in knowledge tracing","10.1016/j.asoc.2026.114777","2026","Applied Soft Computing","pdfs/Gao2026_Dual.pdf","MD/Gao2026_Dual.md","extracted","not-reviewed","2026-06-11T20:03:30","2026-06-18T20:55:25","2026-06-18T21:00:22",""
"P2026-0040","doi:10.1016/j.asoc.2026.114790","Evolving explainable neural architectures: Dynamic behavioral-novelty weighting in multi-objective neuroevolution for multimodal spam detection","10.1016/j.asoc.2026.114790","2026","Applied Soft Computing","pdfs/Filali2026_Evolving.pdf","MD/Filali2026_Evolving.md","extracted","not-reviewed","2026-06-11T20:03:30","2026-06-18T20:52:58","2026-06-18T20:57:31",""
"P2026-0041","doi:10.1016/j.asoc.2026.114811","Multi-objective decision-making control of cutter suction dredger based on multi-scale graph representation with Bayesian optimization","10.1016/j.asoc.2026.114811","2026","Applied Soft Computing","pdfs/Chen2026_Multi.pdf","MD/Chen2026_Multi.md","extracted","not-reviewed","2026-06-11T20:03:30","2026-06-18T19:43:01","2026-06-18T19:53:36",""
"P2026-0042","doi:10.1016/j.asoc.2026.114836","Deep reinforcement learning-based two-stage coevolutionary framework for multimodal multi-objective optimization","10.1016/j.asoc.2026.114836","2026","Applied Soft Computing","pdfs/Dang2026_Deep.pdf","MD/Dang2026_Deep.md","extracted","not-reviewed","2026-06-11T20:03:30","2026-06-18T20:34:37","2026-06-18T20:39:39",""
"P2026-0043","doi:10.1016/j.asoc.2026.114851","Self-adaptive resource allocation based on reinforcement learning for multi-concept multi-objective optimization","10.1016/j.asoc.2026.114851","2026","Applied Soft Computing","pdfs/Shi2026_Self.pdf","MD/Shi2026_Self.md","extracted","not-reviewed","2026-06-11T20:03:30","2026-06-19T17:06:30","2026-06-19T17:32:27",""
"P2026-0044","doi:10.1016/j.asoc.2026.114858","Probabilistic electric load forecasting via adaptive online learning and multi-objective optimization: A NA-TP forecasting approach","10.1016/j.asoc.2026.114858","2026","Applied Soft Computing","pdfs/ThiNgocAnh2026_Probabilistic.pdf","MD/ThiNgocAnh2026_Probabilistic.md","extracted","not-reviewed","2026-06-11T20:03:30","2026-06-19T17:59:18","2026-06-19T18:00:38",""
"P2026-0045","doi:10.1016/j.asoc.2026.114863","A novel framework for multi-objective optimization integrating persistent homology and graph-based learning: TAGON","10.1016/j.asoc.2026.114863","2026","Applied Soft Computing","pdfs/Yerlikaya2026_Novel.pdf","MD/Yerlikaya2026_Novel.md","extracted","not-reviewed","2026-06-11T20:03:30","2026-06-19T21:14:26","2026-06-19T21:20:02",""
"P2026-0046","doi:10.1016/j.asoc.2026.114924","On discovering and analyzing variable dependencies to construct an effective and efficient optimizer dedicated to solving the new real-world multi-objective resource-allocation problem","10.1016/j.asoc.2026.114924","2026","Applied Soft Computing","pdfs/Przewozniczek2026_Discovering.pdf","MD/Przewozniczek2026_Discovering.md","extracted","not-reviewed","2026-06-11T20:03:30","2026-06-19T16:25:50","2026-06-19T16:36:34",""
"P2026-0047","doi:10.1016/j.asoc.2026.114935","An adaptive high-order knowledge guided multi-objective evolutionary algorithm for dynamic community detection","10.1016/j.asoc.2026.114935","2026","Applied Soft Computing","pdfs/Teng2026_Adaptive.pdf","MD/Teng2026_Adaptive.md","extracted","not-reviewed","2026-06-11T20:03:30","2026-06-19T17:54:45","2026-06-19T17:59:03",""
"P2026-0048","doi:10.1016/j.asoc.2026.114950","An exploratory competitive swarm optimizer assisted by convergence sampling for large-scale multiobjective optimization","10.1016/j.asoc.2026.114950","2026","Applied Soft Computing","pdfs/He2026_Exploratory.pdf","MD/He2026_Exploratory.md","extracted","not-reviewed","2026-06-11T20:03:30","2026-06-18T22:12:13","2026-06-18T22:15:54",""
"P2026-0049","doi:10.1016/j.asoc.2026.115010","An asynchronous parallel symbolic regression approach based on multiobjective genetic programming with GPU acceleration","10.1016/j.asoc.2026.115010","2026","Applied Soft Computing","pdfs/Fan2026_Asynchronous.pdf","MD/Fan2026_Asynchronous.md","extracted","not-reviewed","2026-06-11T20:03:30","2026-06-18T20:49:14","2026-06-18T20:52:45",""
"P2026-0050","doi:10.1016/j.asoc.2026.115026","Stable and efficient rescheduling for flight task testing with multi-objective consideration","10.1016/j.asoc.2026.115026","2026","Applied Soft Computing","pdfs/Zhang2026_Stable.pdf","MD/Zhang2026_Stable.md","extracted","not-reviewed","2026-06-11T20:03:30","2026-06-19T22:04:06","2026-06-19T22:10:55",""
"P2026-0051","doi:10.1016/j.asoc.2026.115065","Optimized deployment–monitoring synchronized array method for passive sonobuoys based on an improved NSGA-II algorithm","10.1016/j.asoc.2026.115065","2026","Applied Soft Computing","pdfs/Bi2026_Optimized.pdf","MD/Bi2026_Optimized.md","extracted","not-reviewed","2026-06-11T20:03:30","2026-06-12T00:09:55","2026-06-12T00:16:05",""
"P2026-0052","doi:10.1016/j.asoc.2026.115067","A novel large-scale multi-objective particle swarm optimization based on distribution direction of pareto set","10.1016/j.asoc.2026.115067","2026","Applied Soft Computing","pdfs/Zeng2026_Novel.pdf","MD/Zeng2026_Novel.md","extracted","not-reviewed","2026-06-11T20:03:30","2026-06-19T21:35:38","2026-06-19T21:40:23",""
"P2026-0053","doi:10.1016/j.asoc.2026.115641","A constrained multi-objective co-evolutionary algorithm with dynamic game","10.1016/j.asoc.2026.115641","2026","Applied Soft Computing","pdfs/Li2026_Constrained.pdf","MD/Li2026_Constrained.md","extracted","not-reviewed","2026-06-11T20:03:30","2026-06-19T15:09:59","2026-06-19T15:17:31",""
"P2026-0054","doi:10.1016/j.asoc.2026.115645","A reference vector-guided many-objective evolutionary algorithm based on an adaptive adjustment strategy","10.1016/j.asoc.2026.115645","2026","Applied Soft Computing","pdfs/Qiao2026_Reference.pdf","MD/Qiao2026_Reference.md","extracted","not-reviewed","2026-06-11T20:03:30","2026-06-19T16:26:08","2026-06-19T16:30:29",""
"P2026-0055","doi:10.1016/j.engappai.2025.112791","Secure and energy-efficient unmanned aerial vehicle-enabled visible light communication via a multi-objective optimization approach","10.1016/j.engappai.2025.112791","2026","Engineering Applications of Artificial Intelligence","pdfs/Liu2026_Secure.pdf","MD/Liu2026_Secure.md","extracted","not-reviewed","2026-06-11T20:03:30","2026-06-19T15:44:17","2026-06-19T15:50:29",""
"P2026-0056","doi:10.1016/j.engappai.2025.112824","Mutual risk prompt learning with multi-objective optimization for collaborative tumor and peritumor segmentation","10.1016/j.engappai.2025.112824","2026","Engineering Applications of Artificial Intelligence","pdfs/Tong2026_Mutual.pdf","MD/Tong2026_Mutual.md","extracted","not-reviewed","2026-06-11T20:03:30","2026-06-19T18:44:33","2026-06-19T18:50:30",""
"P2026-0057","doi:10.1016/j.engappai.2025.112886","Upsampling graph convolutional neural networks enhanced multimodal multi-objective evolutionary algorithm","10.1016/j.engappai.2025.112886","2026","Engineering Applications of Artificial Intelligence","pdfs/Yang2026_Upsampling.pdf","MD/Yang2026_Upsampling.md","extracted","not-reviewed","2026-06-11T20:03:30","2026-06-19T21:02:30","2026-06-19T21:06:25",""
"P2026-0058","doi:10.1016/j.engappai.2025.112976","Large-scale stochastic production decision-making for coupled economy-environment-energy systems in sustainable industrial processes under uncertainty: A data-driven two-stage multi-objective optimization framework","10.1016/j.engappai.2025.112976","2026","Engineering Applications of Artificial Intelligence","pdfs/Zhang2026_Large.pdf","MD/Zhang2026_Large.md","extracted","not-reviewed","2026-06-11T20:03:30","2026-06-19T21:50:02","2026-06-19T21:55:55",""
"P2026-0059","doi:10.1016/j.engappai.2025.113177","A multiobjective construction site layout and safety planning model based on evolutionary algorithms","10.1016/j.engappai.2025.113177","2026","Engineering Applications of Artificial Intelligence","pdfs/Lei2026_Multiobjective.pdf","MD/Lei2026_Multiobjective.md","extracted","not-reviewed","2026-06-11T20:03:30","2026-06-19T14:57:06","2026-06-19T15:01:56",""
"P2026-0060","doi:10.1016/j.engappai.2025.113254","Multi-objective mix optimization of geopolymer recycled aggregate concrete using prior knowledge embedded neural network and evolutionary algorithm","10.1016/j.engappai.2025.113254","2026","Engineering Applications of Artificial Intelligence","pdfs/Guo2026_Multi.pdf","MD/Guo2026_Multi.md","extracted","not-reviewed","2026-06-11T20:03:30","2026-06-18T21:42:30","2026-06-18T21:47:19",""
"P2026-0061","doi:10.1016/j.engappai.2025.113349","Neural network-guided genetic algorithm for multi-objective optimization of fin-and-tube heat exchangers incorporating novel curved winglets","10.1016/j.engappai.2025.113349","2026","Engineering Applications of Artificial Intelligence","pdfs/Sharma2026_Neural.pdf","MD/Sharma2026_Neural.md","extracted","not-reviewed","2026-06-11T20:03:30","2026-06-19T16:54:59","2026-06-19T16:57:28",""
"P2026-0062","doi:10.1016/j.engappai.2025.113368","A fuzzy cross domain matrix machine for fault diagnosis under multi-objective domain","10.1016/j.engappai.2025.113368","2026","Engineering Applications of Artificial Intelligence","pdfs/Pan2026_Fuzzy.pdf","MD/Pan2026_Fuzzy.md","extracted","not-reviewed","2026-06-11T20:03:30","2026-06-19T16:22:45","2026-06-19T16:25:36",""
"P2026-0063","doi:10.1016/j.engappai.2025.113386","Multi-objective optimization of rail welded joint grinding in railroad tracks via reinforcement learning","10.1016/j.engappai.2025.113386","2026","Engineering Applications of Artificial Intelligence","pdfs/Gao2026_Multi.pdf","MD/Gao2026_Multi.md","extracted","not-reviewed","2026-06-11T20:03:30","2026-06-18T20:58:30","2026-06-18T21:02:13",""
"P2026-0064","doi:10.1016/j.engappai.2025.113469","Sustainable configuration of production lines: Multi-objective energy-efficient optimization with adaptive differential evolution and golden ratio algorithms","10.1016/j.engappai.2025.113469","2026","Engineering Applications of Artificial Intelligence","pdfs/Koyuncuolu2026_Sustainable.pdf","MD/Koyuncuolu2026_Sustainable.md","extracted","not-reviewed","2026-06-11T20:03:30","2026-06-19T14:47:58","2026-06-19T14:52:01",""
"P2026-0065","doi:10.1016/j.engappai.2025.113474","Data-driven multi-objective synergistic to targeted enhancement framework for high-performance aluminum alloy design","10.1016/j.engappai.2025.113474","2026","Engineering Applications of Artificial Intelligence","pdfs/Zhang2026_Data.pdf","MD/Zhang2026_Data.md","extracted","not-reviewed","2026-06-11T20:03:30","2026-06-19T21:41:18","2026-06-19T21:45:28",""
"P2026-0066","doi:10.1016/j.engappai.2025.113496","Interval adaptive multi-objective optimization of the proton exchange membrane fuel cell system considering parameter perturbation","10.1016/j.engappai.2025.113496","2026","Engineering Applications of Artificial Intelligence","pdfs/Wang2026_Interval.pdf","MD/Wang2026_Interval.md","extracted","not-reviewed","2026-06-11T20:03:30","2026-06-19T19:22:47","2026-06-19T19:29:58",""
"P2026-0067","doi:10.1016/j.engappai.2025.113502","Multi-objective optimization of sustainable fly ash cement bricks considering compressive strength and carbon emission","10.1016/j.engappai.2025.113502","2026","Engineering Applications of Artificial Intelligence","pdfs/Mumtaz2026_Multi.pdf","MD/Mumtaz2026_Multi.md","extracted","not-reviewed","2026-06-11T20:03:30","2026-06-19T16:02:57","2026-06-19T16:09:04",""
"P2026-0068","doi:10.1016/j.engappai.2025.113691","Multi-Objective design of interlocking metasurfaces using conditional diffusion models","10.1016/j.engappai.2025.113691","2026","Engineering Applications of Artificial Intelligence","pdfs/Brown2026_Multi.pdf","MD/Brown2026_Multi.md","extracted","not-reviewed","2026-06-11T20:03:30","2026-06-12T00:10:29","2026-06-12T00:23:09",""
"P2026-0069","doi:10.1016/j.engappai.2025.113703","A zero-shot tree-structured multi-objective evolutionary Neural Architecture Search","10.1016/j.engappai.2025.113703","2026","Engineering Applications of Artificial Intelligence","pdfs/Dai2026_Zero.pdf","MD/Dai2026_Zero.md","extracted","not-reviewed","2026-06-11T20:03:30","2026-06-18T20:28:59","2026-06-18T20:34:18",""
"P2026-0070","doi:10.1016/j.engappai.2026.113724","A novel Quantum Beta distributed multi-objective Particle Swarm Optimization algorithm for fake accounts detection","10.1016/j.engappai.2026.113724","2026","Engineering Applications of Artificial Intelligence","pdfs/Aboud2026_Novel.pdf","MD/Aboud2026_Novel.md","extracted","not-reviewed","2026-06-11T20:03:30","2026-06-11T21:03:15","2026-06-11T21:29:10",""
"P2026-0071","doi:10.1016/j.engappai.2026.113777","Multiple task nonparallel embedded matrix machine and its application in multi-objective fault diagnosis","10.1016/j.engappai.2026.113777","2026","Engineering Applications of Artificial Intelligence","pdfs/Pan2026_Multiple.pdf","MD/Pan2026_Multiple.md","extracted","not-reviewed","2026-06-11T20:03:30","2026-06-19T16:22:59","2026-06-19T16:25:30",""
"P2026-0072","doi:10.1016/j.engappai.2026.114045","Multi-objective walking sheep identification method through the back appearance and diversion channel","10.1016/j.engappai.2026.114045","2026","Engineering Applications of Artificial Intelligence","pdfs/Xue2026_Multi.pdf","MD/Xue2026_Multi.md","extracted","not-reviewed","2026-06-11T20:03:30","2026-06-19T20:43:21","2026-06-19T20:51:30",""
"P2026-0073","doi:10.1016/j.engappai.2026.114064","A sustainable multi-objective economic production quantity model with learning–forgetting and green technology investment","10.1016/j.engappai.2026.114064","2026","Engineering Applications of Artificial Intelligence","pdfs/Halder2026_Sustainable.pdf","MD/Halder2026_Sustainable.md","extracted","not-reviewed","2026-06-11T20:03:30","2026-06-18T21:51:41","2026-06-18T21:55:36",""
"P2026-0074","doi:10.1016/j.engappai.2026.114271","Exergy-aware multi-objective scheduling of multi-energy microgrid via physics-guided soft-hard constrained deep reinforcement learning","10.1016/j.engappai.2026.114271","2026","Engineering Applications of Artificial Intelligence","pdfs/Zhao2026_Exergy.pdf","MD/Zhao2026_Exergy.md","extracted","not-reviewed","2026-06-11T20:03:30","2026-06-19T22:11:37","2026-06-19T22:16:12",""
"P2026-0075","doi:10.1016/j.engappai.2026.114347","Multi-objective optimization of sealing and friction performance for the cylinder liner-piston ring friction pair in highly strengthened diesel engines based on machine learning","10.1016/j.engappai.2026.114347","2026","Engineering Applications of Artificial Intelligence","pdfs/Xu2026_Multi.pdf","MD/Xu2026_Multi.md","extracted","not-reviewed","2026-06-11T20:03:30","2026-06-19T20:39:44","2026-06-19T20:42:59",""
"P2026-0076","doi:10.1016/j.engappai.2026.114355","Actionable counterfactual explanation generation via multi-objective optimization","10.1016/j.engappai.2026.114355","2026","Engineering Applications of Artificial Intelligence","pdfs/Adedigba2026_Actionable.pdf","MD/Adedigba2026_Actionable.md","extracted","not-reviewed","2026-06-11T20:03:30","2026-06-11T23:49:16","2026-06-11T23:56:08",""
"P2026-0077","doi:10.1016/j.ins.2025.122649","Bi-objective optimization for electric vehicle scheduling under vehicle-to-grid integration","10.1016/j.ins.2025.122649","2026","Information Sciences","pdfs/Yu2026_Objective.pdf","MD/Yu2026_Objective.md","extracted","not-reviewed","2026-06-11T20:03:30","2026-06-19T21:23:48","2026-06-19T21:28:41",""
"P2026-0078","doi:10.1016/j.ins.2025.122671","MPCMO: An improved multi-population co-evolutionary algorithm for many-objective optimization","10.1016/j.ins.2025.122671","2026","Information Sciences","pdfs/Ding2026_Mpcmo.pdf","MD/Ding2026_Mpcmo.md","extracted","not-reviewed","2026-06-11T20:03:30","2026-06-18T20:40:27","2026-06-18T20:49:34",""
"P2026-0079","doi:10.1016/j.ins.2025.122712","A multi-population co-evolutionary algorithm based on dual-space division for dynamic multi-objective optimization problems","10.1016/j.ins.2025.122712","2026","Information Sciences","pdfs/Hu2026_Multi.pdf","MD/Hu2026_Multi.md","extracted","not-reviewed","2026-06-11T20:03:30","2026-06-18T22:26:40","2026-06-18T22:30:02",""
"P2026-0080","doi:10.1016/j.ins.2025.122770","Effective knowledge transfer with adaptive distribution alignment and solution quality prediction in evolutionary multiobjective multitasking","10.1016/j.ins.2025.122770","2026","Information Sciences","pdfs/Yang2026_Effective.pdf","MD/Yang2026_Effective.md","extracted","not-reviewed","2026-06-11T20:03:30","2026-06-19T20:57:26","2026-06-19T21:01:58",""
"P2026-0081","doi:10.1016/j.ins.2025.122791","Sample-efficient multi-objective reinforcement learning for hybrid impulsive information consensus in multi-agent systems","10.1016/j.ins.2025.122791","2026","Information Sciences","pdfs/Gu2026_Sample.pdf","MD/Gu2026_Sample.md","extracted","not-reviewed","2026-06-11T20:03:30","2026-06-18T21:08:35","2026-06-18T21:11:53",""
"P2026-0082","doi:10.1016/j.ins.2025.122793","A manifold embedding-based evolutionary algorithm for many-objective optimization with irregular Pareto front shapes","10.1016/j.ins.2025.122793","2026","Information Sciences","pdfs/10.1016_j.ins.2025.122793.pdf","MD/10.1016_j.ins.2025.122793.md","extracted","not-reviewed","2026-06-11T20:03:30","2026-06-11T20:07:45","2026-06-11T20:15:45",""
"P2026-0083","doi:10.1016/j.ins.2025.122847","Computationally expensive multi-objective optimization problems via optimization state-driven adaptive evolution","10.1016/j.ins.2025.122847","2026","Information Sciences","pdfs/Chen2026_Computationally.pdf","MD/Chen2026_Computationally.md","extracted","not-reviewed","2026-06-11T20:03:30","2026-06-12T00:33:39","2026-06-12T00:41:41",""
"P2026-0084","doi:10.1016/j.ins.2025.122857","Optimally solving multi-objective co-scheduling of lock group and approach channel with dynamic synchronous speeds","10.1016/j.ins.2025.122857","2026","Information Sciences","pdfs/Zheng2026_Optimally.pdf","MD/Zheng2026_Optimally.md","extracted","not-reviewed","2026-06-11T20:03:30","2026-06-19T22:23:11","2026-06-19T22:28:39",""
"P2026-0085","doi:10.1016/j.ins.2025.122884","A learning-guided multi-objective approach for energy-oriented hybrid flow shop scheduling with limited buffers","10.1016/j.ins.2025.122884","2026","Information Sciences","pdfs/He2026_Learning.pdf","MD/He2026_Learning.md","extracted","not-reviewed","2026-06-11T20:03:30","2026-06-18T22:16:10","2026-06-18T22:20:14",""
"P2026-0086","doi:10.1016/j.ins.2025.122895","Adaptive fairness-aware influence maximization via multi-objective optimization and step-wise entropy","10.1016/j.ins.2025.122895","2026","Information Sciences","pdfs/Osmani2026_Adaptive.pdf","MD/Osmani2026_Adaptive.md","extracted","not-reviewed","2026-06-11T20:03:30","2026-06-19T16:15:48","2026-06-19T16:22:32",""
"P2026-0087","doi:10.1016/j.ins.2025.122910","Multi-objective scheduling for a reentrant hybrid flow shop integrating preventive maintenance, machine aging effects, and low-carbon optimization","10.1016/j.ins.2025.122910","2026","Information Sciences","pdfs/Zheng2026_Multi.pdf","MD/Zheng2026_Multi.md","extracted","not-reviewed","2026-06-11T20:03:30","2026-06-19T22:20:15","2026-06-19T22:25:11",""
"P2026-0088","doi:10.1016/j.ins.2025.122945","Balancing different objectives in multi-objective optimization consensus for social network large-scale group decision-making with unmanned aerial vehicle review filtering","10.1016/j.ins.2025.122945","2026","Information Sciences","pdfs/Zhang2026_Balancing.pdf","MD/Zhang2026_Balancing.md","extracted","not-reviewed","2026-06-11T20:03:30","2026-06-19T21:40:45","2026-06-19T21:48:34",""
"P2026-0089","doi:10.1016/j.ins.2025.123003","Modeling risk attitudes in picture fuzzy multi-objective linear programming with chance constraints","10.1016/j.ins.2025.123003","2026","Information Sciences","pdfs/GnayAkdemir2026_Modeling.pdf","MD/GnayAkdemir2026_Modeling.md","extracted","not-reviewed","2026-06-11T20:03:30","2026-06-18T21:02:28","2026-06-18T21:06:05",""
"P2026-0090","doi:10.1016/j.ins.2025.123044","Many-objective island-based evolutionary algorithm for biomarker selection and cancer molecular diagnosis in high-dimensional omics data","10.1016/j.ins.2025.123044","2026","Information Sciences","pdfs/Marium2026_Many.pdf","MD/Marium2026_Many.md","extracted","not-reviewed","2026-06-11T20:03:30","2026-06-19T16:00:21","2026-06-19T16:06:00",""
"P2026-0091","doi:10.1016/j.ins.2026.123073","Sparse knowledge guided multiobjective multimodal optimization for identification of personalized critical biomarkers in cancer","10.1016/j.ins.2026.123073","2026","Information Sciences","pdfs/WeiFeng2026_Sparse.pdf","MD/WeiFeng2026_Sparse.md","extracted","not-reviewed","2026-06-11T20:03:30","2026-06-19T20:09:02","2026-06-19T20:15:01",""
"P2026-0092","doi:10.1016/j.ins.2026.123170","MO-DMLHM: Multi-objective dynamic hypergraph modeling for cross-layer community detection in organizational networks","10.1016/j.ins.2026.123170","2026","Information Sciences","pdfs/Li2026_Dmlhm.pdf","MD/Li2026_Dmlhm.md","extracted","not-reviewed","2026-06-11T20:03:30","2026-06-19T15:17:48","2026-06-19T15:23:09",""
"P2026-0093","doi:10.1016/j.ins.2026.123194","A large-scale multi-objective optimization algorithm integrating multi-directional fuzzy sampling and multi-source learning competitive swarm optimizer","10.1016/j.ins.2026.123194","2026","Information Sciences","pdfs/Guo2026_Large.pdf","MD/Guo2026_Large.md","extracted","not-reviewed","2026-06-11T20:03:30","2026-06-18T21:38:44","2026-06-18T21:42:18",""
"P2026-0094","doi:10.1016/j.ins.2026.123217","A two-stage evolutionary algorithm for uncertain constrained multi-objective problems with interval-valued objective","10.1016/j.ins.2026.123217","2026","Information Sciences","pdfs/Wen2026_Two.pdf","MD/Wen2026_Two.md","extracted","not-reviewed","2026-06-11T20:03:30","2026-06-19T20:15:25","2026-06-19T20:20:16",""
"P2026-0095","doi:10.1016/j.ins.2026.123291","A hybrid measure-based state transition algorithm for robust multiobjective optimization","10.1016/j.ins.2026.123291","2026","Information Sciences","pdfs/Li2026_Hybrid.pdf","MD/Li2026_Hybrid.md","extracted","not-reviewed","2026-06-11T20:03:30","2026-06-19T15:19:41","2026-06-19T15:28:26",""
"P2026-0096","doi:10.1016/j.ins.2026.123292","Dynamic programming for the exact pareto front in multi-objective discretization of imbalanced datasets","10.1016/j.ins.2026.123292","2026","Information Sciences","pdfs/Bui2026_Dynamic.pdf","MD/Bui2026_Dynamic.md","extracted","not-reviewed","2026-06-11T20:03:30","2026-06-12T00:17:30","2026-06-12T00:29:19",""
"P2026-0097","doi:10.1016/j.neucom.2026.132974","A fuzzy multi-objective neuro-evolutionary framework with bargaining-based selection for interpretable body fat prediction","10.1016/j.neucom.2026.132974","2026","Neurocomputing","pdfs/Keivanian2026_Fuzzy.pdf","MD/Keivanian2026_Fuzzy.md","extracted","not-reviewed","2026-06-11T20:03:30","2026-06-19T14:43:32","2026-06-19T14:47:43",""
"P2026-0098","doi:10.1016/j.swevo.2025.102221","A constrained multi-objective dynamic corridor allocation problem model for low-carbon manufacturing","10.1016/j.swevo.2025.102221","2026","Swarm and Evolutionary Computation","pdfs/Guo2026_Constrained.pdf","MD/Guo2026_Constrained.md","extracted","not-reviewed","2026-06-11T20:03:30","2026-06-18T21:17:32","2026-06-18T21:21:27",""
"P2026-0099","doi:10.1016/j.swevo.2025.102222","A multi-stage evolutionary algorithm based on finite state machine theory for constrained multi-objective optimization problem","10.1016/j.swevo.2025.102222","2026","Swarm and Evolutionary Computation","pdfs/Li2026_Multi.pdf","MD/Li2026_Multi.md","extracted","not-reviewed","2026-06-11T20:03:30","2026-06-19T15:23:27","2026-06-19T15:28:36",""
"P2026-0100","doi:10.1016/j.swevo.2025.102228","Decomposition-based multi-objective evolutionary algorithm for bi-optimal selection","10.1016/j.swevo.2025.102228","2026","Swarm and Evolutionary Computation","pdfs/Fan2026_Decomposition.pdf","MD/Fan2026_Decomposition.md","extracted","not-reviewed","2026-06-11T20:03:30","2026-06-18T20:49:53","2026-06-18T20:55:00",""
"P2026-0101","doi:10.1016/j.swevo.2025.102232","Surrogate-assisted evolutionary algorithm with adaptive local region search for high-dimensional expensive multi-objective optimization problems","10.1016/j.swevo.2025.102232","2026","Swarm and Evolutionary Computation","pdfs/Wang2026_Surrogate.pdf","MD/Wang2026_Surrogate.md","extracted","not-reviewed","2026-06-11T20:03:30","2026-06-19T19:58:23","2026-06-19T20:03:45",""
"P2026-0102","doi:10.1016/j.swevo.2025.102242","Generating continuous multi-objective benchmark problems by the object-oriented method","10.1016/j.swevo.2025.102242","2026","Swarm and Evolutionary Computation","pdfs/Tan2026_Generating.pdf","MD/Tan2026_Generating.md","extracted","not-reviewed","2026-06-11T20:03:30","2026-06-19T17:43:51","2026-06-19T17:48:00",""
"P2026-0103","doi:10.1016/j.swevo.2025.102244","A dynamic multi-objective optimization evolutionary strategy based on adaptive selection for wet flue gas desulfurization process","10.1016/j.swevo.2025.102244","2026","Swarm and Evolutionary Computation","pdfs/Cao2026_Dynamic.pdf","MD/Cao2026_Dynamic.md","extracted","not-reviewed","2026-06-11T20:03:30","2026-06-12T00:19:12","2026-06-12T00:26:51",""
"P2026-0104","doi:10.1016/j.swevo.2025.102245","An extended interval vector space for the multiobjective fractional optimization problem with application to the inventory model","10.1016/j.swevo.2025.102245","2026","Swarm and Evolutionary Computation","pdfs/Bhurjee2026_Extended.pdf","MD/Bhurjee2026_Extended.md","extracted","not-reviewed","2026-06-11T20:03:30","2026-06-12T00:09:04","2026-06-12T00:18:34",""
"P2026-0105","doi:10.1016/j.swevo.2025.102246","A methodology for multi-label algorithm selection in constrained multiobjective optimization","10.1016/j.swevo.2025.102246","2026","Swarm and Evolutionary Computation","pdfs/Andova2026_Methodology.pdf","MD/Andova2026_Methodology.md","extracted","not-reviewed","2026-06-11T20:03:30","2026-06-12T00:06:33","2026-06-12T00:15:06",""
"P2026-0106","doi:10.1016/j.swevo.2025.102254","Efficient preference learning algorithm for interactive evolutionary multi-objective optimization","10.1016/j.swevo.2025.102254","2026","Swarm and Evolutionary Computation","pdfs/Tomczyk2026_Efficient.pdf","MD/Tomczyk2026_Efficient.md","extracted","not-reviewed","2026-06-11T20:03:30","2026-06-19T18:00:11","2026-06-19T18:09:25",""
"P2026-0107","doi:10.1016/j.swevo.2025.102260","Handling of objectives and constraints with heterogeneous evaluation times for surrogate-assisted evolutionary multi- and many-objective optimization","10.1016/j.swevo.2025.102260","2026","Swarm and Evolutionary Computation","pdfs/Santoshkumar2026_Handling.pdf","MD/Santoshkumar2026_Handling.md","extracted","not-reviewed","2026-06-11T20:03:30","2026-06-19T16:47:31","2026-06-19T16:54:18",""
"P2026-0108","doi:10.1016/j.swevo.2025.102264","A parallel evolutionary approach for multi-objective bus transit network design in multi-modal transit systems integrating with timetable synchronization","10.1016/j.swevo.2025.102264","2026","Swarm and Evolutionary Computation","pdfs/Shen2026_Parallel.pdf","MD/Shen2026_Parallel.md","extracted","not-reviewed","2026-06-11T20:03:30","2026-06-19T16:59:37","2026-06-19T17:07:29",""
"P2026-0109","doi:10.1016/j.swevo.2025.102265","Multi-objective bilevel programming model for optimizing network interdiction deployment","10.1016/j.swevo.2025.102265","2026","Swarm and Evolutionary Computation","pdfs/Yeh2026_Multi.pdf","MD/Yeh2026_Multi.md","extracted","not-reviewed","2026-06-11T20:03:30","2026-06-19T21:11:24","2026-06-19T21:17:13",""
"P2026-0110","doi:10.1016/j.swevo.2025.102266","Pareto fronts guided co-evolutionary algorithm for constrained multi-objective optimization","10.1016/j.swevo.2025.102266","2026","Swarm and Evolutionary Computation","pdfs/Wang2026_Pareto.pdf","MD/Wang2026_Pareto.md","extracted","not-reviewed","2026-06-11T20:03:30","2026-06-19T19:45:06","2026-06-19T19:52:20",""
"P2026-0111","doi:10.1016/j.swevo.2025.102269","An Jaccard similarity coefficient-based evolutionary algorithm for sparse large-scale multi-objective optimization problems","10.1016/j.swevo.2025.102269","2026","Swarm and Evolutionary Computation","pdfs/Chen2026_Jaccard.pdf","MD/Chen2026_Jaccard.md","extracted","not-reviewed","2026-06-11T20:03:30","2026-06-12T14:39:13","2026-06-12T14:45:35",""
"P2026-0112","doi:10.1016/j.swevo.2025.102272","Hybrid resource allocation framework for large-scale multi-objective optimization","10.1016/j.swevo.2025.102272","2026","Swarm and Evolutionary Computation","pdfs/Chen2026_Hybrid.pdf","MD/Chen2026_Hybrid.md","extracted","not-reviewed","2026-06-11T20:03:30","2026-06-12T01:45:29","2026-06-12T01:52:23",""
"P2026-0113","doi:10.1016/j.swevo.2025.102273","Surrogate-assisted evolutionary optimization using on-demand helper task for high-dimensional expensive multi-objective problems","10.1016/j.swevo.2025.102273","2026","Swarm and Evolutionary Computation","pdfs/Li2026_Surrogate.pdf","MD/Li2026_Surrogate.md","extracted","not-reviewed","2026-06-11T20:03:30","2026-06-19T15:28:49","2026-06-19T15:34:35",""
"P2026-0114","doi:10.1016/j.swevo.2025.102274","Evaluation-based multi-objective optimization for responsive-resilient supply chain network under hybrid uncertainty","10.1016/j.swevo.2025.102274","2026","Swarm and Evolutionary Computation","pdfs/Guo2026_Evaluation.pdf","MD/Guo2026_Evaluation.md","extracted","not-reviewed","2026-06-11T20:03:30","2026-06-18T21:31:52","2026-06-18T21:38:30",""
"P2026-0115","doi:10.1016/j.swevo.2025.102275","A surrogate-assisted evolutionary algorithm with multi-perspective infill sampling for expensive super-many-objective optimization problems","10.1016/j.swevo.2025.102275","2026","Swarm and Evolutionary Computation","pdfs/Liu2026_Surrogate.pdf","MD/Liu2026_Surrogate.md","extracted","not-reviewed","2026-06-11T20:03:30","2026-06-19T15:44:57","2026-06-19T15:50:22",""
"P2026-0116","doi:10.1016/j.swevo.2025.102276","A dual-task-assisted self-organizing map evolutionary algorithm for constraining multimodal multi-objective optimization","10.1016/j.swevo.2025.102276","2026","Swarm and Evolutionary Computation","pdfs/Ye2026_Dual.pdf","MD/Ye2026_Dual.md","extracted","not-reviewed","2026-06-11T20:03:30","2026-06-19T21:07:01","2026-06-19T21:13:54",""
"P2026-0117","doi:10.1016/j.swevo.2025.102279","A novel embedded dual-layer multi-objective evolutionary algorithm for multimodal emergency logistics delivery under demand uncertainty and supply shortage","10.1016/j.swevo.2025.102279","2026","Swarm and Evolutionary Computation","pdfs/Lei2026_Novel.pdf","MD/Lei2026_Novel.md","extracted","not-reviewed","2026-06-11T20:03:30","2026-06-19T15:02:08","2026-06-19T15:08:37",""
"P2026-0118","doi:10.1016/j.swevo.2026.102281","Dynamic multi-objective optimization algorithm via historical collaborative strategy and interval prediction strategy","10.1016/j.swevo.2026.102281","2026","Swarm and Evolutionary Computation","pdfs/Ou2026_Dynamic.pdf","MD/Ou2026_Dynamic.md","extracted","not-reviewed","2026-06-11T20:03:30","2026-06-19T16:16:26","2026-06-19T16:22:03",""
"P2026-0119","doi:10.1016/j.swevo.2026.102290","Toward intelligent acquisition policies: Reinforcement learning for causal multi-objective Bayesian optimization","10.1016/j.swevo.2026.102290","2026","Swarm and Evolutionary Computation","pdfs/Chen2026_Toward.pdf","MD/Chen2026_Toward.md","extracted","not-reviewed","2026-06-11T20:03:30","2026-06-18T20:05:43","2026-06-18T20:10:46",""
"P2026-0120","doi:10.1016/j.swevo.2026.102294","Multi-objective optimization in autonomous foraging using swarm robots","10.1016/j.swevo.2026.102294","2026","Swarm and Evolutionary Computation","pdfs/OrdzRivas2026_Multi.pdf","MD/OrdzRivas2026_Multi.md","extracted","not-reviewed","2026-06-11T20:03:30","2026-06-19T16:11:21","2026-06-19T16:15:56",""
"P2026-0121","doi:10.1016/j.swevo.2026.102303","A multitype constraint handling evolutionary algorithm for constrained multiobjective optimization problems","10.1016/j.swevo.2026.102303","2026","Swarm and Evolutionary Computation","pdfs/Rao2026_Multitype.pdf","MD/Rao2026_Multitype.md","extracted","not-reviewed","2026-06-11T20:03:30","2026-06-19T16:36:46","2026-06-19T16:47:20",""
"P2026-0122","doi:10.1016/j.swevo.2026.102304","A comprehensive review on deep learning for multi-objective optimization","10.1016/j.swevo.2026.102304","2026","Swarm and Evolutionary Computation","pdfs/Ma2026_Comprehensive.pdf","MD/Ma2026_Comprehensive.md","extracted","not-reviewed","2026-06-11T20:03:30","2026-06-19T15:59:00","2026-06-19T16:02:33",""
"P2026-0123","doi:10.1016/j.swevo.2026.102305","A two-stage multimodal multiobjective evolutionary algorithm using Voronoi diagram and modality detection","10.1016/j.swevo.2026.102305","2026","Swarm and Evolutionary Computation","pdfs/Zheng2026_Two.pdf","MD/Zheng2026_Two.md","extracted","not-reviewed","2026-06-11T20:03:30","2026-06-19T22:25:40","2026-06-19T22:31:37",""
"P2026-0124","doi:10.1016/j.swevo.2026.102308","A large-scale multi-objective evolutionary neural network model considering robustness for short-term wind power prediction","10.1016/j.swevo.2026.102308","2026","Swarm and Evolutionary Computation","pdfs/Zhu2026_Large.pdf","MD/Zhu2026_Large.md","extracted","not-reviewed","2026-06-11T20:03:30","2026-06-19T22:29:08","2026-06-19T22:40:46",""
"P2026-0125","doi:10.1016/j.swevo.2026.102309","A robust bi-objective optimization model and heuristic solution for truck-drone collaboration in humanitarian logistics under truck travel time uncertainty","10.1016/j.swevo.2026.102309","2026","Swarm and Evolutionary Computation","pdfs/Zhang2026_Robust.pdf","MD/Zhang2026_Robust.md","extracted","not-reviewed","2026-06-11T20:03:30","2026-06-19T21:57:48","2026-06-19T22:04:20",""
"P2026-0126","doi:10.1016/j.swevo.2026.102311","Adaptive surrogate-based strategy for accelerating convergence speed when solving expensive unconstrained Multi-Objective Optimisation Problems","10.1016/j.swevo.2026.102311","2026","Swarm and Evolutionary Computation","pdfs/Banda2026_Adaptive.pdf","MD/Banda2026_Adaptive.md","extracted","not-reviewed","2026-06-11T20:03:30","2026-06-12T00:06:43","2026-06-12T00:16:21",""
"P2026-0127","doi:10.1016/j.swevo.2026.102312","Composite indicator-guided infilling sampling for expensive multi-objective optimization","10.1016/j.swevo.2026.102312","2026","Swarm and Evolutionary Computation","pdfs/Zhen2026_Composite.pdf","MD/Zhen2026_Composite.md","extracted","not-reviewed","2026-06-11T20:03:30","2026-06-19T22:16:35","2026-06-19T22:22:44",""
"P2026-0128","doi:10.1016/j.swevo.2026.102313","A hyper-curvature balanced indicator and adaptive phase exploration co-driven evolutionary algorithm for many-objective optimization","10.1016/j.swevo.2026.102313","2026","Swarm and Evolutionary Computation","pdfs/Yue2026_Hyper.pdf","MD/Yue2026_Hyper.md","extracted","not-reviewed","2026-06-11T20:03:30","2026-06-19T21:30:05","2026-06-19T21:34:09",""
"P2026-0129","doi:10.1016/j.swevo.2026.102314","Move towards agile feedback: An adaptive Turing-enhanced multi-objective co-evolutionary algorithm for rescheduling optimization steelmaking-continuous casting under equipment failures","10.1016/j.swevo.2026.102314","2026","Swarm and Evolutionary Computation","pdfs/Guan2026_Move.pdf","MD/Guan2026_Move.md","extracted","not-reviewed","2026-06-11T20:03:30","2026-06-18T21:12:08","2026-06-18T21:17:20",""
"P2026-0130","doi:10.1016/j.swevo.2026.102321","A decomposition-based constrained multi-objective optimization algorithm with dynamic resource reallocation guided by niche classification","10.1016/j.swevo.2026.102321","2026","Swarm and Evolutionary Computation","pdfs/Yang2026_Decomposition.pdf","MD/Yang2026_Decomposition.md","extracted","not-reviewed","2026-06-11T20:03:30","2026-06-19T20:56:27","2026-06-19T21:01:19",""
"P2026-0131","doi:10.1016/j.swevo.2026.102322","A competition-driven two-phase evolutionary algorithm for constrained multi-objective optimization","10.1016/j.swevo.2026.102322","2026","Swarm and Evolutionary Computation","pdfs/Wang2026_Competition.pdf","MD/Wang2026_Competition.md","extracted","not-reviewed","2026-06-11T20:03:30","2026-06-19T19:04:37","2026-06-19T19:12:26",""
"P2026-0132","doi:10.1016/j.swevo.2026.102323","A data-driven multi-objective differential evolution framework for charging-thermal coupled parameter optimization in rotary hearth furnace operations","10.1016/j.swevo.2026.102323","2026","Swarm and Evolutionary Computation","pdfs/Luo2026_Data.pdf","MD/Luo2026_Data.md","extracted","not-reviewed","2026-06-11T20:03:30","2026-06-19T15:51:01","2026-06-19T15:58:36",""
"P2026-0133","doi:10.1016/j.swevo.2026.102324","An adaptive auxiliary problem-based evolutionary algorithm for multi-objective optimization problems with complex constraints","10.1016/j.swevo.2026.102324","2026","Swarm and Evolutionary Computation","pdfs/Ma2026_Adaptive.pdf","MD/Ma2026_Adaptive.md","extracted","not-reviewed","2026-06-11T20:03:30","2026-06-19T15:55:29","2026-06-19T15:59:59",""
"P2026-0134","doi:10.1016/j.swevo.2026.102325","Transformer-accelerated multi-objective high-dimensional multi-fractional-order optimization algorithm for proportional-integral controller parameters tuning of doubly-fed induction generators","10.1016/j.swevo.2026.102325","2026","Swarm and Evolutionary Computation","pdfs/Yin2026_Transformer.pdf","MD/Yin2026_Transformer.md","extracted","not-reviewed","2026-06-11T20:03:30","2026-06-19T21:20:32","2026-06-19T21:28:56",""
"P2026-0135","doi:10.1016/j.swevo.2026.102329","Balancing cost and influential ability under structural failures via a multi-objective approach","10.1016/j.swevo.2026.102329","2026","Swarm and Evolutionary Computation","pdfs/Wang2026_Balancing.pdf","MD/Wang2026_Balancing.md","extracted","not-reviewed","2026-06-11T20:03:30","2026-06-19T18:57:27","2026-06-19T19:04:09",""
"P2026-0136","doi:10.1016/j.swevo.2026.102335","Adversarial autoencoder enhanced evolutionary guidance for multi-objective multi-task optimization","10.1016/j.swevo.2026.102335","2026","Swarm and Evolutionary Computation","pdfs/Wang2026_Adversarial.pdf","MD/Wang2026_Adversarial.md","extracted","not-reviewed","2026-06-11T20:03:30","2026-06-19T18:52:29","2026-06-19T18:57:05",""
"P2026-0137","doi:10.1016/j.swevo.2026.102338","Q-learning-based multi-objective hyper-heuristic algorithm for multi-campus university course scheduling","10.1016/j.swevo.2026.102338","2026","Swarm and Evolutionary Computation","pdfs/Zhu2026_Learning.pdf","MD/Zhu2026_Learning.md","extracted","not-reviewed","2026-06-11T20:03:30","2026-06-19T22:32:01","2026-06-19T22:36:21",""
"P2026-0138","doi:10.1016/j.swevo.2026.102340","Conditional diffusion with gradient guidance for high-dimensional expensive multi-objective optimization","10.1016/j.swevo.2026.102340","2026","Swarm and Evolutionary Computation","pdfs/Chen2026_Conditional.pdf","MD/Chen2026_Conditional.md","extracted","not-reviewed","2026-06-11T20:03:30","2026-06-12T01:35:15","2026-06-12T01:41:52",""
"P2026-0139","doi:10.1016/j.swevo.2026.102341","MaOEA-EHML: Synergizing machine learning and evolutionary computation for many-objective recommendation","10.1016/j.swevo.2026.102341","2026","Swarm and Evolutionary Computation","pdfs/Chu2026_Maoea.pdf","MD/Chu2026_Maoea.md","extracted","not-reviewed","2026-06-11T20:03:30","2026-06-18T20:25:06","2026-06-18T20:30:21",""
"P2026-0140","doi:10.1016/j.swevo.2026.102342","An evolutionary multi-objective optimization framework for polyp tracking in endoscopy videos","10.1016/j.swevo.2026.102342","2026","Swarm and Evolutionary Computation","pdfs/Qiu2026_Evolutionary.pdf","MD/Qiu2026_Evolutionary.md","extracted","not-reviewed","2026-06-11T20:03:30","2026-06-19T16:31:00","2026-06-19T16:37:41",""
"P2026-0141","doi:10.1016/j.swevo.2026.102343","An adaptive coevolutionary resource assignment algorithm for constrained multi-objective optimization","10.1016/j.swevo.2026.102343","2026","Swarm and Evolutionary Computation","pdfs/Lai2026_Adaptive.pdf","MD/Lai2026_Adaptive.md","extracted","not-reviewed","2026-06-11T20:03:30","2026-06-19T14:49:03","2026-06-19T14:56:24",""
"P2026-0142","doi:10.1016/j.swevo.2026.102346","Enhancing Pareto Set Learning with evolutionary multi-objective optimization","10.1016/j.swevo.2026.102346","2026","Swarm and Evolutionary Computation","pdfs/Shang2026_Enhancing.pdf","MD/Shang2026_Enhancing.md","extracted","not-reviewed","2026-06-11T20:03:30","2026-06-19T16:47:53","2026-06-19T16:53:10",""
"P2026-0143","doi:10.1016/j.swevo.2026.102348","Risk-aware hierarchical multi-objective planning of RSU deployment and UAV scheduling for urban V2X networks","10.1016/j.swevo.2026.102348","2026","Swarm and Evolutionary Computation","pdfs/Guo2026_Risk.pdf","MD/Guo2026_Risk.md","extracted","not-reviewed","2026-06-11T20:03:30","2026-06-18T21:47:31","2026-06-18T21:51:29",""
"P2026-0144","doi:10.1016/j.swevo.2026.102349","A novel framework for generating tunable and scalable benchmark problems for multimodal multiobjective optimization","10.1016/j.swevo.2026.102349","2026","Swarm and Evolutionary Computation","pdfs/Ahrari2026_Novel.pdf","MD/Ahrari2026_Novel.md","extracted","not-reviewed","2026-06-11T20:03:30","2026-06-11T23:58:47","2026-06-12T00:09:17",""
"P2026-0145","doi:10.1016/j.swevo.2026.102354","Learning-based memetic algorithm for bi-objective distributed heterogeneous permutation flow shop scheduling problem with flexible machine speeds","10.1016/j.swevo.2026.102354","2026","Swarm and Evolutionary Computation","pdfs/Xia2026_Learning.pdf","MD/Xia2026_Learning.md","extracted","not-reviewed","2026-06-11T20:03:30","2026-06-19T20:26:16","2026-06-19T20:31:59",""
"P2026-0146","doi:10.1016/j.swevo.2026.102357","PSOT: Elite-Driven optimization via the Pareto principle for scalable engineering design solutions","10.1016/j.swevo.2026.102357","2026","Swarm and Evolutionary Computation","pdfs/Tamandani2026_Psot.pdf","MD/Tamandani2026_Psot.md","extracted","not-reviewed","2026-06-11T20:03:30","2026-06-19T17:39:35","2026-06-19T17:43:37",""
"P2026-0147","doi:10.1016/j.swevo.2026.102358","A knee-guided prediction model oriented to population composition structures for dynamic multi-objective evolutionary optimization","10.1016/j.swevo.2026.102358","2026","Swarm and Evolutionary Computation","pdfs/Huang2026_Knee.pdf","MD/Huang2026_Knee.md","extracted","not-reviewed","2026-06-11T20:03:30","2026-06-18T22:30:39","2026-06-18T22:33:41",""
"P2026-0148","doi:10.1016/j.swevo.2026.102361","Benchmarking continuous dynamic multi-objective optimization: Survey and generalized test suite","10.1016/j.swevo.2026.102361","2026","Swarm and Evolutionary Computation","pdfs/Shao2026_Benchmarking.pdf","MD/Shao2026_Benchmarking.md","extracted","not-reviewed","2026-06-11T20:03:30","2026-06-19T16:53:26","2026-06-19T16:59:23",""
"P2026-0149","doi:10.1016/j.swevo.2026.102365","Optimized Fuzzy Feedback Control for Autonomous Vehicle Trajectory Tracking via Adaptive Multi-Objective Differential Evolution","10.1016/j.swevo.2026.102365","2026","Swarm and Evolutionary Computation","pdfs/Wang2026_Optimized.pdf","MD/Wang2026_Optimized.md","extracted","not-reviewed","2026-06-11T20:03:30","2026-06-19T19:39:29","2026-06-19T19:44:37",""
"P2026-0150","doi:10.1016/j.swevo.2026.102368","Multi-objective evolutionary algorithms for solving a green multi-item fixed-charge 5D transportation problem under intuitionistic fuzzy uncertainty","10.1016/j.swevo.2026.102368","2026","Swarm and Evolutionary Computation","pdfs/Jain2026_Multi.pdf","MD/Jain2026_Multi.md","extracted","not-reviewed","2026-06-11T20:03:30","2026-06-19T14:41:53","2026-06-19T14:48:46",""
"P2026-0151","doi:10.1016/j.swevo.2026.102372","A constraint violation-based adaptive switching surrogate-assisted evolutionary algorithm for expensive constrained multiobjective optimization","10.1016/j.swevo.2026.102372","2026","Swarm and Evolutionary Computation","pdfs/Cheng2026_Constraint.pdf","MD/Cheng2026_Constraint.md","extracted","not-reviewed","2026-06-11T20:03:30","2026-06-18T20:11:04","2026-06-18T20:15:49",""
"P2026-0152","doi:10.1016/j.swevo.2026.102378","A decision variable type mining-based two-stage evolutionary algorithm for sparse large-scale bi-objective optimization","10.1016/j.swevo.2026.102378","2026","Swarm and Evolutionary Computation","pdfs/Guo2026_Decision.pdf","MD/Guo2026_Decision.md","extracted","not-reviewed","2026-06-11T20:03:30","2026-06-18T21:21:39","2026-06-18T21:25:23",""
"P2026-0153","doi:10.1016/j.swevo.2026.102379","Knowledge-driven large-scale multi-objective evolutionary learning for interval prediction of key quality indicators in blast furnace ironmaking process","10.1016/j.swevo.2026.102379","2026","Swarm and Evolutionary Computation","pdfs/Zhang2026_Knowledge.pdf","MD/Zhang2026_Knowledge.md","extracted","not-reviewed","2026-06-11T20:03:30","2026-06-19T21:45:49","2026-06-19T21:50:27",""
"P2026-0154","doi:10.1016/j.swevo.2026.102383","A neighborhood-based momentum approach to accelerate convergence in multi-objective optimization","10.1016/j.swevo.2026.102383","2026","Swarm and Evolutionary Computation","pdfs/Chen2026_Neighborhood.pdf","MD/Chen2026_Neighborhood.md","extracted","not-reviewed","2026-06-11T20:03:30","2026-06-18T19:57:13","2026-06-18T20:05:26",""
"P2026-0155","doi:10.1016/j.swevo.2026.102386","A collaborative evolution strategy for dynamic multi-objective optimization based on charged individual prediction","10.1016/j.swevo.2026.102386","2026","Swarm and Evolutionary Computation","pdfs/He2026_Collaborative.pdf","MD/He2026_Collaborative.md","extracted","not-reviewed","2026-06-11T20:03:30","2026-06-18T22:06:37","2026-06-18T22:11:49",""
"P2026-0156","doi:10.1016/j.swevo.2026.102389","Dynamic auxiliary reference vector-based many-objective evolutionary algorithm with adaptive multi-population collaboration","10.1016/j.swevo.2026.102389","2026","Swarm and Evolutionary Computation","pdfs/Wang2026_Dynamic.pdf","MD/Wang2026_Dynamic.md","extracted","not-reviewed","2026-06-11T20:03:30","2026-06-19T19:15:14","2026-06-19T19:22:24",""
"P2026-0157","doi:10.1016/j.swevo.2026.102406","Hybrid evolutionary framework with multiple fragmentation strategies and reinforcement learning for multi-objective molecule generation","10.1016/j.swevo.2026.102406","2026","Swarm and Evolutionary Computation","pdfs/Song2026_Hybrid.pdf","MD/Song2026_Hybrid.md","extracted","not-reviewed","2026-06-11T20:03:30","2026-06-19T17:07:43","2026-06-19T17:32:52",""
"P2026-0158","doi:10.1016/j.swevo.2026.102409","A Clustering-Based Dynamic Adaptive Search Strategy based on Competitive Swarm Optimizer for Constrained Multi-Objective Optimization","10.1016/j.swevo.2026.102409","2026","Swarm and Evolutionary Computation","pdfs/Yang2026_Clustering.pdf","MD/Yang2026_Clustering.md","extracted","not-reviewed","2026-06-11T20:03:30","2026-06-19T20:51:49","2026-06-19T20:56:05",""
"P2026-0159","doi:10.1016/j.swevo.2026.102412","An adaptive two-stage multi-population coevolutionary framework for constrained multi-objective optimization","10.1016/j.swevo.2026.102412","2026","Swarm and Evolutionary Computation","pdfs/Liu2026_Adaptive.pdf","MD/Liu2026_Adaptive.md","extracted","not-reviewed","2026-06-11T20:03:30","2026-06-19T15:35:44","2026-06-19T15:40:06",""
"P2026-0160","doi:10.1016/j.swevo.2026.102414","Clustering and entropy-guided unsupervised learning for multi-objective evolutionary optimization of reentrant hybrid flow shop scheduling","10.1016/j.swevo.2026.102414","2026","Swarm and Evolutionary Computation","pdfs/Li2026_Clustering.pdf","MD/Li2026_Clustering.md","extracted","not-reviewed","2026-06-11T20:03:30","2026-06-19T15:08:57","2026-06-19T15:19:28",""
"P2026-0161","doi:10.1016/j.swevo.2026.102416","Feedback-driven adaptive variable grouping for decomposition-based large-scale multiobjective optimization","10.1016/j.swevo.2026.102416","2026","Swarm and Evolutionary Computation","pdfs/Liu2026_Feedback.pdf","MD/Liu2026_Feedback.md","extracted","not-reviewed","2026-06-11T20:03:30","2026-06-19T15:40:29","2026-06-19T15:44:35",""
"P2026-0162","doi:10.1016/j.swevo.2026.102417","Implementing automated task scheduling framework for fog network using adaptive actor critic deep reinforcement learning with sparse attention through multi-objective constraints","10.1016/j.swevo.2026.102417","2026","Swarm and Evolutionary Computation","pdfs/Shashank2026_Implementing.pdf","MD/Shashank2026_Implementing.md","extracted","not-reviewed","2026-06-11T20:03:30","2026-06-19T16:58:12","2026-06-19T17:05:49",""
"P2026-0163","doi:10.1016/j.swevo.2026.102423","Enhancing the scalability of large-scale multi-objective evolutionary algorithm through frequency domain search","10.1016/j.swevo.2026.102423","2026","Swarm and Evolutionary Computation","pdfs/Wang2026_Enhancing.pdf","MD/Wang2026_Enhancing.md","extracted","not-reviewed","2026-06-11T20:03:30","2026-06-19T19:16:39","2026-06-19T19:33:10",""
"P2026-0164","doi:10.1016/j.swevo.2026.102426","A constrained multi-objective co-evolutionary algorithm with a dynamic diversity-enhanced auxiliary population","10.1016/j.swevo.2026.102426","2026","Swarm and Evolutionary Computation","pdfs/Zeng2026_Constrained.pdf","MD/Zeng2026_Constrained.md","extracted","not-reviewed","2026-06-11T20:03:30","2026-06-19T21:35:28","2026-06-19T21:40:54",""
"P2026-0165","doi:10.1016/j.swevo.2026.102428","Fairness-constrained influence maximisation via multi-objective optimisation","10.1016/j.swevo.2026.102428","2026","Swarm and Evolutionary Computation","pdfs/Zhao2026_Fairness.pdf","MD/Zhao2026_Fairness.md","extracted","not-reviewed","2026-06-11T20:03:30","2026-06-19T22:11:58","2026-06-19T22:19:43",""
"P2026-0166","doi:10.1109/tai.2025.3597883","Stop Rumors Fast: A Multiobjective Blocking Approach With Deep Reinforcement Learning in Social Networks","10.1109/tai.2025.3597883","2026","IEEE Transactions on Artificial Intelligence","pdfs/IEEE_11129192.pdf","MD/IEEE_11129192.md","extracted","not-reviewed","2026-06-11T20:03:30","2026-06-19T07:57:51","2026-06-19T08:02:49",""
"P2026-0167","doi:10.1109/tai.2025.3614210","Towards Generalizable Meta-Deep Reinforcement Learning Algorithm for Multiobjective Traveling Salesman Problems","10.1109/tai.2025.3614210","2026","IEEE Transactions on Artificial Intelligence","pdfs/IEEE_11181152.pdf","MD/IEEE_11181152.md","extracted","not-reviewed","2026-06-11T20:03:30","2026-06-19T08:16:54","2026-06-19T08:20:34",""
"P2026-0168","doi:10.1109/tai.2026.3655629","Adaptive Reinforcement Learning-Driven Digital Twin for Multi-Objective and Multi-Machine Process Optimization","10.1109/tai.2026.3655629","2026","IEEE Transactions on Artificial Intelligence","pdfs/IEEE_11373826.pdf","MD/IEEE_11373826.md","extracted","not-reviewed","2026-06-11T20:03:30","2026-06-19T10:05:26","2026-06-19T10:09:07",""
"P2026-0169","doi:10.1109/tai.2026.3673680","Class-Imbalanced Learning via Multi-Task Multi-Objective Feature Selection","10.1109/tai.2026.3673680","2026","IEEE Transactions on Artificial Intelligence","pdfs/IEEE_11433585.pdf","MD/IEEE_11433585.md","extracted","not-reviewed","2026-06-11T20:03:30","2026-06-19T10:38:29","2026-06-19T10:43:27",""
"P2026-0170","doi:10.1109/tai.2026.3689513","Ensemble of Transfer Techniques via Adaptive Resource Allocation for Multiobjective Multitask Optimization","10.1109/tai.2026.3689513","2026","IEEE Transactions on Artificial Intelligence","pdfs/IEEE_11501929.pdf","MD/IEEE_11501929.md","extracted","not-reviewed","2026-06-11T20:03:30","2026-06-19T14:03:58","2026-06-19T14:11:24",""
"P2026-0171","doi:10.1109/tcds.2025.3577118","Towards Diverse and Natural Stochastic Human Motion Prediction With a Novel Multiobjective Optimization Framework","10.1109/tcds.2025.3577118","2026","IEEE Transactions on Cognitive and Developmental Systems","pdfs/IEEE_11026881.pdf","MD/IEEE_11026881.md","extracted","not-reviewed","2026-06-11T20:03:30","2026-06-19T03:29:57","2026-06-19T03:44:46",""
"P2026-0172","doi:10.1109/tcyb.2025.3611013","Local Regularity Model for Multimodal Multiobjective Optimization","10.1109/tcyb.2025.3611013","2026","IEEE Transactions on Cybernetics","pdfs/IEEE_11181054.pdf","MD/IEEE_11181054.md","extracted","not-reviewed","2026-06-11T20:03:30","2026-06-19T08:12:47","2026-06-19T08:17:30",""
"P2026-0173","doi:10.1109/tcyb.2025.3612091","A Constrained Learning-Based Competitive Swarm Optimizer for Large-Scale Multiobjective Optimization","10.1109/tcyb.2025.3612091","2026","IEEE Transactions on Cybernetics","pdfs/IEEE_11199990.pdf","MD/IEEE_11199990.md","extracted","not-reviewed","2026-06-11T20:03:30","2026-06-19T08:21:26","2026-06-19T08:25:04",""
"P2026-0174","doi:10.1109/tcyb.2025.3620868","Observer-Based Multiobjective Control of Switched Networked Control Systems With Multipath Packet Dropouts","10.1109/tcyb.2025.3620868","2026","IEEE Transactions on Cybernetics","pdfs/IEEE_11219405.pdf","MD/IEEE_11219405.md","extracted","not-reviewed","2026-06-11T20:03:30","2026-06-19T08:25:30","2026-06-19T08:31:45",""
"P2026-0175","doi:10.1109/tcyb.2025.3626443","A Kriging-Assisted Evolutionary Algorithm With Dual Perspectives and Dual Indicators for Expensive Robust Multiobjective Optimization","10.1109/tcyb.2025.3626443","2026","IEEE Transactions on Cybernetics","pdfs/IEEE_11283053.pdf","MD/IEEE_11283053.md","extracted","not-reviewed","2026-06-11T20:03:30","2026-06-19T09:00:36","2026-06-19T09:06:19",""
"P2026-0176","doi:10.1109/tcyb.2025.3630825","Imitation Learning for Multiobjective Optimization—AlphaMOEA","10.1109/tcyb.2025.3630825","2026","IEEE Transactions on Cybernetics","pdfs/IEEE_11251274.pdf","MD/IEEE_11251274.md","extracted","not-reviewed","2026-06-11T20:03:30","2026-06-19T08:49:25","2026-06-19T08:53:02",""
"P2026-0177","doi:10.1109/tcyb.2025.3631147","Multiobjective Task Allocation for Electric Harvesting Robots: A Hierarchical Route Reconstruction Approach","10.1109/tcyb.2025.3631147","2026","IEEE Transactions on Cybernetics","pdfs/IEEE_11269190.pdf","MD/IEEE_11269190.md","extracted","not-reviewed","2026-06-11T20:03:30","2026-06-19T08:52:45","2026-06-19T08:56:57",""
"P2026-0178","doi:10.1109/tcyb.2025.3634364","Multilayer Perceptron Grouping and Sparse Gaussian Process-Based Surrogate-Assisted Evolutionary Algorithm for Expensive Multiobjective Optimization","10.1109/tcyb.2025.3634364","2026","IEEE Transactions on Cybernetics","pdfs/IEEE_11270219.pdf","MD/IEEE_11270219.md","extracted","not-reviewed","2026-06-11T20:03:30","2026-06-19T08:53:15","2026-06-19T09:00:22",""
"P2026-0179","doi:10.1109/tcyb.2025.3649862","A Time-Division-Based Constrained Multiobjective Optimization Method for Coal Mine Integrated Energy System Dispatch Problem","10.1109/tcyb.2025.3649862","2026","IEEE Transactions on Cybernetics","pdfs/IEEE_11330182.pdf","MD/IEEE_11330182.md","extracted","not-reviewed","2026-06-11T20:03:30","2026-06-19T09:16:02","2026-06-19T09:22:39",""
"P2026-0180","doi:10.1109/tcyb.2026.3651321","Evolutionary Multiobjective Neural Architecture Search for Binary Neural Networks by Two-Stage Optimization","10.1109/tcyb.2026.3651321","2026","IEEE Transactions on Cybernetics","pdfs/IEEE_11349350.pdf","MD/IEEE_11349350.md","extracted","not-reviewed","2026-06-11T20:03:30","2026-06-19T09:22:59","2026-06-19T09:28:54",""
"P2026-0181","doi:10.1109/tcyb.2026.3652642","ADR-DMOEA: A Dynamic Multiobjective Optimization Evolutionary Algorithm Based on Adaptive Dynamic Response Strategy","10.1109/tcyb.2026.3652642","2026","IEEE Transactions on Cybernetics","pdfs/IEEE_11365955.pdf","MD/IEEE_11365955.md","extracted","not-reviewed","2026-06-11T20:03:30","2026-06-19T09:30:17","2026-06-19T10:21:07",""
"P2026-0182","doi:10.1109/tcyb.2026.3655818","Robust Multiobjective Evolutionary Algorithm Based on Surrogate-Assisted Robust Distance Metric","10.1109/tcyb.2026.3655818","2026","IEEE Transactions on Cybernetics","pdfs/IEEE_11372914.pdf","MD/IEEE_11372914.md","extracted","not-reviewed","2026-06-11T20:03:30","2026-06-19T10:00:04","2026-06-19T10:05:10",""
"P2026-0183","doi:10.1109/tcyb.2026.3656350","Distribution-Prediction-Based Robust Multiobjective Optimization for Wastewater Treatment Process With Time-Linkage Uncertainty","10.1109/tcyb.2026.3656350","2026","IEEE Transactions on Cybernetics","pdfs/IEEE_11400525.pdf","MD/IEEE_11400525.md","extracted","not-reviewed","2026-06-11T20:03:30","2026-06-19T10:18:40","2026-06-19T10:22:18",""
"P2026-0184","doi:10.1109/tcyb.2026.3662764","A Knowledge-Enhanced Evolutionary Multitasking Memetic Algorithm for Multimodal Multiobjective Flexible Job Shop Scheduling Considering Speed","10.1109/tcyb.2026.3662764","2026","IEEE Transactions on Cybernetics","pdfs/IEEE_11398824.pdf","MD/IEEE_11398824.md","extracted","not-reviewed","2026-06-11T20:03:30","2026-06-19T10:13:10","2026-06-19T10:18:24",""
"P2026-0185","doi:10.1109/tcyb.2026.3663430","A Coevolutionary Algorithm Based on Dominance and Decomposition for Constrained Multiobjective Optimization","10.1109/tcyb.2026.3663430","2026","IEEE Transactions on Cybernetics","pdfs/IEEE_11408904.pdf","MD/IEEE_11408904.md","extracted","not-reviewed","2026-06-11T20:03:30","2026-06-19T10:21:23","2026-06-19T10:27:02",""
"P2026-0186","doi:10.1109/tetci.2025.3526505","Data Stream Driven Dynamic Multiobjective Optimization Using Surrogate Transfer","10.1109/tetci.2025.3526505","2026","IEEE Transactions on Emerging Topics in Computational Intelligence","pdfs/IEEE_10847307.pdf","MD/IEEE_10847307.md","extracted","not-reviewed","2026-06-11T20:03:30","2026-06-18T22:45:35","2026-06-18T22:48:56",""
"P2026-0187","doi:10.1109/tetci.2025.3572041","LightMix: Multi-Objective Search for Lightweight Mixed-Scale Convolutional Neural Networks","10.1109/tetci.2025.3572041","2026","IEEE Transactions on Emerging Topics in Computational Intelligence","pdfs/IEEE_11023228.pdf","MD/IEEE_11023228.md","extracted","not-reviewed","2026-06-11T20:03:30","2026-06-19T03:24:57","2026-06-19T03:44:35",""
"P2026-0188","doi:10.1109/tetci.2025.3577511","Expensive Many-Objective Evolutionary Optimization With a Self-Adaptive Surrogate Model","10.1109/tetci.2025.3577511","2026","IEEE Transactions on Emerging Topics in Computational Intelligence","pdfs/IEEE_11072290.pdf","MD/IEEE_11072290.md","extracted","not-reviewed","2026-06-11T20:03:30","2026-06-19T07:44:59","2026-06-19T07:48:51",""
"P2026-0189","doi:10.1109/tetci.2025.3595713","An Adaptive Constraint Relaxation Strategy Based Coevolutionary Algorithm for Constrained Multi-Objective Optimization","10.1109/tetci.2025.3595713","2026","IEEE Transactions on Emerging Topics in Computational Intelligence","pdfs/IEEE_11127094.pdf","MD/IEEE_11127094.md","extracted","not-reviewed","2026-06-11T20:03:30","2026-06-19T07:51:36","2026-06-19T07:59:17",""
"P2026-0190","doi:10.1109/tetci.2025.3597299","Dynamic Multivariation Multifactorial Evolutionary Algorithm for Large-Scale Multiobjective Optimization","10.1109/tetci.2025.3597299","2026","IEEE Transactions on Emerging Topics in Computational Intelligence","pdfs/IEEE_11155139.pdf","MD/IEEE_11155139.md","extracted","not-reviewed","2026-06-11T20:03:30","2026-06-19T08:05:41","2026-06-19T08:09:18",""
"P2026-0191","doi:10.1109/tetci.2025.3603106","A Novel Multi-Objective Memetic Algorithm for Multi-Task Fuzzy Flexible Job Shop Scheduling","10.1109/tetci.2025.3603106","2026","IEEE Transactions on Emerging Topics in Computational Intelligence","pdfs/IEEE_11155159.pdf","MD/IEEE_11155159.md","extracted","not-reviewed","2026-06-11T20:03:30","2026-06-19T08:09:33","2026-06-19T08:12:04",""
"P2026-0192","doi:10.1109/tetci.2025.3603116","Multiobjective Hierarchical Reinforcement Learning for Plant-Wide Optimization of Bayer Process","10.1109/tetci.2025.3603116","2026","IEEE Transactions on Emerging Topics in Computational Intelligence","pdfs/IEEE_11153579.pdf","MD/IEEE_11153579.md","extracted","not-reviewed","2026-06-11T20:03:30","2026-06-19T08:03:12","2026-06-19T08:12:15",""
"P2026-0193","doi:10.1109/tetci.2025.3611285","An Improved Reference Point-Based Evolutionary Algorithm for Dynamic Multi-Objective Optimization With Preferences","10.1109/tetci.2025.3611285","2026","IEEE Transactions on Emerging Topics in Computational Intelligence","pdfs/IEEE_11184636.pdf","MD/IEEE_11184636.md","extracted","not-reviewed","2026-06-11T20:03:30","2026-06-19T08:20:52","2026-06-19T08:24:48",""
"P2026-0194","doi:10.1109/tetci.2025.3622664","Bi-Objective Optimization for Time-Dependent Preference-Driven Route Planning","10.1109/tetci.2025.3622664","2026","IEEE Transactions on Emerging Topics in Computational Intelligence","pdfs/IEEE_11224656.pdf","MD/IEEE_11224656.md","extracted","not-reviewed","2026-06-11T20:03:30","2026-06-19T08:41:43","2026-06-19T08:48:00",""
"P2026-0195","doi:10.1109/tetci.2025.3623235","Multi-Instance Multi-Label Learning via Label Specific Features and Label Enhancement with Collaborative Multi Objective Particle Swarm Optimization","10.1109/tetci.2025.3623235","2026","IEEE Transactions on Emerging Topics in Computational Intelligence","pdfs/IEEE_11223758.pdf","MD/IEEE_11223758.md","extracted","not-reviewed","2026-06-11T20:03:30","2026-06-19T08:32:52","2026-06-19T08:37:56",""
"P2026-0196","doi:10.1109/tetci.2025.3623283","Bilevel Multi-Objective Pricing Scheming in Partial-Offloading Wireless-Powered Cooperative MEC","10.1109/tetci.2025.3623283","2026","IEEE Transactions on Emerging Topics in Computational Intelligence","pdfs/IEEE_11223757.pdf","MD/IEEE_11223757.md","extracted","not-reviewed","2026-06-11T20:03:30","2026-06-19T08:32:29","2026-06-19T08:38:10",""
"P2026-0197","doi:10.1109/tetci.2025.3623315","Niching Genetic Programming With Elite Archive for Multi-Objective Dynamic Scheduling","10.1109/tetci.2025.3623315","2026","IEEE Transactions on Emerging Topics in Computational Intelligence","pdfs/IEEE_11224460.pdf","MD/IEEE_11224460.md","extracted","not-reviewed","2026-06-11T20:03:30","2026-06-19T08:38:26","2026-06-19T08:42:06",""
"P2026-0198","doi:10.1109/tetci.2025.3641668","Large-Scale Constrained Multiobjective Optimization Based on Variable Adaptive Optimization and Population Reconstruction","10.1109/tetci.2025.3641668","2026","IEEE Transactions on Emerging Topics in Computational Intelligence","pdfs/IEEE_11303116.pdf","MD/IEEE_11303116.md","extracted","not-reviewed","2026-06-11T20:03:30","2026-06-19T09:05:44","2026-06-19T09:11:27",""
"P2026-0199","doi:10.1109/tetci.2026.3670634","Spatio-Temporal Series Prediction Based on Multi-Objective Evolutionary Deep Convolutional Echo State Networks","10.1109/tetci.2026.3670634","2026","IEEE Transactions on Emerging Topics in Computational Intelligence","pdfs/IEEE_11456091.pdf","MD/IEEE_11456091.md","extracted","not-reviewed","2026-06-11T20:03:30","2026-06-19T11:18:26","2026-06-19T11:23:35",""
"P2026-0200","doi:10.1109/tetci.2026.3670669","A Two-Stage Learning Guided Multi-Objective Evolutionary Algorithm for Task Offloading in Edge Computing","10.1109/tetci.2026.3670669","2026","IEEE Transactions on Emerging Topics in Computational Intelligence","pdfs/IEEE_11434538.pdf","MD/IEEE_11434538.md","extracted","not-reviewed","2026-06-11T20:03:30","2026-06-19T10:38:41","2026-06-19T10:42:07",""
"P2026-0201","doi:10.1109/tetci.2026.3670673","Deep Reinforcement Learning-Assisted Automated Operator Portfolio for Constrained Multi-Objective Optimization","10.1109/tetci.2026.3670673","2026","IEEE Transactions on Emerging Topics in Computational Intelligence","pdfs/IEEE_11434566.pdf","MD/IEEE_11434566.md","extracted","not-reviewed","2026-06-11T20:03:30","2026-06-19T10:43:38","2026-06-19T10:51:11",""
"P2026-0202","doi:10.1109/tetci.2026.3670690","A Review of Surrogate-Assisted Evolutionary Multi-Objective Optimization","10.1109/tetci.2026.3670690","2026","IEEE Transactions on Emerging Topics in Computational Intelligence","pdfs/IEEE_11434561.pdf","MD/IEEE_11434561.md","extracted","not-reviewed","2026-06-11T20:03:30","2026-06-19T10:42:28","2026-06-19T10:48:48",""
"P2026-0203","doi:10.1109/tetci.2026.3670899","Large-Scale Sparse Multi-Objective Optimization via Customized Individual Learning","10.1109/tetci.2026.3670899","2026","IEEE Transactions on Emerging Topics in Computational Intelligence","pdfs/IEEE_11435483.pdf","MD/IEEE_11435483.md","extracted","not-reviewed","2026-06-11T20:03:30","2026-06-19T10:49:08","2026-06-19T11:24:16",""
"P2026-0204","doi:10.1109/tetci.2026.3670953","A Review of Evolutionary Algorithms for Multimodal Multi-Objective Optimization: Mechanisms, Progress, and Prospects","10.1109/tetci.2026.3670953","2026","IEEE Transactions on Emerging Topics in Computational Intelligence","pdfs/IEEE_11447304.pdf","MD/IEEE_11447304.md","extracted","not-reviewed","2026-06-11T20:03:30","2026-06-19T11:03:19","2026-06-19T11:09:31",""
"P2026-0205","doi:10.1109/tetci.2026.3671021","EMT-DAKT: Evolutionary Multi-Objective Multi-Task Optimization Algorithm Using Deep Models With Adaptive Knowledge Transfer","10.1109/tetci.2026.3671021","2026","IEEE Transactions on Emerging Topics in Computational Intelligence","pdfs/IEEE_11435653.pdf","MD/IEEE_11435653.md","extracted","not-reviewed","2026-06-11T20:03:30","2026-06-19T10:58:44","2026-06-19T11:03:00",""
"P2026-0206","doi:10.1109/tetci.2026.3675496","A Schema-Guided Constrained Multi-Objective Optimization Evolutionary Algorithm for Multiple Uncrewed Aerial Vehicle Path Planning","10.1109/tetci.2026.3675496","2026","IEEE Transactions on Emerging Topics in Computational Intelligence","pdfs/IEEE_11475387.pdf","MD/IEEE_11475387.md","extracted","not-reviewed","2026-06-11T20:03:30","2026-06-19T11:43:11","2026-06-19T13:00:25",""
"P2026-0207","doi:10.1109/tetci.2026.3683702","Unleashing the Potential of Large Language Models for Dynamic Multiobjective Optimization","10.1109/tetci.2026.3683702","2026","IEEE Transactions on Emerging Topics in Computational Intelligence","pdfs/IEEE_11495222.pdf","MD/IEEE_11495222.md","extracted","not-reviewed","2026-06-11T20:03:30","2026-06-19T11:59:43","2026-06-19T12:03:32",""
"P2026-0208","doi:10.1109/tetci.2026.3683740","Game-Based Deductive Optimization for Spacecraft Avoidance of Detective Threat via HS-NSGA-II","10.1109/tetci.2026.3683740","2026","IEEE Transactions on Emerging Topics in Computational Intelligence","pdfs/IEEE_11500505.pdf","MD/IEEE_11500505.md","extracted","not-reviewed","2026-06-11T20:03:30","2026-06-19T13:00:47","2026-06-19T13:52:11",""
"P2026-0209","doi:10.1109/tetci.2026.3684022","Integrated Energy-Efficient Scheduling of Distributed Flow Shop and Distribution Using a Q-Learning-Based Multi-Objective Cooperation Evolutionary Algorithm","10.1109/tetci.2026.3684022","2026","IEEE Transactions on Emerging Topics in Computational Intelligence","pdfs/IEEE_11494374.pdf","MD/IEEE_11494374.md","extracted","not-reviewed","2026-06-11T20:03:30","2026-06-19T11:48:40","2026-06-19T11:55:29",""
"P2026-0210","doi:10.1109/tetci.2026.3684051","Adaptive Convergence Indicator and Neighborhood Fuzzy Crowding Distance for Multimodal Multi-Objective Optimization","10.1109/tetci.2026.3684051","2026","IEEE Transactions on Emerging Topics in Computational Intelligence","pdfs/IEEE_11494762.pdf","MD/IEEE_11494762.md","extracted","not-reviewed","2026-06-11T20:03:30","2026-06-19T11:55:53","2026-06-19T11:59:31",""
"P2026-0211","doi:10.1109/tetci.2026.3684052","Knowledge Guidance and Twin SVM Classifier Based Dynamic Multiobjective Optimization Control for Wastewater Treatment Process","10.1109/tetci.2026.3684052","2026","IEEE Transactions on Emerging Topics in Computational Intelligence","pdfs/IEEE_11501536.pdf","MD/IEEE_11501536.md","extracted","not-reviewed","2026-06-11T20:03:30","2026-06-19T13:52:36","2026-06-19T14:03:07",""
"P2026-0212","doi:10.1109/tetci.2026.3684514","Crystal Materials Design via Physics-Guided Evolutionary Multi-Objective Optimization With Knowledge Transfer","10.1109/tetci.2026.3684514","2026","IEEE Transactions on Emerging Topics in Computational Intelligence","pdfs/IEEE_11511871.pdf","MD/IEEE_11511871.md","extracted","not-reviewed","2026-06-11T20:03:30","2026-06-19T14:04:56","2026-06-19T14:09:34",""
"P2026-0213","doi:10.1109/tevc.2024.3359120","A Decomposition-Based Evolutionary Algorithm With Clustering and Hierarchical Estimation for Multiobjective Fuzzy Flexible Jobshop Scheduling","10.1109/tevc.2024.3359120","2026","IEEE Transactions on Evolutionary Computation","pdfs/IEEE_10415075.pdf","MD/IEEE_10415075.md","extracted","not-reviewed","2026-06-11T20:03:30","2026-06-18T22:33:54","2026-06-18T22:37:20",""
"P2026-0214","doi:10.1109/tevc.2024.3373802","Learning to Preselection: A Filter-Based Performance Predictor for Multiobjective Feature Selection in Classification","10.1109/tevc.2024.3373802","2026","IEEE Transactions on Evolutionary Computation","pdfs/IEEE_10461078.pdf","MD/IEEE_10461078.md","extracted","not-reviewed","2026-06-11T20:03:30","2026-06-18T22:34:05","2026-06-18T22:36:52",""
"P2026-0215","doi:10.1109/tevc.2024.3410517","Efficient Meta-Heuristic Approach for the Multiobjective Green p-Hub Centre Routing Problem","10.1109/tevc.2024.3410517","2026","IEEE Transactions on Evolutionary Computation","pdfs/IEEE_10551415.pdf","MD/IEEE_10551415.md","extracted","not-reviewed","2026-06-11T20:03:30","2026-06-18T22:37:06","2026-06-18T22:40:41",""
"P2026-0216","doi:10.1109/tevc.2024.3496507","A Survey of Multiobjective Evolutionary Algorithm Based on Decomposition: Past and Future","10.1109/tevc.2024.3496507","2026","IEEE Transactions on Evolutionary Computation","pdfs/IEEE_10750458.pdf","MD/IEEE_10750458.md","extracted","not-reviewed","2026-06-11T20:03:30","2026-06-18T22:37:32","2026-06-18T22:39:51",""
"P2026-0217","doi:10.1109/tevc.2025.3528471","Evolutionary Multiobjective Spiking Neural Architecture Search for Image Classification","10.1109/tevc.2025.3528471","2026","IEEE Transactions on Evolutionary Computation","pdfs/IEEE_10838601.pdf","MD/IEEE_10838601.md","extracted","not-reviewed","2026-06-11T20:03:30","2026-06-18T22:40:04","2026-06-18T22:45:25",""
"P2026-0218","doi:10.1109/tevc.2025.3530416","Automatic Fuzzy Architecture Design for Defect Detection via Classifier-Assisted Multiobjective Optimization Approach","10.1109/tevc.2025.3530416","2026","IEEE Transactions on Evolutionary Computation","pdfs/IEEE_10843734.pdf","MD/IEEE_10843734.md","extracted","not-reviewed","2026-06-11T20:03:30","2026-06-18T22:40:53","2026-06-18T22:45:57",""
"P2026-0219","doi:10.1109/tevc.2025.3541046","Data-Driven Evolutionary Algorithm Based on Inductive Graph Neural Networks for Multimodal Multiobjective Optimization","10.1109/tevc.2025.3541046","2026","IEEE Transactions on Evolutionary Computation","pdfs/IEEE_10879459.pdf","MD/IEEE_10879459.md","extracted","not-reviewed","2026-06-11T20:03:30","2026-06-18T22:46:12","2026-06-18T22:49:30",""
"P2026-0220","doi:10.1109/tevc.2025.3541971","Many-Problem Surrogates for Transfer Evolutionary Multiobjective Optimization With Sparse Transfer Stacking","10.1109/tevc.2025.3541971","2026","IEEE Transactions on Evolutionary Computation","pdfs/IEEE_10884905.pdf","MD/IEEE_10884905.md","extracted","not-reviewed","2026-06-11T20:03:30","2026-06-18T22:49:19","2026-06-18T22:54:41",""
"P2026-0221","doi:10.1109/tevc.2025.3544287","An Indicator-Based Evolutionary Algorithm for Large-Scale Constrained Multiobjective Optimization","10.1109/tevc.2025.3544287","2026","IEEE Transactions on Evolutionary Computation","pdfs/IEEE_10897802.pdf","MD/IEEE_10897802.md","extracted","not-reviewed","2026-06-11T20:03:30","2026-06-18T22:49:50","2026-06-18T22:53:22",""
"P2026-0222","doi:10.1109/tevc.2025.3544412","Performance Assessment of Population-Based Multiobjective Optimization Algorithms Using Composite Indicators","10.1109/tevc.2025.3544412","2026","IEEE Transactions on Evolutionary Computation","pdfs/IEEE_10897817.pdf","MD/IEEE_10897817.md","extracted","not-reviewed","2026-06-11T20:03:30","2026-06-18T22:53:34","2026-06-18T22:56:54",""
"P2026-0223","doi:10.1109/tevc.2025.3544821","Bilevel Evolutionary Multiobjective Algorithm With Multiple Lower-Level Search Modes","10.1109/tevc.2025.3544821","2026","IEEE Transactions on Evolutionary Computation","pdfs/IEEE_10899879.pdf","MD/IEEE_10899879.md","extracted","not-reviewed","2026-06-11T20:03:30","2026-06-18T22:54:52","2026-06-18T22:58:28",""
"P2026-0224","doi:10.1109/tevc.2025.3555605","Bridging Evolutionary Multiobjective Optimization and GPU Acceleration via Tensorization","10.1109/tevc.2025.3555605","2026","IEEE Transactions on Evolutionary Computation","pdfs/IEEE_10944658.pdf","MD/IEEE_10944658.md","extracted","not-reviewed","2026-06-11T20:03:30","2026-06-18T22:58:40","2026-06-18T23:03:35",""
"P2026-0225","doi:10.1109/tevc.2025.3557412","Evolutionary Direction Learning With Multivariate Gaussian Probabilistic Model for Multiobjective Optimization","10.1109/tevc.2025.3557412","2026","IEEE Transactions on Evolutionary Computation","pdfs/IEEE_10948496.pdf","MD/IEEE_10948496.md","extracted","not-reviewed","2026-06-11T20:03:30","2026-06-18T23:02:33","2026-06-18T23:06:05",""
"P2026-0226","doi:10.1109/tevc.2025.3558362","Constrained Multiobjective Optimization Based on Dynamic Priority and Cooperative Offspring Generation","10.1109/tevc.2025.3558362","2026","IEEE Transactions on Evolutionary Computation","pdfs/IEEE_10950413.pdf","MD/IEEE_10950413.md","extracted","not-reviewed","2026-06-11T20:03:30","2026-06-18T23:03:46","2026-06-18T23:07:42",""
"P2026-0227","doi:10.1109/tevc.2025.3560922","Handling Objectives With Heterogeneous Evaluation Times in Surrogate-Assisted Evolutionary Multiobjective Optimization","10.1109/tevc.2025.3560922","2026","IEEE Transactions on Evolutionary Computation","pdfs/IEEE_10965777.pdf","MD/IEEE_10965777.md","extracted","not-reviewed","2026-06-11T20:03:30","2026-06-18T23:07:56","2026-06-18T23:11:22",""
"P2026-0228","doi:10.1109/tevc.2025.3561001","Autonomous Multiobjective Optimization Using Large Language Model","10.1109/tevc.2025.3561001","2026","IEEE Transactions on Evolutionary Computation","pdfs/IEEE_10965770.pdf","MD/IEEE_10965770.md","extracted","not-reviewed","2026-06-11T20:03:30","2026-06-18T23:06:17","2026-06-18T23:09:12",""
"P2026-0229","doi:10.1109/tevc.2025.3563383","Enhancing Landscape Approximation With Ensemble-Based Surrogate Model for Expensive Constrained Multiobjective Optimization","10.1109/tevc.2025.3563383","2026","IEEE Transactions on Evolutionary Computation","pdfs/IEEE_10973308.pdf","MD/IEEE_10973308.md","extracted","not-reviewed","2026-06-11T20:03:30","2026-06-18T23:09:33","2026-06-18T23:12:26",""
"P2026-0230","doi:10.1109/tevc.2025.3564335","Dynamic Grouping With a Self-Aware Computational Resource Allocation for Large-Scale Multi-Objective Optimization","10.1109/tevc.2025.3564335","2026","IEEE Transactions on Evolutionary Computation","pdfs/IEEE_10994449.pdf","MD/IEEE_10994449.md","extracted","not-reviewed","2026-06-11T20:03:30","2026-06-18T23:16:02","2026-06-18T23:20:12",""
"P2026-0231","doi:10.1109/tevc.2025.3565675","Multiobjective Competitive Co-Evolutionary Optimization and Regularity-Based Decision-Making for Two-Agent Wargame Strategy Optimization","10.1109/tevc.2025.3565675","2026","IEEE Transactions on Evolutionary Computation","pdfs/IEEE_10980368.pdf","MD/IEEE_10980368.md","extracted","not-reviewed","2026-06-11T20:03:30","2026-06-18T23:11:40","2026-06-18T23:15:51",""
"P2026-0232","doi:10.1109/tevc.2025.3568375","Pareto Set Learning Through Genetic Programming for Multiobjective Dynamic Scheduling","10.1109/tevc.2025.3568375","2026","IEEE Transactions on Evolutionary Computation","pdfs/IEEE_10994448.pdf","MD/IEEE_10994448.md","extracted","not-reviewed","2026-06-11T20:03:30","2026-06-18T23:12:39","2026-06-18T23:15:15",""
"P2026-0233","doi:10.1109/tevc.2025.3569387","Dynamic Constrained Multiobjective Evolutionary Algorithm With Multipopulation Prediction and Dynamic Fusion Ranking","10.1109/tevc.2025.3569387","2026","IEEE Transactions on Evolutionary Computation","pdfs/IEEE_11002585.pdf","MD/IEEE_11002585.md","extracted","not-reviewed","2026-06-11T20:03:30","2026-06-18T23:16:15","2026-06-18T23:20:59",""
"P2026-0234","doi:10.1109/tevc.2025.3569722","An Adaptive Constraint Violation Evaluation Framework for Constrained Multiobjective Evolutionary Optimization","10.1109/tevc.2025.3569722","2026","IEEE Transactions on Evolutionary Computation","pdfs/IEEE_11003157.pdf","MD/IEEE_11003157.md","extracted","not-reviewed","2026-06-11T20:03:30","2026-06-18T23:20:23","2026-06-18T23:24:35",""
"P2026-0235","doi:10.1109/tevc.2025.3570116","Dynamic Multiobjective Optimisation Based on Vector Autoregressive Evolution","10.1109/tevc.2025.3570116","2026","IEEE Transactions on Evolutionary Computation","pdfs/IEEE_11003983.pdf","MD/IEEE_11003983.md","extracted","not-reviewed","2026-06-11T20:03:30","2026-06-18T23:24:47","2026-06-18T23:29:42",""
"P2026-0236","doi:10.1109/tevc.2025.3570195","Comprehensive-Forecast Multiobjective Genetic Programming for Neural Architecture Search","10.1109/tevc.2025.3570195","2026","IEEE Transactions on Evolutionary Computation","pdfs/IEEE_11003973.pdf","MD/IEEE_11003973.md","extracted","not-reviewed","2026-06-11T20:03:30","2026-06-18T23:21:10","2026-06-18T23:24:28",""
"P2026-0237","doi:10.1109/tevc.2025.3572757","Two-Stage Clustering and Independent Competing-Based Evolutionary Algorithm for Multimodal Multiobjective Optimization","10.1109/tevc.2025.3572757","2026","IEEE Transactions on Evolutionary Computation","pdfs/IEEE_11010153.pdf","MD/IEEE_11010153.md","extracted","not-reviewed","2026-06-11T20:03:30","2026-06-18T23:24:56","2026-06-18T23:28:20",""
"P2026-0238","doi:10.1109/tevc.2025.3573784","Difficulties of the NSGA-II With the Many-Objective LeadingOnes Problem","10.1109/tevc.2025.3573784","2026","IEEE Transactions on Evolutionary Computation","pdfs/IEEE_11015924.pdf","MD/IEEE_11015924.md","extracted","not-reviewed","2026-06-11T20:03:30","2026-06-18T23:29:53","2026-06-18T23:33:23",""
"P2026-0239","doi:10.1109/tevc.2025.3574572","A Two-Stage Cooperative Discrete Differential Evolution With Q-Learning for Multiobjective Energy-Efficient Distributed Blocking Flow-Shop Scheduling","10.1109/tevc.2025.3574572","2026","IEEE Transactions on Evolutionary Computation","pdfs/IEEE_11026027.pdf","MD/IEEE_11026027.md","extracted","not-reviewed","2026-06-11T20:03:30","2026-06-19T03:29:27","2026-06-19T03:44:56",""
"P2026-0240","doi:10.1109/tevc.2025.3580454","Data-Driven and Decomposition-Based Multiobjective Multitask Optimization for Automotive Shape Design Problem","10.1109/tevc.2025.3580454","2026","IEEE Transactions on Evolutionary Computation","pdfs/IEEE_11039064.pdf","MD/IEEE_11039064.md","extracted","not-reviewed","2026-06-11T20:03:30","2026-06-19T07:28:54","2026-06-19T07:33:39",""
"P2026-0241","doi:10.1109/tevc.2025.3582941","A Multiobjective Genetic Algorithm-Based Unilateral Rule Extraction Model for Credit Risk Classification","10.1109/tevc.2025.3582941","2026","IEEE Transactions on Evolutionary Computation","pdfs/IEEE_11050963.pdf","MD/IEEE_11050963.md","extracted","not-reviewed","2026-06-11T20:03:30","2026-06-19T07:34:12","2026-06-19T07:38:17",""
"P2026-0242","doi:10.1109/tevc.2025.3583302","Component-Sharing Preference in Expensive Multiobjective Optimization","10.1109/tevc.2025.3583302","2026","IEEE Transactions on Evolutionary Computation","pdfs/IEEE_11052745.pdf","MD/IEEE_11052745.md","extracted","not-reviewed","2026-06-11T20:03:30","2026-06-19T07:37:59","2026-06-19T07:41:50",""
"P2026-0243","doi:10.1109/tevc.2025.3583709","Multiobjective Multitasking Optimization With Decomposition-Based Adaptive Knowledge Transfer","10.1109/tevc.2025.3583709","2026","IEEE Transactions on Evolutionary Computation","pdfs/IEEE_11054267.pdf","MD/IEEE_11054267.md","extracted","not-reviewed","2026-06-11T20:03:30","2026-06-19T07:38:32","2026-06-19T07:44:32",""
"P2026-0244","doi:10.1109/tevc.2025.3584207","Learning-Based Temporal Sequence of Constrained Handling Selection for Constrained Multi-Objective Evolutionary Optimization","10.1109/tevc.2025.3584207","2026","IEEE Transactions on Evolutionary Computation","pdfs/IEEE_11058982.pdf","MD/IEEE_11058982.md","extracted","not-reviewed","2026-06-11T20:03:30","2026-06-19T07:42:06","2026-06-19T07:45:27",""
"P2026-0245","doi:10.1109/tevc.2025.3594549","An Adaptive Dual-Domain Prediction Strategy Based on Second-Order Derivatives for Dynamic Multiobjective Optimization","10.1109/tevc.2025.3594549","2026","IEEE Transactions on Evolutionary Computation","pdfs/IEEE_11112725.pdf","MD/IEEE_11112725.md","extracted","not-reviewed","2026-06-11T20:03:30","2026-06-19T07:45:44","2026-06-19T07:51:15",""
"P2026-0246","doi:10.1109/tevc.2025.3598236","A Bi-Level Multiobjective System for Renewable Energy Self-Consumption: A Resident-Aware Approach to Leveraging Energy Flexibility","10.1109/tevc.2025.3598236","2026","IEEE Transactions on Evolutionary Computation","pdfs/IEEE_11124272.pdf","MD/IEEE_11124272.md","extracted","not-reviewed","2026-06-11T20:03:30","2026-06-19T07:49:41","2026-06-19T07:57:31",""
"P2026-0247","doi:10.1109/tevc.2025.3612284","MORA-LLM: Enhancing Multiobjective Optimization Recommendation Algorithm by Integrating Large Language Models","10.1109/tevc.2025.3612284","2026","IEEE Transactions on Evolutionary Computation","pdfs/IEEE_11173420.pdf","MD/IEEE_11173420.md","extracted","not-reviewed","2026-06-11T20:03:30","2026-06-19T08:12:33","2026-06-19T08:16:37",""
"P2026-0248","doi:10.1109/tevc.2025.3615199","Multiparty Multiobjective Optimization for Discrete Problems: A Case Study on Multistakeholder Recommendation","10.1109/tevc.2025.3615199","2026","IEEE Transactions on Evolutionary Computation","pdfs/IEEE_11183599.pdf","MD/IEEE_11183599.md","extracted","not-reviewed","2026-06-11T20:03:30","2026-06-19T08:17:50","2026-06-19T08:21:06",""
"P2026-0249","doi:10.1109/tevc.2025.3623896","Turning Sparse Large-Scale Multiobjective Optimization Into Evolutionary Multitasking","10.1109/tevc.2025.3623896","2026","IEEE Transactions on Evolutionary Computation","pdfs/IEEE_11208674.pdf","MD/IEEE_11208674.md","extracted","not-reviewed","2026-06-11T20:03:30","2026-06-19T08:25:14","2026-06-19T08:32:07",""
"P2026-0250","doi:10.1109/tevc.2025.3648712","Multi-Objective Kernel Ridge Regression-Assisted Subproblem Co-Optimization for Expensive Multi-Objective Binary Optimization","10.1109/tevc.2025.3648712","2026","IEEE Transactions on Evolutionary Computation","pdfs/IEEE_11316332.pdf","MD/IEEE_11316332.md","extracted","not-reviewed","2026-06-11T20:03:30","2026-06-19T09:11:43","2026-06-19T09:15:42",""
"P2026-0251","doi:10.1109/tevc.2026.3651395","Fully Tensorized GPU-Accelerated Multi-Population Evolutionary Algorithm for Constrained Multiobjective Optimization Problems","10.1109/tevc.2026.3651395","2026","IEEE Transactions on Evolutionary Computation","pdfs/IEEE_11329407.pdf","MD/IEEE_11329407.md","extracted","not-reviewed","2026-06-11T20:03:30","2026-06-19T09:15:14","2026-06-19T09:19:00",""
"P2026-0252","doi:10.1109/tevc.2026.3651698","A Level-Based Multi-Population Self-Adaptive Constrained Multiobjective Evolutionary Algorithm for Cascade Reservoir Scheduling","10.1109/tevc.2026.3651698","2026","IEEE Transactions on Evolutionary Computation","pdfs/IEEE_11334177.pdf","MD/IEEE_11334177.md","extracted","not-reviewed","2026-06-11T20:03:30","2026-06-19T09:19:12","2026-06-19T09:30:04",""
"P2026-0253","doi:10.1109/tevc.2026.3658547","Multimodal Multiobjective Neural Architecture Search for Lightweight and Failure-Resilient Time Series Forecasting","10.1109/tevc.2026.3658547","2026","IEEE Transactions on Evolutionary Computation","pdfs/IEEE_11367076.pdf","MD/IEEE_11367076.md","extracted","not-reviewed","2026-06-11T20:03:30","2026-06-19T09:37:55","2026-06-19T09:42:10",""
"P2026-0254","doi:10.1109/tevc.2026.3659072","An adaptive multi-objective task splitting algorithm for agricultural multi-robot task allocation","10.1109/tevc.2026.3659072","2026","IEEE Transactions on Evolutionary Computation","pdfs/IEEE_11369042.pdf","MD/IEEE_11369042.md","extracted","not-reviewed","2026-06-11T20:03:30","2026-06-19T09:42:29","2026-06-19T09:47:58",""
"P2026-0255","doi:10.1109/tevc.2026.3659883","Diffusion Learning-guided Evolution for Large-scale Dynamic Multi-Objective Optimization","10.1109/tevc.2026.3659883","2026","IEEE Transactions on Evolutionary Computation","pdfs/IEEE_11370217.pdf","MD/IEEE_11370217.md","extracted","not-reviewed","2026-06-11T20:03:30","2026-06-19T09:55:37","2026-06-19T09:59:45",""
"P2026-0256","doi:10.1109/tevc.2026.3669468","Information Bottleneck Theory-Guided Dimension Reduction for Large-Scale Multi-Objective Optimization","10.1109/tevc.2026.3669468","2026","IEEE Transactions on Evolutionary Computation","pdfs/IEEE_11418632.pdf","MD/IEEE_11418632.md","extracted","not-reviewed","2026-06-11T20:03:30","2026-06-19T10:22:39","2026-06-19T10:26:34",""
"P2026-0257","doi:10.1109/tevc.2026.3672142","Population Diversity Dynamics Analysis for Imbalanced Multi-objective Optimization","10.1109/tevc.2026.3672142","2026","IEEE Transactions on Evolutionary Computation","pdfs/IEEE_11426997.pdf","MD/IEEE_11426997.md","extracted","not-reviewed","2026-06-11T20:03:30","2026-06-19T10:26:52","2026-06-19T10:30:52",""
"P2026-0258","doi:10.1109/tevc.2026.3673109","A Fast Dominance Move Calculation Using Mixed-Integer Programming for Many-objective Optimization","10.1109/tevc.2026.3673109","2026","IEEE Transactions on Evolutionary Computation","pdfs/IEEE_11430600.pdf","MD/IEEE_11430600.md","extracted","not-reviewed","2026-06-11T20:03:30","2026-06-19T10:27:22","2026-06-19T10:38:17",""
"P2026-0259","doi:10.1109/tevc.2026.3673422","Experience Evolution-Guided Multi-Objective Reinforcement Learning","10.1109/tevc.2026.3673422","2026","IEEE Transactions on Evolutionary Computation","pdfs/IEEE_11432925.pdf","MD/IEEE_11432925.md","extracted","not-reviewed","2026-06-11T20:03:30","2026-06-19T10:31:12","2026-06-19T10:37:52",""
"P2026-0260","doi:10.1109/tevc.2026.3676021","Computational Studies on Dynamic Multi-objective Optimization with Feature Representation Transfer","10.1109/tevc.2026.3676021","2026","IEEE Transactions on Evolutionary Computation","pdfs/IEEE_11449572.pdf","MD/IEEE_11449572.md","extracted","not-reviewed","2026-06-11T20:03:30","2026-06-19T11:09:45","2026-06-19T11:13:53",""
"P2026-0261","doi:10.1109/tevc.2026.3678702","Strategy Selection in Dynamic Constrained Multi-Objective Optimization via State-Augmented Deep Reinforcement Learning","10.1109/tevc.2026.3678702","2026","IEEE Transactions on Evolutionary Computation","pdfs/IEEE_11457695.pdf","MD/IEEE_11457695.md","extracted","not-reviewed","2026-06-11T20:03:30","2026-06-19T11:24:44","2026-06-19T11:32:31",""
"P2026-0262","doi:10.1109/tevc.2026.3678952","Top-K-Aware Set Optimization for Component-Sharing Multiobjective Optimization","10.1109/tevc.2026.3678952","2026","IEEE Transactions on Evolutionary Computation","pdfs/IEEE_11457962.pdf","MD/IEEE_11457962.md","extracted","not-reviewed","2026-06-11T20:03:30","2026-06-19T11:28:05","2026-06-19T11:32:18",""
"P2026-0263","doi:10.1109/tevc.2026.3679368","ADNSGA-II: A Trend-Aware Evolutionary Algorithm for Dynamic Multi-Objective Optimization","10.1109/tevc.2026.3679368","2026","IEEE Transactions on Evolutionary Computation","pdfs/IEEE_11458652.pdf","MD/IEEE_11458652.md","extracted","not-reviewed","2026-06-11T20:03:30","2026-06-19T11:32:51","2026-06-19T11:37:50",""
"P2026-0264","doi:10.1109/tevc.2026.3679812","KMoPSO <sub>TE</sub> : Advancing Self-Driving Networks with a Knowledge-Driven Multi-Objective Particle Swarm Optimization Algorithm for Traffic Engineering","10.1109/tevc.2026.3679812","2026","IEEE Transactions on Evolutionary Computation","pdfs/IEEE_11460262.pdf","MD/IEEE_11460262.md","extracted","not-reviewed","2026-06-11T20:03:30","2026-06-19T11:36:05","2026-06-19T11:42:48",""
"P2026-0265","doi:10.1109/tevc.2026.3681168","A Large-Scale Constrained Multi-Objective Evolutionary Algorithm with Promising Region Detection and Diversity Enhancement","10.1109/tevc.2026.3681168","2026","IEEE Transactions on Evolutionary Computation","pdfs/IEEE_11475039.pdf","MD/IEEE_11475039.md","extracted","not-reviewed","2026-06-11T20:03:30","2026-06-19T11:38:20","2026-06-19T11:43:17",""
"P2026-0266","doi:10.1109/tevc.2026.3683727","Large-Scale Multi-Objective Sensor-Weapon-Target Assignment Optimization: Benchmark Suites and Knowledge-Driven Heuristics","10.1109/tevc.2026.3683727","2026","IEEE Transactions on Evolutionary Computation","pdfs/IEEE_11481123.pdf","MD/IEEE_11481123.md","extracted","not-reviewed","2026-06-11T20:03:30","2026-06-19T11:43:36","2026-06-19T11:48:12",""
"P2026-0267","doi:10.1109/tevc.2026.3694877","Knee Point-Guided Online Cooperative Path Planning for UAVs in Dynamic Multi-Objective Environments","10.1109/tevc.2026.3694877","2026","IEEE Transactions on Evolutionary Computation","pdfs/IEEE_11526995.pdf","MD/IEEE_11526995.md","extracted","not-reviewed","2026-06-11T20:03:30","2026-06-19T14:10:04","2026-06-19T14:14:04",""
"P2026-0268","doi:10.1109/tevc.2026.3696098","Two-Stage Optimization for Multi-Objective Dynamic Vehicle Routing Problem with Time Windows under Uncertainty","10.1109/tevc.2026.3696098","2026","IEEE Transactions on Evolutionary Computation","pdfs/IEEE_11534311.pdf","MD/IEEE_11534311.md","extracted","not-reviewed","2026-06-11T20:03:30","2026-06-19T14:12:19","2026-06-19T14:19:25",""
"P2026-0269","doi:10.1109/tevc.2026.3696355","Topology-Guided Knowledge Transfer for Multiobjective Multitask Optimization","10.1109/tevc.2026.3696355","2026","IEEE Transactions on Evolutionary Computation","pdfs/IEEE_11534874.pdf","MD/IEEE_11534874.md","extracted","not-reviewed","2026-06-11T20:03:30","2026-06-19T14:14:37","2026-06-19T14:18:25",""
"P2026-0270","doi:10.1109/tevc.2026.3696390","LLM-Guided Multiobjective Optimization for Physically-Plausible and Diverse 3D Human Motion Generation","10.1109/tevc.2026.3696390","2026","IEEE Transactions on Evolutionary Computation","pdfs/IEEE_11534885.pdf","MD/IEEE_11534885.md","extracted","not-reviewed","2026-06-11T20:03:30","2026-06-19T14:18:38","2026-06-19T14:23:44",""
"P2026-0271","doi:10.1109/tevc.2026.3697492","Dynamic Escaping Population Driven Evolutionary Algorithm for Multi-objective Optimization Problems with Deceptive Constraints","10.1109/tevc.2026.3697492","2026","IEEE Transactions on Evolutionary Computation","pdfs/IEEE_11535780.pdf","MD/IEEE_11535780.md","extracted","not-reviewed","2026-06-11T20:03:30","2026-06-19T14:19:47","2026-06-19T14:24:01",""
"P2026-0272","doi:10.1109/tevc.2026.3697871","Efficiently Combining Iterated Local Search and Decomposition: A Comprehensive Study on Multi-Objective Binary Landscapes","10.1109/tevc.2026.3697871","2026","IEEE Transactions on Evolutionary Computation","pdfs/IEEE_11538229.pdf","MD/IEEE_11538229.md","extracted","not-reviewed","2026-06-11T20:03:30","2026-06-19T14:24:15","2026-06-19T14:28:56",""
"P2026-0273","doi:10.1109/tevc.2026.3698046","Q-Learning-Based Improved Discrete PSO for Multi-Objective Flexible Job-Shop Scheduling with Worker Fatigue and Dual Resources","10.1109/tevc.2026.3698046","2026","IEEE Transactions on Evolutionary Computation","pdfs/IEEE_11540186.pdf","MD/IEEE_11540186.md","extracted","not-reviewed","2026-06-11T20:03:30","2026-06-19T14:29:09","2026-06-19T14:33:52",""
"P2026-0274","doi:10.1109/tevc.2026.3698641","Evolving Multimodal Models for Physical Dynamics: A Multi-objective Neuroevolution Approach","10.1109/tevc.2026.3698641","2026","IEEE Transactions on Evolutionary Computation","pdfs/IEEE_11541222.pdf","MD/IEEE_11541222.md","extracted","not-reviewed","2026-06-11T20:03:30","2026-06-19T14:29:42","2026-06-19T14:34:03",""
"P2026-0275","doi:10.1109/tevc.2026.3700184","Collaborative Orthogonal Learning for Constrained Multi-Objective Optimization","10.1109/tevc.2026.3700184","2026","IEEE Transactions on Evolutionary Computation","pdfs/IEEE_11552795.pdf","MD/IEEE_11552795.md","extracted","not-reviewed","2026-06-11T20:03:30","2026-06-19T14:34:22","2026-06-19T14:38:57",""
"P2026-0276","doi:10.1109/tits.2025.3545572","Multi-Objective Genetic Programming Assisted Stochastic Deep Reinforcement Learning for Dynamic Knowledge Integration in Transportation Networks","10.1109/tits.2025.3545572","2026","IEEE Transactions on Intelligent Transportation Systems","pdfs/IEEE_10908447.pdf","MD/IEEE_10908447.md","extracted","not-reviewed","2026-06-11T20:03:30","2026-06-18T22:57:07","2026-06-18T23:02:21",""
"P2026-0277","doi:10.1109/tits.2025.3624271","Multi-Objective Heterogeneous Fleet Vehicle Routing Problem: Formulation and Algorithm","10.1109/tits.2025.3624271","2026","IEEE Transactions on Intelligent Transportation Systems","pdfs/IEEE_11237208.pdf","MD/IEEE_11237208.md","extracted","not-reviewed","2026-06-11T20:03:30","2026-06-19T08:48:18","2026-06-19T08:52:29",""
"P2026-0278","doi:10.1109/tits.2025.3626004","Joint Optimization of Vehicle and Pedestrian Traffic Signals Using Multi-Objective Deep Reinforcement Learning","10.1109/tits.2025.3626004","2026","IEEE Transactions on Intelligent Transportation Systems","pdfs/IEEE_11235612.pdf","MD/IEEE_11235612.md","extracted","not-reviewed","2026-06-11T20:03:30","2026-06-19T08:45:53","2026-06-19T08:49:12",""
"P2026-0279","doi:10.1109/tits.2025.3637692","Three-Part Genetic Algorithm to Optimize the Outbound Train Using a Multi-Objective Approach","10.1109/tits.2025.3637692","2026","IEEE Transactions on Intelligent Transportation Systems","pdfs/IEEE_11278475.pdf","MD/IEEE_11278475.md","extracted","not-reviewed","2026-06-11T20:03:30","2026-06-19T08:57:16","2026-06-19T09:01:19",""
"P2026-0280","doi:10.1109/tits.2025.3639053","Multi-Objective Route Optimization for Photovoltaic Solar-Powered Electric Waste Collection Vehicles","10.1109/tits.2025.3639053","2026","IEEE Transactions on Intelligent Transportation Systems","pdfs/IEEE_11301012.pdf","MD/IEEE_11301012.md","extracted","not-reviewed","2026-06-11T20:03:30","2026-06-19T09:01:41","2026-06-19T09:05:26",""
"P2026-0281","doi:10.1109/tits.2025.3642165","Variable Neighborhood Search for Bi-Objective Heterogeneous Depots Vehicle Routing Problem With Sequential Visiting","10.1109/tits.2025.3642165","2026","IEEE Transactions on Intelligent Transportation Systems","pdfs/IEEE_11306266.pdf","MD/IEEE_11306266.md","extracted","not-reviewed","2026-06-11T20:03:30","2026-06-19T09:06:32","2026-06-19T09:15:00",""
"P2026-0282","doi:10.1109/tits.2026.3653427","Data-Driven Multiobjective Multimodal Transportation Route Optimization in Hybrid Uncertain Environments","10.1109/tits.2026.3653427","2026","IEEE Transactions on Intelligent Transportation Systems","pdfs/IEEE_11363924.pdf","MD/IEEE_11363924.md","extracted","not-reviewed","2026-06-11T20:03:30","2026-06-19T09:29:12","2026-06-19T09:33:28",""
"P2026-0283","doi:10.1109/tits.2026.3656236","A Robust Multi-Objective Relay Optimization Scheme for Wavefront-Based Information Dissemination in Autonomous Vehicle Fleets","10.1109/tits.2026.3656236","2026","IEEE Transactions on Intelligent Transportation Systems","pdfs/IEEE_11366075.pdf","MD/IEEE_11366075.md","extracted","not-reviewed","2026-06-11T20:03:30","2026-06-19T09:33:46","2026-06-19T09:37:23",""
"P2026-0284","doi:10.1109/tits.2026.3656612","A Multi-Objective Genetic Algorithm for Large-Scale Integrated Berth Allocation and Quay Crane Assignment Problem With Maintenance Activities","10.1109/tits.2026.3656612","2026","IEEE Transactions on Intelligent Transportation Systems","pdfs/IEEE_11369885.pdf","MD/IEEE_11369885.md","extracted","not-reviewed","2026-06-11T20:03:30","2026-06-19T09:48:15","2026-06-19T09:55:17",""
"P2026-0285","doi:10.1109/tits.2026.3670486","Scalable Multi-Objective Optimization for Robust Traffic Signal Control in Uncertain Environments Based on Hierarchical Reinforcement Learning","10.1109/tits.2026.3670486","2026","IEEE Transactions on Intelligent Transportation Systems","pdfs/IEEE_11435532.pdf","MD/IEEE_11435532.md","extracted","not-reviewed","2026-06-11T20:03:30","2026-06-19T10:51:23","2026-06-19T10:58:32",""
"P2026-0286","doi:10.1109/tnnls.2025.3603165","A Decomposition Optimization-Based Multiobjective Reinforcement Learning Algorithm for Obtaining Nonconvex Pareto Fronts","10.1109/tnnls.2025.3603165","2026","IEEE Transactions on Neural Networks and Learning Systems","pdfs/IEEE_11147177.pdf","MD/IEEE_11147177.md","extracted","not-reviewed","2026-06-11T20:03:30","2026-06-19T07:59:28","2026-06-19T08:05:27",""
"P2026-0287","doi:10.1109/tnnls.2025.3624785","Integrating Actor–Critic Reinforcement Learning With Evolutionary Algorithm for Multimodal Multiobjective Optimization","10.1109/tnnls.2025.3624785","2026","IEEE Transactions on Neural Networks and Learning Systems","pdfs/IEEE_11223946.pdf","MD/IEEE_11223946.md","extracted","not-reviewed","2026-06-11T20:03:30","2026-06-19T08:38:17","2026-06-19T08:41:26",""
"P2026-0288","doi:10.1109/tnnls.2025.3625964","Expensive Multiobjective Optimization Guided by Attention-Enhanced Generative Models","10.1109/tnnls.2025.3625964","2026","IEEE Transactions on Neural Networks and Learning Systems","pdfs/IEEE_11224780.pdf","MD/IEEE_11224780.md","extracted","not-reviewed","2026-06-11T20:03:30","2026-06-19T08:42:22","2026-06-19T08:45:41",""
"P2026-0289","doi:10.1109/tnnls.2026.3659508","A Multiobjective Evolutionary Algorithm Based on Bipopulation With Uniform Sampling for Neural Architecture Search","10.1109/tnnls.2026.3659508","2026","IEEE Transactions on Neural Networks and Learning Systems","pdfs/IEEE_11389183.pdf","MD/IEEE_11389183.md","extracted","not-reviewed","2026-06-11T20:03:30","2026-06-19T10:09:25","2026-06-19T10:12:54",""
"P2026-0290","doi:10.1109/tnnls.2026.3674573","Hybrid Action-Based Reinforcement Learning for Multiobjective Compatible Autonomous Driving","10.1109/tnnls.2026.3674573","2026","IEEE Transactions on Neural Networks and Learning Systems","pdfs/IEEE_11457031.pdf","MD/IEEE_11457031.md","extracted","not-reviewed","2026-06-11T20:03:30","2026-06-19T11:24:04","2026-06-19T11:27:51",""
"P2026-0291","doi:10.1109/tnnls.2026.3675368","Multiobjective Simulated Annealing-Based Stopwords Substitution for Rubbish Text Attack","10.1109/tnnls.2026.3675368","2026","IEEE Transactions on Neural Networks and Learning Systems","pdfs/IEEE_11455329.pdf","MD/IEEE_11455329.md","extracted","not-reviewed","2026-06-11T20:03:30","2026-06-19T11:14:05","2026-06-19T11:18:14",""
"P2026-0292","doi:10.1109/tsmcc.2013.2249512","Notice of Violation of IEEE Publication Principles: Multiobjective Reinforcement Learning: A Comprehensive Overview","10.1109/tsmcc.2013.2249512","2026","IEEE Transactions on Cybernetics","pdfs/IEEE_6509978.pdf","MD/IEEE_6509978.md","extracted","not-reviewed","2026-06-11T20:03:30","2026-06-19T14:39:25","2026-06-19T14:43:17",""
"P2026-0293","stem:amir2026_multiobjective","","","2026","","pdfs/Amir2026_Multiobjective.pdf","MD/Amir2026_Multiobjective.md","extracted","not-reviewed","2026-06-11T20:03:30","2026-06-12T00:01:43","2026-06-12T00:07:42",""
"P2026-0294","stem:lawrence2026_enhanced","","","2026","","pdfs/Lawrence2026_Enhanced.pdf","MD/Lawrence2026_Enhanced.md","extracted","not-reviewed","2026-06-11T20:03:30","2026-06-19T14:52:18","2026-06-19T14:57:54",""
"P2026-0295","stem:sun2026_gradient","","","2026","","pdfs/Sun2026_Gradient.pdf","MD/Sun2026_Gradient.md","extracted","not-reviewed","2026-06-11T20:03:30","2026-06-19T17:33:12","2026-06-19T17:39:23",""
