config,algorithm,problem,suite,N,maxFE,run,seed,finishedFE,runtime,IGD,HV,Feasible_rate,file
"s03_credit_fast","CMOEA-AOP","CF10","CF",100,20000,1,214001,20154,22.9199,0.3784789743071594,0.09712697501545813,1,"CMOEA_AOP_CF10_N100_FE20000_run1_seed214001.mat"
"s03_credit_fast","CMOEA-AOP","CF10","CF",100,20000,2,214002,20176,31.8616,0.4277650261174932,0.1216625841795369,1,"CMOEA_AOP_CF10_N100_FE20000_run2_seed214002.mat"
"s03_credit_fast","CMOEA-AOP","CF10","CF",100,20000,3,214003,20064,23.9559,0.373396032115448,0.09265934092987523,1,"CMOEA_AOP_CF10_N100_FE20000_run3_seed214003.mat"
"s03_credit_fast","CMOEA-AOP","CF1","CF",100,20000,1,213101,20048,15.9195,0.007399121700316309,0.5570400914849247,1,"CMOEA_AOP_CF1_N100_FE20000_run1_seed213101.mat"
"s03_credit_fast","CMOEA-AOP","CF1","CF",100,20000,2,213102,20080,15.4401,0.01216425011915746,0.55175390835411,1,"CMOEA_AOP_CF1_N100_FE20000_run2_seed213102.mat"
"s03_credit_fast","CMOEA-AOP","CF1","CF",100,20000,3,213103,20186,16.3124,0.01370397598155201,0.5500132679251377,1,"CMOEA_AOP_CF1_N100_FE20000_run3_seed213103.mat"
"s03_credit_fast","CMOEA-AOP","CF2","CF",100,20000,1,213201,20134,16.2622,0.03696829243425531,0.632866996326266,1,"CMOEA_AOP_CF2_N100_FE20000_run1_seed213201.mat"
"s03_credit_fast","CMOEA-AOP","CF2","CF",100,20000,2,213202,20198,15.3097,0.02833482277948617,0.6435666885742964,1,"CMOEA_AOP_CF2_N100_FE20000_run2_seed213202.mat"
"s03_credit_fast","CMOEA-AOP","CF2","CF",100,20000,3,213203,20104,15.559,0.05029926563683174,0.6105787186292132,1,"CMOEA_AOP_CF2_N100_FE20000_run3_seed213203.mat"
"s03_credit_fast","CMOEA-AOP","CF3","CF",100,20000,1,213301,20112,11.4168,0.4243900894753663,0.1445905452757362,1,"CMOEA_AOP_CF3_N100_FE20000_run1_seed213301.mat"
"s03_credit_fast","CMOEA-AOP","CF3","CF",100,20000,2,213302,20030,12.4824,0.2356061190599967,0.1274240733394678,1,"CMOEA_AOP_CF3_N100_FE20000_run2_seed213302.mat"
"s03_credit_fast","CMOEA-AOP","CF3","CF",100,20000,3,213303,20088,6.7799,0.1460967110107159,0.1754326136927129,1,"CMOEA_AOP_CF3_N100_FE20000_run3_seed213303.mat"
"s03_credit_fast","CMOEA-AOP","CF4","CF",100,20000,1,213401,20132,8.3746,0.07951893943491216,0.4307304820669513,1,"CMOEA_AOP_CF4_N100_FE20000_run1_seed213401.mat"
"s03_credit_fast","CMOEA-AOP","CF4","CF",100,20000,2,213402,20084,9.0173,0.04828427342643821,0.474042022593101,1,"CMOEA_AOP_CF4_N100_FE20000_run2_seed213402.mat"
"s03_credit_fast","CMOEA-AOP","CF4","CF",100,20000,3,213403,20086,9.0309,0.07935026441402898,0.4301197497138544,1,"CMOEA_AOP_CF4_N100_FE20000_run3_seed213403.mat"
"s03_credit_fast","CMOEA-AOP","CF5","CF",100,20000,1,213501,20010,6.2377,0.3542109666720936,0.2096843600923855,1,"CMOEA_AOP_CF5_N100_FE20000_run1_seed213501.mat"
"s03_credit_fast","CMOEA-AOP","CF5","CF",100,20000,2,213502,20120,7.5743,0.2487187667784058,0.3043584687346165,1,"CMOEA_AOP_CF5_N100_FE20000_run2_seed213502.mat"
"s03_credit_fast","CMOEA-AOP","CF5","CF",100,20000,3,213503,20172,6.5359,0.1497477129402022,0.3275401747629152,1,"CMOEA_AOP_CF5_N100_FE20000_run3_seed213503.mat"
"s03_credit_fast","CMOEA-AOP","CF6","CF",100,20000,1,213601,20018,10.2743,0.07166911194068142,0.6286845612720862,1,"CMOEA_AOP_CF6_N100_FE20000_run1_seed213601.mat"
"s03_credit_fast","CMOEA-AOP","CF6","CF",100,20000,2,213602,20086,10.3827,0.1536548548397926,0.6078719027019984,1,"CMOEA_AOP_CF6_N100_FE20000_run2_seed213602.mat"
"s03_credit_fast","CMOEA-AOP","CF6","CF",100,20000,3,213603,20196,10.9538,0.07002570231457593,0.6421389290974944,1,"CMOEA_AOP_CF6_N100_FE20000_run3_seed213603.mat"
"s03_credit_fast","CMOEA-AOP","CF7","CF",100,20000,1,213701,20040,7.1624,0.1842776753374363,0.3988725178287256,1,"CMOEA_AOP_CF7_N100_FE20000_run1_seed213701.mat"
"s03_credit_fast","CMOEA-AOP","CF7","CF",100,20000,2,213702,20182,7.045,0.6127963748081818,0.1036382020901336,1,"CMOEA_AOP_CF7_N100_FE20000_run2_seed213702.mat"
"s03_credit_fast","CMOEA-AOP","CF7","CF",100,20000,3,213703,20148,6.6669,0.137816543221211,0.5315680543501795,1,"CMOEA_AOP_CF7_N100_FE20000_run3_seed213703.mat"
"s03_credit_fast","CMOEA-AOP","CF8","CF",100,20000,1,213801,20044,27.704,0.2499237821935134,0.2700594985205493,1,"CMOEA_AOP_CF8_N100_FE20000_run1_seed213801.mat"
"s03_credit_fast","CMOEA-AOP","CF8","CF",100,20000,2,213802,20168,27.9755,0.2401156279106282,0.2416471047644471,1,"CMOEA_AOP_CF8_N100_FE20000_run2_seed213802.mat"
"s03_credit_fast","CMOEA-AOP","CF8","CF",100,20000,3,213803,20148,27.7882,0.1971923390928126,0.2733840465016105,1,"CMOEA_AOP_CF8_N100_FE20000_run3_seed213803.mat"
"s03_credit_fast","CMOEA-AOP","CF9","CF",100,20000,1,213901,20088,29.4266,0.09813532769718049,0.4215373932286121,1,"CMOEA_AOP_CF9_N100_FE20000_run1_seed213901.mat"
"s03_credit_fast","CMOEA-AOP","CF9","CF",100,20000,2,213902,20208,35.022,0.1187489060715668,0.3944207014194079,1,"CMOEA_AOP_CF9_N100_FE20000_run2_seed213902.mat"
"s03_credit_fast","CMOEA-AOP","CF9","CF",100,20000,3,213903,20176,26.2856,0.1026391472686029,0.4274668892870034,1,"CMOEA_AOP_CF9_N100_FE20000_run3_seed213903.mat"
"s03_credit_fast","CMOEA-AOP","DASCMOP1","DAS-CMOP",100,20000,1,215501,20182,4.0089,0.3349551587041582,0.06752383646199953,1,"CMOEA_AOP_DASCMOP1_N100_FE20000_run1_seed215501.mat"
"s03_credit_fast","CMOEA-AOP","DASCMOP1","DAS-CMOP",100,20000,2,215502,20078,4.4515,0.7515458977742682,0.003719454868584519,1,"CMOEA_AOP_DASCMOP1_N100_FE20000_run2_seed215502.mat"
"s03_credit_fast","CMOEA-AOP","DASCMOP1","DAS-CMOP",100,20000,3,215503,20118,4.063,0.1971484107347915,0.140990135725212,1,"CMOEA_AOP_DASCMOP1_N100_FE20000_run3_seed215503.mat"
"s03_credit_fast","CMOEA-AOP","DASCMOP2","DAS-CMOP",100,20000,1,215601,20170,4.4119,0.1616732201220278,0.2791020972423548,1,"CMOEA_AOP_DASCMOP2_N100_FE20000_run1_seed215601.mat"
"s03_credit_fast","CMOEA-AOP","DASCMOP2","DAS-CMOP",100,20000,2,215602,20016,4.1071,0.1473865304801197,0.2957260415711072,1,"CMOEA_AOP_DASCMOP2_N100_FE20000_run2_seed215602.mat"
"s03_credit_fast","CMOEA-AOP","DASCMOP2","DAS-CMOP",100,20000,3,215603,20018,4.7755,0.2699038384776395,0.2455746844775452,1,"CMOEA_AOP_DASCMOP2_N100_FE20000_run3_seed215603.mat"
"s03_credit_fast","CMOEA-AOP","DASCMOP3","DAS-CMOP",100,20000,1,215701,20170,3.4909,0.2490735216333558,0.2391115012418902,1,"CMOEA_AOP_DASCMOP3_N100_FE20000_run1_seed215701.mat"
"s03_credit_fast","CMOEA-AOP","DASCMOP3","DAS-CMOP",100,20000,2,215702,20052,3.3524,0.05474988247867058,0.2868902762437954,1,"CMOEA_AOP_DASCMOP3_N100_FE20000_run2_seed215702.mat"
"s03_credit_fast","CMOEA-AOP","DASCMOP3","DAS-CMOP",100,20000,3,215703,20046,3.0709,0.2619526807600646,0.2510998541672911,1,"CMOEA_AOP_DASCMOP3_N100_FE20000_run3_seed215703.mat"
"s03_credit_fast","CMOEA-AOP","DASCMOP4","DAS-CMOP",100,20000,1,215801,20166,3.161,NaN,NaN,0,"CMOEA_AOP_DASCMOP4_N100_FE20000_run1_seed215801.mat"
"s03_credit_fast","CMOEA-AOP","DASCMOP4","DAS-CMOP",100,20000,2,215802,20024,3.4116,NaN,NaN,0,"CMOEA_AOP_DASCMOP4_N100_FE20000_run2_seed215802.mat"
"s03_credit_fast","CMOEA-AOP","DASCMOP4","DAS-CMOP",100,20000,3,215803,20032,3.3139,NaN,NaN,0,"CMOEA_AOP_DASCMOP4_N100_FE20000_run3_seed215803.mat"
"s03_credit_fast","CMOEA-AOP","DASCMOP5","DAS-CMOP",100,20000,1,215901,20186,3.2614,NaN,NaN,0,"CMOEA_AOP_DASCMOP5_N100_FE20000_run1_seed215901.mat"
"s03_credit_fast","CMOEA-AOP","DASCMOP5","DAS-CMOP",100,20000,2,215902,20190,3.5329,NaN,NaN,0,"CMOEA_AOP_DASCMOP5_N100_FE20000_run2_seed215902.mat"
"s03_credit_fast","CMOEA-AOP","DASCMOP5","DAS-CMOP",100,20000,3,215903,20208,3.7486,NaN,NaN,0,"CMOEA_AOP_DASCMOP5_N100_FE20000_run3_seed215903.mat"
"s03_credit_fast","CMOEA-AOP","DASCMOP6","DAS-CMOP",100,20000,1,216001,20086,3.1337,NaN,NaN,0,"CMOEA_AOP_DASCMOP6_N100_FE20000_run1_seed216001.mat"
"s03_credit_fast","CMOEA-AOP","DASCMOP6","DAS-CMOP",100,20000,2,216002,20118,3.3336,NaN,NaN,0,"CMOEA_AOP_DASCMOP6_N100_FE20000_run2_seed216002.mat"
"s03_credit_fast","CMOEA-AOP","DASCMOP6","DAS-CMOP",100,20000,3,216003,20092,3.1595,0.02983939051156704,0.2996049221384174,1,"CMOEA_AOP_DASCMOP6_N100_FE20000_run3_seed216003.mat"
"s03_credit_fast","CMOEA-AOP","DASCMOP7","DAS-CMOP",100,20000,1,216101,20046,3.4741,NaN,NaN,0,"CMOEA_AOP_DASCMOP7_N100_FE20000_run1_seed216101.mat"
"s03_credit_fast","CMOEA-AOP","DASCMOP7","DAS-CMOP",100,20000,2,216102,20116,3.4074,NaN,NaN,0,"CMOEA_AOP_DASCMOP7_N100_FE20000_run2_seed216102.mat"
"s03_credit_fast","CMOEA-AOP","DASCMOP7","DAS-CMOP",100,20000,3,216103,20180,3.3247,NaN,NaN,0,"CMOEA_AOP_DASCMOP7_N100_FE20000_run3_seed216103.mat"
"s03_credit_fast","CMOEA-AOP","DASCMOP8","DAS-CMOP",100,20000,1,216201,20190,3.7873,NaN,NaN,0,"CMOEA_AOP_DASCMOP8_N100_FE20000_run1_seed216201.mat"
"s03_credit_fast","CMOEA-AOP","DASCMOP8","DAS-CMOP",100,20000,2,216202,20162,3.9764,0.5975286285481831,0.01220479153046593,1,"CMOEA_AOP_DASCMOP8_N100_FE20000_run2_seed216202.mat"
"s03_credit_fast","CMOEA-AOP","DASCMOP8","DAS-CMOP",100,20000,3,216203,20154,3.1016,NaN,NaN,0,"CMOEA_AOP_DASCMOP8_N100_FE20000_run3_seed216203.mat"
"s03_credit_fast","CMOEA-AOP","DASCMOP9","DAS-CMOP",100,20000,1,216301,20092,43.5878,0.417354482199484,0.1228411470701848,1,"CMOEA_AOP_DASCMOP9_N100_FE20000_run1_seed216301.mat"
"s03_credit_fast","CMOEA-AOP","DASCMOP9","DAS-CMOP",100,20000,2,216302,20138,47.489,0.3202645662016529,0.1345606668798707,1,"CMOEA_AOP_DASCMOP9_N100_FE20000_run2_seed216302.mat"
"s03_credit_fast","CMOEA-AOP","DASCMOP9","DAS-CMOP",100,20000,3,216303,20208,24.4717,0.2913549208607929,0.1378542824454742,1,"CMOEA_AOP_DASCMOP9_N100_FE20000_run3_seed216303.mat"
"s03_credit_fast","CMOEA-AOP","LIRCMOP10","LIR-CMOP",100,20000,1,215001,20130,9.7197,0.5507612064177193,0.4291236329438792,1,"CMOEA_AOP_LIRCMOP10_N100_FE20000_run1_seed215001.mat"
"s03_credit_fast","CMOEA-AOP","LIRCMOP10","LIR-CMOP",100,20000,2,215002,20048,6.8118,0.6575266857769788,0.2483318795888576,1,"CMOEA_AOP_LIRCMOP10_N100_FE20000_run2_seed215002.mat"
"s03_credit_fast","CMOEA-AOP","LIRCMOP10","LIR-CMOP",100,20000,3,215003,20136,10.348,0.4551360893160704,0.4255656506516372,1,"CMOEA_AOP_LIRCMOP10_N100_FE20000_run3_seed215003.mat"
"s03_credit_fast","CMOEA-AOP","LIRCMOP11","LIR-CMOP",100,20000,1,215101,20100,5.2921,0.3054502684351144,0.4846579781791499,1,"CMOEA_AOP_LIRCMOP11_N100_FE20000_run1_seed215101.mat"
"s03_credit_fast","CMOEA-AOP","LIRCMOP11","LIR-CMOP",100,20000,2,215102,20000,5.474,0.444702490033535,0.4531984330167342,1,"CMOEA_AOP_LIRCMOP11_N100_FE20000_run2_seed215102.mat"
"s03_credit_fast","CMOEA-AOP","LIRCMOP11","LIR-CMOP",100,20000,3,215103,20130,4.7659,0.4218605000852259,0.414569268627682,1,"CMOEA_AOP_LIRCMOP11_N100_FE20000_run3_seed215103.mat"
"s03_credit_fast","CMOEA-AOP","LIRCMOP12","LIR-CMOP",100,20000,1,215201,20022,4.4954,0.4251625219580369,0.3533796158955723,1,"CMOEA_AOP_LIRCMOP12_N100_FE20000_run1_seed215201.mat"
"s03_credit_fast","CMOEA-AOP","LIRCMOP12","LIR-CMOP",100,20000,2,215202,20080,4.0237,0.4265794221251314,0.3582289295655451,1,"CMOEA_AOP_LIRCMOP12_N100_FE20000_run2_seed215202.mat"
"s03_credit_fast","CMOEA-AOP","LIRCMOP12","LIR-CMOP",100,20000,3,215203,20028,3.9602,0.2999729957009095,0.4516973317714357,1,"CMOEA_AOP_LIRCMOP12_N100_FE20000_run3_seed215203.mat"
"s03_credit_fast","CMOEA-AOP","LIRCMOP13","LIR-CMOP",100,20000,1,215301,20104,29.0076,0.1110058655907854,0.5225585391585862,1,"CMOEA_AOP_LIRCMOP13_N100_FE20000_run1_seed215301.mat"
"s03_credit_fast","CMOEA-AOP","LIRCMOP13","LIR-CMOP",100,20000,2,215302,20050,29.7075,0.1216796332556518,0.502946351145136,1,"CMOEA_AOP_LIRCMOP13_N100_FE20000_run2_seed215302.mat"
"s03_credit_fast","CMOEA-AOP","LIRCMOP13","LIR-CMOP",100,20000,3,215303,20126,29.2999,0.1174040698018273,0.5124814838893093,1,"CMOEA_AOP_LIRCMOP13_N100_FE20000_run3_seed215303.mat"
"s03_credit_fast","CMOEA-AOP","LIRCMOP14","LIR-CMOP",100,20000,1,215401,20200,31.2943,0.2305341794312234,0.3945900512549237,1,"CMOEA_AOP_LIRCMOP14_N100_FE20000_run1_seed215401.mat"
"s03_credit_fast","CMOEA-AOP","LIRCMOP14","LIR-CMOP",100,20000,2,215402,20096,30.8211,0.09696451205987511,0.5536009646718547,1,"CMOEA_AOP_LIRCMOP14_N100_FE20000_run2_seed215402.mat"
"s03_credit_fast","CMOEA-AOP","LIRCMOP14","LIR-CMOP",100,20000,3,215403,20210,30.0318,0.09753871723784427,0.548288946943971,1,"CMOEA_AOP_LIRCMOP14_N100_FE20000_run3_seed215403.mat"
"s03_credit_fast","CMOEA-AOP","LIRCMOP1","LIR-CMOP",100,20000,1,214101,20154,3.1676,0.2904283639069918,0.1118537003051557,1,"CMOEA_AOP_LIRCMOP1_N100_FE20000_run1_seed214101.mat"
"s03_credit_fast","CMOEA-AOP","LIRCMOP1","LIR-CMOP",100,20000,2,214102,20134,3.5633,0.2841519183070153,0.1202099735968702,0.42,"CMOEA_AOP_LIRCMOP1_N100_FE20000_run2_seed214102.mat"
"s03_credit_fast","CMOEA-AOP","LIRCMOP1","LIR-CMOP",100,20000,3,214103,20130,3.6932,0.1662700743178499,0.1635922600263157,1,"CMOEA_AOP_LIRCMOP1_N100_FE20000_run3_seed214103.mat"
"s03_credit_fast","CMOEA-AOP","LIRCMOP2","LIR-CMOP",100,20000,1,214201,20066,3.6783,0.2358636487447876,0.2404645811083526,1,"CMOEA_AOP_LIRCMOP2_N100_FE20000_run1_seed214201.mat"
"s03_credit_fast","CMOEA-AOP","LIRCMOP2","LIR-CMOP",100,20000,2,214202,20070,3.5295,0.2465147926024066,0.2346065855818852,0.49,"CMOEA_AOP_LIRCMOP2_N100_FE20000_run2_seed214202.mat"
"s03_credit_fast","CMOEA-AOP","LIRCMOP2","LIR-CMOP",100,20000,3,214203,20182,3.2902,0.1972153741301513,0.2451463855306952,1,"CMOEA_AOP_LIRCMOP2_N100_FE20000_run3_seed214203.mat"
"s03_credit_fast","CMOEA-AOP","LIRCMOP3","LIR-CMOP",100,20000,1,214301,20132,3.6834,0.2305437707827502,0.1329113808242302,1,"CMOEA_AOP_LIRCMOP3_N100_FE20000_run1_seed214301.mat"
"s03_credit_fast","CMOEA-AOP","LIRCMOP3","LIR-CMOP",100,20000,2,214302,20126,4.0883,0.2700984822804428,0.1077476878782298,1,"CMOEA_AOP_LIRCMOP3_N100_FE20000_run2_seed214302.mat"
"s03_credit_fast","CMOEA-AOP","LIRCMOP3","LIR-CMOP",100,20000,3,214303,20034,3.8075,0.2688174192583973,0.1079098262434992,1,"CMOEA_AOP_LIRCMOP3_N100_FE20000_run3_seed214303.mat"
"s03_credit_fast","CMOEA-AOP","LIRCMOP4","LIR-CMOP",100,20000,1,214401,20096,3.3512,0.2643961345362384,0.204216760470583,1,"CMOEA_AOP_LIRCMOP4_N100_FE20000_run1_seed214401.mat"
"s03_credit_fast","CMOEA-AOP","LIRCMOP4","LIR-CMOP",100,20000,2,214402,20146,3.574,0.2507468693578824,0.2091791596565445,0.16,"CMOEA_AOP_LIRCMOP4_N100_FE20000_run2_seed214402.mat"
"s03_credit_fast","CMOEA-AOP","LIRCMOP4","LIR-CMOP",100,20000,3,214403,20078,4.1687,0.3110166332582791,0.1907676108577804,1,"CMOEA_AOP_LIRCMOP4_N100_FE20000_run3_seed214403.mat"
"s03_credit_fast","CMOEA-AOP","LIRCMOP5","LIR-CMOP",100,20000,1,214501,20164,7.4525,1.242513960894131,0,1,"CMOEA_AOP_LIRCMOP5_N100_FE20000_run1_seed214501.mat"
"s03_credit_fast","CMOEA-AOP","LIRCMOP5","LIR-CMOP",100,20000,2,214502,20132,6.9417,1.209747413963732,0,1,"CMOEA_AOP_LIRCMOP5_N100_FE20000_run2_seed214502.mat"
"s03_credit_fast","CMOEA-AOP","LIRCMOP5","LIR-CMOP",100,20000,3,214503,20096,6.3064,1.222888409687698,0,1,"CMOEA_AOP_LIRCMOP5_N100_FE20000_run3_seed214503.mat"
"s03_credit_fast","CMOEA-AOP","LIRCMOP6","LIR-CMOP",100,20000,1,214601,20002,6.9976,1.347123518338403,0,1,"CMOEA_AOP_LIRCMOP6_N100_FE20000_run1_seed214601.mat"
"s03_credit_fast","CMOEA-AOP","LIRCMOP6","LIR-CMOP",100,20000,2,214602,20034,5.8908,1.3488826417352,0,1,"CMOEA_AOP_LIRCMOP6_N100_FE20000_run2_seed214602.mat"
"s03_credit_fast","CMOEA-AOP","LIRCMOP6","LIR-CMOP",100,20000,3,214603,20050,7.4105,1.347003226279104,0,1,"CMOEA_AOP_LIRCMOP6_N100_FE20000_run3_seed214603.mat"
"s03_credit_fast","CMOEA-AOP","LIRCMOP7","LIR-CMOP",100,20000,1,214701,20020,7.0472,0.1032601569789869,0.2680116589359503,1,"CMOEA_AOP_LIRCMOP7_N100_FE20000_run1_seed214701.mat"
"s03_credit_fast","CMOEA-AOP","LIRCMOP7","LIR-CMOP",100,20000,2,214702,20086,6.5299,0.1050140983754648,0.2526086208305808,1,"CMOEA_AOP_LIRCMOP7_N100_FE20000_run2_seed214702.mat"
"s03_credit_fast","CMOEA-AOP","LIRCMOP7","LIR-CMOP",100,20000,3,214703,20142,5.949,0.1358572458040649,0.2437836361854412,1,"CMOEA_AOP_LIRCMOP7_N100_FE20000_run3_seed214703.mat"
"s03_credit_fast","CMOEA-AOP","LIRCMOP8","LIR-CMOP",100,20000,1,214801,20098,6.9301,0.1721591390816697,0.2311042904151507,1,"CMOEA_AOP_LIRCMOP8_N100_FE20000_run1_seed214801.mat"
"s03_credit_fast","CMOEA-AOP","LIRCMOP8","LIR-CMOP",100,20000,2,214802,20174,5.2759,0.2048200676860613,0.2240385274462723,1,"CMOEA_AOP_LIRCMOP8_N100_FE20000_run2_seed214802.mat"
"s03_credit_fast","CMOEA-AOP","LIRCMOP8","LIR-CMOP",100,20000,3,214803,20152,6.7965,0.3123781600247245,0.1964789893001471,1,"CMOEA_AOP_LIRCMOP8_N100_FE20000_run3_seed214803.mat"
"s03_credit_fast","CMOEA-AOP","LIRCMOP9","LIR-CMOP",100,20000,1,214901,20050,6.1582,0.7717083450516724,0.1680095546656161,1,"CMOEA_AOP_LIRCMOP9_N100_FE20000_run1_seed214901.mat"
"s03_credit_fast","CMOEA-AOP","LIRCMOP9","LIR-CMOP",100,20000,2,214902,20084,6.9493,0.5085495535587212,0.3561047808537493,1,"CMOEA_AOP_LIRCMOP9_N100_FE20000_run2_seed214902.mat"
"s03_credit_fast","CMOEA-AOP","LIRCMOP9","LIR-CMOP",100,20000,3,214903,20178,6.9766,0.5190856643588465,0.3354331787453384,1,"CMOEA_AOP_LIRCMOP9_N100_FE20000_run3_seed214903.mat"
"s03_credit_fast","CV-Credit-AOP","CF10","CF",100,20000,1,254001,20000,3.4854,0.322339676531384,0.134558079001435,1,"CV_Credit_AOP_CF10_N100_FE20000_run1_seed254001.mat"
"s03_credit_fast","CV-Credit-AOP","CF10","CF",100,20000,2,254002,20000,2.5843,0.2435863484002428,0.2193104895071579,1,"CV_Credit_AOP_CF10_N100_FE20000_run2_seed254002.mat"
"s03_credit_fast","CV-Credit-AOP","CF10","CF",100,20000,3,254003,20000,2.7535,0.2315070561467526,0.2174636829611266,1,"CV_Credit_AOP_CF10_N100_FE20000_run3_seed254003.mat"
"s03_credit_fast","CV-Credit-AOP","CF1","CF",100,20000,1,253101,20000,3.2775,0.01021238321640666,0.5538413915497994,1,"CV_Credit_AOP_CF1_N100_FE20000_run1_seed253101.mat"
"s03_credit_fast","CV-Credit-AOP","CF1","CF",100,20000,2,253102,20000,3.7798,0.01141117661198455,0.5523597691607065,1,"CV_Credit_AOP_CF1_N100_FE20000_run2_seed253102.mat"
"s03_credit_fast","CV-Credit-AOP","CF1","CF",100,20000,3,253103,20000,3.355,0.009882829399016508,0.5542742103311883,1,"CV_Credit_AOP_CF1_N100_FE20000_run3_seed253103.mat"
"s03_credit_fast","CV-Credit-AOP","CF2","CF",100,20000,1,253201,20000,2.7879,0.04774736167247799,0.6238335096567619,1,"CV_Credit_AOP_CF2_N100_FE20000_run1_seed253201.mat"
"s03_credit_fast","CV-Credit-AOP","CF2","CF",100,20000,2,253202,20000,3.0581,0.03475238983122035,0.6372173742253815,1,"CV_Credit_AOP_CF2_N100_FE20000_run2_seed253202.mat"
"s03_credit_fast","CV-Credit-AOP","CF2","CF",100,20000,3,253203,20000,2.6898,0.03266440108477484,0.6217601793096708,1,"CV_Credit_AOP_CF2_N100_FE20000_run3_seed253203.mat"
"s03_credit_fast","CV-Credit-AOP","CF3","CF",100,20000,1,253301,20000,2.9724,0.2329264086181536,0.1635026346169143,1,"CV_Credit_AOP_CF3_N100_FE20000_run1_seed253301.mat"
"s03_credit_fast","CV-Credit-AOP","CF3","CF",100,20000,2,253302,20000,2.5461,0.3089472356152025,0.07923763668230849,1,"CV_Credit_AOP_CF3_N100_FE20000_run2_seed253302.mat"
"s03_credit_fast","CV-Credit-AOP","CF3","CF",100,20000,3,253303,20000,2.4676,0.2006759073715815,0.1586047868687467,1,"CV_Credit_AOP_CF3_N100_FE20000_run3_seed253303.mat"
"s03_credit_fast","CV-Credit-AOP","CF4","CF",100,20000,1,253401,20000,3.3819,0.06408909520415669,0.4492302694682523,1,"CV_Credit_AOP_CF4_N100_FE20000_run1_seed253401.mat"
"s03_credit_fast","CV-Credit-AOP","CF4","CF",100,20000,2,253402,20000,2.7658,0.07650519350773149,0.4343252364003763,1,"CV_Credit_AOP_CF4_N100_FE20000_run2_seed253402.mat"
"s03_credit_fast","CV-Credit-AOP","CF4","CF",100,20000,3,253403,20000,2.8284,0.07162587757602036,0.4425251765724082,1,"CV_Credit_AOP_CF4_N100_FE20000_run3_seed253403.mat"
"s03_credit_fast","CV-Credit-AOP","CF5","CF",100,20000,1,253501,20000,3.0625,0.225360788806806,0.2862407043801661,1,"CV_Credit_AOP_CF5_N100_FE20000_run1_seed253501.mat"
"s03_credit_fast","CV-Credit-AOP","CF5","CF",100,20000,2,253502,20000,2.5,0.1222067955633504,0.3649986808147405,1,"CV_Credit_AOP_CF5_N100_FE20000_run2_seed253502.mat"
"s03_credit_fast","CV-Credit-AOP","CF5","CF",100,20000,3,253503,20000,2.7149,0.6420120041587404,0.1038272857034752,1,"CV_Credit_AOP_CF5_N100_FE20000_run3_seed253503.mat"
"s03_credit_fast","CV-Credit-AOP","CF6","CF",100,20000,1,253601,20000,3.1963,0.04813689401638811,0.6468239518277999,1,"CV_Credit_AOP_CF6_N100_FE20000_run1_seed253601.mat"
"s03_credit_fast","CV-Credit-AOP","CF6","CF",100,20000,2,253602,20000,3.0845,0.05744686471439918,0.6408413292845117,1,"CV_Credit_AOP_CF6_N100_FE20000_run2_seed253602.mat"
"s03_credit_fast","CV-Credit-AOP","CF6","CF",100,20000,3,253603,20000,3.3215,0.06413678151204476,0.6327293797351885,1,"CV_Credit_AOP_CF6_N100_FE20000_run3_seed253603.mat"
"s03_credit_fast","CV-Credit-AOP","CF7","CF",100,20000,1,253701,20000,2.6261,0.3080245378941265,0.4288938592947044,1,"CV_Credit_AOP_CF7_N100_FE20000_run1_seed253701.mat"
"s03_credit_fast","CV-Credit-AOP","CF7","CF",100,20000,2,253702,20000,2.4078,0.1244467519779034,0.5432404209457184,1,"CV_Credit_AOP_CF7_N100_FE20000_run2_seed253702.mat"
"s03_credit_fast","CV-Credit-AOP","CF7","CF",100,20000,3,253703,20000,2.6125,0.1182862737088814,0.555168328514337,1,"CV_Credit_AOP_CF7_N100_FE20000_run3_seed253703.mat"
"s03_credit_fast","CV-Credit-AOP","CF8","CF",100,20000,1,253801,20000,2.3583,0.2518320223058771,0.2572265819769909,1,"CV_Credit_AOP_CF8_N100_FE20000_run1_seed253801.mat"
"s03_credit_fast","CV-Credit-AOP","CF8","CF",100,20000,2,253802,20000,2.3401,0.2787396162053116,0.2172851196679924,1,"CV_Credit_AOP_CF8_N100_FE20000_run2_seed253802.mat"
"s03_credit_fast","CV-Credit-AOP","CF8","CF",100,20000,3,253803,20000,2.3845,0.2107605496481752,0.305878539825425,1,"CV_Credit_AOP_CF8_N100_FE20000_run3_seed253803.mat"
"s03_credit_fast","CV-Credit-AOP","CF9","CF",100,20000,1,253901,20000,3.0751,0.1358391207128646,0.3802085559198435,1,"CV_Credit_AOP_CF9_N100_FE20000_run1_seed253901.mat"
"s03_credit_fast","CV-Credit-AOP","CF9","CF",100,20000,2,253902,20000,2.737,0.1099796707466778,0.401845737071953,1,"CV_Credit_AOP_CF9_N100_FE20000_run2_seed253902.mat"
"s03_credit_fast","CV-Credit-AOP","CF9","CF",100,20000,3,253903,20000,2.8744,0.1087199380494968,0.4128097244079114,1,"CV_Credit_AOP_CF9_N100_FE20000_run3_seed253903.mat"
"s03_credit_fast","CV-Credit-AOP","DASCMOP1","DAS-CMOP",100,20000,1,255501,20000,2.1597,0.7016168876098809,0.0124782195263441,1,"CV_Credit_AOP_DASCMOP1_N100_FE20000_run1_seed255501.mat"
"s03_credit_fast","CV-Credit-AOP","DASCMOP1","DAS-CMOP",100,20000,2,255502,20000,2.6141,0.01462381484447774,0.2048490259342883,1,"CV_Credit_AOP_DASCMOP1_N100_FE20000_run2_seed255502.mat"
"s03_credit_fast","CV-Credit-AOP","DASCMOP1","DAS-CMOP",100,20000,3,255503,20000,2.3457,0.6895740918576554,0.01358159414344316,1,"CV_Credit_AOP_DASCMOP1_N100_FE20000_run3_seed255503.mat"
"s03_credit_fast","CV-Credit-AOP","DASCMOP2","DAS-CMOP",100,20000,1,255601,20000,2.2233,0.202380005446935,0.2620914200094364,1,"CV_Credit_AOP_DASCMOP2_N100_FE20000_run1_seed255601.mat"
"s03_credit_fast","CV-Credit-AOP","DASCMOP2","DAS-CMOP",100,20000,2,255602,20000,2.3692,0.2777173701255231,0.2526679193669894,1,"CV_Credit_AOP_DASCMOP2_N100_FE20000_run2_seed255602.mat"
"s03_credit_fast","CV-Credit-AOP","DASCMOP2","DAS-CMOP",100,20000,3,255603,20000,2.1189,0.2437778505131494,0.2583186078316045,1,"CV_Credit_AOP_DASCMOP2_N100_FE20000_run3_seed255603.mat"
"s03_credit_fast","CV-Credit-AOP","DASCMOP3","DAS-CMOP",100,20000,1,255701,20000,2.3425,0.2637412916636804,0.2522307768294834,1,"CV_Credit_AOP_DASCMOP3_N100_FE20000_run1_seed255701.mat"
"s03_credit_fast","CV-Credit-AOP","DASCMOP3","DAS-CMOP",100,20000,2,255702,20000,2.2781,0.3438820385954613,0.2085265204908785,1,"CV_Credit_AOP_DASCMOP3_N100_FE20000_run2_seed255702.mat"
"s03_credit_fast","CV-Credit-AOP","DASCMOP3","DAS-CMOP",100,20000,3,255703,20000,2.2448,0.3429255310169849,0.2083318330572291,1,"CV_Credit_AOP_DASCMOP3_N100_FE20000_run3_seed255703.mat"
"s03_credit_fast","CV-Credit-AOP","DASCMOP4","DAS-CMOP",100,20000,1,255801,20000,2.2538,NaN,NaN,0,"CV_Credit_AOP_DASCMOP4_N100_FE20000_run1_seed255801.mat"
"s03_credit_fast","CV-Credit-AOP","DASCMOP4","DAS-CMOP",100,20000,2,255802,20000,2.0842,NaN,NaN,0,"CV_Credit_AOP_DASCMOP4_N100_FE20000_run2_seed255802.mat"
"s03_credit_fast","CV-Credit-AOP","DASCMOP4","DAS-CMOP",100,20000,3,255803,20000,2.4467,NaN,NaN,0,"CV_Credit_AOP_DASCMOP4_N100_FE20000_run3_seed255803.mat"
"s03_credit_fast","CV-Credit-AOP","DASCMOP5","DAS-CMOP",100,20000,1,255901,20000,2.2113,NaN,NaN,0,"CV_Credit_AOP_DASCMOP5_N100_FE20000_run1_seed255901.mat"
"s03_credit_fast","CV-Credit-AOP","DASCMOP5","DAS-CMOP",100,20000,2,255902,20000,2.0978,NaN,NaN,0,"CV_Credit_AOP_DASCMOP5_N100_FE20000_run2_seed255902.mat"
"s03_credit_fast","CV-Credit-AOP","DASCMOP5","DAS-CMOP",100,20000,3,255903,20000,2.4935,NaN,NaN,0,"CV_Credit_AOP_DASCMOP5_N100_FE20000_run3_seed255903.mat"
"s03_credit_fast","CV-Credit-AOP","DASCMOP6","DAS-CMOP",100,20000,1,256001,20000,1.9096,NaN,NaN,0,"CV_Credit_AOP_DASCMOP6_N100_FE20000_run1_seed256001.mat"
"s03_credit_fast","CV-Credit-AOP","DASCMOP6","DAS-CMOP",100,20000,2,256002,20000,2.0225,NaN,NaN,0,"CV_Credit_AOP_DASCMOP6_N100_FE20000_run2_seed256002.mat"
"s03_credit_fast","CV-Credit-AOP","DASCMOP6","DAS-CMOP",100,20000,3,256003,20000,2.4888,NaN,NaN,0,"CV_Credit_AOP_DASCMOP6_N100_FE20000_run3_seed256003.mat"
"s03_credit_fast","CV-Credit-AOP","DASCMOP7","DAS-CMOP",100,20000,1,256101,20000,2.3728,NaN,NaN,0,"CV_Credit_AOP_DASCMOP7_N100_FE20000_run1_seed256101.mat"
"s03_credit_fast","CV-Credit-AOP","DASCMOP7","DAS-CMOP",100,20000,2,256102,20000,2.183,NaN,NaN,0,"CV_Credit_AOP_DASCMOP7_N100_FE20000_run2_seed256102.mat"
"s03_credit_fast","CV-Credit-AOP","DASCMOP7","DAS-CMOP",100,20000,3,256103,20000,2.5028,NaN,NaN,0,"CV_Credit_AOP_DASCMOP7_N100_FE20000_run3_seed256103.mat"
"s03_credit_fast","CV-Credit-AOP","DASCMOP8","DAS-CMOP",100,20000,1,256201,20000,1.8759,NaN,NaN,0,"CV_Credit_AOP_DASCMOP8_N100_FE20000_run1_seed256201.mat"
"s03_credit_fast","CV-Credit-AOP","DASCMOP8","DAS-CMOP",100,20000,2,256202,20000,2.0479,NaN,NaN,0,"CV_Credit_AOP_DASCMOP8_N100_FE20000_run2_seed256202.mat"
"s03_credit_fast","CV-Credit-AOP","DASCMOP8","DAS-CMOP",100,20000,3,256203,20000,1.9941,NaN,NaN,0,"CV_Credit_AOP_DASCMOP8_N100_FE20000_run3_seed256203.mat"
"s03_credit_fast","CV-Credit-AOP","DASCMOP9","DAS-CMOP",100,20000,1,256301,20000,2.1818,0.2622858089116599,0.1420601637449764,1,"CV_Credit_AOP_DASCMOP9_N100_FE20000_run1_seed256301.mat"
"s03_credit_fast","CV-Credit-AOP","DASCMOP9","DAS-CMOP",100,20000,2,256302,20000,2.5925,0.05914365847124291,0.1996623019624633,1,"CV_Credit_AOP_DASCMOP9_N100_FE20000_run2_seed256302.mat"
"s03_credit_fast","CV-Credit-AOP","DASCMOP9","DAS-CMOP",100,20000,3,256303,20000,2.495,0.463576519612785,0.1284392521673872,1,"CV_Credit_AOP_DASCMOP9_N100_FE20000_run3_seed256303.mat"
"s03_credit_fast","CV-Credit-AOP","LIRCMOP10","LIR-CMOP",100,20000,1,255001,20000,4.0627,0.4310771432672285,0.4650300449235972,1,"CV_Credit_AOP_LIRCMOP10_N100_FE20000_run1_seed255001.mat"
"s03_credit_fast","CV-Credit-AOP","LIRCMOP10","LIR-CMOP",100,20000,2,255002,20000,2.8504,0.4302647676431715,0.451972826489065,1,"CV_Credit_AOP_LIRCMOP10_N100_FE20000_run2_seed255002.mat"
"s03_credit_fast","CV-Credit-AOP","LIRCMOP10","LIR-CMOP",100,20000,3,255003,20000,4.0716,0.552773332793546,0.4305416272762325,1,"CV_Credit_AOP_LIRCMOP10_N100_FE20000_run3_seed255003.mat"
"s03_credit_fast","CV-Credit-AOP","LIRCMOP11","LIR-CMOP",100,20000,1,255101,20000,2.8547,0.1499757092390938,0.5937646127028835,1,"CV_Credit_AOP_LIRCMOP11_N100_FE20000_run1_seed255101.mat"
"s03_credit_fast","CV-Credit-AOP","LIRCMOP11","LIR-CMOP",100,20000,2,255102,20000,2.7259,0.1520631523023983,0.5914648207583312,1,"CV_Credit_AOP_LIRCMOP11_N100_FE20000_run2_seed255102.mat"
"s03_credit_fast","CV-Credit-AOP","LIRCMOP11","LIR-CMOP",100,20000,3,255103,20000,2.853,0.1659658690023341,0.5768525041467869,1,"CV_Credit_AOP_LIRCMOP11_N100_FE20000_run3_seed255103.mat"
"s03_credit_fast","CV-Credit-AOP","LIRCMOP12","LIR-CMOP",100,20000,1,255201,20000,2.6613,0.1796034954571289,0.5216590539745278,1,"CV_Credit_AOP_LIRCMOP12_N100_FE20000_run1_seed255201.mat"
"s03_credit_fast","CV-Credit-AOP","LIRCMOP12","LIR-CMOP",100,20000,2,255202,20000,2.8178,0.2950212741418018,0.466839087732539,1,"CV_Credit_AOP_LIRCMOP12_N100_FE20000_run2_seed255202.mat"
"s03_credit_fast","CV-Credit-AOP","LIRCMOP12","LIR-CMOP",100,20000,3,255203,20000,2.9595,0.4274463154630004,0.3520838430245938,1,"CV_Credit_AOP_LIRCMOP12_N100_FE20000_run3_seed255203.mat"
"s03_credit_fast","CV-Credit-AOP","LIRCMOP13","LIR-CMOP",100,20000,1,255301,20000,3.2741,0.1192658052938733,0.5126069511305531,1,"CV_Credit_AOP_LIRCMOP13_N100_FE20000_run1_seed255301.mat"
"s03_credit_fast","CV-Credit-AOP","LIRCMOP13","LIR-CMOP",100,20000,2,255302,20000,3.6104,0.1136868920553035,0.5162514468142096,1,"CV_Credit_AOP_LIRCMOP13_N100_FE20000_run2_seed255302.mat"
"s03_credit_fast","CV-Credit-AOP","LIRCMOP13","LIR-CMOP",100,20000,3,255303,20000,3.6905,0.112579759735887,0.5217487608172804,1,"CV_Credit_AOP_LIRCMOP13_N100_FE20000_run3_seed255303.mat"
"s03_credit_fast","CV-Credit-AOP","LIRCMOP14","LIR-CMOP",100,20000,1,255401,20000,3.9099,0.0988652631125036,0.5459052075316646,1,"CV_Credit_AOP_LIRCMOP14_N100_FE20000_run1_seed255401.mat"
"s03_credit_fast","CV-Credit-AOP","LIRCMOP14","LIR-CMOP",100,20000,2,255402,20000,3.3558,0.1278729038055826,0.5248109875275118,1,"CV_Credit_AOP_LIRCMOP14_N100_FE20000_run2_seed255402.mat"
"s03_credit_fast","CV-Credit-AOP","LIRCMOP14","LIR-CMOP",100,20000,3,255403,20000,3.5739,0.1047870147535348,0.5453811279246605,1,"CV_Credit_AOP_LIRCMOP14_N100_FE20000_run3_seed255403.mat"
"s03_credit_fast","CV-Credit-AOP","LIRCMOP1","LIR-CMOP",100,20000,1,254101,20000,2.0185,0.2929912438497398,0.1142689870844554,1,"CV_Credit_AOP_LIRCMOP1_N100_FE20000_run1_seed254101.mat"
"s03_credit_fast","CV-Credit-AOP","LIRCMOP1","LIR-CMOP",100,20000,2,254102,20000,2.0426,0.2937488165156412,0.1106047124238539,1,"CV_Credit_AOP_LIRCMOP1_N100_FE20000_run2_seed254102.mat"
"s03_credit_fast","CV-Credit-AOP","LIRCMOP1","LIR-CMOP",100,20000,3,254103,20000,2.0462,0.2550166075719702,0.122812639750704,1,"CV_Credit_AOP_LIRCMOP1_N100_FE20000_run3_seed254103.mat"
"s03_credit_fast","CV-Credit-AOP","LIRCMOP2","LIR-CMOP",100,20000,1,254201,20000,2.141,0.2341839626525743,0.2381539364255993,1,"CV_Credit_AOP_LIRCMOP2_N100_FE20000_run1_seed254201.mat"
"s03_credit_fast","CV-Credit-AOP","LIRCMOP2","LIR-CMOP",100,20000,2,254202,20000,2.2453,0.2201509859339008,0.2380348488335851,1,"CV_Credit_AOP_LIRCMOP2_N100_FE20000_run2_seed254202.mat"
"s03_credit_fast","CV-Credit-AOP","LIRCMOP2","LIR-CMOP",100,20000,3,254203,20000,2.1673,0.2189122959281062,0.244116153548295,1,"CV_Credit_AOP_LIRCMOP2_N100_FE20000_run3_seed254203.mat"
"s03_credit_fast","CV-Credit-AOP","LIRCMOP3","LIR-CMOP",100,20000,1,254301,20000,2.1356,0.2786711645302294,0.1042349118330722,1,"CV_Credit_AOP_LIRCMOP3_N100_FE20000_run1_seed254301.mat"
"s03_credit_fast","CV-Credit-AOP","LIRCMOP3","LIR-CMOP",100,20000,2,254302,20000,2.1147,0.2745861517250583,0.1053524928257471,1,"CV_Credit_AOP_LIRCMOP3_N100_FE20000_run2_seed254302.mat"
"s03_credit_fast","CV-Credit-AOP","LIRCMOP3","LIR-CMOP",100,20000,3,254303,20000,2.0946,0.2848311095996207,0.1035544790726219,1,"CV_Credit_AOP_LIRCMOP3_N100_FE20000_run3_seed254303.mat"
"s03_credit_fast","CV-Credit-AOP","LIRCMOP4","LIR-CMOP",100,20000,1,254401,20000,2.2164,0.25720665738395,0.2068102196563334,0.63,"CV_Credit_AOP_LIRCMOP4_N100_FE20000_run1_seed254401.mat"
"s03_credit_fast","CV-Credit-AOP","LIRCMOP4","LIR-CMOP",100,20000,2,254402,20000,2.0422,0.2653195087607539,0.2041882520702356,0.42,"CV_Credit_AOP_LIRCMOP4_N100_FE20000_run2_seed254402.mat"
"s03_credit_fast","CV-Credit-AOP","LIRCMOP4","LIR-CMOP",100,20000,3,254403,20000,2.3305,0.2476625279124637,0.2106991195538266,1,"CV_Credit_AOP_LIRCMOP4_N100_FE20000_run3_seed254403.mat"
"s03_credit_fast","CV-Credit-AOP","LIRCMOP5","LIR-CMOP",100,20000,1,254501,20000,2.3567,1.226971627839725,0,1,"CV_Credit_AOP_LIRCMOP5_N100_FE20000_run1_seed254501.mat"
"s03_credit_fast","CV-Credit-AOP","LIRCMOP5","LIR-CMOP",100,20000,2,254502,20000,2.2245,1.222745354737539,0,1,"CV_Credit_AOP_LIRCMOP5_N100_FE20000_run2_seed254502.mat"
"s03_credit_fast","CV-Credit-AOP","LIRCMOP5","LIR-CMOP",100,20000,3,254503,20000,2.3385,0.2970946397757705,0.1478731363719385,1,"CV_Credit_AOP_LIRCMOP5_N100_FE20000_run3_seed254503.mat"
"s03_credit_fast","CV-Credit-AOP","LIRCMOP6","LIR-CMOP",100,20000,1,254601,20000,2.3702,1.346181779258233,0,1,"CV_Credit_AOP_LIRCMOP6_N100_FE20000_run1_seed254601.mat"
"s03_credit_fast","CV-Credit-AOP","LIRCMOP6","LIR-CMOP",100,20000,2,254602,20000,2.1797,0.3898660405390768,0.08488938135956042,1,"CV_Credit_AOP_LIRCMOP6_N100_FE20000_run2_seed254602.mat"
"s03_credit_fast","CV-Credit-AOP","LIRCMOP6","LIR-CMOP",100,20000,3,254603,20000,2.3017,1.347047836916988,0,1,"CV_Credit_AOP_LIRCMOP6_N100_FE20000_run3_seed254603.mat"
"s03_credit_fast","CV-Credit-AOP","LIRCMOP7","LIR-CMOP",100,20000,1,254701,20000,2.4454,0.1836364192987858,0.2271008805407972,1,"CV_Credit_AOP_LIRCMOP7_N100_FE20000_run1_seed254701.mat"
"s03_credit_fast","CV-Credit-AOP","LIRCMOP7","LIR-CMOP",100,20000,2,254702,20000,2.242,0.1056241506588507,0.2508664588540789,1,"CV_Credit_AOP_LIRCMOP7_N100_FE20000_run2_seed254702.mat"
"s03_credit_fast","CV-Credit-AOP","LIRCMOP7","LIR-CMOP",100,20000,3,254703,20000,2.3755,0.2269530189840691,0.2187289969073667,1,"CV_Credit_AOP_LIRCMOP7_N100_FE20000_run3_seed254703.mat"
"s03_credit_fast","CV-Credit-AOP","LIRCMOP8","LIR-CMOP",100,20000,1,254801,20000,2.366,0.2505856851511831,0.2157524267342418,1,"CV_Credit_AOP_LIRCMOP8_N100_FE20000_run1_seed254801.mat"
"s03_credit_fast","CV-Credit-AOP","LIRCMOP8","LIR-CMOP",100,20000,2,254802,20000,2.3589,0.1717461127930152,0.2333956923933991,1,"CV_Credit_AOP_LIRCMOP8_N100_FE20000_run2_seed254802.mat"
"s03_credit_fast","CV-Credit-AOP","LIRCMOP8","LIR-CMOP",100,20000,3,254803,20000,2.4802,0.1513643934109286,0.238349308578771,1,"CV_Credit_AOP_LIRCMOP8_N100_FE20000_run3_seed254803.mat"
"s03_credit_fast","CV-Credit-AOP","LIRCMOP9","LIR-CMOP",100,20000,1,254901,20000,2.9064,0.5093324686458447,0.3537702773355054,1,"CV_Credit_AOP_LIRCMOP9_N100_FE20000_run1_seed254901.mat"
"s03_credit_fast","CV-Credit-AOP","LIRCMOP9","LIR-CMOP",100,20000,2,254902,20000,3.0094,0.5981340927234456,0.2910078158371795,1,"CV_Credit_AOP_LIRCMOP9_N100_FE20000_run2_seed254902.mat"
"s03_credit_fast","CV-Credit-AOP","LIRCMOP9","LIR-CMOP",100,20000,3,254903,20000,2.7581,0.5141079282993516,0.2994299748837234,1,"CV_Credit_AOP_LIRCMOP9_N100_FE20000_run3_seed254903.mat"
"s03_credit_fast","Equal-AOP","CF10","CF",100,20000,1,224001,20000,2.1548,0.3875552978081715,0.08090222282152415,1,"Equal_AOP_CF10_N100_FE20000_run1_seed224001.mat"
"s03_credit_fast","Equal-AOP","CF10","CF",100,20000,2,224002,20000,2.2485,0.1985955511089678,0.2372473675101895,1,"Equal_AOP_CF10_N100_FE20000_run2_seed224002.mat"
"s03_credit_fast","Equal-AOP","CF10","CF",100,20000,3,224003,20000,2.3994,0.3321599967918374,0.1265089522068654,1,"Equal_AOP_CF10_N100_FE20000_run3_seed224003.mat"
"s03_credit_fast","Equal-AOP","CF1","CF",100,20000,1,223101,20000,2.9063,0.01378550875873446,0.5497646457873075,1,"Equal_AOP_CF1_N100_FE20000_run1_seed223101.mat"
"s03_credit_fast","Equal-AOP","CF1","CF",100,20000,2,223102,20000,2.6948,0.01162197347557755,0.5522784324705119,1,"Equal_AOP_CF1_N100_FE20000_run2_seed223102.mat"
"s03_credit_fast","Equal-AOP","CF1","CF",100,20000,3,223103,20000,3.1102,0.01338871922902946,0.5504330342901761,1,"Equal_AOP_CF1_N100_FE20000_run3_seed223103.mat"
"s03_credit_fast","Equal-AOP","CF2","CF",100,20000,1,223201,20000,2.3282,0.01803867055675488,0.6499032013845136,1,"Equal_AOP_CF2_N100_FE20000_run1_seed223201.mat"
"s03_credit_fast","Equal-AOP","CF2","CF",100,20000,2,223202,20000,2.312,0.04052954227973911,0.615838547541283,1,"Equal_AOP_CF2_N100_FE20000_run2_seed223202.mat"
"s03_credit_fast","Equal-AOP","CF2","CF",100,20000,3,223203,20000,2.7703,0.0266137841092149,0.6208910453895229,1,"Equal_AOP_CF2_N100_FE20000_run3_seed223203.mat"
"s03_credit_fast","Equal-AOP","CF3","CF",100,20000,1,223301,20000,2.45,0.3147525609875614,0.08045626272610908,1,"Equal_AOP_CF3_N100_FE20000_run1_seed223301.mat"
"s03_credit_fast","Equal-AOP","CF3","CF",100,20000,2,223302,20000,2.8126,0.3326613138511332,0.1163896189304218,1,"Equal_AOP_CF3_N100_FE20000_run2_seed223302.mat"
"s03_credit_fast","Equal-AOP","CF3","CF",100,20000,3,223303,20000,2.2166,0.3606256567477901,0.08727293665836905,1,"Equal_AOP_CF3_N100_FE20000_run3_seed223303.mat"
"s03_credit_fast","Equal-AOP","CF4","CF",100,20000,1,223401,20000,2.4325,0.08035478235001244,0.4331789973782603,1,"Equal_AOP_CF4_N100_FE20000_run1_seed223401.mat"
"s03_credit_fast","Equal-AOP","CF4","CF",100,20000,2,223402,20000,2.353,0.0844472425131577,0.4301238116813646,1,"Equal_AOP_CF4_N100_FE20000_run2_seed223402.mat"
"s03_credit_fast","Equal-AOP","CF4","CF",100,20000,3,223403,20000,2.3871,0.06786841819226387,0.4429278277709951,1,"Equal_AOP_CF4_N100_FE20000_run3_seed223403.mat"
"s03_credit_fast","Equal-AOP","CF5","CF",100,20000,1,223501,20000,2.2992,0.4918511111396532,0.1007323543848921,1,"Equal_AOP_CF5_N100_FE20000_run1_seed223501.mat"
"s03_credit_fast","Equal-AOP","CF5","CF",100,20000,2,223502,20000,2.7204,0.2635060867640032,0.2220103673551941,1,"Equal_AOP_CF5_N100_FE20000_run2_seed223502.mat"
"s03_credit_fast","Equal-AOP","CF5","CF",100,20000,3,223503,20000,2.395,0.3640698632764778,0.2385697129061511,1,"Equal_AOP_CF5_N100_FE20000_run3_seed223503.mat"
"s03_credit_fast","Equal-AOP","CF6","CF",100,20000,1,223601,20000,3.3254,0.05671586455888075,0.6331867112507304,1,"Equal_AOP_CF6_N100_FE20000_run1_seed223601.mat"
"s03_credit_fast","Equal-AOP","CF6","CF",100,20000,2,223602,20000,2.8406,0.06044449066380757,0.6284976738862833,1,"Equal_AOP_CF6_N100_FE20000_run2_seed223602.mat"
"s03_credit_fast","Equal-AOP","CF6","CF",100,20000,3,223603,20000,2.8593,0.05916341674632974,0.6323610571416063,1,"Equal_AOP_CF6_N100_FE20000_run3_seed223603.mat"
"s03_credit_fast","Equal-AOP","CF7","CF",100,20000,1,223701,20000,2.3548,0.2568975288397687,0.4286445352874082,1,"Equal_AOP_CF7_N100_FE20000_run1_seed223701.mat"
"s03_credit_fast","Equal-AOP","CF7","CF",100,20000,2,223702,20000,1.9431,0.1609659891409561,0.5223574277625538,1,"Equal_AOP_CF7_N100_FE20000_run2_seed223702.mat"
"s03_credit_fast","Equal-AOP","CF7","CF",100,20000,3,223703,20000,2.3818,0.1991833137761872,0.495309627677395,1,"Equal_AOP_CF7_N100_FE20000_run3_seed223703.mat"
"s03_credit_fast","Equal-AOP","CF8","CF",100,20000,1,223801,20000,2.3678,0.2365724549134564,0.2663524434101375,1,"Equal_AOP_CF8_N100_FE20000_run1_seed223801.mat"
"s03_credit_fast","Equal-AOP","CF8","CF",100,20000,2,223802,20000,2.4828,0.2326227523239727,0.2586907694537308,1,"Equal_AOP_CF8_N100_FE20000_run2_seed223802.mat"
"s03_credit_fast","Equal-AOP","CF8","CF",100,20000,3,223803,20000,2.4161,0.1937770509025403,0.2854295886309745,1,"Equal_AOP_CF8_N100_FE20000_run3_seed223803.mat"
"s03_credit_fast","Equal-AOP","CF9","CF",100,20000,1,223901,20000,2.6479,0.1263474986003253,0.3742496796001081,1,"Equal_AOP_CF9_N100_FE20000_run1_seed223901.mat"
"s03_credit_fast","Equal-AOP","CF9","CF",100,20000,2,223902,20000,2.6487,0.1057823026081018,0.4050321626227449,1,"Equal_AOP_CF9_N100_FE20000_run2_seed223902.mat"
"s03_credit_fast","Equal-AOP","CF9","CF",100,20000,3,223903,20000,3.1233,0.1206816428527182,0.3931530125632185,1,"Equal_AOP_CF9_N100_FE20000_run3_seed223903.mat"
"s03_credit_fast","Equal-AOP","DASCMOP1","DAS-CMOP",100,20000,1,225501,20000,1.9765,0.6748689470780057,0.01782487071656715,1,"Equal_AOP_DASCMOP1_N100_FE20000_run1_seed225501.mat"
"s03_credit_fast","Equal-AOP","DASCMOP1","DAS-CMOP",100,20000,2,225502,20000,1.8384,0.719870787931618,0.008923642513652958,1,"Equal_AOP_DASCMOP1_N100_FE20000_run2_seed225502.mat"
"s03_credit_fast","Equal-AOP","DASCMOP1","DAS-CMOP",100,20000,3,225503,20000,2.3191,0.7522403170667836,0.003298531249724278,1,"Equal_AOP_DASCMOP1_N100_FE20000_run3_seed225503.mat"
"s03_credit_fast","Equal-AOP","DASCMOP2","DAS-CMOP",100,20000,1,225601,20000,1.9188,0.1986273108238356,0.2661178465229956,1,"Equal_AOP_DASCMOP2_N100_FE20000_run1_seed225601.mat"
"s03_credit_fast","Equal-AOP","DASCMOP2","DAS-CMOP",100,20000,2,225602,20000,1.8089,0.234402689446301,0.2626879636252904,1,"Equal_AOP_DASCMOP2_N100_FE20000_run2_seed225602.mat"
"s03_credit_fast","Equal-AOP","DASCMOP2","DAS-CMOP",100,20000,3,225603,20000,2.2674,0.2335941664915746,0.2594654149338804,1,"Equal_AOP_DASCMOP2_N100_FE20000_run3_seed225603.mat"
"s03_credit_fast","Equal-AOP","DASCMOP3","DAS-CMOP",100,20000,1,225701,20000,1.9924,0.247905572737161,0.2397906693519501,1,"Equal_AOP_DASCMOP3_N100_FE20000_run1_seed225701.mat"
"s03_credit_fast","Equal-AOP","DASCMOP3","DAS-CMOP",100,20000,2,225702,20000,2.0398,0.3441700432286965,0.2083579959710682,1,"Equal_AOP_DASCMOP3_N100_FE20000_run2_seed225702.mat"
"s03_credit_fast","Equal-AOP","DASCMOP3","DAS-CMOP",100,20000,3,225703,20000,2.0227,0.3439318580000665,0.208462956427749,1,"Equal_AOP_DASCMOP3_N100_FE20000_run3_seed225703.mat"
"s03_credit_fast","Equal-AOP","DASCMOP4","DAS-CMOP",100,20000,1,225801,20000,1.7315,NaN,NaN,0,"Equal_AOP_DASCMOP4_N100_FE20000_run1_seed225801.mat"
"s03_credit_fast","Equal-AOP","DASCMOP4","DAS-CMOP",100,20000,2,225802,20000,2.0566,NaN,NaN,0,"Equal_AOP_DASCMOP4_N100_FE20000_run2_seed225802.mat"
"s03_credit_fast","Equal-AOP","DASCMOP4","DAS-CMOP",100,20000,3,225803,20000,1.7999,NaN,NaN,0,"Equal_AOP_DASCMOP4_N100_FE20000_run3_seed225803.mat"
"s03_credit_fast","Equal-AOP","DASCMOP5","DAS-CMOP",100,20000,1,225901,20000,1.732,NaN,NaN,0,"Equal_AOP_DASCMOP5_N100_FE20000_run1_seed225901.mat"
"s03_credit_fast","Equal-AOP","DASCMOP5","DAS-CMOP",100,20000,2,225902,20000,2.182,NaN,NaN,0,"Equal_AOP_DASCMOP5_N100_FE20000_run2_seed225902.mat"
"s03_credit_fast","Equal-AOP","DASCMOP5","DAS-CMOP",100,20000,3,225903,20000,1.7871,NaN,NaN,0,"Equal_AOP_DASCMOP5_N100_FE20000_run3_seed225903.mat"
"s03_credit_fast","Equal-AOP","DASCMOP6","DAS-CMOP",100,20000,1,226001,20000,2.1866,NaN,NaN,0,"Equal_AOP_DASCMOP6_N100_FE20000_run1_seed226001.mat"
"s03_credit_fast","Equal-AOP","DASCMOP6","DAS-CMOP",100,20000,2,226002,20000,1.7813,NaN,NaN,0,"Equal_AOP_DASCMOP6_N100_FE20000_run2_seed226002.mat"
"s03_credit_fast","Equal-AOP","DASCMOP6","DAS-CMOP",100,20000,3,226003,20000,1.841,NaN,NaN,0,"Equal_AOP_DASCMOP6_N100_FE20000_run3_seed226003.mat"
"s03_credit_fast","Equal-AOP","DASCMOP7","DAS-CMOP",100,20000,1,226101,20000,2.2559,NaN,NaN,0,"Equal_AOP_DASCMOP7_N100_FE20000_run1_seed226101.mat"
"s03_credit_fast","Equal-AOP","DASCMOP7","DAS-CMOP",100,20000,2,226102,20000,1.86,NaN,NaN,0,"Equal_AOP_DASCMOP7_N100_FE20000_run2_seed226102.mat"
"s03_credit_fast","Equal-AOP","DASCMOP7","DAS-CMOP",100,20000,3,226103,20000,1.7877,NaN,NaN,0,"Equal_AOP_DASCMOP7_N100_FE20000_run3_seed226103.mat"
"s03_credit_fast","Equal-AOP","DASCMOP8","DAS-CMOP",100,20000,1,226201,20000,2.0377,NaN,NaN,0,"Equal_AOP_DASCMOP8_N100_FE20000_run1_seed226201.mat"
"s03_credit_fast","Equal-AOP","DASCMOP8","DAS-CMOP",100,20000,2,226202,20000,1.8213,NaN,NaN,0,"Equal_AOP_DASCMOP8_N100_FE20000_run2_seed226202.mat"
"s03_credit_fast","Equal-AOP","DASCMOP8","DAS-CMOP",100,20000,3,226203,20000,1.9737,NaN,NaN,0,"Equal_AOP_DASCMOP8_N100_FE20000_run3_seed226203.mat"
"s03_credit_fast","Equal-AOP","DASCMOP9","DAS-CMOP",100,20000,1,226301,20000,2.1302,0.05737041069231837,0.2012782824580935,1,"Equal_AOP_DASCMOP9_N100_FE20000_run1_seed226301.mat"
"s03_credit_fast","Equal-AOP","DASCMOP9","DAS-CMOP",100,20000,2,226302,20000,2.2902,0.1081187165305993,0.1752390341721829,1,"Equal_AOP_DASCMOP9_N100_FE20000_run2_seed226302.mat"
"s03_credit_fast","Equal-AOP","DASCMOP9","DAS-CMOP",100,20000,3,226303,20000,2.3207,0.09796470432794457,0.1817159860351735,1,"Equal_AOP_DASCMOP9_N100_FE20000_run3_seed226303.mat"
"s03_credit_fast","Equal-AOP","LIRCMOP10","LIR-CMOP",100,20000,1,225001,20000,3.2879,0.4547770530578753,0.4361726539326812,1,"Equal_AOP_LIRCMOP10_N100_FE20000_run1_seed225001.mat"
"s03_credit_fast","Equal-AOP","LIRCMOP10","LIR-CMOP",100,20000,2,225002,20000,4.9598,0.4375180105712376,0.463277740475101,1,"Equal_AOP_LIRCMOP10_N100_FE20000_run2_seed225002.mat"
"s03_credit_fast","Equal-AOP","LIRCMOP10","LIR-CMOP",100,20000,3,225003,20000,3.8474,0.4410101966118412,0.4609366677292818,1,"Equal_AOP_LIRCMOP10_N100_FE20000_run3_seed225003.mat"
"s03_credit_fast","Equal-AOP","LIRCMOP11","LIR-CMOP",100,20000,1,225101,20000,2.3193,0.2940999041550654,0.5664476648897533,1,"Equal_AOP_LIRCMOP11_N100_FE20000_run1_seed225101.mat"
"s03_credit_fast","Equal-AOP","LIRCMOP11","LIR-CMOP",100,20000,2,225102,20000,2.6637,0.1625306921735123,0.5826304394057997,1,"Equal_AOP_LIRCMOP11_N100_FE20000_run2_seed225102.mat"
"s03_credit_fast","Equal-AOP","LIRCMOP11","LIR-CMOP",100,20000,3,225103,20000,2.9354,0.1780373476930827,0.5769894570442471,1,"Equal_AOP_LIRCMOP11_N100_FE20000_run3_seed225103.mat"
"s03_credit_fast","Equal-AOP","LIRCMOP12","LIR-CMOP",100,20000,1,225201,20000,2.8819,0.3223483175188987,0.4301638726102056,1,"Equal_AOP_LIRCMOP12_N100_FE20000_run1_seed225201.mat"
"s03_credit_fast","Equal-AOP","LIRCMOP12","LIR-CMOP",100,20000,2,225202,20000,2.3137,0.1916631648178684,0.5076671877422074,1,"Equal_AOP_LIRCMOP12_N100_FE20000_run2_seed225202.mat"
"s03_credit_fast","Equal-AOP","LIRCMOP12","LIR-CMOP",100,20000,3,225203,20000,2.339,0.2939933909205951,0.4566178822754389,1,"Equal_AOP_LIRCMOP12_N100_FE20000_run3_seed225203.mat"
"s03_credit_fast","Equal-AOP","LIRCMOP13","LIR-CMOP",100,20000,1,225301,20000,3.4845,0.1143195993375362,0.5154736871455557,1,"Equal_AOP_LIRCMOP13_N100_FE20000_run1_seed225301.mat"
"s03_credit_fast","Equal-AOP","LIRCMOP13","LIR-CMOP",100,20000,2,225302,20000,2.7552,0.1218242831691768,0.5065081034722457,1,"Equal_AOP_LIRCMOP13_N100_FE20000_run2_seed225302.mat"
"s03_credit_fast","Equal-AOP","LIRCMOP13","LIR-CMOP",100,20000,3,225303,20000,3.0377,0.114345699277168,0.5173779610213438,1,"Equal_AOP_LIRCMOP13_N100_FE20000_run3_seed225303.mat"
"s03_credit_fast","Equal-AOP","LIRCMOP14","LIR-CMOP",100,20000,1,225401,20000,3.213,0.1066958248306106,0.5375043133581179,1,"Equal_AOP_LIRCMOP14_N100_FE20000_run1_seed225401.mat"
"s03_credit_fast","Equal-AOP","LIRCMOP14","LIR-CMOP",100,20000,2,225402,20000,3.4437,0.1015790726570556,0.547899012934505,1,"Equal_AOP_LIRCMOP14_N100_FE20000_run2_seed225402.mat"
"s03_credit_fast","Equal-AOP","LIRCMOP14","LIR-CMOP",100,20000,3,225403,20000,3.3537,0.100608931597978,0.5459699195634136,1,"Equal_AOP_LIRCMOP14_N100_FE20000_run3_seed225403.mat"
"s03_credit_fast","Equal-AOP","LIRCMOP1","LIR-CMOP",100,20000,1,224101,20000,2.1578,0.2773499727413947,0.1168092863163541,1,"Equal_AOP_LIRCMOP1_N100_FE20000_run1_seed224101.mat"
"s03_credit_fast","Equal-AOP","LIRCMOP1","LIR-CMOP",100,20000,2,224102,20000,2.0036,0.2248672225991341,0.1365951817781985,1,"Equal_AOP_LIRCMOP1_N100_FE20000_run2_seed224102.mat"
"s03_credit_fast","Equal-AOP","LIRCMOP1","LIR-CMOP",100,20000,3,224103,20000,1.7636,0.2157418122569199,0.1400041776830972,1,"Equal_AOP_LIRCMOP1_N100_FE20000_run3_seed224103.mat"
"s03_credit_fast","Equal-AOP","LIRCMOP2","LIR-CMOP",100,20000,1,224201,20000,2.0266,0.2183262899458091,0.247397281979793,1,"Equal_AOP_LIRCMOP2_N100_FE20000_run1_seed224201.mat"
"s03_credit_fast","Equal-AOP","LIRCMOP2","LIR-CMOP",100,20000,2,224202,20000,2.2807,0.1798980471169719,0.2923201053844131,0.5,"Equal_AOP_LIRCMOP2_N100_FE20000_run2_seed224202.mat"
"s03_credit_fast","Equal-AOP","LIRCMOP2","LIR-CMOP",100,20000,3,224203,20000,1.8465,0.22410330536406,0.2391579118868653,0.8100000000000001,"Equal_AOP_LIRCMOP2_N100_FE20000_run3_seed224203.mat"
"s03_credit_fast","Equal-AOP","LIRCMOP3","LIR-CMOP",100,20000,1,224301,20000,1.9083,0.2788691957264305,0.1050236807752964,1,"Equal_AOP_LIRCMOP3_N100_FE20000_run1_seed224301.mat"
"s03_credit_fast","Equal-AOP","LIRCMOP3","LIR-CMOP",100,20000,2,224302,20000,2.1422,0.2116341121939894,0.1271936415394955,1,"Equal_AOP_LIRCMOP3_N100_FE20000_run2_seed224302.mat"
"s03_credit_fast","Equal-AOP","LIRCMOP3","LIR-CMOP",100,20000,3,224303,20000,2.1439,0.2332755505254739,0.114479809175041,1,"Equal_AOP_LIRCMOP3_N100_FE20000_run3_seed224303.mat"
"s03_credit_fast","Equal-AOP","LIRCMOP4","LIR-CMOP",100,20000,1,224401,20000,1.9703,0.3102649567916919,0.1805385752530463,1,"Equal_AOP_LIRCMOP4_N100_FE20000_run1_seed224401.mat"
"s03_credit_fast","Equal-AOP","LIRCMOP4","LIR-CMOP",100,20000,2,224402,20000,1.8679,0.2542776227813568,0.2072236645294439,1,"Equal_AOP_LIRCMOP4_N100_FE20000_run2_seed224402.mat"
"s03_credit_fast","Equal-AOP","LIRCMOP4","LIR-CMOP",100,20000,3,224403,20000,1.7263,0.2550091098505441,0.2083505291604419,0.51,"Equal_AOP_LIRCMOP4_N100_FE20000_run3_seed224403.mat"
"s03_credit_fast","Equal-AOP","LIRCMOP5","LIR-CMOP",100,20000,1,224501,20000,2.3216,1.222587525971971,0,1,"Equal_AOP_LIRCMOP5_N100_FE20000_run1_seed224501.mat"
"s03_credit_fast","Equal-AOP","LIRCMOP5","LIR-CMOP",100,20000,2,224502,20000,2.2349,0.3467301773647611,0.1325650998844504,1,"Equal_AOP_LIRCMOP5_N100_FE20000_run2_seed224502.mat"
"s03_credit_fast","Equal-AOP","LIRCMOP5","LIR-CMOP",100,20000,3,224503,20000,2.1033,0.2799532390701477,0.154629442662853,1,"Equal_AOP_LIRCMOP5_N100_FE20000_run3_seed224503.mat"
"s03_credit_fast","Equal-AOP","LIRCMOP6","LIR-CMOP",100,20000,1,224601,20000,2.2626,1.347082534864074,0,1,"Equal_AOP_LIRCMOP6_N100_FE20000_run1_seed224601.mat"
"s03_credit_fast","Equal-AOP","LIRCMOP6","LIR-CMOP",100,20000,2,224602,20000,2.3663,1.347374300106631,0,1,"Equal_AOP_LIRCMOP6_N100_FE20000_run2_seed224602.mat"
"s03_credit_fast","Equal-AOP","LIRCMOP6","LIR-CMOP",100,20000,3,224603,20000,2.1878,1.347666270849971,0,1,"Equal_AOP_LIRCMOP6_N100_FE20000_run3_seed224603.mat"
"s03_credit_fast","Equal-AOP","LIRCMOP7","LIR-CMOP",100,20000,1,224701,20000,1.9305,0.1070623562832637,0.251575730055387,1,"Equal_AOP_LIRCMOP7_N100_FE20000_run1_seed224701.mat"
"s03_credit_fast","Equal-AOP","LIRCMOP7","LIR-CMOP",100,20000,2,224702,20000,1.9609,0.1110168216560499,0.2492928017985066,1,"Equal_AOP_LIRCMOP7_N100_FE20000_run2_seed224702.mat"
"s03_credit_fast","Equal-AOP","LIRCMOP7","LIR-CMOP",100,20000,3,224703,20000,2.1726,0.1314125885958522,0.244458942768478,1,"Equal_AOP_LIRCMOP7_N100_FE20000_run3_seed224703.mat"
"s03_credit_fast","Equal-AOP","LIRCMOP8","LIR-CMOP",100,20000,1,224801,20000,1.9625,0.1681280609362702,0.2335143904797855,1,"Equal_AOP_LIRCMOP8_N100_FE20000_run1_seed224801.mat"
"s03_credit_fast","Equal-AOP","LIRCMOP8","LIR-CMOP",100,20000,2,224802,20000,1.9176,0.2215335058119719,0.2272394916278357,1,"Equal_AOP_LIRCMOP8_N100_FE20000_run2_seed224802.mat"
"s03_credit_fast","Equal-AOP","LIRCMOP8","LIR-CMOP",100,20000,3,224803,20000,2.2353,0.1877972419796503,0.2288905637901177,1,"Equal_AOP_LIRCMOP8_N100_FE20000_run3_seed224803.mat"
"s03_credit_fast","Equal-AOP","LIRCMOP9","LIR-CMOP",100,20000,1,224901,20000,3.0599,0.505993183926945,0.3541530267347348,1,"Equal_AOP_LIRCMOP9_N100_FE20000_run1_seed224901.mat"
"s03_credit_fast","Equal-AOP","LIRCMOP9","LIR-CMOP",100,20000,2,224902,20000,3.1389,0.5175566804294183,0.3112939642134536,1,"Equal_AOP_LIRCMOP9_N100_FE20000_run2_seed224902.mat"
"s03_credit_fast","Equal-AOP","LIRCMOP9","LIR-CMOP",100,20000,3,224903,20000,2.761,0.5070423552162548,0.3544291527076722,1,"Equal_AOP_LIRCMOP9_N100_FE20000_run3_seed224903.mat"
"s03_credit_fast","Feasibility-Credit-AOP","CF10","CF",100,20000,1,244001,20000,2.4136,0.3954889787180462,0.08756483938037182,1,"Feasibility_Credit_AOP_CF10_N100_FE20000_run1_seed244001.mat"
"s03_credit_fast","Feasibility-Credit-AOP","CF10","CF",100,20000,2,244002,20000,2.7252,0.2075679882704816,0.2367109033961668,1,"Feasibility_Credit_AOP_CF10_N100_FE20000_run2_seed244002.mat"
"s03_credit_fast","Feasibility-Credit-AOP","CF10","CF",100,20000,3,244003,20000,2.4545,0.1891172109735306,0.2440156705573654,1,"Feasibility_Credit_AOP_CF10_N100_FE20000_run3_seed244003.mat"
"s03_credit_fast","Feasibility-Credit-AOP","CF1","CF",100,20000,1,243101,20000,2.6001,0.01318671227631186,0.5505406947346866,1,"Feasibility_Credit_AOP_CF1_N100_FE20000_run1_seed243101.mat"
"s03_credit_fast","Feasibility-Credit-AOP","CF1","CF",100,20000,2,243102,20000,3.0147,0.01214908306849259,0.5517020300526388,1,"Feasibility_Credit_AOP_CF1_N100_FE20000_run2_seed243102.mat"
"s03_credit_fast","Feasibility-Credit-AOP","CF1","CF",100,20000,3,243103,20000,2.9138,0.01155932696122979,0.552493049999797,1,"Feasibility_Credit_AOP_CF1_N100_FE20000_run3_seed243103.mat"
"s03_credit_fast","Feasibility-Credit-AOP","CF2","CF",100,20000,1,243201,20000,2.7275,0.02766704503048335,0.6233253898141173,1,"Feasibility_Credit_AOP_CF2_N100_FE20000_run1_seed243201.mat"
"s03_credit_fast","Feasibility-Credit-AOP","CF2","CF",100,20000,2,243202,20000,2.9194,0.02843781088651261,0.6364621120982495,1,"Feasibility_Credit_AOP_CF2_N100_FE20000_run2_seed243202.mat"
"s03_credit_fast","Feasibility-Credit-AOP","CF2","CF",100,20000,3,243203,20000,2.8314,0.04591753482883049,0.6184709435532861,1,"Feasibility_Credit_AOP_CF2_N100_FE20000_run3_seed243203.mat"
"s03_credit_fast","Feasibility-Credit-AOP","CF3","CF",100,20000,1,243301,20000,2.3956,0.3354742480248318,0.1061150931422739,1,"Feasibility_Credit_AOP_CF3_N100_FE20000_run1_seed243301.mat"
"s03_credit_fast","Feasibility-Credit-AOP","CF3","CF",100,20000,2,243302,20000,2.6173,0.2886081289549173,0.07765227078853813,1,"Feasibility_Credit_AOP_CF3_N100_FE20000_run2_seed243302.mat"
"s03_credit_fast","Feasibility-Credit-AOP","CF3","CF",100,20000,3,243303,20000,2.486,0.2547624082864416,0.1352351391063478,1,"Feasibility_Credit_AOP_CF3_N100_FE20000_run3_seed243303.mat"
"s03_credit_fast","Feasibility-Credit-AOP","CF4","CF",100,20000,1,243401,20000,2.7801,0.0599528221568773,0.4535413156876464,1,"Feasibility_Credit_AOP_CF4_N100_FE20000_run1_seed243401.mat"
"s03_credit_fast","Feasibility-Credit-AOP","CF4","CF",100,20000,2,243402,20000,2.414,0.05397621552828905,0.463622125434376,1,"Feasibility_Credit_AOP_CF4_N100_FE20000_run2_seed243402.mat"
"s03_credit_fast","Feasibility-Credit-AOP","CF4","CF",100,20000,3,243403,20000,3.0896,0.1005269369666422,0.3909104871703996,1,"Feasibility_Credit_AOP_CF4_N100_FE20000_run3_seed243403.mat"
"s03_credit_fast","Feasibility-Credit-AOP","CF5","CF",100,20000,1,243501,20000,2.7277,0.1570534456439687,0.3177672194897412,1,"Feasibility_Credit_AOP_CF5_N100_FE20000_run1_seed243501.mat"
"s03_credit_fast","Feasibility-Credit-AOP","CF5","CF",100,20000,2,243502,20000,2.6165,0.1532705255587398,0.3151696076692461,1,"Feasibility_Credit_AOP_CF5_N100_FE20000_run2_seed243502.mat"
"s03_credit_fast","Feasibility-Credit-AOP","CF5","CF",100,20000,3,243503,20000,2.3854,0.2540390018924595,0.21980912038086,1,"Feasibility_Credit_AOP_CF5_N100_FE20000_run3_seed243503.mat"
"s03_credit_fast","Feasibility-Credit-AOP","CF6","CF",100,20000,1,243601,20000,3.1653,0.06609727628428612,0.6276586006275546,1,"Feasibility_Credit_AOP_CF6_N100_FE20000_run1_seed243601.mat"
"s03_credit_fast","Feasibility-Credit-AOP","CF6","CF",100,20000,2,243602,20000,3.2358,0.1225762333549038,0.6206069782908964,1,"Feasibility_Credit_AOP_CF6_N100_FE20000_run2_seed243602.mat"
"s03_credit_fast","Feasibility-Credit-AOP","CF6","CF",100,20000,3,243603,20000,3.2713,0.07841839452177582,0.6237894279296538,1,"Feasibility_Credit_AOP_CF6_N100_FE20000_run3_seed243603.mat"
"s03_credit_fast","Feasibility-Credit-AOP","CF7","CF",100,20000,1,243701,20000,2.3311,0.4027134803936688,0.3370487685038911,1,"Feasibility_Credit_AOP_CF7_N100_FE20000_run1_seed243701.mat"
"s03_credit_fast","Feasibility-Credit-AOP","CF7","CF",100,20000,2,243702,20000,2.1949,0.1494489962018478,0.5283131677465855,1,"Feasibility_Credit_AOP_CF7_N100_FE20000_run2_seed243702.mat"
"s03_credit_fast","Feasibility-Credit-AOP","CF7","CF",100,20000,3,243703,20000,2.3108,0.1486035838793426,0.5317905795225776,1,"Feasibility_Credit_AOP_CF7_N100_FE20000_run3_seed243703.mat"
"s03_credit_fast","Feasibility-Credit-AOP","CF8","CF",100,20000,1,243801,20000,2.4706,0.2105125543289868,0.2922849767822678,1,"Feasibility_Credit_AOP_CF8_N100_FE20000_run1_seed243801.mat"
"s03_credit_fast","Feasibility-Credit-AOP","CF8","CF",100,20000,2,243802,20000,2.5591,0.1870332324911881,0.2957618479235981,1,"Feasibility_Credit_AOP_CF8_N100_FE20000_run2_seed243802.mat"
"s03_credit_fast","Feasibility-Credit-AOP","CF8","CF",100,20000,3,243803,20000,2.4842,0.176868716991373,0.3312001442504673,1,"Feasibility_Credit_AOP_CF8_N100_FE20000_run3_seed243803.mat"
"s03_credit_fast","Feasibility-Credit-AOP","CF9","CF",100,20000,1,243901,20000,2.939,0.1227714414338687,0.3887560842374692,1,"Feasibility_Credit_AOP_CF9_N100_FE20000_run1_seed243901.mat"
"s03_credit_fast","Feasibility-Credit-AOP","CF9","CF",100,20000,2,243902,20000,2.8109,0.1111316796246493,0.4030816119123564,1,"Feasibility_Credit_AOP_CF9_N100_FE20000_run2_seed243902.mat"
"s03_credit_fast","Feasibility-Credit-AOP","CF9","CF",100,20000,3,243903,20000,3.1546,0.1171349082594608,0.4009418341825938,1,"Feasibility_Credit_AOP_CF9_N100_FE20000_run3_seed243903.mat"
"s03_credit_fast","Feasibility-Credit-AOP","DASCMOP1","DAS-CMOP",100,20000,1,245501,20000,2.206,0.7045106784665831,0.01235006346666766,1,"Feasibility_Credit_AOP_DASCMOP1_N100_FE20000_run1_seed245501.mat"
"s03_credit_fast","Feasibility-Credit-AOP","DASCMOP1","DAS-CMOP",100,20000,2,245502,20000,2.0809,0.6408182634140623,0.02212475632045257,1,"Feasibility_Credit_AOP_DASCMOP1_N100_FE20000_run2_seed245502.mat"
"s03_credit_fast","Feasibility-Credit-AOP","DASCMOP1","DAS-CMOP",100,20000,3,245503,20000,2.0827,0.736626393304332,0.004759881701592303,1,"Feasibility_Credit_AOP_DASCMOP1_N100_FE20000_run3_seed245503.mat"
"s03_credit_fast","Feasibility-Credit-AOP","DASCMOP2","DAS-CMOP",100,20000,1,245601,20000,2.2339,0.26772516406066,0.2542734046350614,1,"Feasibility_Credit_AOP_DASCMOP2_N100_FE20000_run1_seed245601.mat"
"s03_credit_fast","Feasibility-Credit-AOP","DASCMOP2","DAS-CMOP",100,20000,2,245602,20000,2.1715,0.2538244421886363,0.2508489951061295,1,"Feasibility_Credit_AOP_DASCMOP2_N100_FE20000_run2_seed245602.mat"
"s03_credit_fast","Feasibility-Credit-AOP","DASCMOP2","DAS-CMOP",100,20000,3,245603,20000,2.2074,0.1806277402973869,0.2828029935615521,1,"Feasibility_Credit_AOP_DASCMOP2_N100_FE20000_run3_seed245603.mat"
"s03_credit_fast","Feasibility-Credit-AOP","DASCMOP3","DAS-CMOP",100,20000,1,245701,20000,2.2388,0.2657035964039519,0.2524248229691121,1,"Feasibility_Credit_AOP_DASCMOP3_N100_FE20000_run1_seed245701.mat"
"s03_credit_fast","Feasibility-Credit-AOP","DASCMOP3","DAS-CMOP",100,20000,2,245702,20000,2.3308,0.247273691932842,0.2438753638361656,1,"Feasibility_Credit_AOP_DASCMOP3_N100_FE20000_run2_seed245702.mat"
"s03_credit_fast","Feasibility-Credit-AOP","DASCMOP3","DAS-CMOP",100,20000,3,245703,20000,2.2854,0.02289391391675843,0.3063403358627015,1,"Feasibility_Credit_AOP_DASCMOP3_N100_FE20000_run3_seed245703.mat"
"s03_credit_fast","Feasibility-Credit-AOP","DASCMOP4","DAS-CMOP",100,20000,1,245801,20000,2.1236,NaN,NaN,0,"Feasibility_Credit_AOP_DASCMOP4_N100_FE20000_run1_seed245801.mat"
"s03_credit_fast","Feasibility-Credit-AOP","DASCMOP4","DAS-CMOP",100,20000,2,245802,20000,1.9068,NaN,NaN,0,"Feasibility_Credit_AOP_DASCMOP4_N100_FE20000_run2_seed245802.mat"
"s03_credit_fast","Feasibility-Credit-AOP","DASCMOP4","DAS-CMOP",100,20000,3,245803,20000,1.9004,NaN,NaN,0,"Feasibility_Credit_AOP_DASCMOP4_N100_FE20000_run3_seed245803.mat"
"s03_credit_fast","Feasibility-Credit-AOP","DASCMOP5","DAS-CMOP",100,20000,1,245901,20000,2.1561,NaN,NaN,0,"Feasibility_Credit_AOP_DASCMOP5_N100_FE20000_run1_seed245901.mat"
"s03_credit_fast","Feasibility-Credit-AOP","DASCMOP5","DAS-CMOP",100,20000,2,245902,20000,2.211,NaN,NaN,0,"Feasibility_Credit_AOP_DASCMOP5_N100_FE20000_run2_seed245902.mat"
"s03_credit_fast","Feasibility-Credit-AOP","DASCMOP5","DAS-CMOP",100,20000,3,245903,20000,1.9878,NaN,NaN,0,"Feasibility_Credit_AOP_DASCMOP5_N100_FE20000_run3_seed245903.mat"
"s03_credit_fast","Feasibility-Credit-AOP","DASCMOP6","DAS-CMOP",100,20000,1,246001,20000,2.1574,NaN,NaN,0,"Feasibility_Credit_AOP_DASCMOP6_N100_FE20000_run1_seed246001.mat"
"s03_credit_fast","Feasibility-Credit-AOP","DASCMOP6","DAS-CMOP",100,20000,2,246002,20000,1.9464,NaN,NaN,0,"Feasibility_Credit_AOP_DASCMOP6_N100_FE20000_run2_seed246002.mat"
"s03_credit_fast","Feasibility-Credit-AOP","DASCMOP6","DAS-CMOP",100,20000,3,246003,20000,2.2146,NaN,NaN,0,"Feasibility_Credit_AOP_DASCMOP6_N100_FE20000_run3_seed246003.mat"
"s03_credit_fast","Feasibility-Credit-AOP","DASCMOP7","DAS-CMOP",100,20000,1,246101,20000,2.0147,NaN,NaN,0,"Feasibility_Credit_AOP_DASCMOP7_N100_FE20000_run1_seed246101.mat"
"s03_credit_fast","Feasibility-Credit-AOP","DASCMOP7","DAS-CMOP",100,20000,2,246102,20000,1.9761,NaN,NaN,0,"Feasibility_Credit_AOP_DASCMOP7_N100_FE20000_run2_seed246102.mat"
"s03_credit_fast","Feasibility-Credit-AOP","DASCMOP7","DAS-CMOP",100,20000,3,246103,20000,2.1723,NaN,NaN,0,"Feasibility_Credit_AOP_DASCMOP7_N100_FE20000_run3_seed246103.mat"
"s03_credit_fast","Feasibility-Credit-AOP","DASCMOP8","DAS-CMOP",100,20000,1,246201,20000,2.2853,NaN,NaN,0,"Feasibility_Credit_AOP_DASCMOP8_N100_FE20000_run1_seed246201.mat"
"s03_credit_fast","Feasibility-Credit-AOP","DASCMOP8","DAS-CMOP",100,20000,2,246202,20000,1.9638,NaN,NaN,0,"Feasibility_Credit_AOP_DASCMOP8_N100_FE20000_run2_seed246202.mat"
"s03_credit_fast","Feasibility-Credit-AOP","DASCMOP8","DAS-CMOP",100,20000,3,246203,20000,2.2591,NaN,NaN,0,"Feasibility_Credit_AOP_DASCMOP8_N100_FE20000_run3_seed246203.mat"
"s03_credit_fast","Feasibility-Credit-AOP","DASCMOP9","DAS-CMOP",100,20000,1,246301,20000,2.2897,0.4175152528873322,0.1298764297792039,1,"Feasibility_Credit_AOP_DASCMOP9_N100_FE20000_run1_seed246301.mat"
"s03_credit_fast","Feasibility-Credit-AOP","DASCMOP9","DAS-CMOP",100,20000,2,246302,20000,2.2745,0.07684314721570568,0.1916300828811584,1,"Feasibility_Credit_AOP_DASCMOP9_N100_FE20000_run2_seed246302.mat"
"s03_credit_fast","Feasibility-Credit-AOP","DASCMOP9","DAS-CMOP",100,20000,3,246303,20000,2.167,0.3316698149876318,0.1345216805623619,1,"Feasibility_Credit_AOP_DASCMOP9_N100_FE20000_run3_seed246303.mat"
"s03_credit_fast","Feasibility-Credit-AOP","LIRCMOP10","LIR-CMOP",100,20000,1,245001,20000,4.1883,0.444789180419261,0.4503048146779254,1,"Feasibility_Credit_AOP_LIRCMOP10_N100_FE20000_run1_seed245001.mat"
"s03_credit_fast","Feasibility-Credit-AOP","LIRCMOP10","LIR-CMOP",100,20000,2,245002,20000,4.6477,0.4276358530034247,0.4616566307714569,1,"Feasibility_Credit_AOP_LIRCMOP10_N100_FE20000_run2_seed245002.mat"
"s03_credit_fast","Feasibility-Credit-AOP","LIRCMOP10","LIR-CMOP",100,20000,3,245003,20000,4.3,0.4286722497427344,0.4603303378603681,1,"Feasibility_Credit_AOP_LIRCMOP10_N100_FE20000_run3_seed245003.mat"
"s03_credit_fast","Feasibility-Credit-AOP","LIRCMOP11","LIR-CMOP",100,20000,1,245101,20000,2.9264,0.1531786367309849,0.5895809696324601,1,"Feasibility_Credit_AOP_LIRCMOP11_N100_FE20000_run1_seed245101.mat"
"s03_credit_fast","Feasibility-Credit-AOP","LIRCMOP11","LIR-CMOP",100,20000,2,245102,20000,2.9572,0.1567692430717777,0.5864033043398295,1,"Feasibility_Credit_AOP_LIRCMOP11_N100_FE20000_run2_seed245102.mat"
"s03_credit_fast","Feasibility-Credit-AOP","LIRCMOP11","LIR-CMOP",100,20000,3,245103,20000,3.1924,0.1582345880033384,0.5806677293141231,1,"Feasibility_Credit_AOP_LIRCMOP11_N100_FE20000_run3_seed245103.mat"
"s03_credit_fast","Feasibility-Credit-AOP","LIRCMOP12","LIR-CMOP",100,20000,1,245201,20000,2.5738,0.3276060205639725,0.4268275285934807,1,"Feasibility_Credit_AOP_LIRCMOP12_N100_FE20000_run1_seed245201.mat"
"s03_credit_fast","Feasibility-Credit-AOP","LIRCMOP12","LIR-CMOP",100,20000,2,245202,20000,3.1002,0.3008575802970807,0.4536132126466813,1,"Feasibility_Credit_AOP_LIRCMOP12_N100_FE20000_run2_seed245202.mat"
"s03_credit_fast","Feasibility-Credit-AOP","LIRCMOP12","LIR-CMOP",100,20000,3,245203,20000,2.665,0.1924038480561548,0.5072122365719159,1,"Feasibility_Credit_AOP_LIRCMOP12_N100_FE20000_run3_seed245203.mat"
"s03_credit_fast","Feasibility-Credit-AOP","LIRCMOP13","LIR-CMOP",100,20000,1,245301,20000,3.2991,0.1186784217062666,0.5132945664171613,1,"Feasibility_Credit_AOP_LIRCMOP13_N100_FE20000_run1_seed245301.mat"
"s03_credit_fast","Feasibility-Credit-AOP","LIRCMOP13","LIR-CMOP",100,20000,2,245302,20000,3.5223,0.116821200305016,0.5142007779219255,1,"Feasibility_Credit_AOP_LIRCMOP13_N100_FE20000_run2_seed245302.mat"
"s03_credit_fast","Feasibility-Credit-AOP","LIRCMOP13","LIR-CMOP",100,20000,3,245303,20000,3.4983,0.1131334127111072,0.5195230394455927,1,"Feasibility_Credit_AOP_LIRCMOP13_N100_FE20000_run3_seed245303.mat"
"s03_credit_fast","Feasibility-Credit-AOP","LIRCMOP14","LIR-CMOP",100,20000,1,245401,20000,3.5048,0.09911316951159184,0.548876251562566,1,"Feasibility_Credit_AOP_LIRCMOP14_N100_FE20000_run1_seed245401.mat"
"s03_credit_fast","Feasibility-Credit-AOP","LIRCMOP14","LIR-CMOP",100,20000,2,245402,20000,3.4541,0.09911703688989631,0.5497562893372234,1,"Feasibility_Credit_AOP_LIRCMOP14_N100_FE20000_run2_seed245402.mat"
"s03_credit_fast","Feasibility-Credit-AOP","LIRCMOP14","LIR-CMOP",100,20000,3,245403,20000,3.1138,0.1054887426018162,0.541836763877886,1,"Feasibility_Credit_AOP_LIRCMOP14_N100_FE20000_run3_seed245403.mat"
"s03_credit_fast","Feasibility-Credit-AOP","LIRCMOP1","LIR-CMOP",100,20000,1,244101,20000,2.0612,0.3094351351458998,0.1042412242039178,1,"Feasibility_Credit_AOP_LIRCMOP1_N100_FE20000_run1_seed244101.mat"
"s03_credit_fast","Feasibility-Credit-AOP","LIRCMOP1","LIR-CMOP",100,20000,2,244102,20000,2.2023,0.3079784636935177,0.1186313910464483,1,"Feasibility_Credit_AOP_LIRCMOP1_N100_FE20000_run2_seed244102.mat"
"s03_credit_fast","Feasibility-Credit-AOP","LIRCMOP1","LIR-CMOP",100,20000,3,244103,20000,1.9959,0.3418162481880824,0.09490727080600188,1,"Feasibility_Credit_AOP_LIRCMOP1_N100_FE20000_run3_seed244103.mat"
"s03_credit_fast","Feasibility-Credit-AOP","LIRCMOP2","LIR-CMOP",100,20000,1,244201,20000,2.0226,0.2649636005812075,0.2220890189758339,1,"Feasibility_Credit_AOP_LIRCMOP2_N100_FE20000_run1_seed244201.mat"
"s03_credit_fast","Feasibility-Credit-AOP","LIRCMOP2","LIR-CMOP",100,20000,2,244202,20000,2.2823,0.2546626461860117,0.2296989350543174,1,"Feasibility_Credit_AOP_LIRCMOP2_N100_FE20000_run2_seed244202.mat"
"s03_credit_fast","Feasibility-Credit-AOP","LIRCMOP2","LIR-CMOP",100,20000,3,244203,20000,2.2203,0.1822309460593064,0.2429579812274771,1,"Feasibility_Credit_AOP_LIRCMOP2_N100_FE20000_run3_seed244203.mat"
"s03_credit_fast","Feasibility-Credit-AOP","LIRCMOP3","LIR-CMOP",100,20000,1,244301,20000,2.0796,0.2671271685200993,0.1082341097075551,1,"Feasibility_Credit_AOP_LIRCMOP3_N100_FE20000_run1_seed244301.mat"
"s03_credit_fast","Feasibility-Credit-AOP","LIRCMOP3","LIR-CMOP",100,20000,2,244302,20000,2.2661,0.2938431832134663,0.1009832197615061,1,"Feasibility_Credit_AOP_LIRCMOP3_N100_FE20000_run2_seed244302.mat"
"s03_credit_fast","Feasibility-Credit-AOP","LIRCMOP3","LIR-CMOP",100,20000,3,244303,20000,2.2142,0.2285528057286422,0.1329436400303644,1,"Feasibility_Credit_AOP_LIRCMOP3_N100_FE20000_run3_seed244303.mat"
"s03_credit_fast","Feasibility-Credit-AOP","LIRCMOP4","LIR-CMOP",100,20000,1,244401,20000,2.083,0.2173980057337465,0.217428280141444,1,"Feasibility_Credit_AOP_LIRCMOP4_N100_FE20000_run1_seed244401.mat"
"s03_credit_fast","Feasibility-Credit-AOP","LIRCMOP4","LIR-CMOP",100,20000,2,244402,20000,2.0952,0.2612016347154332,0.2033976327134764,1,"Feasibility_Credit_AOP_LIRCMOP4_N100_FE20000_run2_seed244402.mat"
"s03_credit_fast","Feasibility-Credit-AOP","LIRCMOP4","LIR-CMOP",100,20000,3,244403,20000,2.2233,0.2027225287281225,0.232516754534217,1,"Feasibility_Credit_AOP_LIRCMOP4_N100_FE20000_run3_seed244403.mat"
"s03_credit_fast","Feasibility-Credit-AOP","LIRCMOP5","LIR-CMOP",100,20000,1,244501,20000,2.5731,1.233499145000928,0,1,"Feasibility_Credit_AOP_LIRCMOP5_N100_FE20000_run1_seed244501.mat"
"s03_credit_fast","Feasibility-Credit-AOP","LIRCMOP5","LIR-CMOP",100,20000,2,244502,20000,2.4309,1.225986068210082,0,1,"Feasibility_Credit_AOP_LIRCMOP5_N100_FE20000_run2_seed244502.mat"
"s03_credit_fast","Feasibility-Credit-AOP","LIRCMOP5","LIR-CMOP",100,20000,3,244503,20000,2.539,1.209940153993799,0,1,"Feasibility_Credit_AOP_LIRCMOP5_N100_FE20000_run3_seed244503.mat"
"s03_credit_fast","Feasibility-Credit-AOP","LIRCMOP6","LIR-CMOP",100,20000,1,244601,20000,2.3067,1.347570648882648,0,1,"Feasibility_Credit_AOP_LIRCMOP6_N100_FE20000_run1_seed244601.mat"
"s03_credit_fast","Feasibility-Credit-AOP","LIRCMOP6","LIR-CMOP",100,20000,2,244602,20000,2.344,1.348329866570023,0,1,"Feasibility_Credit_AOP_LIRCMOP6_N100_FE20000_run2_seed244602.mat"
"s03_credit_fast","Feasibility-Credit-AOP","LIRCMOP6","LIR-CMOP",100,20000,3,244603,20000,2.4012,1.34718312198948,0,1,"Feasibility_Credit_AOP_LIRCMOP6_N100_FE20000_run3_seed244603.mat"
"s03_credit_fast","Feasibility-Credit-AOP","LIRCMOP7","LIR-CMOP",100,20000,1,244701,20000,2.3743,0.1461688194110891,0.2393056223353022,1,"Feasibility_Credit_AOP_LIRCMOP7_N100_FE20000_run1_seed244701.mat"
"s03_credit_fast","Feasibility-Credit-AOP","LIRCMOP7","LIR-CMOP",100,20000,2,244702,20000,2.2037,0.132413296768311,0.2437127776925822,1,"Feasibility_Credit_AOP_LIRCMOP7_N100_FE20000_run2_seed244702.mat"
"s03_credit_fast","Feasibility-Credit-AOP","LIRCMOP7","LIR-CMOP",100,20000,3,244703,20000,2.2183,0.1062499851212063,0.2509516623052666,1,"Feasibility_Credit_AOP_LIRCMOP7_N100_FE20000_run3_seed244703.mat"
"s03_credit_fast","Feasibility-Credit-AOP","LIRCMOP8","LIR-CMOP",100,20000,1,244801,20000,2.5521,0.2055867488377142,0.2292728164876064,1,"Feasibility_Credit_AOP_LIRCMOP8_N100_FE20000_run1_seed244801.mat"
"s03_credit_fast","Feasibility-Credit-AOP","LIRCMOP8","LIR-CMOP",100,20000,2,244802,20000,2.3527,0.1852031691189407,0.2285868154599181,1,"Feasibility_Credit_AOP_LIRCMOP8_N100_FE20000_run2_seed244802.mat"
"s03_credit_fast","Feasibility-Credit-AOP","LIRCMOP8","LIR-CMOP",100,20000,3,244803,20000,2.4195,0.171534797609447,0.2319639271207444,1,"Feasibility_Credit_AOP_LIRCMOP8_N100_FE20000_run3_seed244803.mat"
"s03_credit_fast","Feasibility-Credit-AOP","LIRCMOP9","LIR-CMOP",100,20000,1,244901,20000,3.2288,0.5344613431497633,0.3077815979018903,1,"Feasibility_Credit_AOP_LIRCMOP9_N100_FE20000_run1_seed244901.mat"
"s03_credit_fast","Feasibility-Credit-AOP","LIRCMOP9","LIR-CMOP",100,20000,2,244902,20000,2.9451,0.5113283897663795,0.3528406430314342,1,"Feasibility_Credit_AOP_LIRCMOP9_N100_FE20000_run2_seed244902.mat"
"s03_credit_fast","Feasibility-Credit-AOP","LIRCMOP9","LIR-CMOP",100,20000,3,244903,20000,2.6874,0.6088210812255809,0.2918401528243669,1,"Feasibility_Credit_AOP_LIRCMOP9_N100_FE20000_run3_seed244903.mat"
"s03_credit_fast","Mixed-Credit-AOP","CF10","CF",100,20000,1,274001,20000,2.415,0.6080428133205673,0.08549254577693985,1,"Mixed_Credit_AOP_CF10_N100_FE20000_run1_seed274001.mat"
"s03_credit_fast","Mixed-Credit-AOP","CF10","CF",100,20000,2,274002,20000,2.8733,0.1790972052202587,0.2785107715625571,1,"Mixed_Credit_AOP_CF10_N100_FE20000_run2_seed274002.mat"
"s03_credit_fast","Mixed-Credit-AOP","CF10","CF",100,20000,3,274003,20000,2.4057,0.5818569281604886,0.03836677330520939,1,"Mixed_Credit_AOP_CF10_N100_FE20000_run3_seed274003.mat"
"s03_credit_fast","Mixed-Credit-AOP","CF1","CF",100,20000,1,273101,20000,2.8453,0.01347091723388196,0.5501614017121992,1,"Mixed_Credit_AOP_CF1_N100_FE20000_run1_seed273101.mat"
"s03_credit_fast","Mixed-Credit-AOP","CF1","CF",100,20000,2,273102,20000,3.159,0.01124943480769968,0.5523931828472591,1,"Mixed_Credit_AOP_CF1_N100_FE20000_run2_seed273102.mat"
"s03_credit_fast","Mixed-Credit-AOP","CF1","CF",100,20000,3,273103,20000,3.1663,0.0106834707466245,0.5536539695365394,1,"Mixed_Credit_AOP_CF1_N100_FE20000_run3_seed273103.mat"
"s03_credit_fast","Mixed-Credit-AOP","CF2","CF",100,20000,1,273201,20000,2.5066,0.05116835484002529,0.6102454029042543,1,"Mixed_Credit_AOP_CF2_N100_FE20000_run1_seed273201.mat"
"s03_credit_fast","Mixed-Credit-AOP","CF2","CF",100,20000,2,273202,20000,2.8917,0.05071177313616014,0.6064106566098566,1,"Mixed_Credit_AOP_CF2_N100_FE20000_run2_seed273202.mat"
"s03_credit_fast","Mixed-Credit-AOP","CF2","CF",100,20000,3,273203,20000,2.7865,0.02316919663178798,0.6297993996436456,1,"Mixed_Credit_AOP_CF2_N100_FE20000_run3_seed273203.mat"
"s03_credit_fast","Mixed-Credit-AOP","CF3","CF",100,20000,1,273301,20000,2.3211,0.4198858081096096,0.09194344366642024,1,"Mixed_Credit_AOP_CF3_N100_FE20000_run1_seed273301.mat"
"s03_credit_fast","Mixed-Credit-AOP","CF3","CF",100,20000,2,273302,20000,2.4338,0.3093425520129276,0.07900036528890228,1,"Mixed_Credit_AOP_CF3_N100_FE20000_run2_seed273302.mat"
"s03_credit_fast","Mixed-Credit-AOP","CF3","CF",100,20000,3,273303,20000,2.2174,0.3319528890717225,0.1513114286704856,1,"Mixed_Credit_AOP_CF3_N100_FE20000_run3_seed273303.mat"
"s03_credit_fast","Mixed-Credit-AOP","CF4","CF",100,20000,1,273401,20000,2.5171,0.05856496527374168,0.4527114477023333,1,"Mixed_Credit_AOP_CF4_N100_FE20000_run1_seed273401.mat"
"s03_credit_fast","Mixed-Credit-AOP","CF4","CF",100,20000,2,273402,20000,2.8907,0.07668566019690792,0.4318709685036882,1,"Mixed_Credit_AOP_CF4_N100_FE20000_run2_seed273402.mat"
"s03_credit_fast","Mixed-Credit-AOP","CF4","CF",100,20000,3,273403,20000,2.6394,0.07805568741755753,0.4309278648759932,1,"Mixed_Credit_AOP_CF4_N100_FE20000_run3_seed273403.mat"
"s03_credit_fast","Mixed-Credit-AOP","CF5","CF",100,20000,1,273501,20000,2.4474,0.1621808860585454,0.3145430664498265,1,"Mixed_Credit_AOP_CF5_N100_FE20000_run1_seed273501.mat"
"s03_credit_fast","Mixed-Credit-AOP","CF5","CF",100,20000,2,273502,20000,2.6209,0.3785919372398872,0.2720614122263871,1,"Mixed_Credit_AOP_CF5_N100_FE20000_run2_seed273502.mat"
"s03_credit_fast","Mixed-Credit-AOP","CF5","CF",100,20000,3,273503,20000,2.51,0.1577545323673538,0.361959432068826,1,"Mixed_Credit_AOP_CF5_N100_FE20000_run3_seed273503.mat"
"s03_credit_fast","Mixed-Credit-AOP","CF6","CF",100,20000,1,273601,20000,3.1457,0.1362199160756746,0.5949197976417142,1,"Mixed_Credit_AOP_CF6_N100_FE20000_run1_seed273601.mat"
"s03_credit_fast","Mixed-Credit-AOP","CF6","CF",100,20000,2,273602,20000,3.2689,0.04704111923614038,0.6517776943182728,1,"Mixed_Credit_AOP_CF6_N100_FE20000_run2_seed273602.mat"
"s03_credit_fast","Mixed-Credit-AOP","CF6","CF",100,20000,3,273603,20000,3.1283,0.1262552591926311,0.6155481433239866,1,"Mixed_Credit_AOP_CF6_N100_FE20000_run3_seed273603.mat"
"s03_credit_fast","Mixed-Credit-AOP","CF7","CF",100,20000,1,273701,20000,2.1493,0.1885406850835929,0.4592027915879148,1,"Mixed_Credit_AOP_CF7_N100_FE20000_run1_seed273701.mat"
"s03_credit_fast","Mixed-Credit-AOP","CF7","CF",100,20000,2,273702,20000,2.2933,0.2276683568675885,0.4360147087467595,1,"Mixed_Credit_AOP_CF7_N100_FE20000_run2_seed273702.mat"
"s03_credit_fast","Mixed-Credit-AOP","CF7","CF",100,20000,3,273703,20000,2.4564,0.11788382228628,0.5523050085269599,1,"Mixed_Credit_AOP_CF7_N100_FE20000_run3_seed273703.mat"
"s03_credit_fast","Mixed-Credit-AOP","CF8","CF",100,20000,1,273801,20000,2.3256,0.1839298840314096,0.2975380580757948,1,"Mixed_Credit_AOP_CF8_N100_FE20000_run1_seed273801.mat"
"s03_credit_fast","Mixed-Credit-AOP","CF8","CF",100,20000,2,273802,20000,2.5433,0.2168563765224148,0.254903616794954,1,"Mixed_Credit_AOP_CF8_N100_FE20000_run2_seed273802.mat"
"s03_credit_fast","Mixed-Credit-AOP","CF8","CF",100,20000,3,273803,20000,2.6433,0.2545123963874044,0.2288952979079955,1,"Mixed_Credit_AOP_CF8_N100_FE20000_run3_seed273803.mat"
"s03_credit_fast","Mixed-Credit-AOP","CF9","CF",100,20000,1,273901,20000,2.9075,0.0996289918834668,0.4098610043133431,1,"Mixed_Credit_AOP_CF9_N100_FE20000_run1_seed273901.mat"
"s03_credit_fast","Mixed-Credit-AOP","CF9","CF",100,20000,2,273902,20000,2.964,0.1058093681043366,0.3984029477247643,1,"Mixed_Credit_AOP_CF9_N100_FE20000_run2_seed273902.mat"
"s03_credit_fast","Mixed-Credit-AOP","CF9","CF",100,20000,3,273903,20000,2.9716,0.1153466617368019,0.3990071353826595,1,"Mixed_Credit_AOP_CF9_N100_FE20000_run3_seed273903.mat"
"s03_credit_fast","Mixed-Credit-AOP","DASCMOP1","DAS-CMOP",100,20000,1,275501,20000,2.0618,0.7322651912125427,0.00726763991900866,1,"Mixed_Credit_AOP_DASCMOP1_N100_FE20000_run1_seed275501.mat"
"s03_credit_fast","Mixed-Credit-AOP","DASCMOP1","DAS-CMOP",100,20000,2,275502,20000,1.9576,0.08159667925775704,0.1569586112552674,1,"Mixed_Credit_AOP_DASCMOP1_N100_FE20000_run2_seed275502.mat"
"s03_credit_fast","Mixed-Credit-AOP","DASCMOP1","DAS-CMOP",100,20000,3,275503,20000,1.9641,0.6552321285215821,0.01931554563331012,1,"Mixed_Credit_AOP_DASCMOP1_N100_FE20000_run3_seed275503.mat"
"s03_credit_fast","Mixed-Credit-AOP","DASCMOP2","DAS-CMOP",100,20000,1,275601,20000,2.3109,0.2640896375135184,0.2596782939260285,1,"Mixed_Credit_AOP_DASCMOP2_N100_FE20000_run1_seed275601.mat"
"s03_credit_fast","Mixed-Credit-AOP","DASCMOP2","DAS-CMOP",100,20000,2,275602,20000,2.3233,0.2536880736992637,0.2518959434783661,1,"Mixed_Credit_AOP_DASCMOP2_N100_FE20000_run2_seed275602.mat"
"s03_credit_fast","Mixed-Credit-AOP","DASCMOP2","DAS-CMOP",100,20000,3,275603,20000,2.0071,0.2543729205284688,0.253363701631842,1,"Mixed_Credit_AOP_DASCMOP2_N100_FE20000_run3_seed275603.mat"
"s03_credit_fast","Mixed-Credit-AOP","DASCMOP3","DAS-CMOP",100,20000,1,275701,20000,2.4729,0.3440818921255984,0.2085261224563659,1,"Mixed_Credit_AOP_DASCMOP3_N100_FE20000_run1_seed275701.mat"
"s03_credit_fast","Mixed-Credit-AOP","DASCMOP3","DAS-CMOP",100,20000,2,275702,20000,2.1097,0.2673169781470142,0.2496534937739221,1,"Mixed_Credit_AOP_DASCMOP3_N100_FE20000_run2_seed275702.mat"
"s03_credit_fast","Mixed-Credit-AOP","DASCMOP3","DAS-CMOP",100,20000,3,275703,20000,2.0766,0.3440918045421232,0.2085132757739404,1,"Mixed_Credit_AOP_DASCMOP3_N100_FE20000_run3_seed275703.mat"
"s03_credit_fast","Mixed-Credit-AOP","DASCMOP4","DAS-CMOP",100,20000,1,275801,20000,1.8744,NaN,NaN,0,"Mixed_Credit_AOP_DASCMOP4_N100_FE20000_run1_seed275801.mat"
"s03_credit_fast","Mixed-Credit-AOP","DASCMOP4","DAS-CMOP",100,20000,2,275802,20000,1.86,NaN,NaN,0,"Mixed_Credit_AOP_DASCMOP4_N100_FE20000_run2_seed275802.mat"
"s03_credit_fast","Mixed-Credit-AOP","DASCMOP4","DAS-CMOP",100,20000,3,275803,20000,2.5089,NaN,NaN,0,"Mixed_Credit_AOP_DASCMOP4_N100_FE20000_run3_seed275803.mat"
"s03_credit_fast","Mixed-Credit-AOP","DASCMOP5","DAS-CMOP",100,20000,1,275901,20000,2.3325,NaN,NaN,0,"Mixed_Credit_AOP_DASCMOP5_N100_FE20000_run1_seed275901.mat"
"s03_credit_fast","Mixed-Credit-AOP","DASCMOP5","DAS-CMOP",100,20000,2,275902,20000,1.8959,NaN,NaN,0,"Mixed_Credit_AOP_DASCMOP5_N100_FE20000_run2_seed275902.mat"
"s03_credit_fast","Mixed-Credit-AOP","DASCMOP5","DAS-CMOP",100,20000,3,275903,20000,2.293,NaN,NaN,0,"Mixed_Credit_AOP_DASCMOP5_N100_FE20000_run3_seed275903.mat"
"s03_credit_fast","Mixed-Credit-AOP","DASCMOP6","DAS-CMOP",100,20000,1,276001,20000,2.0341,NaN,NaN,0,"Mixed_Credit_AOP_DASCMOP6_N100_FE20000_run1_seed276001.mat"
"s03_credit_fast","Mixed-Credit-AOP","DASCMOP6","DAS-CMOP",100,20000,2,276002,20000,2.2107,NaN,NaN,0,"Mixed_Credit_AOP_DASCMOP6_N100_FE20000_run2_seed276002.mat"
"s03_credit_fast","Mixed-Credit-AOP","DASCMOP6","DAS-CMOP",100,20000,3,276003,20000,1.8614,NaN,NaN,0,"Mixed_Credit_AOP_DASCMOP6_N100_FE20000_run3_seed276003.mat"
"s03_credit_fast","Mixed-Credit-AOP","DASCMOP7","DAS-CMOP",100,20000,1,276101,20000,1.8895,NaN,NaN,0,"Mixed_Credit_AOP_DASCMOP7_N100_FE20000_run1_seed276101.mat"
"s03_credit_fast","Mixed-Credit-AOP","DASCMOP7","DAS-CMOP",100,20000,2,276102,20000,2.5286,NaN,NaN,0,"Mixed_Credit_AOP_DASCMOP7_N100_FE20000_run2_seed276102.mat"
"s03_credit_fast","Mixed-Credit-AOP","DASCMOP7","DAS-CMOP",100,20000,3,276103,20000,2.1445,NaN,NaN,0,"Mixed_Credit_AOP_DASCMOP7_N100_FE20000_run3_seed276103.mat"
"s03_credit_fast","Mixed-Credit-AOP","DASCMOP8","DAS-CMOP",100,20000,1,276201,20000,1.8898,NaN,NaN,0,"Mixed_Credit_AOP_DASCMOP8_N100_FE20000_run1_seed276201.mat"
"s03_credit_fast","Mixed-Credit-AOP","DASCMOP8","DAS-CMOP",100,20000,2,276202,20000,2.4515,NaN,NaN,0,"Mixed_Credit_AOP_DASCMOP8_N100_FE20000_run2_seed276202.mat"
"s03_credit_fast","Mixed-Credit-AOP","DASCMOP8","DAS-CMOP",100,20000,3,276203,20000,1.6426,NaN,NaN,0,"Mixed_Credit_AOP_DASCMOP8_N100_FE20000_run3_seed276203.mat"
"s03_credit_fast","Mixed-Credit-AOP","DASCMOP9","DAS-CMOP",100,20000,1,276301,20000,2.3302,0.1300782359143877,0.1648479543400511,1,"Mixed_Credit_AOP_DASCMOP9_N100_FE20000_run1_seed276301.mat"
"s03_credit_fast","Mixed-Credit-AOP","DASCMOP9","DAS-CMOP",100,20000,2,276302,20000,2.0961,0.4448576430591975,0.1175036019818185,1,"Mixed_Credit_AOP_DASCMOP9_N100_FE20000_run2_seed276302.mat"
"s03_credit_fast","Mixed-Credit-AOP","DASCMOP9","DAS-CMOP",100,20000,3,276303,20000,2.2327,0.3254791455539372,0.1370735178717488,1,"Mixed_Credit_AOP_DASCMOP9_N100_FE20000_run3_seed276303.mat"
"s03_credit_fast","Mixed-Credit-AOP","LIRCMOP10","LIR-CMOP",100,20000,1,275001,20000,3.875,0.4607161513385102,0.4394964843487898,1,"Mixed_Credit_AOP_LIRCMOP10_N100_FE20000_run1_seed275001.mat"
"s03_credit_fast","Mixed-Credit-AOP","LIRCMOP10","LIR-CMOP",100,20000,2,275002,20000,4.0419,0.4459330385303745,0.4453407674054793,1,"Mixed_Credit_AOP_LIRCMOP10_N100_FE20000_run2_seed275002.mat"
"s03_credit_fast","Mixed-Credit-AOP","LIRCMOP10","LIR-CMOP",100,20000,3,275003,20000,3.6717,0.487681964980026,0.4216874901923313,1,"Mixed_Credit_AOP_LIRCMOP10_N100_FE20000_run3_seed275003.mat"
"s03_credit_fast","Mixed-Credit-AOP","LIRCMOP11","LIR-CMOP",100,20000,1,275101,20000,2.9551,0.1667470252578846,0.573747623315405,1,"Mixed_Credit_AOP_LIRCMOP11_N100_FE20000_run1_seed275101.mat"
"s03_credit_fast","Mixed-Credit-AOP","LIRCMOP11","LIR-CMOP",100,20000,2,275102,20000,2.5163,0.2945605512193157,0.4964633394251634,1,"Mixed_Credit_AOP_LIRCMOP11_N100_FE20000_run2_seed275102.mat"
"s03_credit_fast","Mixed-Credit-AOP","LIRCMOP11","LIR-CMOP",100,20000,3,275103,20000,3.2378,0.1479494306396944,0.5967821370496156,1,"Mixed_Credit_AOP_LIRCMOP11_N100_FE20000_run3_seed275103.mat"
"s03_credit_fast","Mixed-Credit-AOP","LIRCMOP12","LIR-CMOP",100,20000,1,275201,20000,3.0088,0.4329221257582301,0.3448078842360234,1,"Mixed_Credit_AOP_LIRCMOP12_N100_FE20000_run1_seed275201.mat"
"s03_credit_fast","Mixed-Credit-AOP","LIRCMOP12","LIR-CMOP",100,20000,2,275202,20000,2.7724,0.1875346091697076,0.5106516057765453,1,"Mixed_Credit_AOP_LIRCMOP12_N100_FE20000_run2_seed275202.mat"
"s03_credit_fast","Mixed-Credit-AOP","LIRCMOP12","LIR-CMOP",100,20000,3,275203,20000,2.4813,0.184720397253716,0.5129650925294316,1,"Mixed_Credit_AOP_LIRCMOP12_N100_FE20000_run3_seed275203.mat"
"s03_credit_fast","Mixed-Credit-AOP","LIRCMOP13","LIR-CMOP",100,20000,1,275301,20000,3.5752,0.1167955149352442,0.5138622243643248,1,"Mixed_Credit_AOP_LIRCMOP13_N100_FE20000_run1_seed275301.mat"
"s03_credit_fast","Mixed-Credit-AOP","LIRCMOP13","LIR-CMOP",100,20000,2,275302,20000,3.5218,0.1146567637401777,0.5158827775197449,1,"Mixed_Credit_AOP_LIRCMOP13_N100_FE20000_run2_seed275302.mat"
"s03_credit_fast","Mixed-Credit-AOP","LIRCMOP13","LIR-CMOP",100,20000,3,275303,20000,3.3542,0.1122493262977045,0.5166933260751485,1,"Mixed_Credit_AOP_LIRCMOP13_N100_FE20000_run3_seed275303.mat"
"s03_credit_fast","Mixed-Credit-AOP","LIRCMOP14","LIR-CMOP",100,20000,1,275401,20000,3.6239,0.09919772857301254,0.5473563490981878,1,"Mixed_Credit_AOP_LIRCMOP14_N100_FE20000_run1_seed275401.mat"
"s03_credit_fast","Mixed-Credit-AOP","LIRCMOP14","LIR-CMOP",100,20000,2,275402,20000,3.4768,0.09921326690269927,0.5472893874490834,1,"Mixed_Credit_AOP_LIRCMOP14_N100_FE20000_run2_seed275402.mat"
"s03_credit_fast","Mixed-Credit-AOP","LIRCMOP14","LIR-CMOP",100,20000,3,275403,20000,3.6983,0.1026008780984222,0.5463234611403001,1,"Mixed_Credit_AOP_LIRCMOP14_N100_FE20000_run3_seed275403.mat"
"s03_credit_fast","Mixed-Credit-AOP","LIRCMOP1","LIR-CMOP",100,20000,1,274101,20000,2.1087,0.2659126206932139,0.1176239492010112,1,"Mixed_Credit_AOP_LIRCMOP1_N100_FE20000_run1_seed274101.mat"
"s03_credit_fast","Mixed-Credit-AOP","LIRCMOP1","LIR-CMOP",100,20000,2,274102,20000,1.9242,0.2891530591379553,0.1143962345820563,1,"Mixed_Credit_AOP_LIRCMOP1_N100_FE20000_run2_seed274102.mat"
"s03_credit_fast","Mixed-Credit-AOP","LIRCMOP1","LIR-CMOP",100,20000,3,274103,20000,2.0201,0.2665223421097487,0.1186859553465466,0.22,"Mixed_Credit_AOP_LIRCMOP1_N100_FE20000_run3_seed274103.mat"
"s03_credit_fast","Mixed-Credit-AOP","LIRCMOP2","LIR-CMOP",100,20000,1,274201,20000,1.9034,0.255836517071763,0.2302321665887652,1,"Mixed_Credit_AOP_LIRCMOP2_N100_FE20000_run1_seed274201.mat"
"s03_credit_fast","Mixed-Credit-AOP","LIRCMOP2","LIR-CMOP",100,20000,2,274202,20000,2.0303,0.2303593740826149,0.2377457007759444,1,"Mixed_Credit_AOP_LIRCMOP2_N100_FE20000_run2_seed274202.mat"
"s03_credit_fast","Mixed-Credit-AOP","LIRCMOP2","LIR-CMOP",100,20000,3,274203,20000,2.1404,0.2583746956345905,0.2338578847567236,1,"Mixed_Credit_AOP_LIRCMOP2_N100_FE20000_run3_seed274203.mat"
"s03_credit_fast","Mixed-Credit-AOP","LIRCMOP3","LIR-CMOP",100,20000,1,274301,20000,2.0874,0.2210448693296836,0.1246461156479967,1,"Mixed_Credit_AOP_LIRCMOP3_N100_FE20000_run1_seed274301.mat"
"s03_credit_fast","Mixed-Credit-AOP","LIRCMOP3","LIR-CMOP",100,20000,2,274302,20000,2.0928,0.2941396777583324,0.09531330507750989,0.82,"Mixed_Credit_AOP_LIRCMOP3_N100_FE20000_run2_seed274302.mat"
"s03_credit_fast","Mixed-Credit-AOP","LIRCMOP3","LIR-CMOP",100,20000,3,274303,20000,2.1541,0.332315599422245,0.09516006292905152,1,"Mixed_Credit_AOP_LIRCMOP3_N100_FE20000_run3_seed274303.mat"
"s03_credit_fast","Mixed-Credit-AOP","LIRCMOP4","LIR-CMOP",100,20000,1,274401,20000,1.9829,0.2559316919689245,0.2078759249284682,1,"Mixed_Credit_AOP_LIRCMOP4_N100_FE20000_run1_seed274401.mat"
"s03_credit_fast","Mixed-Credit-AOP","LIRCMOP4","LIR-CMOP",100,20000,2,274402,20000,1.9859,0.2698117685274126,0.2015299842692896,0.6899999999999999,"Mixed_Credit_AOP_LIRCMOP4_N100_FE20000_run2_seed274402.mat"
"s03_credit_fast","Mixed-Credit-AOP","LIRCMOP4","LIR-CMOP",100,20000,3,274403,20000,2.2233,0.2479125889397517,0.2107016622262809,1,"Mixed_Credit_AOP_LIRCMOP4_N100_FE20000_run3_seed274403.mat"
"s03_credit_fast","Mixed-Credit-AOP","LIRCMOP5","LIR-CMOP",100,20000,1,274501,20000,2.351,1.219890788120839,0,1,"Mixed_Credit_AOP_LIRCMOP5_N100_FE20000_run1_seed274501.mat"
"s03_credit_fast","Mixed-Credit-AOP","LIRCMOP5","LIR-CMOP",100,20000,2,274502,20000,2.3174,1.216040358888333,0,1,"Mixed_Credit_AOP_LIRCMOP5_N100_FE20000_run2_seed274502.mat"
"s03_credit_fast","Mixed-Credit-AOP","LIRCMOP5","LIR-CMOP",100,20000,3,274503,20000,2.2842,1.220911430622583,0,1,"Mixed_Credit_AOP_LIRCMOP5_N100_FE20000_run3_seed274503.mat"
"s03_credit_fast","Mixed-Credit-AOP","LIRCMOP6","LIR-CMOP",100,20000,1,274601,20000,2.3037,1.347888058172988,0,1,"Mixed_Credit_AOP_LIRCMOP6_N100_FE20000_run1_seed274601.mat"
"s03_credit_fast","Mixed-Credit-AOP","LIRCMOP6","LIR-CMOP",100,20000,2,274602,20000,2.2726,1.346690667924769,0,1,"Mixed_Credit_AOP_LIRCMOP6_N100_FE20000_run2_seed274602.mat"
"s03_credit_fast","Mixed-Credit-AOP","LIRCMOP6","LIR-CMOP",100,20000,3,274603,20000,2.4582,1.349840414553731,0,1,"Mixed_Credit_AOP_LIRCMOP6_N100_FE20000_run3_seed274603.mat"
"s03_credit_fast","Mixed-Credit-AOP","LIRCMOP7","LIR-CMOP",100,20000,1,274701,20000,2.0338,0.1107282884946586,0.2477292618212611,1,"Mixed_Credit_AOP_LIRCMOP7_N100_FE20000_run1_seed274701.mat"
"s03_credit_fast","Mixed-Credit-AOP","LIRCMOP7","LIR-CMOP",100,20000,2,274702,20000,2.3649,0.08061967738223239,0.2576019097741825,1,"Mixed_Credit_AOP_LIRCMOP7_N100_FE20000_run2_seed274702.mat"
"s03_credit_fast","Mixed-Credit-AOP","LIRCMOP7","LIR-CMOP",100,20000,3,274703,20000,2.0953,0.1110214308851123,0.2501744913272549,1,"Mixed_Credit_AOP_LIRCMOP7_N100_FE20000_run3_seed274703.mat"
"s03_credit_fast","Mixed-Credit-AOP","LIRCMOP8","LIR-CMOP",100,20000,1,274801,20000,2.2736,0.1578120095822657,0.236322764603189,1,"Mixed_Credit_AOP_LIRCMOP8_N100_FE20000_run1_seed274801.mat"
"s03_credit_fast","Mixed-Credit-AOP","LIRCMOP8","LIR-CMOP",100,20000,2,274802,20000,2.258,0.1852614673201401,0.2329316351691204,1,"Mixed_Credit_AOP_LIRCMOP8_N100_FE20000_run2_seed274802.mat"
"s03_credit_fast","Mixed-Credit-AOP","LIRCMOP8","LIR-CMOP",100,20000,3,274803,20000,2.2318,0.2174901136774346,0.2189940306048783,1,"Mixed_Credit_AOP_LIRCMOP8_N100_FE20000_run3_seed274803.mat"
"s03_credit_fast","Mixed-Credit-AOP","LIRCMOP9","LIR-CMOP",100,20000,1,274901,20000,2.946,0.5092938207923324,0.3560615335144948,1,"Mixed_Credit_AOP_LIRCMOP9_N100_FE20000_run1_seed274901.mat"
"s03_credit_fast","Mixed-Credit-AOP","LIRCMOP9","LIR-CMOP",100,20000,2,274902,20000,2.8117,0.5088978087508143,0.3516760032126123,1,"Mixed_Credit_AOP_LIRCMOP9_N100_FE20000_run2_seed274902.mat"
"s03_credit_fast","Mixed-Credit-AOP","LIRCMOP9","LIR-CMOP",100,20000,3,274903,20000,2.8022,0.5068662709685489,0.3552984025657119,1,"Mixed_Credit_AOP_LIRCMOP9_N100_FE20000_run3_seed274903.mat"
"s03_credit_fast","Objective-Credit-AOP","CF10","CF",100,20000,1,264001,20000,3.2433,0.2658479510042523,0.1905797699461909,1,"Objective_Credit_AOP_CF10_N100_FE20000_run1_seed264001.mat"
"s03_credit_fast","Objective-Credit-AOP","CF10","CF",100,20000,2,264002,20000,2.4918,0.4967539484745813,0.08670368605297157,1,"Objective_Credit_AOP_CF10_N100_FE20000_run2_seed264002.mat"
"s03_credit_fast","Objective-Credit-AOP","CF10","CF",100,20000,3,264003,20000,2.5848,0.5092472588180936,0.05481048191984345,1,"Objective_Credit_AOP_CF10_N100_FE20000_run3_seed264003.mat"
"s03_credit_fast","Objective-Credit-AOP","CF1","CF",100,20000,1,263101,20000,3.757,0.01240093725429176,0.5510568232037582,1,"Objective_Credit_AOP_CF1_N100_FE20000_run1_seed263101.mat"
"s03_credit_fast","Objective-Credit-AOP","CF1","CF",100,20000,2,263102,20000,3.3883,0.01297936566942139,0.5510827503526943,1,"Objective_Credit_AOP_CF1_N100_FE20000_run2_seed263102.mat"
"s03_credit_fast","Objective-Credit-AOP","CF1","CF",100,20000,3,263103,20000,3.1487,0.0139226044550437,0.5497510973385972,1,"Objective_Credit_AOP_CF1_N100_FE20000_run3_seed263103.mat"
"s03_credit_fast","Objective-Credit-AOP","CF2","CF",100,20000,1,263201,20000,2.8806,0.04713186383636384,0.6132488367474871,1,"Objective_Credit_AOP_CF2_N100_FE20000_run1_seed263201.mat"
"s03_credit_fast","Objective-Credit-AOP","CF2","CF",100,20000,2,263202,20000,2.6571,0.04053630395818334,0.6236344587198797,1,"Objective_Credit_AOP_CF2_N100_FE20000_run2_seed263202.mat"
"s03_credit_fast","Objective-Credit-AOP","CF2","CF",100,20000,3,263203,20000,2.6627,0.02612406720555845,0.6396532098860266,1,"Objective_Credit_AOP_CF2_N100_FE20000_run3_seed263203.mat"
"s03_credit_fast","Objective-Credit-AOP","CF3","CF",100,20000,1,263301,20000,2.4533,0.3655364928139962,0.08330193318188858,1,"Objective_Credit_AOP_CF3_N100_FE20000_run1_seed263301.mat"
"s03_credit_fast","Objective-Credit-AOP","CF3","CF",100,20000,2,263302,20000,2.8465,0.1949611143419964,0.1372784605657584,1,"Objective_Credit_AOP_CF3_N100_FE20000_run2_seed263302.mat"
"s03_credit_fast","Objective-Credit-AOP","CF3","CF",100,20000,3,263303,20000,2.4145,0.2706136442215658,0.1329378306249437,1,"Objective_Credit_AOP_CF3_N100_FE20000_run3_seed263303.mat"
"s03_credit_fast","Objective-Credit-AOP","CF4","CF",100,20000,1,263401,20000,2.9703,0.07109058520035921,0.431188804897516,1,"Objective_Credit_AOP_CF4_N100_FE20000_run1_seed263401.mat"
"s03_credit_fast","Objective-Credit-AOP","CF4","CF",100,20000,2,263402,20000,2.83,0.05204452106285327,0.4690933583521358,1,"Objective_Credit_AOP_CF4_N100_FE20000_run2_seed263402.mat"
"s03_credit_fast","Objective-Credit-AOP","CF4","CF",100,20000,3,263403,20000,2.6242,0.07546732459668834,0.4304928292649822,1,"Objective_Credit_AOP_CF4_N100_FE20000_run3_seed263403.mat"
"s03_credit_fast","Objective-Credit-AOP","CF5","CF",100,20000,1,263501,20000,2.4879,0.1600449284168756,0.3117989256974091,1,"Objective_Credit_AOP_CF5_N100_FE20000_run1_seed263501.mat"
"s03_credit_fast","Objective-Credit-AOP","CF5","CF",100,20000,2,263502,20000,2.5362,0.4950818529652752,0.1769223357283484,1,"Objective_Credit_AOP_CF5_N100_FE20000_run2_seed263502.mat"
"s03_credit_fast","Objective-Credit-AOP","CF5","CF",100,20000,3,263503,20000,2.4364,0.1064120059987291,0.3946192357563543,1,"Objective_Credit_AOP_CF5_N100_FE20000_run3_seed263503.mat"
"s03_credit_fast","Objective-Credit-AOP","CF6","CF",100,20000,1,263601,20000,3.8655,0.09366068593278365,0.6296036326070005,1,"Objective_Credit_AOP_CF6_N100_FE20000_run1_seed263601.mat"
"s03_credit_fast","Objective-Credit-AOP","CF6","CF",100,20000,2,263602,20000,3.2309,0.08178495865998753,0.6277805066160783,1,"Objective_Credit_AOP_CF6_N100_FE20000_run2_seed263602.mat"
"s03_credit_fast","Objective-Credit-AOP","CF6","CF",100,20000,3,263603,20000,3.0332,0.0751630743509269,0.6288952935108059,1,"Objective_Credit_AOP_CF6_N100_FE20000_run3_seed263603.mat"
"s03_credit_fast","Objective-Credit-AOP","CF7","CF",100,20000,1,263701,20000,2.2139,0.1658358187313615,0.4902771262461683,1,"Objective_Credit_AOP_CF7_N100_FE20000_run1_seed263701.mat"
"s03_credit_fast","Objective-Credit-AOP","CF7","CF",100,20000,2,263702,20000,2.2678,0.1894065133536795,0.4172540165694814,1,"Objective_Credit_AOP_CF7_N100_FE20000_run2_seed263702.mat"
"s03_credit_fast","Objective-Credit-AOP","CF7","CF",100,20000,3,263703,20000,2.5918,0.2754451546359483,0.4341223899454116,1,"Objective_Credit_AOP_CF7_N100_FE20000_run3_seed263703.mat"
"s03_credit_fast","Objective-Credit-AOP","CF8","CF",100,20000,1,263801,20000,2.3604,0.2073872706931204,0.2612359332990469,1,"Objective_Credit_AOP_CF8_N100_FE20000_run1_seed263801.mat"
"s03_credit_fast","Objective-Credit-AOP","CF8","CF",100,20000,2,263802,20000,2.3858,0.1746650666756809,0.335676409305281,1,"Objective_Credit_AOP_CF8_N100_FE20000_run2_seed263802.mat"
"s03_credit_fast","Objective-Credit-AOP","CF8","CF",100,20000,3,263803,20000,2.6803,0.1709405769407923,0.3392909254263871,1,"Objective_Credit_AOP_CF8_N100_FE20000_run3_seed263803.mat"
"s03_credit_fast","Objective-Credit-AOP","CF9","CF",100,20000,1,263901,20000,2.853,0.1134939454765734,0.3959221928233681,1,"Objective_Credit_AOP_CF9_N100_FE20000_run1_seed263901.mat"
"s03_credit_fast","Objective-Credit-AOP","CF9","CF",100,20000,2,263902,20000,2.9571,0.1031222257080195,0.4079666968308938,1,"Objective_Credit_AOP_CF9_N100_FE20000_run2_seed263902.mat"
"s03_credit_fast","Objective-Credit-AOP","CF9","CF",100,20000,3,263903,20000,2.742,0.1172303920132656,0.398140291051072,1,"Objective_Credit_AOP_CF9_N100_FE20000_run3_seed263903.mat"
"s03_credit_fast","Objective-Credit-AOP","DASCMOP1","DAS-CMOP",100,20000,1,265501,20000,2.2977,0.4555005920343868,0.04291495311718362,1,"Objective_Credit_AOP_DASCMOP1_N100_FE20000_run1_seed265501.mat"
"s03_credit_fast","Objective-Credit-AOP","DASCMOP1","DAS-CMOP",100,20000,2,265502,20000,2.2608,0.7201964576625871,0.009599910770841789,1,"Objective_Credit_AOP_DASCMOP1_N100_FE20000_run2_seed265502.mat"
"s03_credit_fast","Objective-Credit-AOP","DASCMOP1","DAS-CMOP",100,20000,3,265503,20000,1.9406,0.753705251074508,0.001448671326966199,1,"Objective_Credit_AOP_DASCMOP1_N100_FE20000_run3_seed265503.mat"
"s03_credit_fast","Objective-Credit-AOP","DASCMOP2","DAS-CMOP",100,20000,1,265601,20000,2.2074,0.1968907678308728,0.2736208397834745,1,"Objective_Credit_AOP_DASCMOP2_N100_FE20000_run1_seed265601.mat"
"s03_credit_fast","Objective-Credit-AOP","DASCMOP2","DAS-CMOP",100,20000,2,265602,20000,2.0573,0.01206762781097667,0.3481304605424407,1,"Objective_Credit_AOP_DASCMOP2_N100_FE20000_run2_seed265602.mat"
"s03_credit_fast","Objective-Credit-AOP","DASCMOP2","DAS-CMOP",100,20000,3,265603,20000,2.2314,0.1996639373479999,0.2783741798807379,1,"Objective_Credit_AOP_DASCMOP2_N100_FE20000_run3_seed265603.mat"
"s03_credit_fast","Objective-Credit-AOP","DASCMOP3","DAS-CMOP",100,20000,1,265701,20000,2.5178,0.2363687911913274,0.2307578474467386,1,"Objective_Credit_AOP_DASCMOP3_N100_FE20000_run1_seed265701.mat"
"s03_credit_fast","Objective-Credit-AOP","DASCMOP3","DAS-CMOP",100,20000,2,265702,20000,2.3416,0.2626430298153519,0.2514288001105888,1,"Objective_Credit_AOP_DASCMOP3_N100_FE20000_run2_seed265702.mat"
"s03_credit_fast","Objective-Credit-AOP","DASCMOP3","DAS-CMOP",100,20000,3,265703,20000,2.1812,0.04886008299055555,0.2957659341996027,1,"Objective_Credit_AOP_DASCMOP3_N100_FE20000_run3_seed265703.mat"
"s03_credit_fast","Objective-Credit-AOP","DASCMOP4","DAS-CMOP",100,20000,1,265801,20000,2.1632,NaN,NaN,0,"Objective_Credit_AOP_DASCMOP4_N100_FE20000_run1_seed265801.mat"
"s03_credit_fast","Objective-Credit-AOP","DASCMOP4","DAS-CMOP",100,20000,2,265802,20000,1.7954,NaN,NaN,0,"Objective_Credit_AOP_DASCMOP4_N100_FE20000_run2_seed265802.mat"
"s03_credit_fast","Objective-Credit-AOP","DASCMOP4","DAS-CMOP",100,20000,3,265803,20000,2.0884,NaN,NaN,0,"Objective_Credit_AOP_DASCMOP4_N100_FE20000_run3_seed265803.mat"
"s03_credit_fast","Objective-Credit-AOP","DASCMOP5","DAS-CMOP",100,20000,1,265901,20000,1.8945,NaN,NaN,0,"Objective_Credit_AOP_DASCMOP5_N100_FE20000_run1_seed265901.mat"
"s03_credit_fast","Objective-Credit-AOP","DASCMOP5","DAS-CMOP",100,20000,2,265902,20000,1.94,NaN,NaN,0,"Objective_Credit_AOP_DASCMOP5_N100_FE20000_run2_seed265902.mat"
"s03_credit_fast","Objective-Credit-AOP","DASCMOP5","DAS-CMOP",100,20000,3,265903,20000,2.053,NaN,NaN,0,"Objective_Credit_AOP_DASCMOP5_N100_FE20000_run3_seed265903.mat"
"s03_credit_fast","Objective-Credit-AOP","DASCMOP6","DAS-CMOP",100,20000,1,266001,20000,2.518,NaN,NaN,0,"Objective_Credit_AOP_DASCMOP6_N100_FE20000_run1_seed266001.mat"
"s03_credit_fast","Objective-Credit-AOP","DASCMOP6","DAS-CMOP",100,20000,2,266002,20000,1.8552,NaN,NaN,0,"Objective_Credit_AOP_DASCMOP6_N100_FE20000_run2_seed266002.mat"
"s03_credit_fast","Objective-Credit-AOP","DASCMOP6","DAS-CMOP",100,20000,3,266003,20000,2.1135,NaN,NaN,0,"Objective_Credit_AOP_DASCMOP6_N100_FE20000_run3_seed266003.mat"
"s03_credit_fast","Objective-Credit-AOP","DASCMOP7","DAS-CMOP",100,20000,1,266101,20000,1.7733,NaN,NaN,0,"Objective_Credit_AOP_DASCMOP7_N100_FE20000_run1_seed266101.mat"
"s03_credit_fast","Objective-Credit-AOP","DASCMOP7","DAS-CMOP",100,20000,2,266102,20000,1.9694,NaN,NaN,0,"Objective_Credit_AOP_DASCMOP7_N100_FE20000_run2_seed266102.mat"
"s03_credit_fast","Objective-Credit-AOP","DASCMOP7","DAS-CMOP",100,20000,3,266103,20000,1.9683,NaN,NaN,0,"Objective_Credit_AOP_DASCMOP7_N100_FE20000_run3_seed266103.mat"
"s03_credit_fast","Objective-Credit-AOP","DASCMOP8","DAS-CMOP",100,20000,1,266201,20000,1.8972,NaN,NaN,0,"Objective_Credit_AOP_DASCMOP8_N100_FE20000_run1_seed266201.mat"
"s03_credit_fast","Objective-Credit-AOP","DASCMOP8","DAS-CMOP",100,20000,2,266202,20000,2.0582,NaN,NaN,0,"Objective_Credit_AOP_DASCMOP8_N100_FE20000_run2_seed266202.mat"
"s03_credit_fast","Objective-Credit-AOP","DASCMOP8","DAS-CMOP",100,20000,3,266203,20000,2.1978,NaN,NaN,0,"Objective_Credit_AOP_DASCMOP8_N100_FE20000_run3_seed266203.mat"
"s03_credit_fast","Objective-Credit-AOP","DASCMOP9","DAS-CMOP",100,20000,1,266301,20000,2.0968,0.2609032018699712,0.1447260821862429,1,"Objective_Credit_AOP_DASCMOP9_N100_FE20000_run1_seed266301.mat"
"s03_credit_fast","Objective-Credit-AOP","DASCMOP9","DAS-CMOP",100,20000,2,266302,20000,2.0756,0.3233307543381171,0.1363338492750903,1,"Objective_Credit_AOP_DASCMOP9_N100_FE20000_run2_seed266302.mat"
"s03_credit_fast","Objective-Credit-AOP","DASCMOP9","DAS-CMOP",100,20000,3,266303,20000,2.1164,0.1846033279164695,0.1661464290656148,1,"Objective_Credit_AOP_DASCMOP9_N100_FE20000_run3_seed266303.mat"
"s03_credit_fast","Objective-Credit-AOP","LIRCMOP10","LIR-CMOP",100,20000,1,265001,20000,4.1356,0.4339178063011842,0.4653796833939797,1,"Objective_Credit_AOP_LIRCMOP10_N100_FE20000_run1_seed265001.mat"
"s03_credit_fast","Objective-Credit-AOP","LIRCMOP10","LIR-CMOP",100,20000,2,265002,20000,4.2179,0.4739803574797761,0.5040419471341229,1,"Objective_Credit_AOP_LIRCMOP10_N100_FE20000_run2_seed265002.mat"
"s03_credit_fast","Objective-Credit-AOP","LIRCMOP10","LIR-CMOP",100,20000,3,265003,20000,3.3946,0.4617941765950196,0.4394088580754735,1,"Objective_Credit_AOP_LIRCMOP10_N100_FE20000_run3_seed265003.mat"
"s03_credit_fast","Objective-Credit-AOP","LIRCMOP11","LIR-CMOP",100,20000,1,265101,20000,3.4684,0.174536060769672,0.5709083191418723,1,"Objective_Credit_AOP_LIRCMOP11_N100_FE20000_run1_seed265101.mat"
"s03_credit_fast","Objective-Credit-AOP","LIRCMOP11","LIR-CMOP",100,20000,2,265102,20000,2.7349,0.3018182869005681,0.4881154518711328,1,"Objective_Credit_AOP_LIRCMOP11_N100_FE20000_run2_seed265102.mat"
"s03_credit_fast","Objective-Credit-AOP","LIRCMOP11","LIR-CMOP",100,20000,3,265103,20000,2.6379,0.1576417719787902,0.5815841569829165,1,"Objective_Credit_AOP_LIRCMOP11_N100_FE20000_run3_seed265103.mat"
"s03_credit_fast","Objective-Credit-AOP","LIRCMOP12","LIR-CMOP",100,20000,1,265201,20000,2.6746,0.2079298664874321,0.4965926147542613,1,"Objective_Credit_AOP_LIRCMOP12_N100_FE20000_run1_seed265201.mat"
"s03_credit_fast","Objective-Credit-AOP","LIRCMOP12","LIR-CMOP",100,20000,2,265202,20000,2.7442,0.426578426279167,0.3581159717899701,1,"Objective_Credit_AOP_LIRCMOP12_N100_FE20000_run2_seed265202.mat"
"s03_credit_fast","Objective-Credit-AOP","LIRCMOP12","LIR-CMOP",100,20000,3,265203,20000,2.5781,0.4167227181603222,0.3587244501551338,1,"Objective_Credit_AOP_LIRCMOP12_N100_FE20000_run3_seed265203.mat"
"s03_credit_fast","Objective-Credit-AOP","LIRCMOP13","LIR-CMOP",100,20000,1,265301,20000,3.5708,0.1166835151264295,0.5120399193983468,1,"Objective_Credit_AOP_LIRCMOP13_N100_FE20000_run1_seed265301.mat"
"s03_credit_fast","Objective-Credit-AOP","LIRCMOP13","LIR-CMOP",100,20000,2,265302,20000,3.4148,0.1152598245852173,0.5151437401542991,1,"Objective_Credit_AOP_LIRCMOP13_N100_FE20000_run2_seed265302.mat"
"s03_credit_fast","Objective-Credit-AOP","LIRCMOP13","LIR-CMOP",100,20000,3,265303,20000,3.6512,0.1151442969428263,0.5154100027066326,1,"Objective_Credit_AOP_LIRCMOP13_N100_FE20000_run3_seed265303.mat"
"s03_credit_fast","Objective-Credit-AOP","LIRCMOP14","LIR-CMOP",100,20000,1,265401,20000,3.8134,0.1054780419020191,0.5422048107834445,1,"Objective_Credit_AOP_LIRCMOP14_N100_FE20000_run1_seed265401.mat"
"s03_credit_fast","Objective-Credit-AOP","LIRCMOP14","LIR-CMOP",100,20000,2,265402,20000,3.4195,0.09706837272514134,0.5468675057128115,1,"Objective_Credit_AOP_LIRCMOP14_N100_FE20000_run2_seed265402.mat"
"s03_credit_fast","Objective-Credit-AOP","LIRCMOP14","LIR-CMOP",100,20000,3,265403,20000,3.5371,0.09808698288236602,0.5458549266208359,1,"Objective_Credit_AOP_LIRCMOP14_N100_FE20000_run3_seed265403.mat"
"s03_credit_fast","Objective-Credit-AOP","LIRCMOP1","LIR-CMOP",100,20000,1,264101,20000,2.2389,0.2903135952643501,0.1123649514634056,1,"Objective_Credit_AOP_LIRCMOP1_N100_FE20000_run1_seed264101.mat"
"s03_credit_fast","Objective-Credit-AOP","LIRCMOP1","LIR-CMOP",100,20000,2,264102,20000,2.1376,0.1735759224861581,0.1440440900795831,0.95,"Objective_Credit_AOP_LIRCMOP1_N100_FE20000_run2_seed264102.mat"
"s03_credit_fast","Objective-Credit-AOP","LIRCMOP1","LIR-CMOP",100,20000,3,264103,20000,1.9975,0.2769416856088152,0.1167614922822246,1,"Objective_Credit_AOP_LIRCMOP1_N100_FE20000_run3_seed264103.mat"
"s03_credit_fast","Objective-Credit-AOP","LIRCMOP2","LIR-CMOP",100,20000,1,264201,20000,2.2347,0.175731889343111,0.2559695610057034,1,"Objective_Credit_AOP_LIRCMOP2_N100_FE20000_run1_seed264201.mat"
"s03_credit_fast","Objective-Credit-AOP","LIRCMOP2","LIR-CMOP",100,20000,2,264202,20000,1.933,0.262999103798833,0.2336768702198174,1,"Objective_Credit_AOP_LIRCMOP2_N100_FE20000_run2_seed264202.mat"
"s03_credit_fast","Objective-Credit-AOP","LIRCMOP2","LIR-CMOP",100,20000,3,264203,20000,1.896,0.1976706812241637,0.250735296661842,1,"Objective_Credit_AOP_LIRCMOP2_N100_FE20000_run3_seed264203.mat"
"s03_credit_fast","Objective-Credit-AOP","LIRCMOP3","LIR-CMOP",100,20000,1,264301,20000,2.3334,0.3334953186915113,0.09564265103053257,1,"Objective_Credit_AOP_LIRCMOP3_N100_FE20000_run1_seed264301.mat"
"s03_credit_fast","Objective-Credit-AOP","LIRCMOP3","LIR-CMOP",100,20000,2,264302,20000,2.158,0.2950517937069398,0.1005540959103859,1,"Objective_Credit_AOP_LIRCMOP3_N100_FE20000_run2_seed264302.mat"
"s03_credit_fast","Objective-Credit-AOP","LIRCMOP3","LIR-CMOP",100,20000,3,264303,20000,2.1162,0.269747208785766,0.1074699092573708,1,"Objective_Credit_AOP_LIRCMOP3_N100_FE20000_run3_seed264303.mat"
"s03_credit_fast","Objective-Credit-AOP","LIRCMOP4","LIR-CMOP",100,20000,1,264401,20000,2.1725,0.2602736057428104,0.2054880339106416,1,"Objective_Credit_AOP_LIRCMOP4_N100_FE20000_run1_seed264401.mat"
"s03_credit_fast","Objective-Credit-AOP","LIRCMOP4","LIR-CMOP",100,20000,2,264402,20000,2.2606,0.2008851371843544,0.2352467600516177,1,"Objective_Credit_AOP_LIRCMOP4_N100_FE20000_run2_seed264402.mat"
"s03_credit_fast","Objective-Credit-AOP","LIRCMOP4","LIR-CMOP",100,20000,3,264403,20000,2.0279,0.2571263745509859,0.2062564820905697,1,"Objective_Credit_AOP_LIRCMOP4_N100_FE20000_run3_seed264403.mat"
"s03_credit_fast","Objective-Credit-AOP","LIRCMOP5","LIR-CMOP",100,20000,1,264501,20000,2.1863,1.209723611605396,0,1,"Objective_Credit_AOP_LIRCMOP5_N100_FE20000_run1_seed264501.mat"
"s03_credit_fast","Objective-Credit-AOP","LIRCMOP5","LIR-CMOP",100,20000,2,264502,20000,2.2297,1.219315435211951,0,1,"Objective_Credit_AOP_LIRCMOP5_N100_FE20000_run2_seed264502.mat"
"s03_credit_fast","Objective-Credit-AOP","LIRCMOP5","LIR-CMOP",100,20000,3,264503,20000,2.5201,1.224174218554771,0,1,"Objective_Credit_AOP_LIRCMOP5_N100_FE20000_run3_seed264503.mat"
"s03_credit_fast","Objective-Credit-AOP","LIRCMOP6","LIR-CMOP",100,20000,1,264601,20000,2.4748,0.6850095120026861,0.0392496557483288,1,"Objective_Credit_AOP_LIRCMOP6_N100_FE20000_run1_seed264601.mat"
"s03_credit_fast","Objective-Credit-AOP","LIRCMOP6","LIR-CMOP",100,20000,2,264602,20000,2.3707,1.348295801326816,0,1,"Objective_Credit_AOP_LIRCMOP6_N100_FE20000_run2_seed264602.mat"
"s03_credit_fast","Objective-Credit-AOP","LIRCMOP6","LIR-CMOP",100,20000,3,264603,20000,2.4134,1.346927889851341,0,1,"Objective_Credit_AOP_LIRCMOP6_N100_FE20000_run3_seed264603.mat"
"s03_credit_fast","Objective-Credit-AOP","LIRCMOP7","LIR-CMOP",100,20000,1,264701,20000,2.2564,0.1216966087842564,0.2449662945916004,1,"Objective_Credit_AOP_LIRCMOP7_N100_FE20000_run1_seed264701.mat"
"s03_credit_fast","Objective-Credit-AOP","LIRCMOP7","LIR-CMOP",100,20000,2,264702,20000,2.1687,0.09666360906486522,0.2526474799434937,1,"Objective_Credit_AOP_LIRCMOP7_N100_FE20000_run2_seed264702.mat"
"s03_credit_fast","Objective-Credit-AOP","LIRCMOP7","LIR-CMOP",100,20000,3,264703,20000,2.1519,0.114681539761466,0.2488138995594938,1,"Objective_Credit_AOP_LIRCMOP7_N100_FE20000_run3_seed264703.mat"
"s03_credit_fast","Objective-Credit-AOP","LIRCMOP8","LIR-CMOP",100,20000,1,264801,20000,2.1527,0.3212287020932761,0.216305988766219,1,"Objective_Credit_AOP_LIRCMOP8_N100_FE20000_run1_seed264801.mat"
"s03_credit_fast","Objective-Credit-AOP","LIRCMOP8","LIR-CMOP",100,20000,2,264802,20000,2.3947,0.1486833372013723,0.2394406736084881,1,"Objective_Credit_AOP_LIRCMOP8_N100_FE20000_run2_seed264802.mat"
"s03_credit_fast","Objective-Credit-AOP","LIRCMOP8","LIR-CMOP",100,20000,3,264803,20000,2.405,0.1774302495852391,0.2317810953369094,1,"Objective_Credit_AOP_LIRCMOP8_N100_FE20000_run3_seed264803.mat"
"s03_credit_fast","Objective-Credit-AOP","LIRCMOP9","LIR-CMOP",100,20000,1,264901,20000,2.8504,0.5088776462950064,0.3517763162753696,1,"Objective_Credit_AOP_LIRCMOP9_N100_FE20000_run1_seed264901.mat"
"s03_credit_fast","Objective-Credit-AOP","LIRCMOP9","LIR-CMOP",100,20000,2,264902,20000,2.9641,0.510705267880048,0.3547535984754234,1,"Objective_Credit_AOP_LIRCMOP9_N100_FE20000_run2_seed264902.mat"
"s03_credit_fast","Objective-Credit-AOP","LIRCMOP9","LIR-CMOP",100,20000,3,264903,20000,3.4508,0.5092099308500178,0.3502420365404532,1,"Objective_Credit_AOP_LIRCMOP9_N100_FE20000_run3_seed264903.mat"
"s03_credit_fast","Sliding-Survival-Credit-AOP","CF10","CF",100,20000,1,284001,20000,2.1802,0.2228088840177805,0.2424110723293226,1,"Sliding_Survival_Credit_AOP_CF10_N100_FE20000_run1_seed284001.mat"
"s03_credit_fast","Sliding-Survival-Credit-AOP","CF10","CF",100,20000,2,284002,20000,2.2864,0.2981088226519924,0.1769368068834115,1,"Sliding_Survival_Credit_AOP_CF10_N100_FE20000_run2_seed284002.mat"
"s03_credit_fast","Sliding-Survival-Credit-AOP","CF10","CF",100,20000,3,284003,20000,2.2504,0.1903895149667611,0.2461302874528917,1,"Sliding_Survival_Credit_AOP_CF10_N100_FE20000_run3_seed284003.mat"
"s03_credit_fast","Sliding-Survival-Credit-AOP","CF1","CF",100,20000,1,283101,20000,3.3019,0.01058529790582619,0.5533710470005575,1,"Sliding_Survival_Credit_AOP_CF1_N100_FE20000_run1_seed283101.mat"
"s03_credit_fast","Sliding-Survival-Credit-AOP","CF1","CF",100,20000,2,283102,20000,3.0518,0.01177165191961501,0.5522125221107332,1,"Sliding_Survival_Credit_AOP_CF1_N100_FE20000_run2_seed283102.mat"
"s03_credit_fast","Sliding-Survival-Credit-AOP","CF1","CF",100,20000,3,283103,20000,3.0879,0.0124694647187012,0.551144244974241,1,"Sliding_Survival_Credit_AOP_CF1_N100_FE20000_run3_seed283103.mat"
"s03_credit_fast","Sliding-Survival-Credit-AOP","CF2","CF",100,20000,1,283201,20000,2.9556,0.04192204256532263,0.6315137144335738,1,"Sliding_Survival_Credit_AOP_CF2_N100_FE20000_run1_seed283201.mat"
"s03_credit_fast","Sliding-Survival-Credit-AOP","CF2","CF",100,20000,2,283202,20000,2.2162,0.0401017186882227,0.6207882346227874,1,"Sliding_Survival_Credit_AOP_CF2_N100_FE20000_run2_seed283202.mat"
"s03_credit_fast","Sliding-Survival-Credit-AOP","CF2","CF",100,20000,3,283203,20000,3.1654,0.0240167304375317,0.6420370359924509,1,"Sliding_Survival_Credit_AOP_CF2_N100_FE20000_run3_seed283203.mat"
"s03_credit_fast","Sliding-Survival-Credit-AOP","CF3","CF",100,20000,1,283301,20000,2.5213,0.2338318468476273,0.1034392051753113,1,"Sliding_Survival_Credit_AOP_CF3_N100_FE20000_run1_seed283301.mat"
"s03_credit_fast","Sliding-Survival-Credit-AOP","CF3","CF",100,20000,2,283302,20000,2.5298,0.3798590981087274,0.02349228235368969,1,"Sliding_Survival_Credit_AOP_CF3_N100_FE20000_run2_seed283302.mat"
"s03_credit_fast","Sliding-Survival-Credit-AOP","CF3","CF",100,20000,3,283303,20000,2.5936,0.1286181608448855,0.1945436918066844,1,"Sliding_Survival_Credit_AOP_CF3_N100_FE20000_run3_seed283303.mat"
"s03_credit_fast","Sliding-Survival-Credit-AOP","CF4","CF",100,20000,1,283401,20000,2.4938,0.06370117143469099,0.4557797186268866,1,"Sliding_Survival_Credit_AOP_CF4_N100_FE20000_run1_seed283401.mat"
"s03_credit_fast","Sliding-Survival-Credit-AOP","CF4","CF",100,20000,2,283402,20000,2.5939,0.06343503294676421,0.4517971361207684,1,"Sliding_Survival_Credit_AOP_CF4_N100_FE20000_run2_seed283402.mat"
"s03_credit_fast","Sliding-Survival-Credit-AOP","CF4","CF",100,20000,3,283403,20000,2.1356,0.04806968748590257,0.4783686880958876,1,"Sliding_Survival_Credit_AOP_CF4_N100_FE20000_run3_seed283403.mat"
"s03_credit_fast","Sliding-Survival-Credit-AOP","CF5","CF",100,20000,1,283501,20000,2.1199,0.3679022045579367,0.2543280836965922,1,"Sliding_Survival_Credit_AOP_CF5_N100_FE20000_run1_seed283501.mat"
"s03_credit_fast","Sliding-Survival-Credit-AOP","CF5","CF",100,20000,2,283502,20000,1.9565,0.3089216647670535,0.2360739040607003,1,"Sliding_Survival_Credit_AOP_CF5_N100_FE20000_run2_seed283502.mat"
"s03_credit_fast","Sliding-Survival-Credit-AOP","CF5","CF",100,20000,3,283503,20000,2.2404,0.1355422618084202,0.3799145477615821,1,"Sliding_Survival_Credit_AOP_CF5_N100_FE20000_run3_seed283503.mat"
"s03_credit_fast","Sliding-Survival-Credit-AOP","CF6","CF",100,20000,1,283601,20000,3.1826,0.08698819461102629,0.6323290410853761,1,"Sliding_Survival_Credit_AOP_CF6_N100_FE20000_run1_seed283601.mat"
"s03_credit_fast","Sliding-Survival-Credit-AOP","CF6","CF",100,20000,2,283602,20000,2.759,0.06137336485894661,0.6318765439047923,1,"Sliding_Survival_Credit_AOP_CF6_N100_FE20000_run2_seed283602.mat"
"s03_credit_fast","Sliding-Survival-Credit-AOP","CF6","CF",100,20000,3,283603,20000,3.1895,0.05224409525882463,0.6428693819378714,1,"Sliding_Survival_Credit_AOP_CF6_N100_FE20000_run3_seed283603.mat"
"s03_credit_fast","Sliding-Survival-Credit-AOP","CF7","CF",100,20000,1,283701,20000,2.5023,0.5107576766830192,0.2076390651610873,1,"Sliding_Survival_Credit_AOP_CF7_N100_FE20000_run1_seed283701.mat"
"s03_credit_fast","Sliding-Survival-Credit-AOP","CF7","CF",100,20000,2,283702,20000,1.8949,0.2220467140844647,0.4976816423954777,1,"Sliding_Survival_Credit_AOP_CF7_N100_FE20000_run2_seed283702.mat"
"s03_credit_fast","Sliding-Survival-Credit-AOP","CF7","CF",100,20000,3,283703,20000,1.6489,0.1263602834380788,0.5425290901699245,1,"Sliding_Survival_Credit_AOP_CF7_N100_FE20000_run3_seed283703.mat"
"s03_credit_fast","Sliding-Survival-Credit-AOP","CF8","CF",100,20000,1,283801,20000,2.2375,0.2745044552969033,0.2483477075421192,1,"Sliding_Survival_Credit_AOP_CF8_N100_FE20000_run1_seed283801.mat"
"s03_credit_fast","Sliding-Survival-Credit-AOP","CF8","CF",100,20000,2,283802,20000,2.3896,0.1761637406826382,0.3127523171289903,1,"Sliding_Survival_Credit_AOP_CF8_N100_FE20000_run2_seed283802.mat"
"s03_credit_fast","Sliding-Survival-Credit-AOP","CF8","CF",100,20000,3,283803,20000,2.4574,0.2407825509172382,0.2158041919580486,1,"Sliding_Survival_Credit_AOP_CF8_N100_FE20000_run3_seed283803.mat"
"s03_credit_fast","Sliding-Survival-Credit-AOP","CF9","CF",100,20000,1,283901,20000,2.4406,0.1022614174635109,0.3972726469669631,1,"Sliding_Survival_Credit_AOP_CF9_N100_FE20000_run1_seed283901.mat"
"s03_credit_fast","Sliding-Survival-Credit-AOP","CF9","CF",100,20000,2,283902,20000,2.8196,0.1097534924154446,0.4095513114981518,1,"Sliding_Survival_Credit_AOP_CF9_N100_FE20000_run2_seed283902.mat"
"s03_credit_fast","Sliding-Survival-Credit-AOP","CF9","CF",100,20000,3,283903,20000,2.8737,0.1082259371511397,0.4070986211248694,1,"Sliding_Survival_Credit_AOP_CF9_N100_FE20000_run3_seed283903.mat"
"s03_credit_fast","Sliding-Survival-Credit-AOP","DASCMOP1","DAS-CMOP",100,20000,1,285501,20000,1.5343,0.6711235860663689,0.01701289112214873,1,"Sliding_Survival_Credit_AOP_DASCMOP1_N100_FE20000_run1_seed285501.mat"
"s03_credit_fast","Sliding-Survival-Credit-AOP","DASCMOP1","DAS-CMOP",100,20000,2,285502,20000,2.5446,0.6475760982255827,0.02025961536248679,1,"Sliding_Survival_Credit_AOP_DASCMOP1_N100_FE20000_run2_seed285502.mat"
"s03_credit_fast","Sliding-Survival-Credit-AOP","DASCMOP1","DAS-CMOP",100,20000,3,285503,20000,2.4203,0.3531182485167106,0.06030106277150475,1,"Sliding_Survival_Credit_AOP_DASCMOP1_N100_FE20000_run3_seed285503.mat"
"s03_credit_fast","Sliding-Survival-Credit-AOP","DASCMOP2","DAS-CMOP",100,20000,1,285601,20000,1.5982,0.1713828432606011,0.2739227669157053,1,"Sliding_Survival_Credit_AOP_DASCMOP2_N100_FE20000_run1_seed285601.mat"
"s03_credit_fast","Sliding-Survival-Credit-AOP","DASCMOP2","DAS-CMOP",100,20000,2,285602,20000,1.2885,0.2497029952106535,0.246591504536427,1,"Sliding_Survival_Credit_AOP_DASCMOP2_N100_FE20000_run2_seed285602.mat"
"s03_credit_fast","Sliding-Survival-Credit-AOP","DASCMOP2","DAS-CMOP",100,20000,3,285603,20000,1.6329,0.2473960542740782,0.2495656911089766,1,"Sliding_Survival_Credit_AOP_DASCMOP2_N100_FE20000_run3_seed285603.mat"
"s03_credit_fast","Sliding-Survival-Credit-AOP","DASCMOP3","DAS-CMOP",100,20000,1,285701,20000,1.8042,0.2573969976038459,0.2474170251469132,1,"Sliding_Survival_Credit_AOP_DASCMOP3_N100_FE20000_run1_seed285701.mat"
"s03_credit_fast","Sliding-Survival-Credit-AOP","DASCMOP3","DAS-CMOP",100,20000,2,285702,20000,2.207,0.3456311507294628,0.2076805066552745,1,"Sliding_Survival_Credit_AOP_DASCMOP3_N100_FE20000_run2_seed285702.mat"
"s03_credit_fast","Sliding-Survival-Credit-AOP","DASCMOP3","DAS-CMOP",100,20000,3,285703,20000,1.5167,0.3479181456489939,0.2076020338780369,1,"Sliding_Survival_Credit_AOP_DASCMOP3_N100_FE20000_run3_seed285703.mat"
"s03_credit_fast","Sliding-Survival-Credit-AOP","DASCMOP4","DAS-CMOP",100,20000,1,285801,20000,2.0412,NaN,NaN,0,"Sliding_Survival_Credit_AOP_DASCMOP4_N100_FE20000_run1_seed285801.mat"
"s03_credit_fast","Sliding-Survival-Credit-AOP","DASCMOP4","DAS-CMOP",100,20000,2,285802,20000,2.1327,NaN,NaN,0,"Sliding_Survival_Credit_AOP_DASCMOP4_N100_FE20000_run2_seed285802.mat"
"s03_credit_fast","Sliding-Survival-Credit-AOP","DASCMOP4","DAS-CMOP",100,20000,3,285803,20000,1.3263,NaN,NaN,0,"Sliding_Survival_Credit_AOP_DASCMOP4_N100_FE20000_run3_seed285803.mat"
"s03_credit_fast","Sliding-Survival-Credit-AOP","DASCMOP5","DAS-CMOP",100,20000,1,285901,20000,1.1807,NaN,NaN,0,"Sliding_Survival_Credit_AOP_DASCMOP5_N100_FE20000_run1_seed285901.mat"
"s03_credit_fast","Sliding-Survival-Credit-AOP","DASCMOP5","DAS-CMOP",100,20000,2,285902,20000,1.3908,NaN,NaN,0,"Sliding_Survival_Credit_AOP_DASCMOP5_N100_FE20000_run2_seed285902.mat"
"s03_credit_fast","Sliding-Survival-Credit-AOP","DASCMOP5","DAS-CMOP",100,20000,3,285903,20000,1.6655,NaN,NaN,0,"Sliding_Survival_Credit_AOP_DASCMOP5_N100_FE20000_run3_seed285903.mat"
"s03_credit_fast","Sliding-Survival-Credit-AOP","DASCMOP6","DAS-CMOP",100,20000,1,286001,20000,1.8185,NaN,NaN,0,"Sliding_Survival_Credit_AOP_DASCMOP6_N100_FE20000_run1_seed286001.mat"
"s03_credit_fast","Sliding-Survival-Credit-AOP","DASCMOP6","DAS-CMOP",100,20000,2,286002,20000,1.2614,NaN,NaN,0,"Sliding_Survival_Credit_AOP_DASCMOP6_N100_FE20000_run2_seed286002.mat"
"s03_credit_fast","Sliding-Survival-Credit-AOP","DASCMOP6","DAS-CMOP",100,20000,3,286003,20000,2.4469,NaN,NaN,0,"Sliding_Survival_Credit_AOP_DASCMOP6_N100_FE20000_run3_seed286003.mat"
"s03_credit_fast","Sliding-Survival-Credit-AOP","DASCMOP7","DAS-CMOP",100,20000,1,286101,20000,2.295,NaN,NaN,0,"Sliding_Survival_Credit_AOP_DASCMOP7_N100_FE20000_run1_seed286101.mat"
"s03_credit_fast","Sliding-Survival-Credit-AOP","DASCMOP7","DAS-CMOP",100,20000,2,286102,20000,1.5817,NaN,NaN,0,"Sliding_Survival_Credit_AOP_DASCMOP7_N100_FE20000_run2_seed286102.mat"
"s03_credit_fast","Sliding-Survival-Credit-AOP","DASCMOP7","DAS-CMOP",100,20000,3,286103,20000,1.1292,NaN,NaN,0,"Sliding_Survival_Credit_AOP_DASCMOP7_N100_FE20000_run3_seed286103.mat"
"s03_credit_fast","Sliding-Survival-Credit-AOP","DASCMOP8","DAS-CMOP",100,20000,1,286201,20000,1.4401,NaN,NaN,0,"Sliding_Survival_Credit_AOP_DASCMOP8_N100_FE20000_run1_seed286201.mat"
"s03_credit_fast","Sliding-Survival-Credit-AOP","DASCMOP8","DAS-CMOP",100,20000,2,286202,20000,1.5787,NaN,NaN,0,"Sliding_Survival_Credit_AOP_DASCMOP8_N100_FE20000_run2_seed286202.mat"
"s03_credit_fast","Sliding-Survival-Credit-AOP","DASCMOP8","DAS-CMOP",100,20000,3,286203,20000,1.6892,NaN,NaN,0,"Sliding_Survival_Credit_AOP_DASCMOP8_N100_FE20000_run3_seed286203.mat"
"s03_credit_fast","Sliding-Survival-Credit-AOP","DASCMOP9","DAS-CMOP",100,20000,1,286301,20000,1.3,0.3128507447140402,0.1383993023084989,1,"Sliding_Survival_Credit_AOP_DASCMOP9_N100_FE20000_run1_seed286301.mat"
"s03_credit_fast","Sliding-Survival-Credit-AOP","DASCMOP9","DAS-CMOP",100,20000,2,286302,20000,2.337,0.3170184263851335,0.1360055563668678,1,"Sliding_Survival_Credit_AOP_DASCMOP9_N100_FE20000_run2_seed286302.mat"
"s03_credit_fast","Sliding-Survival-Credit-AOP","DASCMOP9","DAS-CMOP",100,20000,3,286303,20000,2.2316,0.3613389661088159,0.1307942790684548,1,"Sliding_Survival_Credit_AOP_DASCMOP9_N100_FE20000_run3_seed286303.mat"
"s03_credit_fast","Sliding-Survival-Credit-AOP","LIRCMOP10","LIR-CMOP",100,20000,1,285001,20000,3.6419,0.4599125204152081,0.4472504470399871,1,"Sliding_Survival_Credit_AOP_LIRCMOP10_N100_FE20000_run1_seed285001.mat"
"s03_credit_fast","Sliding-Survival-Credit-AOP","LIRCMOP10","LIR-CMOP",100,20000,2,285002,20000,3.9793,0.4706819284955427,0.4365859548281921,1,"Sliding_Survival_Credit_AOP_LIRCMOP10_N100_FE20000_run2_seed285002.mat"
"s03_credit_fast","Sliding-Survival-Credit-AOP","LIRCMOP10","LIR-CMOP",100,20000,3,285003,20000,2.6894,0.4509821014175008,0.4578787404387462,1,"Sliding_Survival_Credit_AOP_LIRCMOP10_N100_FE20000_run3_seed285003.mat"
"s03_credit_fast","Sliding-Survival-Credit-AOP","LIRCMOP11","LIR-CMOP",100,20000,1,285101,20000,2.4859,0.1625541467874052,0.5773480126295309,1,"Sliding_Survival_Credit_AOP_LIRCMOP11_N100_FE20000_run1_seed285101.mat"
"s03_credit_fast","Sliding-Survival-Credit-AOP","LIRCMOP11","LIR-CMOP",100,20000,2,285102,20000,2.058,0.1445345799530248,0.5992795033517676,1,"Sliding_Survival_Credit_AOP_LIRCMOP11_N100_FE20000_run2_seed285102.mat"
"s03_credit_fast","Sliding-Survival-Credit-AOP","LIRCMOP11","LIR-CMOP",100,20000,3,285103,20000,3.4342,0.1608092014655323,0.5788451054852495,1,"Sliding_Survival_Credit_AOP_LIRCMOP11_N100_FE20000_run3_seed285103.mat"
"s03_credit_fast","Sliding-Survival-Credit-AOP","LIRCMOP12","LIR-CMOP",100,20000,1,285201,20000,2.7116,0.4257206365377604,0.3529667815702645,1,"Sliding_Survival_Credit_AOP_LIRCMOP12_N100_FE20000_run1_seed285201.mat"
"s03_credit_fast","Sliding-Survival-Credit-AOP","LIRCMOP12","LIR-CMOP",100,20000,2,285202,20000,1.7166,0.1768488905642869,0.5265530060396204,1,"Sliding_Survival_Credit_AOP_LIRCMOP12_N100_FE20000_run2_seed285202.mat"
"s03_credit_fast","Sliding-Survival-Credit-AOP","LIRCMOP12","LIR-CMOP",100,20000,3,285203,20000,2.899,0.4216439603812322,0.3491311974499121,1,"Sliding_Survival_Credit_AOP_LIRCMOP12_N100_FE20000_run3_seed285203.mat"
"s03_credit_fast","Sliding-Survival-Credit-AOP","LIRCMOP13","LIR-CMOP",100,20000,1,285301,20000,3.8361,0.1154640284792834,0.5171556815390754,1,"Sliding_Survival_Credit_AOP_LIRCMOP13_N100_FE20000_run1_seed285301.mat"
"s03_credit_fast","Sliding-Survival-Credit-AOP","LIRCMOP13","LIR-CMOP",100,20000,2,285302,20000,2.4729,0.1146482270931725,0.5197788063839681,1,"Sliding_Survival_Credit_AOP_LIRCMOP13_N100_FE20000_run2_seed285302.mat"
"s03_credit_fast","Sliding-Survival-Credit-AOP","LIRCMOP13","LIR-CMOP",100,20000,3,285303,20000,2.6206,0.1083992438023772,0.521611585819622,1,"Sliding_Survival_Credit_AOP_LIRCMOP13_N100_FE20000_run3_seed285303.mat"
"s03_credit_fast","Sliding-Survival-Credit-AOP","LIRCMOP14","LIR-CMOP",100,20000,1,285401,20000,2.5017,0.09736100052824918,0.5516345442820327,1,"Sliding_Survival_Credit_AOP_LIRCMOP14_N100_FE20000_run1_seed285401.mat"
"s03_credit_fast","Sliding-Survival-Credit-AOP","LIRCMOP14","LIR-CMOP",100,20000,2,285402,20000,3.8403,0.09783911306611846,0.5504189194295066,1,"Sliding_Survival_Credit_AOP_LIRCMOP14_N100_FE20000_run2_seed285402.mat"
"s03_credit_fast","Sliding-Survival-Credit-AOP","LIRCMOP14","LIR-CMOP",100,20000,3,285403,20000,3.956,0.09855787684646704,0.5511561048834646,1,"Sliding_Survival_Credit_AOP_LIRCMOP14_N100_FE20000_run3_seed285403.mat"
"s03_credit_fast","Sliding-Survival-Credit-AOP","LIRCMOP1","LIR-CMOP",100,20000,1,284101,20000,2.1493,0.2936073601326639,0.1145914640907954,1,"Sliding_Survival_Credit_AOP_LIRCMOP1_N100_FE20000_run1_seed284101.mat"
"s03_credit_fast","Sliding-Survival-Credit-AOP","LIRCMOP1","LIR-CMOP",100,20000,2,284102,20000,1.8867,0.2401875853267138,0.143771871388841,1,"Sliding_Survival_Credit_AOP_LIRCMOP1_N100_FE20000_run2_seed284102.mat"
"s03_credit_fast","Sliding-Survival-Credit-AOP","LIRCMOP1","LIR-CMOP",100,20000,3,284103,20000,1.5374,0.2795383639852003,0.1163822716174364,0.87,"Sliding_Survival_Credit_AOP_LIRCMOP1_N100_FE20000_run3_seed284103.mat"
"s03_credit_fast","Sliding-Survival-Credit-AOP","LIRCMOP2","LIR-CMOP",100,20000,1,284201,20000,2.0826,0.2266931373458791,0.2452297295623559,1,"Sliding_Survival_Credit_AOP_LIRCMOP2_N100_FE20000_run1_seed284201.mat"
"s03_credit_fast","Sliding-Survival-Credit-AOP","LIRCMOP2","LIR-CMOP",100,20000,2,284202,20000,1.9191,0.2794655386241001,0.2149263777423543,1,"Sliding_Survival_Credit_AOP_LIRCMOP2_N100_FE20000_run2_seed284202.mat"
"s03_credit_fast","Sliding-Survival-Credit-AOP","LIRCMOP2","LIR-CMOP",100,20000,3,284203,20000,1.5987,0.268703855006136,0.2259014935340408,1,"Sliding_Survival_Credit_AOP_LIRCMOP2_N100_FE20000_run3_seed284203.mat"
"s03_credit_fast","Sliding-Survival-Credit-AOP","LIRCMOP3","LIR-CMOP",100,20000,1,284301,20000,1.5416,0.2879862394689476,0.1009080449477347,1,"Sliding_Survival_Credit_AOP_LIRCMOP3_N100_FE20000_run1_seed284301.mat"
"s03_credit_fast","Sliding-Survival-Credit-AOP","LIRCMOP3","LIR-CMOP",100,20000,2,284302,20000,1.4869,0.2848497381408807,0.1105607732538643,1,"Sliding_Survival_Credit_AOP_LIRCMOP3_N100_FE20000_run2_seed284302.mat"
"s03_credit_fast","Sliding-Survival-Credit-AOP","LIRCMOP3","LIR-CMOP",100,20000,3,284303,20000,2.0936,0.3334877247837797,0.09498018033749835,1,"Sliding_Survival_Credit_AOP_LIRCMOP3_N100_FE20000_run3_seed284303.mat"
"s03_credit_fast","Sliding-Survival-Credit-AOP","LIRCMOP4","LIR-CMOP",100,20000,1,284401,20000,1.9996,0.3165453707255741,0.1901461568878355,1,"Sliding_Survival_Credit_AOP_LIRCMOP4_N100_FE20000_run1_seed284401.mat"
"s03_credit_fast","Sliding-Survival-Credit-AOP","LIRCMOP4","LIR-CMOP",100,20000,2,284402,20000,1.4926,0.2077928741113286,0.2307503993287521,1,"Sliding_Survival_Credit_AOP_LIRCMOP4_N100_FE20000_run2_seed284402.mat"
"s03_credit_fast","Sliding-Survival-Credit-AOP","LIRCMOP4","LIR-CMOP",100,20000,3,284403,20000,2.0925,0.2554872215936184,0.2076791953380073,1,"Sliding_Survival_Credit_AOP_LIRCMOP4_N100_FE20000_run3_seed284403.mat"
"s03_credit_fast","Sliding-Survival-Credit-AOP","LIRCMOP5","LIR-CMOP",100,20000,1,284501,20000,2.17,1.208997698337142,0,1,"Sliding_Survival_Credit_AOP_LIRCMOP5_N100_FE20000_run1_seed284501.mat"
"s03_credit_fast","Sliding-Survival-Credit-AOP","LIRCMOP5","LIR-CMOP",100,20000,2,284502,20000,1.5412,1.22287546002156,0,1,"Sliding_Survival_Credit_AOP_LIRCMOP5_N100_FE20000_run2_seed284502.mat"
"s03_credit_fast","Sliding-Survival-Credit-AOP","LIRCMOP5","LIR-CMOP",100,20000,3,284503,20000,1.573,1.212157465059591,0,1,"Sliding_Survival_Credit_AOP_LIRCMOP5_N100_FE20000_run3_seed284503.mat"
"s03_credit_fast","Sliding-Survival-Credit-AOP","LIRCMOP6","LIR-CMOP",100,20000,1,284601,20000,1.6374,1.346457196196772,0,1,"Sliding_Survival_Credit_AOP_LIRCMOP6_N100_FE20000_run1_seed284601.mat"
"s03_credit_fast","Sliding-Survival-Credit-AOP","LIRCMOP6","LIR-CMOP",100,20000,2,284602,20000,2.5554,1.347223344165625,0,1,"Sliding_Survival_Credit_AOP_LIRCMOP6_N100_FE20000_run2_seed284602.mat"
"s03_credit_fast","Sliding-Survival-Credit-AOP","LIRCMOP6","LIR-CMOP",100,20000,3,284603,20000,2.3955,1.346386576167578,0,1,"Sliding_Survival_Credit_AOP_LIRCMOP6_N100_FE20000_run3_seed284603.mat"
"s03_credit_fast","Sliding-Survival-Credit-AOP","LIRCMOP7","LIR-CMOP",100,20000,1,284701,20000,1.5883,0.108816189761414,0.2495821370415758,1,"Sliding_Survival_Credit_AOP_LIRCMOP7_N100_FE20000_run1_seed284701.mat"
"s03_credit_fast","Sliding-Survival-Credit-AOP","LIRCMOP7","LIR-CMOP",100,20000,2,284702,20000,2.1769,0.1143632121907033,0.2516045933295621,1,"Sliding_Survival_Credit_AOP_LIRCMOP7_N100_FE20000_run2_seed284702.mat"
"s03_credit_fast","Sliding-Survival-Credit-AOP","LIRCMOP7","LIR-CMOP",100,20000,3,284703,20000,2.3755,0.1193670973144254,0.2458307979830955,1,"Sliding_Survival_Credit_AOP_LIRCMOP7_N100_FE20000_run3_seed284703.mat"
"s03_credit_fast","Sliding-Survival-Credit-AOP","LIRCMOP8","LIR-CMOP",100,20000,1,284801,20000,1.597,0.311908817649774,0.2151450511889115,1,"Sliding_Survival_Credit_AOP_LIRCMOP8_N100_FE20000_run1_seed284801.mat"
"s03_credit_fast","Sliding-Survival-Credit-AOP","LIRCMOP8","LIR-CMOP",100,20000,2,284802,20000,1.6172,0.2121039472258139,0.2290511921229628,1,"Sliding_Survival_Credit_AOP_LIRCMOP8_N100_FE20000_run2_seed284802.mat"
"s03_credit_fast","Sliding-Survival-Credit-AOP","LIRCMOP8","LIR-CMOP",100,20000,3,284803,20000,1.5619,0.1690417264265544,0.2353741800461469,1,"Sliding_Survival_Credit_AOP_LIRCMOP8_N100_FE20000_run3_seed284803.mat"
"s03_credit_fast","Sliding-Survival-Credit-AOP","LIRCMOP9","LIR-CMOP",100,20000,1,284901,20000,3.3988,0.5267563906253909,0.3183047464502762,1,"Sliding_Survival_Credit_AOP_LIRCMOP9_N100_FE20000_run1_seed284901.mat"
"s03_credit_fast","Sliding-Survival-Credit-AOP","LIRCMOP9","LIR-CMOP",100,20000,2,284902,20000,2.7923,0.5061855487577377,0.3544597515280574,1,"Sliding_Survival_Credit_AOP_LIRCMOP9_N100_FE20000_run2_seed284902.mat"
"s03_credit_fast","Sliding-Survival-Credit-AOP","LIRCMOP9","LIR-CMOP",100,20000,3,284903,20000,2.0813,0.5069608703922307,0.3558342178268136,1,"Sliding_Survival_Credit_AOP_LIRCMOP9_N100_FE20000_run3_seed284903.mat"
"s03_credit_fast","Survival-Credit-AOP","CF10","CF",100,20000,1,234001,20000,3.1947,0.2592673954491206,0.181598884412492,1,"Survival_Credit_AOP_CF10_N100_FE20000_run1_seed234001.mat"
"s03_credit_fast","Survival-Credit-AOP","CF10","CF",100,20000,2,234002,20000,2.7055,0.2260213962456394,0.2135718850631316,1,"Survival_Credit_AOP_CF10_N100_FE20000_run2_seed234002.mat"
"s03_credit_fast","Survival-Credit-AOP","CF10","CF",100,20000,3,234003,20000,2.6955,0.4325437399017497,0.07420435699848757,1,"Survival_Credit_AOP_CF10_N100_FE20000_run3_seed234003.mat"
"s03_credit_fast","Survival-Credit-AOP","CF1","CF",100,20000,1,233101,20000,2.5918,0.009842506124193153,0.5542074454207099,1,"Survival_Credit_AOP_CF1_N100_FE20000_run1_seed233101.mat"
"s03_credit_fast","Survival-Credit-AOP","CF1","CF",100,20000,2,233102,20000,3.4785,0.008763179208206108,0.5554192142607997,1,"Survival_Credit_AOP_CF1_N100_FE20000_run2_seed233102.mat"
"s03_credit_fast","Survival-Credit-AOP","CF1","CF",100,20000,3,233103,20000,3.3674,0.009954646011166088,0.5548943670689334,1,"Survival_Credit_AOP_CF1_N100_FE20000_run3_seed233103.mat"
"s03_credit_fast","Survival-Credit-AOP","CF2","CF",100,20000,1,233201,20000,2.5662,0.05891960280519563,0.5978912283383879,1,"Survival_Credit_AOP_CF2_N100_FE20000_run1_seed233201.mat"
"s03_credit_fast","Survival-Credit-AOP","CF2","CF",100,20000,2,233202,20000,2.873,0.02107442958544562,0.6399613533514448,1,"Survival_Credit_AOP_CF2_N100_FE20000_run2_seed233202.mat"
"s03_credit_fast","Survival-Credit-AOP","CF2","CF",100,20000,3,233203,20000,2.6487,0.0173523006552851,0.6533056020368666,1,"Survival_Credit_AOP_CF2_N100_FE20000_run3_seed233203.mat"
"s03_credit_fast","Survival-Credit-AOP","CF3","CF",100,20000,1,233301,20000,2.3329,0.2440824523055063,0.1697801894604368,1,"Survival_Credit_AOP_CF3_N100_FE20000_run1_seed233301.mat"
"s03_credit_fast","Survival-Credit-AOP","CF3","CF",100,20000,2,233302,20000,2.9033,0.3075948246960098,0.07059719296241326,1,"Survival_Credit_AOP_CF3_N100_FE20000_run2_seed233302.mat"
"s03_credit_fast","Survival-Credit-AOP","CF3","CF",100,20000,3,233303,20000,2.1973,0.2840536381852193,0.1328098141192398,1,"Survival_Credit_AOP_CF3_N100_FE20000_run3_seed233303.mat"
"s03_credit_fast","Survival-Credit-AOP","CF4","CF",100,20000,1,233401,20000,2.6151,0.08736639751968156,0.4131684206762351,1,"Survival_Credit_AOP_CF4_N100_FE20000_run1_seed233401.mat"
"s03_credit_fast","Survival-Credit-AOP","CF4","CF",100,20000,2,233402,20000,2.9476,0.08628838959510375,0.4304067626886579,1,"Survival_Credit_AOP_CF4_N100_FE20000_run2_seed233402.mat"
"s03_credit_fast","Survival-Credit-AOP","CF4","CF",100,20000,3,233403,20000,2.502,0.07619898827204867,0.434776173520047,1,"Survival_Credit_AOP_CF4_N100_FE20000_run3_seed233403.mat"
"s03_credit_fast","Survival-Credit-AOP","CF5","CF",100,20000,1,233501,20000,2.3964,0.2156364886586351,0.3078654310427323,1,"Survival_Credit_AOP_CF5_N100_FE20000_run1_seed233501.mat"
"s03_credit_fast","Survival-Credit-AOP","CF5","CF",100,20000,2,233502,20000,2.5196,0.1474405861579444,0.3332094975687458,1,"Survival_Credit_AOP_CF5_N100_FE20000_run2_seed233502.mat"
"s03_credit_fast","Survival-Credit-AOP","CF5","CF",100,20000,3,233503,20000,2.3395,0.2543067995470278,0.2980469543010569,1,"Survival_Credit_AOP_CF5_N100_FE20000_run3_seed233503.mat"
"s03_credit_fast","Survival-Credit-AOP","CF6","CF",100,20000,1,233601,20000,3.2944,0.0605079512300395,0.6463294209991575,1,"Survival_Credit_AOP_CF6_N100_FE20000_run1_seed233601.mat"
"s03_credit_fast","Survival-Credit-AOP","CF6","CF",100,20000,2,233602,20000,3.2729,0.03841097380700475,0.6528705041941782,1,"Survival_Credit_AOP_CF6_N100_FE20000_run2_seed233602.mat"
"s03_credit_fast","Survival-Credit-AOP","CF6","CF",100,20000,3,233603,20000,3.2479,0.07345950359193575,0.6388248792240686,1,"Survival_Credit_AOP_CF6_N100_FE20000_run3_seed233603.mat"
"s03_credit_fast","Survival-Credit-AOP","CF7","CF",100,20000,1,233701,20000,2.5349,0.1942563712354647,0.479698371019629,1,"Survival_Credit_AOP_CF7_N100_FE20000_run1_seed233701.mat"
"s03_credit_fast","Survival-Credit-AOP","CF7","CF",100,20000,2,233702,20000,2.5439,0.1156974958738634,0.556996805298391,1,"Survival_Credit_AOP_CF7_N100_FE20000_run2_seed233702.mat"
"s03_credit_fast","Survival-Credit-AOP","CF7","CF",100,20000,3,233703,20000,2.2584,0.2812164944024798,0.425468385286044,1,"Survival_Credit_AOP_CF7_N100_FE20000_run3_seed233703.mat"
"s03_credit_fast","Survival-Credit-AOP","CF8","CF",100,20000,1,233801,20000,2.4309,0.2276628214807541,0.266678489077647,1,"Survival_Credit_AOP_CF8_N100_FE20000_run1_seed233801.mat"
"s03_credit_fast","Survival-Credit-AOP","CF8","CF",100,20000,2,233802,20000,2.422,0.2192947636159631,0.2602188387974604,1,"Survival_Credit_AOP_CF8_N100_FE20000_run2_seed233802.mat"
"s03_credit_fast","Survival-Credit-AOP","CF8","CF",100,20000,3,233803,20000,2.4506,0.2058126925494644,0.2789333578130661,1,"Survival_Credit_AOP_CF8_N100_FE20000_run3_seed233803.mat"
"s03_credit_fast","Survival-Credit-AOP","CF9","CF",100,20000,1,233901,20000,3.0318,0.1517950179110133,0.3394151627978668,1,"Survival_Credit_AOP_CF9_N100_FE20000_run1_seed233901.mat"
"s03_credit_fast","Survival-Credit-AOP","CF9","CF",100,20000,2,233902,20000,2.833,0.1119779038301879,0.3991381023169505,1,"Survival_Credit_AOP_CF9_N100_FE20000_run2_seed233902.mat"
"s03_credit_fast","Survival-Credit-AOP","CF9","CF",100,20000,3,233903,20000,2.9852,0.1082707263541641,0.4100712544940205,1,"Survival_Credit_AOP_CF9_N100_FE20000_run3_seed233903.mat"
"s03_credit_fast","Survival-Credit-AOP","DASCMOP1","DAS-CMOP",100,20000,1,235501,20000,2.2328,0.7277278918182016,0.008469506915082036,1,"Survival_Credit_AOP_DASCMOP1_N100_FE20000_run1_seed235501.mat"
"s03_credit_fast","Survival-Credit-AOP","DASCMOP1","DAS-CMOP",100,20000,2,235502,20000,2.3173,0.7363582490851258,0.004840770731661526,1,"Survival_Credit_AOP_DASCMOP1_N100_FE20000_run2_seed235502.mat"
"s03_credit_fast","Survival-Credit-AOP","DASCMOP1","DAS-CMOP",100,20000,3,235503,20000,2.3723,0.744627260395336,0.004303464557091879,1,"Survival_Credit_AOP_DASCMOP1_N100_FE20000_run3_seed235503.mat"
"s03_credit_fast","Survival-Credit-AOP","DASCMOP2","DAS-CMOP",100,20000,1,235601,20000,2.0244,0.04912272381560408,0.3284356298262395,1,"Survival_Credit_AOP_DASCMOP2_N100_FE20000_run1_seed235601.mat"
"s03_credit_fast","Survival-Credit-AOP","DASCMOP2","DAS-CMOP",100,20000,2,235602,20000,2.3161,0.2123938275107801,0.2640792988155056,1,"Survival_Credit_AOP_DASCMOP2_N100_FE20000_run2_seed235602.mat"
"s03_credit_fast","Survival-Credit-AOP","DASCMOP2","DAS-CMOP",100,20000,3,235603,20000,2.0104,0.2200297393524537,0.2617716557008698,1,"Survival_Credit_AOP_DASCMOP2_N100_FE20000_run3_seed235603.mat"
"s03_credit_fast","Survival-Credit-AOP","DASCMOP3","DAS-CMOP",100,20000,1,235701,20000,2.327,0.345515914506946,0.2080932430838597,1,"Survival_Credit_AOP_DASCMOP3_N100_FE20000_run1_seed235701.mat"
"s03_credit_fast","Survival-Credit-AOP","DASCMOP3","DAS-CMOP",100,20000,2,235702,20000,2.1415,0.2633056295219036,0.2504814901129325,1,"Survival_Credit_AOP_DASCMOP3_N100_FE20000_run2_seed235702.mat"
"s03_credit_fast","Survival-Credit-AOP","DASCMOP3","DAS-CMOP",100,20000,3,235703,20000,2.2547,0.2630740436937172,0.2525848016650594,1,"Survival_Credit_AOP_DASCMOP3_N100_FE20000_run3_seed235703.mat"
"s03_credit_fast","Survival-Credit-AOP","DASCMOP4","DAS-CMOP",100,20000,1,235801,20000,2.0767,NaN,NaN,0,"Survival_Credit_AOP_DASCMOP4_N100_FE20000_run1_seed235801.mat"
"s03_credit_fast","Survival-Credit-AOP","DASCMOP4","DAS-CMOP",100,20000,2,235802,20000,2.0262,NaN,NaN,0,"Survival_Credit_AOP_DASCMOP4_N100_FE20000_run2_seed235802.mat"
"s03_credit_fast","Survival-Credit-AOP","DASCMOP4","DAS-CMOP",100,20000,3,235803,20000,2.0722,NaN,NaN,0,"Survival_Credit_AOP_DASCMOP4_N100_FE20000_run3_seed235803.mat"
"s03_credit_fast","Survival-Credit-AOP","DASCMOP5","DAS-CMOP",100,20000,1,235901,20000,2.2407,NaN,NaN,0,"Survival_Credit_AOP_DASCMOP5_N100_FE20000_run1_seed235901.mat"
"s03_credit_fast","Survival-Credit-AOP","DASCMOP5","DAS-CMOP",100,20000,2,235902,20000,1.942,NaN,NaN,0,"Survival_Credit_AOP_DASCMOP5_N100_FE20000_run2_seed235902.mat"
"s03_credit_fast","Survival-Credit-AOP","DASCMOP5","DAS-CMOP",100,20000,3,235903,20000,2.0715,NaN,NaN,0,"Survival_Credit_AOP_DASCMOP5_N100_FE20000_run3_seed235903.mat"
"s03_credit_fast","Survival-Credit-AOP","DASCMOP6","DAS-CMOP",100,20000,1,236001,20000,2.4268,NaN,NaN,0,"Survival_Credit_AOP_DASCMOP6_N100_FE20000_run1_seed236001.mat"
"s03_credit_fast","Survival-Credit-AOP","DASCMOP6","DAS-CMOP",100,20000,2,236002,20000,2.0818,NaN,NaN,0,"Survival_Credit_AOP_DASCMOP6_N100_FE20000_run2_seed236002.mat"
"s03_credit_fast","Survival-Credit-AOP","DASCMOP6","DAS-CMOP",100,20000,3,236003,20000,2.161,NaN,NaN,0,"Survival_Credit_AOP_DASCMOP6_N100_FE20000_run3_seed236003.mat"
"s03_credit_fast","Survival-Credit-AOP","DASCMOP7","DAS-CMOP",100,20000,1,236101,20000,2.4189,NaN,NaN,0,"Survival_Credit_AOP_DASCMOP7_N100_FE20000_run1_seed236101.mat"
"s03_credit_fast","Survival-Credit-AOP","DASCMOP7","DAS-CMOP",100,20000,2,236102,20000,2.1127,NaN,NaN,0,"Survival_Credit_AOP_DASCMOP7_N100_FE20000_run2_seed236102.mat"
"s03_credit_fast","Survival-Credit-AOP","DASCMOP7","DAS-CMOP",100,20000,3,236103,20000,2.1839,NaN,NaN,0,"Survival_Credit_AOP_DASCMOP7_N100_FE20000_run3_seed236103.mat"
"s03_credit_fast","Survival-Credit-AOP","DASCMOP8","DAS-CMOP",100,20000,1,236201,20000,1.8983,NaN,NaN,0,"Survival_Credit_AOP_DASCMOP8_N100_FE20000_run1_seed236201.mat"
"s03_credit_fast","Survival-Credit-AOP","DASCMOP8","DAS-CMOP",100,20000,2,236202,20000,2.0314,NaN,NaN,0,"Survival_Credit_AOP_DASCMOP8_N100_FE20000_run2_seed236202.mat"
"s03_credit_fast","Survival-Credit-AOP","DASCMOP8","DAS-CMOP",100,20000,3,236203,20000,2.2313,NaN,NaN,0,"Survival_Credit_AOP_DASCMOP8_N100_FE20000_run3_seed236203.mat"
"s03_credit_fast","Survival-Credit-AOP","DASCMOP9","DAS-CMOP",100,20000,1,236301,20000,2.7166,0.3511909222881862,0.1326855859231885,1,"Survival_Credit_AOP_DASCMOP9_N100_FE20000_run1_seed236301.mat"
"s03_credit_fast","Survival-Credit-AOP","DASCMOP9","DAS-CMOP",100,20000,2,236302,20000,2.3759,0.3558312093495559,0.1329352340469897,1,"Survival_Credit_AOP_DASCMOP9_N100_FE20000_run2_seed236302.mat"
"s03_credit_fast","Survival-Credit-AOP","DASCMOP9","DAS-CMOP",100,20000,3,236303,20000,2.4384,0.1418777783614369,0.1640461544421967,1,"Survival_Credit_AOP_DASCMOP9_N100_FE20000_run3_seed236303.mat"
"s03_credit_fast","Survival-Credit-AOP","LIRCMOP10","LIR-CMOP",100,20000,1,235001,20000,3.8682,0.6226388737810569,0.4137165580246975,1,"Survival_Credit_AOP_LIRCMOP10_N100_FE20000_run1_seed235001.mat"
"s03_credit_fast","Survival-Credit-AOP","LIRCMOP10","LIR-CMOP",100,20000,2,235002,20000,4.1396,0.4516776438408303,0.4517329285192827,1,"Survival_Credit_AOP_LIRCMOP10_N100_FE20000_run2_seed235002.mat"
"s03_credit_fast","Survival-Credit-AOP","LIRCMOP10","LIR-CMOP",100,20000,3,235003,20000,4.3898,0.4405664934637792,0.4618276148001683,1,"Survival_Credit_AOP_LIRCMOP10_N100_FE20000_run3_seed235003.mat"
"s03_credit_fast","Survival-Credit-AOP","LIRCMOP11","LIR-CMOP",100,20000,1,235101,20000,2.8033,0.1479248877659333,0.5902833413887959,1,"Survival_Credit_AOP_LIRCMOP11_N100_FE20000_run1_seed235101.mat"
"s03_credit_fast","Survival-Credit-AOP","LIRCMOP11","LIR-CMOP",100,20000,2,235102,20000,3.2671,0.1546521094506947,0.5871628474056724,1,"Survival_Credit_AOP_LIRCMOP11_N100_FE20000_run2_seed235102.mat"
"s03_credit_fast","Survival-Credit-AOP","LIRCMOP11","LIR-CMOP",100,20000,3,235103,20000,2.7767,0.2921275481213687,0.5017961960269854,1,"Survival_Credit_AOP_LIRCMOP11_N100_FE20000_run3_seed235103.mat"
"s03_credit_fast","Survival-Credit-AOP","LIRCMOP12","LIR-CMOP",100,20000,1,235201,20000,2.6036,0.4070016567931919,0.3582402219950839,1,"Survival_Credit_AOP_LIRCMOP12_N100_FE20000_run1_seed235201.mat"
"s03_credit_fast","Survival-Credit-AOP","LIRCMOP12","LIR-CMOP",100,20000,2,235202,20000,2.6305,0.4184383266838872,0.352481108376653,1,"Survival_Credit_AOP_LIRCMOP12_N100_FE20000_run2_seed235202.mat"
"s03_credit_fast","Survival-Credit-AOP","LIRCMOP12","LIR-CMOP",100,20000,3,235203,20000,2.4808,0.2867162491451961,0.4698792863853986,1,"Survival_Credit_AOP_LIRCMOP12_N100_FE20000_run3_seed235203.mat"
"s03_credit_fast","Survival-Credit-AOP","LIRCMOP13","LIR-CMOP",100,20000,1,235301,20000,3.6743,0.1078522966536168,0.5227990693230284,1,"Survival_Credit_AOP_LIRCMOP13_N100_FE20000_run1_seed235301.mat"
"s03_credit_fast","Survival-Credit-AOP","LIRCMOP13","LIR-CMOP",100,20000,2,235302,20000,3.3251,0.1242488889369717,0.5097115601400601,1,"Survival_Credit_AOP_LIRCMOP13_N100_FE20000_run2_seed235302.mat"
"s03_credit_fast","Survival-Credit-AOP","LIRCMOP13","LIR-CMOP",100,20000,3,235303,20000,3.5809,0.1180180858448686,0.5118974734030668,1,"Survival_Credit_AOP_LIRCMOP13_N100_FE20000_run3_seed235303.mat"
"s03_credit_fast","Survival-Credit-AOP","LIRCMOP14","LIR-CMOP",100,20000,1,235401,20000,3.897,0.0969915513254775,0.5530043641461776,1,"Survival_Credit_AOP_LIRCMOP14_N100_FE20000_run1_seed235401.mat"
"s03_credit_fast","Survival-Credit-AOP","LIRCMOP14","LIR-CMOP",100,20000,2,235402,20000,3.521,0.09837952108988876,0.5473322350576902,1,"Survival_Credit_AOP_LIRCMOP14_N100_FE20000_run2_seed235402.mat"
"s03_credit_fast","Survival-Credit-AOP","LIRCMOP14","LIR-CMOP",100,20000,3,235403,20000,3.692,0.09795303444993345,0.5485863882527136,1,"Survival_Credit_AOP_LIRCMOP14_N100_FE20000_run3_seed235403.mat"
"s03_credit_fast","Survival-Credit-AOP","LIRCMOP1","LIR-CMOP",100,20000,1,234101,20000,2.0254,0.293278176917908,0.117716042182119,1,"Survival_Credit_AOP_LIRCMOP1_N100_FE20000_run1_seed234101.mat"
"s03_credit_fast","Survival-Credit-AOP","LIRCMOP1","LIR-CMOP",100,20000,2,234102,20000,2.0904,0.2916422795383379,0.1143420584716156,1,"Survival_Credit_AOP_LIRCMOP1_N100_FE20000_run2_seed234102.mat"
"s03_credit_fast","Survival-Credit-AOP","LIRCMOP1","LIR-CMOP",100,20000,3,234103,20000,2.0367,0.316112065365699,0.117881910541258,1,"Survival_Credit_AOP_LIRCMOP1_N100_FE20000_run3_seed234103.mat"
"s03_credit_fast","Survival-Credit-AOP","LIRCMOP2","LIR-CMOP",100,20000,1,234201,20000,2.0571,0.2880977599148012,0.2237061362190584,1,"Survival_Credit_AOP_LIRCMOP2_N100_FE20000_run1_seed234201.mat"
"s03_credit_fast","Survival-Credit-AOP","LIRCMOP2","LIR-CMOP",100,20000,2,234202,20000,2.1656,0.1508038279412094,0.2799389962108172,1,"Survival_Credit_AOP_LIRCMOP2_N100_FE20000_run2_seed234202.mat"
"s03_credit_fast","Survival-Credit-AOP","LIRCMOP2","LIR-CMOP",100,20000,3,234203,20000,2.1354,0.212774233466707,0.2473926243515897,1,"Survival_Credit_AOP_LIRCMOP2_N100_FE20000_run3_seed234203.mat"
"s03_credit_fast","Survival-Credit-AOP","LIRCMOP3","LIR-CMOP",100,20000,1,234301,20000,2.0004,0.2934396030621683,0.1096732293922517,0.34,"Survival_Credit_AOP_LIRCMOP3_N100_FE20000_run1_seed234301.mat"
"s03_credit_fast","Survival-Credit-AOP","LIRCMOP3","LIR-CMOP",100,20000,2,234302,20000,2.1365,0.2728825604197413,0.1071316311472912,1,"Survival_Credit_AOP_LIRCMOP3_N100_FE20000_run2_seed234302.mat"
"s03_credit_fast","Survival-Credit-AOP","LIRCMOP3","LIR-CMOP",100,20000,3,234303,20000,2.161,0.2859629726622335,0.111901878007124,1,"Survival_Credit_AOP_LIRCMOP3_N100_FE20000_run3_seed234303.mat"
"s03_credit_fast","Survival-Credit-AOP","LIRCMOP4","LIR-CMOP",100,20000,1,234401,20000,2.1343,0.2536142863289557,0.2091230745329738,1,"Survival_Credit_AOP_LIRCMOP4_N100_FE20000_run1_seed234401.mat"
"s03_credit_fast","Survival-Credit-AOP","LIRCMOP4","LIR-CMOP",100,20000,2,234402,20000,2.0293,0.2480520948439251,0.2088103167533837,1,"Survival_Credit_AOP_LIRCMOP4_N100_FE20000_run2_seed234402.mat"
"s03_credit_fast","Survival-Credit-AOP","LIRCMOP4","LIR-CMOP",100,20000,3,234403,20000,2.0707,0.2546140233152138,0.2069358118487358,1,"Survival_Credit_AOP_LIRCMOP4_N100_FE20000_run3_seed234403.mat"
"s03_credit_fast","Survival-Credit-AOP","LIRCMOP5","LIR-CMOP",100,20000,1,234501,20000,2.4687,1.211823008976117,0,1,"Survival_Credit_AOP_LIRCMOP5_N100_FE20000_run1_seed234501.mat"
"s03_credit_fast","Survival-Credit-AOP","LIRCMOP5","LIR-CMOP",100,20000,2,234502,20000,2.5709,0.3173923622306374,0.1418604893085548,1,"Survival_Credit_AOP_LIRCMOP5_N100_FE20000_run2_seed234502.mat"
"s03_credit_fast","Survival-Credit-AOP","LIRCMOP5","LIR-CMOP",100,20000,3,234503,20000,2.5216,1.227682053565891,0,1,"Survival_Credit_AOP_LIRCMOP5_N100_FE20000_run3_seed234503.mat"
"s03_credit_fast","Survival-Credit-AOP","LIRCMOP6","LIR-CMOP",100,20000,1,234601,20000,2.555,1.347211484296218,0,1,"Survival_Credit_AOP_LIRCMOP6_N100_FE20000_run1_seed234601.mat"
"s03_credit_fast","Survival-Credit-AOP","LIRCMOP6","LIR-CMOP",100,20000,2,234602,20000,2.2728,1.346996062711011,0,1,"Survival_Credit_AOP_LIRCMOP6_N100_FE20000_run2_seed234602.mat"
"s03_credit_fast","Survival-Credit-AOP","LIRCMOP6","LIR-CMOP",100,20000,3,234603,20000,2.5794,1.349077040592888,0,1,"Survival_Credit_AOP_LIRCMOP6_N100_FE20000_run3_seed234603.mat"
"s03_credit_fast","Survival-Credit-AOP","LIRCMOP7","LIR-CMOP",100,20000,1,234701,20000,2.3403,0.100156923090507,0.2549810650000549,1,"Survival_Credit_AOP_LIRCMOP7_N100_FE20000_run1_seed234701.mat"
"s03_credit_fast","Survival-Credit-AOP","LIRCMOP7","LIR-CMOP",100,20000,2,234702,20000,2.237,0.1649024848464977,0.2357329501778125,1,"Survival_Credit_AOP_LIRCMOP7_N100_FE20000_run2_seed234702.mat"
"s03_credit_fast","Survival-Credit-AOP","LIRCMOP7","LIR-CMOP",100,20000,3,234703,20000,2.2167,0.09430905098256945,0.2555721543208677,1,"Survival_Credit_AOP_LIRCMOP7_N100_FE20000_run3_seed234703.mat"
"s03_credit_fast","Survival-Credit-AOP","LIRCMOP8","LIR-CMOP",100,20000,1,234801,20000,2.2742,0.142424886134355,0.2438942393481293,1,"Survival_Credit_AOP_LIRCMOP8_N100_FE20000_run1_seed234801.mat"
"s03_credit_fast","Survival-Credit-AOP","LIRCMOP8","LIR-CMOP",100,20000,2,234802,20000,2.2693,0.08853788916613854,0.2595772211365831,1,"Survival_Credit_AOP_LIRCMOP8_N100_FE20000_run2_seed234802.mat"
"s03_credit_fast","Survival-Credit-AOP","LIRCMOP8","LIR-CMOP",100,20000,3,234803,20000,2.1471,0.1024469935289046,0.2547053592908079,1,"Survival_Credit_AOP_LIRCMOP8_N100_FE20000_run3_seed234803.mat"
"s03_credit_fast","Survival-Credit-AOP","LIRCMOP9","LIR-CMOP",100,20000,1,234901,20000,3.2091,0.5110225967942257,0.3555764721648705,1,"Survival_Credit_AOP_LIRCMOP9_N100_FE20000_run1_seed234901.mat"
"s03_credit_fast","Survival-Credit-AOP","LIRCMOP9","LIR-CMOP",100,20000,2,234902,20000,3.251,0.6066800794940813,0.2911580283854913,1,"Survival_Credit_AOP_LIRCMOP9_N100_FE20000_run2_seed234902.mat"
"s03_credit_fast","Survival-Credit-AOP","LIRCMOP9","LIR-CMOP",100,20000,3,234903,20000,3.0096,0.5080121810787441,0.3554342195192348,1,"Survival_Credit_AOP_LIRCMOP9_N100_FE20000_run3_seed234903.mat"
