config,algorithm,problem,suite,N,maxFE,run,seed,finishedFE,runtime,IGD,HV,Feasible_rate,file
"s07_dual_role_credit","CMOEA-AOP","CF10","CF",100,50000,1,228001,50040,51.4219,0.2794595609256164,0.2133525103443812,1,"CMOEA_AOP_CF10_N100_FE50000_run1_seed228001.mat"
"s07_dual_role_credit","CMOEA-AOP","CF10","CF",100,50000,2,228002,50052,69.4509,0.3386758302274515,0.1409316329476856,1,"CMOEA_AOP_CF10_N100_FE50000_run2_seed228002.mat"
"s07_dual_role_credit","CMOEA-AOP","CF10","CF",100,50000,3,228003,50034,76.9553,0.4053400235832553,0.1348214652918001,1,"CMOEA_AOP_CF10_N100_FE50000_run3_seed228003.mat"
"s07_dual_role_credit","CMOEA-AOP","CF10","CF",100,50000,4,228004,50110,51.0164,0.3708462082197762,0.1173810883152344,1,"CMOEA_AOP_CF10_N100_FE50000_run4_seed228004.mat"
"s07_dual_role_credit","CMOEA-AOP","CF10","CF",100,50000,5,228005,50196,54.2179,0.2241461466953232,0.2691274793315308,1,"CMOEA_AOP_CF10_N100_FE50000_run5_seed228005.mat"
"s07_dual_role_credit","CMOEA-AOP","CF1","CF",100,50000,1,227101,50012,32.1726,0.003363349661224451,0.5620218374376901,1,"CMOEA_AOP_CF1_N100_FE50000_run1_seed227101.mat"
"s07_dual_role_credit","CMOEA-AOP","CF1","CF",100,50000,2,227102,50070,32.8964,0.006140646910444669,0.5587399565053665,1,"CMOEA_AOP_CF1_N100_FE50000_run2_seed227102.mat"
"s07_dual_role_credit","CMOEA-AOP","CF1","CF",100,50000,3,227103,50020,26.4768,0.004031350205950503,0.5611699596398319,1,"CMOEA_AOP_CF1_N100_FE50000_run3_seed227103.mat"
"s07_dual_role_credit","CMOEA-AOP","CF1","CF",100,50000,4,227104,50112,32.3106,0.003667290444861352,0.56167091053439,1,"CMOEA_AOP_CF1_N100_FE50000_run4_seed227104.mat"
"s07_dual_role_credit","CMOEA-AOP","CF1","CF",100,50000,5,227105,50186,37.5203,0.00418856120719933,0.5610234138303687,1,"CMOEA_AOP_CF1_N100_FE50000_run5_seed227105.mat"
"s07_dual_role_credit","CMOEA-AOP","CF2","CF",100,50000,1,227201,50148,24.8277,0.0375222619393427,0.6392216351314001,1,"CMOEA_AOP_CF2_N100_FE50000_run1_seed227201.mat"
"s07_dual_role_credit","CMOEA-AOP","CF2","CF",100,50000,2,227202,50168,17.2938,0.04378522214483987,0.6321432922985312,1,"CMOEA_AOP_CF2_N100_FE50000_run2_seed227202.mat"
"s07_dual_role_credit","CMOEA-AOP","CF2","CF",100,50000,3,227203,50170,16.4902,0.0407677662791063,0.6275215367816559,1,"CMOEA_AOP_CF2_N100_FE50000_run3_seed227203.mat"
"s07_dual_role_credit","CMOEA-AOP","CF2","CF",100,50000,4,227204,50018,18.1575,0.01727788734221024,0.6614190377772601,1,"CMOEA_AOP_CF2_N100_FE50000_run4_seed227204.mat"
"s07_dual_role_credit","CMOEA-AOP","CF2","CF",100,50000,5,227205,50190,17.6574,0.03298719819970693,0.642940478859937,1,"CMOEA_AOP_CF2_N100_FE50000_run5_seed227205.mat"
"s07_dual_role_credit","CMOEA-AOP","CF3","CF",100,50000,1,227301,50068,15.544,0.1129233963817799,0.2742529051137499,1,"CMOEA_AOP_CF3_N100_FE50000_run1_seed227301.mat"
"s07_dual_role_credit","CMOEA-AOP","CF3","CF",100,50000,2,227302,50104,17.0542,0.2469330695931122,0.12868029453279,1,"CMOEA_AOP_CF3_N100_FE50000_run2_seed227302.mat"
"s07_dual_role_credit","CMOEA-AOP","CF3","CF",100,50000,3,227303,50174,17.988,0.1822334243123867,0.1621757458045839,1,"CMOEA_AOP_CF3_N100_FE50000_run3_seed227303.mat"
"s07_dual_role_credit","CMOEA-AOP","CF3","CF",100,50000,4,227304,50014,17.7504,0.2598665173070437,0.202449668307787,1,"CMOEA_AOP_CF3_N100_FE50000_run4_seed227304.mat"
"s07_dual_role_credit","CMOEA-AOP","CF3","CF",100,50000,5,227305,50000,15.0188,0.2832294976223603,0.1469328723431668,1,"CMOEA_AOP_CF3_N100_FE50000_run5_seed227305.mat"
"s07_dual_role_credit","CMOEA-AOP","CF4","CF",100,50000,1,227401,50054,17.9006,0.05840620746644371,0.4648688986512313,1,"CMOEA_AOP_CF4_N100_FE50000_run1_seed227401.mat"
"s07_dual_role_credit","CMOEA-AOP","CF4","CF",100,50000,2,227402,50076,17.7626,0.05185471889267042,0.4765356453877409,1,"CMOEA_AOP_CF4_N100_FE50000_run2_seed227402.mat"
"s07_dual_role_credit","CMOEA-AOP","CF4","CF",100,50000,3,227403,50204,18.1579,0.07605105463635019,0.4420555042490982,1,"CMOEA_AOP_CF4_N100_FE50000_run3_seed227403.mat"
"s07_dual_role_credit","CMOEA-AOP","CF4","CF",100,50000,4,227404,50132,18.2018,0.06489199525501546,0.4458033635085397,1,"CMOEA_AOP_CF4_N100_FE50000_run4_seed227404.mat"
"s07_dual_role_credit","CMOEA-AOP","CF4","CF",100,50000,5,227405,50032,16.0048,0.05607976650320743,0.4629442144327703,1,"CMOEA_AOP_CF4_N100_FE50000_run5_seed227405.mat"
"s07_dual_role_credit","CMOEA-AOP","CF5","CF",100,50000,1,227501,50122,17.1697,0.2114896513736808,0.2838761581523455,1,"CMOEA_AOP_CF5_N100_FE50000_run1_seed227501.mat"
"s07_dual_role_credit","CMOEA-AOP","CF5","CF",100,50000,2,227502,50056,16.1174,0.2830854498861243,0.2884332471248126,1,"CMOEA_AOP_CF5_N100_FE50000_run2_seed227502.mat"
"s07_dual_role_credit","CMOEA-AOP","CF5","CF",100,50000,3,227503,50078,16.3178,0.4175689688189861,0.2510111428281031,1,"CMOEA_AOP_CF5_N100_FE50000_run3_seed227503.mat"
"s07_dual_role_credit","CMOEA-AOP","CF5","CF",100,50000,4,227504,50080,17.7772,0.5049945883940361,0.1437009080942207,1,"CMOEA_AOP_CF5_N100_FE50000_run4_seed227504.mat"
"s07_dual_role_credit","CMOEA-AOP","CF5","CF",100,50000,5,227505,50026,17.2676,0.2959255433047085,0.1278126397331504,1,"CMOEA_AOP_CF5_N100_FE50000_run5_seed227505.mat"
"s07_dual_role_credit","CMOEA-AOP","CF6","CF",100,50000,1,227601,50124,20.8976,0.1384185084135029,0.6264323962517235,1,"CMOEA_AOP_CF6_N100_FE50000_run1_seed227601.mat"
"s07_dual_role_credit","CMOEA-AOP","CF6","CF",100,50000,2,227602,50088,20.4867,0.03766883154323471,0.6618069292674036,1,"CMOEA_AOP_CF6_N100_FE50000_run2_seed227602.mat"
"s07_dual_role_credit","CMOEA-AOP","CF6","CF",100,50000,3,227603,50010,20.689,0.07065136914044717,0.6316319417483708,1,"CMOEA_AOP_CF6_N100_FE50000_run3_seed227603.mat"
"s07_dual_role_credit","CMOEA-AOP","CF6","CF",100,50000,4,227604,50138,20.0859,0.07635161835269462,0.6431104201786595,1,"CMOEA_AOP_CF6_N100_FE50000_run4_seed227604.mat"
"s07_dual_role_credit","CMOEA-AOP","CF6","CF",100,50000,5,227605,50030,20.0535,0.04816344020097799,0.6547763871326076,1,"CMOEA_AOP_CF6_N100_FE50000_run5_seed227605.mat"
"s07_dual_role_credit","CMOEA-AOP","CF7","CF",100,50000,1,227701,50026,15.6624,0.1087900223494676,0.5409299982468246,1,"CMOEA_AOP_CF7_N100_FE50000_run1_seed227701.mat"
"s07_dual_role_credit","CMOEA-AOP","CF7","CF",100,50000,2,227702,50174,12.1723,0.1882627538066094,0.5245351689280513,1,"CMOEA_AOP_CF7_N100_FE50000_run2_seed227702.mat"
"s07_dual_role_credit","CMOEA-AOP","CF7","CF",100,50000,3,227703,50200,14.8104,0.1397677277986124,0.5542687581008745,1,"CMOEA_AOP_CF7_N100_FE50000_run3_seed227703.mat"
"s07_dual_role_credit","CMOEA-AOP","CF7","CF",100,50000,4,227704,50186,14.3152,0.1119407826903218,0.56470609537865,1,"CMOEA_AOP_CF7_N100_FE50000_run4_seed227704.mat"
"s07_dual_role_credit","CMOEA-AOP","CF7","CF",100,50000,5,227705,50054,14.5517,0.1164340659694668,0.5618177333833593,1,"CMOEA_AOP_CF7_N100_FE50000_run5_seed227705.mat"
"s07_dual_role_credit","CMOEA-AOP","CF8","CF",100,50000,1,227801,50114,70.4174,0.1745535712879695,0.3321621626829048,1,"CMOEA_AOP_CF8_N100_FE50000_run1_seed227801.mat"
"s07_dual_role_credit","CMOEA-AOP","CF8","CF",100,50000,2,227802,50008,48.121,0.176892804811155,0.312539852548845,1,"CMOEA_AOP_CF8_N100_FE50000_run2_seed227802.mat"
"s07_dual_role_credit","CMOEA-AOP","CF8","CF",100,50000,3,227803,50142,63.9195,0.1494604474134753,0.3748088080723742,1,"CMOEA_AOP_CF8_N100_FE50000_run3_seed227803.mat"
"s07_dual_role_credit","CMOEA-AOP","CF8","CF",100,50000,4,227804,50178,60.2676,0.1639203209314377,0.3535114598631537,1,"CMOEA_AOP_CF8_N100_FE50000_run4_seed227804.mat"
"s07_dual_role_credit","CMOEA-AOP","CF8","CF",100,50000,5,227805,50202,56.7358,0.1619526448110414,0.3219130895651509,1,"CMOEA_AOP_CF8_N100_FE50000_run5_seed227805.mat"
"s07_dual_role_credit","CMOEA-AOP","CF9","CF",100,50000,1,227901,50050,66.7532,0.1185453277983522,0.3956916950467879,1,"CMOEA_AOP_CF9_N100_FE50000_run1_seed227901.mat"
"s07_dual_role_credit","CMOEA-AOP","CF9","CF",100,50000,2,227902,50078,62.7448,0.1158850633779,0.3963468025676855,1,"CMOEA_AOP_CF9_N100_FE50000_run2_seed227902.mat"
"s07_dual_role_credit","CMOEA-AOP","CF9","CF",100,50000,3,227903,50178,59.7246,0.08066276476577969,0.4387097265246823,1,"CMOEA_AOP_CF9_N100_FE50000_run3_seed227903.mat"
"s07_dual_role_credit","CMOEA-AOP","CF9","CF",100,50000,4,227904,50096,62.5105,0.09824773884766351,0.4316911809591219,1,"CMOEA_AOP_CF9_N100_FE50000_run4_seed227904.mat"
"s07_dual_role_credit","CMOEA-AOP","CF9","CF",100,50000,5,227905,50166,64.1985,0.09225240488767363,0.4217917363058616,1,"CMOEA_AOP_CF9_N100_FE50000_run5_seed227905.mat"
"s07_dual_role_credit","CMOEA-AOP","DASCMOP1","DAS-CMOP",100,50000,1,229501,50048,14.8191,0.009645037059523603,0.2071965236952772,1,"CMOEA_AOP_DASCMOP1_N100_FE50000_run1_seed229501.mat"
"s07_dual_role_credit","CMOEA-AOP","DASCMOP1","DAS-CMOP",100,50000,2,229502,50114,14.7389,0.005443504842036133,0.2108539886521666,1,"CMOEA_AOP_DASCMOP1_N100_FE50000_run2_seed229502.mat"
"s07_dual_role_credit","CMOEA-AOP","DASCMOP1","DAS-CMOP",100,50000,3,229503,50178,11.3638,0.006167412212551193,0.2087799735880537,1,"CMOEA_AOP_DASCMOP1_N100_FE50000_run3_seed229503.mat"
"s07_dual_role_credit","CMOEA-AOP","DASCMOP1","DAS-CMOP",100,50000,4,229504,50130,10.8757,0.006919343328361428,0.2087205430162412,1,"CMOEA_AOP_DASCMOP1_N100_FE50000_run4_seed229504.mat"
"s07_dual_role_credit","CMOEA-AOP","DASCMOP1","DAS-CMOP",100,50000,5,229505,50062,10.5665,0.007924834426367582,0.2097353191306966,1,"CMOEA_AOP_DASCMOP1_N100_FE50000_run5_seed229505.mat"
"s07_dual_role_credit","CMOEA-AOP","DASCMOP2","DAS-CMOP",100,50000,1,229601,50186,12.7679,0.007188513191621179,0.353139589151028,1,"CMOEA_AOP_DASCMOP2_N100_FE50000_run1_seed229601.mat"
"s07_dual_role_credit","CMOEA-AOP","DASCMOP2","DAS-CMOP",100,50000,2,229602,50004,12.824,0.01114063444352726,0.3501688453326151,1,"CMOEA_AOP_DASCMOP2_N100_FE50000_run2_seed229602.mat"
"s07_dual_role_credit","CMOEA-AOP","DASCMOP2","DAS-CMOP",100,50000,3,229603,50108,14.4725,0.006369435598837908,0.353348805041611,1,"CMOEA_AOP_DASCMOP2_N100_FE50000_run3_seed229603.mat"
"s07_dual_role_credit","CMOEA-AOP","DASCMOP2","DAS-CMOP",100,50000,4,229604,50210,14.0698,0.1705352656414535,0.2787554623402893,1,"CMOEA_AOP_DASCMOP2_N100_FE50000_run4_seed229604.mat"
"s07_dual_role_credit","CMOEA-AOP","DASCMOP2","DAS-CMOP",100,50000,5,229605,50018,14.0854,0.00685251828873171,0.3533282642266099,1,"CMOEA_AOP_DASCMOP2_N100_FE50000_run5_seed229605.mat"
"s07_dual_role_credit","CMOEA-AOP","DASCMOP3","DAS-CMOP",100,50000,1,229701,50208,8.7731,0.02113739182137532,0.3101666485735168,1,"CMOEA_AOP_DASCMOP3_N100_FE50000_run1_seed229701.mat"
"s07_dual_role_credit","CMOEA-AOP","DASCMOP3","DAS-CMOP",100,50000,2,229702,50020,7.4591,0.02006128166688722,0.310988161311322,1,"CMOEA_AOP_DASCMOP3_N100_FE50000_run2_seed229702.mat"
"s07_dual_role_credit","CMOEA-AOP","DASCMOP3","DAS-CMOP",100,50000,3,229703,50178,7.4627,0.0241714626007287,0.3071244686703076,1,"CMOEA_AOP_DASCMOP3_N100_FE50000_run3_seed229703.mat"
"s07_dual_role_credit","CMOEA-AOP","DASCMOP3","DAS-CMOP",100,50000,4,229704,50150,7.3017,0.02195619258482771,0.309001569195157,1,"CMOEA_AOP_DASCMOP3_N100_FE50000_run4_seed229704.mat"
"s07_dual_role_credit","CMOEA-AOP","DASCMOP3","DAS-CMOP",100,50000,5,229705,50204,9.6303,0.01990784277886126,0.3111945395285023,1,"CMOEA_AOP_DASCMOP3_N100_FE50000_run5_seed229705.mat"
"s07_dual_role_credit","CMOEA-AOP","DASCMOP4","DAS-CMOP",100,50000,1,229801,50166,7.3903,0.4513280726283929,0.03584823485009343,1,"CMOEA_AOP_DASCMOP4_N100_FE50000_run1_seed229801.mat"
"s07_dual_role_credit","CMOEA-AOP","DASCMOP4","DAS-CMOP",100,50000,2,229802,50164,7.7073,0.5918626084328547,0.002692527809182831,1,"CMOEA_AOP_DASCMOP4_N100_FE50000_run2_seed229802.mat"
"s07_dual_role_credit","CMOEA-AOP","DASCMOP4","DAS-CMOP",100,50000,3,229803,50106,6.9283,0.9191380938332017,0,1,"CMOEA_AOP_DASCMOP4_N100_FE50000_run3_seed229803.mat"
"s07_dual_role_credit","CMOEA-AOP","DASCMOP4","DAS-CMOP",100,50000,4,229804,50208,6.8185,0.2861788742013824,0.08944486043280711,1,"CMOEA_AOP_DASCMOP4_N100_FE50000_run4_seed229804.mat"
"s07_dual_role_credit","CMOEA-AOP","DASCMOP4","DAS-CMOP",100,50000,5,229805,50184,7.3788,0.4239998850741744,0.03820251892948773,1,"CMOEA_AOP_DASCMOP4_N100_FE50000_run5_seed229805.mat"
"s07_dual_role_credit","CMOEA-AOP","DASCMOP5","DAS-CMOP",100,50000,1,229901,50018,7.8262,0.1487353261573154,0.2552405489920251,1,"CMOEA_AOP_DASCMOP5_N100_FE50000_run1_seed229901.mat"
"s07_dual_role_credit","CMOEA-AOP","DASCMOP5","DAS-CMOP",100,50000,2,229902,50086,7.5447,NaN,NaN,0,"CMOEA_AOP_DASCMOP5_N100_FE50000_run2_seed229902.mat"
"s07_dual_role_credit","CMOEA-AOP","DASCMOP5","DAS-CMOP",100,50000,3,229903,50126,7.1341,0.1736685274161118,0.2357943500675846,1,"CMOEA_AOP_DASCMOP5_N100_FE50000_run3_seed229903.mat"
"s07_dual_role_credit","CMOEA-AOP","DASCMOP5","DAS-CMOP",100,50000,4,229904,50186,15.2601,0.005102027427805809,0.3488346274830266,1,"CMOEA_AOP_DASCMOP5_N100_FE50000_run4_seed229904.mat"
"s07_dual_role_credit","CMOEA-AOP","DASCMOP5","DAS-CMOP",100,50000,5,229905,50082,7.422,NaN,NaN,0,"CMOEA_AOP_DASCMOP5_N100_FE50000_run5_seed229905.mat"
"s07_dual_role_credit","CMOEA-AOP","DASCMOP6","DAS-CMOP",100,50000,1,230001,50032,7.0835,0.4808874184713594,0.06551053139599598,1,"CMOEA_AOP_DASCMOP6_N100_FE50000_run1_seed230001.mat"
"s07_dual_role_credit","CMOEA-AOP","DASCMOP6","DAS-CMOP",100,50000,2,230002,50062,6.1216,NaN,NaN,0,"CMOEA_AOP_DASCMOP6_N100_FE50000_run2_seed230002.mat"
"s07_dual_role_credit","CMOEA-AOP","DASCMOP6","DAS-CMOP",100,50000,3,230003,50086,8.027,0.02002958875293792,0.312262486787256,1,"CMOEA_AOP_DASCMOP6_N100_FE50000_run3_seed230003.mat"
"s07_dual_role_credit","CMOEA-AOP","DASCMOP6","DAS-CMOP",100,50000,4,230004,50030,7.1482,0.05832979321922832,0.2759336361822734,1,"CMOEA_AOP_DASCMOP6_N100_FE50000_run4_seed230004.mat"
"s07_dual_role_credit","CMOEA-AOP","DASCMOP6","DAS-CMOP",100,50000,5,230005,50052,6.4218,0.9217697872181613,0,0.64,"CMOEA_AOP_DASCMOP6_N100_FE50000_run5_seed230005.mat"
"s07_dual_role_credit","CMOEA-AOP","DASCMOP7","DAS-CMOP",100,50000,1,230101,50038,47.7867,0.03469431332422414,0.2835879045525407,1,"CMOEA_AOP_DASCMOP7_N100_FE50000_run1_seed230101.mat"
"s07_dual_role_credit","CMOEA-AOP","DASCMOP7","DAS-CMOP",100,50000,2,230102,50054,8.002,NaN,NaN,0,"CMOEA_AOP_DASCMOP7_N100_FE50000_run2_seed230102.mat"
"s07_dual_role_credit","CMOEA-AOP","DASCMOP7","DAS-CMOP",100,50000,3,230103,50062,6.0442,NaN,NaN,0,"CMOEA_AOP_DASCMOP7_N100_FE50000_run3_seed230103.mat"
"s07_dual_role_credit","CMOEA-AOP","DASCMOP7","DAS-CMOP",100,50000,4,230104,50176,12.797,0.9545502157835272,0.00864733629559643,1,"CMOEA_AOP_DASCMOP7_N100_FE50000_run4_seed230104.mat"
"s07_dual_role_credit","CMOEA-AOP","DASCMOP7","DAS-CMOP",100,50000,5,230105,50202,6.0402,NaN,NaN,0,"CMOEA_AOP_DASCMOP7_N100_FE50000_run5_seed230105.mat"
"s07_dual_role_credit","CMOEA-AOP","DASCMOP8","DAS-CMOP",100,50000,1,230201,50080,13.412,0.6893468155182791,0.0002353145098155095,1,"CMOEA_AOP_DASCMOP8_N100_FE50000_run1_seed230201.mat"
"s07_dual_role_credit","CMOEA-AOP","DASCMOP8","DAS-CMOP",100,50000,2,230202,50178,35.7351,0.07352870385616977,0.1869384503155442,1,"CMOEA_AOP_DASCMOP8_N100_FE50000_run2_seed230202.mat"
"s07_dual_role_credit","CMOEA-AOP","DASCMOP8","DAS-CMOP",100,50000,3,230203,50044,7.3061,0.8522984234272453,0,1,"CMOEA_AOP_DASCMOP8_N100_FE50000_run3_seed230203.mat"
"s07_dual_role_credit","CMOEA-AOP","DASCMOP8","DAS-CMOP",100,50000,4,230204,50146,5.925,NaN,NaN,0,"CMOEA_AOP_DASCMOP8_N100_FE50000_run4_seed230204.mat"
"s07_dual_role_credit","CMOEA-AOP","DASCMOP8","DAS-CMOP",100,50000,5,230205,50142,49.6266,0.03830325547742143,0.206917489269224,1,"CMOEA_AOP_DASCMOP8_N100_FE50000_run5_seed230205.mat"
"s07_dual_role_credit","CMOEA-AOP","DASCMOP9","DAS-CMOP",100,50000,1,230301,50112,156.1047,0.4041956540724111,0.1258656159958173,1,"CMOEA_AOP_DASCMOP9_N100_FE50000_run1_seed230301.mat"
"s07_dual_role_credit","CMOEA-AOP","DASCMOP9","DAS-CMOP",100,50000,2,230302,50024,149.7266,0.06049851016506407,0.1991011118535431,1,"CMOEA_AOP_DASCMOP9_N100_FE50000_run2_seed230302.mat"
"s07_dual_role_credit","CMOEA-AOP","DASCMOP9","DAS-CMOP",100,50000,3,230303,50048,131.961,0.05106020126037997,0.2035360194755145,1,"CMOEA_AOP_DASCMOP9_N100_FE50000_run3_seed230303.mat"
"s07_dual_role_credit","CMOEA-AOP","DASCMOP9","DAS-CMOP",100,50000,4,230304,50174,103.4894,0.04797974271136742,0.202661908899565,1,"CMOEA_AOP_DASCMOP9_N100_FE50000_run4_seed230304.mat"
"s07_dual_role_credit","CMOEA-AOP","DASCMOP9","DAS-CMOP",100,50000,5,230305,50092,74.0124,0.04316667287840677,0.2034723170969877,1,"CMOEA_AOP_DASCMOP9_N100_FE50000_run5_seed230305.mat"
"s07_dual_role_credit","CMOEA-AOP","LIRCMOP10","LIR-CMOP",100,50000,1,229001,50174,19.7304,0.4602389300734515,0.4505349642755451,1,"CMOEA_AOP_LIRCMOP10_N100_FE50000_run1_seed229001.mat"
"s07_dual_role_credit","CMOEA-AOP","LIRCMOP10","LIR-CMOP",100,50000,2,229002,50014,16.5162,0.2269867771104346,0.5902769600977398,1,"CMOEA_AOP_LIRCMOP10_N100_FE50000_run2_seed229002.mat"
"s07_dual_role_credit","CMOEA-AOP","LIRCMOP10","LIR-CMOP",100,50000,3,229003,50032,20.365,0.2297082355097061,0.5892199604050405,1,"CMOEA_AOP_LIRCMOP10_N100_FE50000_run3_seed229003.mat"
"s07_dual_role_credit","CMOEA-AOP","LIRCMOP10","LIR-CMOP",100,50000,4,229004,50082,19.951,0.222563875405618,0.5912841125810647,1,"CMOEA_AOP_LIRCMOP10_N100_FE50000_run4_seed229004.mat"
"s07_dual_role_credit","CMOEA-AOP","LIRCMOP10","LIR-CMOP",100,50000,5,229005,50176,16.6251,0.1103873713719821,0.6631759344531907,1,"CMOEA_AOP_LIRCMOP10_N100_FE50000_run5_seed229005.mat"
"s07_dual_role_credit","CMOEA-AOP","LIRCMOP11","LIR-CMOP",100,50000,1,229101,50026,15.5504,0.08571485214619894,0.6463215101827093,1,"CMOEA_AOP_LIRCMOP11_N100_FE50000_run1_seed229101.mat"
"s07_dual_role_credit","CMOEA-AOP","LIRCMOP11","LIR-CMOP",100,50000,2,229102,50116,15.6996,0.1440106925047326,0.600768424138857,1,"CMOEA_AOP_LIRCMOP11_N100_FE50000_run2_seed229102.mat"
"s07_dual_role_credit","CMOEA-AOP","LIRCMOP11","LIR-CMOP",100,50000,3,229103,50058,13.0931,0.01673851134139758,0.6825267213705267,1,"CMOEA_AOP_LIRCMOP11_N100_FE50000_run3_seed229103.mat"
"s07_dual_role_credit","CMOEA-AOP","LIRCMOP11","LIR-CMOP",100,50000,4,229104,50000,12.026,0.07418660976688098,0.658915886761104,1,"CMOEA_AOP_LIRCMOP11_N100_FE50000_run4_seed229104.mat"
"s07_dual_role_credit","CMOEA-AOP","LIRCMOP11","LIR-CMOP",100,50000,5,229105,50006,14.8673,0.0856823405366379,0.646611405814813,1,"CMOEA_AOP_LIRCMOP11_N100_FE50000_run5_seed229105.mat"
"s07_dual_role_credit","CMOEA-AOP","LIRCMOP12","LIR-CMOP",100,50000,1,229201,50150,21.153,0.1978363979776557,0.5029208580882618,1,"CMOEA_AOP_LIRCMOP12_N100_FE50000_run1_seed229201.mat"
"s07_dual_role_credit","CMOEA-AOP","LIRCMOP12","LIR-CMOP",100,50000,2,229202,50016,10.1225,0.1644212174604875,0.5319094923544774,1,"CMOEA_AOP_LIRCMOP12_N100_FE50000_run2_seed229202.mat"
"s07_dual_role_credit","CMOEA-AOP","LIRCMOP12","LIR-CMOP",100,50000,3,229203,50130,12.1823,0.4240510427577172,0.3568691473770115,1,"CMOEA_AOP_LIRCMOP12_N100_FE50000_run3_seed229203.mat"
"s07_dual_role_credit","CMOEA-AOP","LIRCMOP12","LIR-CMOP",100,50000,4,229204,50136,8.3448,0.1746188189608939,0.5203428438027071,1,"CMOEA_AOP_LIRCMOP12_N100_FE50000_run4_seed229204.mat"
"s07_dual_role_credit","CMOEA-AOP","LIRCMOP12","LIR-CMOP",100,50000,5,229205,50040,7.5504,0.1574136460012974,0.5364016535686524,1,"CMOEA_AOP_LIRCMOP12_N100_FE50000_run5_seed229205.mat"
"s07_dual_role_credit","CMOEA-AOP","LIRCMOP13","LIR-CMOP",100,50000,1,229301,50012,69.0742,0.09515396409456039,0.550269987001375,1,"CMOEA_AOP_LIRCMOP13_N100_FE50000_run1_seed229301.mat"
"s07_dual_role_credit","CMOEA-AOP","LIRCMOP13","LIR-CMOP",100,50000,2,229302,50006,64.1175,0.09748063967119787,0.5412255915608694,1,"CMOEA_AOP_LIRCMOP13_N100_FE50000_run2_seed229302.mat"
"s07_dual_role_credit","CMOEA-AOP","LIRCMOP13","LIR-CMOP",100,50000,3,229303,50122,65.0463,0.09803864000182359,0.5440646942271246,1,"CMOEA_AOP_LIRCMOP13_N100_FE50000_run3_seed229303.mat"
"s07_dual_role_credit","CMOEA-AOP","LIRCMOP13","LIR-CMOP",100,50000,4,229304,50116,69.2749,0.1016033058984563,0.5365401715047817,1,"CMOEA_AOP_LIRCMOP13_N100_FE50000_run4_seed229304.mat"
"s07_dual_role_credit","CMOEA-AOP","LIRCMOP13","LIR-CMOP",100,50000,5,229305,50212,65.5252,0.0927433121637898,0.5498749302840975,1,"CMOEA_AOP_LIRCMOP13_N100_FE50000_run5_seed229305.mat"
"s07_dual_role_credit","CMOEA-AOP","LIRCMOP14","LIR-CMOP",100,50000,1,229401,50206,64.8349,0.1011318954860673,0.5469774518046967,1,"CMOEA_AOP_LIRCMOP14_N100_FE50000_run1_seed229401.mat"
"s07_dual_role_credit","CMOEA-AOP","LIRCMOP14","LIR-CMOP",100,50000,2,229402,50166,65.1507,0.09791388724723325,0.5509813871498357,1,"CMOEA_AOP_LIRCMOP14_N100_FE50000_run2_seed229402.mat"
"s07_dual_role_credit","CMOEA-AOP","LIRCMOP14","LIR-CMOP",100,50000,3,229403,50086,67.3404,0.0991409099275779,0.5466689032729082,1,"CMOEA_AOP_LIRCMOP14_N100_FE50000_run3_seed229403.mat"
"s07_dual_role_credit","CMOEA-AOP","LIRCMOP14","LIR-CMOP",100,50000,4,229404,50026,68.9609,0.0959249944121305,0.5524043376259662,1,"CMOEA_AOP_LIRCMOP14_N100_FE50000_run4_seed229404.mat"
"s07_dual_role_credit","CMOEA-AOP","LIRCMOP14","LIR-CMOP",100,50000,5,229405,50072,66.3939,0.09934781778488089,0.5496793087762516,1,"CMOEA_AOP_LIRCMOP14_N100_FE50000_run5_seed229405.mat"
"s07_dual_role_credit","CMOEA-AOP","LIRCMOP1","LIR-CMOP",100,50000,1,228101,50146,7.2991,0.2024533858234516,0.1364848316549176,1,"CMOEA_AOP_LIRCMOP1_N100_FE50000_run1_seed228101.mat"
"s07_dual_role_credit","CMOEA-AOP","LIRCMOP1","LIR-CMOP",100,50000,2,228102,50188,9.2163,0.2442027894467794,0.1355559336846767,1,"CMOEA_AOP_LIRCMOP1_N100_FE50000_run2_seed228102.mat"
"s07_dual_role_credit","CMOEA-AOP","LIRCMOP1","LIR-CMOP",100,50000,3,228103,50094,8.0303,0.1257013709847928,0.173659121475913,1,"CMOEA_AOP_LIRCMOP1_N100_FE50000_run3_seed228103.mat"
"s07_dual_role_credit","CMOEA-AOP","LIRCMOP1","LIR-CMOP",100,50000,4,228104,50124,9.1013,0.2174859785236271,0.1294442147979567,1,"CMOEA_AOP_LIRCMOP1_N100_FE50000_run4_seed228104.mat"
"s07_dual_role_credit","CMOEA-AOP","LIRCMOP1","LIR-CMOP",100,50000,5,228105,50134,7.6786,0.2904955121550129,0.1202654954365593,1,"CMOEA_AOP_LIRCMOP1_N100_FE50000_run5_seed228105.mat"
"s07_dual_role_credit","CMOEA-AOP","LIRCMOP2","LIR-CMOP",100,50000,1,228201,50176,8.043,0.1957696417402209,0.2467996806904413,1,"CMOEA_AOP_LIRCMOP2_N100_FE50000_run1_seed228201.mat"
"s07_dual_role_credit","CMOEA-AOP","LIRCMOP2","LIR-CMOP",100,50000,2,228202,50092,8.5267,0.1807914073678835,0.2709870898323102,1,"CMOEA_AOP_LIRCMOP2_N100_FE50000_run2_seed228202.mat"
"s07_dual_role_credit","CMOEA-AOP","LIRCMOP2","LIR-CMOP",100,50000,3,228203,50172,8.7903,0.2158688987216233,0.2486094044010934,1,"CMOEA_AOP_LIRCMOP2_N100_FE50000_run3_seed228203.mat"
"s07_dual_role_credit","CMOEA-AOP","LIRCMOP2","LIR-CMOP",100,50000,4,228204,50010,8.3607,0.2282690363200461,0.2407223426770981,1,"CMOEA_AOP_LIRCMOP2_N100_FE50000_run4_seed228204.mat"
"s07_dual_role_credit","CMOEA-AOP","LIRCMOP2","LIR-CMOP",100,50000,5,228205,50002,8.0182,0.1806234581760603,0.2594348258955395,1,"CMOEA_AOP_LIRCMOP2_N100_FE50000_run5_seed228205.mat"
"s07_dual_role_credit","CMOEA-AOP","LIRCMOP3","LIR-CMOP",100,50000,1,228301,50034,11.2193,0.2656510555356222,0.1094652215297422,1,"CMOEA_AOP_LIRCMOP3_N100_FE50000_run1_seed228301.mat"
"s07_dual_role_credit","CMOEA-AOP","LIRCMOP3","LIR-CMOP",100,50000,2,228302,50202,8.448,0.2918223839436214,0.09699370396688015,1,"CMOEA_AOP_LIRCMOP3_N100_FE50000_run2_seed228302.mat"
"s07_dual_role_credit","CMOEA-AOP","LIRCMOP3","LIR-CMOP",100,50000,3,228303,50006,8.9839,0.2169444274453405,0.116916433459971,1,"CMOEA_AOP_LIRCMOP3_N100_FE50000_run3_seed228303.mat"
"s07_dual_role_credit","CMOEA-AOP","LIRCMOP3","LIR-CMOP",100,50000,4,228304,50186,8.2457,0.2734352015564892,0.1065026892778423,1,"CMOEA_AOP_LIRCMOP3_N100_FE50000_run4_seed228304.mat"
"s07_dual_role_credit","CMOEA-AOP","LIRCMOP3","LIR-CMOP",100,50000,5,228305,50096,8.3721,0.1294099556127221,0.1468143319954519,1,"CMOEA_AOP_LIRCMOP3_N100_FE50000_run5_seed228305.mat"
"s07_dual_role_credit","CMOEA-AOP","LIRCMOP4","LIR-CMOP",100,50000,1,228401,50004,8.4952,0.2613087429575159,0.2185037611933427,1,"CMOEA_AOP_LIRCMOP4_N100_FE50000_run1_seed228401.mat"
"s07_dual_role_credit","CMOEA-AOP","LIRCMOP4","LIR-CMOP",100,50000,2,228402,50196,8.0469,0.2629900372298717,0.2176396170207623,1,"CMOEA_AOP_LIRCMOP4_N100_FE50000_run2_seed228402.mat"
"s07_dual_role_credit","CMOEA-AOP","LIRCMOP4","LIR-CMOP",100,50000,3,228403,50200,8.134,0.2360131620760211,0.2327599918228617,1,"CMOEA_AOP_LIRCMOP4_N100_FE50000_run3_seed228403.mat"
"s07_dual_role_credit","CMOEA-AOP","LIRCMOP4","LIR-CMOP",100,50000,4,228404,50022,7.5657,0.3126771246044332,0.1926140895935283,1,"CMOEA_AOP_LIRCMOP4_N100_FE50000_run4_seed228404.mat"
"s07_dual_role_credit","CMOEA-AOP","LIRCMOP4","LIR-CMOP",100,50000,5,228405,50036,7.7055,0.2286513324919701,0.2107205302635763,1,"CMOEA_AOP_LIRCMOP4_N100_FE50000_run5_seed228405.mat"
"s07_dual_role_credit","CMOEA-AOP","LIRCMOP5","LIR-CMOP",100,50000,1,228501,50172,14.7386,1.18217129999997,0,1,"CMOEA_AOP_LIRCMOP5_N100_FE50000_run1_seed228501.mat"
"s07_dual_role_credit","CMOEA-AOP","LIRCMOP5","LIR-CMOP",100,50000,2,228502,50076,15.0132,1.179254029555452,0,1,"CMOEA_AOP_LIRCMOP5_N100_FE50000_run2_seed228502.mat"
"s07_dual_role_credit","CMOEA-AOP","LIRCMOP5","LIR-CMOP",100,50000,3,228503,50150,15.1836,0.06574318453254012,0.2694596754824038,1,"CMOEA_AOP_LIRCMOP5_N100_FE50000_run3_seed228503.mat"
"s07_dual_role_credit","CMOEA-AOP","LIRCMOP5","LIR-CMOP",100,50000,4,228504,50086,14.652,0.2052287526773893,0.1812099282587922,1,"CMOEA_AOP_LIRCMOP5_N100_FE50000_run4_seed228504.mat"
"s07_dual_role_credit","CMOEA-AOP","LIRCMOP5","LIR-CMOP",100,50000,5,228505,50034,14.6673,0.1523351835495647,0.2025119895348952,1,"CMOEA_AOP_LIRCMOP5_N100_FE50000_run5_seed228505.mat"
"s07_dual_role_credit","CMOEA-AOP","LIRCMOP6","LIR-CMOP",100,50000,1,228601,50070,14.459,0.2005295233502364,0.1210053578740221,1,"CMOEA_AOP_LIRCMOP6_N100_FE50000_run1_seed228601.mat"
"s07_dual_role_credit","CMOEA-AOP","LIRCMOP6","LIR-CMOP",100,50000,2,228602,50154,16.0048,0.2838235340825938,0.1353819431440239,1,"CMOEA_AOP_LIRCMOP6_N100_FE50000_run2_seed228602.mat"
"s07_dual_role_credit","CMOEA-AOP","LIRCMOP6","LIR-CMOP",100,50000,3,228603,50002,16.1782,0.2490316439932623,0.1414972099361451,1,"CMOEA_AOP_LIRCMOP6_N100_FE50000_run3_seed228603.mat"
"s07_dual_role_credit","CMOEA-AOP","LIRCMOP6","LIR-CMOP",100,50000,4,228604,50120,13.9117,0.3528325416833309,0.1151535348712913,1,"CMOEA_AOP_LIRCMOP6_N100_FE50000_run4_seed228604.mat"
"s07_dual_role_credit","CMOEA-AOP","LIRCMOP6","LIR-CMOP",100,50000,5,228605,50054,15.0689,0.1737622080488786,0.134943195329236,1,"CMOEA_AOP_LIRCMOP6_N100_FE50000_run5_seed228605.mat"
"s07_dual_role_credit","CMOEA-AOP","LIRCMOP7","LIR-CMOP",100,50000,1,228701,50010,13.9413,0.01072714495173147,0.2919354570735943,1,"CMOEA_AOP_LIRCMOP7_N100_FE50000_run1_seed228701.mat"
"s07_dual_role_credit","CMOEA-AOP","LIRCMOP7","LIR-CMOP",100,50000,2,228702,50044,14.7299,0.02184915118308032,0.2853720488638297,1,"CMOEA_AOP_LIRCMOP7_N100_FE50000_run2_seed228702.mat"
"s07_dual_role_credit","CMOEA-AOP","LIRCMOP7","LIR-CMOP",100,50000,3,228703,50088,14.5301,0.01379130677313199,0.2903139755930605,1,"CMOEA_AOP_LIRCMOP7_N100_FE50000_run3_seed228703.mat"
"s07_dual_role_credit","CMOEA-AOP","LIRCMOP7","LIR-CMOP",100,50000,4,228704,50088,14.2616,0.02359030426815829,0.2852196999167839,1,"CMOEA_AOP_LIRCMOP7_N100_FE50000_run4_seed228704.mat"
"s07_dual_role_credit","CMOEA-AOP","LIRCMOP7","LIR-CMOP",100,50000,5,228705,50182,15.8126,0.03174558602743573,0.2845722497143341,1,"CMOEA_AOP_LIRCMOP7_N100_FE50000_run5_seed228705.mat"
"s07_dual_role_credit","CMOEA-AOP","LIRCMOP8","LIR-CMOP",100,50000,1,228801,50050,15.6218,0.01226792362454776,0.2910905853697657,1,"CMOEA_AOP_LIRCMOP8_N100_FE50000_run1_seed228801.mat"
"s07_dual_role_credit","CMOEA-AOP","LIRCMOP8","LIR-CMOP",100,50000,2,228802,50046,15.27,0.0482183971966669,0.2786486974052521,1,"CMOEA_AOP_LIRCMOP8_N100_FE50000_run2_seed228802.mat"
"s07_dual_role_credit","CMOEA-AOP","LIRCMOP8","LIR-CMOP",100,50000,3,228803,50088,14.9337,0.0137823877700517,0.2904999373913977,1,"CMOEA_AOP_LIRCMOP8_N100_FE50000_run3_seed228803.mat"
"s07_dual_role_credit","CMOEA-AOP","LIRCMOP8","LIR-CMOP",100,50000,4,228804,50016,15.6187,0.07121364340752946,0.2631281999378503,1,"CMOEA_AOP_LIRCMOP8_N100_FE50000_run4_seed228804.mat"
"s07_dual_role_credit","CMOEA-AOP","LIRCMOP8","LIR-CMOP",100,50000,5,228805,50004,14.175,0.04918985410100366,0.2732614693602882,1,"CMOEA_AOP_LIRCMOP8_N100_FE50000_run5_seed228805.mat"
"s07_dual_role_credit","CMOEA-AOP","LIRCMOP9","LIR-CMOP",100,50000,1,228901,50166,17.3226,0.4233775008787934,0.3865462450306769,1,"CMOEA_AOP_LIRCMOP9_N100_FE50000_run1_seed228901.mat"
"s07_dual_role_credit","CMOEA-AOP","LIRCMOP9","LIR-CMOP",100,50000,2,228902,50148,17.304,0.5071734499041413,0.3562390101450493,1,"CMOEA_AOP_LIRCMOP9_N100_FE50000_run2_seed228902.mat"
"s07_dual_role_credit","CMOEA-AOP","LIRCMOP9","LIR-CMOP",100,50000,3,228903,50140,19.5762,0.4159539343035704,0.3946907437016172,1,"CMOEA_AOP_LIRCMOP9_N100_FE50000_run3_seed228903.mat"
"s07_dual_role_credit","CMOEA-AOP","LIRCMOP9","LIR-CMOP",100,50000,4,228904,50144,16.9508,0.2544794674844519,0.415854677672074,1,"CMOEA_AOP_LIRCMOP9_N100_FE50000_run4_seed228904.mat"
"s07_dual_role_credit","CMOEA-AOP","LIRCMOP9","LIR-CMOP",100,50000,5,228905,50124,14.5013,0.5073175233392807,0.3570109818673288,1,"CMOEA_AOP_LIRCMOP9_N100_FE50000_run5_seed228905.mat"
"s07_dual_role_credit","Dual-Role-Credit-AOP-v1","CF10","CF",100,50000,1,278001,50000,8.837,0.3259373474309597,0.1762122186173922,1,"Dual_Role_Credit_AOP_v1_CF10_N100_FE50000_run1_seed278001.mat"
"s07_dual_role_credit","Dual-Role-Credit-AOP-v1","CF10","CF",100,50000,2,278002,50000,5.985,0.7419971302160292,0.09784205936497904,1,"Dual_Role_Credit_AOP_v1_CF10_N100_FE50000_run2_seed278002.mat"
"s07_dual_role_credit","Dual-Role-Credit-AOP-v1","CF10","CF",100,50000,3,278003,50000,7.0329,0.3478422702355022,0.1777585621118802,1,"Dual_Role_Credit_AOP_v1_CF10_N100_FE50000_run3_seed278003.mat"
"s07_dual_role_credit","Dual-Role-Credit-AOP-v1","CF10","CF",100,50000,4,278004,50000,9.1166,0.4662247742211073,0.1153355590541108,1,"Dual_Role_Credit_AOP_v1_CF10_N100_FE50000_run4_seed278004.mat"
"s07_dual_role_credit","Dual-Role-Credit-AOP-v1","CF10","CF",100,50000,5,278005,50000,8.5908,0.2877338157419487,0.1825142632470817,1,"Dual_Role_Credit_AOP_v1_CF10_N100_FE50000_run5_seed278005.mat"
"s07_dual_role_credit","Dual-Role-Credit-AOP-v1","CF1","CF",100,50000,1,277101,50000,6.3578,0.004886088747838229,0.5602394468983648,1,"Dual_Role_Credit_AOP_v1_CF1_N100_FE50000_run1_seed277101.mat"
"s07_dual_role_credit","Dual-Role-Credit-AOP-v1","CF1","CF",100,50000,2,277102,50000,6.4469,0.00455434471440221,0.5605031725365952,1,"Dual_Role_Credit_AOP_v1_CF1_N100_FE50000_run2_seed277102.mat"
"s07_dual_role_credit","Dual-Role-Credit-AOP-v1","CF1","CF",100,50000,3,277103,50000,6.8072,0.005911778296495062,0.5590386353994169,1,"Dual_Role_Credit_AOP_v1_CF1_N100_FE50000_run3_seed277103.mat"
"s07_dual_role_credit","Dual-Role-Credit-AOP-v1","CF1","CF",100,50000,4,277104,50000,5.7142,0.00522952448760189,0.5597429485008887,1,"Dual_Role_Credit_AOP_v1_CF1_N100_FE50000_run4_seed277104.mat"
"s07_dual_role_credit","Dual-Role-Credit-AOP-v1","CF1","CF",100,50000,5,277105,50000,6.4653,0.00511885243503968,0.5598433439761858,1,"Dual_Role_Credit_AOP_v1_CF1_N100_FE50000_run5_seed277105.mat"
"s07_dual_role_credit","Dual-Role-Credit-AOP-v1","CF2","CF",100,50000,1,277201,50000,5.962,0.01604814317792696,0.6614299842861624,1,"Dual_Role_Credit_AOP_v1_CF2_N100_FE50000_run1_seed277201.mat"
"s07_dual_role_credit","Dual-Role-Credit-AOP-v1","CF2","CF",100,50000,2,277202,50000,6.6497,0.009371015159341196,0.6695373658980203,1,"Dual_Role_Credit_AOP_v1_CF2_N100_FE50000_run2_seed277202.mat"
"s07_dual_role_credit","Dual-Role-Credit-AOP-v1","CF2","CF",100,50000,3,277203,50000,5.9837,0.03370291069403758,0.6432538808306534,1,"Dual_Role_Credit_AOP_v1_CF2_N100_FE50000_run3_seed277203.mat"
"s07_dual_role_credit","Dual-Role-Credit-AOP-v1","CF2","CF",100,50000,4,277204,50000,6.3023,0.02257109608407739,0.6473502988367061,1,"Dual_Role_Credit_AOP_v1_CF2_N100_FE50000_run4_seed277204.mat"
"s07_dual_role_credit","Dual-Role-Credit-AOP-v1","CF2","CF",100,50000,5,277205,50000,6.2171,0.01646879107587663,0.6615470598668152,1,"Dual_Role_Credit_AOP_v1_CF2_N100_FE50000_run5_seed277205.mat"
"s07_dual_role_credit","Dual-Role-Credit-AOP-v1","CF3","CF",100,50000,1,277301,50000,5.2295,0.1321165539462406,0.2607478438862431,1,"Dual_Role_Credit_AOP_v1_CF3_N100_FE50000_run1_seed277301.mat"
"s07_dual_role_credit","Dual-Role-Credit-AOP-v1","CF3","CF",100,50000,2,277302,50000,5.4849,0.2222938035451603,0.1825493322550953,1,"Dual_Role_Credit_AOP_v1_CF3_N100_FE50000_run2_seed277302.mat"
"s07_dual_role_credit","Dual-Role-Credit-AOP-v1","CF3","CF",100,50000,3,277303,50000,6.1487,0.1191890881644981,0.3021630099611957,1,"Dual_Role_Credit_AOP_v1_CF3_N100_FE50000_run3_seed277303.mat"
"s07_dual_role_credit","Dual-Role-Credit-AOP-v1","CF3","CF",100,50000,4,277304,50000,5.4236,0.1416584761580074,0.1979995867843329,1,"Dual_Role_Credit_AOP_v1_CF3_N100_FE50000_run4_seed277304.mat"
"s07_dual_role_credit","Dual-Role-Credit-AOP-v1","CF3","CF",100,50000,5,277305,50000,5.1389,0.1275537748597473,0.2617745508379404,1,"Dual_Role_Credit_AOP_v1_CF3_N100_FE50000_run5_seed277305.mat"
"s07_dual_role_credit","Dual-Role-Credit-AOP-v1","CF4","CF",100,50000,1,277401,50000,5.8049,0.06993151411183955,0.4466518502919244,1,"Dual_Role_Credit_AOP_v1_CF4_N100_FE50000_run1_seed277401.mat"
"s07_dual_role_credit","Dual-Role-Credit-AOP-v1","CF4","CF",100,50000,2,277402,50000,6.2259,0.06988066543979833,0.4475533159022584,1,"Dual_Role_Credit_AOP_v1_CF4_N100_FE50000_run2_seed277402.mat"
"s07_dual_role_credit","Dual-Role-Credit-AOP-v1","CF4","CF",100,50000,3,277403,50000,5.826,0.03589728299297873,0.4892132209008627,1,"Dual_Role_Credit_AOP_v1_CF4_N100_FE50000_run3_seed277403.mat"
"s07_dual_role_credit","Dual-Role-Credit-AOP-v1","CF4","CF",100,50000,4,277404,50000,6.0534,0.06679428019331443,0.447325550912045,1,"Dual_Role_Credit_AOP_v1_CF4_N100_FE50000_run4_seed277404.mat"
"s07_dual_role_credit","Dual-Role-Credit-AOP-v1","CF4","CF",100,50000,5,277405,50000,5.7432,0.06899540818248923,0.442243596392079,1,"Dual_Role_Credit_AOP_v1_CF4_N100_FE50000_run5_seed277405.mat"
"s07_dual_role_credit","Dual-Role-Credit-AOP-v1","CF5","CF",100,50000,1,277501,50000,5.7912,0.1345687680473618,0.3744918264251262,1,"Dual_Role_Credit_AOP_v1_CF5_N100_FE50000_run1_seed277501.mat"
"s07_dual_role_credit","Dual-Role-Credit-AOP-v1","CF5","CF",100,50000,2,277502,50000,5.7921,0.09502595711554118,0.4201466521855238,1,"Dual_Role_Credit_AOP_v1_CF5_N100_FE50000_run2_seed277502.mat"
"s07_dual_role_credit","Dual-Role-Credit-AOP-v1","CF5","CF",100,50000,3,277503,50000,7.6084,0.3036379664818094,0.2936063334299923,1,"Dual_Role_Credit_AOP_v1_CF5_N100_FE50000_run3_seed277503.mat"
"s07_dual_role_credit","Dual-Role-Credit-AOP-v1","CF5","CF",100,50000,4,277504,50000,6.4976,0.3250178796129046,0.31256010153702,1,"Dual_Role_Credit_AOP_v1_CF5_N100_FE50000_run4_seed277504.mat"
"s07_dual_role_credit","Dual-Role-Credit-AOP-v1","CF5","CF",100,50000,5,277505,50000,7.373,0.2086511978691463,0.3748389920111085,1,"Dual_Role_Credit_AOP_v1_CF5_N100_FE50000_run5_seed277505.mat"
"s07_dual_role_credit","Dual-Role-Credit-AOP-v1","CF6","CF",100,50000,1,277601,50000,7.9411,0.09870542051077495,0.6373155092459701,1,"Dual_Role_Credit_AOP_v1_CF6_N100_FE50000_run1_seed277601.mat"
"s07_dual_role_credit","Dual-Role-Credit-AOP-v1","CF6","CF",100,50000,2,277602,50000,7.7668,0.04118726885319936,0.6654438496788858,1,"Dual_Role_Credit_AOP_v1_CF6_N100_FE50000_run2_seed277602.mat"
"s07_dual_role_credit","Dual-Role-Credit-AOP-v1","CF6","CF",100,50000,3,277603,50000,7.8653,0.05643971178837264,0.6386299756600042,1,"Dual_Role_Credit_AOP_v1_CF6_N100_FE50000_run3_seed277603.mat"
"s07_dual_role_credit","Dual-Role-Credit-AOP-v1","CF6","CF",100,50000,4,277604,50000,7.6131,0.02956742858666663,0.6691015446987241,1,"Dual_Role_Credit_AOP_v1_CF6_N100_FE50000_run4_seed277604.mat"
"s07_dual_role_credit","Dual-Role-Credit-AOP-v1","CF6","CF",100,50000,5,277605,50000,7.3093,0.04594874458426563,0.6598000892289083,1,"Dual_Role_Credit_AOP_v1_CF6_N100_FE50000_run5_seed277605.mat"
"s07_dual_role_credit","Dual-Role-Credit-AOP-v1","CF7","CF",100,50000,1,277701,50000,5.7737,0.1956877114205336,0.5643408896963289,1,"Dual_Role_Credit_AOP_v1_CF7_N100_FE50000_run1_seed277701.mat"
"s07_dual_role_credit","Dual-Role-Credit-AOP-v1","CF7","CF",100,50000,2,277702,50000,6.1904,0.1767602825094656,0.5379408414072295,1,"Dual_Role_Credit_AOP_v1_CF7_N100_FE50000_run2_seed277702.mat"
"s07_dual_role_credit","Dual-Role-Credit-AOP-v1","CF7","CF",100,50000,3,277703,50000,5.7836,0.2006578799449541,0.550348048660586,1,"Dual_Role_Credit_AOP_v1_CF7_N100_FE50000_run3_seed277703.mat"
"s07_dual_role_credit","Dual-Role-Credit-AOP-v1","CF7","CF",100,50000,4,277704,50000,6.6066,0.2529940913780337,0.4683850326857415,1,"Dual_Role_Credit_AOP_v1_CF7_N100_FE50000_run4_seed277704.mat"
"s07_dual_role_credit","Dual-Role-Credit-AOP-v1","CF7","CF",100,50000,5,277705,50000,7.2087,0.1733804015441302,0.4895966575377236,1,"Dual_Role_Credit_AOP_v1_CF7_N100_FE50000_run5_seed277705.mat"
"s07_dual_role_credit","Dual-Role-Credit-AOP-v1","CF8","CF",100,50000,1,277801,50000,5.3974,0.1634495767267137,0.3492236537121471,1,"Dual_Role_Credit_AOP_v1_CF8_N100_FE50000_run1_seed277801.mat"
"s07_dual_role_credit","Dual-Role-Credit-AOP-v1","CF8","CF",100,50000,2,277802,50000,6.4968,0.15255649150987,0.360682425380716,1,"Dual_Role_Credit_AOP_v1_CF8_N100_FE50000_run2_seed277802.mat"
"s07_dual_role_credit","Dual-Role-Credit-AOP-v1","CF8","CF",100,50000,3,277803,50000,5.705,0.1657676694689172,0.3445430056210643,1,"Dual_Role_Credit_AOP_v1_CF8_N100_FE50000_run3_seed277803.mat"
"s07_dual_role_credit","Dual-Role-Credit-AOP-v1","CF8","CF",100,50000,4,277804,50000,6.0392,0.1727772447932634,0.3307618580224286,1,"Dual_Role_Credit_AOP_v1_CF8_N100_FE50000_run4_seed277804.mat"
"s07_dual_role_credit","Dual-Role-Credit-AOP-v1","CF8","CF",100,50000,5,277805,50000,5.7388,0.1566439597036337,0.3394799458889434,1,"Dual_Role_Credit_AOP_v1_CF8_N100_FE50000_run5_seed277805.mat"
"s07_dual_role_credit","Dual-Role-Credit-AOP-v1","CF9","CF",100,50000,1,277901,50000,6.937,0.09893145648743894,0.4254086293264694,1,"Dual_Role_Credit_AOP_v1_CF9_N100_FE50000_run1_seed277901.mat"
"s07_dual_role_credit","Dual-Role-Credit-AOP-v1","CF9","CF",100,50000,2,277902,50000,7.1922,0.09375254704033657,0.4166924101911348,1,"Dual_Role_Credit_AOP_v1_CF9_N100_FE50000_run2_seed277902.mat"
"s07_dual_role_credit","Dual-Role-Credit-AOP-v1","CF9","CF",100,50000,3,277903,50000,6.9808,0.09308801174200626,0.4278616275177977,1,"Dual_Role_Credit_AOP_v1_CF9_N100_FE50000_run3_seed277903.mat"
"s07_dual_role_credit","Dual-Role-Credit-AOP-v1","CF9","CF",100,50000,4,277904,50000,7.5335,0.1009882658692492,0.4285636620593529,1,"Dual_Role_Credit_AOP_v1_CF9_N100_FE50000_run4_seed277904.mat"
"s07_dual_role_credit","Dual-Role-Credit-AOP-v1","CF9","CF",100,50000,5,277905,50000,7.0246,0.1003767045481101,0.4163091982252968,1,"Dual_Role_Credit_AOP_v1_CF9_N100_FE50000_run5_seed277905.mat"
"s07_dual_role_credit","Dual-Role-Credit-AOP-v1","DASCMOP1","DAS-CMOP",100,50000,1,279501,50000,4.724,0.006312362170781045,0.2089521730973104,1,"Dual_Role_Credit_AOP_v1_DASCMOP1_N100_FE50000_run1_seed279501.mat"
"s07_dual_role_credit","Dual-Role-Credit-AOP-v1","DASCMOP1","DAS-CMOP",100,50000,2,279502,50000,4.7383,0.008931471064360461,0.2061067824353806,1,"Dual_Role_Credit_AOP_v1_DASCMOP1_N100_FE50000_run2_seed279502.mat"
"s07_dual_role_credit","Dual-Role-Credit-AOP-v1","DASCMOP1","DAS-CMOP",100,50000,3,279503,50000,4.9637,0.01241073600662568,0.209147483403445,1,"Dual_Role_Credit_AOP_v1_DASCMOP1_N100_FE50000_run3_seed279503.mat"
"s07_dual_role_credit","Dual-Role-Credit-AOP-v1","DASCMOP1","DAS-CMOP",100,50000,4,279504,50000,4.7989,0.006523942831380888,0.2096610819084807,1,"Dual_Role_Credit_AOP_v1_DASCMOP1_N100_FE50000_run4_seed279504.mat"
"s07_dual_role_credit","Dual-Role-Credit-AOP-v1","DASCMOP1","DAS-CMOP",100,50000,5,279505,50000,4.6499,0.006552497037204427,0.2110848638271007,1,"Dual_Role_Credit_AOP_v1_DASCMOP1_N100_FE50000_run5_seed279505.mat"
"s07_dual_role_credit","Dual-Role-Credit-AOP-v1","DASCMOP2","DAS-CMOP",100,50000,1,279601,50000,4.6333,0.008644171625216548,0.3517560398560114,1,"Dual_Role_Credit_AOP_v1_DASCMOP2_N100_FE50000_run1_seed279601.mat"
"s07_dual_role_credit","Dual-Role-Credit-AOP-v1","DASCMOP2","DAS-CMOP",100,50000,2,279602,50000,4.3787,0.008672056904416751,0.351057417063083,1,"Dual_Role_Credit_AOP_v1_DASCMOP2_N100_FE50000_run2_seed279602.mat"
"s07_dual_role_credit","Dual-Role-Credit-AOP-v1","DASCMOP2","DAS-CMOP",100,50000,3,279603,50000,4.7374,0.01017581973897583,0.3515777954165719,1,"Dual_Role_Credit_AOP_v1_DASCMOP2_N100_FE50000_run3_seed279603.mat"
"s07_dual_role_credit","Dual-Role-Credit-AOP-v1","DASCMOP2","DAS-CMOP",100,50000,4,279604,50000,4.867,0.01092897491476574,0.3503352508612591,1,"Dual_Role_Credit_AOP_v1_DASCMOP2_N100_FE50000_run4_seed279604.mat"
"s07_dual_role_credit","Dual-Role-Credit-AOP-v1","DASCMOP2","DAS-CMOP",100,50000,5,279605,50000,4.7042,0.00763734383757212,0.3527800374231772,1,"Dual_Role_Credit_AOP_v1_DASCMOP2_N100_FE50000_run5_seed279605.mat"
"s07_dual_role_credit","Dual-Role-Credit-AOP-v1","DASCMOP3","DAS-CMOP",100,50000,1,279701,50000,4.4987,0.02139560466736784,0.3082338663210102,1,"Dual_Role_Credit_AOP_v1_DASCMOP3_N100_FE50000_run1_seed279701.mat"
"s07_dual_role_credit","Dual-Role-Credit-AOP-v1","DASCMOP3","DAS-CMOP",100,50000,2,279702,50000,4.8427,0.02319010786962264,0.3097895006870596,1,"Dual_Role_Credit_AOP_v1_DASCMOP3_N100_FE50000_run2_seed279702.mat"
"s07_dual_role_credit","Dual-Role-Credit-AOP-v1","DASCMOP3","DAS-CMOP",100,50000,3,279703,50000,4.1171,0.02381156024080376,0.3040927894833798,1,"Dual_Role_Credit_AOP_v1_DASCMOP3_N100_FE50000_run3_seed279703.mat"
"s07_dual_role_credit","Dual-Role-Credit-AOP-v1","DASCMOP3","DAS-CMOP",100,50000,4,279704,50000,4.3052,0.02402101256850444,0.3060693915198355,1,"Dual_Role_Credit_AOP_v1_DASCMOP3_N100_FE50000_run4_seed279704.mat"
"s07_dual_role_credit","Dual-Role-Credit-AOP-v1","DASCMOP3","DAS-CMOP",100,50000,5,279705,50000,4.1118,0.02340671811209286,0.3067726032544671,1,"Dual_Role_Credit_AOP_v1_DASCMOP3_N100_FE50000_run5_seed279705.mat"
"s07_dual_role_credit","Dual-Role-Credit-AOP-v1","DASCMOP4","DAS-CMOP",100,50000,1,279801,50000,4.2852,0.6201518300447232,0,1,"Dual_Role_Credit_AOP_v1_DASCMOP4_N100_FE50000_run1_seed279801.mat"
"s07_dual_role_credit","Dual-Role-Credit-AOP-v1","DASCMOP4","DAS-CMOP",100,50000,2,279802,50000,3.9816,0.4613894091847952,0.03102273961932739,1,"Dual_Role_Credit_AOP_v1_DASCMOP4_N100_FE50000_run2_seed279802.mat"
"s07_dual_role_credit","Dual-Role-Credit-AOP-v1","DASCMOP4","DAS-CMOP",100,50000,3,279803,50000,4.9686,0.05126214788322907,0.1673605874443806,1,"Dual_Role_Credit_AOP_v1_DASCMOP4_N100_FE50000_run3_seed279803.mat"
"s07_dual_role_credit","Dual-Role-Credit-AOP-v1","DASCMOP4","DAS-CMOP",100,50000,4,279804,50000,4.158,0.4346444058339469,0.04237373391621146,1,"Dual_Role_Credit_AOP_v1_DASCMOP4_N100_FE50000_run4_seed279804.mat"
"s07_dual_role_credit","Dual-Role-Credit-AOP-v1","DASCMOP4","DAS-CMOP",100,50000,5,279805,50000,4.3011,0.3838916062511388,0.05500845923157421,1,"Dual_Role_Credit_AOP_v1_DASCMOP4_N100_FE50000_run5_seed279805.mat"
"s07_dual_role_credit","Dual-Role-Credit-AOP-v1","DASCMOP5","DAS-CMOP",100,50000,1,279901,50000,4.3599,0.4516678408430379,0.09358147501083097,1,"Dual_Role_Credit_AOP_v1_DASCMOP5_N100_FE50000_run1_seed279901.mat"
"s07_dual_role_credit","Dual-Role-Credit-AOP-v1","DASCMOP5","DAS-CMOP",100,50000,2,279902,50000,4.5467,0.6206915415402864,0.04805494102907838,1,"Dual_Role_Credit_AOP_v1_DASCMOP5_N100_FE50000_run2_seed279902.mat"
"s07_dual_role_credit","Dual-Role-Credit-AOP-v1","DASCMOP5","DAS-CMOP",100,50000,3,279903,50000,3.9996,0.4289168174966516,0.1021642687585673,1,"Dual_Role_Credit_AOP_v1_DASCMOP5_N100_FE50000_run3_seed279903.mat"
"s07_dual_role_credit","Dual-Role-Credit-AOP-v1","DASCMOP5","DAS-CMOP",100,50000,4,279904,50000,4.609,0.5810744072124111,0.05564036078816333,1,"Dual_Role_Credit_AOP_v1_DASCMOP5_N100_FE50000_run4_seed279904.mat"
"s07_dual_role_credit","Dual-Role-Credit-AOP-v1","DASCMOP5","DAS-CMOP",100,50000,5,279905,50000,4.073,0.4144552629671645,0.1063345964183142,1,"Dual_Role_Credit_AOP_v1_DASCMOP5_N100_FE50000_run5_seed279905.mat"
"s07_dual_role_credit","Dual-Role-Credit-AOP-v1","DASCMOP6","DAS-CMOP",100,50000,1,280001,50000,4.1324,0.400235800276725,0.09528085206034495,1,"Dual_Role_Credit_AOP_v1_DASCMOP6_N100_FE50000_run1_seed280001.mat"
"s07_dual_role_credit","Dual-Role-Credit-AOP-v1","DASCMOP6","DAS-CMOP",100,50000,2,280002,50000,4.088,0.287955982060735,0.1768761921931788,1,"Dual_Role_Credit_AOP_v1_DASCMOP6_N100_FE50000_run2_seed280002.mat"
"s07_dual_role_credit","Dual-Role-Credit-AOP-v1","DASCMOP6","DAS-CMOP",100,50000,3,280003,50000,4.0783,0.04567222079185913,0.284443922457837,1,"Dual_Role_Credit_AOP_v1_DASCMOP6_N100_FE50000_run3_seed280003.mat"
"s07_dual_role_credit","Dual-Role-Credit-AOP-v1","DASCMOP6","DAS-CMOP",100,50000,4,280004,50000,3.855,0.7216458562949043,0.02321345637928992,1,"Dual_Role_Credit_AOP_v1_DASCMOP6_N100_FE50000_run4_seed280004.mat"
"s07_dual_role_credit","Dual-Role-Credit-AOP-v1","DASCMOP6","DAS-CMOP",100,50000,5,280005,50000,4.2546,0.7995515857774219,0.01243761298610867,1,"Dual_Role_Credit_AOP_v1_DASCMOP6_N100_FE50000_run5_seed280005.mat"
"s07_dual_role_credit","Dual-Role-Credit-AOP-v1","DASCMOP7","DAS-CMOP",100,50000,1,280101,50000,4.3648,0.6571435260047228,0.04667511861000964,1,"Dual_Role_Credit_AOP_v1_DASCMOP7_N100_FE50000_run1_seed280101.mat"
"s07_dual_role_credit","Dual-Role-Credit-AOP-v1","DASCMOP7","DAS-CMOP",100,50000,2,280102,50000,4.1957,1.033936137560976,0.004749052852701244,1,"Dual_Role_Credit_AOP_v1_DASCMOP7_N100_FE50000_run2_seed280102.mat"
"s07_dual_role_credit","Dual-Role-Credit-AOP-v1","DASCMOP7","DAS-CMOP",100,50000,3,280103,50000,4.9313,0.3602518429389562,0.1351891872151365,1,"Dual_Role_Credit_AOP_v1_DASCMOP7_N100_FE50000_run3_seed280103.mat"
"s07_dual_role_credit","Dual-Role-Credit-AOP-v1","DASCMOP7","DAS-CMOP",100,50000,4,280104,50000,5.0296,0.03609253187179856,0.283843724479072,1,"Dual_Role_Credit_AOP_v1_DASCMOP7_N100_FE50000_run4_seed280104.mat"
"s07_dual_role_credit","Dual-Role-Credit-AOP-v1","DASCMOP7","DAS-CMOP",100,50000,5,280105,50000,4.5585,0.979348041097456,0.009161499061360679,1,"Dual_Role_Credit_AOP_v1_DASCMOP7_N100_FE50000_run5_seed280105.mat"
"s07_dual_role_credit","Dual-Role-Credit-AOP-v1","DASCMOP8","DAS-CMOP",100,50000,1,280201,50000,4.678,0.3229291750432047,0.05249487923734897,1,"Dual_Role_Credit_AOP_v1_DASCMOP8_N100_FE50000_run1_seed280201.mat"
"s07_dual_role_credit","Dual-Role-Credit-AOP-v1","DASCMOP8","DAS-CMOP",100,50000,2,280202,50000,4.2289,0.5514651420419036,0.008399198957435489,1,"Dual_Role_Credit_AOP_v1_DASCMOP8_N100_FE50000_run2_seed280202.mat"
"s07_dual_role_credit","Dual-Role-Credit-AOP-v1","DASCMOP8","DAS-CMOP",100,50000,3,280203,50000,4.4359,0.5724142237179294,0.005021867498500722,1,"Dual_Role_Credit_AOP_v1_DASCMOP8_N100_FE50000_run3_seed280203.mat"
"s07_dual_role_credit","Dual-Role-Credit-AOP-v1","DASCMOP8","DAS-CMOP",100,50000,4,280204,50000,4.1919,0.3343647562882917,0.05127831483768016,1,"Dual_Role_Credit_AOP_v1_DASCMOP8_N100_FE50000_run4_seed280204.mat"
"s07_dual_role_credit","Dual-Role-Credit-AOP-v1","DASCMOP8","DAS-CMOP",100,50000,5,280205,50000,4.2397,0.4676507420624329,0.03579278239111535,1,"Dual_Role_Credit_AOP_v1_DASCMOP8_N100_FE50000_run5_seed280205.mat"
"s07_dual_role_credit","Dual-Role-Credit-AOP-v1","DASCMOP9","DAS-CMOP",100,50000,1,280301,50000,4.8624,0.04613770583087153,0.2039300302807155,1,"Dual_Role_Credit_AOP_v1_DASCMOP9_N100_FE50000_run1_seed280301.mat"
"s07_dual_role_credit","Dual-Role-Credit-AOP-v1","DASCMOP9","DAS-CMOP",100,50000,2,280302,50000,5.0408,0.0647167473812926,0.2025439382584548,1,"Dual_Role_Credit_AOP_v1_DASCMOP9_N100_FE50000_run2_seed280302.mat"
"s07_dual_role_credit","Dual-Role-Credit-AOP-v1","DASCMOP9","DAS-CMOP",100,50000,3,280303,50000,4.6215,0.05583209646282594,0.201869224410942,1,"Dual_Role_Credit_AOP_v1_DASCMOP9_N100_FE50000_run3_seed280303.mat"
"s07_dual_role_credit","Dual-Role-Credit-AOP-v1","DASCMOP9","DAS-CMOP",100,50000,4,280304,50000,4.6393,0.04554012548187037,0.203685744485032,1,"Dual_Role_Credit_AOP_v1_DASCMOP9_N100_FE50000_run4_seed280304.mat"
"s07_dual_role_credit","Dual-Role-Credit-AOP-v1","DASCMOP9","DAS-CMOP",100,50000,5,280305,50000,4.5043,0.05041283172092285,0.2047941093154491,1,"Dual_Role_Credit_AOP_v1_DASCMOP9_N100_FE50000_run5_seed280305.mat"
"s07_dual_role_credit","Dual-Role-Credit-AOP-v1","LIRCMOP10","LIR-CMOP",100,50000,1,279001,50000,7.4657,0.2493738622451348,0.571551674956342,1,"Dual_Role_Credit_AOP_v1_LIRCMOP10_N100_FE50000_run1_seed279001.mat"
"s07_dual_role_credit","Dual-Role-Credit-AOP-v1","LIRCMOP10","LIR-CMOP",100,50000,2,279002,50000,8.3614,0.2217250930076205,0.5945030039928091,1,"Dual_Role_Credit_AOP_v1_LIRCMOP10_N100_FE50000_run2_seed279002.mat"
"s07_dual_role_credit","Dual-Role-Credit-AOP-v1","LIRCMOP10","LIR-CMOP",100,50000,3,279003,50000,7.7689,0.2257661985955208,0.5897752197174406,1,"Dual_Role_Credit_AOP_v1_LIRCMOP10_N100_FE50000_run3_seed279003.mat"
"s07_dual_role_credit","Dual-Role-Credit-AOP-v1","LIRCMOP10","LIR-CMOP",100,50000,4,279004,50000,7.9778,0.2273876616249667,0.5976147607287099,1,"Dual_Role_Credit_AOP_v1_LIRCMOP10_N100_FE50000_run4_seed279004.mat"
"s07_dual_role_credit","Dual-Role-Credit-AOP-v1","LIRCMOP10","LIR-CMOP",100,50000,5,279005,50000,8.9699,0.2295553913312073,0.5919629324722717,1,"Dual_Role_Credit_AOP_v1_LIRCMOP10_N100_FE50000_run5_seed279005.mat"
"s07_dual_role_credit","Dual-Role-Credit-AOP-v1","LIRCMOP11","LIR-CMOP",100,50000,1,279101,50000,7.4151,0.1430306205511131,0.6011163074253134,1,"Dual_Role_Credit_AOP_v1_LIRCMOP11_N100_FE50000_run1_seed279101.mat"
"s07_dual_role_credit","Dual-Role-Credit-AOP-v1","LIRCMOP11","LIR-CMOP",100,50000,2,279102,50000,6.5926,0.1448070010741313,0.5998594050612048,1,"Dual_Role_Credit_AOP_v1_LIRCMOP11_N100_FE50000_run2_seed279102.mat"
"s07_dual_role_credit","Dual-Role-Credit-AOP-v1","LIRCMOP11","LIR-CMOP",100,50000,3,279103,50000,7.674,0.07611686256606409,0.6564615808934019,1,"Dual_Role_Credit_AOP_v1_LIRCMOP11_N100_FE50000_run3_seed279103.mat"
"s07_dual_role_credit","Dual-Role-Credit-AOP-v1","LIRCMOP11","LIR-CMOP",100,50000,4,279104,50000,6.7369,0.07856886233512006,0.6526063156266656,1,"Dual_Role_Credit_AOP_v1_LIRCMOP11_N100_FE50000_run4_seed279104.mat"
"s07_dual_role_credit","Dual-Role-Credit-AOP-v1","LIRCMOP11","LIR-CMOP",100,50000,5,279105,50000,7.1197,0.1438742492933931,0.6012152957454734,1,"Dual_Role_Credit_AOP_v1_LIRCMOP11_N100_FE50000_run5_seed279105.mat"
"s07_dual_role_credit","Dual-Role-Credit-AOP-v1","LIRCMOP12","LIR-CMOP",100,50000,1,279201,50000,5.5565,0.195216738399065,0.5027714177088192,1,"Dual_Role_Credit_AOP_v1_LIRCMOP12_N100_FE50000_run1_seed279201.mat"
"s07_dual_role_credit","Dual-Role-Credit-AOP-v1","LIRCMOP12","LIR-CMOP",100,50000,2,279202,50000,5.7609,0.2773320536541885,0.4754626656655724,1,"Dual_Role_Credit_AOP_v1_LIRCMOP12_N100_FE50000_run2_seed279202.mat"
"s07_dual_role_credit","Dual-Role-Credit-AOP-v1","LIRCMOP12","LIR-CMOP",100,50000,3,279203,50000,5.4914,0.1694517368460949,0.5260383093466012,1,"Dual_Role_Credit_AOP_v1_LIRCMOP12_N100_FE50000_run3_seed279203.mat"
"s07_dual_role_credit","Dual-Role-Credit-AOP-v1","LIRCMOP12","LIR-CMOP",100,50000,4,279204,50000,7.136,0.1573713510240806,0.5372322256684956,1,"Dual_Role_Credit_AOP_v1_LIRCMOP12_N100_FE50000_run4_seed279204.mat"
"s07_dual_role_credit","Dual-Role-Credit-AOP-v1","LIRCMOP12","LIR-CMOP",100,50000,5,279205,50000,6.9818,0.1598580474261261,0.5335755925198865,1,"Dual_Role_Credit_AOP_v1_LIRCMOP12_N100_FE50000_run5_seed279205.mat"
"s07_dual_role_credit","Dual-Role-Credit-AOP-v1","LIRCMOP13","LIR-CMOP",100,50000,1,279301,50000,11.7094,0.1006999557460435,0.5393598544095178,1,"Dual_Role_Credit_AOP_v1_LIRCMOP13_N100_FE50000_run1_seed279301.mat"
"s07_dual_role_credit","Dual-Role-Credit-AOP-v1","LIRCMOP13","LIR-CMOP",100,50000,2,279302,50000,11.6421,0.09977658594381354,0.539668837868124,1,"Dual_Role_Credit_AOP_v1_LIRCMOP13_N100_FE50000_run2_seed279302.mat"
"s07_dual_role_credit","Dual-Role-Credit-AOP-v1","LIRCMOP13","LIR-CMOP",100,50000,3,279303,50000,12.2176,0.09689236422043013,0.5429992213937476,1,"Dual_Role_Credit_AOP_v1_LIRCMOP13_N100_FE50000_run3_seed279303.mat"
"s07_dual_role_credit","Dual-Role-Credit-AOP-v1","LIRCMOP13","LIR-CMOP",100,50000,4,279304,50000,11.0095,0.09826426886215772,0.5437816620114233,1,"Dual_Role_Credit_AOP_v1_LIRCMOP13_N100_FE50000_run4_seed279304.mat"
"s07_dual_role_credit","Dual-Role-Credit-AOP-v1","LIRCMOP13","LIR-CMOP",100,50000,5,279305,50000,11.7744,0.09839510142358418,0.5417142477359884,1,"Dual_Role_Credit_AOP_v1_LIRCMOP13_N100_FE50000_run5_seed279305.mat"
"s07_dual_role_credit","Dual-Role-Credit-AOP-v1","LIRCMOP14","LIR-CMOP",100,50000,1,279401,50000,10.4,0.09633050596293725,0.5518286066379738,1,"Dual_Role_Credit_AOP_v1_LIRCMOP14_N100_FE50000_run1_seed279401.mat"
"s07_dual_role_credit","Dual-Role-Credit-AOP-v1","LIRCMOP14","LIR-CMOP",100,50000,2,279402,50000,9.9762,0.09633927404935519,0.5476629593638529,1,"Dual_Role_Credit_AOP_v1_LIRCMOP14_N100_FE50000_run2_seed279402.mat"
"s07_dual_role_credit","Dual-Role-Credit-AOP-v1","LIRCMOP14","LIR-CMOP",100,50000,3,279403,50000,9.8775,0.09842158564496298,0.5501425524288746,1,"Dual_Role_Credit_AOP_v1_LIRCMOP14_N100_FE50000_run3_seed279403.mat"
"s07_dual_role_credit","Dual-Role-Credit-AOP-v1","LIRCMOP14","LIR-CMOP",100,50000,4,279404,50000,10.2341,0.09593317329588422,0.5510562227930303,1,"Dual_Role_Credit_AOP_v1_LIRCMOP14_N100_FE50000_run4_seed279404.mat"
"s07_dual_role_credit","Dual-Role-Credit-AOP-v1","LIRCMOP14","LIR-CMOP",100,50000,5,279405,50000,10.0364,0.09634063340517598,0.5507326884858714,1,"Dual_Role_Credit_AOP_v1_LIRCMOP14_N100_FE50000_run5_seed279405.mat"
"s07_dual_role_credit","Dual-Role-Credit-AOP-v1","LIRCMOP1","LIR-CMOP",100,50000,1,278101,50000,4.6957,0.3063206230562211,0.1192999389391472,1,"Dual_Role_Credit_AOP_v1_LIRCMOP1_N100_FE50000_run1_seed278101.mat"
"s07_dual_role_credit","Dual-Role-Credit-AOP-v1","LIRCMOP1","LIR-CMOP",100,50000,2,278102,50000,5.2081,0.2902220818009058,0.1095165743717455,1,"Dual_Role_Credit_AOP_v1_LIRCMOP1_N100_FE50000_run2_seed278102.mat"
"s07_dual_role_credit","Dual-Role-Credit-AOP-v1","LIRCMOP1","LIR-CMOP",100,50000,3,278103,50000,4.3844,0.2766497767952535,0.1179752871755082,1,"Dual_Role_Credit_AOP_v1_LIRCMOP1_N100_FE50000_run3_seed278103.mat"
"s07_dual_role_credit","Dual-Role-Credit-AOP-v1","LIRCMOP1","LIR-CMOP",100,50000,4,278104,50000,4.721,0.241175326494018,0.1365099414197446,1,"Dual_Role_Credit_AOP_v1_LIRCMOP1_N100_FE50000_run4_seed278104.mat"
"s07_dual_role_credit","Dual-Role-Credit-AOP-v1","LIRCMOP1","LIR-CMOP",100,50000,5,278105,50000,4.2411,0.2642530562207964,0.126359468680022,1,"Dual_Role_Credit_AOP_v1_LIRCMOP1_N100_FE50000_run5_seed278105.mat"
"s07_dual_role_credit","Dual-Role-Credit-AOP-v1","LIRCMOP2","LIR-CMOP",100,50000,1,278201,50000,4.7019,0.1497425535612171,0.293809841323141,1,"Dual_Role_Credit_AOP_v1_LIRCMOP2_N100_FE50000_run1_seed278201.mat"
"s07_dual_role_credit","Dual-Role-Credit-AOP-v1","LIRCMOP2","LIR-CMOP",100,50000,2,278202,50000,5.0485,0.1680728187398536,0.2873683833181193,1,"Dual_Role_Credit_AOP_v1_LIRCMOP2_N100_FE50000_run2_seed278202.mat"
"s07_dual_role_credit","Dual-Role-Credit-AOP-v1","LIRCMOP2","LIR-CMOP",100,50000,3,278203,50000,4.8421,0.1705661272441876,0.2826932237256548,1,"Dual_Role_Credit_AOP_v1_LIRCMOP2_N100_FE50000_run3_seed278203.mat"
"s07_dual_role_credit","Dual-Role-Credit-AOP-v1","LIRCMOP2","LIR-CMOP",100,50000,4,278204,50000,4.4506,0.2342028575452545,0.2265492779782094,1,"Dual_Role_Credit_AOP_v1_LIRCMOP2_N100_FE50000_run4_seed278204.mat"
"s07_dual_role_credit","Dual-Role-Credit-AOP-v1","LIRCMOP2","LIR-CMOP",100,50000,5,278205,50000,4.9494,0.1876268161260139,0.2796171135612623,1,"Dual_Role_Credit_AOP_v1_LIRCMOP2_N100_FE50000_run5_seed278205.mat"
"s07_dual_role_credit","Dual-Role-Credit-AOP-v1","LIRCMOP3","LIR-CMOP",100,50000,1,278301,50000,4.6924,0.2381701751472904,0.1211674607360009,1,"Dual_Role_Credit_AOP_v1_LIRCMOP3_N100_FE50000_run1_seed278301.mat"
"s07_dual_role_credit","Dual-Role-Credit-AOP-v1","LIRCMOP3","LIR-CMOP",100,50000,2,278302,50000,4.9514,0.2675013411927507,0.1087020219323898,1,"Dual_Role_Credit_AOP_v1_LIRCMOP3_N100_FE50000_run2_seed278302.mat"
"s07_dual_role_credit","Dual-Role-Credit-AOP-v1","LIRCMOP3","LIR-CMOP",100,50000,3,278303,50000,5.0022,0.1776184958118875,0.1435098108138831,1,"Dual_Role_Credit_AOP_v1_LIRCMOP3_N100_FE50000_run3_seed278303.mat"
"s07_dual_role_credit","Dual-Role-Credit-AOP-v1","LIRCMOP3","LIR-CMOP",100,50000,4,278304,50000,4.9752,0.279353838982462,0.1142159827205234,1,"Dual_Role_Credit_AOP_v1_LIRCMOP3_N100_FE50000_run4_seed278304.mat"
"s07_dual_role_credit","Dual-Role-Credit-AOP-v1","LIRCMOP3","LIR-CMOP",100,50000,5,278305,50000,4.7727,0.2799442123959513,0.1134259056395195,1,"Dual_Role_Credit_AOP_v1_LIRCMOP3_N100_FE50000_run5_seed278305.mat"
"s07_dual_role_credit","Dual-Role-Credit-AOP-v1","LIRCMOP4","LIR-CMOP",100,50000,1,278401,50000,5.6135,0.2135807791233844,0.2198639080318957,1,"Dual_Role_Credit_AOP_v1_LIRCMOP4_N100_FE50000_run1_seed278401.mat"
"s07_dual_role_credit","Dual-Role-Credit-AOP-v1","LIRCMOP4","LIR-CMOP",100,50000,2,278402,50000,4.547,0.212555112651297,0.2312796931635764,1,"Dual_Role_Credit_AOP_v1_LIRCMOP4_N100_FE50000_run2_seed278402.mat"
"s07_dual_role_credit","Dual-Role-Credit-AOP-v1","LIRCMOP4","LIR-CMOP",100,50000,3,278403,50000,4.8406,0.3138452679673706,0.1794030842929368,1,"Dual_Role_Credit_AOP_v1_LIRCMOP4_N100_FE50000_run3_seed278403.mat"
"s07_dual_role_credit","Dual-Role-Credit-AOP-v1","LIRCMOP4","LIR-CMOP",100,50000,4,278404,50000,4.48,0.3068421852952596,0.1838502792987692,1,"Dual_Role_Credit_AOP_v1_LIRCMOP4_N100_FE50000_run4_seed278404.mat"
"s07_dual_role_credit","Dual-Role-Credit-AOP-v1","LIRCMOP4","LIR-CMOP",100,50000,5,278405,50000,4.9832,0.2504961254183936,0.209470037456313,1,"Dual_Role_Credit_AOP_v1_LIRCMOP4_N100_FE50000_run5_seed278405.mat"
"s07_dual_role_credit","Dual-Role-Credit-AOP-v1","LIRCMOP5","LIR-CMOP",100,50000,1,278501,50000,4.8738,0.2234664390368152,0.1721460776206097,1,"Dual_Role_Credit_AOP_v1_LIRCMOP5_N100_FE50000_run1_seed278501.mat"
"s07_dual_role_credit","Dual-Role-Credit-AOP-v1","LIRCMOP5","LIR-CMOP",100,50000,2,278502,50000,4.7903,0.7134947922578607,0.0723854747361766,1,"Dual_Role_Credit_AOP_v1_LIRCMOP5_N100_FE50000_run2_seed278502.mat"
"s07_dual_role_credit","Dual-Role-Credit-AOP-v1","LIRCMOP5","LIR-CMOP",100,50000,3,278503,50000,4.8383,0.2992824242655772,0.160774227789561,1,"Dual_Role_Credit_AOP_v1_LIRCMOP5_N100_FE50000_run3_seed278503.mat"
"s07_dual_role_credit","Dual-Role-Credit-AOP-v1","LIRCMOP5","LIR-CMOP",100,50000,4,278504,50000,4.7545,0.1560901989361848,0.1988703707078898,1,"Dual_Role_Credit_AOP_v1_LIRCMOP5_N100_FE50000_run4_seed278504.mat"
"s07_dual_role_credit","Dual-Role-Credit-AOP-v1","LIRCMOP5","LIR-CMOP",100,50000,5,278505,50000,5.346,0.144176364594075,0.2064303308111671,1,"Dual_Role_Credit_AOP_v1_LIRCMOP5_N100_FE50000_run5_seed278505.mat"
"s07_dual_role_credit","Dual-Role-Credit-AOP-v1","LIRCMOP6","LIR-CMOP",100,50000,1,278601,50000,4.8202,0.3430509404789144,0.1232926119121159,1,"Dual_Role_Credit_AOP_v1_LIRCMOP6_N100_FE50000_run1_seed278601.mat"
"s07_dual_role_credit","Dual-Role-Credit-AOP-v1","LIRCMOP6","LIR-CMOP",100,50000,2,278602,50000,4.8794,0.1403919045910208,0.1596877312830932,1,"Dual_Role_Credit_AOP_v1_LIRCMOP6_N100_FE50000_run2_seed278602.mat"
"s07_dual_role_credit","Dual-Role-Credit-AOP-v1","LIRCMOP6","LIR-CMOP",100,50000,3,278603,50000,5.5185,0.2489204080571415,0.1412282926190613,1,"Dual_Role_Credit_AOP_v1_LIRCMOP6_N100_FE50000_run3_seed278603.mat"
"s07_dual_role_credit","Dual-Role-Credit-AOP-v1","LIRCMOP6","LIR-CMOP",100,50000,4,278604,50000,5.0638,0.1693869404725437,0.1476879658595049,1,"Dual_Role_Credit_AOP_v1_LIRCMOP6_N100_FE50000_run4_seed278604.mat"
"s07_dual_role_credit","Dual-Role-Credit-AOP-v1","LIRCMOP6","LIR-CMOP",100,50000,5,278605,50000,5.423,0.2468058586441814,0.1402391307298099,1,"Dual_Role_Credit_AOP_v1_LIRCMOP6_N100_FE50000_run5_seed278605.mat"
"s07_dual_role_credit","Dual-Role-Credit-AOP-v1","LIRCMOP7","LIR-CMOP",100,50000,1,278701,50000,4.2936,0.09861431638738054,0.2543201882148104,1,"Dual_Role_Credit_AOP_v1_LIRCMOP7_N100_FE50000_run1_seed278701.mat"
"s07_dual_role_credit","Dual-Role-Credit-AOP-v1","LIRCMOP7","LIR-CMOP",100,50000,2,278702,50000,4.2432,0.01257756574936121,0.2909939963008743,1,"Dual_Role_Credit_AOP_v1_LIRCMOP7_N100_FE50000_run2_seed278702.mat"
"s07_dual_role_credit","Dual-Role-Credit-AOP-v1","LIRCMOP7","LIR-CMOP",100,50000,3,278703,50000,4.3895,0.02618461283633383,0.2852620676010136,1,"Dual_Role_Credit_AOP_v1_LIRCMOP7_N100_FE50000_run3_seed278703.mat"
"s07_dual_role_credit","Dual-Role-Credit-AOP-v1","LIRCMOP7","LIR-CMOP",100,50000,4,278704,50000,4.4475,0.09332657916082,0.2553968844314973,1,"Dual_Role_Credit_AOP_v1_LIRCMOP7_N100_FE50000_run4_seed278704.mat"
"s07_dual_role_credit","Dual-Role-Credit-AOP-v1","LIRCMOP7","LIR-CMOP",100,50000,5,278705,50000,4.4897,0.1006126264491444,0.2536413865888152,1,"Dual_Role_Credit_AOP_v1_LIRCMOP7_N100_FE50000_run5_seed278705.mat"
"s07_dual_role_credit","Dual-Role-Credit-AOP-v1","LIRCMOP8","LIR-CMOP",100,50000,1,278801,50000,4.1003,0.08819282273560478,0.2579005448626023,1,"Dual_Role_Credit_AOP_v1_LIRCMOP8_N100_FE50000_run1_seed278801.mat"
"s07_dual_role_credit","Dual-Role-Credit-AOP-v1","LIRCMOP8","LIR-CMOP",100,50000,2,278802,50000,4.5806,0.08446702042872621,0.2592553797710548,1,"Dual_Role_Credit_AOP_v1_LIRCMOP8_N100_FE50000_run2_seed278802.mat"
"s07_dual_role_credit","Dual-Role-Credit-AOP-v1","LIRCMOP8","LIR-CMOP",100,50000,3,278803,50000,4.5486,0.009801163960365865,0.293019988232718,1,"Dual_Role_Credit_AOP_v1_LIRCMOP8_N100_FE50000_run3_seed278803.mat"
"s07_dual_role_credit","Dual-Role-Credit-AOP-v1","LIRCMOP8","LIR-CMOP",100,50000,4,278804,50000,4.8474,0.01050122005014156,0.2924618676714343,1,"Dual_Role_Credit_AOP_v1_LIRCMOP8_N100_FE50000_run4_seed278804.mat"
"s07_dual_role_credit","Dual-Role-Credit-AOP-v1","LIRCMOP8","LIR-CMOP",100,50000,5,278805,50000,4.2928,0.01006283709788686,0.2924753487833397,1,"Dual_Role_Credit_AOP_v1_LIRCMOP8_N100_FE50000_run5_seed278805.mat"
"s07_dual_role_credit","Dual-Role-Credit-AOP-v1","LIRCMOP9","LIR-CMOP",100,50000,1,278901,50000,7.214,0.5069716857676284,0.3574390085562102,1,"Dual_Role_Credit_AOP_v1_LIRCMOP9_N100_FE50000_run1_seed278901.mat"
"s07_dual_role_credit","Dual-Role-Credit-AOP-v1","LIRCMOP9","LIR-CMOP",100,50000,2,278902,50000,7.3378,0.507478646118089,0.3559728498101835,1,"Dual_Role_Credit_AOP_v1_LIRCMOP9_N100_FE50000_run2_seed278902.mat"
"s07_dual_role_credit","Dual-Role-Credit-AOP-v1","LIRCMOP9","LIR-CMOP",100,50000,3,278903,50000,6.2649,0.3882412825166064,0.4071284210326809,1,"Dual_Role_Credit_AOP_v1_LIRCMOP9_N100_FE50000_run3_seed278903.mat"
"s07_dual_role_credit","Dual-Role-Credit-AOP-v1","LIRCMOP9","LIR-CMOP",100,50000,4,278904,50000,7.1211,0.506239629667125,0.3583506580555041,1,"Dual_Role_Credit_AOP_v1_LIRCMOP9_N100_FE50000_run4_seed278904.mat"
"s07_dual_role_credit","Dual-Role-Credit-AOP-v1","LIRCMOP9","LIR-CMOP",100,50000,5,278905,50000,7.2796,0.5261695675764209,0.3231979834356358,1,"Dual_Role_Credit_AOP_v1_LIRCMOP9_N100_FE50000_run5_seed278905.mat"
"s07_dual_role_credit","Dual-Role-Credit-AOP-v2","CF10","CF",100,50000,1,288001,50000,9.8728,0.4459938712357548,0.1198722523673193,1,"Dual_Role_Credit_AOP_v2_CF10_N100_FE50000_run1_seed288001.mat"
"s07_dual_role_credit","Dual-Role-Credit-AOP-v2","CF10","CF",100,50000,2,288002,50000,9.8047,0.4039368831200388,0.1311685571301769,1,"Dual_Role_Credit_AOP_v2_CF10_N100_FE50000_run2_seed288002.mat"
"s07_dual_role_credit","Dual-Role-Credit-AOP-v2","CF10","CF",100,50000,3,288003,50000,10.2351,0.3789975817770799,0.1700053925967721,1,"Dual_Role_Credit_AOP_v2_CF10_N100_FE50000_run3_seed288003.mat"
"s07_dual_role_credit","Dual-Role-Credit-AOP-v2","CF10","CF",100,50000,4,288004,50000,6.3645,0.3774779984315622,0.1159128848128034,1,"Dual_Role_Credit_AOP_v2_CF10_N100_FE50000_run4_seed288004.mat"
"s07_dual_role_credit","Dual-Role-Credit-AOP-v2","CF10","CF",100,50000,5,288005,50000,6.2677,0.214577173671359,0.2427384249541356,1,"Dual_Role_Credit_AOP_v2_CF10_N100_FE50000_run5_seed288005.mat"
"s07_dual_role_credit","Dual-Role-Credit-AOP-v2","CF1","CF",100,50000,1,287101,50000,6.0165,0.005252621929673383,0.5597304291072632,1,"Dual_Role_Credit_AOP_v2_CF1_N100_FE50000_run1_seed287101.mat"
"s07_dual_role_credit","Dual-Role-Credit-AOP-v2","CF1","CF",100,50000,2,287102,50000,6.3673,0.005101088141231134,0.5599057485808981,1,"Dual_Role_Credit_AOP_v2_CF1_N100_FE50000_run2_seed287102.mat"
"s07_dual_role_credit","Dual-Role-Credit-AOP-v2","CF1","CF",100,50000,3,287103,50000,5.9424,0.004106653565554677,0.561091247214203,1,"Dual_Role_Credit_AOP_v2_CF1_N100_FE50000_run3_seed287103.mat"
"s07_dual_role_credit","Dual-Role-Credit-AOP-v2","CF1","CF",100,50000,4,287104,50000,6.176,0.008151319211604049,0.5563031824647652,1,"Dual_Role_Credit_AOP_v2_CF1_N100_FE50000_run4_seed287104.mat"
"s07_dual_role_credit","Dual-Role-Credit-AOP-v2","CF1","CF",100,50000,5,287105,50000,5.9831,0.005433966361263031,0.5594820490802909,1,"Dual_Role_Credit_AOP_v2_CF1_N100_FE50000_run5_seed287105.mat"
"s07_dual_role_credit","Dual-Role-Credit-AOP-v2","CF2","CF",100,50000,1,287201,50000,5.8862,0.03828921028225211,0.6366773264610928,1,"Dual_Role_Credit_AOP_v2_CF2_N100_FE50000_run1_seed287201.mat"
"s07_dual_role_credit","Dual-Role-Credit-AOP-v2","CF2","CF",100,50000,2,287202,50000,5.8298,0.03402665236874897,0.6411057413098452,1,"Dual_Role_Credit_AOP_v2_CF2_N100_FE50000_run2_seed287202.mat"
"s07_dual_role_credit","Dual-Role-Credit-AOP-v2","CF2","CF",100,50000,3,287203,50000,6.3927,0.007660854863107336,0.6711012130786908,1,"Dual_Role_Credit_AOP_v2_CF2_N100_FE50000_run3_seed287203.mat"
"s07_dual_role_credit","Dual-Role-Credit-AOP-v2","CF2","CF",100,50000,4,287204,50000,6.2099,0.00921256260622927,0.6658555207536025,1,"Dual_Role_Credit_AOP_v2_CF2_N100_FE50000_run4_seed287204.mat"
"s07_dual_role_credit","Dual-Role-Credit-AOP-v2","CF2","CF",100,50000,5,287205,50000,6.4212,0.02654648458375925,0.6529209155387039,1,"Dual_Role_Credit_AOP_v2_CF2_N100_FE50000_run5_seed287205.mat"
"s07_dual_role_credit","Dual-Role-Credit-AOP-v2","CF3","CF",100,50000,1,287301,50000,4.9704,0.5804888004100976,0.07240273767650124,1,"Dual_Role_Credit_AOP_v2_CF3_N100_FE50000_run1_seed287301.mat"
"s07_dual_role_credit","Dual-Role-Credit-AOP-v2","CF3","CF",100,50000,2,287302,50000,5.2057,0.09093678832851645,0.2626842563720604,1,"Dual_Role_Credit_AOP_v2_CF3_N100_FE50000_run2_seed287302.mat"
"s07_dual_role_credit","Dual-Role-Credit-AOP-v2","CF3","CF",100,50000,3,287303,50000,5.1633,0.1291439171203946,0.2389288943459188,1,"Dual_Role_Credit_AOP_v2_CF3_N100_FE50000_run3_seed287303.mat"
"s07_dual_role_credit","Dual-Role-Credit-AOP-v2","CF3","CF",100,50000,4,287304,50000,5.781,0.1192289456566354,0.3020947545965664,1,"Dual_Role_Credit_AOP_v2_CF3_N100_FE50000_run4_seed287304.mat"
"s07_dual_role_credit","Dual-Role-Credit-AOP-v2","CF3","CF",100,50000,5,287305,50000,5.6364,0.1024506876423603,0.2393877329554708,1,"Dual_Role_Credit_AOP_v2_CF3_N100_FE50000_run5_seed287305.mat"
"s07_dual_role_credit","Dual-Role-Credit-AOP-v2","CF4","CF",100,50000,1,287401,50000,6.4467,0.0707738120654203,0.4470552802208893,1,"Dual_Role_Credit_AOP_v2_CF4_N100_FE50000_run1_seed287401.mat"
"s07_dual_role_credit","Dual-Role-Credit-AOP-v2","CF4","CF",100,50000,2,287402,50000,5.6919,0.06912928233506738,0.44558026155833,1,"Dual_Role_Credit_AOP_v2_CF4_N100_FE50000_run2_seed287402.mat"
"s07_dual_role_credit","Dual-Role-Credit-AOP-v2","CF4","CF",100,50000,3,287403,50000,5.7668,0.06445494863272273,0.453728603737535,1,"Dual_Role_Credit_AOP_v2_CF4_N100_FE50000_run3_seed287403.mat"
"s07_dual_role_credit","Dual-Role-Credit-AOP-v2","CF4","CF",100,50000,4,287404,50000,5.9257,0.07190702558719617,0.4476977660851919,1,"Dual_Role_Credit_AOP_v2_CF4_N100_FE50000_run4_seed287404.mat"
"s07_dual_role_credit","Dual-Role-Credit-AOP-v2","CF4","CF",100,50000,5,287405,50000,6.1162,0.07821795098276131,0.4400094877947427,1,"Dual_Role_Credit_AOP_v2_CF4_N100_FE50000_run5_seed287405.mat"
"s07_dual_role_credit","Dual-Role-Credit-AOP-v2","CF5","CF",100,50000,1,287501,50000,6.6582,0.1968573068565919,0.3827207371672909,1,"Dual_Role_Credit_AOP_v2_CF5_N100_FE50000_run1_seed287501.mat"
"s07_dual_role_credit","Dual-Role-Credit-AOP-v2","CF5","CF",100,50000,2,287502,50000,6.4842,0.1779188971245583,0.3266583371817547,1,"Dual_Role_Credit_AOP_v2_CF5_N100_FE50000_run2_seed287502.mat"
"s07_dual_role_credit","Dual-Role-Credit-AOP-v2","CF5","CF",100,50000,3,287503,50000,7.3557,0.3879470438481586,0.2413957370705954,1,"Dual_Role_Credit_AOP_v2_CF5_N100_FE50000_run3_seed287503.mat"
"s07_dual_role_credit","Dual-Role-Credit-AOP-v2","CF5","CF",100,50000,4,287504,50000,5.9427,0.08757047345851718,0.4229017965612369,1,"Dual_Role_Credit_AOP_v2_CF5_N100_FE50000_run4_seed287504.mat"
"s07_dual_role_credit","Dual-Role-Credit-AOP-v2","CF5","CF",100,50000,5,287505,50000,7.1141,0.1245437342404013,0.3606471265481647,1,"Dual_Role_Credit_AOP_v2_CF5_N100_FE50000_run5_seed287505.mat"
"s07_dual_role_credit","Dual-Role-Credit-AOP-v2","CF6","CF",100,50000,1,287601,50000,8.0962,0.05056767783733269,0.6572434641664788,1,"Dual_Role_Credit_AOP_v2_CF6_N100_FE50000_run1_seed287601.mat"
"s07_dual_role_credit","Dual-Role-Credit-AOP-v2","CF6","CF",100,50000,2,287602,50000,7.3359,0.03626291282577351,0.6667729571126861,1,"Dual_Role_Credit_AOP_v2_CF6_N100_FE50000_run2_seed287602.mat"
"s07_dual_role_credit","Dual-Role-Credit-AOP-v2","CF6","CF",100,50000,3,287603,50000,8.0999,0.04038589269237464,0.6596129798803104,1,"Dual_Role_Credit_AOP_v2_CF6_N100_FE50000_run3_seed287603.mat"
"s07_dual_role_credit","Dual-Role-Credit-AOP-v2","CF6","CF",100,50000,4,287604,50000,7.8513,0.03906837311762883,0.6543913098365453,1,"Dual_Role_Credit_AOP_v2_CF6_N100_FE50000_run4_seed287604.mat"
"s07_dual_role_credit","Dual-Role-Credit-AOP-v2","CF6","CF",100,50000,5,287605,50000,8.2072,0.04033878423010567,0.6668292281667407,1,"Dual_Role_Credit_AOP_v2_CF6_N100_FE50000_run5_seed287605.mat"
"s07_dual_role_credit","Dual-Role-Credit-AOP-v2","CF7","CF",100,50000,1,287701,50000,7.1977,0.2446464230118805,0.5085010184676079,1,"Dual_Role_Credit_AOP_v2_CF7_N100_FE50000_run1_seed287701.mat"
"s07_dual_role_credit","Dual-Role-Credit-AOP-v2","CF7","CF",100,50000,2,287702,50000,5.5156,0.1101142178040841,0.5567864313813733,1,"Dual_Role_Credit_AOP_v2_CF7_N100_FE50000_run2_seed287702.mat"
"s07_dual_role_credit","Dual-Role-Credit-AOP-v2","CF7","CF",100,50000,3,287703,50000,5.9975,0.1832982540821795,0.537687069378987,1,"Dual_Role_Credit_AOP_v2_CF7_N100_FE50000_run3_seed287703.mat"
"s07_dual_role_credit","Dual-Role-Credit-AOP-v2","CF7","CF",100,50000,4,287704,50000,7.7273,0.7802792006437844,0.1129839773244123,1,"Dual_Role_Credit_AOP_v2_CF7_N100_FE50000_run4_seed287704.mat"
"s07_dual_role_credit","Dual-Role-Credit-AOP-v2","CF7","CF",100,50000,5,287705,50000,6.5871,0.2729322607193346,0.4291157470889617,1,"Dual_Role_Credit_AOP_v2_CF7_N100_FE50000_run5_seed287705.mat"
"s07_dual_role_credit","Dual-Role-Credit-AOP-v2","CF8","CF",100,50000,1,287801,50000,6.0426,0.1628966308431893,0.3583140436457367,1,"Dual_Role_Credit_AOP_v2_CF8_N100_FE50000_run1_seed287801.mat"
"s07_dual_role_credit","Dual-Role-Credit-AOP-v2","CF8","CF",100,50000,2,287802,50000,5.8043,0.1817695721708992,0.3145309222149866,1,"Dual_Role_Credit_AOP_v2_CF8_N100_FE50000_run2_seed287802.mat"
"s07_dual_role_credit","Dual-Role-Credit-AOP-v2","CF8","CF",100,50000,3,287803,50000,5.6606,0.1496268096979121,0.3614053113037116,1,"Dual_Role_Credit_AOP_v2_CF8_N100_FE50000_run3_seed287803.mat"
"s07_dual_role_credit","Dual-Role-Credit-AOP-v2","CF8","CF",100,50000,4,287804,50000,8.768,0.2410168479291619,0.204816329565114,1,"Dual_Role_Credit_AOP_v2_CF8_N100_FE50000_run4_seed287804.mat"
"s07_dual_role_credit","Dual-Role-Credit-AOP-v2","CF8","CF",100,50000,5,287805,50000,5.6412,0.1606324000616593,0.3566701921242989,1,"Dual_Role_Credit_AOP_v2_CF8_N100_FE50000_run5_seed287805.mat"
"s07_dual_role_credit","Dual-Role-Credit-AOP-v2","CF9","CF",100,50000,1,287901,50000,7.1996,0.1001709028805649,0.437014074707784,1,"Dual_Role_Credit_AOP_v2_CF9_N100_FE50000_run1_seed287901.mat"
"s07_dual_role_credit","Dual-Role-Credit-AOP-v2","CF9","CF",100,50000,2,287902,50000,7.7675,0.09239174082009285,0.4316660265963197,1,"Dual_Role_Credit_AOP_v2_CF9_N100_FE50000_run2_seed287902.mat"
"s07_dual_role_credit","Dual-Role-Credit-AOP-v2","CF9","CF",100,50000,3,287903,50000,7.2936,0.08877357984208348,0.4337508684816362,1,"Dual_Role_Credit_AOP_v2_CF9_N100_FE50000_run3_seed287903.mat"
"s07_dual_role_credit","Dual-Role-Credit-AOP-v2","CF9","CF",100,50000,4,287904,50000,7.2106,0.08921704415090119,0.4293206495476981,1,"Dual_Role_Credit_AOP_v2_CF9_N100_FE50000_run4_seed287904.mat"
"s07_dual_role_credit","Dual-Role-Credit-AOP-v2","CF9","CF",100,50000,5,287905,50000,7.412,0.1024460597628065,0.4317287952904765,1,"Dual_Role_Credit_AOP_v2_CF9_N100_FE50000_run5_seed287905.mat"
"s07_dual_role_credit","Dual-Role-Credit-AOP-v2","DASCMOP1","DAS-CMOP",100,50000,1,289501,50000,5.2654,0.006972529676366613,0.2066731676221579,1,"Dual_Role_Credit_AOP_v2_DASCMOP1_N100_FE50000_run1_seed289501.mat"
"s07_dual_role_credit","Dual-Role-Credit-AOP-v2","DASCMOP1","DAS-CMOP",100,50000,2,289502,50000,4.6317,0.01137697137547454,0.2049326413589492,1,"Dual_Role_Credit_AOP_v2_DASCMOP1_N100_FE50000_run2_seed289502.mat"
"s07_dual_role_credit","Dual-Role-Credit-AOP-v2","DASCMOP1","DAS-CMOP",100,50000,3,289503,50000,4.9417,0.01253650657773203,0.2095970211976899,1,"Dual_Role_Credit_AOP_v2_DASCMOP1_N100_FE50000_run3_seed289503.mat"
"s07_dual_role_credit","Dual-Role-Credit-AOP-v2","DASCMOP1","DAS-CMOP",100,50000,4,289504,50000,4.5395,0.009306832488405362,0.2090932448077325,1,"Dual_Role_Credit_AOP_v2_DASCMOP1_N100_FE50000_run4_seed289504.mat"
"s07_dual_role_credit","Dual-Role-Credit-AOP-v2","DASCMOP1","DAS-CMOP",100,50000,5,289505,50000,4.98,0.02366195771351893,0.2062018874889173,1,"Dual_Role_Credit_AOP_v2_DASCMOP1_N100_FE50000_run5_seed289505.mat"
"s07_dual_role_credit","Dual-Role-Credit-AOP-v2","DASCMOP2","DAS-CMOP",100,50000,1,289601,50000,4.105,0.007502695987908202,0.3526832038940926,1,"Dual_Role_Credit_AOP_v2_DASCMOP2_N100_FE50000_run1_seed289601.mat"
"s07_dual_role_credit","Dual-Role-Credit-AOP-v2","DASCMOP2","DAS-CMOP",100,50000,2,289602,50000,4.8408,0.01006158004035715,0.3511690737358701,1,"Dual_Role_Credit_AOP_v2_DASCMOP2_N100_FE50000_run2_seed289602.mat"
"s07_dual_role_credit","Dual-Role-Credit-AOP-v2","DASCMOP2","DAS-CMOP",100,50000,3,289603,50000,4.3203,0.009553628240839482,0.3511007238705895,1,"Dual_Role_Credit_AOP_v2_DASCMOP2_N100_FE50000_run3_seed289603.mat"
"s07_dual_role_credit","Dual-Role-Credit-AOP-v2","DASCMOP2","DAS-CMOP",100,50000,4,289604,50000,4.7562,0.008565584236797041,0.3523871393669886,1,"Dual_Role_Credit_AOP_v2_DASCMOP2_N100_FE50000_run4_seed289604.mat"
"s07_dual_role_credit","Dual-Role-Credit-AOP-v2","DASCMOP2","DAS-CMOP",100,50000,5,289605,50000,4.2844,0.008272419615381174,0.3525811890355647,1,"Dual_Role_Credit_AOP_v2_DASCMOP2_N100_FE50000_run5_seed289605.mat"
"s07_dual_role_credit","Dual-Role-Credit-AOP-v2","DASCMOP3","DAS-CMOP",100,50000,1,289701,50000,4.8681,0.02229113199724769,0.3070413240175925,1,"Dual_Role_Credit_AOP_v2_DASCMOP3_N100_FE50000_run1_seed289701.mat"
"s07_dual_role_credit","Dual-Role-Credit-AOP-v2","DASCMOP3","DAS-CMOP",100,50000,2,289702,50000,4.067,0.04652397829508431,0.2891749263742695,1,"Dual_Role_Credit_AOP_v2_DASCMOP3_N100_FE50000_run2_seed289702.mat"
"s07_dual_role_credit","Dual-Role-Credit-AOP-v2","DASCMOP3","DAS-CMOP",100,50000,3,289703,50000,4.9062,0.02375203208703134,0.3057218908226987,1,"Dual_Role_Credit_AOP_v2_DASCMOP3_N100_FE50000_run3_seed289703.mat"
"s07_dual_role_credit","Dual-Role-Credit-AOP-v2","DASCMOP3","DAS-CMOP",100,50000,4,289704,50000,4.3995,0.02227905902614404,0.3073200153181561,1,"Dual_Role_Credit_AOP_v2_DASCMOP3_N100_FE50000_run4_seed289704.mat"
"s07_dual_role_credit","Dual-Role-Credit-AOP-v2","DASCMOP3","DAS-CMOP",100,50000,5,289705,50000,4.5749,0.03532472226144807,0.294295343603616,1,"Dual_Role_Credit_AOP_v2_DASCMOP3_N100_FE50000_run5_seed289705.mat"
"s07_dual_role_credit","Dual-Role-Credit-AOP-v2","DASCMOP4","DAS-CMOP",100,50000,1,289801,50000,3.9635,0.3721634180375885,0.05169987647461136,1,"Dual_Role_Credit_AOP_v2_DASCMOP4_N100_FE50000_run1_seed289801.mat"
"s07_dual_role_credit","Dual-Role-Credit-AOP-v2","DASCMOP4","DAS-CMOP",100,50000,2,289802,50000,4.056,0.5286464369962648,0.01114120826112063,1,"Dual_Role_Credit_AOP_v2_DASCMOP4_N100_FE50000_run2_seed289802.mat"
"s07_dual_role_credit","Dual-Role-Credit-AOP-v2","DASCMOP4","DAS-CMOP",100,50000,3,289803,50000,3.7709,0.4325199989298035,0.02152164741463187,1,"Dual_Role_Credit_AOP_v2_DASCMOP4_N100_FE50000_run3_seed289803.mat"
"s07_dual_role_credit","Dual-Role-Credit-AOP-v2","DASCMOP4","DAS-CMOP",100,50000,4,289804,50000,4.7189,0.007705463430164411,0.1930687003067761,1,"Dual_Role_Credit_AOP_v2_DASCMOP4_N100_FE50000_run4_seed289804.mat"
"s07_dual_role_credit","Dual-Role-Credit-AOP-v2","DASCMOP4","DAS-CMOP",100,50000,5,289805,50000,4.1085,0.6793639636313331,0.001322120686877575,1,"Dual_Role_Credit_AOP_v2_DASCMOP4_N100_FE50000_run5_seed289805.mat"
"s07_dual_role_credit","Dual-Role-Credit-AOP-v2","DASCMOP5","DAS-CMOP",100,50000,1,289901,50000,4.6708,0.5481950877931197,0.06200286941867938,1,"Dual_Role_Credit_AOP_v2_DASCMOP5_N100_FE50000_run1_seed289901.mat"
"s07_dual_role_credit","Dual-Role-Credit-AOP-v2","DASCMOP5","DAS-CMOP",100,50000,2,289902,50000,4.0793,0.2472255103518959,0.1919569747520317,1,"Dual_Role_Credit_AOP_v2_DASCMOP5_N100_FE50000_run2_seed289902.mat"
"s07_dual_role_credit","Dual-Role-Credit-AOP-v2","DASCMOP5","DAS-CMOP",100,50000,3,289903,50000,4.0554,0.3183099990906012,0.1545305506410386,1,"Dual_Role_Credit_AOP_v2_DASCMOP5_N100_FE50000_run3_seed289903.mat"
"s07_dual_role_credit","Dual-Role-Credit-AOP-v2","DASCMOP5","DAS-CMOP",100,50000,4,289904,50000,3.6415,0.4966577101636515,0.07510357337551389,1,"Dual_Role_Credit_AOP_v2_DASCMOP5_N100_FE50000_run4_seed289904.mat"
"s07_dual_role_credit","Dual-Role-Credit-AOP-v2","DASCMOP5","DAS-CMOP",100,50000,5,289905,50000,4.022,0.512248723616506,0.06887595799633466,1,"Dual_Role_Credit_AOP_v2_DASCMOP5_N100_FE50000_run5_seed289905.mat"
"s07_dual_role_credit","Dual-Role-Credit-AOP-v2","DASCMOP6","DAS-CMOP",100,50000,1,290001,50000,4.0252,0.6020578049965847,0.03782584300072643,1,"Dual_Role_Credit_AOP_v2_DASCMOP6_N100_FE50000_run1_seed290001.mat"
"s07_dual_role_credit","Dual-Role-Credit-AOP-v2","DASCMOP6","DAS-CMOP",100,50000,2,290002,50000,4.0529,0.6114232265513997,0.03699987309860435,1,"Dual_Role_Credit_AOP_v2_DASCMOP6_N100_FE50000_run2_seed290002.mat"
"s07_dual_role_credit","Dual-Role-Credit-AOP-v2","DASCMOP6","DAS-CMOP",100,50000,3,290003,50000,4.0435,0.5495822278763748,0.04766778298859434,1,"Dual_Role_Credit_AOP_v2_DASCMOP6_N100_FE50000_run3_seed290003.mat"
"s07_dual_role_credit","Dual-Role-Credit-AOP-v2","DASCMOP6","DAS-CMOP",100,50000,4,290004,50000,4.1525,0.5376881227180736,0.04856487275663109,1,"Dual_Role_Credit_AOP_v2_DASCMOP6_N100_FE50000_run4_seed290004.mat"
"s07_dual_role_credit","Dual-Role-Credit-AOP-v2","DASCMOP6","DAS-CMOP",100,50000,5,290005,50000,3.397,0.4186675061035349,0.08502625325218768,1,"Dual_Role_Credit_AOP_v2_DASCMOP6_N100_FE50000_run5_seed290005.mat"
"s07_dual_role_credit","Dual-Role-Credit-AOP-v2","DASCMOP7","DAS-CMOP",100,50000,1,290101,50000,4.8161,0.5573795889997468,0.07439905263608343,1,"Dual_Role_Credit_AOP_v2_DASCMOP7_N100_FE50000_run1_seed290101.mat"
"s07_dual_role_credit","Dual-Role-Credit-AOP-v2","DASCMOP7","DAS-CMOP",100,50000,2,290102,50000,4.3484,0.2635192381662008,0.1733135805898901,1,"Dual_Role_Credit_AOP_v2_DASCMOP7_N100_FE50000_run2_seed290102.mat"
"s07_dual_role_credit","Dual-Role-Credit-AOP-v2","DASCMOP7","DAS-CMOP",100,50000,3,290103,50000,5.1378,0.05113365636424747,0.2754220901425025,1,"Dual_Role_Credit_AOP_v2_DASCMOP7_N100_FE50000_run3_seed290103.mat"
"s07_dual_role_credit","Dual-Role-Credit-AOP-v2","DASCMOP7","DAS-CMOP",100,50000,4,290104,50000,4.323,0.3684116969585118,0.1292658739915413,1,"Dual_Role_Credit_AOP_v2_DASCMOP7_N100_FE50000_run4_seed290104.mat"
"s07_dual_role_credit","Dual-Role-Credit-AOP-v2","DASCMOP7","DAS-CMOP",100,50000,5,290105,50000,4.2408,0.1634959541374999,0.2191282442869029,1,"Dual_Role_Credit_AOP_v2_DASCMOP7_N100_FE50000_run5_seed290105.mat"
"s07_dual_role_credit","Dual-Role-Credit-AOP-v2","DASCMOP8","DAS-CMOP",100,50000,1,290201,50000,3.652,0.4859636878547152,0.03154971388667967,1,"Dual_Role_Credit_AOP_v2_DASCMOP8_N100_FE50000_run1_seed290201.mat"
"s07_dual_role_credit","Dual-Role-Credit-AOP-v2","DASCMOP8","DAS-CMOP",100,50000,2,290202,50000,4.5259,0.2042205192220136,0.1068770233112408,1,"Dual_Role_Credit_AOP_v2_DASCMOP8_N100_FE50000_run2_seed290202.mat"
"s07_dual_role_credit","Dual-Role-Credit-AOP-v2","DASCMOP8","DAS-CMOP",100,50000,3,290203,50000,4.7027,0.2590876809795329,0.07737930793620343,1,"Dual_Role_Credit_AOP_v2_DASCMOP8_N100_FE50000_run3_seed290203.mat"
"s07_dual_role_credit","Dual-Role-Credit-AOP-v2","DASCMOP8","DAS-CMOP",100,50000,4,290204,50000,4.7771,0.1441813535546558,0.1423355809478141,1,"Dual_Role_Credit_AOP_v2_DASCMOP8_N100_FE50000_run4_seed290204.mat"
"s07_dual_role_credit","Dual-Role-Credit-AOP-v2","DASCMOP8","DAS-CMOP",100,50000,5,290205,50000,4.4573,0.0462226939593896,0.2033347001501446,1,"Dual_Role_Credit_AOP_v2_DASCMOP8_N100_FE50000_run5_seed290205.mat"
"s07_dual_role_credit","Dual-Role-Credit-AOP-v2","DASCMOP9","DAS-CMOP",100,50000,1,290301,50000,4.449,0.04346395798892278,0.2035683768105629,1,"Dual_Role_Credit_AOP_v2_DASCMOP9_N100_FE50000_run1_seed290301.mat"
"s07_dual_role_credit","Dual-Role-Credit-AOP-v2","DASCMOP9","DAS-CMOP",100,50000,2,290302,50000,3.8637,0.05266209752116041,0.2029167450927008,1,"Dual_Role_Credit_AOP_v2_DASCMOP9_N100_FE50000_run2_seed290302.mat"
"s07_dual_role_credit","Dual-Role-Credit-AOP-v2","DASCMOP9","DAS-CMOP",100,50000,3,290303,50000,4.4381,0.05469797093479704,0.2026796101742028,1,"Dual_Role_Credit_AOP_v2_DASCMOP9_N100_FE50000_run3_seed290303.mat"
"s07_dual_role_credit","Dual-Role-Credit-AOP-v2","DASCMOP9","DAS-CMOP",100,50000,4,290304,50000,4.6816,0.05016543346160632,0.2025643277682091,1,"Dual_Role_Credit_AOP_v2_DASCMOP9_N100_FE50000_run4_seed290304.mat"
"s07_dual_role_credit","Dual-Role-Credit-AOP-v2","DASCMOP9","DAS-CMOP",100,50000,5,290305,50000,4.7485,0.05024438994183199,0.2039469201875481,1,"Dual_Role_Credit_AOP_v2_DASCMOP9_N100_FE50000_run5_seed290305.mat"
"s07_dual_role_credit","Dual-Role-Credit-AOP-v2","LIRCMOP10","LIR-CMOP",100,50000,1,289001,50000,7.5976,0.2397726883028274,0.5864695875520056,1,"Dual_Role_Credit_AOP_v2_LIRCMOP10_N100_FE50000_run1_seed289001.mat"
"s07_dual_role_credit","Dual-Role-Credit-AOP-v2","LIRCMOP10","LIR-CMOP",100,50000,2,289002,50000,7.2516,0.2207582602446323,0.5964929356157538,1,"Dual_Role_Credit_AOP_v2_LIRCMOP10_N100_FE50000_run2_seed289002.mat"
"s07_dual_role_credit","Dual-Role-Credit-AOP-v2","LIRCMOP10","LIR-CMOP",100,50000,3,289003,50000,8.736,0.233679081741066,0.5829144798709748,1,"Dual_Role_Credit_AOP_v2_LIRCMOP10_N100_FE50000_run3_seed289003.mat"
"s07_dual_role_credit","Dual-Role-Credit-AOP-v2","LIRCMOP10","LIR-CMOP",100,50000,4,289004,50000,7.3581,0.2249742686577895,0.5975240986059773,1,"Dual_Role_Credit_AOP_v2_LIRCMOP10_N100_FE50000_run4_seed289004.mat"
"s07_dual_role_credit","Dual-Role-Credit-AOP-v2","LIRCMOP10","LIR-CMOP",100,50000,5,289005,50000,9.607,0.2215567647228983,0.6014166005380097,1,"Dual_Role_Credit_AOP_v2_LIRCMOP10_N100_FE50000_run5_seed289005.mat"
"s07_dual_role_credit","Dual-Role-Credit-AOP-v2","LIRCMOP11","LIR-CMOP",100,50000,1,289101,50000,6.728,0.07632699462837038,0.6565956894703651,1,"Dual_Role_Credit_AOP_v2_LIRCMOP11_N100_FE50000_run1_seed289101.mat"
"s07_dual_role_credit","Dual-Role-Credit-AOP-v2","LIRCMOP11","LIR-CMOP",100,50000,2,289102,50000,6.8788,0.1440000126619,0.6006085641153095,1,"Dual_Role_Credit_AOP_v2_LIRCMOP11_N100_FE50000_run2_seed289102.mat"
"s07_dual_role_credit","Dual-Role-Credit-AOP-v2","LIRCMOP11","LIR-CMOP",100,50000,3,289103,50000,7.3097,0.1444508353291352,0.600751086988201,1,"Dual_Role_Credit_AOP_v2_LIRCMOP11_N100_FE50000_run3_seed289103.mat"
"s07_dual_role_credit","Dual-Role-Credit-AOP-v2","LIRCMOP11","LIR-CMOP",100,50000,4,289104,50000,6.6761,0.0908226205076538,0.6423755387841473,1,"Dual_Role_Credit_AOP_v2_LIRCMOP11_N100_FE50000_run4_seed289104.mat"
"s07_dual_role_credit","Dual-Role-Credit-AOP-v2","LIRCMOP11","LIR-CMOP",100,50000,5,289105,50000,6.8677,0.14347803462103,0.6012464518013978,1,"Dual_Role_Credit_AOP_v2_LIRCMOP11_N100_FE50000_run5_seed289105.mat"
"s07_dual_role_credit","Dual-Role-Credit-AOP-v2","LIRCMOP12","LIR-CMOP",100,50000,1,289201,50000,5.9425,0.17863518198904,0.5170798760912672,1,"Dual_Role_Credit_AOP_v2_LIRCMOP12_N100_FE50000_run1_seed289201.mat"
"s07_dual_role_credit","Dual-Role-Credit-AOP-v2","LIRCMOP12","LIR-CMOP",100,50000,2,289202,50000,5.0379,0.07238074182088766,0.587195301674704,1,"Dual_Role_Credit_AOP_v2_LIRCMOP12_N100_FE50000_run2_seed289202.mat"
"s07_dual_role_credit","Dual-Role-Credit-AOP-v2","LIRCMOP12","LIR-CMOP",100,50000,3,289203,50000,5.2327,0.1563224169660657,0.5398609373736977,1,"Dual_Role_Credit_AOP_v2_LIRCMOP12_N100_FE50000_run3_seed289203.mat"
"s07_dual_role_credit","Dual-Role-Credit-AOP-v2","LIRCMOP12","LIR-CMOP",100,50000,4,289204,50000,4.8283,0.09755772668967871,0.5750504316024925,1,"Dual_Role_Credit_AOP_v2_LIRCMOP12_N100_FE50000_run4_seed289204.mat"
"s07_dual_role_credit","Dual-Role-Credit-AOP-v2","LIRCMOP12","LIR-CMOP",100,50000,5,289205,50000,5.7449,0.3048332600686048,0.4438440652470869,1,"Dual_Role_Credit_AOP_v2_LIRCMOP12_N100_FE50000_run5_seed289205.mat"
"s07_dual_role_credit","Dual-Role-Credit-AOP-v2","LIRCMOP13","LIR-CMOP",100,50000,1,289301,50000,11.3116,0.09819531116230462,0.5410717328597606,1,"Dual_Role_Credit_AOP_v2_LIRCMOP13_N100_FE50000_run1_seed289301.mat"
"s07_dual_role_credit","Dual-Role-Credit-AOP-v2","LIRCMOP13","LIR-CMOP",100,50000,2,289302,50000,11.1726,0.1011369899153188,0.5351493361465923,1,"Dual_Role_Credit_AOP_v2_LIRCMOP13_N100_FE50000_run2_seed289302.mat"
"s07_dual_role_credit","Dual-Role-Credit-AOP-v2","LIRCMOP13","LIR-CMOP",100,50000,3,289303,50000,11.9727,0.1025973666563061,0.5358093125482073,1,"Dual_Role_Credit_AOP_v2_LIRCMOP13_N100_FE50000_run3_seed289303.mat"
"s07_dual_role_credit","Dual-Role-Credit-AOP-v2","LIRCMOP13","LIR-CMOP",100,50000,4,289304,50000,10.4531,0.09919255276740037,0.5412852412112201,1,"Dual_Role_Credit_AOP_v2_LIRCMOP13_N100_FE50000_run4_seed289304.mat"
"s07_dual_role_credit","Dual-Role-Credit-AOP-v2","LIRCMOP13","LIR-CMOP",100,50000,5,289305,50000,11.8743,0.1007598142000207,0.5367110792092459,1,"Dual_Role_Credit_AOP_v2_LIRCMOP13_N100_FE50000_run5_seed289305.mat"
"s07_dual_role_credit","Dual-Role-Credit-AOP-v2","LIRCMOP14","LIR-CMOP",100,50000,1,289401,50000,9.7811,0.09896059639941847,0.5500931606631708,1,"Dual_Role_Credit_AOP_v2_LIRCMOP14_N100_FE50000_run1_seed289401.mat"
"s07_dual_role_credit","Dual-Role-Credit-AOP-v2","LIRCMOP14","LIR-CMOP",100,50000,2,289402,50000,10.1267,0.09677572576397377,0.5507405434456514,1,"Dual_Role_Credit_AOP_v2_LIRCMOP14_N100_FE50000_run2_seed289402.mat"
"s07_dual_role_credit","Dual-Role-Credit-AOP-v2","LIRCMOP14","LIR-CMOP",100,50000,3,289403,50000,9.3862,0.09937264333300506,0.5525621755782575,1,"Dual_Role_Credit_AOP_v2_LIRCMOP14_N100_FE50000_run3_seed289403.mat"
"s07_dual_role_credit","Dual-Role-Credit-AOP-v2","LIRCMOP14","LIR-CMOP",100,50000,4,289404,50000,10.2586,0.09739871196200517,0.5496344892770153,1,"Dual_Role_Credit_AOP_v2_LIRCMOP14_N100_FE50000_run4_seed289404.mat"
"s07_dual_role_credit","Dual-Role-Credit-AOP-v2","LIRCMOP14","LIR-CMOP",100,50000,5,289405,50000,9.6578,0.09732871701580223,0.5513631147676843,1,"Dual_Role_Credit_AOP_v2_LIRCMOP14_N100_FE50000_run5_seed289405.mat"
"s07_dual_role_credit","Dual-Role-Credit-AOP-v2","LIRCMOP1","LIR-CMOP",100,50000,1,288101,50000,4.8575,0.1586319630414653,0.1577705167408805,1,"Dual_Role_Credit_AOP_v2_LIRCMOP1_N100_FE50000_run1_seed288101.mat"
"s07_dual_role_credit","Dual-Role-Credit-AOP-v2","LIRCMOP1","LIR-CMOP",100,50000,2,288102,50000,4.2368,0.2810049567989406,0.1155447312230503,1,"Dual_Role_Credit_AOP_v2_LIRCMOP1_N100_FE50000_run2_seed288102.mat"
"s07_dual_role_credit","Dual-Role-Credit-AOP-v2","LIRCMOP1","LIR-CMOP",100,50000,3,288103,50000,4.6172,0.2466276324724024,0.1296535754339388,1,"Dual_Role_Credit_AOP_v2_LIRCMOP1_N100_FE50000_run3_seed288103.mat"
"s07_dual_role_credit","Dual-Role-Credit-AOP-v2","LIRCMOP1","LIR-CMOP",100,50000,4,288104,50000,4.4048,0.2799458352890029,0.1125750312346074,1,"Dual_Role_Credit_AOP_v2_LIRCMOP1_N100_FE50000_run4_seed288104.mat"
"s07_dual_role_credit","Dual-Role-Credit-AOP-v2","LIRCMOP1","LIR-CMOP",100,50000,5,288105,50000,4.7853,0.2748869018854725,0.1201048725439869,1,"Dual_Role_Credit_AOP_v2_LIRCMOP1_N100_FE50000_run5_seed288105.mat"
"s07_dual_role_credit","Dual-Role-Credit-AOP-v2","LIRCMOP2","LIR-CMOP",100,50000,1,288201,50000,4.4194,0.1503304892376174,0.2791296189020991,1,"Dual_Role_Credit_AOP_v2_LIRCMOP2_N100_FE50000_run1_seed288201.mat"
"s07_dual_role_credit","Dual-Role-Credit-AOP-v2","LIRCMOP2","LIR-CMOP",100,50000,2,288202,50000,4.9604,0.1571682458709565,0.2913855403087546,1,"Dual_Role_Credit_AOP_v2_LIRCMOP2_N100_FE50000_run2_seed288202.mat"
"s07_dual_role_credit","Dual-Role-Credit-AOP-v2","LIRCMOP2","LIR-CMOP",100,50000,3,288203,50000,4.5148,0.2029358212890509,0.2438776757707298,1,"Dual_Role_Credit_AOP_v2_LIRCMOP2_N100_FE50000_run3_seed288203.mat"
"s07_dual_role_credit","Dual-Role-Credit-AOP-v2","LIRCMOP2","LIR-CMOP",100,50000,4,288204,50000,4.5042,0.2215192974831671,0.2589372716730955,1,"Dual_Role_Credit_AOP_v2_LIRCMOP2_N100_FE50000_run4_seed288204.mat"
"s07_dual_role_credit","Dual-Role-Credit-AOP-v2","LIRCMOP2","LIR-CMOP",100,50000,5,288205,50000,4.6989,0.1498276862708875,0.2819586771541476,1,"Dual_Role_Credit_AOP_v2_LIRCMOP2_N100_FE50000_run5_seed288205.mat"
"s07_dual_role_credit","Dual-Role-Credit-AOP-v2","LIRCMOP3","LIR-CMOP",100,50000,1,288301,50000,4.4959,0.2803758747350642,0.1060522016816695,1,"Dual_Role_Credit_AOP_v2_LIRCMOP3_N100_FE50000_run1_seed288301.mat"
"s07_dual_role_credit","Dual-Role-Credit-AOP-v2","LIRCMOP3","LIR-CMOP",100,50000,2,288302,50000,4.7079,0.2794945241138952,0.1148183414679197,1,"Dual_Role_Credit_AOP_v2_LIRCMOP3_N100_FE50000_run2_seed288302.mat"
"s07_dual_role_credit","Dual-Role-Credit-AOP-v2","LIRCMOP3","LIR-CMOP",100,50000,3,288303,50000,5.2093,0.2676567159556705,0.1087652706222951,1,"Dual_Role_Credit_AOP_v2_LIRCMOP3_N100_FE50000_run3_seed288303.mat"
"s07_dual_role_credit","Dual-Role-Credit-AOP-v2","LIRCMOP3","LIR-CMOP",100,50000,4,288304,50000,4.7349,0.2686201765830843,0.1080996266387521,1,"Dual_Role_Credit_AOP_v2_LIRCMOP3_N100_FE50000_run4_seed288304.mat"
"s07_dual_role_credit","Dual-Role-Credit-AOP-v2","LIRCMOP3","LIR-CMOP",100,50000,5,288305,50000,5.0215,0.2138277546015564,0.1267094305912178,1,"Dual_Role_Credit_AOP_v2_LIRCMOP3_N100_FE50000_run5_seed288305.mat"
"s07_dual_role_credit","Dual-Role-Credit-AOP-v2","LIRCMOP4","LIR-CMOP",100,50000,1,288401,50000,4.7806,0.3056082367317765,0.1964298188321216,1,"Dual_Role_Credit_AOP_v2_LIRCMOP4_N100_FE50000_run1_seed288401.mat"
"s07_dual_role_credit","Dual-Role-Credit-AOP-v2","LIRCMOP4","LIR-CMOP",100,50000,2,288402,50000,4.9006,0.2488003337344178,0.2100936093941771,1,"Dual_Role_Credit_AOP_v2_LIRCMOP4_N100_FE50000_run2_seed288402.mat"
"s07_dual_role_credit","Dual-Role-Credit-AOP-v2","LIRCMOP4","LIR-CMOP",100,50000,3,288403,50000,4.9209,0.2658422849058409,0.2166442704176214,1,"Dual_Role_Credit_AOP_v2_LIRCMOP4_N100_FE50000_run3_seed288403.mat"
"s07_dual_role_credit","Dual-Role-Credit-AOP-v2","LIRCMOP4","LIR-CMOP",100,50000,4,288404,50000,4.761,0.2547028897548014,0.2082455277294231,1,"Dual_Role_Credit_AOP_v2_LIRCMOP4_N100_FE50000_run4_seed288404.mat"
"s07_dual_role_credit","Dual-Role-Credit-AOP-v2","LIRCMOP4","LIR-CMOP",100,50000,5,288405,50000,4.643,0.2474942599217771,0.1972312995600901,1,"Dual_Role_Credit_AOP_v2_LIRCMOP4_N100_FE50000_run5_seed288405.mat"
"s07_dual_role_credit","Dual-Role-Credit-AOP-v2","LIRCMOP5","LIR-CMOP",100,50000,1,288501,50000,4.921,0.05287320263160748,0.26731439746201,1,"Dual_Role_Credit_AOP_v2_LIRCMOP5_N100_FE50000_run1_seed288501.mat"
"s07_dual_role_credit","Dual-Role-Credit-AOP-v2","LIRCMOP5","LIR-CMOP",100,50000,2,288502,50000,5.3451,0.1504154047159812,0.2475463810623124,1,"Dual_Role_Credit_AOP_v2_LIRCMOP5_N100_FE50000_run2_seed288502.mat"
"s07_dual_role_credit","Dual-Role-Credit-AOP-v2","LIRCMOP5","LIR-CMOP",100,50000,3,288503,50000,4.7973,0.286542843796961,0.1533658916820715,1,"Dual_Role_Credit_AOP_v2_LIRCMOP5_N100_FE50000_run3_seed288503.mat"
"s07_dual_role_credit","Dual-Role-Credit-AOP-v2","LIRCMOP5","LIR-CMOP",100,50000,4,288504,50000,4.4844,0.5332884493381491,0.1395675346431867,1,"Dual_Role_Credit_AOP_v2_LIRCMOP5_N100_FE50000_run4_seed288504.mat"
"s07_dual_role_credit","Dual-Role-Credit-AOP-v2","LIRCMOP5","LIR-CMOP",100,50000,5,288505,50000,4.885,0.3018622948164202,0.1439676569211,1,"Dual_Role_Credit_AOP_v2_LIRCMOP5_N100_FE50000_run5_seed288505.mat"
"s07_dual_role_credit","Dual-Role-Credit-AOP-v2","LIRCMOP6","LIR-CMOP",100,50000,1,288601,50000,5.5363,0.1916275930993889,0.1514990109351053,1,"Dual_Role_Credit_AOP_v2_LIRCMOP6_N100_FE50000_run1_seed288601.mat"
"s07_dual_role_credit","Dual-Role-Credit-AOP-v2","LIRCMOP6","LIR-CMOP",100,50000,2,288602,50000,5.4139,0.1403298899076894,0.1646596475961951,1,"Dual_Role_Credit_AOP_v2_LIRCMOP6_N100_FE50000_run2_seed288602.mat"
"s07_dual_role_credit","Dual-Role-Credit-AOP-v2","LIRCMOP6","LIR-CMOP",100,50000,3,288603,50000,4.6616,0.1428731837879509,0.1621063073900078,1,"Dual_Role_Credit_AOP_v2_LIRCMOP6_N100_FE50000_run3_seed288603.mat"
"s07_dual_role_credit","Dual-Role-Credit-AOP-v2","LIRCMOP6","LIR-CMOP",100,50000,4,288604,50000,4.8904,0.3115637228266793,0.128069801979219,1,"Dual_Role_Credit_AOP_v2_LIRCMOP6_N100_FE50000_run4_seed288604.mat"
"s07_dual_role_credit","Dual-Role-Credit-AOP-v2","LIRCMOP6","LIR-CMOP",100,50000,5,288605,50000,6.2169,0.2759065263549394,0.1380731921416415,1,"Dual_Role_Credit_AOP_v2_LIRCMOP6_N100_FE50000_run5_seed288605.mat"
"s07_dual_role_credit","Dual-Role-Credit-AOP-v2","LIRCMOP7","LIR-CMOP",100,50000,1,288701,50000,4.5509,0.01030404934536186,0.292445713066568,1,"Dual_Role_Credit_AOP_v2_LIRCMOP7_N100_FE50000_run1_seed288701.mat"
"s07_dual_role_credit","Dual-Role-Credit-AOP-v2","LIRCMOP7","LIR-CMOP",100,50000,2,288702,50000,4.6985,0.02168101642889228,0.2868784242548199,1,"Dual_Role_Credit_AOP_v2_LIRCMOP7_N100_FE50000_run2_seed288702.mat"
"s07_dual_role_credit","Dual-Role-Credit-AOP-v2","LIRCMOP7","LIR-CMOP",100,50000,3,288703,50000,4.287,0.009404806286335369,0.2931006279107511,1,"Dual_Role_Credit_AOP_v2_LIRCMOP7_N100_FE50000_run3_seed288703.mat"
"s07_dual_role_credit","Dual-Role-Credit-AOP-v2","LIRCMOP7","LIR-CMOP",100,50000,4,288704,50000,4.5441,0.05058133543337304,0.2708035458395797,1,"Dual_Role_Credit_AOP_v2_LIRCMOP7_N100_FE50000_run4_seed288704.mat"
"s07_dual_role_credit","Dual-Role-Credit-AOP-v2","LIRCMOP7","LIR-CMOP",100,50000,5,288705,50000,4.3399,0.1359849060026208,0.2455385679174411,1,"Dual_Role_Credit_AOP_v2_LIRCMOP7_N100_FE50000_run5_seed288705.mat"
"s07_dual_role_credit","Dual-Role-Credit-AOP-v2","LIRCMOP8","LIR-CMOP",100,50000,1,288801,50000,4.7901,0.01047027798540831,0.2924909335421879,1,"Dual_Role_Credit_AOP_v2_LIRCMOP8_N100_FE50000_run1_seed288801.mat"
"s07_dual_role_credit","Dual-Role-Credit-AOP-v2","LIRCMOP8","LIR-CMOP",100,50000,2,288802,50000,4.3351,0.01266633195810631,0.2912690162746938,1,"Dual_Role_Credit_AOP_v2_LIRCMOP8_N100_FE50000_run2_seed288802.mat"
"s07_dual_role_credit","Dual-Role-Credit-AOP-v2","LIRCMOP8","LIR-CMOP",100,50000,3,288803,50000,4.4498,0.0121643485154572,0.2908296162120441,1,"Dual_Role_Credit_AOP_v2_LIRCMOP8_N100_FE50000_run3_seed288803.mat"
"s07_dual_role_credit","Dual-Role-Credit-AOP-v2","LIRCMOP8","LIR-CMOP",100,50000,4,288804,50000,4.1959,0.06747992266934372,0.2647869512388745,1,"Dual_Role_Credit_AOP_v2_LIRCMOP8_N100_FE50000_run4_seed288804.mat"
"s07_dual_role_credit","Dual-Role-Credit-AOP-v2","LIRCMOP8","LIR-CMOP",100,50000,5,288805,50000,4.4181,0.01117650719494773,0.2924424331339579,1,"Dual_Role_Credit_AOP_v2_LIRCMOP8_N100_FE50000_run5_seed288805.mat"
"s07_dual_role_credit","Dual-Role-Credit-AOP-v2","LIRCMOP9","LIR-CMOP",100,50000,1,288901,50000,6.7171,0.427219851492486,0.3811725108840952,1,"Dual_Role_Credit_AOP_v2_LIRCMOP9_N100_FE50000_run1_seed288901.mat"
"s07_dual_role_credit","Dual-Role-Credit-AOP-v2","LIRCMOP9","LIR-CMOP",100,50000,2,288902,50000,7.7732,0.5060601040345633,0.3583595924637203,1,"Dual_Role_Credit_AOP_v2_LIRCMOP9_N100_FE50000_run2_seed288902.mat"
"s07_dual_role_credit","Dual-Role-Credit-AOP-v2","LIRCMOP9","LIR-CMOP",100,50000,3,288903,50000,6.6552,0.5061349324635651,0.3582304335879215,1,"Dual_Role_Credit_AOP_v2_LIRCMOP9_N100_FE50000_run3_seed288903.mat"
"s07_dual_role_credit","Dual-Role-Credit-AOP-v2","LIRCMOP9","LIR-CMOP",100,50000,4,288904,50000,7.3879,0.4229353805623202,0.3870418274518336,1,"Dual_Role_Credit_AOP_v2_LIRCMOP9_N100_FE50000_run4_seed288904.mat"
"s07_dual_role_credit","Dual-Role-Credit-AOP-v2","LIRCMOP9","LIR-CMOP",100,50000,5,288905,50000,6.8282,0.4113233242769203,0.3923656631469349,1,"Dual_Role_Credit_AOP_v2_LIRCMOP9_N100_FE50000_run5_seed288905.mat"
"s07_dual_role_credit","Dual-Role-Credit-AOP-v3","CF10","CF",100,50000,1,298001,50000,10.0167,0.4130869776921033,0.1361278020980246,1,"Dual_Role_Credit_AOP_v3_CF10_N100_FE50000_run1_seed298001.mat"
"s07_dual_role_credit","Dual-Role-Credit-AOP-v3","CF10","CF",100,50000,2,298002,50000,6.0338,0.4114329423513492,0.1498436978801093,1,"Dual_Role_Credit_AOP_v3_CF10_N100_FE50000_run2_seed298002.mat"
"s07_dual_role_credit","Dual-Role-Credit-AOP-v3","CF10","CF",100,50000,3,298003,50000,9.1192,0.3635764014792262,0.1419607682915542,1,"Dual_Role_Credit_AOP_v3_CF10_N100_FE50000_run3_seed298003.mat"
"s07_dual_role_credit","Dual-Role-Credit-AOP-v3","CF10","CF",100,50000,4,298004,50000,8.2162,0.4555509763872609,0.08565061477839478,1,"Dual_Role_Credit_AOP_v3_CF10_N100_FE50000_run4_seed298004.mat"
"s07_dual_role_credit","Dual-Role-Credit-AOP-v3","CF10","CF",100,50000,5,298005,50000,5.8031,0.2285678456639446,0.2203879209522362,1,"Dual_Role_Credit_AOP_v3_CF10_N100_FE50000_run5_seed298005.mat"
"s07_dual_role_credit","Dual-Role-Credit-AOP-v3","CF1","CF",100,50000,1,297101,50000,6.2652,0.005850015096130745,0.5591145633254694,1,"Dual_Role_Credit_AOP_v3_CF1_N100_FE50000_run1_seed297101.mat"
"s07_dual_role_credit","Dual-Role-Credit-AOP-v3","CF1","CF",100,50000,2,297102,50000,6.3733,0.003651527808120683,0.5616555658253097,1,"Dual_Role_Credit_AOP_v3_CF1_N100_FE50000_run2_seed297102.mat"
"s07_dual_role_credit","Dual-Role-Credit-AOP-v3","CF1","CF",100,50000,3,297103,50000,5.3621,0.005454556612443385,0.5595113502868483,1,"Dual_Role_Credit_AOP_v3_CF1_N100_FE50000_run3_seed297103.mat"
"s07_dual_role_credit","Dual-Role-Credit-AOP-v3","CF1","CF",100,50000,4,297104,50000,6.1198,0.004896744316199925,0.5601646692403981,1,"Dual_Role_Credit_AOP_v3_CF1_N100_FE50000_run4_seed297104.mat"
"s07_dual_role_credit","Dual-Role-Credit-AOP-v3","CF1","CF",100,50000,5,297105,50000,5.9749,0.004979981361591433,0.5600820927427157,1,"Dual_Role_Credit_AOP_v3_CF1_N100_FE50000_run5_seed297105.mat"
"s07_dual_role_credit","Dual-Role-Credit-AOP-v3","CF2","CF",100,50000,1,297201,50000,5.7561,0.02108994883848574,0.6578992731018136,1,"Dual_Role_Credit_AOP_v3_CF2_N100_FE50000_run1_seed297201.mat"
"s07_dual_role_credit","Dual-Role-Credit-AOP-v3","CF2","CF",100,50000,2,297202,50000,6.6542,0.03346180334173927,0.6409701194853362,1,"Dual_Role_Credit_AOP_v3_CF2_N100_FE50000_run2_seed297202.mat"
"s07_dual_role_credit","Dual-Role-Credit-AOP-v3","CF2","CF",100,50000,3,297203,50000,6.0394,0.02175683124745073,0.6570240440654761,1,"Dual_Role_Credit_AOP_v3_CF2_N100_FE50000_run3_seed297203.mat"
"s07_dual_role_credit","Dual-Role-Credit-AOP-v3","CF2","CF",100,50000,4,297204,50000,4.9417,0.01630214164561714,0.6473132024937489,1,"Dual_Role_Credit_AOP_v3_CF2_N100_FE50000_run4_seed297204.mat"
"s07_dual_role_credit","Dual-Role-Credit-AOP-v3","CF2","CF",100,50000,5,297205,50000,6.0977,0.03262298485855648,0.6512610391869621,1,"Dual_Role_Credit_AOP_v3_CF2_N100_FE50000_run5_seed297205.mat"
"s07_dual_role_credit","Dual-Role-Credit-AOP-v3","CF3","CF",100,50000,1,297301,50000,5.5731,0.3688787036789284,0.1402564346060751,1,"Dual_Role_Credit_AOP_v3_CF3_N100_FE50000_run1_seed297301.mat"
"s07_dual_role_credit","Dual-Role-Credit-AOP-v3","CF3","CF",100,50000,2,297302,50000,5.4804,0.09815043239615089,0.2598850832507863,1,"Dual_Role_Credit_AOP_v3_CF3_N100_FE50000_run2_seed297302.mat"
"s07_dual_role_credit","Dual-Role-Credit-AOP-v3","CF3","CF",100,50000,3,297303,50000,6.5635,0.1140761412180386,0.2963284245642106,1,"Dual_Role_Credit_AOP_v3_CF3_N100_FE50000_run3_seed297303.mat"
"s07_dual_role_credit","Dual-Role-Credit-AOP-v3","CF3","CF",100,50000,4,297304,50000,5.1325,0.1988896043948271,0.1678044143473273,1,"Dual_Role_Credit_AOP_v3_CF3_N100_FE50000_run4_seed297304.mat"
"s07_dual_role_credit","Dual-Role-Credit-AOP-v3","CF3","CF",100,50000,5,297305,50000,4.2969,0.1806007685548859,0.2300783432020352,1,"Dual_Role_Credit_AOP_v3_CF3_N100_FE50000_run5_seed297305.mat"
"s07_dual_role_credit","Dual-Role-Credit-AOP-v3","CF4","CF",100,50000,1,297401,50000,5.6459,0.05989114591638695,0.4506721608711575,1,"Dual_Role_Credit_AOP_v3_CF4_N100_FE50000_run1_seed297401.mat"
"s07_dual_role_credit","Dual-Role-Credit-AOP-v3","CF4","CF",100,50000,2,297402,50000,6.1209,0.07405289778689604,0.4423869119059486,1,"Dual_Role_Credit_AOP_v3_CF4_N100_FE50000_run2_seed297402.mat"
"s07_dual_role_credit","Dual-Role-Credit-AOP-v3","CF4","CF",100,50000,3,297403,50000,5.7323,0.06769626518739404,0.4468217066458899,1,"Dual_Role_Credit_AOP_v3_CF4_N100_FE50000_run3_seed297403.mat"
"s07_dual_role_credit","Dual-Role-Credit-AOP-v3","CF4","CF",100,50000,4,297404,50000,6.5381,0.05373041250722627,0.4660884195390926,1,"Dual_Role_Credit_AOP_v3_CF4_N100_FE50000_run4_seed297404.mat"
"s07_dual_role_credit","Dual-Role-Credit-AOP-v3","CF4","CF",100,50000,5,297405,50000,5.4927,0.04429345091338355,0.4782988687990223,1,"Dual_Role_Credit_AOP_v3_CF4_N100_FE50000_run5_seed297405.mat"
"s07_dual_role_credit","Dual-Role-Credit-AOP-v3","CF5","CF",100,50000,1,297501,50000,4.2656,0.18603017870119,0.3869281402027589,1,"Dual_Role_Credit_AOP_v3_CF5_N100_FE50000_run1_seed297501.mat"
"s07_dual_role_credit","Dual-Role-Credit-AOP-v3","CF5","CF",100,50000,2,297502,50000,5.7823,0.1151846807060763,0.4051308452512932,1,"Dual_Role_Credit_AOP_v3_CF5_N100_FE50000_run2_seed297502.mat"
"s07_dual_role_credit","Dual-Role-Credit-AOP-v3","CF5","CF",100,50000,3,297503,50000,7.5104,0.08770324201263563,0.4204796144330605,1,"Dual_Role_Credit_AOP_v3_CF5_N100_FE50000_run3_seed297503.mat"
"s07_dual_role_credit","Dual-Role-Credit-AOP-v3","CF5","CF",100,50000,4,297504,50000,6.9349,0.4792589584298975,0.1895505819250996,1,"Dual_Role_Credit_AOP_v3_CF5_N100_FE50000_run4_seed297504.mat"
"s07_dual_role_credit","Dual-Role-Credit-AOP-v3","CF5","CF",100,50000,5,297505,50000,6.8348,0.09289310665564532,0.4200187860871655,1,"Dual_Role_Credit_AOP_v3_CF5_N100_FE50000_run5_seed297505.mat"
"s07_dual_role_credit","Dual-Role-Credit-AOP-v3","CF6","CF",100,50000,1,297601,50000,7.2372,0.03728454545310412,0.6570162240450319,1,"Dual_Role_Credit_AOP_v3_CF6_N100_FE50000_run1_seed297601.mat"
"s07_dual_role_credit","Dual-Role-Credit-AOP-v3","CF6","CF",100,50000,2,297602,50000,5.7409,0.04706317504747239,0.6552777780384708,1,"Dual_Role_Credit_AOP_v3_CF6_N100_FE50000_run2_seed297602.mat"
"s07_dual_role_credit","Dual-Role-Credit-AOP-v3","CF6","CF",100,50000,3,297603,50000,7.3967,0.03352102608296452,0.6631887963656308,1,"Dual_Role_Credit_AOP_v3_CF6_N100_FE50000_run3_seed297603.mat"
"s07_dual_role_credit","Dual-Role-Credit-AOP-v3","CF6","CF",100,50000,4,297604,50000,8.1218,0.03947621123799767,0.6615539048652478,1,"Dual_Role_Credit_AOP_v3_CF6_N100_FE50000_run4_seed297604.mat"
"s07_dual_role_credit","Dual-Role-Credit-AOP-v3","CF6","CF",100,50000,5,297605,50000,6.9377,0.0371528081132403,0.6645143403660582,1,"Dual_Role_Credit_AOP_v3_CF6_N100_FE50000_run5_seed297605.mat"
"s07_dual_role_credit","Dual-Role-Credit-AOP-v3","CF7","CF",100,50000,1,297701,50000,6.6141,0.1169016425060817,0.5585623356684265,1,"Dual_Role_Credit_AOP_v3_CF7_N100_FE50000_run1_seed297701.mat"
"s07_dual_role_credit","Dual-Role-Credit-AOP-v3","CF7","CF",100,50000,2,297702,50000,6.6204,0.2549645719885287,0.4277192451597323,1,"Dual_Role_Credit_AOP_v3_CF7_N100_FE50000_run2_seed297702.mat"
"s07_dual_role_credit","Dual-Role-Credit-AOP-v3","CF7","CF",100,50000,3,297703,50000,4.7049,0.1464874053756867,0.5541440416472525,1,"Dual_Role_Credit_AOP_v3_CF7_N100_FE50000_run3_seed297703.mat"
"s07_dual_role_credit","Dual-Role-Credit-AOP-v3","CF7","CF",100,50000,4,297704,50000,6.6306,0.318250736586812,0.379277279575669,1,"Dual_Role_Credit_AOP_v3_CF7_N100_FE50000_run4_seed297704.mat"
"s07_dual_role_credit","Dual-Role-Credit-AOP-v3","CF7","CF",100,50000,5,297705,50000,6.8789,0.09937435613902423,0.5727166522062989,1,"Dual_Role_Credit_AOP_v3_CF7_N100_FE50000_run5_seed297705.mat"
"s07_dual_role_credit","Dual-Role-Credit-AOP-v3","CF8","CF",100,50000,1,297801,50000,6.1352,0.1880183318623822,0.331970393377854,1,"Dual_Role_Credit_AOP_v3_CF8_N100_FE50000_run1_seed297801.mat"
"s07_dual_role_credit","Dual-Role-Credit-AOP-v3","CF8","CF",100,50000,2,297802,50000,5.707,0.1601947657854026,0.3404174143005415,1,"Dual_Role_Credit_AOP_v3_CF8_N100_FE50000_run2_seed297802.mat"
"s07_dual_role_credit","Dual-Role-Credit-AOP-v3","CF8","CF",100,50000,3,297803,50000,5.2746,0.1652109636803009,0.3413716195778848,1,"Dual_Role_Credit_AOP_v3_CF8_N100_FE50000_run3_seed297803.mat"
"s07_dual_role_credit","Dual-Role-Credit-AOP-v3","CF8","CF",100,50000,4,297804,50000,4.3855,0.1491021885188434,0.3666566034628467,1,"Dual_Role_Credit_AOP_v3_CF8_N100_FE50000_run4_seed297804.mat"
"s07_dual_role_credit","Dual-Role-Credit-AOP-v3","CF8","CF",100,50000,5,297805,50000,5.2822,0.1583251107594924,0.3524928403410428,1,"Dual_Role_Credit_AOP_v3_CF8_N100_FE50000_run5_seed297805.mat"
"s07_dual_role_credit","Dual-Role-Credit-AOP-v3","CF9","CF",100,50000,1,297901,50000,7.2345,0.1009609323366442,0.4230286371793133,1,"Dual_Role_Credit_AOP_v3_CF9_N100_FE50000_run1_seed297901.mat"
"s07_dual_role_credit","Dual-Role-Credit-AOP-v3","CF9","CF",100,50000,2,297902,50000,7.375,0.09180969807864948,0.4262716589784206,1,"Dual_Role_Credit_AOP_v3_CF9_N100_FE50000_run2_seed297902.mat"
"s07_dual_role_credit","Dual-Role-Credit-AOP-v3","CF9","CF",100,50000,3,297903,50000,6.369,0.09370565377657773,0.4276111503496562,1,"Dual_Role_Credit_AOP_v3_CF9_N100_FE50000_run3_seed297903.mat"
"s07_dual_role_credit","Dual-Role-Credit-AOP-v3","CF9","CF",100,50000,4,297904,50000,7.4741,0.09607164057188319,0.4249870100227235,1,"Dual_Role_Credit_AOP_v3_CF9_N100_FE50000_run4_seed297904.mat"
"s07_dual_role_credit","Dual-Role-Credit-AOP-v3","CF9","CF",100,50000,5,297905,50000,5.523,0.09807612161395537,0.4218767442703261,1,"Dual_Role_Credit_AOP_v3_CF9_N100_FE50000_run5_seed297905.mat"
"s07_dual_role_credit","Dual-Role-Credit-AOP-v3","DASCMOP1","DAS-CMOP",100,50000,1,299501,50000,4.3315,0.009787552892305769,0.2099411307458258,1,"Dual_Role_Credit_AOP_v3_DASCMOP1_N100_FE50000_run1_seed299501.mat"
"s07_dual_role_credit","Dual-Role-Credit-AOP-v3","DASCMOP1","DAS-CMOP",100,50000,2,299502,50000,3.6195,0.006995904765241336,0.2101772247125693,1,"Dual_Role_Credit_AOP_v3_DASCMOP1_N100_FE50000_run2_seed299502.mat"
"s07_dual_role_credit","Dual-Role-Credit-AOP-v3","DASCMOP1","DAS-CMOP",100,50000,3,299503,50000,3.2432,0.009814820483994822,0.2061832330721536,1,"Dual_Role_Credit_AOP_v3_DASCMOP1_N100_FE50000_run3_seed299503.mat"
"s07_dual_role_credit","Dual-Role-Credit-AOP-v3","DASCMOP1","DAS-CMOP",100,50000,4,299504,50000,3.4586,0.007788467988609999,0.2092731624592472,1,"Dual_Role_Credit_AOP_v3_DASCMOP1_N100_FE50000_run4_seed299504.mat"
"s07_dual_role_credit","Dual-Role-Credit-AOP-v3","DASCMOP1","DAS-CMOP",100,50000,5,299505,50000,3.9808,0.009515761162220126,0.2097840022834354,1,"Dual_Role_Credit_AOP_v3_DASCMOP1_N100_FE50000_run5_seed299505.mat"
"s07_dual_role_credit","Dual-Role-Credit-AOP-v3","DASCMOP2","DAS-CMOP",100,50000,1,299601,50000,4.4169,0.007601010394374353,0.3523135225984721,1,"Dual_Role_Credit_AOP_v3_DASCMOP2_N100_FE50000_run1_seed299601.mat"
"s07_dual_role_credit","Dual-Role-Credit-AOP-v3","DASCMOP2","DAS-CMOP",100,50000,2,299602,50000,4.3586,0.00944970863814331,0.3508311241155373,1,"Dual_Role_Credit_AOP_v3_DASCMOP2_N100_FE50000_run2_seed299602.mat"
"s07_dual_role_credit","Dual-Role-Credit-AOP-v3","DASCMOP2","DAS-CMOP",100,50000,3,299603,50000,3.4244,0.01016694188097096,0.3513574688502761,1,"Dual_Role_Credit_AOP_v3_DASCMOP2_N100_FE50000_run3_seed299603.mat"
"s07_dual_role_credit","Dual-Role-Credit-AOP-v3","DASCMOP2","DAS-CMOP",100,50000,4,299604,50000,3.0449,0.01059432264304265,0.3504663749503874,1,"Dual_Role_Credit_AOP_v3_DASCMOP2_N100_FE50000_run4_seed299604.mat"
"s07_dual_role_credit","Dual-Role-Credit-AOP-v3","DASCMOP2","DAS-CMOP",100,50000,5,299605,50000,3.5054,0.008675187416638272,0.3509640547230999,1,"Dual_Role_Credit_AOP_v3_DASCMOP2_N100_FE50000_run5_seed299605.mat"
"s07_dual_role_credit","Dual-Role-Credit-AOP-v3","DASCMOP3","DAS-CMOP",100,50000,1,299701,50000,3.8278,0.02133714144020334,0.3102224764706558,1,"Dual_Role_Credit_AOP_v3_DASCMOP3_N100_FE50000_run1_seed299701.mat"
"s07_dual_role_credit","Dual-Role-Credit-AOP-v3","DASCMOP3","DAS-CMOP",100,50000,2,299702,50000,4.7397,0.02294998967673237,0.3044044089620355,1,"Dual_Role_Credit_AOP_v3_DASCMOP3_N100_FE50000_run2_seed299702.mat"
"s07_dual_role_credit","Dual-Role-Credit-AOP-v3","DASCMOP3","DAS-CMOP",100,50000,3,299703,50000,4.136,0.02093410983375195,0.311040542429768,1,"Dual_Role_Credit_AOP_v3_DASCMOP3_N100_FE50000_run3_seed299703.mat"
"s07_dual_role_credit","Dual-Role-Credit-AOP-v3","DASCMOP3","DAS-CMOP",100,50000,4,299704,50000,3.2634,0.02168935267199986,0.3088320531814354,1,"Dual_Role_Credit_AOP_v3_DASCMOP3_N100_FE50000_run4_seed299704.mat"
"s07_dual_role_credit","Dual-Role-Credit-AOP-v3","DASCMOP3","DAS-CMOP",100,50000,5,299705,50000,2.9804,0.02213236946655732,0.3071598971128058,1,"Dual_Role_Credit_AOP_v3_DASCMOP3_N100_FE50000_run5_seed299705.mat"
"s07_dual_role_credit","Dual-Role-Credit-AOP-v3","DASCMOP4","DAS-CMOP",100,50000,1,299801,50000,3.0697,0.348808141216608,0.0622226107557575,1,"Dual_Role_Credit_AOP_v3_DASCMOP4_N100_FE50000_run1_seed299801.mat"
"s07_dual_role_credit","Dual-Role-Credit-AOP-v3","DASCMOP4","DAS-CMOP",100,50000,2,299802,50000,3.7489,0.5686027585324124,0.006022091299377981,1,"Dual_Role_Credit_AOP_v3_DASCMOP4_N100_FE50000_run2_seed299802.mat"
"s07_dual_role_credit","Dual-Role-Credit-AOP-v3","DASCMOP4","DAS-CMOP",100,50000,3,299803,50000,3.8016,0.4684879395917793,0.0291426923303758,1,"Dual_Role_Credit_AOP_v3_DASCMOP4_N100_FE50000_run3_seed299803.mat"
"s07_dual_role_credit","Dual-Role-Credit-AOP-v3","DASCMOP4","DAS-CMOP",100,50000,4,299804,50000,4.0865,0.1078954542559079,0.1184622854799365,1,"Dual_Role_Credit_AOP_v3_DASCMOP4_N100_FE50000_run4_seed299804.mat"
"s07_dual_role_credit","Dual-Role-Credit-AOP-v3","DASCMOP4","DAS-CMOP",100,50000,5,299805,50000,3.0625,0.4425578312814783,0.03967861909756224,1,"Dual_Role_Credit_AOP_v3_DASCMOP4_N100_FE50000_run5_seed299805.mat"
"s07_dual_role_credit","Dual-Role-Credit-AOP-v3","DASCMOP5","DAS-CMOP",100,50000,1,299901,50000,2.8162,0.3341626717166512,0.1460627200642859,1,"Dual_Role_Credit_AOP_v3_DASCMOP5_N100_FE50000_run1_seed299901.mat"
"s07_dual_role_credit","Dual-Role-Credit-AOP-v3","DASCMOP5","DAS-CMOP",100,50000,2,299902,50000,3.1402,0.3151370207855924,0.153737340100306,1,"Dual_Role_Credit_AOP_v3_DASCMOP5_N100_FE50000_run2_seed299902.mat"
"s07_dual_role_credit","Dual-Role-Credit-AOP-v3","DASCMOP5","DAS-CMOP",100,50000,3,299903,50000,3.3372,0.6069220793845551,0.04967359381745325,1,"Dual_Role_Credit_AOP_v3_DASCMOP5_N100_FE50000_run3_seed299903.mat"
"s07_dual_role_credit","Dual-Role-Credit-AOP-v3","DASCMOP5","DAS-CMOP",100,50000,4,299904,50000,4.2571,0.5826011823272967,0.05533522609789009,1,"Dual_Role_Credit_AOP_v3_DASCMOP5_N100_FE50000_run4_seed299904.mat"
"s07_dual_role_credit","Dual-Role-Credit-AOP-v3","DASCMOP5","DAS-CMOP",100,50000,5,299905,50000,3.8718,0.7700630007920073,0.02462937425493169,1,"Dual_Role_Credit_AOP_v3_DASCMOP5_N100_FE50000_run5_seed299905.mat"
"s07_dual_role_credit","Dual-Role-Credit-AOP-v3","DASCMOP6","DAS-CMOP",100,50000,1,300001,50000,3.1872,0.5777679718377968,0.04206485830695085,1,"Dual_Role_Credit_AOP_v3_DASCMOP6_N100_FE50000_run1_seed300001.mat"
"s07_dual_role_credit","Dual-Role-Credit-AOP-v3","DASCMOP6","DAS-CMOP",100,50000,2,300002,50000,2.8802,0.5347255153796295,0.05149771643692767,1,"Dual_Role_Credit_AOP_v3_DASCMOP6_N100_FE50000_run2_seed300002.mat"
"s07_dual_role_credit","Dual-Role-Credit-AOP-v3","DASCMOP6","DAS-CMOP",100,50000,3,300003,50000,3.1084,0.4104763791110483,0.09203075164900121,1,"Dual_Role_Credit_AOP_v3_DASCMOP6_N100_FE50000_run3_seed300003.mat"
"s07_dual_role_credit","Dual-Role-Credit-AOP-v3","DASCMOP6","DAS-CMOP",100,50000,4,300004,50000,3.3927,0.7416429412673589,0.02026074006938022,1,"Dual_Role_Credit_AOP_v3_DASCMOP6_N100_FE50000_run4_seed300004.mat"
"s07_dual_role_credit","Dual-Role-Credit-AOP-v3","DASCMOP6","DAS-CMOP",100,50000,5,300005,50000,3.5085,0.7856727765310833,0.014155386250935,1,"Dual_Role_Credit_AOP_v3_DASCMOP6_N100_FE50000_run5_seed300005.mat"
"s07_dual_role_credit","Dual-Role-Credit-AOP-v3","DASCMOP7","DAS-CMOP",100,50000,1,300101,50000,4.6307,0.3250496015490441,0.1463346509277194,1,"Dual_Role_Credit_AOP_v3_DASCMOP7_N100_FE50000_run1_seed300101.mat"
"s07_dual_role_credit","Dual-Role-Credit-AOP-v3","DASCMOP7","DAS-CMOP",100,50000,2,300102,50000,3.3743,0.5800846686325948,0.06221340028513424,1,"Dual_Role_Credit_AOP_v3_DASCMOP7_N100_FE50000_run2_seed300102.mat"
"s07_dual_role_credit","Dual-Role-Credit-AOP-v3","DASCMOP7","DAS-CMOP",100,50000,3,300103,50000,3.4171,0.1196478005711075,0.2427586340137871,1,"Dual_Role_Credit_AOP_v3_DASCMOP7_N100_FE50000_run3_seed300103.mat"
"s07_dual_role_credit","Dual-Role-Credit-AOP-v3","DASCMOP7","DAS-CMOP",100,50000,4,300104,50000,3.3486,0.8200332296552134,0.02129695848251764,1,"Dual_Role_Credit_AOP_v3_DASCMOP7_N100_FE50000_run4_seed300104.mat"
"s07_dual_role_credit","Dual-Role-Credit-AOP-v3","DASCMOP7","DAS-CMOP",100,50000,5,300105,50000,4.0898,0.5126080282661772,0.08068238806238735,1,"Dual_Role_Credit_AOP_v3_DASCMOP7_N100_FE50000_run5_seed300105.mat"
"s07_dual_role_credit","Dual-Role-Credit-AOP-v3","DASCMOP8","DAS-CMOP",100,50000,1,300201,50000,4.1783,0.3414251148958242,0.04706095003480803,1,"Dual_Role_Credit_AOP_v3_DASCMOP8_N100_FE50000_run1_seed300201.mat"
"s07_dual_role_credit","Dual-Role-Credit-AOP-v3","DASCMOP8","DAS-CMOP",100,50000,2,300202,50000,4.3626,0.6497860433888707,0.0007481630533551575,1,"Dual_Role_Credit_AOP_v3_DASCMOP8_N100_FE50000_run2_seed300202.mat"
"s07_dual_role_credit","Dual-Role-Credit-AOP-v3","DASCMOP8","DAS-CMOP",100,50000,3,300203,50000,3.5872,0.2673561946115268,0.07689000713485222,1,"Dual_Role_Credit_AOP_v3_DASCMOP8_N100_FE50000_run3_seed300203.mat"
"s07_dual_role_credit","Dual-Role-Credit-AOP-v3","DASCMOP8","DAS-CMOP",100,50000,4,300204,50000,3.0361,0.4862675882471302,0.01197319710325148,1,"Dual_Role_Credit_AOP_v3_DASCMOP8_N100_FE50000_run4_seed300204.mat"
"s07_dual_role_credit","Dual-Role-Credit-AOP-v3","DASCMOP8","DAS-CMOP",100,50000,5,300205,50000,3.8011,0.3191623627125366,0.05546131118008112,1,"Dual_Role_Credit_AOP_v3_DASCMOP8_N100_FE50000_run5_seed300205.mat"
"s07_dual_role_credit","Dual-Role-Credit-AOP-v3","DASCMOP9","DAS-CMOP",100,50000,1,300301,50000,4.0632,0.04782117840892729,0.2028529811713131,1,"Dual_Role_Credit_AOP_v3_DASCMOP9_N100_FE50000_run1_seed300301.mat"
"s07_dual_role_credit","Dual-Role-Credit-AOP-v3","DASCMOP9","DAS-CMOP",100,50000,2,300302,50000,4.2183,0.05639369968578946,0.2015175057524983,1,"Dual_Role_Credit_AOP_v3_DASCMOP9_N100_FE50000_run2_seed300302.mat"
"s07_dual_role_credit","Dual-Role-Credit-AOP-v3","DASCMOP9","DAS-CMOP",100,50000,3,300303,50000,4.6596,0.05282014604805494,0.2022486687963492,1,"Dual_Role_Credit_AOP_v3_DASCMOP9_N100_FE50000_run3_seed300303.mat"
"s07_dual_role_credit","Dual-Role-Credit-AOP-v3","DASCMOP9","DAS-CMOP",100,50000,4,300304,50000,3.4424,0.05666775324246102,0.2021179338834744,1,"Dual_Role_Credit_AOP_v3_DASCMOP9_N100_FE50000_run4_seed300304.mat"
"s07_dual_role_credit","Dual-Role-Credit-AOP-v3","DASCMOP9","DAS-CMOP",100,50000,5,300305,50000,3.2767,0.05995692051337689,0.2026962121978775,1,"Dual_Role_Credit_AOP_v3_DASCMOP9_N100_FE50000_run5_seed300305.mat"
"s07_dual_role_credit","Dual-Role-Credit-AOP-v3","LIRCMOP10","LIR-CMOP",100,50000,1,299001,50000,8.1534,0.1535221538509214,0.6349987285251001,1,"Dual_Role_Credit_AOP_v3_LIRCMOP10_N100_FE50000_run1_seed299001.mat"
"s07_dual_role_credit","Dual-Role-Credit-AOP-v3","LIRCMOP10","LIR-CMOP",100,50000,2,299002,50000,8.6535,0.2536987100805186,0.5730981045899362,1,"Dual_Role_Credit_AOP_v3_LIRCMOP10_N100_FE50000_run2_seed299002.mat"
"s07_dual_role_credit","Dual-Role-Credit-AOP-v3","LIRCMOP10","LIR-CMOP",100,50000,3,299003,50000,6.6235,0.2171833996584665,0.6009179532495423,1,"Dual_Role_Credit_AOP_v3_LIRCMOP10_N100_FE50000_run3_seed299003.mat"
"s07_dual_role_credit","Dual-Role-Credit-AOP-v3","LIRCMOP10","LIR-CMOP",100,50000,4,299004,50000,5.8235,0.2279108610643841,0.5832225385917145,1,"Dual_Role_Credit_AOP_v3_LIRCMOP10_N100_FE50000_run4_seed299004.mat"
"s07_dual_role_credit","Dual-Role-Credit-AOP-v3","LIRCMOP10","LIR-CMOP",100,50000,5,299005,50000,6.1554,0.2458828879941987,0.5763652857883873,1,"Dual_Role_Credit_AOP_v3_LIRCMOP10_N100_FE50000_run5_seed299005.mat"
"s07_dual_role_credit","Dual-Role-Credit-AOP-v3","LIRCMOP11","LIR-CMOP",100,50000,1,299101,50000,6.4327,0.1444211624037914,0.6005714954558441,1,"Dual_Role_Credit_AOP_v3_LIRCMOP11_N100_FE50000_run1_seed299101.mat"
"s07_dual_role_credit","Dual-Role-Credit-AOP-v3","LIRCMOP11","LIR-CMOP",100,50000,2,299102,50000,6.4622,0.1439287893191729,0.6000615718666922,1,"Dual_Role_Credit_AOP_v3_LIRCMOP11_N100_FE50000_run2_seed299102.mat"
"s07_dual_role_credit","Dual-Role-Credit-AOP-v3","LIRCMOP11","LIR-CMOP",100,50000,3,299103,50000,7.5663,0.1437412682575402,0.6010817878225979,1,"Dual_Role_Credit_AOP_v3_LIRCMOP11_N100_FE50000_run3_seed299103.mat"
"s07_dual_role_credit","Dual-Role-Credit-AOP-v3","LIRCMOP11","LIR-CMOP",100,50000,4,299104,50000,5.2356,0.1468368331479402,0.5975060938144516,1,"Dual_Role_Credit_AOP_v3_LIRCMOP11_N100_FE50000_run4_seed299104.mat"
"s07_dual_role_credit","Dual-Role-Credit-AOP-v3","LIRCMOP11","LIR-CMOP",100,50000,5,299105,50000,4.9572,0.1436770749184111,0.6012293178403408,1,"Dual_Role_Credit_AOP_v3_LIRCMOP11_N100_FE50000_run5_seed299105.mat"
"s07_dual_role_credit","Dual-Role-Credit-AOP-v3","LIRCMOP12","LIR-CMOP",100,50000,1,299201,50000,5.6351,0.1911464869513139,0.5098354049184191,1,"Dual_Role_Credit_AOP_v3_LIRCMOP12_N100_FE50000_run1_seed299201.mat"
"s07_dual_role_credit","Dual-Role-Credit-AOP-v3","LIRCMOP12","LIR-CMOP",100,50000,2,299202,50000,5.6776,0.1611807950118955,0.5309377210934322,1,"Dual_Role_Credit_AOP_v3_LIRCMOP12_N100_FE50000_run2_seed299202.mat"
"s07_dual_role_credit","Dual-Role-Credit-AOP-v3","LIRCMOP12","LIR-CMOP",100,50000,3,299203,50000,4.7474,0.1670303985666972,0.532280944084614,1,"Dual_Role_Credit_AOP_v3_LIRCMOP12_N100_FE50000_run3_seed299203.mat"
"s07_dual_role_credit","Dual-Role-Credit-AOP-v3","LIRCMOP12","LIR-CMOP",100,50000,4,299204,50000,5.5434,0.2205822228206046,0.4878593482072885,1,"Dual_Role_Credit_AOP_v3_LIRCMOP12_N100_FE50000_run4_seed299204.mat"
"s07_dual_role_credit","Dual-Role-Credit-AOP-v3","LIRCMOP12","LIR-CMOP",100,50000,5,299205,50000,4.1224,0.1552656870111789,0.5384794192332871,1,"Dual_Role_Credit_AOP_v3_LIRCMOP12_N100_FE50000_run5_seed299205.mat"
"s07_dual_role_credit","Dual-Role-Credit-AOP-v3","LIRCMOP13","LIR-CMOP",100,50000,1,299301,50000,8.201,0.09867648116992891,0.5396873069203802,1,"Dual_Role_Credit_AOP_v3_LIRCMOP13_N100_FE50000_run1_seed299301.mat"
"s07_dual_role_credit","Dual-Role-Credit-AOP-v3","LIRCMOP13","LIR-CMOP",100,50000,2,299302,50000,9.0548,0.09889571475911968,0.540750525646658,1,"Dual_Role_Credit_AOP_v3_LIRCMOP13_N100_FE50000_run2_seed299302.mat"
"s07_dual_role_credit","Dual-Role-Credit-AOP-v3","LIRCMOP13","LIR-CMOP",100,50000,3,299303,50000,11.549,0.09885321554880941,0.5415791049773441,1,"Dual_Role_Credit_AOP_v3_LIRCMOP13_N100_FE50000_run3_seed299303.mat"
"s07_dual_role_credit","Dual-Role-Credit-AOP-v3","LIRCMOP13","LIR-CMOP",100,50000,4,299304,50000,10.6153,0.09955998925687241,0.5385432934869219,1,"Dual_Role_Credit_AOP_v3_LIRCMOP13_N100_FE50000_run4_seed299304.mat"
"s07_dual_role_credit","Dual-Role-Credit-AOP-v3","LIRCMOP13","LIR-CMOP",100,50000,5,299305,50000,12.0487,0.09864582235892705,0.5443438632204549,1,"Dual_Role_Credit_AOP_v3_LIRCMOP13_N100_FE50000_run5_seed299305.mat"
"s07_dual_role_credit","Dual-Role-Credit-AOP-v3","LIRCMOP14","LIR-CMOP",100,50000,1,299401,50000,7.8443,0.09889461745651099,0.5496574987509173,1,"Dual_Role_Credit_AOP_v3_LIRCMOP14_N100_FE50000_run1_seed299401.mat"
"s07_dual_role_credit","Dual-Role-Credit-AOP-v3","LIRCMOP14","LIR-CMOP",100,50000,2,299402,50000,6.8477,0.09722948030002991,0.5508711821007597,1,"Dual_Role_Credit_AOP_v3_LIRCMOP14_N100_FE50000_run2_seed299402.mat"
"s07_dual_role_credit","Dual-Role-Credit-AOP-v3","LIRCMOP14","LIR-CMOP",100,50000,3,299403,50000,7.6483,0.09846704882158062,0.549192007795886,1,"Dual_Role_Credit_AOP_v3_LIRCMOP14_N100_FE50000_run3_seed299403.mat"
"s07_dual_role_credit","Dual-Role-Credit-AOP-v3","LIRCMOP14","LIR-CMOP",100,50000,4,299404,50000,9.0944,0.09779955779672121,0.5501597126718685,1,"Dual_Role_Credit_AOP_v3_LIRCMOP14_N100_FE50000_run4_seed299404.mat"
"s07_dual_role_credit","Dual-Role-Credit-AOP-v3","LIRCMOP14","LIR-CMOP",100,50000,5,299405,50000,8.966,0.09632366364343224,0.5518273463479053,1,"Dual_Role_Credit_AOP_v3_LIRCMOP14_N100_FE50000_run5_seed299405.mat"
"s07_dual_role_credit","Dual-Role-Credit-AOP-v3","LIRCMOP1","LIR-CMOP",100,50000,1,298101,50000,3.3028,0.2273286380351421,0.1293118268455346,1,"Dual_Role_Credit_AOP_v3_LIRCMOP1_N100_FE50000_run1_seed298101.mat"
"s07_dual_role_credit","Dual-Role-Credit-AOP-v3","LIRCMOP1","LIR-CMOP",100,50000,2,298102,50000,4.1272,0.195428125051937,0.1400667147273341,1,"Dual_Role_Credit_AOP_v3_LIRCMOP1_N100_FE50000_run2_seed298102.mat"
"s07_dual_role_credit","Dual-Role-Credit-AOP-v3","LIRCMOP1","LIR-CMOP",100,50000,3,298103,50000,4.4746,0.1843747348919263,0.1421927400993543,1,"Dual_Role_Credit_AOP_v3_LIRCMOP1_N100_FE50000_run3_seed298103.mat"
"s07_dual_role_credit","Dual-Role-Credit-AOP-v3","LIRCMOP1","LIR-CMOP",100,50000,4,298104,50000,4.8902,0.2969712556686361,0.1198826203162838,1,"Dual_Role_Credit_AOP_v3_LIRCMOP1_N100_FE50000_run4_seed298104.mat"
"s07_dual_role_credit","Dual-Role-Credit-AOP-v3","LIRCMOP1","LIR-CMOP",100,50000,5,298105,50000,4.4191,0.2722993437234563,0.1204493776946817,1,"Dual_Role_Credit_AOP_v3_LIRCMOP1_N100_FE50000_run5_seed298105.mat"
"s07_dual_role_credit","Dual-Role-Credit-AOP-v3","LIRCMOP2","LIR-CMOP",100,50000,1,298201,50000,4.439,0.1057838065821556,0.3001950994838465,1,"Dual_Role_Credit_AOP_v3_LIRCMOP2_N100_FE50000_run1_seed298201.mat"
"s07_dual_role_credit","Dual-Role-Credit-AOP-v3","LIRCMOP2","LIR-CMOP",100,50000,2,298202,50000,3.5916,0.2477957426162299,0.217189785064116,1,"Dual_Role_Credit_AOP_v3_LIRCMOP2_N100_FE50000_run2_seed298202.mat"
"s07_dual_role_credit","Dual-Role-Credit-AOP-v3","LIRCMOP2","LIR-CMOP",100,50000,3,298203,50000,4.6519,0.1395614184570258,0.2799463992769392,1,"Dual_Role_Credit_AOP_v3_LIRCMOP2_N100_FE50000_run3_seed298203.mat"
"s07_dual_role_credit","Dual-Role-Credit-AOP-v3","LIRCMOP2","LIR-CMOP",100,50000,4,298204,50000,4.5559,0.1721350846934007,0.2815801515945535,1,"Dual_Role_Credit_AOP_v3_LIRCMOP2_N100_FE50000_run4_seed298204.mat"
"s07_dual_role_credit","Dual-Role-Credit-AOP-v3","LIRCMOP2","LIR-CMOP",100,50000,5,298205,50000,5.285,0.1987224559500924,0.2781331201092431,1,"Dual_Role_Credit_AOP_v3_LIRCMOP2_N100_FE50000_run5_seed298205.mat"
"s07_dual_role_credit","Dual-Role-Credit-AOP-v3","LIRCMOP3","LIR-CMOP",100,50000,1,298301,50000,4.5928,0.136096415938235,0.1491684290701178,1,"Dual_Role_Credit_AOP_v3_LIRCMOP3_N100_FE50000_run1_seed298301.mat"
"s07_dual_role_credit","Dual-Role-Credit-AOP-v3","LIRCMOP3","LIR-CMOP",100,50000,2,298302,50000,4.2548,0.2782515151618808,0.1053650626114973,1,"Dual_Role_Credit_AOP_v3_LIRCMOP3_N100_FE50000_run2_seed298302.mat"
"s07_dual_role_credit","Dual-Role-Credit-AOP-v3","LIRCMOP3","LIR-CMOP",100,50000,3,298303,50000,3.9343,0.223596326099377,0.1179154947378639,1,"Dual_Role_Credit_AOP_v3_LIRCMOP3_N100_FE50000_run3_seed298303.mat"
"s07_dual_role_credit","Dual-Role-Credit-AOP-v3","LIRCMOP3","LIR-CMOP",100,50000,4,298304,50000,4.2044,0.277309265350813,0.1051996343956158,1,"Dual_Role_Credit_AOP_v3_LIRCMOP3_N100_FE50000_run4_seed298304.mat"
"s07_dual_role_credit","Dual-Role-Credit-AOP-v3","LIRCMOP3","LIR-CMOP",100,50000,5,298305,50000,4.6139,0.2728284905046509,0.1173660528343487,1,"Dual_Role_Credit_AOP_v3_LIRCMOP3_N100_FE50000_run5_seed298305.mat"
"s07_dual_role_credit","Dual-Role-Credit-AOP-v3","LIRCMOP4","LIR-CMOP",100,50000,1,298401,50000,4.8108,0.30876245944425,0.181687067137625,1,"Dual_Role_Credit_AOP_v3_LIRCMOP4_N100_FE50000_run1_seed298401.mat"
"s07_dual_role_credit","Dual-Role-Credit-AOP-v3","LIRCMOP4","LIR-CMOP",100,50000,2,298402,50000,4.4178,0.2538609145234179,0.2088667199404498,1,"Dual_Role_Credit_AOP_v3_LIRCMOP4_N100_FE50000_run2_seed298402.mat"
"s07_dual_role_credit","Dual-Role-Credit-AOP-v3","LIRCMOP4","LIR-CMOP",100,50000,3,298403,50000,4.2502,0.2664261283389124,0.1934817975856941,1,"Dual_Role_Credit_AOP_v3_LIRCMOP4_N100_FE50000_run3_seed298403.mat"
"s07_dual_role_credit","Dual-Role-Credit-AOP-v3","LIRCMOP4","LIR-CMOP",100,50000,4,298404,50000,3.5107,0.2110104182925481,0.2156202018647303,1,"Dual_Role_Credit_AOP_v3_LIRCMOP4_N100_FE50000_run4_seed298404.mat"
"s07_dual_role_credit","Dual-Role-Credit-AOP-v3","LIRCMOP4","LIR-CMOP",100,50000,5,298405,50000,4.4798,0.3079471347788392,0.1954091653095082,1,"Dual_Role_Credit_AOP_v3_LIRCMOP4_N100_FE50000_run5_seed298405.mat"
"s07_dual_role_credit","Dual-Role-Credit-AOP-v3","LIRCMOP5","LIR-CMOP",100,50000,1,298501,50000,5.3797,0.1009078812926161,0.225208083491255,1,"Dual_Role_Credit_AOP_v3_LIRCMOP5_N100_FE50000_run1_seed298501.mat"
"s07_dual_role_credit","Dual-Role-Credit-AOP-v3","LIRCMOP5","LIR-CMOP",100,50000,2,298502,50000,4.5565,0.2988517196247138,0.148850060899974,1,"Dual_Role_Credit_AOP_v3_LIRCMOP5_N100_FE50000_run2_seed298502.mat"
"s07_dual_role_credit","Dual-Role-Credit-AOP-v3","LIRCMOP5","LIR-CMOP",100,50000,3,298503,50000,5.2261,0.0681886898118801,0.2611385870926206,1,"Dual_Role_Credit_AOP_v3_LIRCMOP5_N100_FE50000_run3_seed298503.mat"
"s07_dual_role_credit","Dual-Role-Credit-AOP-v3","LIRCMOP5","LIR-CMOP",100,50000,4,298504,50000,3.935,0.07647772843587668,0.2533271312819948,1,"Dual_Role_Credit_AOP_v3_LIRCMOP5_N100_FE50000_run4_seed298504.mat"
"s07_dual_role_credit","Dual-Role-Credit-AOP-v3","LIRCMOP5","LIR-CMOP",100,50000,5,298505,50000,4.6602,0.1516660978378992,0.2016222956751805,1,"Dual_Role_Credit_AOP_v3_LIRCMOP5_N100_FE50000_run5_seed298505.mat"
"s07_dual_role_credit","Dual-Role-Credit-AOP-v3","LIRCMOP6","LIR-CMOP",100,50000,1,298601,50000,4.3906,0.04964480937669245,0.1766760495591333,1,"Dual_Role_Credit_AOP_v3_LIRCMOP6_N100_FE50000_run1_seed298601.mat"
"s07_dual_role_credit","Dual-Role-Credit-AOP-v3","LIRCMOP6","LIR-CMOP",100,50000,2,298602,50000,5.4864,0.2806890665409117,0.1365874668180518,1,"Dual_Role_Credit_AOP_v3_LIRCMOP6_N100_FE50000_run2_seed298602.mat"
"s07_dual_role_credit","Dual-Role-Credit-AOP-v3","LIRCMOP6","LIR-CMOP",100,50000,3,298603,50000,5.3979,0.3565607963882559,0.1200279543903501,1,"Dual_Role_Credit_AOP_v3_LIRCMOP6_N100_FE50000_run3_seed298603.mat"
"s07_dual_role_credit","Dual-Role-Credit-AOP-v3","LIRCMOP6","LIR-CMOP",100,50000,4,298604,50000,5.114,0.3065483526730398,0.1279939325223242,1,"Dual_Role_Credit_AOP_v3_LIRCMOP6_N100_FE50000_run4_seed298604.mat"
"s07_dual_role_credit","Dual-Role-Credit-AOP-v3","LIRCMOP6","LIR-CMOP",100,50000,5,298605,50000,4.7331,0.1170613173623528,0.1708979208868977,1,"Dual_Role_Credit_AOP_v3_LIRCMOP6_N100_FE50000_run5_seed298605.mat"
"s07_dual_role_credit","Dual-Role-Credit-AOP-v3","LIRCMOP7","LIR-CMOP",100,50000,1,298701,50000,3.145,0.0876220445737021,0.2581344792878069,1,"Dual_Role_Credit_AOP_v3_LIRCMOP7_N100_FE50000_run1_seed298701.mat"
"s07_dual_role_credit","Dual-Role-Credit-AOP-v3","LIRCMOP7","LIR-CMOP",100,50000,2,298702,50000,3.407,0.06436702777281104,0.2646846049588342,1,"Dual_Role_Credit_AOP_v3_LIRCMOP7_N100_FE50000_run2_seed298702.mat"
"s07_dual_role_credit","Dual-Role-Credit-AOP-v3","LIRCMOP7","LIR-CMOP",100,50000,3,298703,50000,4.5542,0.03361726061586878,0.2843351634043556,1,"Dual_Role_Credit_AOP_v3_LIRCMOP7_N100_FE50000_run3_seed298703.mat"
"s07_dual_role_credit","Dual-Role-Credit-AOP-v3","LIRCMOP7","LIR-CMOP",100,50000,4,298704,50000,4.0892,0.09001032280335061,0.2579557622445794,1,"Dual_Role_Credit_AOP_v3_LIRCMOP7_N100_FE50000_run4_seed298704.mat"
"s07_dual_role_credit","Dual-Role-Credit-AOP-v3","LIRCMOP7","LIR-CMOP",100,50000,5,298705,50000,4.6024,0.08768597688182918,0.2593997581013739,1,"Dual_Role_Credit_AOP_v3_LIRCMOP7_N100_FE50000_run5_seed298705.mat"
"s07_dual_role_credit","Dual-Role-Credit-AOP-v3","LIRCMOP8","LIR-CMOP",100,50000,1,298801,50000,3.6494,0.03082791595477309,0.2781502764872099,1,"Dual_Role_Credit_AOP_v3_LIRCMOP8_N100_FE50000_run1_seed298801.mat"
"s07_dual_role_credit","Dual-Role-Credit-AOP-v3","LIRCMOP8","LIR-CMOP",100,50000,2,298802,50000,3.2148,0.04745582980026419,0.2711060717279781,1,"Dual_Role_Credit_AOP_v3_LIRCMOP8_N100_FE50000_run2_seed298802.mat"
"s07_dual_role_credit","Dual-Role-Credit-AOP-v3","LIRCMOP8","LIR-CMOP",100,50000,3,298803,50000,3.9384,0.02025059316024188,0.2878370293229891,1,"Dual_Role_Credit_AOP_v3_LIRCMOP8_N100_FE50000_run3_seed298803.mat"
"s07_dual_role_credit","Dual-Role-Credit-AOP-v3","LIRCMOP8","LIR-CMOP",100,50000,4,298804,50000,4.14,0.05861386058710674,0.2681381400712808,1,"Dual_Role_Credit_AOP_v3_LIRCMOP8_N100_FE50000_run4_seed298804.mat"
"s07_dual_role_credit","Dual-Role-Credit-AOP-v3","LIRCMOP8","LIR-CMOP",100,50000,5,298805,50000,4.2274,0.07188456359584887,0.2647168305893076,1,"Dual_Role_Credit_AOP_v3_LIRCMOP8_N100_FE50000_run5_seed298805.mat"
"s07_dual_role_credit","Dual-Role-Credit-AOP-v3","LIRCMOP9","LIR-CMOP",100,50000,1,298901,50000,7.0565,0.5070753673462541,0.3578709422507676,1,"Dual_Role_Credit_AOP_v3_LIRCMOP9_N100_FE50000_run1_seed298901.mat"
"s07_dual_role_credit","Dual-Role-Credit-AOP-v3","LIRCMOP9","LIR-CMOP",100,50000,2,298902,50000,6.1714,0.506546015261896,0.3575681796267455,1,"Dual_Role_Credit_AOP_v3_LIRCMOP9_N100_FE50000_run2_seed298902.mat"
"s07_dual_role_credit","Dual-Role-Credit-AOP-v3","LIRCMOP9","LIR-CMOP",100,50000,3,298903,50000,5.212,0.5069315609579768,0.357348886830971,1,"Dual_Role_Credit_AOP_v3_LIRCMOP9_N100_FE50000_run3_seed298903.mat"
"s07_dual_role_credit","Dual-Role-Credit-AOP-v3","LIRCMOP9","LIR-CMOP",100,50000,4,298904,50000,6.0159,0.5061702832417918,0.3579250021305394,1,"Dual_Role_Credit_AOP_v3_LIRCMOP9_N100_FE50000_run4_seed298904.mat"
"s07_dual_role_credit","Dual-Role-Credit-AOP-v3","LIRCMOP9","LIR-CMOP",100,50000,5,298905,50000,7.2589,0.4240645417956307,0.3819308424497418,1,"Dual_Role_Credit_AOP_v3_LIRCMOP9_N100_FE50000_run5_seed298905.mat"
"s07_dual_role_credit","Dual-Survival-Credit-AOP","CF10","CF",100,50000,1,268001,50000,9.7222,0.4399462062981556,0.1143470146745487,1,"Dual_Survival_Credit_AOP_CF10_N100_FE50000_run1_seed268001.mat"
"s07_dual_role_credit","Dual-Survival-Credit-AOP","CF10","CF",100,50000,2,268002,50000,10.0864,0.4212879147760666,0.142603598661394,1,"Dual_Survival_Credit_AOP_CF10_N100_FE50000_run2_seed268002.mat"
"s07_dual_role_credit","Dual-Survival-Credit-AOP","CF10","CF",100,50000,3,268003,50000,10.2918,0.3588984452667692,0.1255869170854684,1,"Dual_Survival_Credit_AOP_CF10_N100_FE50000_run3_seed268003.mat"
"s07_dual_role_credit","Dual-Survival-Credit-AOP","CF10","CF",100,50000,4,268004,50000,9.9717,0.2856501105025634,0.2297386886435289,1,"Dual_Survival_Credit_AOP_CF10_N100_FE50000_run4_seed268004.mat"
"s07_dual_role_credit","Dual-Survival-Credit-AOP","CF10","CF",100,50000,5,268005,50000,8.744,0.3822727034968674,0.1222637571227395,1,"Dual_Survival_Credit_AOP_CF10_N100_FE50000_run5_seed268005.mat"
"s07_dual_role_credit","Dual-Survival-Credit-AOP","CF1","CF",100,50000,1,267101,50000,6.5749,0.003985053336311103,0.5612579526506437,1,"Dual_Survival_Credit_AOP_CF1_N100_FE50000_run1_seed267101.mat"
"s07_dual_role_credit","Dual-Survival-Credit-AOP","CF1","CF",100,50000,2,267102,50000,6.209,0.005002679093043754,0.560078197303397,1,"Dual_Survival_Credit_AOP_CF1_N100_FE50000_run2_seed267102.mat"
"s07_dual_role_credit","Dual-Survival-Credit-AOP","CF1","CF",100,50000,3,267103,50000,6.0124,0.007019043167505097,0.5576529424327843,1,"Dual_Survival_Credit_AOP_CF1_N100_FE50000_run3_seed267103.mat"
"s07_dual_role_credit","Dual-Survival-Credit-AOP","CF1","CF",100,50000,4,267104,50000,6.8881,0.00498253942358593,0.5600817715073809,1,"Dual_Survival_Credit_AOP_CF1_N100_FE50000_run4_seed267104.mat"
"s07_dual_role_credit","Dual-Survival-Credit-AOP","CF1","CF",100,50000,5,267105,50000,6.7918,0.003873807958840499,0.5613926402182861,1,"Dual_Survival_Credit_AOP_CF1_N100_FE50000_run5_seed267105.mat"
"s07_dual_role_credit","Dual-Survival-Credit-AOP","CF2","CF",100,50000,1,267201,50000,5.6171,0.0213301493131408,0.6420338439854096,1,"Dual_Survival_Credit_AOP_CF2_N100_FE50000_run1_seed267201.mat"
"s07_dual_role_credit","Dual-Survival-Credit-AOP","CF2","CF",100,50000,2,267202,50000,5.9176,0.03177709886623904,0.636314786539014,1,"Dual_Survival_Credit_AOP_CF2_N100_FE50000_run2_seed267202.mat"
"s07_dual_role_credit","Dual-Survival-Credit-AOP","CF2","CF",100,50000,3,267203,50000,6.0714,0.03209353940163916,0.6414520762351744,1,"Dual_Survival_Credit_AOP_CF2_N100_FE50000_run3_seed267203.mat"
"s07_dual_role_credit","Dual-Survival-Credit-AOP","CF2","CF",100,50000,4,267204,50000,6.0782,0.01503729624465295,0.6595156709886499,1,"Dual_Survival_Credit_AOP_CF2_N100_FE50000_run4_seed267204.mat"
"s07_dual_role_credit","Dual-Survival-Credit-AOP","CF2","CF",100,50000,5,267205,50000,6.6179,0.02950836828521844,0.6403025573698841,1,"Dual_Survival_Credit_AOP_CF2_N100_FE50000_run5_seed267205.mat"
"s07_dual_role_credit","Dual-Survival-Credit-AOP","CF3","CF",100,50000,1,267301,50000,6.1069,0.07409670960709071,0.2827885192100642,1,"Dual_Survival_Credit_AOP_CF3_N100_FE50000_run1_seed267301.mat"
"s07_dual_role_credit","Dual-Survival-Credit-AOP","CF3","CF",100,50000,2,267302,50000,5.3963,0.1190834565934052,0.3022709562471463,1,"Dual_Survival_Credit_AOP_CF3_N100_FE50000_run2_seed267302.mat"
"s07_dual_role_credit","Dual-Survival-Credit-AOP","CF3","CF",100,50000,3,267303,50000,5.1599,0.110085599707508,0.2670479923908484,1,"Dual_Survival_Credit_AOP_CF3_N100_FE50000_run3_seed267303.mat"
"s07_dual_role_credit","Dual-Survival-Credit-AOP","CF3","CF",100,50000,4,267304,50000,6.4014,0.4107802826218362,0.1745412626091888,1,"Dual_Survival_Credit_AOP_CF3_N100_FE50000_run4_seed267304.mat"
"s07_dual_role_credit","Dual-Survival-Credit-AOP","CF3","CF",100,50000,5,267305,50000,5.2416,0.144731620922654,0.2017453230563633,1,"Dual_Survival_Credit_AOP_CF3_N100_FE50000_run5_seed267305.mat"
"s07_dual_role_credit","Dual-Survival-Credit-AOP","CF4","CF",100,50000,1,267401,50000,6.2529,0.06923458841726947,0.4454813203592179,1,"Dual_Survival_Credit_AOP_CF4_N100_FE50000_run1_seed267401.mat"
"s07_dual_role_credit","Dual-Survival-Credit-AOP","CF4","CF",100,50000,2,267402,50000,5.9186,0.05989166364953707,0.4621751867356312,1,"Dual_Survival_Credit_AOP_CF4_N100_FE50000_run2_seed267402.mat"
"s07_dual_role_credit","Dual-Survival-Credit-AOP","CF4","CF",100,50000,3,267403,50000,5.4253,0.07261696331255393,0.4423371911806662,1,"Dual_Survival_Credit_AOP_CF4_N100_FE50000_run3_seed267403.mat"
"s07_dual_role_credit","Dual-Survival-Credit-AOP","CF4","CF",100,50000,4,267404,50000,6.0351,0.06442409237658507,0.4517854149989545,1,"Dual_Survival_Credit_AOP_CF4_N100_FE50000_run4_seed267404.mat"
"s07_dual_role_credit","Dual-Survival-Credit-AOP","CF4","CF",100,50000,5,267405,50000,6.0328,0.04250852317667975,0.4817240147984402,1,"Dual_Survival_Credit_AOP_CF4_N100_FE50000_run5_seed267405.mat"
"s07_dual_role_credit","Dual-Survival-Credit-AOP","CF5","CF",100,50000,1,267501,50000,6.3344,0.1249454501660586,0.3979869587837872,1,"Dual_Survival_Credit_AOP_CF5_N100_FE50000_run1_seed267501.mat"
"s07_dual_role_credit","Dual-Survival-Credit-AOP","CF5","CF",100,50000,2,267502,50000,6.3809,0.1519513728511221,0.4040958422332478,1,"Dual_Survival_Credit_AOP_CF5_N100_FE50000_run2_seed267502.mat"
"s07_dual_role_credit","Dual-Survival-Credit-AOP","CF5","CF",100,50000,3,267503,50000,7.8821,0.5680110826947498,0.1584016230991496,1,"Dual_Survival_Credit_AOP_CF5_N100_FE50000_run3_seed267503.mat"
"s07_dual_role_credit","Dual-Survival-Credit-AOP","CF5","CF",100,50000,4,267504,50000,6.2595,0.1235735240835085,0.4018906585172531,1,"Dual_Survival_Credit_AOP_CF5_N100_FE50000_run4_seed267504.mat"
"s07_dual_role_credit","Dual-Survival-Credit-AOP","CF5","CF",100,50000,5,267505,50000,7.0356,0.3195197533611843,0.15353273858514,1,"Dual_Survival_Credit_AOP_CF5_N100_FE50000_run5_seed267505.mat"
"s07_dual_role_credit","Dual-Survival-Credit-AOP","CF6","CF",100,50000,1,267601,50000,7.3575,0.03191430568368611,0.6608819728480573,1,"Dual_Survival_Credit_AOP_CF6_N100_FE50000_run1_seed267601.mat"
"s07_dual_role_credit","Dual-Survival-Credit-AOP","CF6","CF",100,50000,2,267602,50000,7.1493,0.04203181182261152,0.6513276113288221,1,"Dual_Survival_Credit_AOP_CF6_N100_FE50000_run2_seed267602.mat"
"s07_dual_role_credit","Dual-Survival-Credit-AOP","CF6","CF",100,50000,3,267603,50000,7.5815,0.03721681552856527,0.652812873785135,1,"Dual_Survival_Credit_AOP_CF6_N100_FE50000_run3_seed267603.mat"
"s07_dual_role_credit","Dual-Survival-Credit-AOP","CF6","CF",100,50000,4,267604,50000,7.7866,0.03931490494007583,0.6657838852799641,1,"Dual_Survival_Credit_AOP_CF6_N100_FE50000_run4_seed267604.mat"
"s07_dual_role_credit","Dual-Survival-Credit-AOP","CF6","CF",100,50000,5,267605,50000,7.2131,0.03782712814722702,0.6604215553592111,1,"Dual_Survival_Credit_AOP_CF6_N100_FE50000_run5_seed267605.mat"
"s07_dual_role_credit","Dual-Survival-Credit-AOP","CF7","CF",100,50000,1,267701,50000,6.3624,0.07326594498106757,0.6227430240925522,1,"Dual_Survival_Credit_AOP_CF7_N100_FE50000_run1_seed267701.mat"
"s07_dual_role_credit","Dual-Survival-Credit-AOP","CF7","CF",100,50000,2,267702,50000,6.5492,0.1632282885644899,0.5286700994561849,1,"Dual_Survival_Credit_AOP_CF7_N100_FE50000_run2_seed267702.mat"
"s07_dual_role_credit","Dual-Survival-Credit-AOP","CF7","CF",100,50000,3,267703,50000,6.2293,0.3119504011907637,0.4610621773477719,1,"Dual_Survival_Credit_AOP_CF7_N100_FE50000_run3_seed267703.mat"
"s07_dual_role_credit","Dual-Survival-Credit-AOP","CF7","CF",100,50000,4,267704,50000,6.6379,0.1061781417613057,0.5650941146981383,1,"Dual_Survival_Credit_AOP_CF7_N100_FE50000_run4_seed267704.mat"
"s07_dual_role_credit","Dual-Survival-Credit-AOP","CF7","CF",100,50000,5,267705,50000,5.0183,0.1063121215890698,0.5776846039216248,1,"Dual_Survival_Credit_AOP_CF7_N100_FE50000_run5_seed267705.mat"
"s07_dual_role_credit","Dual-Survival-Credit-AOP","CF8","CF",100,50000,1,267801,50000,6.8148,0.1928658684892581,0.2941190405162568,1,"Dual_Survival_Credit_AOP_CF8_N100_FE50000_run1_seed267801.mat"
"s07_dual_role_credit","Dual-Survival-Credit-AOP","CF8","CF",100,50000,2,267802,50000,6.1105,0.1769315763996036,0.3316813981573574,1,"Dual_Survival_Credit_AOP_CF8_N100_FE50000_run2_seed267802.mat"
"s07_dual_role_credit","Dual-Survival-Credit-AOP","CF8","CF",100,50000,3,267803,50000,5.5214,0.1540947752086996,0.3517862400462418,1,"Dual_Survival_Credit_AOP_CF8_N100_FE50000_run3_seed267803.mat"
"s07_dual_role_credit","Dual-Survival-Credit-AOP","CF8","CF",100,50000,4,267804,50000,5.7234,0.1568324179291901,0.3421208234325843,1,"Dual_Survival_Credit_AOP_CF8_N100_FE50000_run4_seed267804.mat"
"s07_dual_role_credit","Dual-Survival-Credit-AOP","CF8","CF",100,50000,5,267805,50000,6.0954,0.1896523943135843,0.2865254586417064,1,"Dual_Survival_Credit_AOP_CF8_N100_FE50000_run5_seed267805.mat"
"s07_dual_role_credit","Dual-Survival-Credit-AOP","CF9","CF",100,50000,1,267901,50000,7.8105,0.08623843757510678,0.4286568192890177,1,"Dual_Survival_Credit_AOP_CF9_N100_FE50000_run1_seed267901.mat"
"s07_dual_role_credit","Dual-Survival-Credit-AOP","CF9","CF",100,50000,2,267902,50000,7.7959,0.09794356589289756,0.4318824026102223,1,"Dual_Survival_Credit_AOP_CF9_N100_FE50000_run2_seed267902.mat"
"s07_dual_role_credit","Dual-Survival-Credit-AOP","CF9","CF",100,50000,3,267903,50000,7.4351,0.09181882472426905,0.4184877699860146,1,"Dual_Survival_Credit_AOP_CF9_N100_FE50000_run3_seed267903.mat"
"s07_dual_role_credit","Dual-Survival-Credit-AOP","CF9","CF",100,50000,4,267904,50000,7.5136,0.09198954882646762,0.4200347125864388,1,"Dual_Survival_Credit_AOP_CF9_N100_FE50000_run4_seed267904.mat"
"s07_dual_role_credit","Dual-Survival-Credit-AOP","CF9","CF",100,50000,5,267905,50000,7.7128,0.1060040209385689,0.4149500489376456,1,"Dual_Survival_Credit_AOP_CF9_N100_FE50000_run5_seed267905.mat"
"s07_dual_role_credit","Dual-Survival-Credit-AOP","DASCMOP1","DAS-CMOP",100,50000,1,269501,50000,4.8983,0.01115076090723601,0.2051197911847251,1,"Dual_Survival_Credit_AOP_DASCMOP1_N100_FE50000_run1_seed269501.mat"
"s07_dual_role_credit","Dual-Survival-Credit-AOP","DASCMOP1","DAS-CMOP",100,50000,2,269502,50000,4.7352,0.007879196068584428,0.2087993821496444,1,"Dual_Survival_Credit_AOP_DASCMOP1_N100_FE50000_run2_seed269502.mat"
"s07_dual_role_credit","Dual-Survival-Credit-AOP","DASCMOP1","DAS-CMOP",100,50000,3,269503,50000,4.9658,0.02225890542679559,0.2061892051834509,1,"Dual_Survival_Credit_AOP_DASCMOP1_N100_FE50000_run3_seed269503.mat"
"s07_dual_role_credit","Dual-Survival-Credit-AOP","DASCMOP1","DAS-CMOP",100,50000,4,269504,50000,4.6571,0.007786195750470512,0.2080250654292154,1,"Dual_Survival_Credit_AOP_DASCMOP1_N100_FE50000_run4_seed269504.mat"
"s07_dual_role_credit","Dual-Survival-Credit-AOP","DASCMOP1","DAS-CMOP",100,50000,5,269505,50000,4.7368,0.01092063628771866,0.2089701266702081,1,"Dual_Survival_Credit_AOP_DASCMOP1_N100_FE50000_run5_seed269505.mat"
"s07_dual_role_credit","Dual-Survival-Credit-AOP","DASCMOP2","DAS-CMOP",100,50000,1,269601,50000,4.8899,0.01102014836668642,0.3515017812602754,1,"Dual_Survival_Credit_AOP_DASCMOP2_N100_FE50000_run1_seed269601.mat"
"s07_dual_role_credit","Dual-Survival-Credit-AOP","DASCMOP2","DAS-CMOP",100,50000,2,269602,50000,4.928,0.01041124517281323,0.3505187757880024,1,"Dual_Survival_Credit_AOP_DASCMOP2_N100_FE50000_run2_seed269602.mat"
"s07_dual_role_credit","Dual-Survival-Credit-AOP","DASCMOP2","DAS-CMOP",100,50000,3,269603,50000,4.4019,0.009057954418842031,0.3512528894621314,1,"Dual_Survival_Credit_AOP_DASCMOP2_N100_FE50000_run3_seed269603.mat"
"s07_dual_role_credit","Dual-Survival-Credit-AOP","DASCMOP2","DAS-CMOP",100,50000,4,269604,50000,4.8041,0.01280848615406657,0.3478022461945108,1,"Dual_Survival_Credit_AOP_DASCMOP2_N100_FE50000_run4_seed269604.mat"
"s07_dual_role_credit","Dual-Survival-Credit-AOP","DASCMOP2","DAS-CMOP",100,50000,5,269605,50000,4.2433,0.008866730812355854,0.3516764972825435,1,"Dual_Survival_Credit_AOP_DASCMOP2_N100_FE50000_run5_seed269605.mat"
"s07_dual_role_credit","Dual-Survival-Credit-AOP","DASCMOP3","DAS-CMOP",100,50000,1,269701,50000,5.0999,0.3235478680798093,0.2206820946926115,1,"Dual_Survival_Credit_AOP_DASCMOP3_N100_FE50000_run1_seed269701.mat"
"s07_dual_role_credit","Dual-Survival-Credit-AOP","DASCMOP3","DAS-CMOP",100,50000,2,269702,50000,5.1896,0.04507442731103345,0.2891820451133003,1,"Dual_Survival_Credit_AOP_DASCMOP3_N100_FE50000_run2_seed269702.mat"
"s07_dual_role_credit","Dual-Survival-Credit-AOP","DASCMOP3","DAS-CMOP",100,50000,3,269703,50000,4.5341,0.04727571121777262,0.2890361075558744,1,"Dual_Survival_Credit_AOP_DASCMOP3_N100_FE50000_run3_seed269703.mat"
"s07_dual_role_credit","Dual-Survival-Credit-AOP","DASCMOP3","DAS-CMOP",100,50000,4,269704,50000,4.49,0.02307513680154207,0.3079396314222639,1,"Dual_Survival_Credit_AOP_DASCMOP3_N100_FE50000_run4_seed269704.mat"
"s07_dual_role_credit","Dual-Survival-Credit-AOP","DASCMOP3","DAS-CMOP",100,50000,5,269705,50000,4.59,0.02159372837709939,0.3093161944935841,1,"Dual_Survival_Credit_AOP_DASCMOP3_N100_FE50000_run5_seed269705.mat"
"s07_dual_role_credit","Dual-Survival-Credit-AOP","DASCMOP4","DAS-CMOP",100,50000,1,269801,50000,4.1308,0.03226643239903672,0.1884375528113809,1,"Dual_Survival_Credit_AOP_DASCMOP4_N100_FE50000_run1_seed269801.mat"
"s07_dual_role_credit","Dual-Survival-Credit-AOP","DASCMOP4","DAS-CMOP",100,50000,2,269802,50000,4.2883,0.4586593000282025,0.03387131535749636,1,"Dual_Survival_Credit_AOP_DASCMOP4_N100_FE50000_run2_seed269802.mat"
"s07_dual_role_credit","Dual-Survival-Credit-AOP","DASCMOP4","DAS-CMOP",100,50000,3,269803,50000,4.5715,0.5372814494447558,0.01252208298947462,1,"Dual_Survival_Credit_AOP_DASCMOP4_N100_FE50000_run3_seed269803.mat"
"s07_dual_role_credit","Dual-Survival-Credit-AOP","DASCMOP4","DAS-CMOP",100,50000,4,269804,50000,4.0924,0.0458480729166546,0.1681286888880634,1,"Dual_Survival_Credit_AOP_DASCMOP4_N100_FE50000_run4_seed269804.mat"
"s07_dual_role_credit","Dual-Survival-Credit-AOP","DASCMOP4","DAS-CMOP",100,50000,5,269805,50000,4.1085,0.3454223012388247,0.0637721606454215,1,"Dual_Survival_Credit_AOP_DASCMOP4_N100_FE50000_run5_seed269805.mat"
"s07_dual_role_credit","Dual-Survival-Credit-AOP","DASCMOP5","DAS-CMOP",100,50000,1,269901,50000,4.5698,0.5106831868361302,0.07140230913236273,1,"Dual_Survival_Credit_AOP_DASCMOP5_N100_FE50000_run1_seed269901.mat"
"s07_dual_role_credit","Dual-Survival-Credit-AOP","DASCMOP5","DAS-CMOP",100,50000,2,269902,50000,4.142,0.4490151997847137,0.0891862374737539,1,"Dual_Survival_Credit_AOP_DASCMOP5_N100_FE50000_run2_seed269902.mat"
"s07_dual_role_credit","Dual-Survival-Credit-AOP","DASCMOP5","DAS-CMOP",100,50000,3,269903,50000,4.1147,0.6691149130662459,0.04019729516782147,1,"Dual_Survival_Credit_AOP_DASCMOP5_N100_FE50000_run3_seed269903.mat"
"s07_dual_role_credit","Dual-Survival-Credit-AOP","DASCMOP5","DAS-CMOP",100,50000,4,269904,50000,4.7855,0.02796569891494593,0.331214540667645,1,"Dual_Survival_Credit_AOP_DASCMOP5_N100_FE50000_run4_seed269904.mat"
"s07_dual_role_credit","Dual-Survival-Credit-AOP","DASCMOP5","DAS-CMOP",100,50000,5,269905,50000,4.3577,0.4147903705798264,0.1084949802238583,1,"Dual_Survival_Credit_AOP_DASCMOP5_N100_FE50000_run5_seed269905.mat"
"s07_dual_role_credit","Dual-Survival-Credit-AOP","DASCMOP6","DAS-CMOP",100,50000,1,270001,50000,4.0355,0.4422701580366915,0.07653749733592392,1,"Dual_Survival_Credit_AOP_DASCMOP6_N100_FE50000_run1_seed270001.mat"
"s07_dual_role_credit","Dual-Survival-Credit-AOP","DASCMOP6","DAS-CMOP",100,50000,2,270002,50000,4.456,0.4535489071150555,0.07414028512969552,1,"Dual_Survival_Credit_AOP_DASCMOP6_N100_FE50000_run2_seed270002.mat"
"s07_dual_role_credit","Dual-Survival-Credit-AOP","DASCMOP6","DAS-CMOP",100,50000,3,270003,50000,4.2693,0.3255955613074307,0.1550504857436572,1,"Dual_Survival_Credit_AOP_DASCMOP6_N100_FE50000_run3_seed270003.mat"
"s07_dual_role_credit","Dual-Survival-Credit-AOP","DASCMOP6","DAS-CMOP",100,50000,4,270004,50000,4.168,0.7082308696910052,0.02269045137032015,1,"Dual_Survival_Credit_AOP_DASCMOP6_N100_FE50000_run4_seed270004.mat"
"s07_dual_role_credit","Dual-Survival-Credit-AOP","DASCMOP6","DAS-CMOP",100,50000,5,270005,50000,4.1607,0.4628008593551107,0.06892184647559924,1,"Dual_Survival_Credit_AOP_DASCMOP6_N100_FE50000_run5_seed270005.mat"
"s07_dual_role_credit","Dual-Survival-Credit-AOP","DASCMOP7","DAS-CMOP",100,50000,1,270101,50000,4.3165,0.06070061909624754,0.2755083412408296,1,"Dual_Survival_Credit_AOP_DASCMOP7_N100_FE50000_run1_seed270101.mat"
"s07_dual_role_credit","Dual-Survival-Credit-AOP","DASCMOP7","DAS-CMOP",100,50000,2,270102,50000,4.8075,0.03521001415878966,0.2842503354999928,1,"Dual_Survival_Credit_AOP_DASCMOP7_N100_FE50000_run2_seed270102.mat"
"s07_dual_role_credit","Dual-Survival-Credit-AOP","DASCMOP7","DAS-CMOP",100,50000,3,270103,50000,4.6615,0.4824161798989881,0.09251456744007312,1,"Dual_Survival_Credit_AOP_DASCMOP7_N100_FE50000_run3_seed270103.mat"
"s07_dual_role_credit","Dual-Survival-Credit-AOP","DASCMOP7","DAS-CMOP",100,50000,4,270104,50000,4.7272,0.270220458817461,0.1637710038562429,1,"Dual_Survival_Credit_AOP_DASCMOP7_N100_FE50000_run4_seed270104.mat"
"s07_dual_role_credit","Dual-Survival-Credit-AOP","DASCMOP7","DAS-CMOP",100,50000,5,270105,50000,4.3469,0.9148912799411809,0.01427289516204359,1,"Dual_Survival_Credit_AOP_DASCMOP7_N100_FE50000_run5_seed270105.mat"
"s07_dual_role_credit","Dual-Survival-Credit-AOP","DASCMOP8","DAS-CMOP",100,50000,1,270201,50000,4.6166,0.05587639247097408,0.2020086278259312,1,"Dual_Survival_Credit_AOP_DASCMOP8_N100_FE50000_run1_seed270201.mat"
"s07_dual_role_credit","Dual-Survival-Credit-AOP","DASCMOP8","DAS-CMOP",100,50000,2,270202,50000,4.5521,0.2846849425756002,0.06400156690793438,1,"Dual_Survival_Credit_AOP_DASCMOP8_N100_FE50000_run2_seed270202.mat"
"s07_dual_role_credit","Dual-Survival-Credit-AOP","DASCMOP8","DAS-CMOP",100,50000,3,270203,50000,4.6089,0.139165574132139,0.1491567628948985,1,"Dual_Survival_Credit_AOP_DASCMOP8_N100_FE50000_run3_seed270203.mat"
"s07_dual_role_credit","Dual-Survival-Credit-AOP","DASCMOP8","DAS-CMOP",100,50000,4,270204,50000,4.6313,0.3389458174823202,0.05223808791192242,1,"Dual_Survival_Credit_AOP_DASCMOP8_N100_FE50000_run4_seed270204.mat"
"s07_dual_role_credit","Dual-Survival-Credit-AOP","DASCMOP8","DAS-CMOP",100,50000,5,270205,50000,5.0195,0.05980160924929975,0.1910171782623332,1,"Dual_Survival_Credit_AOP_DASCMOP8_N100_FE50000_run5_seed270205.mat"
"s07_dual_role_credit","Dual-Survival-Credit-AOP","DASCMOP9","DAS-CMOP",100,50000,1,270301,50000,4.6453,0.07541221239061284,0.1935497902612967,1,"Dual_Survival_Credit_AOP_DASCMOP9_N100_FE50000_run1_seed270301.mat"
"s07_dual_role_credit","Dual-Survival-Credit-AOP","DASCMOP9","DAS-CMOP",100,50000,2,270302,50000,4.8754,0.0703176789706683,0.1994285340308406,1,"Dual_Survival_Credit_AOP_DASCMOP9_N100_FE50000_run2_seed270302.mat"
"s07_dual_role_credit","Dual-Survival-Credit-AOP","DASCMOP9","DAS-CMOP",100,50000,3,270303,50000,4.7158,0.06576941079904727,0.2014845179559833,1,"Dual_Survival_Credit_AOP_DASCMOP9_N100_FE50000_run3_seed270303.mat"
"s07_dual_role_credit","Dual-Survival-Credit-AOP","DASCMOP9","DAS-CMOP",100,50000,4,270304,50000,4.9626,0.05135964950680526,0.203588876404632,1,"Dual_Survival_Credit_AOP_DASCMOP9_N100_FE50000_run4_seed270304.mat"
"s07_dual_role_credit","Dual-Survival-Credit-AOP","DASCMOP9","DAS-CMOP",100,50000,5,270305,50000,5.1338,0.04950477597415176,0.203409735938762,1,"Dual_Survival_Credit_AOP_DASCMOP9_N100_FE50000_run5_seed270305.mat"
"s07_dual_role_credit","Dual-Survival-Credit-AOP","LIRCMOP10","LIR-CMOP",100,50000,1,269001,50000,7.8473,0.2221183833322383,0.595254674172306,1,"Dual_Survival_Credit_AOP_LIRCMOP10_N100_FE50000_run1_seed269001.mat"
"s07_dual_role_credit","Dual-Survival-Credit-AOP","LIRCMOP10","LIR-CMOP",100,50000,2,269002,50000,7.892,0.2223721387210742,0.5953789476651856,1,"Dual_Survival_Credit_AOP_LIRCMOP10_N100_FE50000_run2_seed269002.mat"
"s07_dual_role_credit","Dual-Survival-Credit-AOP","LIRCMOP10","LIR-CMOP",100,50000,3,269003,50000,8.3192,0.2209633890797352,0.5967715197336532,1,"Dual_Survival_Credit_AOP_LIRCMOP10_N100_FE50000_run3_seed269003.mat"
"s07_dual_role_credit","Dual-Survival-Credit-AOP","LIRCMOP10","LIR-CMOP",100,50000,4,269004,50000,7.9609,0.2425483250173406,0.5793578950499976,1,"Dual_Survival_Credit_AOP_LIRCMOP10_N100_FE50000_run4_seed269004.mat"
"s07_dual_role_credit","Dual-Survival-Credit-AOP","LIRCMOP10","LIR-CMOP",100,50000,5,269005,50000,9.0261,0.2304950586961838,0.5921738951439682,1,"Dual_Survival_Credit_AOP_LIRCMOP10_N100_FE50000_run5_seed269005.mat"
"s07_dual_role_credit","Dual-Survival-Credit-AOP","LIRCMOP11","LIR-CMOP",100,50000,1,269101,50000,6.8083,0.07324751530734609,0.6599857190381592,1,"Dual_Survival_Credit_AOP_LIRCMOP11_N100_FE50000_run1_seed269101.mat"
"s07_dual_role_credit","Dual-Survival-Credit-AOP","LIRCMOP11","LIR-CMOP",100,50000,2,269102,50000,7.1511,0.1444963775178762,0.6005066804818983,1,"Dual_Survival_Credit_AOP_LIRCMOP11_N100_FE50000_run2_seed269102.mat"
"s07_dual_role_credit","Dual-Survival-Credit-AOP","LIRCMOP11","LIR-CMOP",100,50000,3,269103,50000,7.2217,0.07638994390090206,0.6556717267132096,1,"Dual_Survival_Credit_AOP_LIRCMOP11_N100_FE50000_run3_seed269103.mat"
"s07_dual_role_credit","Dual-Survival-Credit-AOP","LIRCMOP11","LIR-CMOP",100,50000,4,269104,50000,7.4541,0.07351999760934068,0.6591649436623923,1,"Dual_Survival_Credit_AOP_LIRCMOP11_N100_FE50000_run4_seed269104.mat"
"s07_dual_role_credit","Dual-Survival-Credit-AOP","LIRCMOP11","LIR-CMOP",100,50000,5,269105,50000,6.9926,0.1436959644349323,0.6011810588790789,1,"Dual_Survival_Credit_AOP_LIRCMOP11_N100_FE50000_run5_seed269105.mat"
"s07_dual_role_credit","Dual-Survival-Credit-AOP","LIRCMOP12","LIR-CMOP",100,50000,1,269201,50000,5.2214,0.1973659363216553,0.5075585415642679,1,"Dual_Survival_Credit_AOP_LIRCMOP12_N100_FE50000_run1_seed269201.mat"
"s07_dual_role_credit","Dual-Survival-Credit-AOP","LIRCMOP12","LIR-CMOP",100,50000,2,269202,50000,8.1955,0.1967699811025945,0.5043861491091899,1,"Dual_Survival_Credit_AOP_LIRCMOP12_N100_FE50000_run2_seed269202.mat"
"s07_dual_role_credit","Dual-Survival-Credit-AOP","LIRCMOP12","LIR-CMOP",100,50000,3,269203,50000,5.4654,0.1570309785393464,0.5343606759493272,1,"Dual_Survival_Credit_AOP_LIRCMOP12_N100_FE50000_run3_seed269203.mat"
"s07_dual_role_credit","Dual-Survival-Credit-AOP","LIRCMOP12","LIR-CMOP",100,50000,4,269204,50000,5.3784,0.159905217789813,0.5318836679357928,1,"Dual_Survival_Credit_AOP_LIRCMOP12_N100_FE50000_run4_seed269204.mat"
"s07_dual_role_credit","Dual-Survival-Credit-AOP","LIRCMOP12","LIR-CMOP",100,50000,5,269205,50000,5.5113,0.15995059843501,0.5356982042496102,1,"Dual_Survival_Credit_AOP_LIRCMOP12_N100_FE50000_run5_seed269205.mat"
"s07_dual_role_credit","Dual-Survival-Credit-AOP","LIRCMOP13","LIR-CMOP",100,50000,1,269301,50000,11.4112,0.09807426788866239,0.5426154021624376,1,"Dual_Survival_Credit_AOP_LIRCMOP13_N100_FE50000_run1_seed269301.mat"
"s07_dual_role_credit","Dual-Survival-Credit-AOP","LIRCMOP13","LIR-CMOP",100,50000,2,269302,50000,11.8852,0.09700916643150691,0.5437152029388047,1,"Dual_Survival_Credit_AOP_LIRCMOP13_N100_FE50000_run2_seed269302.mat"
"s07_dual_role_credit","Dual-Survival-Credit-AOP","LIRCMOP13","LIR-CMOP",100,50000,3,269303,50000,11.7661,0.09743794208509442,0.5409376469399461,1,"Dual_Survival_Credit_AOP_LIRCMOP13_N100_FE50000_run3_seed269303.mat"
"s07_dual_role_credit","Dual-Survival-Credit-AOP","LIRCMOP13","LIR-CMOP",100,50000,4,269304,50000,11.7528,0.09826884486108986,0.5408159334547237,1,"Dual_Survival_Credit_AOP_LIRCMOP13_N100_FE50000_run4_seed269304.mat"
"s07_dual_role_credit","Dual-Survival-Credit-AOP","LIRCMOP13","LIR-CMOP",100,50000,5,269305,50000,12.6506,0.09735672921800166,0.5412139429133691,1,"Dual_Survival_Credit_AOP_LIRCMOP13_N100_FE50000_run5_seed269305.mat"
"s07_dual_role_credit","Dual-Survival-Credit-AOP","LIRCMOP14","LIR-CMOP",100,50000,1,269401,50000,10.2086,0.09798839058152184,0.5495531872588447,1,"Dual_Survival_Credit_AOP_LIRCMOP14_N100_FE50000_run1_seed269401.mat"
"s07_dual_role_credit","Dual-Survival-Credit-AOP","LIRCMOP14","LIR-CMOP",100,50000,2,269402,50000,10.0798,0.09578743809333633,0.5507403075605553,1,"Dual_Survival_Credit_AOP_LIRCMOP14_N100_FE50000_run2_seed269402.mat"
"s07_dual_role_credit","Dual-Survival-Credit-AOP","LIRCMOP14","LIR-CMOP",100,50000,3,269403,50000,9.683,0.09635315716370513,0.5496373567934236,1,"Dual_Survival_Credit_AOP_LIRCMOP14_N100_FE50000_run3_seed269403.mat"
"s07_dual_role_credit","Dual-Survival-Credit-AOP","LIRCMOP14","LIR-CMOP",100,50000,4,269404,50000,10.4985,0.09635345858203097,0.5501584942467739,1,"Dual_Survival_Credit_AOP_LIRCMOP14_N100_FE50000_run4_seed269404.mat"
"s07_dual_role_credit","Dual-Survival-Credit-AOP","LIRCMOP14","LIR-CMOP",100,50000,5,269405,50000,10.4482,0.09653787018511106,0.5525097034997666,1,"Dual_Survival_Credit_AOP_LIRCMOP14_N100_FE50000_run5_seed269405.mat"
"s07_dual_role_credit","Dual-Survival-Credit-AOP","LIRCMOP1","LIR-CMOP",100,50000,1,268101,50000,4.4594,0.2611749176975276,0.1237670204729443,1,"Dual_Survival_Credit_AOP_LIRCMOP1_N100_FE50000_run1_seed268101.mat"
"s07_dual_role_credit","Dual-Survival-Credit-AOP","LIRCMOP1","LIR-CMOP",100,50000,2,268102,50000,4.2473,0.2249705132161084,0.130098289205253,1,"Dual_Survival_Credit_AOP_LIRCMOP1_N100_FE50000_run2_seed268102.mat"
"s07_dual_role_credit","Dual-Survival-Credit-AOP","LIRCMOP1","LIR-CMOP",100,50000,3,268103,50000,5.2606,0.2741214728894457,0.1132666087908979,1,"Dual_Survival_Credit_AOP_LIRCMOP1_N100_FE50000_run3_seed268103.mat"
"s07_dual_role_credit","Dual-Survival-Credit-AOP","LIRCMOP1","LIR-CMOP",100,50000,4,268104,50000,4.9454,0.3050650251975361,0.1134599757537172,1,"Dual_Survival_Credit_AOP_LIRCMOP1_N100_FE50000_run4_seed268104.mat"
"s07_dual_role_credit","Dual-Survival-Credit-AOP","LIRCMOP1","LIR-CMOP",100,50000,5,268105,50000,4.4028,0.2692370328639543,0.1188620898517425,1,"Dual_Survival_Credit_AOP_LIRCMOP1_N100_FE50000_run5_seed268105.mat"
"s07_dual_role_credit","Dual-Survival-Credit-AOP","LIRCMOP2","LIR-CMOP",100,50000,1,268201,50000,4.7307,0.2344576232983298,0.2234264583359739,1,"Dual_Survival_Credit_AOP_LIRCMOP2_N100_FE50000_run1_seed268201.mat"
"s07_dual_role_credit","Dual-Survival-Credit-AOP","LIRCMOP2","LIR-CMOP",100,50000,2,268202,50000,5.5291,0.1614449816990875,0.2648055168705779,1,"Dual_Survival_Credit_AOP_LIRCMOP2_N100_FE50000_run2_seed268202.mat"
"s07_dual_role_credit","Dual-Survival-Credit-AOP","LIRCMOP2","LIR-CMOP",100,50000,3,268203,50000,4.8224,0.2754147265311564,0.2278519775130486,1,"Dual_Survival_Credit_AOP_LIRCMOP2_N100_FE50000_run3_seed268203.mat"
"s07_dual_role_credit","Dual-Survival-Credit-AOP","LIRCMOP2","LIR-CMOP",100,50000,4,268204,50000,4.8117,0.0830198334605594,0.3121464207367405,1,"Dual_Survival_Credit_AOP_LIRCMOP2_N100_FE50000_run4_seed268204.mat"
"s07_dual_role_credit","Dual-Survival-Credit-AOP","LIRCMOP2","LIR-CMOP",100,50000,5,268205,50000,4.8296,0.1763384490603498,0.2546765816187244,1,"Dual_Survival_Credit_AOP_LIRCMOP2_N100_FE50000_run5_seed268205.mat"
"s07_dual_role_credit","Dual-Survival-Credit-AOP","LIRCMOP3","LIR-CMOP",100,50000,1,268301,50000,5.0405,0.3418713428704176,0.09413695895617534,1,"Dual_Survival_Credit_AOP_LIRCMOP3_N100_FE50000_run1_seed268301.mat"
"s07_dual_role_credit","Dual-Survival-Credit-AOP","LIRCMOP3","LIR-CMOP",100,50000,2,268302,50000,4.8396,0.2773188202616684,0.1067493469654088,1,"Dual_Survival_Credit_AOP_LIRCMOP3_N100_FE50000_run2_seed268302.mat"
"s07_dual_role_credit","Dual-Survival-Credit-AOP","LIRCMOP3","LIR-CMOP",100,50000,3,268303,50000,5.2239,0.2687890915338322,0.1088522109304078,1,"Dual_Survival_Credit_AOP_LIRCMOP3_N100_FE50000_run3_seed268303.mat"
"s07_dual_role_credit","Dual-Survival-Credit-AOP","LIRCMOP3","LIR-CMOP",100,50000,4,268304,50000,4.9531,0.2273654270465671,0.1161237153432469,1,"Dual_Survival_Credit_AOP_LIRCMOP3_N100_FE50000_run4_seed268304.mat"
"s07_dual_role_credit","Dual-Survival-Credit-AOP","LIRCMOP3","LIR-CMOP",100,50000,5,268305,50000,4.9418,0.2783493741465425,0.1062376500564458,1,"Dual_Survival_Credit_AOP_LIRCMOP3_N100_FE50000_run5_seed268305.mat"
"s07_dual_role_credit","Dual-Survival-Credit-AOP","LIRCMOP4","LIR-CMOP",100,50000,1,268401,50000,5.0958,0.2836902311853619,0.1868089717353786,1,"Dual_Survival_Credit_AOP_LIRCMOP4_N100_FE50000_run1_seed268401.mat"
"s07_dual_role_credit","Dual-Survival-Credit-AOP","LIRCMOP4","LIR-CMOP",100,50000,2,268402,50000,5.0052,0.2725900467949779,0.1929121561357941,1,"Dual_Survival_Credit_AOP_LIRCMOP4_N100_FE50000_run2_seed268402.mat"
"s07_dual_role_credit","Dual-Survival-Credit-AOP","LIRCMOP4","LIR-CMOP",100,50000,3,268403,50000,5.2343,0.09028368086627617,0.2785207027470385,1,"Dual_Survival_Credit_AOP_LIRCMOP4_N100_FE50000_run3_seed268403.mat"
"s07_dual_role_credit","Dual-Survival-Credit-AOP","LIRCMOP4","LIR-CMOP",100,50000,4,268404,50000,5.1462,0.2498205705665335,0.2102027363428322,1,"Dual_Survival_Credit_AOP_LIRCMOP4_N100_FE50000_run4_seed268404.mat"
"s07_dual_role_credit","Dual-Survival-Credit-AOP","LIRCMOP4","LIR-CMOP",100,50000,5,268405,50000,4.8186,0.2522385574115756,0.208252146005539,1,"Dual_Survival_Credit_AOP_LIRCMOP4_N100_FE50000_run5_seed268405.mat"
"s07_dual_role_credit","Dual-Survival-Credit-AOP","LIRCMOP5","LIR-CMOP",100,50000,1,268501,50000,6.492,0.1501422741084836,0.2029135498506046,1,"Dual_Survival_Credit_AOP_LIRCMOP5_N100_FE50000_run1_seed268501.mat"
"s07_dual_role_credit","Dual-Survival-Credit-AOP","LIRCMOP5","LIR-CMOP",100,50000,2,268502,50000,5.8412,0.1824301937776729,0.1899678842251429,1,"Dual_Survival_Credit_AOP_LIRCMOP5_N100_FE50000_run2_seed268502.mat"
"s07_dual_role_credit","Dual-Survival-Credit-AOP","LIRCMOP5","LIR-CMOP",100,50000,3,268503,50000,5.8414,0.03677099799242281,0.271912278812336,1,"Dual_Survival_Credit_AOP_LIRCMOP5_N100_FE50000_run3_seed268503.mat"
"s07_dual_role_credit","Dual-Survival-Credit-AOP","LIRCMOP5","LIR-CMOP",100,50000,4,268504,50000,6.7367,0.04990325794062876,0.2711336685654071,1,"Dual_Survival_Credit_AOP_LIRCMOP5_N100_FE50000_run4_seed268504.mat"
"s07_dual_role_credit","Dual-Survival-Credit-AOP","LIRCMOP5","LIR-CMOP",100,50000,5,268505,50000,5.8013,0.1278406429804508,0.2123509786881154,1,"Dual_Survival_Credit_AOP_LIRCMOP5_N100_FE50000_run5_seed268505.mat"
"s07_dual_role_credit","Dual-Survival-Credit-AOP","LIRCMOP6","LIR-CMOP",100,50000,1,268601,50000,5.44,0.140416527173176,0.1528192711808963,1,"Dual_Survival_Credit_AOP_LIRCMOP6_N100_FE50000_run1_seed268601.mat"
"s07_dual_role_credit","Dual-Survival-Credit-AOP","LIRCMOP6","LIR-CMOP",100,50000,2,268602,50000,5.1659,0.07102181509805566,0.1691475980218217,1,"Dual_Survival_Credit_AOP_LIRCMOP6_N100_FE50000_run2_seed268602.mat"
"s07_dual_role_credit","Dual-Survival-Credit-AOP","LIRCMOP6","LIR-CMOP",100,50000,3,268603,50000,5.3149,0.04995946569926256,0.1784870690564556,1,"Dual_Survival_Credit_AOP_LIRCMOP6_N100_FE50000_run3_seed268603.mat"
"s07_dual_role_credit","Dual-Survival-Credit-AOP","LIRCMOP6","LIR-CMOP",100,50000,4,268604,50000,6.0571,0.2697347477858205,0.1385510749345966,1,"Dual_Survival_Credit_AOP_LIRCMOP6_N100_FE50000_run4_seed268604.mat"
"s07_dual_role_credit","Dual-Survival-Credit-AOP","LIRCMOP6","LIR-CMOP",100,50000,5,268605,50000,5.1533,0.1768098115822993,0.1342297405848854,1,"Dual_Survival_Credit_AOP_LIRCMOP6_N100_FE50000_run5_seed268605.mat"
"s07_dual_role_credit","Dual-Survival-Credit-AOP","LIRCMOP7","LIR-CMOP",100,50000,1,268701,50000,4.5176,0.01764229591026991,0.2874486792026499,1,"Dual_Survival_Credit_AOP_LIRCMOP7_N100_FE50000_run1_seed268701.mat"
"s07_dual_role_credit","Dual-Survival-Credit-AOP","LIRCMOP7","LIR-CMOP",100,50000,2,268702,50000,4.5656,0.1220342195897686,0.2506019841474362,1,"Dual_Survival_Credit_AOP_LIRCMOP7_N100_FE50000_run2_seed268702.mat"
"s07_dual_role_credit","Dual-Survival-Credit-AOP","LIRCMOP7","LIR-CMOP",100,50000,3,268703,50000,4.538,0.01040845365352712,0.2925199149171981,1,"Dual_Survival_Credit_AOP_LIRCMOP7_N100_FE50000_run3_seed268703.mat"
"s07_dual_role_credit","Dual-Survival-Credit-AOP","LIRCMOP7","LIR-CMOP",100,50000,4,268704,50000,4.32,0.1491526836637833,0.2417335849316674,1,"Dual_Survival_Credit_AOP_LIRCMOP7_N100_FE50000_run4_seed268704.mat"
"s07_dual_role_credit","Dual-Survival-Credit-AOP","LIRCMOP7","LIR-CMOP",100,50000,5,268705,50000,4.156,0.009944692745557626,0.2922509755367798,1,"Dual_Survival_Credit_AOP_LIRCMOP7_N100_FE50000_run5_seed268705.mat"
"s07_dual_role_credit","Dual-Survival-Credit-AOP","LIRCMOP8","LIR-CMOP",100,50000,1,268801,50000,4.9429,0.009697127202794059,0.2929387951043927,1,"Dual_Survival_Credit_AOP_LIRCMOP8_N100_FE50000_run1_seed268801.mat"
"s07_dual_role_credit","Dual-Survival-Credit-AOP","LIRCMOP8","LIR-CMOP",100,50000,2,268802,50000,4.3768,0.01294709678270816,0.2913323641235968,1,"Dual_Survival_Credit_AOP_LIRCMOP8_N100_FE50000_run2_seed268802.mat"
"s07_dual_role_credit","Dual-Survival-Credit-AOP","LIRCMOP8","LIR-CMOP",100,50000,3,268803,50000,4.8219,0.01767480784688536,0.2892917873861132,1,"Dual_Survival_Credit_AOP_LIRCMOP8_N100_FE50000_run3_seed268803.mat"
"s07_dual_role_credit","Dual-Survival-Credit-AOP","LIRCMOP8","LIR-CMOP",100,50000,4,268804,50000,4.0291,0.04552772635549645,0.2743363880601919,1,"Dual_Survival_Credit_AOP_LIRCMOP8_N100_FE50000_run4_seed268804.mat"
"s07_dual_role_credit","Dual-Survival-Credit-AOP","LIRCMOP8","LIR-CMOP",100,50000,5,268805,50000,4.5962,0.06633622791218888,0.265826556287121,1,"Dual_Survival_Credit_AOP_LIRCMOP8_N100_FE50000_run5_seed268805.mat"
"s07_dual_role_credit","Dual-Survival-Credit-AOP","LIRCMOP9","LIR-CMOP",100,50000,1,268901,50000,6.9316,0.4234233126766048,0.387444460542969,1,"Dual_Survival_Credit_AOP_LIRCMOP9_N100_FE50000_run1_seed268901.mat"
"s07_dual_role_credit","Dual-Survival-Credit-AOP","LIRCMOP9","LIR-CMOP",100,50000,2,268902,50000,7.7828,0.4150630751148635,0.3944681884138725,1,"Dual_Survival_Credit_AOP_LIRCMOP9_N100_FE50000_run2_seed268902.mat"
"s07_dual_role_credit","Dual-Survival-Credit-AOP","LIRCMOP9","LIR-CMOP",100,50000,3,268903,50000,6.8371,0.5067419055019222,0.3574210780402591,1,"Dual_Survival_Credit_AOP_LIRCMOP9_N100_FE50000_run3_seed268903.mat"
"s07_dual_role_credit","Dual-Survival-Credit-AOP","LIRCMOP9","LIR-CMOP",100,50000,4,268904,50000,7.038,0.4028785625682831,0.3972510817001438,1,"Dual_Survival_Credit_AOP_LIRCMOP9_N100_FE50000_run4_seed268904.mat"
"s07_dual_role_credit","Dual-Survival-Credit-AOP","LIRCMOP9","LIR-CMOP",100,50000,5,268905,50000,7.0678,0.5093293919328401,0.3530464576723983,1,"Dual_Survival_Credit_AOP_LIRCMOP9_N100_FE50000_run5_seed268905.mat"
"s07_dual_role_credit","EMCMO","CF10","CF",100,50000,1,218001,50000,9.6145,0.2179152946243979,0.1770992076036443,1,"EMCMO_CF10_N100_FE50000_run1_seed218001.mat"
"s07_dual_role_credit","EMCMO","CF10","CF",100,50000,2,218002,50000,9.2906,0.3225424893748695,0.1606056163650501,1,"EMCMO_CF10_N100_FE50000_run2_seed218002.mat"
"s07_dual_role_credit","EMCMO","CF10","CF",100,50000,3,218003,50000,13.202,0.3197961402539664,0.2136665303764746,1,"EMCMO_CF10_N100_FE50000_run3_seed218003.mat"
"s07_dual_role_credit","EMCMO","CF10","CF",100,50000,4,218004,50000,9.9781,0.3967687138337485,0.089229265141706,1,"EMCMO_CF10_N100_FE50000_run4_seed218004.mat"
"s07_dual_role_credit","EMCMO","CF10","CF",100,50000,5,218005,50000,8.7619,0.3596944063201806,0.1762952404818151,1,"EMCMO_CF10_N100_FE50000_run5_seed218005.mat"
"s07_dual_role_credit","EMCMO","CF1","CF",100,50000,1,217101,50000,5.1519,0.01286028712337322,0.5497953652018941,1,"EMCMO_CF1_N100_FE50000_run1_seed217101.mat"
"s07_dual_role_credit","EMCMO","CF1","CF",100,50000,2,217102,50000,5.1366,0.01309225205589133,0.549916694603661,1,"EMCMO_CF1_N100_FE50000_run2_seed217102.mat"
"s07_dual_role_credit","EMCMO","CF1","CF",100,50000,3,217103,50000,5.143,0.01078527087139817,0.5528106773964844,1,"EMCMO_CF1_N100_FE50000_run3_seed217103.mat"
"s07_dual_role_credit","EMCMO","CF1","CF",100,50000,4,217104,50000,5.1458,0.009713428434954114,0.5540126565261888,1,"EMCMO_CF1_N100_FE50000_run4_seed217104.mat"
"s07_dual_role_credit","EMCMO","CF1","CF",100,50000,5,217105,50000,5.2702,0.01071033305747716,0.5525897664378008,1,"EMCMO_CF1_N100_FE50000_run5_seed217105.mat"
"s07_dual_role_credit","EMCMO","CF2","CF",100,50000,1,217201,50000,8.6609,0.01923363903818689,0.6492740631284878,1,"EMCMO_CF2_N100_FE50000_run1_seed217201.mat"
"s07_dual_role_credit","EMCMO","CF2","CF",100,50000,2,217202,50000,8.2,0.05984480937326805,0.5930206417314389,1,"EMCMO_CF2_N100_FE50000_run2_seed217202.mat"
"s07_dual_role_credit","EMCMO","CF2","CF",100,50000,3,217203,50000,7.5468,0.07988497322074037,0.5915263231109492,1,"EMCMO_CF2_N100_FE50000_run3_seed217203.mat"
"s07_dual_role_credit","EMCMO","CF2","CF",100,50000,4,217204,50000,8.422,0.05571356610485545,0.595965844732845,1,"EMCMO_CF2_N100_FE50000_run4_seed217204.mat"
"s07_dual_role_credit","EMCMO","CF2","CF",100,50000,5,217205,50000,8.5861,0.0603733918532082,0.5862392614301694,1,"EMCMO_CF2_N100_FE50000_run5_seed217205.mat"
"s07_dual_role_credit","EMCMO","CF3","CF",100,50000,1,217301,50000,7.0918,0.1575700173730735,0.2173736126004138,1,"EMCMO_CF3_N100_FE50000_run1_seed217301.mat"
"s07_dual_role_credit","EMCMO","CF3","CF",100,50000,2,217302,50000,5.9569,0.2936606786908124,0.1187505228593064,1,"EMCMO_CF3_N100_FE50000_run2_seed217302.mat"
"s07_dual_role_credit","EMCMO","CF3","CF",100,50000,3,217303,50000,7.7159,0.2641551188681598,0.1370651642197102,1,"EMCMO_CF3_N100_FE50000_run3_seed217303.mat"
"s07_dual_role_credit","EMCMO","CF3","CF",100,50000,4,217304,50000,6.0203,0.2484777325854875,0.164935337528699,1,"EMCMO_CF3_N100_FE50000_run4_seed217304.mat"
"s07_dual_role_credit","EMCMO","CF3","CF",100,50000,5,217305,50000,6.72,0.2182604927935276,0.1650685070263235,1,"EMCMO_CF3_N100_FE50000_run5_seed217305.mat"
"s07_dual_role_credit","EMCMO","CF4","CF",100,50000,1,217401,50000,7.6685,0.08803272742380475,0.4374385364723142,1,"EMCMO_CF4_N100_FE50000_run1_seed217401.mat"
"s07_dual_role_credit","EMCMO","CF4","CF",100,50000,2,217402,50000,8.3313,0.07065118021882433,0.4426549145250073,1,"EMCMO_CF4_N100_FE50000_run2_seed217402.mat"
"s07_dual_role_credit","EMCMO","CF4","CF",100,50000,3,217403,50000,6.2196,0.08447492159500866,0.432005242583883,1,"EMCMO_CF4_N100_FE50000_run3_seed217403.mat"
"s07_dual_role_credit","EMCMO","CF4","CF",100,50000,4,217404,50000,7.0023,0.09272369795316866,0.4246329063022316,1,"EMCMO_CF4_N100_FE50000_run4_seed217404.mat"
"s07_dual_role_credit","EMCMO","CF4","CF",100,50000,5,217405,50000,8.5168,0.06919560376028855,0.4492592928601049,1,"EMCMO_CF4_N100_FE50000_run5_seed217405.mat"
"s07_dual_role_credit","EMCMO","CF5","CF",100,50000,1,217501,50000,9.7884,0.3191187638874621,0.2168828056678966,1,"EMCMO_CF5_N100_FE50000_run1_seed217501.mat"
"s07_dual_role_credit","EMCMO","CF5","CF",100,50000,2,217502,50000,10.153,0.4871846777877395,0.1985752362963393,1,"EMCMO_CF5_N100_FE50000_run2_seed217502.mat"
"s07_dual_role_credit","EMCMO","CF5","CF",100,50000,3,217503,50000,10.8157,0.4324152102084448,0.1537685542515397,1,"EMCMO_CF5_N100_FE50000_run3_seed217503.mat"
"s07_dual_role_credit","EMCMO","CF5","CF",100,50000,4,217504,50000,8.2329,0.1815886090380092,0.3692444481107507,1,"EMCMO_CF5_N100_FE50000_run4_seed217504.mat"
"s07_dual_role_credit","EMCMO","CF5","CF",100,50000,5,217505,50000,6.1881,0.2029929212274169,0.3447517683142329,1,"EMCMO_CF5_N100_FE50000_run5_seed217505.mat"
"s07_dual_role_credit","EMCMO","CF6","CF",100,50000,1,217601,50000,10.6212,0.04505232139733274,0.6452587787164772,1,"EMCMO_CF6_N100_FE50000_run1_seed217601.mat"
"s07_dual_role_credit","EMCMO","CF6","CF",100,50000,2,217602,50000,11.0879,0.05792089510646929,0.6464139010668081,1,"EMCMO_CF6_N100_FE50000_run2_seed217602.mat"
"s07_dual_role_credit","EMCMO","CF6","CF",100,50000,3,217603,50000,11.5108,0.08519709953640349,0.6264517556763001,1,"EMCMO_CF6_N100_FE50000_run3_seed217603.mat"
"s07_dual_role_credit","EMCMO","CF6","CF",100,50000,4,217604,50000,11.0631,0.05279536988596152,0.6595704242948768,1,"EMCMO_CF6_N100_FE50000_run4_seed217604.mat"
"s07_dual_role_credit","EMCMO","CF6","CF",100,50000,5,217605,50000,11.4143,0.05999348264138123,0.6311283765376321,1,"EMCMO_CF6_N100_FE50000_run5_seed217605.mat"
"s07_dual_role_credit","EMCMO","CF7","CF",100,50000,1,217701,50000,6.5011,0.1857159748926673,0.4517074528372636,1,"EMCMO_CF7_N100_FE50000_run1_seed217701.mat"
"s07_dual_role_credit","EMCMO","CF7","CF",100,50000,2,217702,50000,8.9651,0.5317396451734511,0.2861023757587529,1,"EMCMO_CF7_N100_FE50000_run2_seed217702.mat"
"s07_dual_role_credit","EMCMO","CF7","CF",100,50000,3,217703,50000,8.684,0.1650702706811899,0.554751616074171,1,"EMCMO_CF7_N100_FE50000_run3_seed217703.mat"
"s07_dual_role_credit","EMCMO","CF7","CF",100,50000,4,217704,50000,8.9091,0.31916028853596,0.4153442784246094,1,"EMCMO_CF7_N100_FE50000_run4_seed217704.mat"
"s07_dual_role_credit","EMCMO","CF7","CF",100,50000,5,217705,50000,5.64,0.1751395366822956,0.5479408294853666,1,"EMCMO_CF7_N100_FE50000_run5_seed217705.mat"
"s07_dual_role_credit","EMCMO","CF8","CF",100,50000,1,217801,50000,8.9608,0.2018607780132801,0.2908418925600899,1,"EMCMO_CF8_N100_FE50000_run1_seed217801.mat"
"s07_dual_role_credit","EMCMO","CF8","CF",100,50000,2,217802,50000,9.2388,0.228219493394986,0.2346544439416049,1,"EMCMO_CF8_N100_FE50000_run2_seed217802.mat"
"s07_dual_role_credit","EMCMO","CF8","CF",100,50000,3,217803,50000,9.5566,0.2439711506686514,0.2482580616199095,1,"EMCMO_CF8_N100_FE50000_run3_seed217803.mat"
"s07_dual_role_credit","EMCMO","CF8","CF",100,50000,4,217804,50000,13.3554,0.3808734925521451,0.1432298226200172,1,"EMCMO_CF8_N100_FE50000_run4_seed217804.mat"
"s07_dual_role_credit","EMCMO","CF8","CF",100,50000,5,217805,50000,9.908,0.1779108755516211,0.2948108874181355,1,"EMCMO_CF8_N100_FE50000_run5_seed217805.mat"
"s07_dual_role_credit","EMCMO","CF9","CF",100,50000,1,217901,50000,11.3768,0.1220101273255439,0.3813219981269723,1,"EMCMO_CF9_N100_FE50000_run1_seed217901.mat"
"s07_dual_role_credit","EMCMO","CF9","CF",100,50000,2,217902,50000,11.3775,0.1158969499144155,0.3937846363923964,1,"EMCMO_CF9_N100_FE50000_run2_seed217902.mat"
"s07_dual_role_credit","EMCMO","CF9","CF",100,50000,3,217903,50000,12.0882,0.1065377524161674,0.4047210929949371,1,"EMCMO_CF9_N100_FE50000_run3_seed217903.mat"
"s07_dual_role_credit","EMCMO","CF9","CF",100,50000,4,217904,50000,11.2951,0.1313475798520238,0.3593843075682479,1,"EMCMO_CF9_N100_FE50000_run4_seed217904.mat"
"s07_dual_role_credit","EMCMO","CF9","CF",100,50000,5,217905,50000,10.5756,0.1005062131699988,0.4267562590937952,1,"EMCMO_CF9_N100_FE50000_run5_seed217905.mat"
"s07_dual_role_credit","EMCMO","DASCMOP1","DAS-CMOP",100,50000,1,219501,50000,4.693,0.7482536291189824,0.00311732855229405,1,"EMCMO_DASCMOP1_N100_FE50000_run1_seed219501.mat"
"s07_dual_role_credit","EMCMO","DASCMOP1","DAS-CMOP",100,50000,2,219502,50000,4.8249,0.7448220175354332,0.003780111650399611,1,"EMCMO_DASCMOP1_N100_FE50000_run2_seed219502.mat"
"s07_dual_role_credit","EMCMO","DASCMOP1","DAS-CMOP",100,50000,3,219503,50000,4.5271,0.7602544405804522,0.001272124008879819,1,"EMCMO_DASCMOP1_N100_FE50000_run3_seed219503.mat"
"s07_dual_role_credit","EMCMO","DASCMOP1","DAS-CMOP",100,50000,4,219504,50000,4.6318,0.7252337973471578,0.008324480654662632,1,"EMCMO_DASCMOP1_N100_FE50000_run4_seed219504.mat"
"s07_dual_role_credit","EMCMO","DASCMOP1","DAS-CMOP",100,50000,5,219505,50000,4.7256,0.7285913810832541,0.007102920830767164,1,"EMCMO_DASCMOP1_N100_FE50000_run5_seed219505.mat"
"s07_dual_role_credit","EMCMO","DASCMOP2","DAS-CMOP",100,50000,1,219601,50000,4.0986,0.2483833739648638,0.2523545726371865,1,"EMCMO_DASCMOP2_N100_FE50000_run1_seed219601.mat"
"s07_dual_role_credit","EMCMO","DASCMOP2","DAS-CMOP",100,50000,2,219602,50000,4.5676,0.231252999299093,0.2574788714757508,1,"EMCMO_DASCMOP2_N100_FE50000_run2_seed219602.mat"
"s07_dual_role_credit","EMCMO","DASCMOP2","DAS-CMOP",100,50000,3,219603,50000,4.7316,0.2304363264352275,0.2509365962946138,1,"EMCMO_DASCMOP2_N100_FE50000_run3_seed219603.mat"
"s07_dual_role_credit","EMCMO","DASCMOP2","DAS-CMOP",100,50000,4,219604,50000,4.553,0.2103501188917471,0.2511813856735898,1,"EMCMO_DASCMOP2_N100_FE50000_run4_seed219604.mat"
"s07_dual_role_credit","EMCMO","DASCMOP2","DAS-CMOP",100,50000,5,219605,50000,4.2051,0.2384194905822484,0.2556862649762513,1,"EMCMO_DASCMOP2_N100_FE50000_run5_seed219605.mat"
"s07_dual_role_credit","EMCMO","DASCMOP3","DAS-CMOP",100,50000,1,219701,50000,4.2704,0.2568679570689187,0.2160555843399162,1,"EMCMO_DASCMOP3_N100_FE50000_run1_seed219701.mat"
"s07_dual_role_credit","EMCMO","DASCMOP3","DAS-CMOP",100,50000,2,219702,50000,4.3953,0.3447370792767697,0.208288925609462,1,"EMCMO_DASCMOP3_N100_FE50000_run2_seed219702.mat"
"s07_dual_role_credit","EMCMO","DASCMOP3","DAS-CMOP",100,50000,3,219703,50000,4.0129,0.3453745502228945,0.2083817870921918,1,"EMCMO_DASCMOP3_N100_FE50000_run3_seed219703.mat"
"s07_dual_role_credit","EMCMO","DASCMOP3","DAS-CMOP",100,50000,4,219704,50000,4.6369,0.3448490228716989,0.2083727459739649,1,"EMCMO_DASCMOP3_N100_FE50000_run4_seed219704.mat"
"s07_dual_role_credit","EMCMO","DASCMOP3","DAS-CMOP",100,50000,5,219705,50000,4.5224,0.3453846597066216,0.2081745278826808,1,"EMCMO_DASCMOP3_N100_FE50000_run5_seed219705.mat"
"s07_dual_role_credit","EMCMO","DASCMOP4","DAS-CMOP",100,50000,1,219801,50000,4.447,0.001822150858369958,0.2028059890554073,1,"EMCMO_DASCMOP4_N100_FE50000_run1_seed219801.mat"
"s07_dual_role_credit","EMCMO","DASCMOP4","DAS-CMOP",100,50000,2,219802,50000,4.7345,0.004055505737261661,0.1957319070719017,1,"EMCMO_DASCMOP4_N100_FE50000_run2_seed219802.mat"
"s07_dual_role_credit","EMCMO","DASCMOP4","DAS-CMOP",100,50000,3,219803,50000,4.872,0.004073512665656481,0.1955946231191266,1,"EMCMO_DASCMOP4_N100_FE50000_run3_seed219803.mat"
"s07_dual_role_credit","EMCMO","DASCMOP4","DAS-CMOP",100,50000,4,219804,50000,4.4104,0.001688683941998401,0.2032602492515997,1,"EMCMO_DASCMOP4_N100_FE50000_run4_seed219804.mat"
"s07_dual_role_credit","EMCMO","DASCMOP4","DAS-CMOP",100,50000,5,219805,50000,4.3593,0.001202403376662514,0.2038225189926509,1,"EMCMO_DASCMOP4_N100_FE50000_run5_seed219805.mat"
"s07_dual_role_credit","EMCMO","DASCMOP5","DAS-CMOP",100,50000,1,219901,50000,4.6662,0.02210898215609194,0.3422285545397125,1,"EMCMO_DASCMOP5_N100_FE50000_run1_seed219901.mat"
"s07_dual_role_credit","EMCMO","DASCMOP5","DAS-CMOP",100,50000,2,219902,50000,4.2566,0.002744164381823625,0.3511829531250932,1,"EMCMO_DASCMOP5_N100_FE50000_run2_seed219902.mat"
"s07_dual_role_credit","EMCMO","DASCMOP5","DAS-CMOP",100,50000,3,219903,50000,4.5834,0.003560609355251708,0.3503539232009161,1,"EMCMO_DASCMOP5_N100_FE50000_run3_seed219903.mat"
"s07_dual_role_credit","EMCMO","DASCMOP5","DAS-CMOP",100,50000,4,219904,50000,4.6645,0.002923033697396217,0.3512559235586418,1,"EMCMO_DASCMOP5_N100_FE50000_run4_seed219904.mat"
"s07_dual_role_credit","EMCMO","DASCMOP5","DAS-CMOP",100,50000,5,219905,50000,4.3153,0.003287750693618691,0.3510508341731274,1,"EMCMO_DASCMOP5_N100_FE50000_run5_seed219905.mat"
"s07_dual_role_credit","EMCMO","DASCMOP6","DAS-CMOP",100,50000,1,220001,50000,4.1703,0.03220275500519461,0.2809683293017771,1,"EMCMO_DASCMOP6_N100_FE50000_run1_seed220001.mat"
"s07_dual_role_credit","EMCMO","DASCMOP6","DAS-CMOP",100,50000,2,220002,50000,4.5487,0.07267522744385693,0.2768756034064097,1,"EMCMO_DASCMOP6_N100_FE50000_run2_seed220002.mat"
"s07_dual_role_credit","EMCMO","DASCMOP6","DAS-CMOP",100,50000,3,220003,50000,4.3766,0.01967561864906701,0.3117275514759633,1,"EMCMO_DASCMOP6_N100_FE50000_run3_seed220003.mat"
"s07_dual_role_credit","EMCMO","DASCMOP6","DAS-CMOP",100,50000,4,220004,50000,4.3155,0.09457291649330299,0.3024441864628482,1,"EMCMO_DASCMOP6_N100_FE50000_run4_seed220004.mat"
"s07_dual_role_credit","EMCMO","DASCMOP6","DAS-CMOP",100,50000,5,220005,50000,4.4972,0.07349616176701508,0.2989516627347416,1,"EMCMO_DASCMOP6_N100_FE50000_run5_seed220005.mat"
"s07_dual_role_credit","EMCMO","DASCMOP7","DAS-CMOP",100,50000,1,220101,50000,6.2847,0.02943599571319149,0.2886276649643798,1,"EMCMO_DASCMOP7_N100_FE50000_run1_seed220101.mat"
"s07_dual_role_credit","EMCMO","DASCMOP7","DAS-CMOP",100,50000,2,220102,50000,6.5785,0.03116518249492755,0.2879965383818661,1,"EMCMO_DASCMOP7_N100_FE50000_run2_seed220102.mat"
"s07_dual_role_credit","EMCMO","DASCMOP7","DAS-CMOP",100,50000,3,220103,50000,5.4878,0.05146441019748067,0.279754453271684,1,"EMCMO_DASCMOP7_N100_FE50000_run3_seed220103.mat"
"s07_dual_role_credit","EMCMO","DASCMOP7","DAS-CMOP",100,50000,4,220104,50000,5.4542,0.03327422145491374,0.2877504376761605,1,"EMCMO_DASCMOP7_N100_FE50000_run4_seed220104.mat"
"s07_dual_role_credit","EMCMO","DASCMOP7","DAS-CMOP",100,50000,5,220105,50000,5.8607,0.03932563746403438,0.278162959004303,1,"EMCMO_DASCMOP7_N100_FE50000_run5_seed220105.mat"
"s07_dual_role_credit","EMCMO","DASCMOP8","DAS-CMOP",100,50000,1,220201,50000,5.3869,0.04025967607413915,0.2060568366502771,1,"EMCMO_DASCMOP8_N100_FE50000_run1_seed220201.mat"
"s07_dual_role_credit","EMCMO","DASCMOP8","DAS-CMOP",100,50000,2,220202,50000,5.8994,0.03981765273885981,0.2069366351591878,1,"EMCMO_DASCMOP8_N100_FE50000_run2_seed220202.mat"
"s07_dual_role_credit","EMCMO","DASCMOP8","DAS-CMOP",100,50000,3,220203,50000,5.2923,0.06264140660567029,0.2021214901877911,1,"EMCMO_DASCMOP8_N100_FE50000_run3_seed220203.mat"
"s07_dual_role_credit","EMCMO","DASCMOP8","DAS-CMOP",100,50000,4,220204,50000,4.5723,0.04521924959145229,0.205960110205898,1,"EMCMO_DASCMOP8_N100_FE50000_run4_seed220204.mat"
"s07_dual_role_credit","EMCMO","DASCMOP8","DAS-CMOP",100,50000,5,220205,50000,5.0247,0.04812221335786974,0.2038886388024671,1,"EMCMO_DASCMOP8_N100_FE50000_run5_seed220205.mat"
"s07_dual_role_credit","EMCMO","DASCMOP9","DAS-CMOP",100,50000,1,220301,50000,4.3622,0.3866420194528336,0.1221106211972224,1,"EMCMO_DASCMOP9_N100_FE50000_run1_seed220301.mat"
"s07_dual_role_credit","EMCMO","DASCMOP9","DAS-CMOP",100,50000,2,220302,50000,3.4757,0.3285656656502473,0.13326951687111,1,"EMCMO_DASCMOP9_N100_FE50000_run2_seed220302.mat"
"s07_dual_role_credit","EMCMO","DASCMOP9","DAS-CMOP",100,50000,3,220303,50000,4.2892,0.4114414280982318,0.1206347220654992,1,"EMCMO_DASCMOP9_N100_FE50000_run3_seed220303.mat"
"s07_dual_role_credit","EMCMO","DASCMOP9","DAS-CMOP",100,50000,4,220304,50000,4.6271,0.3065760209841599,0.1404593498195967,1,"EMCMO_DASCMOP9_N100_FE50000_run4_seed220304.mat"
"s07_dual_role_credit","EMCMO","DASCMOP9","DAS-CMOP",100,50000,5,220305,50000,3.6904,0.268038070448449,0.1372438049704502,1,"EMCMO_DASCMOP9_N100_FE50000_run5_seed220305.mat"
"s07_dual_role_credit","EMCMO","LIRCMOP10","LIR-CMOP",100,50000,1,219001,50000,6.7912,0.236186658447869,0.5886956333927091,1,"EMCMO_LIRCMOP10_N100_FE50000_run1_seed219001.mat"
"s07_dual_role_credit","EMCMO","LIRCMOP10","LIR-CMOP",100,50000,2,219002,50000,6.4187,0.3742617462910016,0.4228232823087303,1,"EMCMO_LIRCMOP10_N100_FE50000_run2_seed219002.mat"
"s07_dual_role_credit","EMCMO","LIRCMOP10","LIR-CMOP",100,50000,3,219003,50000,5.6101,0.2348015165612173,0.5599930491246732,1,"EMCMO_LIRCMOP10_N100_FE50000_run3_seed219003.mat"
"s07_dual_role_credit","EMCMO","LIRCMOP10","LIR-CMOP",100,50000,4,219004,50000,6.1122,0.26098994650098,0.5461649825985995,1,"EMCMO_LIRCMOP10_N100_FE50000_run4_seed219004.mat"
"s07_dual_role_credit","EMCMO","LIRCMOP10","LIR-CMOP",100,50000,5,219005,50000,6.1925,0.2095687694128803,0.6007586529531813,1,"EMCMO_LIRCMOP10_N100_FE50000_run5_seed219005.mat"
"s07_dual_role_credit","EMCMO","LIRCMOP11","LIR-CMOP",100,50000,1,219101,50000,5.5045,0.1000747324954731,0.6392665331668259,1,"EMCMO_LIRCMOP11_N100_FE50000_run1_seed219101.mat"
"s07_dual_role_credit","EMCMO","LIRCMOP11","LIR-CMOP",100,50000,2,219102,50000,4.8586,0.3071551960422928,0.5112507191881006,1,"EMCMO_LIRCMOP11_N100_FE50000_run2_seed219102.mat"
"s07_dual_role_credit","EMCMO","LIRCMOP11","LIR-CMOP",100,50000,3,219103,50000,5.2994,0.09507538779149649,0.6424578730022641,1,"EMCMO_LIRCMOP11_N100_FE50000_run3_seed219103.mat"
"s07_dual_role_credit","EMCMO","LIRCMOP11","LIR-CMOP",100,50000,4,219104,50000,5.1946,0.08746416055078668,0.6431446976001461,1,"EMCMO_LIRCMOP11_N100_FE50000_run4_seed219104.mat"
"s07_dual_role_credit","EMCMO","LIRCMOP11","LIR-CMOP",100,50000,5,219105,50000,5.2473,0.09398852550279035,0.6467619734865033,1,"EMCMO_LIRCMOP11_N100_FE50000_run5_seed219105.mat"
"s07_dual_role_credit","EMCMO","LIRCMOP12","LIR-CMOP",100,50000,1,219201,50000,5.2713,0.3044779390519898,0.5126753796278403,1,"EMCMO_LIRCMOP12_N100_FE50000_run1_seed219201.mat"
"s07_dual_role_credit","EMCMO","LIRCMOP12","LIR-CMOP",100,50000,2,219202,50000,4.4268,0.1800023527292774,0.5258509998122647,1,"EMCMO_LIRCMOP12_N100_FE50000_run2_seed219202.mat"
"s07_dual_role_credit","EMCMO","LIRCMOP12","LIR-CMOP",100,50000,3,219203,50000,4.8895,0.2458344649946232,0.5064154111206386,1,"EMCMO_LIRCMOP12_N100_FE50000_run3_seed219203.mat"
"s07_dual_role_credit","EMCMO","LIRCMOP12","LIR-CMOP",100,50000,4,219204,50000,4.4854,0.5098262141918488,0.4628573814015247,1,"EMCMO_LIRCMOP12_N100_FE50000_run4_seed219204.mat"
"s07_dual_role_credit","EMCMO","LIRCMOP12","LIR-CMOP",100,50000,5,219205,50000,4.571,0.3690448974235273,0.4335405277906636,1,"EMCMO_LIRCMOP12_N100_FE50000_run5_seed219205.mat"
"s07_dual_role_credit","EMCMO","LIRCMOP13","LIR-CMOP",100,50000,1,219301,50000,15.943,0.09109566642132977,0.5572650439987187,1,"EMCMO_LIRCMOP13_N100_FE50000_run1_seed219301.mat"
"s07_dual_role_credit","EMCMO","LIRCMOP13","LIR-CMOP",100,50000,2,219302,50000,15.9679,0.09062937953221827,0.5584022788056237,1,"EMCMO_LIRCMOP13_N100_FE50000_run2_seed219302.mat"
"s07_dual_role_credit","EMCMO","LIRCMOP13","LIR-CMOP",100,50000,3,219303,50000,15.2847,0.0917757630006376,0.5544082684835977,1,"EMCMO_LIRCMOP13_N100_FE50000_run3_seed219303.mat"
"s07_dual_role_credit","EMCMO","LIRCMOP13","LIR-CMOP",100,50000,4,219304,50000,16.6768,0.09087254793766479,0.5578262560350361,1,"EMCMO_LIRCMOP13_N100_FE50000_run4_seed219304.mat"
"s07_dual_role_credit","EMCMO","LIRCMOP13","LIR-CMOP",100,50000,5,219305,50000,17.8103,0.0912095592385692,0.5579752336845544,1,"EMCMO_LIRCMOP13_N100_FE50000_run5_seed219305.mat"
"s07_dual_role_credit","EMCMO","LIRCMOP14","LIR-CMOP",100,50000,1,219401,50000,11.3654,0.09611112449148868,0.558075935403143,1,"EMCMO_LIRCMOP14_N100_FE50000_run1_seed219401.mat"
"s07_dual_role_credit","EMCMO","LIRCMOP14","LIR-CMOP",100,50000,2,219402,50000,10.688,0.09537770482208342,0.555598527760413,1,"EMCMO_LIRCMOP14_N100_FE50000_run2_seed219402.mat"
"s07_dual_role_credit","EMCMO","LIRCMOP14","LIR-CMOP",100,50000,3,219403,50000,11.1869,0.09474141699396921,0.555452444459654,1,"EMCMO_LIRCMOP14_N100_FE50000_run3_seed219403.mat"
"s07_dual_role_credit","EMCMO","LIRCMOP14","LIR-CMOP",100,50000,4,219404,50000,10.6861,0.09606134908166146,0.5560993164699466,1,"EMCMO_LIRCMOP14_N100_FE50000_run4_seed219404.mat"
"s07_dual_role_credit","EMCMO","LIRCMOP14","LIR-CMOP",100,50000,5,219405,50000,10.7393,0.09544057046003551,0.5567758752874605,1,"EMCMO_LIRCMOP14_N100_FE50000_run5_seed219405.mat"
"s07_dual_role_credit","EMCMO","LIRCMOP1","LIR-CMOP",100,50000,1,218101,50000,3.9317,0.2065836010212082,0.1475735524080944,1,"EMCMO_LIRCMOP1_N100_FE50000_run1_seed218101.mat"
"s07_dual_role_credit","EMCMO","LIRCMOP1","LIR-CMOP",100,50000,2,218102,50000,4.1955,0.2808525283263678,0.1118422820167393,1,"EMCMO_LIRCMOP1_N100_FE50000_run2_seed218102.mat"
"s07_dual_role_credit","EMCMO","LIRCMOP1","LIR-CMOP",100,50000,3,218103,50000,4.676,0.2533460139907202,0.1199809223130179,1,"EMCMO_LIRCMOP1_N100_FE50000_run3_seed218103.mat"
"s07_dual_role_credit","EMCMO","LIRCMOP1","LIR-CMOP",100,50000,4,218104,50000,3.8678,0.1938142362621839,0.1404675044976608,1,"EMCMO_LIRCMOP1_N100_FE50000_run4_seed218104.mat"
"s07_dual_role_credit","EMCMO","LIRCMOP1","LIR-CMOP",100,50000,5,218105,50000,4.0858,0.174747125508261,0.1524694433960814,1,"EMCMO_LIRCMOP1_N100_FE50000_run5_seed218105.mat"
"s07_dual_role_credit","EMCMO","LIRCMOP2","LIR-CMOP",100,50000,1,218201,50000,3.6919,0.2400933195735722,0.2315833579858324,1,"EMCMO_LIRCMOP2_N100_FE50000_run1_seed218201.mat"
"s07_dual_role_credit","EMCMO","LIRCMOP2","LIR-CMOP",100,50000,2,218202,50000,3.8221,0.2901163020930957,0.2265925398629791,1,"EMCMO_LIRCMOP2_N100_FE50000_run2_seed218202.mat"
"s07_dual_role_credit","EMCMO","LIRCMOP2","LIR-CMOP",100,50000,3,218203,50000,3.6796,0.2031433496947211,0.252100146306056,1,"EMCMO_LIRCMOP2_N100_FE50000_run3_seed218203.mat"
"s07_dual_role_credit","EMCMO","LIRCMOP2","LIR-CMOP",100,50000,4,218204,50000,3.9137,0.2857847421657096,0.2310393724328079,1,"EMCMO_LIRCMOP2_N100_FE50000_run4_seed218204.mat"
"s07_dual_role_credit","EMCMO","LIRCMOP2","LIR-CMOP",100,50000,5,218205,50000,3.7786,0.2154048245501307,0.2500407397926391,1,"EMCMO_LIRCMOP2_N100_FE50000_run5_seed218205.mat"
"s07_dual_role_credit","EMCMO","LIRCMOP3","LIR-CMOP",100,50000,1,218301,50000,3.6985,0.1828543270001039,0.1394647831768801,1,"EMCMO_LIRCMOP3_N100_FE50000_run1_seed218301.mat"
"s07_dual_role_credit","EMCMO","LIRCMOP3","LIR-CMOP",100,50000,2,218302,50000,3.786,0.2809741081709105,0.1131336968731911,1,"EMCMO_LIRCMOP3_N100_FE50000_run2_seed218302.mat"
"s07_dual_role_credit","EMCMO","LIRCMOP3","LIR-CMOP",100,50000,3,218303,50000,3.8168,0.2125231786558478,0.1279827491594767,1,"EMCMO_LIRCMOP3_N100_FE50000_run3_seed218303.mat"
"s07_dual_role_credit","EMCMO","LIRCMOP3","LIR-CMOP",100,50000,4,218304,50000,3.7386,0.3457170723984806,0.08429477528600463,1,"EMCMO_LIRCMOP3_N100_FE50000_run4_seed218304.mat"
"s07_dual_role_credit","EMCMO","LIRCMOP3","LIR-CMOP",100,50000,5,218305,50000,3.7463,0.3303982407333299,0.096878962272863,1,"EMCMO_LIRCMOP3_N100_FE50000_run5_seed218305.mat"
"s07_dual_role_credit","EMCMO","LIRCMOP4","LIR-CMOP",100,50000,1,218401,50000,3.86,0.2647490284910913,0.1945255638007543,1,"EMCMO_LIRCMOP4_N100_FE50000_run1_seed218401.mat"
"s07_dual_role_credit","EMCMO","LIRCMOP4","LIR-CMOP",100,50000,2,218402,50000,3.7159,0.2523823807709282,0.2112090375979959,1,"EMCMO_LIRCMOP4_N100_FE50000_run2_seed218402.mat"
"s07_dual_role_credit","EMCMO","LIRCMOP4","LIR-CMOP",100,50000,3,218403,50000,3.9412,0.3069638379020593,0.1835413865252222,1,"EMCMO_LIRCMOP4_N100_FE50000_run3_seed218403.mat"
"s07_dual_role_credit","EMCMO","LIRCMOP4","LIR-CMOP",100,50000,4,218404,50000,4.4006,0.3154949022838435,0.1811072652036708,1,"EMCMO_LIRCMOP4_N100_FE50000_run4_seed218404.mat"
"s07_dual_role_credit","EMCMO","LIRCMOP4","LIR-CMOP",100,50000,5,218405,50000,3.8711,0.2602116121097323,0.2061940378378698,1,"EMCMO_LIRCMOP4_N100_FE50000_run5_seed218405.mat"
"s07_dual_role_credit","EMCMO","LIRCMOP5","LIR-CMOP",100,50000,1,218501,50000,7.4984,0.2858203409656254,0.1573585275064278,1,"EMCMO_LIRCMOP5_N100_FE50000_run1_seed218501.mat"
"s07_dual_role_credit","EMCMO","LIRCMOP5","LIR-CMOP",100,50000,2,218502,50000,9.3868,0.3632096956001621,0.1290426331523602,1,"EMCMO_LIRCMOP5_N100_FE50000_run2_seed218502.mat"
"s07_dual_role_credit","EMCMO","LIRCMOP5","LIR-CMOP",100,50000,3,218503,50000,7.6499,0.3167748499350067,0.1443252814160369,1,"EMCMO_LIRCMOP5_N100_FE50000_run3_seed218503.mat"
"s07_dual_role_credit","EMCMO","LIRCMOP5","LIR-CMOP",100,50000,4,218504,50000,6.8226,0.2246165375548447,0.1806237302461312,1,"EMCMO_LIRCMOP5_N100_FE50000_run4_seed218504.mat"
"s07_dual_role_credit","EMCMO","LIRCMOP5","LIR-CMOP",100,50000,5,218505,50000,9.7211,0.3795725088157597,0.122734475115803,1,"EMCMO_LIRCMOP5_N100_FE50000_run5_seed218505.mat"
"s07_dual_role_credit","EMCMO","LIRCMOP6","LIR-CMOP",100,50000,1,218601,50000,10.2172,0.3789677750501012,0.09593267853242017,1,"EMCMO_LIRCMOP6_N100_FE50000_run1_seed218601.mat"
"s07_dual_role_credit","EMCMO","LIRCMOP6","LIR-CMOP",100,50000,2,218602,50000,9.942,0.3865863326853797,0.0970001326715548,1,"EMCMO_LIRCMOP6_N100_FE50000_run2_seed218602.mat"
"s07_dual_role_credit","EMCMO","LIRCMOP6","LIR-CMOP",100,50000,3,218603,50000,7.5237,0.5417209083363594,0.08919174666263813,1,"EMCMO_LIRCMOP6_N100_FE50000_run3_seed218603.mat"
"s07_dual_role_credit","EMCMO","LIRCMOP6","LIR-CMOP",100,50000,4,218604,50000,10.0727,0.3390720117244418,0.09450865887710448,1,"EMCMO_LIRCMOP6_N100_FE50000_run4_seed218604.mat"
"s07_dual_role_credit","EMCMO","LIRCMOP6","LIR-CMOP",100,50000,5,218605,50000,7.1123,0.2262877060670035,0.1321460169624502,1,"EMCMO_LIRCMOP6_N100_FE50000_run5_seed218605.mat"
"s07_dual_role_credit","EMCMO","LIRCMOP7","LIR-CMOP",100,50000,1,218701,50000,4.3794,0.1369833149444142,0.2425984525196556,1,"EMCMO_LIRCMOP7_N100_FE50000_run1_seed218701.mat"
"s07_dual_role_credit","EMCMO","LIRCMOP7","LIR-CMOP",100,50000,2,218702,50000,4.7456,0.1159587246769436,0.2485800992099617,1,"EMCMO_LIRCMOP7_N100_FE50000_run2_seed218702.mat"
"s07_dual_role_credit","EMCMO","LIRCMOP7","LIR-CMOP",100,50000,3,218703,50000,4.426,0.1484251567873621,0.238289436691291,1,"EMCMO_LIRCMOP7_N100_FE50000_run3_seed218703.mat"
"s07_dual_role_credit","EMCMO","LIRCMOP7","LIR-CMOP",100,50000,4,218704,50000,4.0674,0.1017713258275767,0.252601451921914,1,"EMCMO_LIRCMOP7_N100_FE50000_run4_seed218704.mat"
"s07_dual_role_credit","EMCMO","LIRCMOP7","LIR-CMOP",100,50000,5,218705,50000,4.0474,0.08956363348485874,0.2572089830778453,1,"EMCMO_LIRCMOP7_N100_FE50000_run5_seed218705.mat"
"s07_dual_role_credit","EMCMO","LIRCMOP8","LIR-CMOP",100,50000,1,218801,50000,4.0038,0.2101642317247789,0.2342404065105617,1,"EMCMO_LIRCMOP8_N100_FE50000_run1_seed218801.mat"
"s07_dual_role_credit","EMCMO","LIRCMOP8","LIR-CMOP",100,50000,2,218802,50000,4.0657,0.2264840233244798,0.2220487134023332,1,"EMCMO_LIRCMOP8_N100_FE50000_run2_seed218802.mat"
"s07_dual_role_credit","EMCMO","LIRCMOP8","LIR-CMOP",100,50000,3,218803,50000,3.9322,0.1850924929931239,0.233915864029159,1,"EMCMO_LIRCMOP8_N100_FE50000_run3_seed218803.mat"
"s07_dual_role_credit","EMCMO","LIRCMOP8","LIR-CMOP",100,50000,4,218804,50000,4.028,0.1779740010179624,0.2351139762724893,1,"EMCMO_LIRCMOP8_N100_FE50000_run4_seed218804.mat"
"s07_dual_role_credit","EMCMO","LIRCMOP8","LIR-CMOP",100,50000,5,218805,50000,4.1466,0.2162755562673374,0.2196815104180209,1,"EMCMO_LIRCMOP8_N100_FE50000_run5_seed218805.mat"
"s07_dual_role_credit","EMCMO","LIRCMOP9","LIR-CMOP",100,50000,1,218901,50000,4.3785,0.6324233938057391,0.2945828924132625,1,"EMCMO_LIRCMOP9_N100_FE50000_run1_seed218901.mat"
"s07_dual_role_credit","EMCMO","LIRCMOP9","LIR-CMOP",100,50000,2,218902,50000,5.8412,0.4580415238798637,0.37285613350894,1,"EMCMO_LIRCMOP9_N100_FE50000_run2_seed218902.mat"
"s07_dual_role_credit","EMCMO","LIRCMOP9","LIR-CMOP",100,50000,3,218903,50000,7.0193,0.8874363890285957,0.2458632836054739,1,"EMCMO_LIRCMOP9_N100_FE50000_run3_seed218903.mat"
"s07_dual_role_credit","EMCMO","LIRCMOP9","LIR-CMOP",100,50000,4,218904,50000,4.343,0.6441001087326723,0.2668891281037834,1,"EMCMO_LIRCMOP9_N100_FE50000_run4_seed218904.mat"
"s07_dual_role_credit","EMCMO","LIRCMOP9","LIR-CMOP",100,50000,5,218905,50000,4.523,0.6508809666458597,0.270048311422972,1,"EMCMO_LIRCMOP9_N100_FE50000_run5_seed218905.mat"
"s07_dual_role_credit","Equal-AOP","CF10","CF",100,50000,1,238001,50000,5.6143,0.3858982290812966,0.1153803675036501,1,"Equal_AOP_CF10_N100_FE50000_run1_seed238001.mat"
"s07_dual_role_credit","Equal-AOP","CF10","CF",100,50000,2,238002,50000,5.5584,0.1954225879854555,0.2408971846165459,1,"Equal_AOP_CF10_N100_FE50000_run2_seed238002.mat"
"s07_dual_role_credit","Equal-AOP","CF10","CF",100,50000,3,238003,50000,7.6669,0.4025204165487918,0.148576247953799,1,"Equal_AOP_CF10_N100_FE50000_run3_seed238003.mat"
"s07_dual_role_credit","Equal-AOP","CF10","CF",100,50000,4,238004,50000,7.1255,0.4507338737087184,0.07337708801163823,1,"Equal_AOP_CF10_N100_FE50000_run4_seed238004.mat"
"s07_dual_role_credit","Equal-AOP","CF10","CF",100,50000,5,238005,50000,6.0206,0.3338536201809928,0.1313764214038775,1,"Equal_AOP_CF10_N100_FE50000_run5_seed238005.mat"
"s07_dual_role_credit","Equal-AOP","CF1","CF",100,50000,1,237101,50000,4.9406,0.004853926408297503,0.5602793493479741,1,"Equal_AOP_CF1_N100_FE50000_run1_seed237101.mat"
"s07_dual_role_credit","Equal-AOP","CF1","CF",100,50000,2,237102,50000,5.585,0.0037551007884696,0.5615111198304051,1,"Equal_AOP_CF1_N100_FE50000_run2_seed237102.mat"
"s07_dual_role_credit","Equal-AOP","CF1","CF",100,50000,3,237103,50000,5.9221,0.006805057210120739,0.5578983831105374,1,"Equal_AOP_CF1_N100_FE50000_run3_seed237103.mat"
"s07_dual_role_credit","Equal-AOP","CF1","CF",100,50000,4,237104,50000,5.4655,0.004538460559180532,0.5606065298625179,1,"Equal_AOP_CF1_N100_FE50000_run4_seed237104.mat"
"s07_dual_role_credit","Equal-AOP","CF1","CF",100,50000,5,237105,50000,5.282,0.007191188366641212,0.557535918148065,1,"Equal_AOP_CF1_N100_FE50000_run5_seed237105.mat"
"s07_dual_role_credit","Equal-AOP","CF2","CF",100,50000,1,237201,50000,5.3855,0.009760907222410766,0.6696964351062381,1,"Equal_AOP_CF2_N100_FE50000_run1_seed237201.mat"
"s07_dual_role_credit","Equal-AOP","CF2","CF",100,50000,2,237202,50000,5.0615,0.009396384945730486,0.6697139941977249,1,"Equal_AOP_CF2_N100_FE50000_run2_seed237202.mat"
"s07_dual_role_credit","Equal-AOP","CF2","CF",100,50000,3,237203,50000,5.602,0.01776397584734772,0.6519666392289264,1,"Equal_AOP_CF2_N100_FE50000_run3_seed237203.mat"
"s07_dual_role_credit","Equal-AOP","CF2","CF",100,50000,4,237204,50000,5.8299,0.0240388726289931,0.6580965493611597,1,"Equal_AOP_CF2_N100_FE50000_run4_seed237204.mat"
"s07_dual_role_credit","Equal-AOP","CF2","CF",100,50000,5,237205,50000,6.4665,0.009398688073661957,0.6629700588459975,1,"Equal_AOP_CF2_N100_FE50000_run5_seed237205.mat"
"s07_dual_role_credit","Equal-AOP","CF3","CF",100,50000,1,237301,50000,4.2215,0.1038808126877621,0.2769997695811336,1,"Equal_AOP_CF3_N100_FE50000_run1_seed237301.mat"
"s07_dual_role_credit","Equal-AOP","CF3","CF",100,50000,2,237302,50000,3.9584,0.1034965772712527,0.2954884684743058,1,"Equal_AOP_CF3_N100_FE50000_run2_seed237302.mat"
"s07_dual_role_credit","Equal-AOP","CF3","CF",100,50000,3,237303,50000,4.9757,0.1347329664059818,0.1955663207713537,1,"Equal_AOP_CF3_N100_FE50000_run3_seed237303.mat"
"s07_dual_role_credit","Equal-AOP","CF3","CF",100,50000,4,237304,50000,4.8508,0.1153187849270298,0.2987293464967641,1,"Equal_AOP_CF3_N100_FE50000_run4_seed237304.mat"
"s07_dual_role_credit","Equal-AOP","CF3","CF",100,50000,5,237305,50000,4.9658,0.3195272080808045,0.114653981096482,1,"Equal_AOP_CF3_N100_FE50000_run5_seed237305.mat"
"s07_dual_role_credit","Equal-AOP","CF4","CF",100,50000,1,237401,50000,5.8507,0.06299309957813359,0.4515212668178089,1,"Equal_AOP_CF4_N100_FE50000_run1_seed237401.mat"
"s07_dual_role_credit","Equal-AOP","CF4","CF",100,50000,2,237402,50000,4.947,0.05434065449496574,0.4682333992106334,1,"Equal_AOP_CF4_N100_FE50000_run2_seed237402.mat"
"s07_dual_role_credit","Equal-AOP","CF4","CF",100,50000,3,237403,50000,4.732,0.06659880431316696,0.44992017460956,1,"Equal_AOP_CF4_N100_FE50000_run3_seed237403.mat"
"s07_dual_role_credit","Equal-AOP","CF4","CF",100,50000,4,237404,50000,4.8774,0.04899594072294408,0.476835824844001,1,"Equal_AOP_CF4_N100_FE50000_run4_seed237404.mat"
"s07_dual_role_credit","Equal-AOP","CF4","CF",100,50000,5,237405,50000,5.5892,0.03715928194109391,0.4861318368966734,1,"Equal_AOP_CF4_N100_FE50000_run5_seed237405.mat"
"s07_dual_role_credit","Equal-AOP","CF5","CF",100,50000,1,237501,50000,6.3418,0.0821140306033773,0.4320738931016396,1,"Equal_AOP_CF5_N100_FE50000_run1_seed237501.mat"
"s07_dual_role_credit","Equal-AOP","CF5","CF",100,50000,2,237502,50000,6.7028,0.2503272104310036,0.3477663936313619,1,"Equal_AOP_CF5_N100_FE50000_run2_seed237502.mat"
"s07_dual_role_credit","Equal-AOP","CF5","CF",100,50000,3,237503,50000,6.0576,0.3408444605068078,0.2227649288706727,1,"Equal_AOP_CF5_N100_FE50000_run3_seed237503.mat"
"s07_dual_role_credit","Equal-AOP","CF5","CF",100,50000,4,237504,50000,5.8443,0.1456353259997291,0.3380408805904541,1,"Equal_AOP_CF5_N100_FE50000_run4_seed237504.mat"
"s07_dual_role_credit","Equal-AOP","CF5","CF",100,50000,5,237505,50000,5.4444,0.3042779429469942,0.2333718571438007,1,"Equal_AOP_CF5_N100_FE50000_run5_seed237505.mat"
"s07_dual_role_credit","Equal-AOP","CF6","CF",100,50000,1,237601,50000,7.1914,0.03672024853559024,0.6562109287639266,1,"Equal_AOP_CF6_N100_FE50000_run1_seed237601.mat"
"s07_dual_role_credit","Equal-AOP","CF6","CF",100,50000,2,237602,50000,7.3131,0.036673742136303,0.6660221574672379,1,"Equal_AOP_CF6_N100_FE50000_run2_seed237602.mat"
"s07_dual_role_credit","Equal-AOP","CF6","CF",100,50000,3,237603,50000,7.536,0.03756206559217896,0.6676767620433152,1,"Equal_AOP_CF6_N100_FE50000_run3_seed237603.mat"
"s07_dual_role_credit","Equal-AOP","CF6","CF",100,50000,4,237604,50000,6.8571,0.04411592296046905,0.6552868576907552,1,"Equal_AOP_CF6_N100_FE50000_run4_seed237604.mat"
"s07_dual_role_credit","Equal-AOP","CF6","CF",100,50000,5,237605,50000,6.0444,0.03843393682964483,0.6579749532480978,1,"Equal_AOP_CF6_N100_FE50000_run5_seed237605.mat"
"s07_dual_role_credit","Equal-AOP","CF7","CF",100,50000,1,237701,50000,4.7536,0.3135199134734912,0.4409926981820384,1,"Equal_AOP_CF7_N100_FE50000_run1_seed237701.mat"
"s07_dual_role_credit","Equal-AOP","CF7","CF",100,50000,2,237702,50000,4.4754,0.478096308858675,0.1805519415605047,1,"Equal_AOP_CF7_N100_FE50000_run2_seed237702.mat"
"s07_dual_role_credit","Equal-AOP","CF7","CF",100,50000,3,237703,50000,6.559,0.1410633434405996,0.5399435235172867,1,"Equal_AOP_CF7_N100_FE50000_run3_seed237703.mat"
"s07_dual_role_credit","Equal-AOP","CF7","CF",100,50000,4,237704,50000,6.9567,0.3403880245813782,0.4256693299467515,1,"Equal_AOP_CF7_N100_FE50000_run4_seed237704.mat"
"s07_dual_role_credit","Equal-AOP","CF7","CF",100,50000,5,237705,50000,5.7508,0.2511991437015368,0.4391522571528965,1,"Equal_AOP_CF7_N100_FE50000_run5_seed237705.mat"
"s07_dual_role_credit","Equal-AOP","CF8","CF",100,50000,1,237801,50000,4.6154,0.159331248563886,0.3201235527803915,1,"Equal_AOP_CF8_N100_FE50000_run1_seed237801.mat"
"s07_dual_role_credit","Equal-AOP","CF8","CF",100,50000,2,237802,50000,4.0956,0.1625154229413403,0.3204562547969765,1,"Equal_AOP_CF8_N100_FE50000_run2_seed237802.mat"
"s07_dual_role_credit","Equal-AOP","CF8","CF",100,50000,3,237803,50000,5.3364,0.1635203027330393,0.3518451478975168,1,"Equal_AOP_CF8_N100_FE50000_run3_seed237803.mat"
"s07_dual_role_credit","Equal-AOP","CF8","CF",100,50000,4,237804,50000,5.6219,0.1658873632960116,0.3461876703812634,1,"Equal_AOP_CF8_N100_FE50000_run4_seed237804.mat"
"s07_dual_role_credit","Equal-AOP","CF8","CF",100,50000,5,237805,50000,5.2406,0.1573498687689082,0.341430796932904,1,"Equal_AOP_CF8_N100_FE50000_run5_seed237805.mat"
"s07_dual_role_credit","Equal-AOP","CF9","CF",100,50000,1,237901,50000,5.7937,0.09856148090370695,0.4151649409589985,1,"Equal_AOP_CF9_N100_FE50000_run1_seed237901.mat"
"s07_dual_role_credit","Equal-AOP","CF9","CF",100,50000,2,237902,50000,5.9424,0.09312344247441985,0.41884818959557,1,"Equal_AOP_CF9_N100_FE50000_run2_seed237902.mat"
"s07_dual_role_credit","Equal-AOP","CF9","CF",100,50000,3,237903,50000,5.4455,0.09555297065181262,0.4229270902880757,1,"Equal_AOP_CF9_N100_FE50000_run3_seed237903.mat"
"s07_dual_role_credit","Equal-AOP","CF9","CF",100,50000,4,237904,50000,7.0955,0.1010772623705412,0.4076285043768643,1,"Equal_AOP_CF9_N100_FE50000_run4_seed237904.mat"
"s07_dual_role_credit","Equal-AOP","CF9","CF",100,50000,5,237905,50000,7.198,0.108485516269833,0.4038880563929023,1,"Equal_AOP_CF9_N100_FE50000_run5_seed237905.mat"
"s07_dual_role_credit","Equal-AOP","DASCMOP1","DAS-CMOP",100,50000,1,239501,50000,3.5992,0.008061912537986484,0.2089265037967425,1,"Equal_AOP_DASCMOP1_N100_FE50000_run1_seed239501.mat"
"s07_dual_role_credit","Equal-AOP","DASCMOP1","DAS-CMOP",100,50000,2,239502,50000,4.9651,0.007846140800356892,0.209288690204039,1,"Equal_AOP_DASCMOP1_N100_FE50000_run2_seed239502.mat"
"s07_dual_role_credit","Equal-AOP","DASCMOP1","DAS-CMOP",100,50000,3,239503,50000,5.1797,0.008070761534043109,0.2095452818923638,1,"Equal_AOP_DASCMOP1_N100_FE50000_run3_seed239503.mat"
"s07_dual_role_credit","Equal-AOP","DASCMOP1","DAS-CMOP",100,50000,4,239504,50000,4.9052,0.01093522181637177,0.2061425328376174,1,"Equal_AOP_DASCMOP1_N100_FE50000_run4_seed239504.mat"
"s07_dual_role_credit","Equal-AOP","DASCMOP1","DAS-CMOP",100,50000,5,239505,50000,4.4741,0.005253197569714471,0.2105363778345651,1,"Equal_AOP_DASCMOP1_N100_FE50000_run5_seed239505.mat"
"s07_dual_role_credit","Equal-AOP","DASCMOP2","DAS-CMOP",100,50000,1,239601,50000,4.2256,0.008307229627043758,0.352463292387145,1,"Equal_AOP_DASCMOP2_N100_FE50000_run1_seed239601.mat"
"s07_dual_role_credit","Equal-AOP","DASCMOP2","DAS-CMOP",100,50000,2,239602,50000,3.5046,0.008098410718458425,0.3526820281486872,1,"Equal_AOP_DASCMOP2_N100_FE50000_run2_seed239602.mat"
"s07_dual_role_credit","Equal-AOP","DASCMOP2","DAS-CMOP",100,50000,3,239603,50000,4.5041,0.008937977545494261,0.3513512192429048,1,"Equal_AOP_DASCMOP2_N100_FE50000_run3_seed239603.mat"
"s07_dual_role_credit","Equal-AOP","DASCMOP2","DAS-CMOP",100,50000,4,239604,50000,4.5763,0.009269012911126447,0.3504523003450342,1,"Equal_AOP_DASCMOP2_N100_FE50000_run4_seed239604.mat"
"s07_dual_role_credit","Equal-AOP","DASCMOP2","DAS-CMOP",100,50000,5,239605,50000,4.5145,0.008785245428016382,0.3523392992196004,1,"Equal_AOP_DASCMOP2_N100_FE50000_run5_seed239605.mat"
"s07_dual_role_credit","Equal-AOP","DASCMOP3","DAS-CMOP",100,50000,1,239701,50000,3.9566,0.02301051354290838,0.3086870432711148,1,"Equal_AOP_DASCMOP3_N100_FE50000_run1_seed239701.mat"
"s07_dual_role_credit","Equal-AOP","DASCMOP3","DAS-CMOP",100,50000,2,239702,50000,4.6661,0.02291738729926263,0.3075787766976555,1,"Equal_AOP_DASCMOP3_N100_FE50000_run2_seed239702.mat"
"s07_dual_role_credit","Equal-AOP","DASCMOP3","DAS-CMOP",100,50000,3,239703,50000,3.76,0.03045958648203771,0.2937522000122644,1,"Equal_AOP_DASCMOP3_N100_FE50000_run3_seed239703.mat"
"s07_dual_role_credit","Equal-AOP","DASCMOP3","DAS-CMOP",100,50000,4,239704,50000,4.7353,0.1498150882866626,0.2619183603668969,1,"Equal_AOP_DASCMOP3_N100_FE50000_run4_seed239704.mat"
"s07_dual_role_credit","Equal-AOP","DASCMOP3","DAS-CMOP",100,50000,5,239705,50000,4.9761,0.02301959097548541,0.3102831087943216,1,"Equal_AOP_DASCMOP3_N100_FE50000_run5_seed239705.mat"
"s07_dual_role_credit","Equal-AOP","DASCMOP4","DAS-CMOP",100,50000,1,239801,50000,4.2014,0.04919722992877928,0.1599704888080588,1,"Equal_AOP_DASCMOP4_N100_FE50000_run1_seed239801.mat"
"s07_dual_role_credit","Equal-AOP","DASCMOP4","DAS-CMOP",100,50000,2,239802,50000,3.7582,0.4501615420510746,0.03393291937223594,1,"Equal_AOP_DASCMOP4_N100_FE50000_run2_seed239802.mat"
"s07_dual_role_credit","Equal-AOP","DASCMOP4","DAS-CMOP",100,50000,3,239803,50000,3.9609,1.146908130025821,0,1,"Equal_AOP_DASCMOP4_N100_FE50000_run3_seed239803.mat"
"s07_dual_role_credit","Equal-AOP","DASCMOP4","DAS-CMOP",100,50000,4,239804,50000,3.6749,0.6630360668321981,0.001334749029448501,1,"Equal_AOP_DASCMOP4_N100_FE50000_run4_seed239804.mat"
"s07_dual_role_credit","Equal-AOP","DASCMOP4","DAS-CMOP",100,50000,5,239805,50000,4.291,0.4397371332404902,0.03812244247832978,1,"Equal_AOP_DASCMOP4_N100_FE50000_run5_seed239805.mat"
"s07_dual_role_credit","Equal-AOP","DASCMOP5","DAS-CMOP",100,50000,1,239901,50000,4.1773,0.8682053197102396,0.01011412456887548,1,"Equal_AOP_DASCMOP5_N100_FE50000_run1_seed239901.mat"
"s07_dual_role_credit","Equal-AOP","DASCMOP5","DAS-CMOP",100,50000,2,239902,50000,3.6909,0.4847769913247787,0.07969210222053241,1,"Equal_AOP_DASCMOP5_N100_FE50000_run2_seed239902.mat"
"s07_dual_role_credit","Equal-AOP","DASCMOP5","DAS-CMOP",100,50000,3,239903,50000,3.8279,1.030157879708416,0,0.02,"Equal_AOP_DASCMOP5_N100_FE50000_run3_seed239903.mat"
"s07_dual_role_credit","Equal-AOP","DASCMOP5","DAS-CMOP",100,50000,4,239904,50000,4.2391,0.01072560841472986,0.3450894202357601,1,"Equal_AOP_DASCMOP5_N100_FE50000_run4_seed239904.mat"
"s07_dual_role_credit","Equal-AOP","DASCMOP5","DAS-CMOP",100,50000,5,239905,50000,3.7031,0.6258872846799277,0.04674230588618086,1,"Equal_AOP_DASCMOP5_N100_FE50000_run5_seed239905.mat"
"s07_dual_role_credit","Equal-AOP","DASCMOP6","DAS-CMOP",100,50000,1,240001,50000,3.9336,0.6981821769562148,0.02291141436295589,1,"Equal_AOP_DASCMOP6_N100_FE50000_run1_seed240001.mat"
"s07_dual_role_credit","Equal-AOP","DASCMOP6","DAS-CMOP",100,50000,2,240002,50000,4.3762,0.5279275303631404,0.05208696867179338,1,"Equal_AOP_DASCMOP6_N100_FE50000_run2_seed240002.mat"
"s07_dual_role_credit","Equal-AOP","DASCMOP6","DAS-CMOP",100,50000,3,240003,50000,3.8813,0.5982654731433017,0.03946630447514955,1,"Equal_AOP_DASCMOP6_N100_FE50000_run3_seed240003.mat"
"s07_dual_role_credit","Equal-AOP","DASCMOP6","DAS-CMOP",100,50000,4,240004,50000,3.8486,0.4972672824980463,0.05773017969162584,1,"Equal_AOP_DASCMOP6_N100_FE50000_run4_seed240004.mat"
"s07_dual_role_credit","Equal-AOP","DASCMOP6","DAS-CMOP",100,50000,5,240005,50000,3.627,0.4769957668402119,0.06647781395362297,1,"Equal_AOP_DASCMOP6_N100_FE50000_run5_seed240005.mat"
"s07_dual_role_credit","Equal-AOP","DASCMOP7","DAS-CMOP",100,50000,1,240101,50000,4.0984,0.1394822552931719,0.2301766871146312,1,"Equal_AOP_DASCMOP7_N100_FE50000_run1_seed240101.mat"
"s07_dual_role_credit","Equal-AOP","DASCMOP7","DAS-CMOP",100,50000,2,240102,50000,4.1295,0.8559124365856289,0.01565603127497847,1,"Equal_AOP_DASCMOP7_N100_FE50000_run2_seed240102.mat"
"s07_dual_role_credit","Equal-AOP","DASCMOP7","DAS-CMOP",100,50000,3,240103,50000,4.398,0.5427094927292256,0.07032099693181426,1,"Equal_AOP_DASCMOP7_N100_FE50000_run3_seed240103.mat"
"s07_dual_role_credit","Equal-AOP","DASCMOP7","DAS-CMOP",100,50000,4,240104,50000,4.4574,0.630718934126016,0.05649896812877916,1,"Equal_AOP_DASCMOP7_N100_FE50000_run4_seed240104.mat"
"s07_dual_role_credit","Equal-AOP","DASCMOP7","DAS-CMOP",100,50000,5,240105,50000,3.8014,1.042184374438302,0.003399030310294266,1,"Equal_AOP_DASCMOP7_N100_FE50000_run5_seed240105.mat"
"s07_dual_role_credit","Equal-AOP","DASCMOP8","DAS-CMOP",100,50000,1,240201,50000,4.2932,0.1829746770230709,0.1161781587308374,1,"Equal_AOP_DASCMOP8_N100_FE50000_run1_seed240201.mat"
"s07_dual_role_credit","Equal-AOP","DASCMOP8","DAS-CMOP",100,50000,2,240202,50000,4.1847,0.6852651385365189,9.950257956341928e-06,1,"Equal_AOP_DASCMOP8_N100_FE50000_run2_seed240202.mat"
"s07_dual_role_credit","Equal-AOP","DASCMOP8","DAS-CMOP",100,50000,3,240203,50000,4.0086,0.522305165603011,0.01082370165568099,1,"Equal_AOP_DASCMOP8_N100_FE50000_run3_seed240203.mat"
"s07_dual_role_credit","Equal-AOP","DASCMOP8","DAS-CMOP",100,50000,4,240204,50000,4.7697,0.5303272603956859,0.00840304268048115,1,"Equal_AOP_DASCMOP8_N100_FE50000_run4_seed240204.mat"
"s07_dual_role_credit","Equal-AOP","DASCMOP8","DAS-CMOP",100,50000,5,240205,50000,4.6049,0.1618179850508702,0.1280505348710744,1,"Equal_AOP_DASCMOP8_N100_FE50000_run5_seed240205.mat"
"s07_dual_role_credit","Equal-AOP","DASCMOP9","DAS-CMOP",100,50000,1,240301,50000,4.6764,0.04444166105317114,0.2044902863325952,1,"Equal_AOP_DASCMOP9_N100_FE50000_run1_seed240301.mat"
"s07_dual_role_credit","Equal-AOP","DASCMOP9","DAS-CMOP",100,50000,2,240302,50000,4.1998,0.04961829265057421,0.2023823713360996,1,"Equal_AOP_DASCMOP9_N100_FE50000_run2_seed240302.mat"
"s07_dual_role_credit","Equal-AOP","DASCMOP9","DAS-CMOP",100,50000,3,240303,50000,4.7422,0.04750086150839963,0.2021079186112031,1,"Equal_AOP_DASCMOP9_N100_FE50000_run3_seed240303.mat"
"s07_dual_role_credit","Equal-AOP","DASCMOP9","DAS-CMOP",100,50000,4,240304,50000,4.5491,0.0525180152952902,0.2039178836934118,1,"Equal_AOP_DASCMOP9_N100_FE50000_run4_seed240304.mat"
"s07_dual_role_credit","Equal-AOP","DASCMOP9","DAS-CMOP",100,50000,5,240305,50000,4.8981,0.04166365246069567,0.2040596261515134,1,"Equal_AOP_DASCMOP9_N100_FE50000_run5_seed240305.mat"
"s07_dual_role_credit","Equal-AOP","LIRCMOP10","LIR-CMOP",100,50000,1,239001,50000,6.5333,0.2303952572434755,0.5853527965018082,1,"Equal_AOP_LIRCMOP10_N100_FE50000_run1_seed239001.mat"
"s07_dual_role_credit","Equal-AOP","LIRCMOP10","LIR-CMOP",100,50000,2,239002,50000,7.2045,0.2307710375305205,0.5860325546556913,1,"Equal_AOP_LIRCMOP10_N100_FE50000_run2_seed239002.mat"
"s07_dual_role_credit","Equal-AOP","LIRCMOP10","LIR-CMOP",100,50000,3,239003,50000,7.1981,0.2210723055131987,0.5985557650587694,1,"Equal_AOP_LIRCMOP10_N100_FE50000_run3_seed239003.mat"
"s07_dual_role_credit","Equal-AOP","LIRCMOP10","LIR-CMOP",100,50000,4,239004,50000,7.6979,0.2210139496898707,0.5977661490809286,1,"Equal_AOP_LIRCMOP10_N100_FE50000_run4_seed239004.mat"
"s07_dual_role_credit","Equal-AOP","LIRCMOP10","LIR-CMOP",100,50000,5,239005,50000,7.809,0.2206290112491215,0.5944423585948225,1,"Equal_AOP_LIRCMOP10_N100_FE50000_run5_seed239005.mat"
"s07_dual_role_credit","Equal-AOP","LIRCMOP11","LIR-CMOP",100,50000,1,239101,50000,6.4842,0.01960822544117288,0.6826850220544404,1,"Equal_AOP_LIRCMOP11_N100_FE50000_run1_seed239101.mat"
"s07_dual_role_credit","Equal-AOP","LIRCMOP11","LIR-CMOP",100,50000,2,239102,50000,5.4538,0.1437958620824434,0.6011739532673709,1,"Equal_AOP_LIRCMOP11_N100_FE50000_run2_seed239102.mat"
"s07_dual_role_credit","Equal-AOP","LIRCMOP11","LIR-CMOP",100,50000,3,239103,50000,6.1349,0.1438823658924556,0.6011744419319371,1,"Equal_AOP_LIRCMOP11_N100_FE50000_run3_seed239103.mat"
"s07_dual_role_credit","Equal-AOP","LIRCMOP11","LIR-CMOP",100,50000,4,239104,50000,7.1817,0.1440544811366207,0.6007432308547977,1,"Equal_AOP_LIRCMOP11_N100_FE50000_run4_seed239104.mat"
"s07_dual_role_credit","Equal-AOP","LIRCMOP11","LIR-CMOP",100,50000,5,239105,50000,6.7715,0.07659071359882254,0.655294850657119,1,"Equal_AOP_LIRCMOP11_N100_FE50000_run5_seed239105.mat"
"s07_dual_role_credit","Equal-AOP","LIRCMOP12","LIR-CMOP",100,50000,1,239201,50000,5.5584,0.2814948705707641,0.4798132926143079,1,"Equal_AOP_LIRCMOP12_N100_FE50000_run1_seed239201.mat"
"s07_dual_role_credit","Equal-AOP","LIRCMOP12","LIR-CMOP",100,50000,2,239202,50000,5.9213,0.1792232756697782,0.5204079586216517,1,"Equal_AOP_LIRCMOP12_N100_FE50000_run2_seed239202.mat"
"s07_dual_role_credit","Equal-AOP","LIRCMOP12","LIR-CMOP",100,50000,3,239203,50000,4.6002,0.1507916286070364,0.5441327391450659,1,"Equal_AOP_LIRCMOP12_N100_FE50000_run3_seed239203.mat"
"s07_dual_role_credit","Equal-AOP","LIRCMOP12","LIR-CMOP",100,50000,4,239204,50000,4.3955,0.1589226861181637,0.5338478394151602,1,"Equal_AOP_LIRCMOP12_N100_FE50000_run4_seed239204.mat"
"s07_dual_role_credit","Equal-AOP","LIRCMOP12","LIR-CMOP",100,50000,5,239205,50000,6.7653,0.2045325168813394,0.5145799563334399,1,"Equal_AOP_LIRCMOP12_N100_FE50000_run5_seed239205.mat"
"s07_dual_role_credit","Equal-AOP","LIRCMOP13","LIR-CMOP",100,50000,1,239301,50000,11.578,0.1047447661152784,0.5329549981963835,1,"Equal_AOP_LIRCMOP13_N100_FE50000_run1_seed239301.mat"
"s07_dual_role_credit","Equal-AOP","LIRCMOP13","LIR-CMOP",100,50000,2,239302,50000,11.5657,0.09916536807150325,0.5389715560571231,1,"Equal_AOP_LIRCMOP13_N100_FE50000_run2_seed239302.mat"
"s07_dual_role_credit","Equal-AOP","LIRCMOP13","LIR-CMOP",100,50000,3,239303,50000,10.9831,0.1007789861247407,0.5389963393148511,1,"Equal_AOP_LIRCMOP13_N100_FE50000_run3_seed239303.mat"
"s07_dual_role_credit","Equal-AOP","LIRCMOP13","LIR-CMOP",100,50000,4,239304,50000,10.8389,0.09979144038898922,0.5406028342946441,1,"Equal_AOP_LIRCMOP13_N100_FE50000_run4_seed239304.mat"
"s07_dual_role_credit","Equal-AOP","LIRCMOP13","LIR-CMOP",100,50000,5,239305,50000,9.8752,0.09904076785892088,0.5383140780102424,1,"Equal_AOP_LIRCMOP13_N100_FE50000_run5_seed239305.mat"
"s07_dual_role_credit","Equal-AOP","LIRCMOP14","LIR-CMOP",100,50000,1,239401,50000,9.9951,0.09750077214689905,0.5504786343070742,1,"Equal_AOP_LIRCMOP14_N100_FE50000_run1_seed239401.mat"
"s07_dual_role_credit","Equal-AOP","LIRCMOP14","LIR-CMOP",100,50000,2,239402,50000,9.6267,0.09993190316152956,0.5507144918084057,1,"Equal_AOP_LIRCMOP14_N100_FE50000_run2_seed239402.mat"
"s07_dual_role_credit","Equal-AOP","LIRCMOP14","LIR-CMOP",100,50000,3,239403,50000,9.878,0.09803537339848485,0.5491911478748649,1,"Equal_AOP_LIRCMOP14_N100_FE50000_run3_seed239403.mat"
"s07_dual_role_credit","Equal-AOP","LIRCMOP14","LIR-CMOP",100,50000,4,239404,50000,9.5515,0.09722749323981277,0.5515680999415052,1,"Equal_AOP_LIRCMOP14_N100_FE50000_run4_seed239404.mat"
"s07_dual_role_credit","Equal-AOP","LIRCMOP14","LIR-CMOP",100,50000,5,239405,50000,8.8103,0.09836255790149295,0.5511979323234855,1,"Equal_AOP_LIRCMOP14_N100_FE50000_run5_seed239405.mat"
"s07_dual_role_credit","Equal-AOP","LIRCMOP1","LIR-CMOP",100,50000,1,238101,50000,4.8767,0.2668530527107698,0.1223338456374852,1,"Equal_AOP_LIRCMOP1_N100_FE50000_run1_seed238101.mat"
"s07_dual_role_credit","Equal-AOP","LIRCMOP1","LIR-CMOP",100,50000,2,238102,50000,3.9919,0.2172729851324426,0.1364547245592314,1,"Equal_AOP_LIRCMOP1_N100_FE50000_run2_seed238102.mat"
"s07_dual_role_credit","Equal-AOP","LIRCMOP1","LIR-CMOP",100,50000,3,238103,50000,3.9535,0.2387658993557362,0.134322990830311,1,"Equal_AOP_LIRCMOP1_N100_FE50000_run3_seed238103.mat"
"s07_dual_role_credit","Equal-AOP","LIRCMOP1","LIR-CMOP",100,50000,4,238104,50000,3.8574,0.2387799336250789,0.1301376634153292,1,"Equal_AOP_LIRCMOP1_N100_FE50000_run4_seed238104.mat"
"s07_dual_role_credit","Equal-AOP","LIRCMOP1","LIR-CMOP",100,50000,5,238105,50000,3.3631,0.2352749774759395,0.1235833268224767,1,"Equal_AOP_LIRCMOP1_N100_FE50000_run5_seed238105.mat"
"s07_dual_role_credit","Equal-AOP","LIRCMOP2","LIR-CMOP",100,50000,1,238201,50000,4.8505,0.1943668873270513,0.2530005919170034,1,"Equal_AOP_LIRCMOP2_N100_FE50000_run1_seed238201.mat"
"s07_dual_role_credit","Equal-AOP","LIRCMOP2","LIR-CMOP",100,50000,2,238202,50000,5.315,0.2200736036772561,0.237607154816417,1,"Equal_AOP_LIRCMOP2_N100_FE50000_run2_seed238202.mat"
"s07_dual_role_credit","Equal-AOP","LIRCMOP2","LIR-CMOP",100,50000,3,238203,50000,4.5604,0.1673070702796063,0.2633187867072216,1,"Equal_AOP_LIRCMOP2_N100_FE50000_run3_seed238203.mat"
"s07_dual_role_credit","Equal-AOP","LIRCMOP2","LIR-CMOP",100,50000,4,238204,50000,3.7437,0.1944258096044573,0.256243061402643,1,"Equal_AOP_LIRCMOP2_N100_FE50000_run4_seed238204.mat"
"s07_dual_role_credit","Equal-AOP","LIRCMOP2","LIR-CMOP",100,50000,5,238205,50000,3.9404,0.144599170039672,0.2682233021058193,1,"Equal_AOP_LIRCMOP2_N100_FE50000_run5_seed238205.mat"
"s07_dual_role_credit","Equal-AOP","LIRCMOP3","LIR-CMOP",100,50000,1,238301,50000,3.92,0.272656449120846,0.1068739699298504,1,"Equal_AOP_LIRCMOP3_N100_FE50000_run1_seed238301.mat"
"s07_dual_role_credit","Equal-AOP","LIRCMOP3","LIR-CMOP",100,50000,2,238302,50000,4.3632,0.2725729139358324,0.1068798957425042,1,"Equal_AOP_LIRCMOP3_N100_FE50000_run2_seed238302.mat"
"s07_dual_role_credit","Equal-AOP","LIRCMOP3","LIR-CMOP",100,50000,3,238303,50000,5.5011,0.2764432691318957,0.116396492596824,1,"Equal_AOP_LIRCMOP3_N100_FE50000_run3_seed238303.mat"
"s07_dual_role_credit","Equal-AOP","LIRCMOP3","LIR-CMOP",100,50000,4,238304,50000,4.6592,0.2295571563535083,0.1234263454325094,1,"Equal_AOP_LIRCMOP3_N100_FE50000_run4_seed238304.mat"
"s07_dual_role_credit","Equal-AOP","LIRCMOP3","LIR-CMOP",100,50000,5,238305,50000,4.0469,0.3298829235295595,0.09707290327227384,1,"Equal_AOP_LIRCMOP3_N100_FE50000_run5_seed238305.mat"
"s07_dual_role_credit","Equal-AOP","LIRCMOP4","LIR-CMOP",100,50000,1,238401,50000,4.0868,0.2580200815798123,0.2068562688230275,1,"Equal_AOP_LIRCMOP4_N100_FE50000_run1_seed238401.mat"
"s07_dual_role_credit","Equal-AOP","LIRCMOP4","LIR-CMOP",100,50000,2,238402,50000,3.7851,0.2532442061410822,0.2090220025163047,1,"Equal_AOP_LIRCMOP4_N100_FE50000_run2_seed238402.mat"
"s07_dual_role_credit","Equal-AOP","LIRCMOP4","LIR-CMOP",100,50000,3,238403,50000,4.68,0.3068423991936964,0.1821671136675916,1,"Equal_AOP_LIRCMOP4_N100_FE50000_run3_seed238403.mat"
"s07_dual_role_credit","Equal-AOP","LIRCMOP4","LIR-CMOP",100,50000,4,238404,50000,5.1034,0.3025142151541834,0.1838036253546035,1,"Equal_AOP_LIRCMOP4_N100_FE50000_run4_seed238404.mat"
"s07_dual_role_credit","Equal-AOP","LIRCMOP4","LIR-CMOP",100,50000,5,238405,50000,4.5565,0.1585159881063611,0.2352847406224661,1,"Equal_AOP_LIRCMOP4_N100_FE50000_run5_seed238405.mat"
"s07_dual_role_credit","Equal-AOP","LIRCMOP5","LIR-CMOP",100,50000,1,238501,50000,5.324,0.1980868924435371,0.1840295964911605,1,"Equal_AOP_LIRCMOP5_N100_FE50000_run1_seed238501.mat"
"s07_dual_role_credit","Equal-AOP","LIRCMOP5","LIR-CMOP",100,50000,2,238502,50000,4.7254,0.2927443545754209,0.2111432057539414,1,"Equal_AOP_LIRCMOP5_N100_FE50000_run2_seed238502.mat"
"s07_dual_role_credit","Equal-AOP","LIRCMOP5","LIR-CMOP",100,50000,3,238503,50000,4.1654,0.2225541326193067,0.1731979578900781,1,"Equal_AOP_LIRCMOP5_N100_FE50000_run3_seed238503.mat"
"s07_dual_role_credit","Equal-AOP","LIRCMOP5","LIR-CMOP",100,50000,4,238504,50000,5.5681,0.1972144276383841,0.1836466820828707,1,"Equal_AOP_LIRCMOP5_N100_FE50000_run4_seed238504.mat"
"s07_dual_role_credit","Equal-AOP","LIRCMOP5","LIR-CMOP",100,50000,5,238505,50000,5.6799,0.1798259846961759,0.2396912824131989,1,"Equal_AOP_LIRCMOP5_N100_FE50000_run5_seed238505.mat"
"s07_dual_role_credit","Equal-AOP","LIRCMOP6","LIR-CMOP",100,50000,1,238601,50000,5.3655,0.2975013856720085,0.1320655874075945,1,"Equal_AOP_LIRCMOP6_N100_FE50000_run1_seed238601.mat"
"s07_dual_role_credit","Equal-AOP","LIRCMOP6","LIR-CMOP",100,50000,2,238602,50000,4.4782,0.2692919590549456,0.1360682062467395,1,"Equal_AOP_LIRCMOP6_N100_FE50000_run2_seed238602.mat"
"s07_dual_role_credit","Equal-AOP","LIRCMOP6","LIR-CMOP",100,50000,3,238603,50000,4.8187,0.218398496496688,0.1469270069993722,1,"Equal_AOP_LIRCMOP6_N100_FE50000_run3_seed238603.mat"
"s07_dual_role_credit","Equal-AOP","LIRCMOP6","LIR-CMOP",100,50000,4,238604,50000,3.9633,0.09536146936076501,0.1489093703364716,1,"Equal_AOP_LIRCMOP6_N100_FE50000_run4_seed238604.mat"
"s07_dual_role_credit","Equal-AOP","LIRCMOP6","LIR-CMOP",100,50000,5,238605,50000,4.7979,0.2293489477933664,0.1161009245426825,1,"Equal_AOP_LIRCMOP6_N100_FE50000_run5_seed238605.mat"
"s07_dual_role_credit","Equal-AOP","LIRCMOP7","LIR-CMOP",100,50000,1,238701,50000,4.6274,0.009270146046785692,0.2931404348196395,1,"Equal_AOP_LIRCMOP7_N100_FE50000_run1_seed238701.mat"
"s07_dual_role_credit","Equal-AOP","LIRCMOP7","LIR-CMOP",100,50000,2,238702,50000,4.3349,0.01128616709877623,0.2917692916961734,1,"Equal_AOP_LIRCMOP7_N100_FE50000_run2_seed238702.mat"
"s07_dual_role_credit","Equal-AOP","LIRCMOP7","LIR-CMOP",100,50000,3,238703,50000,3.971,0.0193179886364927,0.2875652477755291,1,"Equal_AOP_LIRCMOP7_N100_FE50000_run3_seed238703.mat"
"s07_dual_role_credit","Equal-AOP","LIRCMOP7","LIR-CMOP",100,50000,4,238704,50000,3.6005,0.03401506846449546,0.2750406756128325,1,"Equal_AOP_LIRCMOP7_N100_FE50000_run4_seed238704.mat"
"s07_dual_role_credit","Equal-AOP","LIRCMOP7","LIR-CMOP",100,50000,5,238705,50000,3.8459,0.1029543511776554,0.253016729626947,1,"Equal_AOP_LIRCMOP7_N100_FE50000_run5_seed238705.mat"
"s07_dual_role_credit","Equal-AOP","LIRCMOP8","LIR-CMOP",100,50000,1,238801,50000,4.3415,0.01113484497504681,0.2925013970920977,1,"Equal_AOP_LIRCMOP8_N100_FE50000_run1_seed238801.mat"
"s07_dual_role_credit","Equal-AOP","LIRCMOP8","LIR-CMOP",100,50000,2,238802,50000,4.6035,0.01018042501420529,0.2927723812645637,1,"Equal_AOP_LIRCMOP8_N100_FE50000_run2_seed238802.mat"
"s07_dual_role_credit","Equal-AOP","LIRCMOP8","LIR-CMOP",100,50000,3,238803,50000,4.3908,0.07672395243037174,0.2623155910064605,1,"Equal_AOP_LIRCMOP8_N100_FE50000_run3_seed238803.mat"
"s07_dual_role_credit","Equal-AOP","LIRCMOP8","LIR-CMOP",100,50000,4,238804,50000,4.1072,0.01186547219957207,0.2921976902400254,1,"Equal_AOP_LIRCMOP8_N100_FE50000_run4_seed238804.mat"
"s07_dual_role_credit","Equal-AOP","LIRCMOP8","LIR-CMOP",100,50000,5,238805,50000,3.7923,0.0767642072749443,0.2605757413419793,1,"Equal_AOP_LIRCMOP8_N100_FE50000_run5_seed238805.mat"
"s07_dual_role_credit","Equal-AOP","LIRCMOP9","LIR-CMOP",100,50000,1,238901,50000,6.0354,0.5082082705111179,0.355909720972733,1,"Equal_AOP_LIRCMOP9_N100_FE50000_run1_seed238901.mat"
"s07_dual_role_credit","Equal-AOP","LIRCMOP9","LIR-CMOP",100,50000,2,238902,50000,6.8561,0.507396812613538,0.3558414699783882,1,"Equal_AOP_LIRCMOP9_N100_FE50000_run2_seed238902.mat"
"s07_dual_role_credit","Equal-AOP","LIRCMOP9","LIR-CMOP",100,50000,3,238903,50000,6.9053,0.4279951657099137,0.3804681694090685,1,"Equal_AOP_LIRCMOP9_N100_FE50000_run3_seed238903.mat"
"s07_dual_role_credit","Equal-AOP","LIRCMOP9","LIR-CMOP",100,50000,4,238904,50000,7.2162,0.5086126624226994,0.354258940610393,1,"Equal_AOP_LIRCMOP9_N100_FE50000_run4_seed238904.mat"
"s07_dual_role_credit","Equal-AOP","LIRCMOP9","LIR-CMOP",100,50000,5,238905,50000,7.0073,0.5065850089255483,0.3582245254563572,1,"Equal_AOP_LIRCMOP9_N100_FE50000_run5_seed238905.mat"
"s07_dual_role_credit","Objective-Credit-AOP","CF10","CF",100,50000,1,258001,50000,6.2235,0.335174660451314,0.1495319588262596,1,"Objective_Credit_AOP_CF10_N100_FE50000_run1_seed258001.mat"
"s07_dual_role_credit","Objective-Credit-AOP","CF10","CF",100,50000,2,258002,50000,9.1249,0.3311048924768591,0.1854009577675613,1,"Objective_Credit_AOP_CF10_N100_FE50000_run2_seed258002.mat"
"s07_dual_role_credit","Objective-Credit-AOP","CF10","CF",100,50000,3,258003,50000,7.3059,0.4629561931582908,0.08946539917497466,1,"Objective_Credit_AOP_CF10_N100_FE50000_run3_seed258003.mat"
"s07_dual_role_credit","Objective-Credit-AOP","CF10","CF",100,50000,4,258004,50000,7.3849,0.3947291794018407,0.1601318016024138,1,"Objective_Credit_AOP_CF10_N100_FE50000_run4_seed258004.mat"
"s07_dual_role_credit","Objective-Credit-AOP","CF10","CF",100,50000,5,258005,50000,9.3281,0.3056007302452376,0.1928933526934481,1,"Objective_Credit_AOP_CF10_N100_FE50000_run5_seed258005.mat"
"s07_dual_role_credit","Objective-Credit-AOP","CF1","CF",100,50000,1,257101,50000,6.6022,0.005066881367577057,0.5599789543053092,1,"Objective_Credit_AOP_CF1_N100_FE50000_run1_seed257101.mat"
"s07_dual_role_credit","Objective-Credit-AOP","CF1","CF",100,50000,2,257102,50000,5.8812,0.005939333319871761,0.5589085316113567,1,"Objective_Credit_AOP_CF1_N100_FE50000_run2_seed257102.mat"
"s07_dual_role_credit","Objective-Credit-AOP","CF1","CF",100,50000,3,257103,50000,6.4568,0.006743939963788333,0.5579970811787254,1,"Objective_Credit_AOP_CF1_N100_FE50000_run3_seed257103.mat"
"s07_dual_role_credit","Objective-Credit-AOP","CF1","CF",100,50000,4,257104,50000,5.6641,0.005309433658727146,0.5597003959120501,1,"Objective_Credit_AOP_CF1_N100_FE50000_run4_seed257104.mat"
"s07_dual_role_credit","Objective-Credit-AOP","CF1","CF",100,50000,5,257105,50000,6.5338,0.004932857824732455,0.560091677918003,1,"Objective_Credit_AOP_CF1_N100_FE50000_run5_seed257105.mat"
"s07_dual_role_credit","Objective-Credit-AOP","CF2","CF",100,50000,1,257201,50000,6.0619,0.02233940375821492,0.6598641643065523,1,"Objective_Credit_AOP_CF2_N100_FE50000_run1_seed257201.mat"
"s07_dual_role_credit","Objective-Credit-AOP","CF2","CF",100,50000,2,257202,50000,7.2013,0.009494172811866052,0.6684059630665248,1,"Objective_Credit_AOP_CF2_N100_FE50000_run2_seed257202.mat"
"s07_dual_role_credit","Objective-Credit-AOP","CF2","CF",100,50000,3,257203,50000,5.9526,0.02723390768409646,0.6532331491087726,1,"Objective_Credit_AOP_CF2_N100_FE50000_run3_seed257203.mat"
"s07_dual_role_credit","Objective-Credit-AOP","CF2","CF",100,50000,4,257204,50000,5.9814,0.01078354232835846,0.6653281669193937,1,"Objective_Credit_AOP_CF2_N100_FE50000_run4_seed257204.mat"
"s07_dual_role_credit","Objective-Credit-AOP","CF2","CF",100,50000,5,257205,50000,6.3972,0.0231602569180757,0.6552943848362928,1,"Objective_Credit_AOP_CF2_N100_FE50000_run5_seed257205.mat"
"s07_dual_role_credit","Objective-Credit-AOP","CF3","CF",100,50000,1,257301,50000,5.5412,0.1061233565510998,0.267048920721033,1,"Objective_Credit_AOP_CF3_N100_FE50000_run1_seed257301.mat"
"s07_dual_role_credit","Objective-Credit-AOP","CF3","CF",100,50000,2,257302,50000,4.9558,0.1195704233843181,0.3017304743070723,1,"Objective_Credit_AOP_CF3_N100_FE50000_run2_seed257302.mat"
"s07_dual_role_credit","Objective-Credit-AOP","CF3","CF",100,50000,3,257303,50000,5.672,0.2778184713996736,0.1267629774841683,1,"Objective_Credit_AOP_CF3_N100_FE50000_run3_seed257303.mat"
"s07_dual_role_credit","Objective-Credit-AOP","CF3","CF",100,50000,4,257304,50000,5.4254,0.281187112174314,0.1628903188587286,1,"Objective_Credit_AOP_CF3_N100_FE50000_run4_seed257304.mat"
"s07_dual_role_credit","Objective-Credit-AOP","CF3","CF",100,50000,5,257305,50000,5.3559,0.1302170161236386,0.2387826325851474,1,"Objective_Credit_AOP_CF3_N100_FE50000_run5_seed257305.mat"
"s07_dual_role_credit","Objective-Credit-AOP","CF4","CF",100,50000,1,257401,50000,6.089,0.0457236486866813,0.4805812555661299,1,"Objective_Credit_AOP_CF4_N100_FE50000_run1_seed257401.mat"
"s07_dual_role_credit","Objective-Credit-AOP","CF4","CF",100,50000,2,257402,50000,6.4853,0.06410267491683723,0.4530675741766469,1,"Objective_Credit_AOP_CF4_N100_FE50000_run2_seed257402.mat"
"s07_dual_role_credit","Objective-Credit-AOP","CF4","CF",100,50000,3,257403,50000,6.0182,0.05132001107352308,0.4651491672465794,1,"Objective_Credit_AOP_CF4_N100_FE50000_run3_seed257403.mat"
"s07_dual_role_credit","Objective-Credit-AOP","CF4","CF",100,50000,4,257404,50000,5.8324,0.04015649862330815,0.4856819013937176,1,"Objective_Credit_AOP_CF4_N100_FE50000_run4_seed257404.mat"
"s07_dual_role_credit","Objective-Credit-AOP","CF4","CF",100,50000,5,257405,50000,6.3238,0.05661440057720409,0.4592832286275552,1,"Objective_Credit_AOP_CF4_N100_FE50000_run5_seed257405.mat"
"s07_dual_role_credit","Objective-Credit-AOP","CF5","CF",100,50000,1,257501,50000,7.1349,0.3366842100252834,0.221393055033306,1,"Objective_Credit_AOP_CF5_N100_FE50000_run1_seed257501.mat"
"s07_dual_role_credit","Objective-Credit-AOP","CF5","CF",100,50000,2,257502,50000,6.3156,0.1131676745361662,0.4026767415149541,1,"Objective_Credit_AOP_CF5_N100_FE50000_run2_seed257502.mat"
"s07_dual_role_credit","Objective-Credit-AOP","CF5","CF",100,50000,3,257503,50000,7.4113,0.1177728117162554,0.4012528462715287,1,"Objective_Credit_AOP_CF5_N100_FE50000_run3_seed257503.mat"
"s07_dual_role_credit","Objective-Credit-AOP","CF5","CF",100,50000,4,257504,50000,6.4551,0.1396234327913032,0.385445301809716,1,"Objective_Credit_AOP_CF5_N100_FE50000_run4_seed257504.mat"
"s07_dual_role_credit","Objective-Credit-AOP","CF5","CF",100,50000,5,257505,50000,6.4685,0.2885672859430428,0.3093378726676834,1,"Objective_Credit_AOP_CF5_N100_FE50000_run5_seed257505.mat"
"s07_dual_role_credit","Objective-Credit-AOP","CF6","CF",100,50000,1,257601,50000,7.4477,0.04291621759638863,0.6558676650607135,1,"Objective_Credit_AOP_CF6_N100_FE50000_run1_seed257601.mat"
"s07_dual_role_credit","Objective-Credit-AOP","CF6","CF",100,50000,2,257602,50000,7.2658,0.04187439428683132,0.653686412739213,1,"Objective_Credit_AOP_CF6_N100_FE50000_run2_seed257602.mat"
"s07_dual_role_credit","Objective-Credit-AOP","CF6","CF",100,50000,3,257603,50000,7.3626,0.03927350244550625,0.6593265751215459,1,"Objective_Credit_AOP_CF6_N100_FE50000_run3_seed257603.mat"
"s07_dual_role_credit","Objective-Credit-AOP","CF6","CF",100,50000,4,257604,50000,8.2695,0.05051905772686454,0.6479281371074195,1,"Objective_Credit_AOP_CF6_N100_FE50000_run4_seed257604.mat"
"s07_dual_role_credit","Objective-Credit-AOP","CF6","CF",100,50000,5,257605,50000,7.2053,0.04040613081105682,0.6511434143156408,1,"Objective_Credit_AOP_CF6_N100_FE50000_run5_seed257605.mat"
"s07_dual_role_credit","Objective-Credit-AOP","CF7","CF",100,50000,1,257701,50000,5.5032,0.1048932197569738,0.5681584548811889,1,"Objective_Credit_AOP_CF7_N100_FE50000_run1_seed257701.mat"
"s07_dual_role_credit","Objective-Credit-AOP","CF7","CF",100,50000,2,257702,50000,6.7308,0.129481554318459,0.5369254984750461,1,"Objective_Credit_AOP_CF7_N100_FE50000_run2_seed257702.mat"
"s07_dual_role_credit","Objective-Credit-AOP","CF7","CF",100,50000,3,257703,50000,5.9504,0.09389465220597674,0.5646585616076727,1,"Objective_Credit_AOP_CF7_N100_FE50000_run3_seed257703.mat"
"s07_dual_role_credit","Objective-Credit-AOP","CF7","CF",100,50000,4,257704,50000,6.2472,0.1035415444465634,0.5729867998579677,1,"Objective_Credit_AOP_CF7_N100_FE50000_run4_seed257704.mat"
"s07_dual_role_credit","Objective-Credit-AOP","CF7","CF",100,50000,5,257705,50000,7.4651,0.3229397985604608,0.4379777228101326,1,"Objective_Credit_AOP_CF7_N100_FE50000_run5_seed257705.mat"
"s07_dual_role_credit","Objective-Credit-AOP","CF8","CF",100,50000,1,257801,50000,6.0477,0.1558345517615991,0.3475859857935376,1,"Objective_Credit_AOP_CF8_N100_FE50000_run1_seed257801.mat"
"s07_dual_role_credit","Objective-Credit-AOP","CF8","CF",100,50000,2,257802,50000,5.5768,0.1709093879462931,0.3187704802906605,1,"Objective_Credit_AOP_CF8_N100_FE50000_run2_seed257802.mat"
"s07_dual_role_credit","Objective-Credit-AOP","CF8","CF",100,50000,3,257803,50000,5.8991,0.1771683717413579,0.3336537583449449,1,"Objective_Credit_AOP_CF8_N100_FE50000_run3_seed257803.mat"
"s07_dual_role_credit","Objective-Credit-AOP","CF8","CF",100,50000,4,257804,50000,5.7764,0.1535617414516826,0.359380345645516,1,"Objective_Credit_AOP_CF8_N100_FE50000_run4_seed257804.mat"
"s07_dual_role_credit","Objective-Credit-AOP","CF8","CF",100,50000,5,257805,50000,5.8582,0.1474346482541356,0.3724386625075111,1,"Objective_Credit_AOP_CF8_N100_FE50000_run5_seed257805.mat"
"s07_dual_role_credit","Objective-Credit-AOP","CF9","CF",100,50000,1,257901,50000,7.1373,0.09322985199298456,0.4269933808936031,1,"Objective_Credit_AOP_CF9_N100_FE50000_run1_seed257901.mat"
"s07_dual_role_credit","Objective-Credit-AOP","CF9","CF",100,50000,2,257902,50000,7.2498,0.1079907431478689,0.4102639132938946,1,"Objective_Credit_AOP_CF9_N100_FE50000_run2_seed257902.mat"
"s07_dual_role_credit","Objective-Credit-AOP","CF9","CF",100,50000,3,257903,50000,7.1079,0.1095968920694493,0.4113765863768784,1,"Objective_Credit_AOP_CF9_N100_FE50000_run3_seed257903.mat"
"s07_dual_role_credit","Objective-Credit-AOP","CF9","CF",100,50000,4,257904,50000,7.5233,0.105581577667759,0.4173700260644815,1,"Objective_Credit_AOP_CF9_N100_FE50000_run4_seed257904.mat"
"s07_dual_role_credit","Objective-Credit-AOP","CF9","CF",100,50000,5,257905,50000,7.4764,0.09096248698054309,0.4287053395930709,1,"Objective_Credit_AOP_CF9_N100_FE50000_run5_seed257905.mat"
"s07_dual_role_credit","Objective-Credit-AOP","DASCMOP1","DAS-CMOP",100,50000,1,259501,50000,4.6643,0.009205179508443642,0.2060079723567111,1,"Objective_Credit_AOP_DASCMOP1_N100_FE50000_run1_seed259501.mat"
"s07_dual_role_credit","Objective-Credit-AOP","DASCMOP1","DAS-CMOP",100,50000,2,259502,50000,4.8765,0.01103614488645556,0.207469533633891,1,"Objective_Credit_AOP_DASCMOP1_N100_FE50000_run2_seed259502.mat"
"s07_dual_role_credit","Objective-Credit-AOP","DASCMOP1","DAS-CMOP",100,50000,3,259503,50000,5.2877,0.009128234080526645,0.2071818647101437,1,"Objective_Credit_AOP_DASCMOP1_N100_FE50000_run3_seed259503.mat"
"s07_dual_role_credit","Objective-Credit-AOP","DASCMOP1","DAS-CMOP",100,50000,4,259504,50000,4.8695,0.004932696891462367,0.2111452821346055,1,"Objective_Credit_AOP_DASCMOP1_N100_FE50000_run4_seed259504.mat"
"s07_dual_role_credit","Objective-Credit-AOP","DASCMOP1","DAS-CMOP",100,50000,5,259505,50000,4.782,0.007750374770512762,0.2079361506558765,1,"Objective_Credit_AOP_DASCMOP1_N100_FE50000_run5_seed259505.mat"
"s07_dual_role_credit","Objective-Credit-AOP","DASCMOP2","DAS-CMOP",100,50000,1,259601,50000,4.5013,0.00808589123212778,0.3522478607797812,1,"Objective_Credit_AOP_DASCMOP2_N100_FE50000_run1_seed259601.mat"
"s07_dual_role_credit","Objective-Credit-AOP","DASCMOP2","DAS-CMOP",100,50000,2,259602,50000,4.3141,0.008527783617973156,0.351382221353856,1,"Objective_Credit_AOP_DASCMOP2_N100_FE50000_run2_seed259602.mat"
"s07_dual_role_credit","Objective-Credit-AOP","DASCMOP2","DAS-CMOP",100,50000,3,259603,50000,4.7384,0.009626652698561656,0.3510887754191295,1,"Objective_Credit_AOP_DASCMOP2_N100_FE50000_run3_seed259603.mat"
"s07_dual_role_credit","Objective-Credit-AOP","DASCMOP2","DAS-CMOP",100,50000,4,259604,50000,4.6323,0.008635873937072642,0.3505341903128897,1,"Objective_Credit_AOP_DASCMOP2_N100_FE50000_run4_seed259604.mat"
"s07_dual_role_credit","Objective-Credit-AOP","DASCMOP2","DAS-CMOP",100,50000,5,259605,50000,4.4958,0.01353861611276666,0.348268959242672,1,"Objective_Credit_AOP_DASCMOP2_N100_FE50000_run5_seed259605.mat"
"s07_dual_role_credit","Objective-Credit-AOP","DASCMOP3","DAS-CMOP",100,50000,1,259701,50000,4.3382,0.03124052762090364,0.2930396356149264,1,"Objective_Credit_AOP_DASCMOP3_N100_FE50000_run1_seed259701.mat"
"s07_dual_role_credit","Objective-Credit-AOP","DASCMOP3","DAS-CMOP",100,50000,2,259702,50000,4.7192,0.02283112000836415,0.3089126405115626,1,"Objective_Credit_AOP_DASCMOP3_N100_FE50000_run2_seed259702.mat"
"s07_dual_role_credit","Objective-Credit-AOP","DASCMOP3","DAS-CMOP",100,50000,3,259703,50000,4.2357,0.02834220356732219,0.3028593387193982,1,"Objective_Credit_AOP_DASCMOP3_N100_FE50000_run3_seed259703.mat"
"s07_dual_role_credit","Objective-Credit-AOP","DASCMOP3","DAS-CMOP",100,50000,4,259704,50000,4.6825,0.02475676076438215,0.3069184253974103,1,"Objective_Credit_AOP_DASCMOP3_N100_FE50000_run4_seed259704.mat"
"s07_dual_role_credit","Objective-Credit-AOP","DASCMOP3","DAS-CMOP",100,50000,5,259705,50000,4.8276,0.0487020170775991,0.2885372922828933,1,"Objective_Credit_AOP_DASCMOP3_N100_FE50000_run5_seed259705.mat"
"s07_dual_role_credit","Objective-Credit-AOP","DASCMOP4","DAS-CMOP",100,50000,1,259801,50000,4.3329,1.038396998316252,0,1,"Objective_Credit_AOP_DASCMOP4_N100_FE50000_run1_seed259801.mat"
"s07_dual_role_credit","Objective-Credit-AOP","DASCMOP4","DAS-CMOP",100,50000,2,259802,50000,3.8178,0.7695234902715798,0,1,"Objective_Credit_AOP_DASCMOP4_N100_FE50000_run2_seed259802.mat"
"s07_dual_role_credit","Objective-Credit-AOP","DASCMOP4","DAS-CMOP",100,50000,3,259803,50000,4.6138,1.080381946712796,0,1,"Objective_Credit_AOP_DASCMOP4_N100_FE50000_run3_seed259803.mat"
"s07_dual_role_credit","Objective-Credit-AOP","DASCMOP4","DAS-CMOP",100,50000,4,259804,50000,3.9745,0.4912521043464683,0.0209827543629577,1,"Objective_Credit_AOP_DASCMOP4_N100_FE50000_run4_seed259804.mat"
"s07_dual_role_credit","Objective-Credit-AOP","DASCMOP4","DAS-CMOP",100,50000,5,259805,50000,4.1278,0.2946934129034859,0.08180856387068859,1,"Objective_Credit_AOP_DASCMOP4_N100_FE50000_run5_seed259805.mat"
"s07_dual_role_credit","Objective-Credit-AOP","DASCMOP5","DAS-CMOP",100,50000,1,259901,50000,4.144,0.5403277435468045,0.06405543042324774,1,"Objective_Credit_AOP_DASCMOP5_N100_FE50000_run1_seed259901.mat"
"s07_dual_role_credit","Objective-Credit-AOP","DASCMOP5","DAS-CMOP",100,50000,2,259902,50000,3.9611,0.8000215283144295,0.01898977411916908,1,"Objective_Credit_AOP_DASCMOP5_N100_FE50000_run2_seed259902.mat"
"s07_dual_role_credit","Objective-Credit-AOP","DASCMOP5","DAS-CMOP",100,50000,3,259903,50000,3.936,0.669388274320588,0.0405908741447378,1,"Objective_Credit_AOP_DASCMOP5_N100_FE50000_run3_seed259903.mat"
"s07_dual_role_credit","Objective-Credit-AOP","DASCMOP5","DAS-CMOP",100,50000,4,259904,50000,4.2714,0.4314742038808108,0.100730068663383,1,"Objective_Credit_AOP_DASCMOP5_N100_FE50000_run4_seed259904.mat"
"s07_dual_role_credit","Objective-Credit-AOP","DASCMOP5","DAS-CMOP",100,50000,5,259905,50000,3.905,0.5722623677984405,0.05647466761250178,1,"Objective_Credit_AOP_DASCMOP5_N100_FE50000_run5_seed259905.mat"
"s07_dual_role_credit","Objective-Credit-AOP","DASCMOP6","DAS-CMOP",100,50000,1,260001,50000,4.1851,0.517010070726397,0.05322695995612098,1,"Objective_Credit_AOP_DASCMOP6_N100_FE50000_run1_seed260001.mat"
"s07_dual_role_credit","Objective-Credit-AOP","DASCMOP6","DAS-CMOP",100,50000,2,260002,50000,4.0792,0.6200297870316389,0.03555410642961564,1,"Objective_Credit_AOP_DASCMOP6_N100_FE50000_run2_seed260002.mat"
"s07_dual_role_credit","Objective-Credit-AOP","DASCMOP6","DAS-CMOP",100,50000,3,260003,50000,4.0114,0.09105580588425224,0.2620402192151575,1,"Objective_Credit_AOP_DASCMOP6_N100_FE50000_run3_seed260003.mat"
"s07_dual_role_credit","Objective-Credit-AOP","DASCMOP6","DAS-CMOP",100,50000,4,260004,50000,3.8835,NaN,NaN,0,"Objective_Credit_AOP_DASCMOP6_N100_FE50000_run4_seed260004.mat"
"s07_dual_role_credit","Objective-Credit-AOP","DASCMOP6","DAS-CMOP",100,50000,5,260005,50000,4.2495,0.752887046799226,0.01761863133292752,1,"Objective_Credit_AOP_DASCMOP6_N100_FE50000_run5_seed260005.mat"
"s07_dual_role_credit","Objective-Credit-AOP","DASCMOP7","DAS-CMOP",100,50000,1,260101,50000,4.126,0.854402318803459,0.01376103844934339,1,"Objective_Credit_AOP_DASCMOP7_N100_FE50000_run1_seed260101.mat"
"s07_dual_role_credit","Objective-Credit-AOP","DASCMOP7","DAS-CMOP",100,50000,2,260102,50000,4.6324,0.3127064767106593,0.1526248565428042,1,"Objective_Credit_AOP_DASCMOP7_N100_FE50000_run2_seed260102.mat"
"s07_dual_role_credit","Objective-Credit-AOP","DASCMOP7","DAS-CMOP",100,50000,3,260103,50000,4.6597,1.176166252728634,0.001317253692052672,1,"Objective_Credit_AOP_DASCMOP7_N100_FE50000_run3_seed260103.mat"
"s07_dual_role_credit","Objective-Credit-AOP","DASCMOP7","DAS-CMOP",100,50000,4,260104,50000,4.3216,0.2876485260963501,0.1574559089177018,1,"Objective_Credit_AOP_DASCMOP7_N100_FE50000_run4_seed260104.mat"
"s07_dual_role_credit","Objective-Credit-AOP","DASCMOP7","DAS-CMOP",100,50000,5,260105,50000,4.4439,0.3268227140881201,0.145698419363786,1,"Objective_Credit_AOP_DASCMOP7_N100_FE50000_run5_seed260105.mat"
"s07_dual_role_credit","Objective-Credit-AOP","DASCMOP8","DAS-CMOP",100,50000,1,260201,50000,4.5669,0.07502245824520667,0.1850762988839071,1,"Objective_Credit_AOP_DASCMOP8_N100_FE50000_run1_seed260201.mat"
"s07_dual_role_credit","Objective-Credit-AOP","DASCMOP8","DAS-CMOP",100,50000,2,260202,50000,4.3421,0.0533106565745061,0.2034907417984988,1,"Objective_Credit_AOP_DASCMOP8_N100_FE50000_run2_seed260202.mat"
"s07_dual_role_credit","Objective-Credit-AOP","DASCMOP8","DAS-CMOP",100,50000,3,260203,50000,4.4162,0.1506780432485663,0.1628873011701048,1,"Objective_Credit_AOP_DASCMOP8_N100_FE50000_run3_seed260203.mat"
"s07_dual_role_credit","Objective-Credit-AOP","DASCMOP8","DAS-CMOP",100,50000,4,260204,50000,4.231,0.9504585874871532,0,1,"Objective_Credit_AOP_DASCMOP8_N100_FE50000_run4_seed260204.mat"
"s07_dual_role_credit","Objective-Credit-AOP","DASCMOP8","DAS-CMOP",100,50000,5,260205,50000,4.123,0.9765646263189253,0,1,"Objective_Credit_AOP_DASCMOP8_N100_FE50000_run5_seed260205.mat"
"s07_dual_role_credit","Objective-Credit-AOP","DASCMOP9","DAS-CMOP",100,50000,1,260301,50000,4.6456,0.05074914869079986,0.2024171041609514,1,"Objective_Credit_AOP_DASCMOP9_N100_FE50000_run1_seed260301.mat"
"s07_dual_role_credit","Objective-Credit-AOP","DASCMOP9","DAS-CMOP",100,50000,2,260302,50000,4.8787,0.04915108513216671,0.2017024159661192,1,"Objective_Credit_AOP_DASCMOP9_N100_FE50000_run2_seed260302.mat"
"s07_dual_role_credit","Objective-Credit-AOP","DASCMOP9","DAS-CMOP",100,50000,3,260303,50000,4.663,0.04903514606036463,0.2033440838519426,1,"Objective_Credit_AOP_DASCMOP9_N100_FE50000_run3_seed260303.mat"
"s07_dual_role_credit","Objective-Credit-AOP","DASCMOP9","DAS-CMOP",100,50000,4,260304,50000,4.4202,0.0670257730190002,0.200429188518421,1,"Objective_Credit_AOP_DASCMOP9_N100_FE50000_run4_seed260304.mat"
"s07_dual_role_credit","Objective-Credit-AOP","DASCMOP9","DAS-CMOP",100,50000,5,260305,50000,4.5919,0.07438737739284232,0.1992210191943845,1,"Objective_Credit_AOP_DASCMOP9_N100_FE50000_run5_seed260305.mat"
"s07_dual_role_credit","Objective-Credit-AOP","LIRCMOP10","LIR-CMOP",100,50000,1,259001,50000,7.6292,0.2379388526982079,0.5801066637067028,1,"Objective_Credit_AOP_LIRCMOP10_N100_FE50000_run1_seed259001.mat"
"s07_dual_role_credit","Objective-Credit-AOP","LIRCMOP10","LIR-CMOP",100,50000,2,259002,50000,8.6959,0.2327049367783231,0.5819302595077082,1,"Objective_Credit_AOP_LIRCMOP10_N100_FE50000_run2_seed259002.mat"
"s07_dual_role_credit","Objective-Credit-AOP","LIRCMOP10","LIR-CMOP",100,50000,3,259003,50000,7.4763,0.2191112862620716,0.6007223704553896,1,"Objective_Credit_AOP_LIRCMOP10_N100_FE50000_run3_seed259003.mat"
"s07_dual_role_credit","Objective-Credit-AOP","LIRCMOP10","LIR-CMOP",100,50000,4,259004,50000,8.4592,0.2387471625024841,0.5801255162896437,1,"Objective_Credit_AOP_LIRCMOP10_N100_FE50000_run4_seed259004.mat"
"s07_dual_role_credit","Objective-Credit-AOP","LIRCMOP10","LIR-CMOP",100,50000,5,259005,50000,7.365,0.2230471647132046,0.5972026040732712,1,"Objective_Credit_AOP_LIRCMOP10_N100_FE50000_run5_seed259005.mat"
"s07_dual_role_credit","Objective-Credit-AOP","LIRCMOP11","LIR-CMOP",100,50000,1,259101,50000,7.506,0.02915478242993097,0.6756207836589698,1,"Objective_Credit_AOP_LIRCMOP11_N100_FE50000_run1_seed259101.mat"
"s07_dual_role_credit","Objective-Credit-AOP","LIRCMOP11","LIR-CMOP",100,50000,2,259102,50000,6.7396,0.08294467625681692,0.6473403980725108,1,"Objective_Credit_AOP_LIRCMOP11_N100_FE50000_run2_seed259102.mat"
"s07_dual_role_credit","Objective-Credit-AOP","LIRCMOP11","LIR-CMOP",100,50000,3,259103,50000,7.6564,0.1435075317839561,0.6012497663390625,1,"Objective_Credit_AOP_LIRCMOP11_N100_FE50000_run3_seed259103.mat"
"s07_dual_role_credit","Objective-Credit-AOP","LIRCMOP11","LIR-CMOP",100,50000,4,259104,50000,6.719,0.1434488544412005,0.601186383720821,1,"Objective_Credit_AOP_LIRCMOP11_N100_FE50000_run4_seed259104.mat"
"s07_dual_role_credit","Objective-Credit-AOP","LIRCMOP11","LIR-CMOP",100,50000,5,259105,50000,7.4507,0.1437031992514984,0.6003799116652877,1,"Objective_Credit_AOP_LIRCMOP11_N100_FE50000_run5_seed259105.mat"
"s07_dual_role_credit","Objective-Credit-AOP","LIRCMOP12","LIR-CMOP",100,50000,1,259201,50000,5.4033,0.1949617209379141,0.506090230224757,1,"Objective_Credit_AOP_LIRCMOP12_N100_FE50000_run1_seed259201.mat"
"s07_dual_role_credit","Objective-Credit-AOP","LIRCMOP12","LIR-CMOP",100,50000,2,259202,50000,5.3367,0.1655619696297307,0.531372081253086,1,"Objective_Credit_AOP_LIRCMOP12_N100_FE50000_run2_seed259202.mat"
"s07_dual_role_credit","Objective-Credit-AOP","LIRCMOP12","LIR-CMOP",100,50000,3,259203,50000,5.368,0.1633780804610417,0.5340134114125983,1,"Objective_Credit_AOP_LIRCMOP12_N100_FE50000_run3_seed259203.mat"
"s07_dual_role_credit","Objective-Credit-AOP","LIRCMOP12","LIR-CMOP",100,50000,4,259204,50000,5.7335,0.1697202962895244,0.5261392005915353,1,"Objective_Credit_AOP_LIRCMOP12_N100_FE50000_run4_seed259204.mat"
"s07_dual_role_credit","Objective-Credit-AOP","LIRCMOP12","LIR-CMOP",100,50000,5,259205,50000,5.0679,0.1637250972179806,0.5319129133443168,1,"Objective_Credit_AOP_LIRCMOP12_N100_FE50000_run5_seed259205.mat"
"s07_dual_role_credit","Objective-Credit-AOP","LIRCMOP13","LIR-CMOP",100,50000,1,259301,50000,11.4026,0.09773249325814479,0.5398308707955,1,"Objective_Credit_AOP_LIRCMOP13_N100_FE50000_run1_seed259301.mat"
"s07_dual_role_credit","Objective-Credit-AOP","LIRCMOP13","LIR-CMOP",100,50000,2,259302,50000,11.7589,0.1004743989928691,0.538422568580593,1,"Objective_Credit_AOP_LIRCMOP13_N100_FE50000_run2_seed259302.mat"
"s07_dual_role_credit","Objective-Credit-AOP","LIRCMOP13","LIR-CMOP",100,50000,3,259303,50000,11.9067,0.1012506013359212,0.5369590851716869,1,"Objective_Credit_AOP_LIRCMOP13_N100_FE50000_run3_seed259303.mat"
"s07_dual_role_credit","Objective-Credit-AOP","LIRCMOP13","LIR-CMOP",100,50000,4,259304,50000,11.3336,0.0987709908617756,0.542150812839141,1,"Objective_Credit_AOP_LIRCMOP13_N100_FE50000_run4_seed259304.mat"
"s07_dual_role_credit","Objective-Credit-AOP","LIRCMOP13","LIR-CMOP",100,50000,5,259305,50000,11.2673,0.0992141669201322,0.5386073015120453,1,"Objective_Credit_AOP_LIRCMOP13_N100_FE50000_run5_seed259305.mat"
"s07_dual_role_credit","Objective-Credit-AOP","LIRCMOP14","LIR-CMOP",100,50000,1,259401,50000,10.2353,0.09899966451840635,0.5462931892867859,1,"Objective_Credit_AOP_LIRCMOP14_N100_FE50000_run1_seed259401.mat"
"s07_dual_role_credit","Objective-Credit-AOP","LIRCMOP14","LIR-CMOP",100,50000,2,259402,50000,9.8652,0.0971301368666482,0.5500131235321537,1,"Objective_Credit_AOP_LIRCMOP14_N100_FE50000_run2_seed259402.mat"
"s07_dual_role_credit","Objective-Credit-AOP","LIRCMOP14","LIR-CMOP",100,50000,3,259403,50000,9.6155,0.09720551653517151,0.5495085610209038,1,"Objective_Credit_AOP_LIRCMOP14_N100_FE50000_run3_seed259403.mat"
"s07_dual_role_credit","Objective-Credit-AOP","LIRCMOP14","LIR-CMOP",100,50000,4,259404,50000,9.5263,0.09719476223472867,0.5520731155903058,1,"Objective_Credit_AOP_LIRCMOP14_N100_FE50000_run4_seed259404.mat"
"s07_dual_role_credit","Objective-Credit-AOP","LIRCMOP14","LIR-CMOP",100,50000,5,259405,50000,10.1375,0.09801184414921747,0.5507077344813867,1,"Objective_Credit_AOP_LIRCMOP14_N100_FE50000_run5_seed259405.mat"
"s07_dual_role_credit","Objective-Credit-AOP","LIRCMOP1","LIR-CMOP",100,50000,1,258101,50000,4.835,0.3087291886127178,0.1105915996325054,1,"Objective_Credit_AOP_LIRCMOP1_N100_FE50000_run1_seed258101.mat"
"s07_dual_role_credit","Objective-Credit-AOP","LIRCMOP1","LIR-CMOP",100,50000,2,258102,50000,4.5419,0.2480858023012376,0.1300654174380946,1,"Objective_Credit_AOP_LIRCMOP1_N100_FE50000_run2_seed258102.mat"
"s07_dual_role_credit","Objective-Credit-AOP","LIRCMOP1","LIR-CMOP",100,50000,3,258103,50000,4.4488,0.1280445183289916,0.1642201728036613,1,"Objective_Credit_AOP_LIRCMOP1_N100_FE50000_run3_seed258103.mat"
"s07_dual_role_credit","Objective-Credit-AOP","LIRCMOP1","LIR-CMOP",100,50000,4,258104,50000,5.0747,0.2215762344567946,0.1348518382709904,1,"Objective_Credit_AOP_LIRCMOP1_N100_FE50000_run4_seed258104.mat"
"s07_dual_role_credit","Objective-Credit-AOP","LIRCMOP1","LIR-CMOP",100,50000,5,258105,50000,4.4486,0.2271620856340895,0.1345935327818855,1,"Objective_Credit_AOP_LIRCMOP1_N100_FE50000_run5_seed258105.mat"
"s07_dual_role_credit","Objective-Credit-AOP","LIRCMOP2","LIR-CMOP",100,50000,1,258201,50000,5.1836,0.2047155531551436,0.2326524547472837,1,"Objective_Credit_AOP_LIRCMOP2_N100_FE50000_run1_seed258201.mat"
"s07_dual_role_credit","Objective-Credit-AOP","LIRCMOP2","LIR-CMOP",100,50000,2,258202,50000,4.9491,0.2434040055990199,0.2311910706962466,1,"Objective_Credit_AOP_LIRCMOP2_N100_FE50000_run2_seed258202.mat"
"s07_dual_role_credit","Objective-Credit-AOP","LIRCMOP2","LIR-CMOP",100,50000,3,258203,50000,4.8654,0.2097085098022593,0.2499647252163908,1,"Objective_Credit_AOP_LIRCMOP2_N100_FE50000_run3_seed258203.mat"
"s07_dual_role_credit","Objective-Credit-AOP","LIRCMOP2","LIR-CMOP",100,50000,4,258204,50000,4.4712,0.23219254432921,0.2408838480952428,1,"Objective_Credit_AOP_LIRCMOP2_N100_FE50000_run4_seed258204.mat"
"s07_dual_role_credit","Objective-Credit-AOP","LIRCMOP2","LIR-CMOP",100,50000,5,258205,50000,5.2148,0.1625469323761914,0.2653400134279749,1,"Objective_Credit_AOP_LIRCMOP2_N100_FE50000_run5_seed258205.mat"
"s07_dual_role_credit","Objective-Credit-AOP","LIRCMOP3","LIR-CMOP",100,50000,1,258301,50000,4.4628,0.2271285295577054,0.123789977491225,1,"Objective_Credit_AOP_LIRCMOP3_N100_FE50000_run1_seed258301.mat"
"s07_dual_role_credit","Objective-Credit-AOP","LIRCMOP3","LIR-CMOP",100,50000,2,258302,50000,4.6501,0.2705745216412829,0.1080462558248652,1,"Objective_Credit_AOP_LIRCMOP3_N100_FE50000_run2_seed258302.mat"
"s07_dual_role_credit","Objective-Credit-AOP","LIRCMOP3","LIR-CMOP",100,50000,3,258303,50000,5.1595,0.248795315540643,0.1264211278419728,1,"Objective_Credit_AOP_LIRCMOP3_N100_FE50000_run3_seed258303.mat"
"s07_dual_role_credit","Objective-Credit-AOP","LIRCMOP3","LIR-CMOP",100,50000,4,258304,50000,4.8471,0.32695802178237,0.09707463439767747,1,"Objective_Credit_AOP_LIRCMOP3_N100_FE50000_run4_seed258304.mat"
"s07_dual_role_credit","Objective-Credit-AOP","LIRCMOP3","LIR-CMOP",100,50000,5,258305,50000,4.671,0.271989755525118,0.1072513539131676,1,"Objective_Credit_AOP_LIRCMOP3_N100_FE50000_run5_seed258305.mat"
"s07_dual_role_credit","Objective-Credit-AOP","LIRCMOP4","LIR-CMOP",100,50000,1,258401,50000,4.8426,0.3111273455205685,0.1944615197876889,1,"Objective_Credit_AOP_LIRCMOP4_N100_FE50000_run1_seed258401.mat"
"s07_dual_role_credit","Objective-Credit-AOP","LIRCMOP4","LIR-CMOP",100,50000,2,258402,50000,4.4912,0.2658702331466988,0.1936829752483884,1,"Objective_Credit_AOP_LIRCMOP4_N100_FE50000_run2_seed258402.mat"
"s07_dual_role_credit","Objective-Credit-AOP","LIRCMOP4","LIR-CMOP",100,50000,3,258403,50000,5.0855,0.2497105678908534,0.2107024326542919,1,"Objective_Credit_AOP_LIRCMOP4_N100_FE50000_run3_seed258403.mat"
"s07_dual_role_credit","Objective-Credit-AOP","LIRCMOP4","LIR-CMOP",100,50000,4,258404,50000,5.0017,0.2543401910191704,0.2076243261319886,1,"Objective_Credit_AOP_LIRCMOP4_N100_FE50000_run4_seed258404.mat"
"s07_dual_role_credit","Objective-Credit-AOP","LIRCMOP4","LIR-CMOP",100,50000,5,258405,50000,4.4392,0.3111494129188164,0.1817869633751633,1,"Objective_Credit_AOP_LIRCMOP4_N100_FE50000_run5_seed258405.mat"
"s07_dual_role_credit","Objective-Credit-AOP","LIRCMOP5","LIR-CMOP",100,50000,1,258501,50000,5.18,0.2104929714123111,0.1798671013465453,1,"Objective_Credit_AOP_LIRCMOP5_N100_FE50000_run1_seed258501.mat"
"s07_dual_role_credit","Objective-Credit-AOP","LIRCMOP5","LIR-CMOP",100,50000,2,258502,50000,6.0658,0.152002913091852,0.2018020964333211,1,"Objective_Credit_AOP_LIRCMOP5_N100_FE50000_run2_seed258502.mat"
"s07_dual_role_credit","Objective-Credit-AOP","LIRCMOP5","LIR-CMOP",100,50000,3,258503,50000,4.4195,0.7934172634636517,0.0382720009620065,1,"Objective_Credit_AOP_LIRCMOP5_N100_FE50000_run3_seed258503.mat"
"s07_dual_role_credit","Objective-Credit-AOP","LIRCMOP5","LIR-CMOP",100,50000,4,258504,50000,5.2735,0.1629583178175144,0.2450778793727459,1,"Objective_Credit_AOP_LIRCMOP5_N100_FE50000_run4_seed258504.mat"
"s07_dual_role_credit","Objective-Credit-AOP","LIRCMOP5","LIR-CMOP",100,50000,5,258505,50000,4.72,0.2721155299983109,0.154654571862485,1,"Objective_Credit_AOP_LIRCMOP5_N100_FE50000_run5_seed258505.mat"
"s07_dual_role_credit","Objective-Credit-AOP","LIRCMOP6","LIR-CMOP",100,50000,1,258601,50000,5.5069,0.2430875101697363,0.1424362078823932,1,"Objective_Credit_AOP_LIRCMOP6_N100_FE50000_run1_seed258601.mat"
"s07_dual_role_credit","Objective-Credit-AOP","LIRCMOP6","LIR-CMOP",100,50000,2,258602,50000,5.2373,0.2792398037950797,0.1347956202049011,1,"Objective_Credit_AOP_LIRCMOP6_N100_FE50000_run2_seed258602.mat"
"s07_dual_role_credit","Objective-Credit-AOP","LIRCMOP6","LIR-CMOP",100,50000,3,258603,50000,5.4667,0.103902034335396,0.1707862539712935,1,"Objective_Credit_AOP_LIRCMOP6_N100_FE50000_run3_seed258603.mat"
"s07_dual_role_credit","Objective-Credit-AOP","LIRCMOP6","LIR-CMOP",100,50000,4,258604,50000,6.475,0.3099011761064621,0.08433588378200815,1,"Objective_Credit_AOP_LIRCMOP6_N100_FE50000_run4_seed258604.mat"
"s07_dual_role_credit","Objective-Credit-AOP","LIRCMOP6","LIR-CMOP",100,50000,5,258605,50000,4.766,0.2739374656243697,0.1350101459547053,1,"Objective_Credit_AOP_LIRCMOP6_N100_FE50000_run5_seed258605.mat"
"s07_dual_role_credit","Objective-Credit-AOP","LIRCMOP7","LIR-CMOP",100,50000,1,258701,50000,4.3748,0.01803897340638563,0.2882474897556367,1,"Objective_Credit_AOP_LIRCMOP7_N100_FE50000_run1_seed258701.mat"
"s07_dual_role_credit","Objective-Credit-AOP","LIRCMOP7","LIR-CMOP",100,50000,2,258702,50000,4.2722,0.09982803647288001,0.2557670878611034,1,"Objective_Credit_AOP_LIRCMOP7_N100_FE50000_run2_seed258702.mat"
"s07_dual_role_credit","Objective-Credit-AOP","LIRCMOP7","LIR-CMOP",100,50000,3,258703,50000,4.5281,0.01024499979318294,0.2923990950801414,1,"Objective_Credit_AOP_LIRCMOP7_N100_FE50000_run3_seed258703.mat"
"s07_dual_role_credit","Objective-Credit-AOP","LIRCMOP7","LIR-CMOP",100,50000,4,258704,50000,4.3046,0.01385970154896788,0.2900369081499833,1,"Objective_Credit_AOP_LIRCMOP7_N100_FE50000_run4_seed258704.mat"
"s07_dual_role_credit","Objective-Credit-AOP","LIRCMOP7","LIR-CMOP",100,50000,5,258705,50000,4.6507,0.02481806943275265,0.2814972925917565,1,"Objective_Credit_AOP_LIRCMOP7_N100_FE50000_run5_seed258705.mat"
"s07_dual_role_credit","Objective-Credit-AOP","LIRCMOP8","LIR-CMOP",100,50000,1,258801,50000,4.5768,0.06143218774103811,0.2662535744956244,1,"Objective_Credit_AOP_LIRCMOP8_N100_FE50000_run1_seed258801.mat"
"s07_dual_role_credit","Objective-Credit-AOP","LIRCMOP8","LIR-CMOP",100,50000,2,258802,50000,4.5256,0.05813214235594939,0.2676617273965932,1,"Objective_Credit_AOP_LIRCMOP8_N100_FE50000_run2_seed258802.mat"
"s07_dual_role_credit","Objective-Credit-AOP","LIRCMOP8","LIR-CMOP",100,50000,3,258803,50000,4.2996,0.01682299478620703,0.2889552596737909,1,"Objective_Credit_AOP_LIRCMOP8_N100_FE50000_run3_seed258803.mat"
"s07_dual_role_credit","Objective-Credit-AOP","LIRCMOP8","LIR-CMOP",100,50000,4,258804,50000,5.0077,0.01037106142245123,0.2923115814887102,1,"Objective_Credit_AOP_LIRCMOP8_N100_FE50000_run4_seed258804.mat"
"s07_dual_role_credit","Objective-Credit-AOP","LIRCMOP8","LIR-CMOP",100,50000,5,258805,50000,4.583,0.01190074094659817,0.2921312197677765,1,"Objective_Credit_AOP_LIRCMOP8_N100_FE50000_run5_seed258805.mat"
"s07_dual_role_credit","Objective-Credit-AOP","LIRCMOP9","LIR-CMOP",100,50000,1,258901,50000,8.0875,0.5061537901326945,0.3582460443956366,1,"Objective_Credit_AOP_LIRCMOP9_N100_FE50000_run1_seed258901.mat"
"s07_dual_role_credit","Objective-Credit-AOP","LIRCMOP9","LIR-CMOP",100,50000,2,258902,50000,6.9309,0.4191543042923569,0.3884150752780243,1,"Objective_Credit_AOP_LIRCMOP9_N100_FE50000_run2_seed258902.mat"
"s07_dual_role_credit","Objective-Credit-AOP","LIRCMOP9","LIR-CMOP",100,50000,3,258903,50000,7.4191,0.5070935933653103,0.3565477730430482,1,"Objective_Credit_AOP_LIRCMOP9_N100_FE50000_run3_seed258903.mat"
"s07_dual_role_credit","Objective-Credit-AOP","LIRCMOP9","LIR-CMOP",100,50000,4,258904,50000,6.7163,0.5059643539626354,0.3582823570744881,1,"Objective_Credit_AOP_LIRCMOP9_N100_FE50000_run4_seed258904.mat"
"s07_dual_role_credit","Objective-Credit-AOP","LIRCMOP9","LIR-CMOP",100,50000,5,258905,50000,7.3545,0.4211890705984714,0.3867387907219867,1,"Objective_Credit_AOP_LIRCMOP9_N100_FE50000_run5_seed258905.mat"
"s07_dual_role_credit","Survival-Credit-AOP","CF10","CF",100,50000,1,248001,50000,7.0071,0.3133059562697818,0.1805044347865427,1,"Survival_Credit_AOP_CF10_N100_FE50000_run1_seed248001.mat"
"s07_dual_role_credit","Survival-Credit-AOP","CF10","CF",100,50000,2,248002,50000,7.0299,0.2971874194438168,0.1937158935582856,1,"Survival_Credit_AOP_CF10_N100_FE50000_run2_seed248002.mat"
"s07_dual_role_credit","Survival-Credit-AOP","CF10","CF",100,50000,3,248003,50000,10.6669,0.3000930078688067,0.2341293570566396,1,"Survival_Credit_AOP_CF10_N100_FE50000_run3_seed248003.mat"
"s07_dual_role_credit","Survival-Credit-AOP","CF10","CF",100,50000,4,248004,50000,10.8259,0.3031927476189717,0.1835593311815106,1,"Survival_Credit_AOP_CF10_N100_FE50000_run4_seed248004.mat"
"s07_dual_role_credit","Survival-Credit-AOP","CF10","CF",100,50000,5,248005,50000,9.4176,0.4568993001660248,0.09258210798813725,1,"Survival_Credit_AOP_CF10_N100_FE50000_run5_seed248005.mat"
"s07_dual_role_credit","Survival-Credit-AOP","CF1","CF",100,50000,1,247101,50000,6.0923,0.005740298651201616,0.5591940232318658,1,"Survival_Credit_AOP_CF1_N100_FE50000_run1_seed247101.mat"
"s07_dual_role_credit","Survival-Credit-AOP","CF1","CF",100,50000,2,247102,50000,5.83,0.005231205948411428,0.5597630551367608,1,"Survival_Credit_AOP_CF1_N100_FE50000_run2_seed247102.mat"
"s07_dual_role_credit","Survival-Credit-AOP","CF1","CF",100,50000,3,247103,50000,5.865,0.004881288617639478,0.5601612710608113,1,"Survival_Credit_AOP_CF1_N100_FE50000_run3_seed247103.mat"
"s07_dual_role_credit","Survival-Credit-AOP","CF1","CF",100,50000,4,247104,50000,5.9807,0.005028428892163168,0.5600880074986235,1,"Survival_Credit_AOP_CF1_N100_FE50000_run4_seed247104.mat"
"s07_dual_role_credit","Survival-Credit-AOP","CF1","CF",100,50000,5,247105,50000,6.0812,0.005582780724878587,0.559326463066231,1,"Survival_Credit_AOP_CF1_N100_FE50000_run5_seed247105.mat"
"s07_dual_role_credit","Survival-Credit-AOP","CF2","CF",100,50000,1,247201,50000,5.8882,0.02597168679092852,0.6355502822513598,1,"Survival_Credit_AOP_CF2_N100_FE50000_run1_seed247201.mat"
"s07_dual_role_credit","Survival-Credit-AOP","CF2","CF",100,50000,2,247202,50000,6.1888,0.03108494145931764,0.6348853866036286,1,"Survival_Credit_AOP_CF2_N100_FE50000_run2_seed247202.mat"
"s07_dual_role_credit","Survival-Credit-AOP","CF2","CF",100,50000,3,247203,50000,6.486,0.01197477654851552,0.6553575253593421,1,"Survival_Credit_AOP_CF2_N100_FE50000_run3_seed247203.mat"
"s07_dual_role_credit","Survival-Credit-AOP","CF2","CF",100,50000,4,247204,50000,5.9118,0.01865392239038915,0.6470109610744694,1,"Survival_Credit_AOP_CF2_N100_FE50000_run4_seed247204.mat"
"s07_dual_role_credit","Survival-Credit-AOP","CF2","CF",100,50000,5,247205,50000,5.7128,0.03254118255569317,0.6488187266633164,1,"Survival_Credit_AOP_CF2_N100_FE50000_run5_seed247205.mat"
"s07_dual_role_credit","Survival-Credit-AOP","CF3","CF",100,50000,1,247301,50000,5.4053,0.08346296392897778,0.2901453437886278,1,"Survival_Credit_AOP_CF3_N100_FE50000_run1_seed247301.mat"
"s07_dual_role_credit","Survival-Credit-AOP","CF3","CF",100,50000,2,247302,50000,5.0575,0.2628258883520067,0.1212571673161562,1,"Survival_Credit_AOP_CF3_N100_FE50000_run2_seed247302.mat"
"s07_dual_role_credit","Survival-Credit-AOP","CF3","CF",100,50000,3,247303,50000,5.8644,0.1244806520664696,0.2583082298449558,1,"Survival_Credit_AOP_CF3_N100_FE50000_run3_seed247303.mat"
"s07_dual_role_credit","Survival-Credit-AOP","CF3","CF",100,50000,4,247304,50000,5.2813,0.3402824350598739,0.1508027994846459,1,"Survival_Credit_AOP_CF3_N100_FE50000_run4_seed247304.mat"
"s07_dual_role_credit","Survival-Credit-AOP","CF3","CF",100,50000,5,247305,50000,5.3292,0.1918663656237278,0.1597114227454832,1,"Survival_Credit_AOP_CF3_N100_FE50000_run5_seed247305.mat"
"s07_dual_role_credit","Survival-Credit-AOP","CF4","CF",100,50000,1,247401,50000,5.4954,0.06443759480021113,0.4485341164750318,1,"Survival_Credit_AOP_CF4_N100_FE50000_run1_seed247401.mat"
"s07_dual_role_credit","Survival-Credit-AOP","CF4","CF",100,50000,2,247402,50000,5.5006,0.0626269396548168,0.4450646910703418,1,"Survival_Credit_AOP_CF4_N100_FE50000_run2_seed247402.mat"
"s07_dual_role_credit","Survival-Credit-AOP","CF4","CF",100,50000,3,247403,50000,5.4655,0.0567158567563442,0.4652165373825973,1,"Survival_Credit_AOP_CF4_N100_FE50000_run3_seed247403.mat"
"s07_dual_role_credit","Survival-Credit-AOP","CF4","CF",100,50000,4,247404,50000,6.1178,0.06419840867062394,0.4455571601445552,1,"Survival_Credit_AOP_CF4_N100_FE50000_run4_seed247404.mat"
"s07_dual_role_credit","Survival-Credit-AOP","CF4","CF",100,50000,5,247405,50000,6.2836,0.05462065139776379,0.4572221772664334,1,"Survival_Credit_AOP_CF4_N100_FE50000_run5_seed247405.mat"
"s07_dual_role_credit","Survival-Credit-AOP","CF5","CF",100,50000,1,247501,50000,6.1537,0.1239632197780024,0.4125627943895325,1,"Survival_Credit_AOP_CF5_N100_FE50000_run1_seed247501.mat"
"s07_dual_role_credit","Survival-Credit-AOP","CF5","CF",100,50000,2,247502,50000,6.7855,0.2044534156133371,0.3374740554549397,1,"Survival_Credit_AOP_CF5_N100_FE50000_run2_seed247502.mat"
"s07_dual_role_credit","Survival-Credit-AOP","CF5","CF",100,50000,3,247503,50000,7.2596,0.4690781105126011,0.1440669889195836,1,"Survival_Credit_AOP_CF5_N100_FE50000_run3_seed247503.mat"
"s07_dual_role_credit","Survival-Credit-AOP","CF5","CF",100,50000,4,247504,50000,7.2426,0.4703424001164516,0.1762867733710307,1,"Survival_Credit_AOP_CF5_N100_FE50000_run4_seed247504.mat"
"s07_dual_role_credit","Survival-Credit-AOP","CF5","CF",100,50000,5,247505,50000,7.6869,0.5546083842781673,0.1544352362905763,1,"Survival_Credit_AOP_CF5_N100_FE50000_run5_seed247505.mat"
"s07_dual_role_credit","Survival-Credit-AOP","CF6","CF",100,50000,1,247601,50000,7.9514,0.06832710957767835,0.6446227561873119,1,"Survival_Credit_AOP_CF6_N100_FE50000_run1_seed247601.mat"
"s07_dual_role_credit","Survival-Credit-AOP","CF6","CF",100,50000,2,247602,50000,7.464,0.1281324741007337,0.6274469388029568,1,"Survival_Credit_AOP_CF6_N100_FE50000_run2_seed247602.mat"
"s07_dual_role_credit","Survival-Credit-AOP","CF6","CF",100,50000,3,247603,50000,7.6906,0.1239974606651448,0.6252970403768634,1,"Survival_Credit_AOP_CF6_N100_FE50000_run3_seed247603.mat"
"s07_dual_role_credit","Survival-Credit-AOP","CF6","CF",100,50000,4,247604,50000,8.1262,0.08416913255851066,0.6292467256960588,1,"Survival_Credit_AOP_CF6_N100_FE50000_run4_seed247604.mat"
"s07_dual_role_credit","Survival-Credit-AOP","CF6","CF",100,50000,5,247605,50000,7.5155,0.03400356315037813,0.6602585195201635,1,"Survival_Credit_AOP_CF6_N100_FE50000_run5_seed247605.mat"
"s07_dual_role_credit","Survival-Credit-AOP","CF7","CF",100,50000,1,247701,50000,6.1594,0.1070471442052235,0.5612882100561031,1,"Survival_Credit_AOP_CF7_N100_FE50000_run1_seed247701.mat"
"s07_dual_role_credit","Survival-Credit-AOP","CF7","CF",100,50000,2,247702,50000,6.5314,0.1077069880370548,0.5541724727356638,1,"Survival_Credit_AOP_CF7_N100_FE50000_run2_seed247702.mat"
"s07_dual_role_credit","Survival-Credit-AOP","CF7","CF",100,50000,3,247703,50000,6.6764,0.386911613497799,0.3483276566657491,1,"Survival_Credit_AOP_CF7_N100_FE50000_run3_seed247703.mat"
"s07_dual_role_credit","Survival-Credit-AOP","CF7","CF",100,50000,4,247704,50000,5.3446,0.1824388552206465,0.5405441604556721,1,"Survival_Credit_AOP_CF7_N100_FE50000_run4_seed247704.mat"
"s07_dual_role_credit","Survival-Credit-AOP","CF7","CF",100,50000,5,247705,50000,7.0555,0.1956190535366353,0.5156217990585514,1,"Survival_Credit_AOP_CF7_N100_FE50000_run5_seed247705.mat"
"s07_dual_role_credit","Survival-Credit-AOP","CF8","CF",100,50000,1,247801,50000,5.7492,0.1665102025845505,0.3621697989434018,1,"Survival_Credit_AOP_CF8_N100_FE50000_run1_seed247801.mat"
"s07_dual_role_credit","Survival-Credit-AOP","CF8","CF",100,50000,2,247802,50000,5.5649,0.1651664971816388,0.3439002270319002,1,"Survival_Credit_AOP_CF8_N100_FE50000_run2_seed247802.mat"
"s07_dual_role_credit","Survival-Credit-AOP","CF8","CF",100,50000,3,247803,50000,7.286,0.1925150489105483,0.3052549389327524,1,"Survival_Credit_AOP_CF8_N100_FE50000_run3_seed247803.mat"
"s07_dual_role_credit","Survival-Credit-AOP","CF8","CF",100,50000,4,247804,50000,5.8541,0.1592099347417165,0.3486660666150254,1,"Survival_Credit_AOP_CF8_N100_FE50000_run4_seed247804.mat"
"s07_dual_role_credit","Survival-Credit-AOP","CF8","CF",100,50000,5,247805,50000,5.9214,0.1746421180523789,0.3634393375269574,1,"Survival_Credit_AOP_CF8_N100_FE50000_run5_seed247805.mat"
"s07_dual_role_credit","Survival-Credit-AOP","CF9","CF",100,50000,1,247901,50000,7.2806,0.09273353781569021,0.4241737948024043,1,"Survival_Credit_AOP_CF9_N100_FE50000_run1_seed247901.mat"
"s07_dual_role_credit","Survival-Credit-AOP","CF9","CF",100,50000,2,247902,50000,7.6161,0.1008464827354857,0.4272859392297361,1,"Survival_Credit_AOP_CF9_N100_FE50000_run2_seed247902.mat"
"s07_dual_role_credit","Survival-Credit-AOP","CF9","CF",100,50000,3,247903,50000,7.4694,0.09608546455946047,0.4251929539009676,1,"Survival_Credit_AOP_CF9_N100_FE50000_run3_seed247903.mat"
"s07_dual_role_credit","Survival-Credit-AOP","CF9","CF",100,50000,4,247904,50000,7.262,0.115227701543652,0.4031759397690451,1,"Survival_Credit_AOP_CF9_N100_FE50000_run4_seed247904.mat"
"s07_dual_role_credit","Survival-Credit-AOP","CF9","CF",100,50000,5,247905,50000,7.3106,0.09742107369068562,0.4446234420059688,1,"Survival_Credit_AOP_CF9_N100_FE50000_run5_seed247905.mat"
"s07_dual_role_credit","Survival-Credit-AOP","DASCMOP1","DAS-CMOP",100,50000,1,249501,50000,4.706,0.007496757079411772,0.20950535038039,1,"Survival_Credit_AOP_DASCMOP1_N100_FE50000_run1_seed249501.mat"
"s07_dual_role_credit","Survival-Credit-AOP","DASCMOP1","DAS-CMOP",100,50000,2,249502,50000,4.8511,0.007006340678444337,0.2080316451622589,1,"Survival_Credit_AOP_DASCMOP1_N100_FE50000_run2_seed249502.mat"
"s07_dual_role_credit","Survival-Credit-AOP","DASCMOP1","DAS-CMOP",100,50000,3,249503,50000,5.0187,0.006253190316404198,0.2088202205186363,1,"Survival_Credit_AOP_DASCMOP1_N100_FE50000_run3_seed249503.mat"
"s07_dual_role_credit","Survival-Credit-AOP","DASCMOP1","DAS-CMOP",100,50000,4,249504,50000,4.3176,0.008252928112449362,0.2079262507464161,1,"Survival_Credit_AOP_DASCMOP1_N100_FE50000_run4_seed249504.mat"
"s07_dual_role_credit","Survival-Credit-AOP","DASCMOP1","DAS-CMOP",100,50000,5,249505,50000,5.1666,0.009339815949895976,0.2088891450462417,1,"Survival_Credit_AOP_DASCMOP1_N100_FE50000_run5_seed249505.mat"
"s07_dual_role_credit","Survival-Credit-AOP","DASCMOP2","DAS-CMOP",100,50000,1,249601,50000,4.885,0.01163709010135956,0.3492153631284861,1,"Survival_Credit_AOP_DASCMOP2_N100_FE50000_run1_seed249601.mat"
"s07_dual_role_credit","Survival-Credit-AOP","DASCMOP2","DAS-CMOP",100,50000,2,249602,50000,4.8246,0.008994931155979777,0.3520887061173216,1,"Survival_Credit_AOP_DASCMOP2_N100_FE50000_run2_seed249602.mat"
"s07_dual_role_credit","Survival-Credit-AOP","DASCMOP2","DAS-CMOP",100,50000,3,249603,50000,4.6936,0.009267138706745802,0.3515403953251574,1,"Survival_Credit_AOP_DASCMOP2_N100_FE50000_run3_seed249603.mat"
"s07_dual_role_credit","Survival-Credit-AOP","DASCMOP2","DAS-CMOP",100,50000,4,249604,50000,4.5564,0.008370220678162101,0.3520031838734662,1,"Survival_Credit_AOP_DASCMOP2_N100_FE50000_run4_seed249604.mat"
"s07_dual_role_credit","Survival-Credit-AOP","DASCMOP2","DAS-CMOP",100,50000,5,249605,50000,4.5006,0.01006945151504068,0.3513671299747388,1,"Survival_Credit_AOP_DASCMOP2_N100_FE50000_run5_seed249605.mat"
"s07_dual_role_credit","Survival-Credit-AOP","DASCMOP3","DAS-CMOP",100,50000,1,249701,50000,4.7402,0.0247153594291822,0.301917777385144,1,"Survival_Credit_AOP_DASCMOP3_N100_FE50000_run1_seed249701.mat"
"s07_dual_role_credit","Survival-Credit-AOP","DASCMOP3","DAS-CMOP",100,50000,2,249702,50000,4.791,0.03338527708410746,0.2911918135959836,1,"Survival_Credit_AOP_DASCMOP3_N100_FE50000_run2_seed249702.mat"
"s07_dual_role_credit","Survival-Credit-AOP","DASCMOP3","DAS-CMOP",100,50000,3,249703,50000,4.2972,0.02185545629789252,0.3093434577475622,1,"Survival_Credit_AOP_DASCMOP3_N100_FE50000_run3_seed249703.mat"
"s07_dual_role_credit","Survival-Credit-AOP","DASCMOP3","DAS-CMOP",100,50000,4,249704,50000,4.2665,0.263068949307274,0.2501302814991206,1,"Survival_Credit_AOP_DASCMOP3_N100_FE50000_run4_seed249704.mat"
"s07_dual_role_credit","Survival-Credit-AOP","DASCMOP3","DAS-CMOP",100,50000,5,249705,50000,4.4115,0.1624085152025887,0.2801387468076164,1,"Survival_Credit_AOP_DASCMOP3_N100_FE50000_run5_seed249705.mat"
"s07_dual_role_credit","Survival-Credit-AOP","DASCMOP4","DAS-CMOP",100,50000,1,249801,50000,4.1348,0.03632862526252257,0.1773756797588434,1,"Survival_Credit_AOP_DASCMOP4_N100_FE50000_run1_seed249801.mat"
"s07_dual_role_credit","Survival-Credit-AOP","DASCMOP4","DAS-CMOP",100,50000,2,249802,50000,4.3316,0.4756235723563161,0.02788476890397935,1,"Survival_Credit_AOP_DASCMOP4_N100_FE50000_run2_seed249802.mat"
"s07_dual_role_credit","Survival-Credit-AOP","DASCMOP4","DAS-CMOP",100,50000,3,249803,50000,4.7727,0.418513167138846,0.04308998121533268,1,"Survival_Credit_AOP_DASCMOP4_N100_FE50000_run3_seed249803.mat"
"s07_dual_role_credit","Survival-Credit-AOP","DASCMOP4","DAS-CMOP",100,50000,4,249804,50000,4.197,0.4052004866497965,0.04523307911534186,1,"Survival_Credit_AOP_DASCMOP4_N100_FE50000_run4_seed249804.mat"
"s07_dual_role_credit","Survival-Credit-AOP","DASCMOP4","DAS-CMOP",100,50000,5,249805,50000,4.3725,0.3182640066750558,0.06862916700298596,1,"Survival_Credit_AOP_DASCMOP4_N100_FE50000_run5_seed249805.mat"
"s07_dual_role_credit","Survival-Credit-AOP","DASCMOP5","DAS-CMOP",100,50000,1,249901,50000,4.5552,0.5833851579219126,0.05477872152101166,1,"Survival_Credit_AOP_DASCMOP5_N100_FE50000_run1_seed249901.mat"
"s07_dual_role_credit","Survival-Credit-AOP","DASCMOP5","DAS-CMOP",100,50000,2,249902,50000,4.2554,0.3322551788638841,0.149251294565717,1,"Survival_Credit_AOP_DASCMOP5_N100_FE50000_run2_seed249902.mat"
"s07_dual_role_credit","Survival-Credit-AOP","DASCMOP5","DAS-CMOP",100,50000,3,249903,50000,4.6473,0.1752404303622095,0.2435778903728332,1,"Survival_Credit_AOP_DASCMOP5_N100_FE50000_run3_seed249903.mat"
"s07_dual_role_credit","Survival-Credit-AOP","DASCMOP5","DAS-CMOP",100,50000,4,249904,50000,4.2806,0.8502276470467415,0.0044706069061385,0.57,"Survival_Credit_AOP_DASCMOP5_N100_FE50000_run4_seed249904.mat"
"s07_dual_role_credit","Survival-Credit-AOP","DASCMOP5","DAS-CMOP",100,50000,5,249905,50000,4.0419,0.5562438586474364,0.05912457391640387,1,"Survival_Credit_AOP_DASCMOP5_N100_FE50000_run5_seed249905.mat"
"s07_dual_role_credit","Survival-Credit-AOP","DASCMOP6","DAS-CMOP",100,50000,1,250001,50000,4.0802,0.4712829359093564,0.06680761694802571,1,"Survival_Credit_AOP_DASCMOP6_N100_FE50000_run1_seed250001.mat"
"s07_dual_role_credit","Survival-Credit-AOP","DASCMOP6","DAS-CMOP",100,50000,2,250002,50000,4.4545,0.6015517983392881,0.03937412102774707,1,"Survival_Credit_AOP_DASCMOP6_N100_FE50000_run2_seed250002.mat"
"s07_dual_role_credit","Survival-Credit-AOP","DASCMOP6","DAS-CMOP",100,50000,3,250003,50000,4.4131,0.04809200197417553,0.2859254580319487,1,"Survival_Credit_AOP_DASCMOP6_N100_FE50000_run3_seed250003.mat"
"s07_dual_role_credit","Survival-Credit-AOP","DASCMOP6","DAS-CMOP",100,50000,4,250004,50000,4.1128,0.6215182897778043,0.03726373442585533,1,"Survival_Credit_AOP_DASCMOP6_N100_FE50000_run4_seed250004.mat"
"s07_dual_role_credit","Survival-Credit-AOP","DASCMOP6","DAS-CMOP",100,50000,5,250005,50000,4.582,0.7178926001189961,0.02279061413594191,1,"Survival_Credit_AOP_DASCMOP6_N100_FE50000_run5_seed250005.mat"
"s07_dual_role_credit","Survival-Credit-AOP","DASCMOP7","DAS-CMOP",100,50000,1,250101,50000,4.6528,0.1224232672068114,0.2404629780670342,1,"Survival_Credit_AOP_DASCMOP7_N100_FE50000_run1_seed250101.mat"
"s07_dual_role_credit","Survival-Credit-AOP","DASCMOP7","DAS-CMOP",100,50000,2,250102,50000,4.2977,0.1582625390411681,0.2183248916717427,1,"Survival_Credit_AOP_DASCMOP7_N100_FE50000_run2_seed250102.mat"
"s07_dual_role_credit","Survival-Credit-AOP","DASCMOP7","DAS-CMOP",100,50000,3,250103,50000,5.1362,0.04117534573367442,0.281837107501342,1,"Survival_Credit_AOP_DASCMOP7_N100_FE50000_run3_seed250103.mat"
"s07_dual_role_credit","Survival-Credit-AOP","DASCMOP7","DAS-CMOP",100,50000,4,250104,50000,4.3903,0.860180813291645,0.01580146883014336,1,"Survival_Credit_AOP_DASCMOP7_N100_FE50000_run4_seed250104.mat"
"s07_dual_role_credit","Survival-Credit-AOP","DASCMOP7","DAS-CMOP",100,50000,5,250105,50000,4.6492,0.34462041896583,0.1354794331133968,1,"Survival_Credit_AOP_DASCMOP7_N100_FE50000_run5_seed250105.mat"
"s07_dual_role_credit","Survival-Credit-AOP","DASCMOP8","DAS-CMOP",100,50000,1,250201,50000,4.6793,0.3288815401766501,0.04668410860201751,1,"Survival_Credit_AOP_DASCMOP8_N100_FE50000_run1_seed250201.mat"
"s07_dual_role_credit","Survival-Credit-AOP","DASCMOP8","DAS-CMOP",100,50000,2,250202,50000,4.3904,0.2625240543401292,0.07639482808724925,1,"Survival_Credit_AOP_DASCMOP8_N100_FE50000_run2_seed250202.mat"
"s07_dual_role_credit","Survival-Credit-AOP","DASCMOP8","DAS-CMOP",100,50000,3,250203,50000,4.2914,0.5230490114228046,0.1119989777813462,1,"Survival_Credit_AOP_DASCMOP8_N100_FE50000_run3_seed250203.mat"
"s07_dual_role_credit","Survival-Credit-AOP","DASCMOP8","DAS-CMOP",100,50000,4,250204,50000,5.0936,0.06425024090837005,0.1992814410506825,1,"Survival_Credit_AOP_DASCMOP8_N100_FE50000_run4_seed250204.mat"
"s07_dual_role_credit","Survival-Credit-AOP","DASCMOP8","DAS-CMOP",100,50000,5,250205,50000,4.5193,0.6836549798480198,0.006720456565205934,1,"Survival_Credit_AOP_DASCMOP8_N100_FE50000_run5_seed250205.mat"
"s07_dual_role_credit","Survival-Credit-AOP","DASCMOP9","DAS-CMOP",100,50000,1,250301,50000,4.5263,0.05300896693154755,0.2019559526510661,1,"Survival_Credit_AOP_DASCMOP9_N100_FE50000_run1_seed250301.mat"
"s07_dual_role_credit","Survival-Credit-AOP","DASCMOP9","DAS-CMOP",100,50000,2,250302,50000,4.5787,0.05088969015634499,0.2033752732212476,1,"Survival_Credit_AOP_DASCMOP9_N100_FE50000_run2_seed250302.mat"
"s07_dual_role_credit","Survival-Credit-AOP","DASCMOP9","DAS-CMOP",100,50000,3,250303,50000,4.7662,0.06533121976959864,0.1983526077736828,1,"Survival_Credit_AOP_DASCMOP9_N100_FE50000_run3_seed250303.mat"
"s07_dual_role_credit","Survival-Credit-AOP","DASCMOP9","DAS-CMOP",100,50000,4,250304,50000,4.8163,0.04213929211312851,0.2032068464828113,1,"Survival_Credit_AOP_DASCMOP9_N100_FE50000_run4_seed250304.mat"
"s07_dual_role_credit","Survival-Credit-AOP","DASCMOP9","DAS-CMOP",100,50000,5,250305,50000,4.5495,0.05105000290470377,0.2015860072751009,1,"Survival_Credit_AOP_DASCMOP9_N100_FE50000_run5_seed250305.mat"
"s07_dual_role_credit","Survival-Credit-AOP","LIRCMOP10","LIR-CMOP",100,50000,1,249001,50000,7.7069,0.2200049289313563,0.5936761167661428,1,"Survival_Credit_AOP_LIRCMOP10_N100_FE50000_run1_seed249001.mat"
"s07_dual_role_credit","Survival-Credit-AOP","LIRCMOP10","LIR-CMOP",100,50000,2,249002,50000,8.8146,0.217918094202692,0.6032907741817808,1,"Survival_Credit_AOP_LIRCMOP10_N100_FE50000_run2_seed249002.mat"
"s07_dual_role_credit","Survival-Credit-AOP","LIRCMOP10","LIR-CMOP",100,50000,3,249003,50000,9.4381,0.2253167450877087,0.590713423251005,1,"Survival_Credit_AOP_LIRCMOP10_N100_FE50000_run3_seed249003.mat"
"s07_dual_role_credit","Survival-Credit-AOP","LIRCMOP10","LIR-CMOP",100,50000,4,249004,50000,8.2014,0.2215005060409175,0.5975635229863856,1,"Survival_Credit_AOP_LIRCMOP10_N100_FE50000_run4_seed249004.mat"
"s07_dual_role_credit","Survival-Credit-AOP","LIRCMOP10","LIR-CMOP",100,50000,5,249005,50000,8.6305,0.2402750049869795,0.5840858157251366,1,"Survival_Credit_AOP_LIRCMOP10_N100_FE50000_run5_seed249005.mat"
"s07_dual_role_credit","Survival-Credit-AOP","LIRCMOP11","LIR-CMOP",100,50000,1,249101,50000,6.927,0.1437581246492706,0.6012455887307153,1,"Survival_Credit_AOP_LIRCMOP11_N100_FE50000_run1_seed249101.mat"
"s07_dual_role_credit","Survival-Credit-AOP","LIRCMOP11","LIR-CMOP",100,50000,2,249102,50000,6.6053,0.145631091195131,0.5992615469685112,1,"Survival_Credit_AOP_LIRCMOP11_N100_FE50000_run2_seed249102.mat"
"s07_dual_role_credit","Survival-Credit-AOP","LIRCMOP11","LIR-CMOP",100,50000,3,249103,50000,6.7329,0.1549865603817229,0.6400919167828736,1,"Survival_Credit_AOP_LIRCMOP11_N100_FE50000_run3_seed249103.mat"
"s07_dual_role_credit","Survival-Credit-AOP","LIRCMOP11","LIR-CMOP",100,50000,4,249104,50000,7.0896,0.09150516591331019,0.6374275023243421,1,"Survival_Credit_AOP_LIRCMOP11_N100_FE50000_run4_seed249104.mat"
"s07_dual_role_credit","Survival-Credit-AOP","LIRCMOP11","LIR-CMOP",100,50000,5,249105,50000,6.3028,0.0738071985441163,0.659500494799898,1,"Survival_Credit_AOP_LIRCMOP11_N100_FE50000_run5_seed249105.mat"
"s07_dual_role_credit","Survival-Credit-AOP","LIRCMOP12","LIR-CMOP",100,50000,1,249201,50000,6.0109,0.1686587903031689,0.5285796697898444,1,"Survival_Credit_AOP_LIRCMOP12_N100_FE50000_run1_seed249201.mat"
"s07_dual_role_credit","Survival-Credit-AOP","LIRCMOP12","LIR-CMOP",100,50000,2,249202,50000,5.4426,0.2833022629678263,0.4599634204546323,1,"Survival_Credit_AOP_LIRCMOP12_N100_FE50000_run2_seed249202.mat"
"s07_dual_role_credit","Survival-Credit-AOP","LIRCMOP12","LIR-CMOP",100,50000,3,249203,50000,6.1499,0.1694137933971535,0.5271114051311107,1,"Survival_Credit_AOP_LIRCMOP12_N100_FE50000_run3_seed249203.mat"
"s07_dual_role_credit","Survival-Credit-AOP","LIRCMOP12","LIR-CMOP",100,50000,4,249204,50000,6.0875,0.2941890217994839,0.4556216753351311,1,"Survival_Credit_AOP_LIRCMOP12_N100_FE50000_run4_seed249204.mat"
"s07_dual_role_credit","Survival-Credit-AOP","LIRCMOP12","LIR-CMOP",100,50000,5,249205,50000,7.0373,0.1960640949580145,0.505636456593468,1,"Survival_Credit_AOP_LIRCMOP12_N100_FE50000_run5_seed249205.mat"
"s07_dual_role_credit","Survival-Credit-AOP","LIRCMOP13","LIR-CMOP",100,50000,1,249301,50000,11.4015,0.0951347265949502,0.546075184596297,1,"Survival_Credit_AOP_LIRCMOP13_N100_FE50000_run1_seed249301.mat"
"s07_dual_role_credit","Survival-Credit-AOP","LIRCMOP13","LIR-CMOP",100,50000,2,249302,50000,12.2147,0.0976224216551162,0.5428852279839739,1,"Survival_Credit_AOP_LIRCMOP13_N100_FE50000_run2_seed249302.mat"
"s07_dual_role_credit","Survival-Credit-AOP","LIRCMOP13","LIR-CMOP",100,50000,3,249303,50000,12.273,0.09881665237060877,0.5408723485441267,1,"Survival_Credit_AOP_LIRCMOP13_N100_FE50000_run3_seed249303.mat"
"s07_dual_role_credit","Survival-Credit-AOP","LIRCMOP13","LIR-CMOP",100,50000,4,249304,50000,12.2438,0.0971328089180829,0.5406696318726583,1,"Survival_Credit_AOP_LIRCMOP13_N100_FE50000_run4_seed249304.mat"
"s07_dual_role_credit","Survival-Credit-AOP","LIRCMOP13","LIR-CMOP",100,50000,5,249305,50000,12.0929,0.09815475102871254,0.5415704554365814,1,"Survival_Credit_AOP_LIRCMOP13_N100_FE50000_run5_seed249305.mat"
"s07_dual_role_credit","Survival-Credit-AOP","LIRCMOP14","LIR-CMOP",100,50000,1,249401,50000,9.8913,0.09764924085605153,0.5520323479499325,1,"Survival_Credit_AOP_LIRCMOP14_N100_FE50000_run1_seed249401.mat"
"s07_dual_role_credit","Survival-Credit-AOP","LIRCMOP14","LIR-CMOP",100,50000,2,249402,50000,10.0656,0.0968973837612133,0.5514985306668669,1,"Survival_Credit_AOP_LIRCMOP14_N100_FE50000_run2_seed249402.mat"
"s07_dual_role_credit","Survival-Credit-AOP","LIRCMOP14","LIR-CMOP",100,50000,3,249403,50000,9.546,0.09908245081996615,0.5494067775602133,1,"Survival_Credit_AOP_LIRCMOP14_N100_FE50000_run3_seed249403.mat"
"s07_dual_role_credit","Survival-Credit-AOP","LIRCMOP14","LIR-CMOP",100,50000,4,249404,50000,10.1755,0.09643629220655232,0.5503880679269328,1,"Survival_Credit_AOP_LIRCMOP14_N100_FE50000_run4_seed249404.mat"
"s07_dual_role_credit","Survival-Credit-AOP","LIRCMOP14","LIR-CMOP",100,50000,5,249405,50000,9.664,0.09999445190062625,0.5491003194269499,1,"Survival_Credit_AOP_LIRCMOP14_N100_FE50000_run5_seed249405.mat"
"s07_dual_role_credit","Survival-Credit-AOP","LIRCMOP1","LIR-CMOP",100,50000,1,248101,50000,4.7081,0.2651101573197406,0.1260780076044212,1,"Survival_Credit_AOP_LIRCMOP1_N100_FE50000_run1_seed248101.mat"
"s07_dual_role_credit","Survival-Credit-AOP","LIRCMOP1","LIR-CMOP",100,50000,2,248102,50000,4.2466,0.2042919804453801,0.139601500208104,1,"Survival_Credit_AOP_LIRCMOP1_N100_FE50000_run2_seed248102.mat"
"s07_dual_role_credit","Survival-Credit-AOP","LIRCMOP1","LIR-CMOP",100,50000,3,248103,50000,4.6422,0.1987179581663396,0.1491292266777501,1,"Survival_Credit_AOP_LIRCMOP1_N100_FE50000_run3_seed248103.mat"
"s07_dual_role_credit","Survival-Credit-AOP","LIRCMOP1","LIR-CMOP",100,50000,4,248104,50000,4.6658,0.2930019354301966,0.1117793245147727,1,"Survival_Credit_AOP_LIRCMOP1_N100_FE50000_run4_seed248104.mat"
"s07_dual_role_credit","Survival-Credit-AOP","LIRCMOP1","LIR-CMOP",100,50000,5,248105,50000,4.3898,0.2589014262897559,0.1224854238945832,1,"Survival_Credit_AOP_LIRCMOP1_N100_FE50000_run5_seed248105.mat"
"s07_dual_role_credit","Survival-Credit-AOP","LIRCMOP2","LIR-CMOP",100,50000,1,248201,50000,4.5677,0.1778222884779401,0.2530081903512024,1,"Survival_Credit_AOP_LIRCMOP2_N100_FE50000_run1_seed248201.mat"
"s07_dual_role_credit","Survival-Credit-AOP","LIRCMOP2","LIR-CMOP",100,50000,2,248202,50000,4.7847,0.1978055564575614,0.2502535133757081,1,"Survival_Credit_AOP_LIRCMOP2_N100_FE50000_run2_seed248202.mat"
"s07_dual_role_credit","Survival-Credit-AOP","LIRCMOP2","LIR-CMOP",100,50000,3,248203,50000,4.5037,0.1677300043091816,0.2800925763873661,1,"Survival_Credit_AOP_LIRCMOP2_N100_FE50000_run3_seed248203.mat"
"s07_dual_role_credit","Survival-Credit-AOP","LIRCMOP2","LIR-CMOP",100,50000,4,248204,50000,5.2207,0.205783343160462,0.2528117595068486,1,"Survival_Credit_AOP_LIRCMOP2_N100_FE50000_run4_seed248204.mat"
"s07_dual_role_credit","Survival-Credit-AOP","LIRCMOP2","LIR-CMOP",100,50000,5,248205,50000,5.1627,0.1241669811921399,0.2844322929519717,1,"Survival_Credit_AOP_LIRCMOP2_N100_FE50000_run5_seed248205.mat"
"s07_dual_role_credit","Survival-Credit-AOP","LIRCMOP3","LIR-CMOP",100,50000,1,248301,50000,4.7877,0.279891531623065,0.1042016596544511,1,"Survival_Credit_AOP_LIRCMOP3_N100_FE50000_run1_seed248301.mat"
"s07_dual_role_credit","Survival-Credit-AOP","LIRCMOP3","LIR-CMOP",100,50000,2,248302,50000,4.8611,0.274003576374575,0.1061917881834228,1,"Survival_Credit_AOP_LIRCMOP3_N100_FE50000_run2_seed248302.mat"
"s07_dual_role_credit","Survival-Credit-AOP","LIRCMOP3","LIR-CMOP",100,50000,3,248303,50000,5.3722,0.2660947904235887,0.1087684722572258,1,"Survival_Credit_AOP_LIRCMOP3_N100_FE50000_run3_seed248303.mat"
"s07_dual_role_credit","Survival-Credit-AOP","LIRCMOP3","LIR-CMOP",100,50000,4,248304,50000,4.7134,0.2621604924844799,0.1096480373079093,1,"Survival_Credit_AOP_LIRCMOP3_N100_FE50000_run4_seed248304.mat"
"s07_dual_role_credit","Survival-Credit-AOP","LIRCMOP3","LIR-CMOP",100,50000,5,248305,50000,5.0112,0.2729562508509159,0.1179291705403731,1,"Survival_Credit_AOP_LIRCMOP3_N100_FE50000_run5_seed248305.mat"
"s07_dual_role_credit","Survival-Credit-AOP","LIRCMOP4","LIR-CMOP",100,50000,1,248401,50000,5.1497,0.2187722920350042,0.2172190863876258,1,"Survival_Credit_AOP_LIRCMOP4_N100_FE50000_run1_seed248401.mat"
"s07_dual_role_credit","Survival-Credit-AOP","LIRCMOP4","LIR-CMOP",100,50000,2,248402,50000,4.6977,0.2525823618622177,0.2085438166202826,1,"Survival_Credit_AOP_LIRCMOP4_N100_FE50000_run2_seed248402.mat"
"s07_dual_role_credit","Survival-Credit-AOP","LIRCMOP4","LIR-CMOP",100,50000,3,248403,50000,4.88,0.2509794990158796,0.2094061347937772,1,"Survival_Credit_AOP_LIRCMOP4_N100_FE50000_run3_seed248403.mat"
"s07_dual_role_credit","Survival-Credit-AOP","LIRCMOP4","LIR-CMOP",100,50000,4,248404,50000,5.2086,0.248451751621292,0.2100797088421869,1,"Survival_Credit_AOP_LIRCMOP4_N100_FE50000_run4_seed248404.mat"
"s07_dual_role_credit","Survival-Credit-AOP","LIRCMOP4","LIR-CMOP",100,50000,5,248405,50000,4.595,0.2508849939737395,0.2091554514804312,1,"Survival_Credit_AOP_LIRCMOP4_N100_FE50000_run5_seed248405.mat"
"s07_dual_role_credit","Survival-Credit-AOP","LIRCMOP5","LIR-CMOP",100,50000,1,248501,50000,6.2613,0.04408162949745978,0.2748117813752488,1,"Survival_Credit_AOP_LIRCMOP5_N100_FE50000_run1_seed248501.mat"
"s07_dual_role_credit","Survival-Credit-AOP","LIRCMOP5","LIR-CMOP",100,50000,2,248502,50000,4.6524,0.2543175944076883,0.1620499909430903,1,"Survival_Credit_AOP_LIRCMOP5_N100_FE50000_run2_seed248502.mat"
"s07_dual_role_credit","Survival-Credit-AOP","LIRCMOP5","LIR-CMOP",100,50000,3,248503,50000,5.648,0.07790004227063863,0.2576938468927364,1,"Survival_Credit_AOP_LIRCMOP5_N100_FE50000_run3_seed248503.mat"
"s07_dual_role_credit","Survival-Credit-AOP","LIRCMOP5","LIR-CMOP",100,50000,4,248504,50000,4.8647,0.3074216730409049,0.2033569483757474,1,"Survival_Credit_AOP_LIRCMOP5_N100_FE50000_run4_seed248504.mat"
"s07_dual_role_credit","Survival-Credit-AOP","LIRCMOP5","LIR-CMOP",100,50000,5,248505,50000,4.738,0.2433702503981281,0.1745889319008159,1,"Survival_Credit_AOP_LIRCMOP5_N100_FE50000_run5_seed248505.mat"
"s07_dual_role_credit","Survival-Credit-AOP","LIRCMOP6","LIR-CMOP",100,50000,1,248601,50000,5.2937,0.2604942111695044,0.1386489756924531,1,"Survival_Credit_AOP_LIRCMOP6_N100_FE50000_run1_seed248601.mat"
"s07_dual_role_credit","Survival-Credit-AOP","LIRCMOP6","LIR-CMOP",100,50000,2,248602,50000,6.2275,0.01896876079775422,0.1891750913421087,1,"Survival_Credit_AOP_LIRCMOP6_N100_FE50000_run2_seed248602.mat"
"s07_dual_role_credit","Survival-Credit-AOP","LIRCMOP6","LIR-CMOP",100,50000,3,248603,50000,5.7785,0.1925134743501606,0.1517846478164743,1,"Survival_Credit_AOP_LIRCMOP6_N100_FE50000_run3_seed248603.mat"
"s07_dual_role_credit","Survival-Credit-AOP","LIRCMOP6","LIR-CMOP",100,50000,4,248604,50000,4.6585,0.09077205355005512,0.1603672290940506,1,"Survival_Credit_AOP_LIRCMOP6_N100_FE50000_run4_seed248604.mat"
"s07_dual_role_credit","Survival-Credit-AOP","LIRCMOP6","LIR-CMOP",100,50000,5,248605,50000,4.8639,0.3441858387988603,0.1189022196657848,1,"Survival_Credit_AOP_LIRCMOP6_N100_FE50000_run5_seed248605.mat"
"s07_dual_role_credit","Survival-Credit-AOP","LIRCMOP7","LIR-CMOP",100,50000,1,248701,50000,4.7003,0.0567375615673284,0.2700450665376122,1,"Survival_Credit_AOP_LIRCMOP7_N100_FE50000_run1_seed248701.mat"
"s07_dual_role_credit","Survival-Credit-AOP","LIRCMOP7","LIR-CMOP",100,50000,2,248702,50000,4.7069,0.01269223021709343,0.2907717588595839,1,"Survival_Credit_AOP_LIRCMOP7_N100_FE50000_run2_seed248702.mat"
"s07_dual_role_credit","Survival-Credit-AOP","LIRCMOP7","LIR-CMOP",100,50000,3,248703,50000,4.5169,0.1130894498378326,0.2514603908306718,1,"Survival_Credit_AOP_LIRCMOP7_N100_FE50000_run3_seed248703.mat"
"s07_dual_role_credit","Survival-Credit-AOP","LIRCMOP7","LIR-CMOP",100,50000,4,248704,50000,4.407,0.01609742032376703,0.290712054357958,1,"Survival_Credit_AOP_LIRCMOP7_N100_FE50000_run4_seed248704.mat"
"s07_dual_role_credit","Survival-Credit-AOP","LIRCMOP7","LIR-CMOP",100,50000,5,248705,50000,4.4234,0.01056842024861458,0.2923224084330591,1,"Survival_Credit_AOP_LIRCMOP7_N100_FE50000_run5_seed248705.mat"
"s07_dual_role_credit","Survival-Credit-AOP","LIRCMOP8","LIR-CMOP",100,50000,1,248801,50000,4.5854,0.01004580097075105,0.2928161625865872,1,"Survival_Credit_AOP_LIRCMOP8_N100_FE50000_run1_seed248801.mat"
"s07_dual_role_credit","Survival-Credit-AOP","LIRCMOP8","LIR-CMOP",100,50000,2,248802,50000,4.5859,0.2522490158150108,0.2465326569218682,1,"Survival_Credit_AOP_LIRCMOP8_N100_FE50000_run2_seed248802.mat"
"s07_dual_role_credit","Survival-Credit-AOP","LIRCMOP8","LIR-CMOP",100,50000,3,248803,50000,4.4089,0.01182701372335614,0.2922059963469829,1,"Survival_Credit_AOP_LIRCMOP8_N100_FE50000_run3_seed248803.mat"
"s07_dual_role_credit","Survival-Credit-AOP","LIRCMOP8","LIR-CMOP",100,50000,4,248804,50000,4.0678,0.05935257714516236,0.2667051846303357,1,"Survival_Credit_AOP_LIRCMOP8_N100_FE50000_run4_seed248804.mat"
"s07_dual_role_credit","Survival-Credit-AOP","LIRCMOP8","LIR-CMOP",100,50000,5,248805,50000,4.3895,0.1131258041218941,0.2528224035708487,1,"Survival_Credit_AOP_LIRCMOP8_N100_FE50000_run5_seed248805.mat"
"s07_dual_role_credit","Survival-Credit-AOP","LIRCMOP9","LIR-CMOP",100,50000,1,248901,50000,7.1977,0.5077171056224913,0.3562987948543745,1,"Survival_Credit_AOP_LIRCMOP9_N100_FE50000_run1_seed248901.mat"
"s07_dual_role_credit","Survival-Credit-AOP","LIRCMOP9","LIR-CMOP",100,50000,2,248902,50000,8.0058,0.5066312902522174,0.3579795822936423,1,"Survival_Credit_AOP_LIRCMOP9_N100_FE50000_run2_seed248902.mat"
"s07_dual_role_credit","Survival-Credit-AOP","LIRCMOP9","LIR-CMOP",100,50000,3,248903,50000,6.7925,0.42400689298759,0.3843494454107299,1,"Survival_Credit_AOP_LIRCMOP9_N100_FE50000_run3_seed248903.mat"
"s07_dual_role_credit","Survival-Credit-AOP","LIRCMOP9","LIR-CMOP",100,50000,4,248904,50000,7.8023,0.5067020222541621,0.3582126275193058,1,"Survival_Credit_AOP_LIRCMOP9_N100_FE50000_run4_seed248904.mat"
"s07_dual_role_credit","Survival-Credit-AOP","LIRCMOP9","LIR-CMOP",100,50000,5,248905,50000,6.6763,0.40157751611274,0.3979056991426349,1,"Survival_Credit_AOP_LIRCMOP9_N100_FE50000_run5_seed248905.mat"
