config,algorithm,problem,suite,N,maxFE,run,seed,phase,generations,FE_start,FE_end,rate_ga,rate_de_rand,rate_de_best,pop1_rate_ga,pop1_rate_de_rand,pop1_rate_de_best,pop2_rate_ga,pop2_rate_de_rand,pop2_rate_de_best,generated_ga,generated_de_rand,generated_de_best,survived_ga,survived_de_rand,survived_de_best,survival_ga,survival_de_rand,survival_de_best,feasible_ga,feasible_de_rand,feasible_de_best,cvscore_ga,cvscore_de_rand,cvscore_de_best,objscore_ga,objscore_de_rand,objscore_de_best,pop1_survival_ga,pop1_survival_de_rand,pop1_survival_de_best,pop2_survival_ga,pop2_survival_de_rand,pop2_survival_de_best,pop1_feasible_ga,pop1_feasible_de_rand,pop1_feasible_de_best,pop2_feasible_ga,pop2_feasible_de_rand,pop2_feasible_de_best
"s07_dual_role_credit","Dual-Role-Credit-AOP-v1","CF10","CF",100,50000,1,278001,"all",249,400,50000,0.347981525950701,0.2762655760043577,0.3757528980449413,0.3479815259507009,0.2762655760043576,0.3757528980449413,0.3649172913174541,0.2799396381183789,0.355143070564167,17753,13841,18206,2887,826,2557,0.1626204021855461,0.05967776894733039,0.1404482038888279,0.5297132878950037,0.4808901090961636,0.6796660441612655,0.6434758086552735,0.5720092967632223,0.7540115423521802,0.5710757296020317,0.5350453139478936,0.5794171259576111,0.1665705387011189,0.06706430026185627,0.1454526023298066,0.1588507265521797,0.0523898378068035,0.1351565148604362,0.6199100242242473,0.5571719522839685,0.7740728866089559,0.4436371642448261,0.4056265250466485,0.5798395298903831
"s07_dual_role_credit","Dual-Role-Credit-AOP-v1","CF10","CF",100,50000,2,278002,"all",249,400,50000,0.3594281954399033,0.2879554825479079,0.3526163220121889,0.3594281954399033,0.2879554825479077,0.3526163220121889,0.3800218102918154,0.2891223126252837,0.330855877082901,18434,14358,17008,2271,487,1136,0.1231962677660844,0.03391837303245578,0.06679209783631232,0.3328631875881523,0.2960022287226633,0.3954609595484478,0.5205883348200829,0.456862324494772,0.5505279605990574,0.7892941174385497,0.7475365896962343,0.7750771126658248,0.1177455357142857,0.03727488482479408,0.06448672667198359,0.1283512771796496,0.0305767894371091,0.06925039484874256,0.4573660714285714,0.4200753874075108,0.508829896319927,0.2151150517204982,0.1724808895066018,0.2745717409792249
"s07_dual_role_credit","Dual-Role-Credit-AOP-v1","CF10","CF",100,50000,3,278003,"all",249,400,50000,0.3795302901960784,0.2728427741636975,0.3476269356402244,0.3795302901960782,0.2728427741636977,0.3476269356402246,0.3629794082508888,0.3100900084472624,0.3269305833018485,18487,14498,16815,2355,440,1062,0.1273868123546276,0.03034901365705615,0.06315789473684211,0.3287715692107968,0.2310663539798593,0.3405292893250074,0.5027511369734921,0.4100189534221946,0.5060472596044832,0.7403634776901004,0.7603866138152385,0.7475824498525891,0.1339824320033866,0.03641456582633053,0.06772035071527457,0.1204912591281257,0.02501620220349968,0.05830367006259973,0.419832786538258,0.3006044523072387,0.4148592524227042,0.2335693737552556,0.1699287103046014,0.2614459310175525
"s07_dual_role_credit","Dual-Role-Credit-AOP-v1","CF10","CF",100,50000,4,278004,"all",249,400,50000,0.3562000356081619,0.2664686731870098,0.3773312912048284,0.3562000356081618,0.2664686731870097,0.3773312912048283,0.3636242342840303,0.2783199429167789,0.3580558227991909,17926,13556,18318,3201,918,3044,0.1785674439361821,0.06771909117733844,0.1661753466535648,0.5780988508311949,0.4946149306580112,0.7022054809477017,0.6672697683042744,0.5696724391629432,0.7622175985154253,0.5714277637626183,0.53075279415578,0.5791194403999903,0.1779555956271836,0.0669481302774427,0.1731772219265567,0.1791671269192533,0.0684575389948007,0.1588030931301132,0.6542319395920208,0.5496079613992763,0.76551357104843,0.5034795095548437,0.4419410745233969,0.6355485823153648
"s07_dual_role_credit","Dual-Role-Credit-AOP-v1","CF10","CF",100,50000,5,278005,"all",249,400,50000,0.3575633235404005,0.2698402085338226,0.3725964679257769,0.3575633235404005,0.2698402085338224,0.3725964679257769,0.3552149866377729,0.3004102199395429,0.3443747934226842,17759,14195,17846,3016,861,2552,0.1698293822850386,0.0606551602676999,0.143001232769248,0.493777802804212,0.4362803804156393,0.6275355822032949,0.6229478013055763,0.5458943211209669,0.7137079568420729,0.6645767134708096,0.6491493622735537,0.6720787997885206,0.1842164346654692,0.06997171356260236,0.1631266846361186,0.1553496780024856,0.05228670767584916,0.1212227278030568,0.6468343062415806,0.5468214976924222,0.7581671159029649,0.3397356230934357,0.3369884995988232,0.4861743087154358
"s07_dual_role_credit","Dual-Role-Credit-AOP-v1","CF1","CF",100,50000,1,277101,"all",249,400,50000,0.3362789744256688,0.3227095299607671,0.3410114956135641,0.3362789744256688,0.3227095299607671,0.3410114956135644,0.3131015666149615,0.367907982871953,0.3189904505130852,16170,17189,16441,1209,2599,1717,0.07476808905380333,0.1512013497003898,0.1044340368590718,0.2570191713048856,0.1218220955262086,0.239766437564625,0.7801633331822643,0.7355470515851575,0.7687575002678593,0.6008025025065737,0.6429627577519024,0.6131577824431715,0.07521489971346705,0.17648524100137,0.1316068275456151,0.07428791377983064,0.1290393013100437,0.07538384092625221,0.3290353390639923,0.2255573545896127,0.3163037080635668,0.1796253528355145,0.03089519650655022,0.15794110244148
"s07_dual_role_credit","Dual-Role-Credit-AOP-v1","CF1","CF",100,50000,2,277102,"all",249,400,50000,0.3240776011580707,0.33146753698606,0.3444548618558694,0.3240776011580708,0.3314675369860599,0.3444548618558697,0.3137164253225391,0.3703019242267161,0.3159816504507452,15895,17462,16443,1268,2953,1966,0.07977351368354829,0.1691100675753064,0.1195645563461655,0.2517143755898081,0.1340052685832092,0.2554886577875083,0.7805216834020906,0.7436985984554124,0.7748414449752689,0.5971933131133493,0.6401327822469847,0.6102154950243093,0.07800891530460624,0.2029829028737723,0.1587967820916404,0.08159611203478706,0.1387954422137819,0.07678616831934909,0.3148836057454185,0.2466351400509276,0.3357817418677859,0.1864688579102187,0.03320672816060771,0.1679379608441393
"s07_dual_role_credit","Dual-Role-Credit-AOP-v1","CF1","CF",100,50000,3,277103,"all",249,400,50000,0.3161277067058129,0.33356599316781,0.3503063001263771,0.3161277067058129,0.3335659931678098,0.350306300126377,0.3109408353527061,0.3716799962979305,0.3173791683493632,15604,17573,16623,1306,3249,2411,0.08369648807997949,0.1848859045126046,0.145040004812609,0.2587798000512689,0.1537017014738519,0.2802141611020875,0.7809869438815836,0.7515871478757536,0.7836656165395176,0.5997240131472301,0.6424746676978101,0.6138269059746059,0.09512908559074144,0.2383986535224814,0.2079366899873839,0.07208371011497222,0.1367909238249595,0.0756578947368421,0.3379117385221925,0.2823996152921375,0.37641931414153,0.1784007234207467,0.03803349540788763,0.1740890688259109
"s07_dual_role_credit","Dual-Role-Credit-AOP-v1","CF1","CF",100,50000,4,277104,"all",249,400,50000,0.3350922635689818,0.3186730736828109,0.3462346627482075,0.3350922635689818,0.3186730736828106,0.3462346627482075,0.314861507616788,0.370899218959918,0.3142392734232941,16177,17160,16463,1171,2602,1684,0.07238672188910181,0.1516317016317016,0.102289983599587,0.2525808246275577,0.1214452214452214,0.2598554333961003,0.7781556179022537,0.7385571017214735,0.7779703545529929,0.6057729441489532,0.6472010739309106,0.6158237323183408,0.07198560287942411,0.1724442203453927,0.133920296570899,0.07281305789339454,0.133737942993389,0.06742433916485761,0.3358128374325135,0.2267742342115215,0.3448795180722892,0.1641162968630451,0.03088761244174705,0.1661345932831056
"s07_dual_role_credit","Dual-Role-Credit-AOP-v1","CF1","CF",100,50000,5,277105,"all",249,400,50000,0.3293454663929938,0.320355694610009,0.3502988389969973,0.3293454663929938,0.3203556946100091,0.3502988389969975,0.312748396957037,0.3725033906286551,0.3147482124143074,15981,17266,16553,1243,2849,1987,0.07777986358801077,0.1650063709023514,0.1200386636863408,0.2623740692071835,0.1290397312637554,0.2746329970398115,0.7840719858882531,0.7422390236641122,0.7823028048987638,0.600973854729117,0.6430455510054492,0.6139683331505773,0.08454312553373185,0.1983471074380165,0.1669152231272227,0.07065775950668036,0.1363146551724138,0.06789178152118427,0.3472001951933634,0.2409216128224393,0.3642308133532178,0.1730472764645427,0.03275862068965518,0.1749617151607963
"s07_dual_role_credit","Dual-Role-Credit-AOP-v1","CF2","CF",100,50000,1,277201,"all",249,400,50000,0.3395878044657716,0.3327566049256285,0.3276555906085999,0.3395878044657715,0.3327566049256283,0.3276555906085998,0.3637986576536227,0.3072710391395537,0.3289303032068233,17520,15928,16352,1497,649,687,0.08544520547945206,0.04074585635359116,0.04201320939334638,0.8043949771689498,0.8601205424409845,0.8431384540117417,0.9914545993639214,0.9940511732100665,0.9929263335486624,0.7310885844247825,0.6429820675178675,0.6992407116184106,0.09556999409332546,0.03953094777562863,0.04189636163175303,0.07598012147984538,0.04205851619644723,0.04212968616436683,0.8978145304193739,0.9110251450676983,0.8819061619502634,0.7170623964660409,0.8051201671891327,0.8044938331908658
"s07_dual_role_credit","Dual-Role-Credit-AOP-v1","CF2","CF",100,50000,2,277202,"all",249,400,50000,0.3373427569205927,0.3337351419005075,0.3289221011788998,0.337342756920593,0.3337351419005073,0.3289221011788997,0.3673099911626055,0.3049520706678761,0.3277379381695184,17547,15903,16350,1545,672,727,0.08804923918618568,0.04225617807960762,0.04446483180428135,0.7894226933378925,0.8596491228070176,0.8384097859327218,0.9909389532778987,0.9940180862226711,0.9926385754148194,0.7418067314063697,0.6453884808611422,0.7014318053652645,0.09676267555343966,0.04319056785370549,0.04837527485951625,0.08004373974849645,0.04123303912527994,0.0405438510534052,0.8753868126636515,0.9051973051010587,0.8752748595162473,0.7104428649535265,0.8097747332367277,0.8014453699167075
"s07_dual_role_credit","Dual-Role-Credit-AOP-v1","CF2","CF",100,50000,3,277203,"all",249,400,50000,0.3331614876291419,0.337011626793279,0.3298268855775791,0.3331614876291419,0.3370116267932791,0.3298268855775791,0.3711236498130281,0.301049332839189,0.3278270173477828,17531,15888,16381,1426,749,808,0.0813416234099595,0.04714249748237664,0.04932543800744765,0.7275683075694485,0.8289904330312186,0.8055674256760882,0.9882394715085298,0.9928475872117736,0.9913935559307143,0.7794555043672172,0.6588474752212145,0.7294160895740247,0.08604483007953724,0.04855063819634976,0.05621121790972138,0.07711469728149031,0.04556962025316456,0.04239157069345749,0.8551458182694626,0.9100560658475486,0.8644603966419272,0.6129102133651034,0.7384410393071286,0.7462631707914726
"s07_dual_role_credit","Dual-Role-Credit-AOP-v1","CF2","CF",100,50000,4,277204,"all",249,400,50000,0.3376441451007288,0.3312621467856243,0.331093708113647,0.3376441451007288,0.3312621467856243,0.331093708113647,0.37058820196309,0.3023141398843493,0.3270976581525612,17640,15775,16385,1374,640,696,0.07789115646258503,0.04057052297939778,0.04247787610619469,0.7744897959183673,0.84,0.8351541043637474,0.9902172704674728,0.99333870931767,0.9925302059449023,0.7448151144429062,0.650533474842916,0.7003370459547119,0.08337297811607992,0.04024242424242424,0.0473186119873817,0.07289861351819757,0.04093023255813953,0.03757828810020877,0.8747621313035204,0.8795151515151515,0.8735743751516623,0.6831672443674177,0.7966777408637874,0.7962667321625937
"s07_dual_role_credit","Dual-Role-Credit-AOP-v1","CF2","CF",100,50000,5,277205,"all",249,400,50000,0.3368750234163074,0.3346605848079838,0.3284643917757089,0.3368750234163074,0.3346605848079836,0.3284643917757089,0.3689210404031898,0.3032353875074927,0.3278435720893175,17568,15890,16342,1319,626,598,0.07507969034608379,0.03939584644430459,0.03659282829519031,0.7929758652094717,0.8816236626809314,0.8492228613388814,0.9910027784036904,0.9947563345743082,0.9930262199617884,0.7397799674853245,0.6323928001431873,0.6940986816859299,0.08283599904511817,0.03994242533285355,0.03897373243738546,0.06800870511425462,0.03879253276843638,0.03420375137918352,0.8869658629744569,0.9130382631642078,0.8808796579108125,0.7072905331882481,0.8469482324904012,0.8174573985533897
"s07_dual_role_credit","Dual-Role-Credit-AOP-v1","CF3","CF",100,50000,1,277301,"all",249,400,50000,0.3409244274245417,0.3275948867775355,0.3314806857979229,0.3409244274245417,0.3275948867775353,0.3314806857979229,0.3798640626614194,0.271192468688268,0.3489434686503131,17942,14920,16938,2838,589,2101,0.15817634600379,0.03947721179624665,0.1240406187271225,0.9216363839036896,0.936260053619303,0.897390482937773,0.9869374710304604,0.9914040777433781,0.9832090279590584,0.875959222862415,0.7503422225461061,0.8381515918332677,0.1376060320452403,0.03908355795148248,0.1059393939393939,0.1766448064311402,0.03995264871263687,0.1412292817679558,0.9350848256361922,0.9473168341092869,0.9121212121212121,0.9095620901205839,0.9229061852619118,0.883402394106814
"s07_dual_role_credit","Dual-Role-Credit-AOP-v1","CF3","CF",100,50000,2,277302,"all",249,400,50000,0.3375332043862723,0.3313821622247797,0.3310846333889481,0.3375332043862721,0.3313821622247794,0.3310846333889482,0.3679483185839957,0.3095490654823987,0.3225026159336056,17571,15951,16278,1685,733,794,0.09589664788572079,0.04595323177230268,0.04877749109227178,0.9775197769051278,0.9825716256034105,0.9859933652782897,0.9953164700256322,0.9971954179898926,0.9975990613814112,0.8217722208411437,0.7473687020809995,0.7700845563600944,0.091773656680932,0.04741117982296593,0.04501880839703919,0.09968337154711213,0.04439252336448598,0.05263157894736842,0.9826438421302901,0.9864193039893294,0.987744205800267,0.9728136259416967,0.9784527518172378,0.9841980838621376
"s07_dual_role_credit","Dual-Role-Credit-AOP-v1","CF3","CF",100,50000,3,277303,"all",249,400,50000,0.3389332510723849,0.3242441107565667,0.3368226381710485,0.3389332510723849,0.3242441107565668,0.3368226381710483,0.3691185649733346,0.2837542564728317,0.3471271785538335,17641,15144,17015,2386,803,1955,0.1352531035655575,0.05302430005282621,0.1148986188657067,0.9428036959356045,0.9428156365557316,0.9401116661769028,0.987280504719197,0.9869210091558288,0.9857516800684833,0.873923386223402,0.7392799376251812,0.8350901546979876,0.1343442720056865,0.04914582817529092,0.1134709461878057,0.1360869565217391,0.05745825077837532,0.1162844567987028,0.95142755597678,0.9476355533547908,0.9562104760768405,0.9348913043478261,0.9373054061703935,0.9244845957841094
"s07_dual_role_credit","Dual-Role-Credit-AOP-v1","CF3","CF",100,50000,4,277304,"all",249,400,50000,0.3406390330632807,0.3293970149420155,0.3299639519947037,0.3406390330632809,0.3293970149420155,0.3299639519947036,0.3714464252782782,0.2937122831838244,0.3348412915378977,17728,15512,16560,2122,723,1222,0.1196976534296029,0.04660907684373388,0.07379227053140097,0.9662116425992779,0.9762119649303764,0.9576086956521739,0.9928456328472784,0.9946175510931531,0.9914223533451204,0.8622225714582754,0.7478909267783109,0.8198266106732621,0.1180907483794932,0.04331909701037218,0.06727493917274939,0.1211727794006275,0.05029383627169605,0.0802158273381295,0.9757218621096052,0.9801098230628432,0.9631386861313869,0.9574813372281726,0.971846385130518,0.952158273381295
"s07_dual_role_credit","Dual-Role-Credit-AOP-v1","CF3","CF",100,50000,5,277305,"all",249,400,50000,0.3372349615345728,0.3287164563626699,0.3340485821027571,0.3372349615345729,0.3287164563626702,0.3340485821027572,0.3759348496371716,0.2775976740918477,0.346467476270981,17751,15085,16964,2410,636,1946,0.1357669990423075,0.0421610871726881,0.1147135109643952,0.9298067714494958,0.9557838912827312,0.9124616835651969,0.9851740190847101,0.9909833637900973,0.9799235144183692,0.8662013629370667,0.7392179967878655,0.8206940621109121,0.1230182381690309,0.04021513262437355,0.1082833133253301,0.1471907712027345,0.04446697566628042,0.1209173036831133,0.9413517701752294,0.9643075418652977,0.9373349339735895,0.9194616534928434,0.9456836616454229,0.8884642112578179
"s07_dual_role_credit","Dual-Role-Credit-AOP-v1","CF4","CF",100,50000,1,277401,"all",249,400,50000,0.3406097809442389,0.3276004838491925,0.3317897352065686,0.3406097809442389,0.3276004838491925,0.3317897352065686,0.3778867110939212,0.2884717066966266,0.3336415822094522,17885,15336,16579,1774,550,1000,0.09918926474699469,0.03586332811684925,0.06031726883406719,0.7847358121330724,0.8442227438706312,0.8218831051329996,0.9905911214494924,0.9932288499446017,0.99217101201654,0.8689521598639344,0.7106914315968174,0.8009337089694991,0.1032083038452465,0.03347229033840118,0.06169852407452214,0.09556713085999788,0.03857938718662952,0.05894382292794419,0.8989148384052843,0.8870769985286905,0.8868860391967094,0.6818326777931327,0.7955431754874652,0.7572476843498136
"s07_dual_role_credit","Dual-Role-Credit-AOP-v1","CF4","CF",100,50000,2,277402,"all",249,400,50000,0.3391950837427549,0.3273431458546461,0.3334617704025989,0.3391950837427549,0.3273431458546461,0.3334617704025991,0.3789488347740319,0.2847862632943947,0.336264901931573,17877,15238,16685,1820,634,1140,0.1018067908485764,0.04160651004068775,0.06832484267305963,0.7109134642277787,0.7623703898149363,0.7494156427929278,0.9867978787414238,0.9894084640675127,0.9887798236483597,0.8694713182090282,0.7023475114906657,0.8002614547804723,0.1039222656712881,0.03938650306748466,0.06966670677415474,0.09991523627887264,0.04415914221218962,0.06699307379985669,0.835407038748667,0.8260122699386503,0.8329924196847551,0.5995973723246451,0.6891930022573364,0.6664676379269167
"s07_dual_role_credit","Dual-Role-Credit-AOP-v1","CF4","CF",100,50000,3,277403,"all",249,400,50000,0.3571285430249536,0.3099798986283949,0.3328915583466517,0.3571285430249536,0.3099798986283946,0.3328915583466516,0.3773099400565217,0.2961334372992447,0.3265566226442334,18285,15087,16428,1779,482,687,0.09729286300246104,0.03194803473188838,0.04181884587289993,0.7264424391577796,0.6160270431497316,0.7051984416849282,0.9894588351120525,0.9877748747646918,0.9902677620498904,0.8245108778743723,0.7121954141623046,0.7708115228845872,0.09482564679415073,0.0332944681953621,0.04004342057652877,0.09962746141564661,0.03053745928338762,0.04362787268034903,0.8349831271091114,0.6477522995206633,0.7581715112772887,0.6237360298030867,0.5827904451682954,0.6512228093892097
"s07_dual_role_credit","Dual-Role-Credit-AOP-v1","CF4","CF",100,50000,4,277404,"all",249,400,50000,0.3384648369692425,0.3288470169835622,0.3326881460471953,0.3384648369692423,0.3288470169835621,0.3326881460471952,0.3755122919818944,0.288536808098589,0.3359508999195165,17784,15380,16636,1818,707,1251,0.1022267206477733,0.04596879063719116,0.07519836499158451,0.7240215924426451,0.7952535760728219,0.7768694397691753,0.9875776336825397,0.9909084632055267,0.9901263408204579,0.869643819601763,0.7084829425604485,0.7989310661497288,0.09884893793758158,0.04232223441883157,0.07348320038675368,0.1052687827295073,0.05013229355243003,0.07689547955034681,0.8503619318856058,0.8458348579095012,0.8403432438965434,0.6102383242492252,0.7375017407046373,0.7140636211432672
"s07_dual_role_credit","Dual-Role-Credit-AOP-v1","CF4","CF",100,50000,5,277405,"all",249,400,50000,0.3357633435386204,0.3311294790069037,0.333107177454476,0.3357633435386204,0.3311294790069039,0.3331071774544761,0.3779989232600622,0.2826128779434925,0.3393881987964448,17770,15287,16743,1757,627,1237,0.09887450759707372,0.04101524170864133,0.07388162217045929,0.6740574001125492,0.7717668607313404,0.7407274681956638,0.9850750057139978,0.9897193881476503,0.9882317953699019,0.8718919901839052,0.7014798116032385,0.8038142816740539,0.09612625538020086,0.0398981324278438,0.07189384800965018,0.1013183074633213,0.04232353358897884,0.07583106589376552,0.8220946915351507,0.8461072034926025,0.8289505428226779,0.5424197320859027,0.6847038772901577,0.6542056074766355
"s07_dual_role_credit","Dual-Role-Credit-AOP-v1","CF5","CF",100,50000,1,277501,"all",249,400,50000,0.3463191044045942,0.3230941162697454,0.3305867793256604,0.3463191044045938,0.3230941162697455,0.3305867793256606,0.3722974973479046,0.2985814355495277,0.3291210671025679,17904,15476,16420,1984,723,1027,0.1108132260947274,0.0467174980615146,0.06254567600487211,0.90812109025916,0.8627552339105712,0.8930572472594397,0.976086761970129,0.9609437516494599,0.9644950005991825,0.7404502495589639,0.6555318738527529,0.6993383389594673,0.1100289855072464,0.0463757304488375,0.05806608357628766,0.1115421920465567,0.04708731333243643,0.06704934049829019,0.9380869565217391,0.8836255128683327,0.9099854227405247,0.8802672701799763,0.8401722050316157,0.8760381045432341
"s07_dual_role_credit","Dual-Role-Credit-AOP-v1","CF5","CF",100,50000,2,277502,"all",249,400,50000,0.3562903013195755,0.3133917035613475,0.3303179951190769,0.3562903013195757,0.3133917035613474,0.3303179951190768,0.3664120758728199,0.3008132507821414,0.3327746733450384,18005,15299,16496,2023,793,1111,0.1123576784226604,0.05183345316687366,0.06734966052376333,0.8921966120522077,0.7801817112229558,0.8489330746847721,0.9819420423887659,0.9455372699769555,0.9642130287093067,0.7213553956935307,0.6439830599826369,0.6999474048547716,0.1086197183098592,0.04664274730907227,0.06483396180513319,0.1159912376779847,0.05723815877251501,0.06984894259818732,0.9384788732394366,0.7990773962070733,0.862790414791388,0.8472070098576122,0.7605070046697798,0.835166163141994
"s07_dual_role_credit","Dual-Role-Credit-AOP-v1","CF5","CF",100,50000,3,277503,"all",249,400,50000,0.3407368196982475,0.3220376998797388,0.3372254804220137,0.3407368196982475,0.322037699879739,0.3372254804220136,0.3550302156948498,0.3038363492216388,0.3411334350835116,17324,15574,16902,1877,796,1377,0.1083468021242207,0.05111082573519969,0.08146964856230032,0.9713114754098361,0.9265442404006677,0.9680511182108626,0.99491310080531,0.9833874222208862,0.9921204955944197,0.7479889665624671,0.708856850804273,0.7670833299119397,0.1025580572910527,0.04918237423542629,0.08493932905067808,0.1139011424047053,0.0531535105117017,0.0780367231638418,0.974419427089473,0.9275995506179003,0.9725196288365453,0.9683293745051464,0.9254264180880603,0.9636299435028248
"s07_dual_role_credit","Dual-Role-Credit-AOP-v1","CF5","CF",100,50000,4,277504,"all",249,400,50000,0.3499453303376794,0.3133794579887069,0.3366752116736138,0.3499453303376792,0.3133794579887066,0.3366752116736138,0.3689027803615488,0.2980319463795583,0.3330652732588925,17909,15217,16674,1769,602,917,0.09877715115305154,0.03956101728330157,0.05499580184718724,0.9506393433469206,0.8256555168561477,0.9183759145975771,0.9921116684352862,0.9638850531662847,0.9829224060923329,0.729145827488367,0.6385131744419639,0.7090442064704251,0.09690366972477064,0.03733641262509623,0.05747674695921774,0.1005550114267058,0.04189680722080021,0.05248552123552123,0.9584862385321101,0.8319219912753401,0.9277367040305271,0.9431929480901078,0.8190758453455477,0.9089044401544402
"s07_dual_role_credit","Dual-Role-Credit-AOP-v1","CF5","CF",100,50000,5,277505,"all",249,400,50000,0.3384218815803089,0.3277889388058334,0.3337891796138577,0.3384218815803087,0.3277889388058332,0.333789179613858,0.3562820045954846,0.303475603037376,0.3402423923671392,17300,15711,16789,1624,579,911,0.09387283236994219,0.03685316020622494,0.05426171898266723,0.9063005780346821,0.9028069505442047,0.9282268151766038,0.9864973695239663,0.9853339300869672,0.9868736568520551,0.723540861210486,0.6727495665388507,0.7339638590496625,0.0932273751630886,0.03615639171467092,0.05367027677496992,0.09448641334987033,0.03760593220338983,0.05484137280339663,0.9234966196180762,0.9149405564407402,0.9332129963898917,0.8899537715638741,0.889698093220339,0.9233400165113811
"s07_dual_role_credit","Dual-Role-Credit-AOP-v1","CF6","CF",100,50000,1,277601,"all",249,400,50000,0.3465772789098545,0.3193069830574639,0.3341157380326816,0.3465772789098544,0.3193069830574638,0.3341157380326818,0.3538183930170425,0.3115893398427877,0.3345922671401698,17437,15707,16656,1527,529,964,0.08757240350977806,0.0336792512892341,0.05787704130643612,0.8640821242186156,0.8258738142229579,0.8701368876080692,0.9709884379426152,0.958022768687952,0.970109212142816,0.7231899441604045,0.6857554188801518,0.7128278680701181,0.08644264194669757,0.03522455654799346,0.06141088811440933,0.0886794595208357,0.03209590100541377,0.05434913017396521,0.9404403244495945,0.8531890803874701,0.9034971758202139,0.7892585443397298,0.7978860531064708,0.8368326334733054
"s07_dual_role_credit","Dual-Role-Credit-AOP-v1","CF6","CF",100,50000,2,277602,"all",249,400,50000,0.3364144832437219,0.3300317200958048,0.3335537966604734,0.3364144832437222,0.3300317200958047,0.3335537966604732,0.3519712670178511,0.3135193457445039,0.3345093872376447,17143,16035,16622,1453,576,919,0.08475762701977484,0.03592142188961647,0.05528817230176874,0.7981100157498687,0.8434050514499533,0.8333533870773674,0.9499739487412998,0.9678118023420903,0.9609692095547582,0.7404791253772494,0.7066017036923098,0.7288488686441105,0.08684241918167721,0.03674860063275736,0.05265694662007471,0.08276255707762557,0.03505181015734937,0.05791181064520005,0.8557795538590004,0.8589681187636895,0.8679358958910712,0.7429223744292237,0.827043622873225,0.7988705995434339
"s07_dual_role_credit","Dual-Role-Credit-AOP-v1","CF6","CF",100,50000,3,277603,"all",249,400,50000,0.3482537819617189,0.315999488568429,0.3357467294698522,0.3482537819617186,0.3159994885684292,0.3357467294698523,0.3542910949090533,0.31056833765376,0.3351405674371862,17486,15612,16702,1614,514,1001,0.09230241335925883,0.03292339226236229,0.05993294216261526,0.8438751000800641,0.7774148091211889,0.8482217698479224,0.9737674435662921,0.9365483583105721,0.9636527260238009,0.7266909465599564,0.6925905664532056,0.7143241551148527,0.09187319884726225,0.03405336721728081,0.06104129263913824,0.09272500283736239,0.03177473521053991,0.05882352941176471,0.9088184438040345,0.8144853875476493,0.8813883901855176,0.7799341731926002,0.7397313355722036,0.8150233616868336
"s07_dual_role_credit","Dual-Role-Credit-AOP-v1","CF6","CF",100,50000,4,277604,"all",249,400,50000,0.3354847306662775,0.3332475217579002,0.3312677475758224,0.3354847306662774,0.3332475217578998,0.3312677475758223,0.3555505370064507,0.3116601291367703,0.3327893338567787,17205,16052,16543,1573,510,867,0.09142691078174948,0.03177174183902318,0.0524088738439219,0.7885498401627434,0.851295788686768,0.8305627757964094,0.9458341593747468,0.9713359238803789,0.9586273184067255,0.7492728242097119,0.7160032887898461,0.7352482030546453,0.09272792620103031,0.03097505122333373,0.05111434108527132,0.09020094829532625,0.0326241134751773,0.05369856401592856,0.8431771894093686,0.8720019284078583,0.8551356589147286,0.7370738315646873,0.8291424887169568,0.8060818148907928
"s07_dual_role_credit","Dual-Role-Credit-AOP-v1","CF6","CF",100,50000,5,277605,"all",249,400,50000,0.3348192716016828,0.3310093845882661,0.3341713438100511,0.3348192716016831,0.3310093845882662,0.334171343810051,0.354843982376888,0.313540811043643,0.3316152065794693,17175,16049,16576,1502,573,902,0.08745269286754002,0.03570315907533179,0.05441602316602317,0.8157787481804949,0.8661598853511122,0.856418918918919,0.9563453130558888,0.973992411484615,0.9678778683458468,0.7396114738846421,0.7068118394914208,0.7299494229782156,0.08761401824291887,0.03601746301236963,0.05912040374909877,0.08730068981115006,0.03537101114955786,0.04967288587351587,0.8745799327892463,0.8887945670628183,0.8892093246815669,0.760375438199706,0.842240164039472,0.8233583716985704
"s07_dual_role_credit","Dual-Role-Credit-AOP-v1","CF7","CF",100,50000,1,277701,"all",249,400,50000,0.3523142064794589,0.3195110055504872,0.3281747879700541,0.3523142064794589,0.319511005550487,0.3281747879700538,0.3799357641168595,0.286635064267914,0.3334291716152272,18235,15093,16472,2035,757,1143,0.1115985741705511,0.05015570131849201,0.06939048081593006,0.8117905127502056,0.7504803551315179,0.7618989800874211,0.9297471724358981,0.8882091479344019,0.9007574117786271,0.8191553541631948,0.6776658448303019,0.761444188245784,0.109704641350211,0.05216844751728473,0.06580234833659492,0.1133530530319037,0.04791258055477725,0.07292671166827387,0.8365834188618999,0.7689503456945317,0.7809442270058709,0.7888231565603212,0.7298963295040628,0.7431292189006751
"s07_dual_role_credit","Dual-Role-Credit-AOP-v1","CF7","CF",100,50000,2,277702,"all",249,400,50000,0.3794173873199088,0.2831836912170842,0.3373989214630071,0.3794173873199088,0.283183691217084,0.3373989214630069,0.3655585550350166,0.2916366316510623,0.3428048133139211,18559,14317,16924,1861,1025,1432,0.1002747992887548,0.07159321086819864,0.08461356653273458,0.7528961689746215,0.524621079835161,0.6750768139919641,0.9455459455777454,0.7360462818938233,0.8530260139717754,0.8530246045025285,0.7178195042699259,0.8129149544942822,0.09984135378106822,0.07588652482269503,0.08183442525312686,0.1007249560632689,0.06742809962845742,0.08734904443662797,0.8554204124801692,0.625531914893617,0.756998213222156,0.6464191564147628,0.4267235447915233,0.5944424903271193
"s07_dual_role_credit","Dual-Role-Credit-AOP-v1","CF7","CF",100,50000,3,277703,"all",249,400,50000,0.4082534640090824,0.2590507251597334,0.3326958108311842,0.4082534640090822,0.2590507251597336,0.3326958108311843,0.3843325163764084,0.2822377856541807,0.3334296979694106,19740,13479,16581,2255,708,1293,0.1142350557244174,0.05252615179167594,0.07798082142210964,0.8116514690982776,0.4602715334965502,0.6395874796453772,0.9492135826766869,0.6830084622108187,0.8215591979465714,0.8554174148511952,0.6813306802268936,0.7786370028374937,0.1118427518427518,0.05553831833695315,0.07923662278052905,0.1167799268165186,0.04976539172472629,0.07672849915682968,0.8517936117936118,0.4795221843003413,0.6617949027660346,0.7689492943021432,0.4426276126830656,0.6174415803420863
"s07_dual_role_credit","Dual-Role-Credit-AOP-v1","CF7","CF",100,50000,4,277704,"all",249,400,50000,0.3428945952648004,0.3187572966430991,0.3383481080921005,0.3428945952648008,0.3187572966430992,0.3383481080921006,0.3615138945267666,0.305617094317096,0.3328690111561372,17535,15559,16706,1795,1004,1246,0.1023666951810664,0.06452856867407931,0.07458398180294505,0.8948959224408326,0.8138697859759625,0.9045851789776128,0.9766069280347284,0.9639478940005006,0.9759968894545094,0.830098104728989,0.7462100153342934,0.7962093057032397,0.1041227453736238,0.06523107920916761,0.07505046906543165,0.100700233411137,0.06379627198739826,0.07410983705491853,0.9094635746076365,0.8239516433698527,0.9153307208170051,0.8810714682672002,0.8033604620635337,0.8936632468316235
"s07_dual_role_credit","Dual-Role-Credit-AOP-v1","CF7","CF",100,50000,5,277705,"all",249,400,50000,0.3384121051312562,0.3269866962425489,0.334601198626195,0.3384121051312562,0.3269866962425491,0.334601198626195,0.3555534473996264,0.3010928486962805,0.3433537039040934,17288,15629,16883,1711,968,1516,0.09897038408144378,0.06193614434704715,0.08979446780785405,0.837517353077279,0.8681297587817519,0.8689214002250785,0.9720092465525396,0.9758732803748431,0.9755829394985781,0.8416726695173832,0.7356566105468101,0.8210880193176847,0.0970344009489917,0.05762378670598354,0.09146561037090385,0.1008128245653646,0.06662216288384512,0.08816651075771749,0.9298932384341637,0.9103083916943113,0.91681670867843,0.7496048769473922,0.8222963951935914,0.8222637979420019
"s07_dual_role_credit","Dual-Role-Credit-AOP-v1","CF8","CF",100,50000,1,277801,"all",249,400,50000,0.3556771504985937,0.3221942901327412,0.322128559368665,0.3556771504985937,0.3221942901327413,0.322128559368665,0.3579463449260988,0.3161078409264747,0.3259458141474267,17777,15895,16128,1857,594,983,0.104460820160882,0.03737024221453287,0.06094990079365079,0.4312313663722788,0.4017615602390689,0.402281746031746,0.5663460934782909,0.5505667008640751,0.5411809029322499,0.7502943775843327,0.7499163281476338,0.7316308790515879,0.09412030244893353,0.03229426433915212,0.05262501558797855,0.1147375504710633,0.04253968253968254,0.06918238993710692,0.5012978219162623,0.4761845386533666,0.4630253148771667,0.3615971287572903,0.325968253968254,0.3422123566407695
"s07_dual_role_credit","Dual-Role-Credit-AOP-v1","CF8","CF",100,50000,2,277802,"all",249,400,50000,0.3695805205615129,0.3082790884031465,0.3221403910353406,0.3695805205615129,0.3082790884031464,0.3221403910353407,0.3610026608490953,0.3089842839671554,0.330013055183749,18193,15366,16241,2412,696,1318,0.1325784642444896,0.04529480671612651,0.08115263838433594,0.5012367394052658,0.4376545620200443,0.4540976540853396,0.6238880135983014,0.5624627094279961,0.5775058596750523,0.7252851459129788,0.7216360187511206,0.712757583511751,0.1236272697618789,0.04431122116512446,0.07310087173100872,0.1417296576256114,0.04627583517483427,0.08902691511387163,0.566054148091769,0.497458621139059,0.5163138231631382,0.434971098265896,0.3780059794618484,0.3932529533552551
"s07_dual_role_credit","Dual-Role-Credit-AOP-v1","CF8","CF",100,50000,3,277803,"all",249,400,50000,0.3691315138578442,0.3117037069244857,0.3191647792176702,0.3691315138578442,0.3117037069244856,0.3191647792176702,0.362837640939335,0.3130558802475449,0.3241064788131202,18236,15546,16018,2218,661,1192,0.1216275499012941,0.0425189759423646,0.0744162816831065,0.4543211230533012,0.393992023671684,0.4036084405044325,0.5959979048791721,0.5446276376581791,0.5482454234635554,0.7460167123282134,0.7427515381499585,0.7247198968112898,0.1027620704654197,0.0354472802268626,0.0648124842688145,0.1408185840707964,0.04956343091936313,0.08387016848364717,0.5454545454545454,0.4845320959010054,0.4789831361691417,0.3616150442477876,0.3038007190549564,0.329410307234886
"s07_dual_role_credit","Dual-Role-Credit-AOP-v1","CF8","CF",100,50000,4,277804,"all",249,400,50000,0.3642400262328467,0.3123765430561061,0.3233834307110472,0.3642400262328469,0.3123765430561062,0.3233834307110472,0.3590083337477633,0.3139638791801094,0.3270277870721272,18017,15588,16195,2129,608,1158,0.118166176388966,0.03900436232999743,0.07150355047854276,0.4514625076316812,0.4000513215293816,0.4111762889780797,0.5892011232811537,0.543472109366235,0.5536374536114416,0.7410039068092346,0.7381626850003022,0.7263064749418687,0.1062775330396476,0.03152341739577972,0.06672465208747515,0.1302450486740517,0.0464431934493347,0.07622437707131459,0.5254405286343612,0.4745239320638188,0.4737823061630219,0.3763007720711648,0.3259979529170932,0.349331042101387
"s07_dual_role_credit","Dual-Role-Credit-AOP-v1","CF8","CF",100,50000,5,277805,"all",249,400,50000,0.3762791813973649,0.3005168116838461,0.3232040069187889,0.3762791813973647,0.3005168116838463,0.3232040069187889,0.3639847355244965,0.3112152863553552,0.3247999781201484,18426,15233,16141,2226,556,1034,0.1208075545424943,0.03649970458872186,0.06406046713338703,0.4016064257028112,0.3311232193264623,0.3559259029799888,0.5506535885480941,0.4912706534110462,0.5087837342903597,0.7652356762181088,0.7608039704095414,0.7470162865858676,0.1134494177972439,0.03164218958611482,0.05876506398310349,0.1284059569773855,0.04119850187265917,0.06932773109243698,0.4816793077662643,0.4128170894526035,0.4268853273698596,0.3189189189189189,0.2520986697662405,0.2853435491843797
"s07_dual_role_credit","Dual-Role-Credit-AOP-v1","CF9","CF",100,50000,1,277901,"all",249,400,50000,0.3637136760868335,0.3113475090893176,0.3249388148238488,0.3637136760868335,0.3113475090893175,0.3249388148238488,0.3578697934967404,0.3192499116804328,0.3228802948228267,17968,15699,16133,2004,616,975,0.1115316117542297,0.03923816803618065,0.0604351329572925,0.5654496883348175,0.506337983311039,0.5163329820864068,0.70175216386299,0.6614512219192004,0.6651626823487969,0.7638426983821449,0.7714879640536747,0.750385397413191,0.1035777385159011,0.03239545689210119,0.05644762845849802,0.1196140035906643,0.04590617532385863,0.06445190991663556,0.6007067137809188,0.5224574083634487,0.5400197628458498,0.5296229802513465,0.4906301094201987,0.4924723155406246
"s07_dual_role_credit","Dual-Role-Credit-AOP-v1","CF9","CF",100,50000,2,277902,"all",249,400,50000,0.3570066499474739,0.3143372546499538,0.3286560954025723,0.3570066499474741,0.3143372546499539,0.3286560954025725,0.3565273771306256,0.3184824499328421,0.3249901729365323,17766,15760,16274,1887,616,1019,0.1062141168524147,0.03908629441624366,0.06261521445250093,0.5590453675560059,0.5126269035532995,0.5277129163082217,0.7016066717060812,0.6763145206373137,0.6785015637063824,0.7725929211899172,0.776575450512226,0.7571361545861196,0.09710813547878924,0.03524904214559387,0.05865819381644873,0.1153283027367947,0.04287515762925599,0.06661722901989865,0.6044784516709801,0.5374201787994891,0.5598191372357326,0.5135713481247888,0.4881462799495586,0.4952416264985787
"s07_dual_role_credit","Dual-Role-Credit-AOP-v1","CF9","CF",100,50000,3,277903,"all",249,400,50000,0.3615350997866423,0.3107415367936076,0.3277233634197502,0.3615350997866421,0.3107415367936076,0.3277233634197502,0.3585947346460269,0.3192873869498429,0.3221178784041304,17939,15670,16191,2001,655,995,0.1115446791905903,0.0417996171027441,0.06145389413871904,0.5515915045431741,0.4922782386726228,0.5093570502130813,0.6942603082424472,0.6559077444487277,0.6634647297355333,0.7750947723170353,0.7774843730985882,0.7577691635357701,0.1018775691589823,0.03711846870150026,0.05889555528345781,0.1212799283956142,0.04635928445452255,0.06405782652043869,0.5957115876013777,0.5162959130884636,0.5437737235214889,0.5071604385768629,0.4688838498362308,0.4743270189431705
"s07_dual_role_credit","Dual-Role-Credit-AOP-v1","CF9","CF",100,50000,4,277904,"all",249,400,50000,0.3607334819524549,0.3132503866395581,0.3260161314079871,0.3607334819524546,0.3132503866395582,0.3260161314079875,0.3588907340121807,0.3176531004997106,0.3234561654881085,17925,15707,16168,1817,600,906,0.1013668061366806,0.03819952887247724,0.05603661553686294,0.5485634588563458,0.4930285859807729,0.5090301830776843,0.6895077051682936,0.655139729363806,0.6573004743063837,0.7735571690835915,0.7687858708167034,0.7556464323533633,0.09378480730674983,0.03613531522296258,0.05493964030549396,0.108975075444283,0.04023788434771606,0.05714285714285714,0.5858765872131878,0.5117888262429523,0.5330130574033013,0.5111210461607243,0.474503353157029,0.4848447204968944
"s07_dual_role_credit","Dual-Role-Credit-AOP-v1","CF9","CF",100,50000,5,277905,"all",249,400,50000,0.3602109568427874,0.3150376128149442,0.3247514303422684,0.360210956842787,0.3150376128149442,0.3247514303422686,0.3540031791141509,0.3199099788258137,0.3260868420600351,17785,15803,16212,1939,677,1044,0.109024458813607,0.04283996709485541,0.06439674315321983,0.5605285352825414,0.505979877238499,0.5215889464594128,0.6971734600644565,0.6628413556089668,0.6699932865831291,0.7641936066894499,0.7706340211636602,0.7507570247687089,0.09969889595182335,0.03746654772524532,0.05490972050457581,0.1185075980948061,0.04813976872800402,0.07383706620723603,0.5979703356752537,0.5288645342168982,0.5403165965866931,0.5224540712179633,0.4834087481146305,0.5029534826482894
"s07_dual_role_credit","Dual-Role-Credit-AOP-v1","DASCMOP1","DAS-CMOP",100,50000,1,279501,"all",249,400,50000,0.3200563055073149,0.3500281782757764,0.3299155162169088,0.320056305507315,0.3500281782757762,0.3299155162169087,0.3063836894123185,0.3636144227888298,0.3300018877988514,15588,17775,16437,1113,1401,1090,0.07140107775211701,0.07881856540084388,0.06631380422218167,0.2409545804464973,0.2333052039381153,0.2417716128247247,0.7334621095640718,0.7995756466954711,0.7747990759444403,0.801907299880997,0.8733685771261135,0.8319061144024468,0.06010037641154329,0.03363563310756515,0.04294926390071785,0.08322394329220267,0.1222418358340688,0.08968118763689462,0.3878293601003764,0.4393295832855011,0.4009003528409782,0.08729325282226306,0.0353045013239188,0.08262350936967632
"s07_dual_role_credit","Dual-Role-Credit-AOP-v1","DASCMOP1","DAS-CMOP",100,50000,2,279502,"all",249,400,50000,0.3376477488631927,0.3424591306646144,0.3198931204721929,0.337647748863193,0.3424591306646144,0.3198931204721929,0.3282243308886245,0.3472904651634028,0.324485203947973,16584,17165,16051,2058,1537,1369,0.124095513748191,0.08954267404602388,0.08529063609743941,0.2451157742402315,0.2106029711622488,0.2157497975204037,0.7562497621627294,0.7878812741045608,0.7555917183777217,0.7737535317280527,0.8112554498539681,0.7734536900276696,0.06907620972535965,0.03226563416637334,0.03954305799648506,0.1807169949834822,0.1460310113399676,0.1303648732220161,0.4212340982047319,0.3976299425085064,0.3758473512427818,0.063868836412578,0.02615135385327471,0.05800865800865801
"s07_dual_role_credit","Dual-Role-Credit-AOP-v1","DASCMOP1","DAS-CMOP",100,50000,3,279503,"all",249,400,50000,0.3360018490585598,0.3416187214080864,0.3223794295333539,0.3360018490585596,0.3416187214080865,0.3223794295333535,0.3284872079633163,0.3427669045690228,0.3287458874676611,16552,17038,16210,2173,1523,1507,0.1312832286128565,0.08938842587158118,0.09296730413325108,0.2445625906234896,0.2241460265289353,0.2224552745219001,0.7667611097456614,0.7958024098871719,0.7708182971104981,0.7719790878856605,0.7991383722990825,0.7700628236766892,0.064651051625239,0.03103691511873971,0.03762770994268627,0.1994134897360704,0.1475621190811064,0.1472385141739981,0.4312858508604206,0.4209969433341171,0.3963369050585597,0.05364125122189638,0.02789498359118612,0.051930596285435
"s07_dual_role_credit","Dual-Role-Credit-AOP-v1","DASCMOP1","DAS-CMOP",100,50000,4,279504,"all",249,400,50000,0.3389804858621821,0.3410012851606093,0.3200182289772087,0.338980485862182,0.341001285160609,0.3200182289772087,0.3272243244006766,0.3487119629016804,0.3240637126976429,16598,17174,16028,2097,1558,1312,0.1263405229545728,0.09071852800745313,0.08185675068629898,0.2539462585853717,0.2234773494817748,0.2267906164212628,0.7595635776426024,0.7933836849560822,0.7672257221235664,0.7704322564110199,0.8053555153240437,0.7694250245556211,0.07068434762017523,0.03037795831861533,0.03755809571661851,0.1840039254170756,0.1497523326805668,0.1255733234163877,0.4454179493251243,0.4264688567055222,0.3974375078507725,0.05556918547595682,0.02488192604538647,0.05838601710673113
"s07_dual_role_credit","Dual-Role-Credit-AOP-v1","DASCMOP1","DAS-CMOP",100,50000,5,279505,"all",249,400,50000,0.3326251848248791,0.3518784529112479,0.3154963622638731,0.3326251848248793,0.3518784529112479,0.315496362263873,0.3261150575230455,0.3435130978081499,0.3303718446688047,16411,17307,16082,2045,1485,1488,0.1246115410395466,0.08580343213728549,0.09252580524810347,0.226860032904759,0.1900387126596175,0.1874766820047258,0.7219978005381876,0.7801886489485351,0.7309007840057949,0.7663470301310946,0.8169602889973672,0.7736907222908741,0.06567668719063141,0.0365255107864399,0.04264256619144603,0.1846702755905512,0.1363210858881348,0.1401653294432288,0.3934564771218158,0.3497317657801621,0.3258655804480652,0.05708661417322835,0.02632810671659256,0.05531242402139557
"s07_dual_role_credit","Dual-Role-Credit-AOP-v1","DASCMOP2","DAS-CMOP",100,50000,1,279601,"all",249,400,50000,0.3113989080223017,0.3572055051579442,0.3313955868197541,0.3113989080223017,0.3572055051579442,0.3313955868197542,0.3151663008970761,0.3563829852911499,0.3284507138117742,15612,17759,16429,1726,1506,1216,0.1105559825775045,0.08480207218874937,0.07401546046624871,0.2285421470663592,0.2290669519680162,0.2342808448475257,0.6994853182119261,0.7944580465376297,0.756014768809018,0.7630043582811973,0.8261476856971359,0.7813609415364892,0.05725338491295938,0.02586013042500562,0.02460307841473761,0.163166603029146,0.1439368302312465,0.123868916605527,0.3890393294648614,0.4116258151562852,0.3894073445642952,0.07012854779177803,0.04591088550479414,0.07776962582538519
"s07_dual_role_credit","Dual-Role-Credit-AOP-v1","DASCMOP2","DAS-CMOP",100,50000,2,279602,"all",249,400,50000,0.3189273583577622,0.3477112159549913,0.3333614256872466,0.3189273583577623,0.3477112159549912,0.3333614256872466,0.3264638578854887,0.3441407091209815,0.3293954329935297,16078,17227,16495,2042,1352,1421,0.1270058464983207,0.07848145353224589,0.08614731736889966,0.2337977360368205,0.2353863121843618,0.236314034555926,0.7267795733665536,0.8022137718988865,0.7653102845027918,0.7643351375075206,0.807133573124884,0.7688335020714898,0.05489109908095178,0.01765724177726486,0.03002894356005789,0.1974185617701291,0.1400373744452231,0.1428745580885042,0.4024927609215662,0.4240046162723601,0.4003859141341052,0.06908420405654579,0.0444989488437281,0.07046202608801658
"s07_dual_role_credit","Dual-Role-Credit-AOP-v1","DASCMOP2","DAS-CMOP",100,50000,3,279603,"all",249,400,50000,0.3268082319798265,0.338506398379754,0.3346853696404194,0.3268082319798264,0.3385063983797542,0.3346853696404195,0.3226497705659808,0.3474686954176378,0.3298815340163812,16179,17076,16545,2008,1441,1444,0.1241115025650535,0.08438744436636214,0.08727712299788455,0.2385808764447741,0.2119934410869056,0.2402538531278332,0.7364129927575503,0.7928421261990758,0.7705414682867325,0.7620593754325533,0.8049257095414998,0.7647176824159749,0.05320063889912766,0.02077644544699038,0.02974334372751259,0.1958955223880597,0.1463076389691436,0.145729255513586,0.4160216242781669,0.3926154576754126,0.4102902374670185,0.05895522388059701,0.03617242574829539,0.06750335079809919
"s07_dual_role_credit","Dual-Role-Credit-AOP-v1","DASCMOP2","DAS-CMOP",100,50000,4,279604,"all",249,400,50000,0.320632793134753,0.3464887728366634,0.3328784340285835,0.3206327931347531,0.3464887728366635,0.3328784340285838,0.3187618462559311,0.3493755675952457,0.3318625861488234,15919,17329,16552,1883,1434,1428,0.1182863245178717,0.08275145709504299,0.08627356210729821,0.2409699101702368,0.2263835189566623,0.2334461092315128,0.7235708499154971,0.7971314459725397,0.7618448163709218,0.7651237719685813,0.8146112621184984,0.773409076323255,0.05938361312954147,0.02132838762026197,0.03172114340851526,0.1775229935743984,0.1436451390484946,0.1410240890933301,0.4074166875469807,0.4105714616900429,0.399951754914968,0.07357943807483935,0.04378303838198115,0.06633579469797846
"s07_dual_role_credit","Dual-Role-Credit-AOP-v1","DASCMOP2","DAS-CMOP",100,50000,5,279605,"all",249,400,50000,0.3048199744116044,0.3640490707858954,0.3311309548025002,0.3048199744116043,0.3640490707858957,0.3311309548025,0.3137996753419065,0.3548412354644857,0.3313590891936078,15406,17899,16495,1591,1442,1277,0.1032714526807737,0.08056315995307001,0.07741739921188238,0.226535116188498,0.2420805631599531,0.236314034555926,0.6955287728926538,0.8038562011036233,0.7528380233853195,0.7549188678016151,0.8318057073090221,0.782208578559339,0.05421766021844979,0.02383053839364519,0.02816559426975841,0.1510183168950942,0.1387662705149972,0.126543957374667,0.3739965784971707,0.4276257722859665,0.3884909554449436,0.08300243371333418,0.05172608941709111,0.08452409784451441
"s07_dual_role_credit","Dual-Role-Credit-AOP-v1","DASCMOP3","DAS-CMOP",100,50000,1,279701,"all",249,400,50000,0.339409373187511,0.3395834494818982,0.3210071773305909,0.3394093731875114,0.3395834494818982,0.321007177330591,0.3436865982670257,0.3369235722228753,0.319389829510099,17012,16843,15945,2476,1407,1354,0.1455443216553022,0.08353618714005819,0.08491690185010975,0.2189630848812603,0.1993706584337707,0.1991846973973032,0.6794133557612119,0.7329037767906542,0.696185052610707,0.7639420115771763,0.7950106608912825,0.7537351821878157,0.07806031933767002,0.03466635115948888,0.04041035906418116,0.212223910248919,0.1327612918603265,0.1296529175050302,0.4173861620342992,0.3859441552295315,0.3779557112473414,0.02290522379338553,0.01144082946013586,0.01949195171026157
"s07_dual_role_credit","Dual-Role-Credit-AOP-v1","DASCMOP3","DAS-CMOP",100,50000,2,279702,"all",249,400,50000,0.346387266201719,0.3320729319300196,0.3215398018682613,0.346387266201719,0.3320729319300196,0.3215398018682614,0.3465098116755698,0.3377637045525523,0.3157264837718774,17252,16682,15866,2591,1548,1354,0.1501854857407837,0.09279462894137394,0.08533972015630908,0.2462323208903316,0.2181393118331135,0.2204084205218707,0.712802348938301,0.7218081571955468,0.7211076484992964,0.7527287046588754,0.7630410320521981,0.7338782225494657,0.08203939745075318,0.04367287684490685,0.03873063468265867,0.2183948039897936,0.1410408745247148,0.1327906385143729,0.46882966396292,0.4337043309944351,0.4197901049475262,0.02342843887729065,0.006416349809885932,0.0174255914525566
"s07_dual_role_credit","Dual-Role-Credit-AOP-v1","DASCMOP3","DAS-CMOP",100,50000,3,279703,"all",249,400,50000,0.3591429004995323,0.3141838812839906,0.3266732182164772,0.3591429004995321,0.3141838812839907,0.3266732182164777,0.3459664491730868,0.3388851292073866,0.3151484216195268,17555,16272,15973,2679,1664,1509,0.1526060951295927,0.1022615535889872,0.09447192136730734,0.2438621475363144,0.1684488692232055,0.2054091279033369,0.7210946700434836,0.7038974450919108,0.7158551267538531,0.7521316234946216,0.7604350739606981,0.7363665754362619,0.08693219959722533,0.04536161512905699,0.05469518190757129,0.2207264709295579,0.1549846080985082,0.1357662370805155,0.4584918326247482,0.3395093278814209,0.3892576204523107,0.021237089474295,0.009945536348567369,0.01454638254434095
"s07_dual_role_credit","Dual-Role-Credit-AOP-v1","DASCMOP3","DAS-CMOP",100,50000,4,279704,"all",249,400,50000,0.3568459602177789,0.3140939315283689,0.3290601082538521,0.3568459602177792,0.3140939315283691,0.3290601082538522,0.3513386972341652,0.335405021249019,0.3132562815168159,17648,16169,15983,2591,1417,1352,0.1468155031731641,0.08763683592058878,0.08458987674404055,0.2339075249320036,0.1625950893685447,0.2114121253832197,0.7134346981990231,0.7111677864489711,0.7163250691464954,0.7566717410910839,0.7548403549812325,0.7275778740364801,0.07243279721066247,0.02993475757963413,0.04443359375,0.2223364165810209,0.1416427203065134,0.1268129893466821,0.4414576538072208,0.3250607649993604,0.394775390625,0.0231814548361311,0.01053639846743295,0.01861121807213451
"s07_dual_role_credit","Dual-Role-Credit-AOP-v1","DASCMOP3","DAS-CMOP",100,50000,5,279705,"all",249,400,50000,0.339793649021658,0.3346376197580289,0.325568731220313,0.3397936490216578,0.334637619758029,0.3255687312203132,0.3440564984669779,0.3374813300105375,0.3184621715224848,17034,16737,16029,2522,1531,1439,0.1480568275214277,0.09147397980522197,0.08977478320544013,0.2216742984618997,0.201469797454741,0.2073741343814337,0.6831733590533287,0.7204213058547152,0.7045143845736553,0.7563970967043078,0.7756634417717224,0.7415724669233974,0.07883228932750266,0.03947210557888423,0.04343534057255676,0.2163769975504491,0.1430611759104975,0.1371608832807571,0.4248906748611275,0.3922015596880624,0.3936327739387956,0.02111279598740231,0.01225898595572483,0.01690851735015773
"s07_dual_role_credit","Dual-Role-Credit-AOP-v1","DASCMOP4","DAS-CMOP",100,50000,1,279801,"all",249,400,50000,0.450781828208607,0.1366493165156267,0.412568855275766,0.4507818282086072,0.1366493165156267,0.4125688552757665,0.4009529917624913,0.2249005535380078,0.374146454699501,21218,9005,19577,5310,515,4647,0.2502592138750118,0.05719044975013881,0.2373703836134239,0.03204826091054765,0.01232648528595225,0.06665985595341473,0.2582814771565708,0.1332677128300106,0.3217112987609461,0.7729234105187083,0.5768119786052514,0.7480266439825289,0.2519593872461703,0.06439282563951779,0.2451562652127349,0.2483483483483483,0.05281941470378301,0.2287771330324522,0.04862842892768079,0.02117024404586886,0.0968746957453023,0.01341341341341341,0.006959314775160599,0.03331184182248012
"s07_dual_role_credit","Dual-Role-Credit-AOP-v1","DASCMOP4","DAS-CMOP",100,50000,2,279802,"all",249,400,50000,0.4448727530299492,0.1414285632269963,0.4136986837430545,0.444872753029949,0.1414285632269963,0.4136986837430546,0.3921201888325515,0.2298416036767926,0.3780382074906556,20839,9242,19719,5328,601,4799,0.255674456547819,0.06502921445574551,0.2433693392159846,0.03498248476414415,0.004760874269638607,0.04695978497895431,0.2550200551388496,0.1026391038345031,0.2638854634299706,0.7565060512455463,0.5765648252613662,0.742341909598268,0.2637471783295711,0.06356413166855845,0.2483254053004563,0.2465178205653421,0.06593214410633089,0.2379486090465067,0.04397291196388262,0.00681044267877412,0.06183865644112222,0.02478492421138877,0.003497726477789437,0.03068592057761733
"s07_dual_role_credit","Dual-Role-Credit-AOP-v1","DASCMOP4","DAS-CMOP",100,50000,3,279803,"all",249,400,50000,0.4388735176957436,0.1316612450402204,0.429465237264036,0.4388735176957435,0.1316612450402204,0.4294652372640357,0.3902100354310304,0.2320837699288855,0.3777061946400842,20651,9052,20097,4365,554,4346,0.2113699094474844,0.06120194432169686,0.2162511817684231,0.09336109631494843,0.01281484754750331,0.1083246255660049,0.3450315938133136,0.1348096940008179,0.3733160192309858,0.7722859179404122,0.5683841145697754,0.7468094588046602,0.2020682712546902,0.05824946630070144,0.2107723957359267,0.2218222953517071,0.06287891910618396,0.2224821865362119,0.1260181202525854,0.01799329063738945,0.1442865158032542,0.05666392431098313,0.009873549281136325,0.0674252898011273
"s07_dual_role_credit","Dual-Role-Credit-AOP-v1","DASCMOP4","DAS-CMOP",100,50000,4,279804,"all",249,400,50000,0.4330869005645392,0.1426083043806509,0.4243047950548098,0.4330869005645392,0.1426083043806508,0.4243047950548101,0.3865590366035293,0.2299600158634874,0.3834809475329837,20406,9277,20117,5025,617,4938,0.2462511026168774,0.06650856958068341,0.2454640353929512,0.07953543075566009,0.02048075886601272,0.1116965750360392,0.3140206298718213,0.1663502814382365,0.3735656131282304,0.7563733477987851,0.5803837395601361,0.7536542126738324,0.247612867340317,0.06230617423174514,0.2428544387658527,0.2447239837820979,0.06910994764397906,0.2483509580148676,0.1041067952164643,0.02509162672681139,0.138936210486466,0.05198045534878885,0.01762652705061082,0.08156214009004292
"s07_dual_role_credit","Dual-Role-Credit-AOP-v1","DASCMOP4","DAS-CMOP",100,50000,5,279805,"all",249,400,50000,0.4452081755766356,0.1299776906577708,0.4248141337655937,0.4452081755766354,0.1299776906577708,0.4248141337655937,0.4004044218217264,0.2235891038440695,0.3760064743342039,21051,8809,19940,4545,492,4092,0.2159042325780248,0.05585196957656942,0.2052156469408225,0.07895111871170016,0.01101146554660007,0.09157472417251755,0.3089870718688533,0.09439187246427803,0.3123861755509207,0.7797911944558429,0.5581766807356932,0.7414468444913518,0.2026527113597401,0.05862388151804999,0.1956316187594554,0.2306380417335473,0.05423850574712644,0.2160401537804357,0.1005143011819904,0.01388460351743289,0.113464447806354,0.05497592295345104,0.009339080459770116,0.06685177274668945
"s07_dual_role_credit","Dual-Role-Credit-AOP-v1","DASCMOP5","DAS-CMOP",100,50000,1,279901,"all",249,400,50000,0.4385576017050242,0.1334484215245881,0.4279939767703878,0.4385576017050241,0.1334484215245881,0.4279939767703876,0.3886735339342623,0.2332681104016537,0.3780583556640836,20598,9124,20078,4277,567,4348,0.2076415185940383,0.06214379658044717,0.2165554338081482,0.07510437906592873,0.01501534414730381,0.09219045721685427,0.3169529054404172,0.1477968458885477,0.3608199061868001,0.7764965442460521,0.5789642225306126,0.7573665476596769,0.1943045508653054,0.06086170533293161,0.2067542213883677,0.2226929833626124,0.06287683031869079,0.227649182416649,0.09532094130574123,0.01446218740584513,0.1092870544090056,0.05228893252040922,0.01533161068044789,0.07283924400084944
"s07_dual_role_credit","Dual-Role-Credit-AOP-v1","DASCMOP5","DAS-CMOP",100,50000,2,279902,"all",249,400,50000,0.4369074711486248,0.1417186218213948,0.4213739070299805,0.4369074711486247,0.1417186218213947,0.4213739070299806,0.3922483394793667,0.2270398334784576,0.3807118270421756,20649,9177,19974,5202,647,4920,0.2519250326892343,0.07050234281355562,0.2463202162811655,0.05094677708363601,0.01710798735970361,0.085761489936918,0.2686140278324621,0.1244209626412865,0.3080343605764483,0.7753262764033648,0.5780425448461982,0.7588310721461021,0.2515157082491273,0.07441067878443625,0.2459735061469551,0.2523814401311072,0.06806930693069307,0.2467039341841578,0.06540510747749403,0.01533655211587617,0.1068331268464691,0.03482536105705213,0.01821074964639321,0.06244067081531484
"s07_dual_role_credit","Dual-Role-Credit-AOP-v1","DASCMOP5","DAS-CMOP",100,50000,3,279903,"all",249,400,50000,0.4665181126807875,0.1249095310010969,0.4085723563181156,0.466518112680787,0.1249095310010968,0.4085723563181156,0.3982738297940701,0.227754253726658,0.3739719164792717,21526,8793,19481,5018,523,4234,0.2331134442070055,0.05947913112703287,0.2173399722806837,0.05124036049428598,0.008188331627430911,0.0618551409065243,0.2855473284937574,0.1181065309057857,0.3048911539896212,0.7836500915395639,0.5691684137134789,0.7461219987501685,0.2279266086656904,0.05659163987138264,0.2093114625282389,0.2391852374710094,0.06105929966566954,0.2261290322580645,0.06934275131363597,0.007395498392282958,0.07720263235438563,0.03004941010386206,0.008622206581031145,0.04505376344086021
"s07_dual_role_credit","Dual-Role-Credit-AOP-v1","DASCMOP5","DAS-CMOP",100,50000,4,279904,"all",249,400,50000,0.4504290149317614,0.1304886230303318,0.4190823620379069,0.4504290149317614,0.1304886230303318,0.4190823620379069,0.3970771624718764,0.2252246216830255,0.3776982158450983,21101,8853,19846,4947,541,4502,0.2344438652196578,0.06110922851010957,0.2268467197420135,0.05146675513008862,0.009714221167965661,0.07386878968054016,0.2658976112126517,0.1251464960448265,0.3132223044413384,0.7850857994316912,0.5732503076845111,0.7596365406216735,0.2286019971469329,0.06563944530046224,0.222626688380113,0.2410723318158826,0.05848787446504993,0.2315297119166578,0.06356990014265335,0.008320493066255779,0.08966376089663761,0.03773394031360647,0.0105206847360913,0.05634102264271287
"s07_dual_role_credit","Dual-Role-Credit-AOP-v1","DASCMOP5","DAS-CMOP",100,50000,5,279905,"all",249,400,50000,0.4578010282306619,0.1262887481915016,0.4159102235778365,0.4578010282306619,0.1262887481915017,0.4159102235778364,0.394539501600243,0.229722692236985,0.3757378061627717,21227,8865,19708,4390,513,4038,0.2068120789560466,0.05786802030456853,0.2048914146539476,0.08140575681914543,0.01240834743372814,0.1175157296529328,0.3186228012745214,0.127925478678709,0.3730472112274625,0.7806505165914962,0.5678519034757677,0.7494962101398478,0.1901587580036839,0.05914149443561208,0.189781726868843,0.2261347445552616,0.05716783216783217,0.2216164207825529,0.1048153670730638,0.0136724960254372,0.1566544330693452,0.05424384286586607,0.01171328671328671,0.07419285867008767
"s07_dual_role_credit","Dual-Role-Credit-AOP-v1","DASCMOP6","DAS-CMOP",100,50000,1,280001,"all",249,400,50000,0.4578325179579988,0.1209908495972988,0.4211766324447025,0.4578325179579989,0.1209908495972988,0.4211766324447027,0.4048627588926113,0.2194953487661127,0.3756418923412759,21485,8474,19841,4545,365,4023,0.2115429369327438,0.04307292895916923,0.2027619575626229,0.05897137537817081,0.01168279443002124,0.07484501789224333,0.2921158877489486,0.1072353362784409,0.301148320526661,0.7896325877119394,0.5553704516912567,0.7413192401318336,0.2018952355883127,0.05243942914039164,0.1959008579599619,0.2224425059476606,0.03790514557773302,0.2104587744626243,0.08028428533824691,0.01759044142051112,0.1045757864632984,0.03489294210943696,0.00842336568394067,0.04149288846112715
"s07_dual_role_credit","Dual-Role-Credit-AOP-v1","DASCMOP6","DAS-CMOP",100,50000,2,280002,"all",249,400,50000,0.4413786666463722,0.1519484494659663,0.4066728838876615,0.4413786666463722,0.1519484494659663,0.4066728838876616,0.4049846585612181,0.2181835351954023,0.3768318062433794,21071,9215,19514,4648,455,4110,0.2205875373736415,0.04937601736299511,0.2106180178333504,0.05139765554553652,0.01486706456863809,0.05816336988828533,0.3217396418158531,0.1255090851722008,0.3284891352413822,0.7883769857325714,0.569340335373676,0.7474826082301815,0.2218784128139789,0.07297726070861978,0.2175715695952616,0.2191807993652683,0.03294680655254924,0.2031116794543905,0.07098653076083,0.02776308831306187,0.08331688055281343,0.03005058018446891,0.005889931897662433,0.03101023017902813
"s07_dual_role_credit","Dual-Role-Credit-AOP-v1","DASCMOP6","DAS-CMOP",100,50000,3,280003,"all",249,400,50000,0.4513043572814066,0.1332838142017576,0.4154118285168358,0.4513043572814066,0.1332838142017576,0.4154118285168359,0.404589572297903,0.2195811626883701,0.3758292650137266,21312,8788,19700,4985,419,4450,0.2339057807807808,0.0476786527082385,0.2258883248730965,0.06780217717717718,0.0159308147473828,0.08862944162436548,0.3482327568477773,0.1411984182604422,0.3737640330338848,0.7790117227155714,0.5670630043314577,0.7476413440702065,0.2231316725978648,0.05907172995780591,0.227518855153742,0.2459293089753773,0.04076782449725777,0.2240863432357341,0.08229537366548043,0.02139843279083786,0.1182556565461226,0.05162827640984909,0.01261425959780622,0.05588801025860227
"s07_dual_role_credit","Dual-Role-Credit-AOP-v1","DASCMOP6","DAS-CMOP",100,50000,4,280004,"all",249,400,50000,0.4445643390000814,0.1484762941484832,0.4069593668514356,0.4445643390000815,0.1484762941484832,0.4069593668514355,0.4051646038099952,0.22219786371577,0.3726375324742345,21147,9239,19414,5143,512,4500,0.2432023454863574,0.0554172529494534,0.2317914906768312,0.01943538090509292,0.005195367464011257,0.03188420727310189,0.2367255882856976,0.1342246251594209,0.2845750035207303,0.7850554864842013,0.5763201439149311,0.746148644437402,0.2553345388788427,0.07582298974635726,0.2513321492007105,0.2298998711212452,0.04174950298210735,0.2104525862068966,0.02748643761301989,0.009983810037776578,0.04647720544701007,0.01060771289778923,0.001988071570576541,0.01594827586206897
"s07_dual_role_credit","Dual-Role-Credit-AOP-v1","DASCMOP6","DAS-CMOP",100,50000,5,280005,"all",249,400,50000,0.4306859265009538,0.1497515891859234,0.4195624843131229,0.4306859265009536,0.1497515891859235,0.4195624843131228,0.4028513433553969,0.2212261903083371,0.3759224663362656,20763,9233,19804,4991,489,4584,0.2403795212637865,0.05296220080147298,0.2314683902241971,0.006646438375957232,0.001732914545651467,0.009392042011714804,0.1938977991977904,0.08436236281452783,0.2169969234290091,0.7735582059678356,0.5652440499607455,0.7414360940980496,0.2506060041021816,0.07211796246648794,0.2515319800842589,0.2294510311846169,0.03997819371252044,0.2090811965811966,0.01109453663994033,0.003753351206434317,0.01531980084258905,0.001892995915114078,0.0003634381246592768,0.002777777777777778
"s07_dual_role_credit","Dual-Role-Credit-AOP-v1","DASCMOP7","DAS-CMOP",100,50000,1,280101,"all",249,400,50000,0.4352018431403915,0.1433889443422263,0.4214092125173821,0.4352018431403917,0.1433889443422263,0.4214092125173823,0.3955692037934915,0.2271896010604682,0.3772411951460402,20679,9229,19892,4603,570,4360,0.2225929687122201,0.0617618376855564,0.219183591393525,0.03631703660718603,0.01018528551305667,0.05720892821234667,0.2441285597375297,0.1344933582448734,0.2889954592252013,0.7049202867889626,0.5036567687820432,0.6862518718622601,0.2331333640978311,0.05291153415453528,0.2286286095492233,0.2109914668833807,0.06735018561074775,0.2086392169379721,0.04642362713428703,0.01371780515117581,0.07233393691032117,0.02519301097114994,0.007954746331978081,0.04032343866368763
"s07_dual_role_credit","Dual-Role-Credit-AOP-v1","DASCMOP7","DAS-CMOP",100,50000,2,280102,"all",249,400,50000,0.4356901075553745,0.1425042057713922,0.4218056866732334,0.4356901075553745,0.1425042057713923,0.4218056866732334,0.3968536688235642,0.2223883029190352,0.3807580282574004,20736,9083,19981,4869,584,4441,0.2348090277777778,0.06429593746559507,0.2222611480906861,0.02377507716049383,0.007266321699878894,0.03953756068264851,0.247396524356517,0.1145584786751808,0.2662649987535092,0.7135130576896707,0.4987315250527101,0.6918477414819376,0.2528333179765963,0.06094808126410835,0.2338379510616014,0.2150156834969139,0.06643798519588373,0.2094323696982486,0.03224914770109647,0.01100451467268623,0.05560316100161859,0.01446929070120409,0.004874526087741469,0.02173454315256383
"s07_dual_role_credit","Dual-Role-Credit-AOP-v1","DASCMOP7","DAS-CMOP",100,50000,3,280103,"all",249,400,50000,0.4800606553678253,0.1139037560008081,0.4060355886313666,0.4800606553678255,0.1139037560008082,0.406035588631367,0.4085449801829161,0.2134632155951283,0.3779918042219557,22118,8156,19526,4075,386,3374,0.184239081291256,0.04732712113781265,0.1727952473624911,0.132697350574193,0.01201569396763119,0.1587114616408891,0.3489044610552121,0.1074649753496921,0.369167834591814,0.7368853835308808,0.4715895918244569,0.6873362245954608,0.1898066783831283,0.05105633802816902,0.1728810206705568,0.1776969220178975,0.04533483822422874,0.1727031332979288,0.1615197924512511,0.01197183098591549,0.192068044703788,0.09882977677254401,0.01203912716328066,0.1228890069038768
"s07_dual_role_credit","Dual-Role-Credit-AOP-v1","DASCMOP7","DAS-CMOP",100,50000,4,280104,"all",249,400,50000,0.4613046661188431,0.1189700194575486,0.4197253144236081,0.4613046661188431,0.1189700194575485,0.419725314423608,0.3952886258343057,0.2230715434572033,0.3816398307084911,21333,8508,19959,3868,446,3480,0.1813153330520789,0.05242125058768218,0.1743574327371111,0.2068626072282379,0.03960977903149977,0.2543714614960669,0.4307436651179394,0.196649839932468,0.4866155852660606,0.7076801351437276,0.4787050337113306,0.6922828410986475,0.1804576698860176,0.04028436018957346,0.1685640485984885,0.1823170731707317,0.05887648541591645,0.1807279612876078,0.2482380579483164,0.04265402843601896,0.3043145508466469,0.1585365853658537,0.03799063737846597,0.1994529770671155
"s07_dual_role_credit","Dual-Role-Credit-AOP-v1","DASCMOP7","DAS-CMOP",100,50000,5,280105,"all",249,400,50000,0.4703042067531441,0.1226947777949226,0.4070010154519332,0.4703042067531441,0.1226947777949226,0.4070010154519333,0.4141270377910944,0.2088426116484731,0.3770303505604324,22028,8244,19528,5227,412,4065,0.2372889050299619,0.04997573993207181,0.208162638263007,0.0445342291628836,0.005822416302765648,0.05709750102417042,0.2628336672913738,0.09647582196561794,0.2673689163165982,0.7278785025707804,0.4702854217591799,0.6796968663382316,0.2479522184300341,0.05226824457593689,0.2167094101400671,0.2251649204501358,0.04863514033064206,0.1989350372736954,0.05665529010238908,0.009204470742932281,0.07318997829946736,0.03075281334885526,0.003844675124951942,0.03972310969116081
"s07_dual_role_credit","Dual-Role-Credit-AOP-v1","DASCMOP8","DAS-CMOP",100,50000,1,280201,"all",249,400,50000,0.4492099148575779,0.1391782571770342,0.4116118279653879,0.4492099148575774,0.1391782571770342,0.4116118279653878,0.3979501303396238,0.221540414127887,0.3805094555324896,21087,8981,19732,4595,514,3955,0.2179067672025418,0.05723193408306425,0.200435840259477,0.08697301655048134,0.02427346620643581,0.1413440097303872,0.2964746430324138,0.1488728705799729,0.3450928339914177,0.6992978542225236,0.4862693125854937,0.6681479280430247,0.2291237805423789,0.05448255981550879,0.2001364788457789,0.2052652814202138,0.0589622641509434,0.2007599746675111,0.1014051731853576,0.02796194868838282,0.1718658607915773,0.07070808957030462,0.02195210449927431,0.1082963901203293
"s07_dual_role_credit","Dual-Role-Credit-AOP-v1","DASCMOP8","DAS-CMOP",100,50000,2,280202,"all",249,400,50000,0.4618461635230562,0.1294713096932303,0.4086825267837136,0.4618461635230557,0.1294713096932302,0.4086825267837137,0.4091784429590722,0.2184263779000005,0.3723951791409272,21708,8662,19430,4624,449,3787,0.2130090289294269,0.05183560378665435,0.1949047864127638,0.05610834715312327,0.00750404063726622,0.07195059186824498,0.2800424293457178,0.1053251035222335,0.2979098061653748,0.7048058000375664,0.4761351060911489,0.6589392614004591,0.2224152910512598,0.05453982026650139,0.2047623733149661,0.2023926260050991,0.05022999080036798,0.1840940973346283,0.06585577758470895,0.005268050821196158,0.08639181344091311,0.0451068837026868,0.008831646734130635,0.05611308945721377
"s07_dual_role_credit","Dual-Role-Credit-AOP-v1","DASCMOP8","DAS-CMOP",100,50000,3,280203,"all",249,400,50000,0.4488225848958268,0.1317376138154343,0.419439801288739,0.448822584895827,0.1317376138154343,0.4194398012887389,0.3994376554310684,0.2223313948162644,0.3782309497526672,21119,8797,19884,4619,540,4200,0.2187130072446612,0.061384562919177,0.2112251056125528,0.08191675742222643,0.0121632374673184,0.1126533896600282,0.303740985401403,0.1391177149233219,0.3583875219308697,0.7043652075480169,0.48958041336375,0.6806676692966493,0.2217251252684324,0.05785123966942149,0.2165056899684422,0.2153273659861209,0.06347197106690777,0.20536756126021,0.09985683607730853,0.0125497398224671,0.1411494692550445,0.0617519863220356,0.01193490054249548,0.08104381033202504
"s07_dual_role_credit","Dual-Role-Credit-AOP-v1","DASCMOP8","DAS-CMOP",100,50000,4,280204,"all",249,400,50000,0.4549617791348343,0.1234063037101363,0.4216319171550297,0.4549617791348341,0.1234063037101362,0.4216319171550297,0.41162191916,0.2109988459269138,0.377379234913086,21576,8334,19890,5018,420,4231,0.2325732295142751,0.0503959683225342,0.2127199597787833,0.07772525027808676,0.00587952963762899,0.07777777777777778,0.3008264030462269,0.09259511388121527,0.2899754171795297,0.7051555479900777,0.4707722588670107,0.6704270632012349,0.241306266548985,0.05293926599545307,0.2286721952149461,0.222916260003904,0.0489058039961941,0.1949143525907011,0.08790820829655781,0.004546930821695355,0.08845677247164237,0.0664649619363654,0.006660323501427212,0.0658580700074476
"s07_dual_role_credit","Dual-Role-Credit-AOP-v1","DASCMOP8","DAS-CMOP",100,50000,5,280205,"all",249,400,50000,0.4586021149360428,0.1313067323729055,0.4100911526910517,0.4586021149360427,0.1313067323729054,0.4100911526910515,0.4062585426083606,0.2160049026076338,0.377736554784005,21547,8629,19624,5433,564,4415,0.252146470506335,0.06536099200370843,0.2249796167957603,0.06144706919756811,0.01286359949009155,0.07643701589889931,0.2652910829779364,0.1167159301901707,0.2865353944504242,0.7115737939643474,0.4894183005338851,0.6791174834691892,0.256457403029507,0.06196319018404908,0.2235052353459243,0.2472842188425834,0.06742410132240641,0.2265816055289739,0.06820768759303038,0.01257668711656442,0.08934337997847147,0.05382184475607348,0.01303780964797914,0.06241360978203084
"s07_dual_role_credit","Dual-Role-Credit-AOP-v1","DASCMOP9","DAS-CMOP",100,50000,1,280301,"all",249,400,50000,0.3887276341181697,0.2618329661644007,0.3494393997174297,0.38872763411817,0.2618329661644008,0.3494393997174297,0.3004312624066187,0.3847281906793514,0.3148405469140301,17170,16088,16542,1471,1787,1118,0.08567268491555038,0.1110765788165092,0.06758553983798815,0.3159580663948748,0.1084659373446047,0.2627856365614799,0.7182174826190592,0.6094343507404315,0.6852906680656979,0.6360687639488327,0.7132342064261291,0.6532948402041256,0.06555177041395685,0.02395577395577396,0.03677738191012527,0.111719898436456,0.1703216374269006,0.1017727330697615,0.5068648704449262,0.2346437346437346,0.4447764624755775,0.06882266470666845,0.02266081871345029,0.06083407728606045
"s07_dual_role_credit","Dual-Role-Credit-AOP-v1","DASCMOP9","DAS-CMOP",100,50000,2,280302,"all",249,400,50000,0.3831314171105849,0.2655717876168144,0.3512967952726007,0.3831314171105847,0.2655717876168145,0.3512967952726007,0.3133549708261986,0.3698819126914867,0.3167631164823149,17352,15815,16633,1725,1589,1220,0.09941217150760719,0.1004742333227948,0.07334816328984549,0.2950668510834486,0.1107809042048688,0.2517886129982565,0.7226971161078587,0.606098038051696,0.6884176933202379,0.6413691340054809,0.7001859829300028,0.6479131258972864,0.06075206871268461,0.02285108958837772,0.03865065751858205,0.1467008327994875,0.1561855110242207,0.111815415821501,0.4818267518592228,0.237590799031477,0.4281303602058319,0.06662395900064061,0.01976756815466493,0.05628803245436106
"s07_dual_role_credit","Dual-Role-Credit-AOP-v1","DASCMOP9","DAS-CMOP",100,50000,3,280303,"all",249,400,50000,0.3835586571648231,0.2679287752750341,0.348512567560143,0.3835586571648231,0.2679287752750339,0.3485125675601428,0.3060497941268054,0.378531152613208,0.3154190532599868,17170,16104,16526,1778,1754,1174,0.1035527082119977,0.1089170392449081,0.07103957400459882,0.295165987186954,0.1138847491306508,0.2558997942635847,0.7213680191490219,0.6076215112467646,0.6854515434533608,0.6427742896422588,0.707457080459979,0.653444938590329,0.07289484708839547,0.02200928282677047,0.03908682116914562,0.1419574914720546,0.1705039787798409,0.1063287915446326,0.4738165060745706,0.2486899236412637,0.4352588493024329,0.07137234321700341,0.01835543766578249,0.05781230103145295
"s07_dual_role_credit","Dual-Role-Credit-AOP-v1","DASCMOP9","DAS-CMOP",100,50000,4,280304,"all",249,400,50000,0.388219163031567,0.264733962724045,0.3470468742443879,0.3882191630315671,0.2647339627240449,0.347046874244388,0.3094228440907031,0.3731601196868402,0.3174170362224565,17365,15887,16548,1745,1584,1266,0.1004894903541607,0.09970416063448102,0.07650471356055112,0.3088396199251368,0.1131742934474728,0.2533236644911772,0.7168002831704138,0.6084152939468235,0.6796368488827034,0.6379478411533297,0.701505965208824,0.6470880808255587,0.07119205298013245,0.02200637426013052,0.04672140626806985,0.1372549019607843,0.1547644654764465,0.1091001139096317,0.4990687086092715,0.2393382910912126,0.4295131259396323,0.07012076353720297,0.02376855237685524,0.06049867105429692
"s07_dual_role_credit","Dual-Role-Credit-AOP-v1","DASCMOP9","DAS-CMOP",100,50000,5,280305,"all",249,400,50000,0.3848699014358495,0.2632443112080901,0.3518857873560605,0.3848699014358494,0.2632443112080901,0.3518857873560606,0.2997219531421201,0.3865062735938473,0.3137717732640328,17055,16170,16575,1465,1745,1082,0.08589856347112283,0.1079158936301793,0.0652790346907994,0.3068894752272061,0.1048237476808905,0.261236802413273,0.7163800608151971,0.6097150183436933,0.6830428287433291,0.6340155239558074,0.7104442291988161,0.6476747596378812,0.06775774001876368,0.01938635322851473,0.03848789401553221,0.1092200482444385,0.1682087535086807,0.09528072643560558,0.4860836026269155,0.229430621279194,0.442439470077661,0.07652103993567408,0.01996049485393492,0.05831947819414247
"s07_dual_role_credit","Dual-Role-Credit-AOP-v1","LIRCMOP10","LIR-CMOP",100,50000,1,279001,"all",249,400,50000,0.3445834107937714,0.311278580920741,0.3441380082854877,0.3445834107937715,0.3112785809207411,0.3441380082854876,0.3199995623025602,0.3485861775967198,0.33141426010072,16555,16426,16819,2165,2339,2438,0.1307762005436424,0.142396201144527,0.1449551102919318,0.6700090607067352,0.663825642274443,0.7306022950234854,0.9194508953767803,0.8961301106131434,0.9249778544898023,0.8093944898648164,0.8344637641727467,0.8225609549335944,0.1364006988934187,0.1242420332860276,0.1539000467071462,0.1247176913425345,0.1586167146974063,0.1356753482737735,0.8317996505532906,0.7223584053670494,0.8287015413358244,0.4957340025094103,0.6115273775216138,0.6288310115081769
"s07_dual_role_credit","Dual-Role-Credit-AOP-v1","LIRCMOP10","LIR-CMOP",100,50000,2,279002,"all",249,400,50000,0.3404629819214127,0.3164987666953795,0.3430382513832078,0.3404629819214127,0.3164987666953797,0.3430382513832079,0.316412216805911,0.3493322467657619,0.3342555364283271,16358,16581,16861,2099,2357,2508,0.1283164201002568,0.142150654363428,0.1487456260008303,0.6666462892774178,0.6618418671973946,0.7200047446770654,0.925870454431207,0.9000511288570197,0.9238844311995249,0.8163719287618261,0.8487013578170125,0.8340939651480199,0.1380407874572675,0.126984126984127,0.1607351908218216,0.1178412698412698,0.1558695152768206,0.1364346676283207,0.8012495579394082,0.7307936507936508,0.8071880121751346,0.5216507936507937,0.5994716287617735,0.6304844332251472
"s07_dual_role_credit","Dual-Role-Credit-AOP-v1","LIRCMOP10","LIR-CMOP",100,50000,3,279003,"all",249,400,50000,0.3402571026927144,0.3158059840259917,0.3439369132812939,0.3402571026927141,0.315805984025992,0.3439369132812939,0.3200476498275294,0.3451492019597563,0.3348031482127142,16442,16462,16896,2020,2126,2382,0.1228561002311154,0.1291459117968655,0.1409801136363636,0.6729716579491546,0.6793828210424007,0.730764678030303,0.923628063932186,0.9037248181109756,0.9280105495935527,0.8049444490166443,0.8338695712642455,0.8216985109187087,0.1285259058184823,0.1168467895740623,0.1517168885774352,0.1168277073660434,0.1403978131906479,0.1299496040316775,0.8067980644399858,0.7376986649713922,0.817565989254847,0.5306813903877525,0.6260323368616959,0.6415886729061675
"s07_dual_role_credit","Dual-Role-Credit-AOP-v1","LIRCMOP10","LIR-CMOP",100,50000,4,279004,"all",249,400,50000,0.3368395309714235,0.3202643741427665,0.3428960948858101,0.3368395309714238,0.3202643741427666,0.3428960948858097,0.3121188884904748,0.351608617812996,0.3362724936965297,16147,16738,16915,1538,2110,2168,0.09524989162073451,0.1260604612259529,0.1281702630801064,0.6200532606676162,0.6555143983749552,0.6861956843038723,0.9156871423163726,0.8899936250334077,0.9154181267431298,0.7940678259433765,0.8257376233276447,0.8114251487280912,0.104830053667263,0.1146081504702194,0.1351288056206089,0.08490079876320536,0.1364829396325459,0.1210746268656716,0.7542039355992844,0.7110971786833856,0.7728337236533958,0.4751352744138109,0.6049298185552893,0.5978507462686568
"s07_dual_role_credit","Dual-Role-Credit-AOP-v1","LIRCMOP10","LIR-CMOP",100,50000,5,279005,"all",249,400,50000,0.3390748988257862,0.31671180594991,0.3442132952243038,0.3390748988257863,0.3167118059499098,0.3442132952243037,0.3160284460874897,0.3486530453947436,0.3353185085177669,16319,16564,16917,1636,2042,2313,0.1002512408848581,0.1232794011108428,0.1367263699237453,0.6657883448740731,0.6716976575706352,0.7235916533664362,0.9206909152033573,0.8975350896460034,0.9246288367313803,0.8248869005491568,0.860097900923757,0.8438552405271338,0.1065719360568384,0.1143799137712402,0.154627144357568,0.09347218694437388,0.1313666743489283,0.118351701006229,0.7950266429840143,0.7255896525488207,0.8004434589800443,0.5271780543561088,0.6227241299838673,0.644705318639195
"s07_dual_role_credit","Dual-Role-Credit-AOP-v1","LIRCMOP11","LIR-CMOP",100,50000,1,279101,"all",249,400,50000,0.3459579821230086,0.3008803653788836,0.3531616524981079,0.3459579821230084,0.3008803653788837,0.353161652498108,0.3171568266993491,0.3533226196064079,0.3295205536942429,16513,16288,16999,2702,2611,2841,0.1636286562102586,0.1603020628683693,0.1671274780869463,0.483013383394901,0.3703339882121807,0.501323607271016,0.8180649157056524,0.7641316169405308,0.8185180206715753,0.8043694443941191,0.8322631965584327,0.814851018037786,0.1671309192200557,0.1044835868694956,0.1700796359499431,0.1598075218437381,0.2078690015919945,0.1639663783652089,0.7155292479108635,0.6063517480651187,0.7538111490329921,0.2293275927567431,0.1692062770070503,0.2309660129126568
"s07_dual_role_credit","Dual-Role-Credit-AOP-v1","LIRCMOP11","LIR-CMOP",100,50000,2,279102,"all",249,400,50000,0.3461861788490509,0.3069298204734521,0.346884000677497,0.346186178849051,0.3069298204734521,0.3468840006774969,0.316374321842935,0.349964920263223,0.3336607578938423,16495,16367,16938,2738,2726,2897,0.1659896938466202,0.1665546526547321,0.1710355413862321,0.5144589269475599,0.3799107961141321,0.4963395914511749,0.8257648206036104,0.7718188147230985,0.8158703115002932,0.7964706629353738,0.8282554977074125,0.8102291306278401,0.1822717252581506,0.1428010984699882,0.180101922631457,0.1481716607414932,0.1873853211009174,0.1616088631984586,0.7201531500174034,0.6055969661305087,0.731410701876303,0.2893600812595226,0.1819954128440367,0.2519267822736031
"s07_dual_role_credit","Dual-Role-Credit-AOP-v1","LIRCMOP11","LIR-CMOP",100,50000,3,279103,"all",249,400,50000,0.349210234649481,0.3057384655844395,0.3450512997660797,0.349210234649481,0.3057384655844393,0.3450512997660793,0.311803563966114,0.3558369854514521,0.3323594505824339,16450,16484,16866,2431,2511,2635,0.1477811550151976,0.1523295316670711,0.156231471599668,0.6212158054711246,0.3960810482892502,0.5512866121190561,0.8753280160039633,0.7881845787404724,0.8449428161875345,0.8314305701223611,0.893001409026285,0.8615623610805542,0.1481992866183408,0.1131951731374607,0.1559697146185207,0.1473127980409847,0.1860045146726862,0.1565028378215191,0.7230468300540789,0.6002098635886673,0.7132207338380897,0.5071529836319113,0.2204288939051919,0.3834078009902186
"s07_dual_role_credit","Dual-Role-Credit-AOP-v1","LIRCMOP11","LIR-CMOP",100,50000,4,279104,"all",249,400,50000,0.3471270455153382,0.2997323893515456,0.3531405651331161,0.3471270455153382,0.2997323893515458,0.3531405651331163,0.31214452823774,0.3587692842157055,0.3290861875465546,16417,16397,16986,2306,2521,2642,0.1404641530121216,0.1537476367628225,0.1555398563522901,0.4830358774441128,0.3289016283466488,0.4729188743671259,0.8126266289540434,0.7457026009329406,0.8028789316184116,0.814171113099396,0.8435459639563058,0.8261238488033384,0.1606709080393291,0.1135236563463343,0.1743234023197635,0.1179876479670613,0.1873321396598031,0.1353759765625,0.6662810873337189,0.5397399812357593,0.6904707755287696,0.2792074112197633,0.1528648164726947,0.2393798828125
"s07_dual_role_credit","Dual-Role-Credit-AOP-v1","LIRCMOP11","LIR-CMOP",100,50000,5,279105,"all",249,400,50000,0.3471582494934023,0.3028616093116724,0.3499801411949254,0.3471582494934024,0.3028616093116724,0.3499801411949252,0.3167860747612175,0.3510106843958642,0.3322032408429179,16535,16280,16985,2584,2445,2824,0.1562745690958573,0.1501842751842752,0.166264350897851,0.5297853039008165,0.3861179361179361,0.5052104798351487,0.8279166271671637,0.7753980312147728,0.8179856897088795,0.805054020348847,0.8425568882080255,0.8236087396342946,0.1720069404279931,0.1198780002652168,0.1848749139316043,0.1390367553865653,0.1763359652134111,0.1466569943174948,0.7118565644881434,0.5924943641426866,0.728253385356897,0.3302915082382763,0.2080329557157569,0.270221254987305
"s07_dual_role_credit","Dual-Role-Credit-AOP-v1","LIRCMOP12","LIR-CMOP",100,50000,1,279201,"all",249,400,50000,0.3441529101475937,0.3103834485903738,0.3454636412620326,0.3441529101475936,0.310383448590374,0.3454636412620325,0.3221973708530098,0.3514023519513607,0.3264002771956296,16593,16473,16734,3044,2927,2891,0.18345085276924,0.1776846961694895,0.1727620413529342,0.4553727475441451,0.3763127542038487,0.5062746504123342,0.8049269896512881,0.7689507352291508,0.8271151590431175,0.8561352939308419,0.8906816988846773,0.8609922171403698,0.1651108518086348,0.1009316770186335,0.1231109044408277,0.2030412563878848,0.2455117209834191,0.2252828332513527,0.6857642940490082,0.6371635610766045,0.7269239711694955,0.2092733391499439,0.1457975986277873,0.2728726020659125
"s07_dual_role_credit","Dual-Role-Credit-AOP-v1","LIRCMOP12","LIR-CMOP",100,50000,2,279202,"all",249,400,50000,0.3483670398161822,0.3095117285482664,0.3421212316355514,0.3483670398161822,0.3095117285482663,0.3421212316355514,0.3227655475025806,0.3496019605563659,0.3276324919410533,16718,16405,16677,2914,2751,2521,0.1743031463093672,0.1676927765925023,0.1511662769083169,0.4546596482832875,0.3711673270344407,0.4684295736643281,0.8071366194559368,0.7628605273667339,0.8172543693676843,0.8554938742249085,0.8869280225330471,0.8661358631433947,0.1479903259242197,0.0846203763789747,0.1103148496240602,0.2027380211574362,0.241264367816092,0.1937538273116963,0.6634803639295175,0.6111615833874108,0.6816259398496241,0.2289981331673926,0.1586206896551724,0.2461726883037355
"s07_dual_role_credit","Dual-Role-Credit-AOP-v1","LIRCMOP12","LIR-CMOP",100,50000,3,279203,"all",249,400,50000,0.3435954149358211,0.312406460754222,0.3439981243099571,0.343595414935821,0.312406460754222,0.343998124309957,0.3158343035424112,0.3495702875582714,0.3345954088993174,16417,16481,16902,2818,3052,3041,0.1716513370286898,0.1851829379285237,0.1799195361495681,0.4714015959066821,0.3828651174079243,0.4732576026505739,0.8032315285556327,0.7695800041260373,0.8139628242082131,0.8493080866185593,0.8973689630222139,0.8749112096440838,0.1655567239163454,0.1319274784621319,0.1553012610929472,0.1782896411300585,0.2327665441176471,0.2052050851523147,0.704521556256572,0.6375208949466376,0.7231433909388136,0.2174853652328837,0.1553308823529412,0.2165987047253538
"s07_dual_role_credit","Dual-Role-Credit-AOP-v1","LIRCMOP12","LIR-CMOP",100,50000,4,279204,"all",249,400,50000,0.333268486654439,0.3233205384547482,0.3434109748908129,0.3332684866544388,0.323320538454748,0.3434109748908128,0.3231304164437838,0.3616302454775161,0.3152393380787,16353,17055,16392,4209,4397,4090,0.2573839662447258,0.2578129580768103,0.2495119570522206,0.53922827615728,0.4601583113456464,0.6021839921913128,0.8268026837527273,0.7972220310004137,0.8578183307327336,0.8584325267384844,0.9007362025877971,0.8684978955233422,0.3057194461167971,0.2577959995030439,0.3252983852094547,0.2075049701789264,0.2578281145902732,0.1669640581187866,0.7779650812763396,0.7807181016275314,0.8258834542476012,0.2928677932405567,0.1736620031090384,0.3585266377772113
"s07_dual_role_credit","Dual-Role-Credit-AOP-v1","LIRCMOP12","LIR-CMOP",100,50000,5,279205,"all",249,400,50000,0.3417589164847458,0.3131042617087212,0.3451368218065332,0.3417589164847457,0.3131042617087212,0.3451368218065331,0.3236691792652971,0.3587524543510114,0.3175783663836915,16563,16736,16501,3819,3979,3924,0.2305741713457707,0.2377509560229445,0.2378037694685171,0.569522429511562,0.4456261950286807,0.6227501363553724,0.847897495565389,0.7914292154194758,0.8619506182612,0.848371044954837,0.9055104167208161,0.8704180220804258,0.2609308885754584,0.2441681620097411,0.2882421420256112,0.1985102420856611,0.2321468547123349,0.1830362785994185,0.7894922425952046,0.7184055370417841,0.8087310826542491,0.3371818746120422,0.2074098947839713,0.4208064720010112
"s07_dual_role_credit","Dual-Role-Credit-AOP-v1","LIRCMOP13","LIR-CMOP",100,50000,1,279301,"all",249,400,50000,0.3467010818402462,0.304991991610607,0.3483069265491467,0.346701081840246,0.3049919916106071,0.3483069265491467,0.3691575640078159,0.292660372650961,0.3381820633412234,17828,14881,17091,3959,1818,3121,0.2220664123850123,0.122169209058531,0.1826107307939851,0.7191496522324433,0.6687722599287682,0.7722192967058686,0.9088481239732945,0.90872954760609,0.9289541004906637,0.4587795547447825,0.4464323259166406,0.4516784085428205,0.1936305732484077,0.1109794628751975,0.1691083169915792,0.2487762427934298,0.1338366506520247,0.1965091427214438,0.7719745222929937,0.7043180621379673,0.8143961241204292,0.6695311650168606,0.6317089910775566,0.7288055093801947
"s07_dual_role_credit","Dual-Role-Credit-AOP-v1","LIRCMOP13","LIR-CMOP",100,50000,2,279302,"all",249,400,50000,0.3450368420845272,0.3072936723519468,0.3476694855635261,0.3450368420845272,0.3072936723519467,0.3476694855635259,0.3682047257749888,0.2911895291723248,0.3406057450526863,17763,14905,17132,4027,1824,3247,0.2267072003602995,0.1223750419322375,0.1895283679663787,0.7354613522490571,0.6794364307279437,0.7867149194489843,0.9155688895950003,0.9165368477512165,0.9364074223863011,0.4620846402578891,0.4478162765826109,0.4516840068795806,0.203350395532806,0.1142633023924696,0.1785095320623917,0.2486091414857642,0.1309261300992282,0.2007785773268845,0.7847836202885062,0.72192443456661,0.8268053148469093,0.6892113014072215,0.6346471885336273,0.7457827061460423
"s07_dual_role_credit","Dual-Role-Credit-AOP-v1","LIRCMOP13","LIR-CMOP",100,50000,3,279303,"all",249,400,50000,0.3487683646468947,0.3028636348855338,0.3483680004675716,0.3487683646468945,0.3028636348855338,0.3483680004675715,0.3674672047837674,0.2933457889277561,0.3391870062884766,17837,14850,17113,4095,1820,3194,0.2295789650726019,0.1225589225589226,0.1866417343539999,0.7432303638504233,0.6789225589225589,0.7934318938818442,0.9219311551059945,0.9182099586273914,0.9420104694730349,0.4580227347902289,0.4446158126402071,0.4496447834412711,0.2058721934369603,0.110934393638171,0.1748558246828143,0.252076048951049,0.1345653661875428,0.1987445220893047,0.7911341393206678,0.7089463220675944,0.8291810841983852,0.6977709790209791,0.6479123887748117,0.7567215444747127
"s07_dual_role_credit","Dual-Role-Credit-AOP-v1","LIRCMOP13","LIR-CMOP",100,50000,4,279304,"all",249,400,50000,0.3476398306182352,0.303495095247509,0.3488650741342558,0.3476398306182352,0.3034950952475091,0.3488650741342559,0.3649015136157884,0.2958056369728217,0.3392928494113903,17747,14928,17125,3984,1817,3174,0.2244886459683327,0.1217175777063237,0.1853430656934306,0.7344339888431848,0.6827438370846731,0.7861605839416058,0.9170611013875787,0.9109110776747699,0.9345750935357541,0.4622098288881469,0.448638560564657,0.4537533595281057,0.205957053798199,0.1076577172331702,0.1754062463985248,0.2421574023115025,0.1361476856250848,0.1955492424242424,0.7858462248903255,0.714984790371644,0.8289731474011756,0.6854155200880573,0.6496538618162074,0.7421875
"s07_dual_role_credit","Dual-Role-Credit-AOP-v1","LIRCMOP13","LIR-CMOP",100,50000,5,279305,"all",249,400,50000,0.3483407920228786,0.3057140552294965,0.3459451527476249,0.3483407920228786,0.3057140552294967,0.3459451527476251,0.3646600265794269,0.2995001062054053,0.3358398672151674,17738,15077,16985,4141,1911,3117,0.2334536024354493,0.1267493533196259,0.1835148660582867,0.7345247491261698,0.6683027127412615,0.7702090079481896,0.9204039198748976,0.9153930349758168,0.9397483665557053,0.4611977054632855,0.4473998587763374,0.4518486977632634,0.2158946517269262,0.1105567226890756,0.1716703373130868,0.2501927100539588,0.1432783809140866,0.1957406078009093,0.7827191867852605,0.7113970588235294,0.8166222325257911,0.6885805528025548,0.6243130947594157,0.7223019861210817
"s07_dual_role_credit","Dual-Role-Credit-AOP-v1","LIRCMOP14","LIR-CMOP",100,50000,1,279401,"all",249,400,50000,0.3548236937936256,0.2969717297043929,0.3482045765019814,0.354823693793626,0.296971729704393,0.3482045765019814,0.3700823910082267,0.2982971943396399,0.3316204146521336,18052,14832,16916,3890,1546,2707,0.2154885885220474,0.1042340884573894,0.1600260108772759,0.6301240859738533,0.5346548004314995,0.6387443840151336,0.9173117724163424,0.9070044493582541,0.9329475529727483,0.4620564016887334,0.4479389656271449,0.4537604604445878,0.1938186346654591,0.08459459459459459,0.1509172724125995,0.23625122030589,0.123789020452099,0.1695963147048127,0.6929695460206046,0.5541891891891891,0.6905503634475597,0.569909968543226,0.5152045209903121,0.5843132500909202
"s07_dual_role_credit","Dual-Role-Credit-AOP-v1","LIRCMOP14","LIR-CMOP",100,50000,2,279402,"all",249,400,50000,0.3564663804219941,0.2932671316868207,0.3502664878911853,0.3564663804219939,0.2932671316868207,0.3502664878911851,0.36723574602254,0.2964053217109703,0.3363589322664898,18022,14688,17090,3821,1524,2834,0.2120186438797026,0.1037581699346405,0.1658279695728496,0.618854733103984,0.5179057734204793,0.633294324166179,0.9168709540327908,0.9029348659173102,0.9338447912921924,0.4611269105636822,0.4477746872614709,0.4526352783801484,0.1912426834759118,0.08437200383509108,0.1544463568559954,0.2322171153425257,0.1229186408555571,0.1776716417910448,0.6898919405673121,0.5454047390768388,0.6909925415949513,0.549792077040928,0.4907269527548396,0.5732537313432836
"s07_dual_role_credit","Dual-Role-Credit-AOP-v1","LIRCMOP14","LIR-CMOP",100,50000,3,279403,"all",249,400,50000,0.3553183740815923,0.2993979055334268,0.345283720384981,0.3553183740815924,0.2993979055334268,0.3452837203849811,0.3697543474367049,0.2920549307989562,0.3381907217643388,18045,14727,17028,3849,1502,2784,0.2133000831255195,0.1019895430162287,0.1634954193093728,0.6201717927403713,0.533781489780675,0.6286704251820531,0.9223198164253068,0.9157581363885704,0.9382035046838549,0.4605313195286161,0.4469228094605505,0.4525396834989872,0.1927165799592852,0.08826291079812207,0.145414390328955,0.2330761708138651,0.1160616061606161,0.1819584569732938,0.6928296765437684,0.5550637156270959,0.6813902127164942,0.5503640117353037,0.511963696369637,0.5748367952522255
"s07_dual_role_credit","Dual-Role-Credit-AOP-v1","LIRCMOP14","LIR-CMOP",100,50000,4,279404,"all",249,400,50000,0.3573397277782168,0.294485329316845,0.3481749429049381,0.3573397277782169,0.2944853293168453,0.3481749429049381,0.3707318925563718,0.2961260061691393,0.3331421012744892,18120,14713,16967,3929,1573,2823,0.216832229580574,0.1069122544688371,0.1663817999646372,0.6306291390728477,0.5239584041323999,0.6384746861554783,0.9213204235271067,0.9108471756086367,0.9380000360050414,0.4602405479174643,0.4464892071953995,0.4520328997557477,0.1915851051861852,0.08805888767720829,0.1568876080691643,0.241143971400715,0.1256608377389183,0.1763145200192957,0.6986162672966588,0.5466194111232279,0.6855331412103747,0.5651608709782255,0.5014233428222855,0.5892426435118187
"s07_dual_role_credit","Dual-Role-Credit-AOP-v1","LIRCMOP14","LIR-CMOP",100,50000,5,279405,"all",249,400,50000,0.353718814419045,0.2985798932883704,0.3477012922925847,0.3537188144190448,0.2985798932883703,0.3477012922925846,0.3719100191939737,0.2950508643668168,0.3330391164392091,18066,14773,16961,3870,1580,2714,0.2142145466622385,0.106951871657754,0.1600141501090737,0.621111480128418,0.5398361876396128,0.6416484877070927,0.9111179991567591,0.9036368640174259,0.9341588323914568,0.4616685913884581,0.4477365280616711,0.4530170610512367,0.1851935960031793,0.09188752858872595,0.1452655889145497,0.2418187709255859,0.1222070844686649,0.1754005541501024,0.6939934143295107,0.5701600968653303,0.7009237875288684,0.5517874500486014,0.5091280653950954,0.5798096614865679
"s07_dual_role_credit","Dual-Role-Credit-AOP-v1","LIRCMOP1","LIR-CMOP",100,50000,1,278101,"all",249,400,50000,0.364004928881471,0.3182892630196947,0.3177058080988343,0.3640049288814715,0.3182892630196946,0.3177058080988344,0.3047685176114581,0.3767944902678529,0.3184369921206884,16644,17315,15841,1449,1869,1023,0.08705839942321557,0.1079410915391279,0.06457925636007827,0.02108868060562365,0.01357204735778227,0.005113313553437283,0.7736686086741998,0.7644864465034809,0.7522699769740279,0.6983990816885144,0.7263958339559123,0.6946314820980407,0.07660044150110375,0.03794755421079173,0.03641881638846738,0.09955168776371308,0.1671107321752105,0.09265095172066053,0.03874172185430463,0.02962682803832577,0.01024279210925645,0,0,0
"s07_dual_role_credit","Dual-Role-Credit-AOP-v1","LIRCMOP1","LIR-CMOP",100,50000,2,278102,"all",249,400,50000,0.3633248426624574,0.3175494878670084,0.3191256694705341,0.3633248426624575,0.3175494878670084,0.3191256694705341,0.3060123123987515,0.3714293070590334,0.3225583805422154,16656,17161,15983,1595,1718,1097,0.09576128722382325,0.100110716158732,0.06863542513921041,0.03674351585014409,0.01922964862187518,0.01195019708440218,0.7797794743180768,0.7928006841036451,0.7762413198533982,0.702937391692911,0.7381473965263761,0.7085484406848687,0.09026548672566372,0.03705108750632271,0.04250503018108652,0.1022846638655462,0.1540041067761807,0.09450877848337691,0.06769911504424779,0.0417298937784522,0.02401911468812877,0,0,0
"s07_dual_role_credit","Dual-Role-Credit-AOP-v1","LIRCMOP1","LIR-CMOP",100,50000,3,278103,"all",249,400,50000,0.3623699051605623,0.3167566749115006,0.3208734199279371,0.3623699051605622,0.3167566749115006,0.320873419927937,0.3080173037722573,0.3691672975668296,0.322815398660913,16694,17082,16024,1507,1661,1165,0.09027195399544746,0.09723685751083011,0.07270344483275087,0.03102911225590032,0.01645006439526988,0.01092111832251623,0.8044304288877935,0.7982957556896721,0.7841176846762573,0.6998472074827414,0.7289289825197016,0.6978165075631295,0.07776669990029911,0.03628520680030449,0.04642723063446377,0.1049954349810878,0.1494565217391304,0.09884227561309598,0.05738340533953695,0.03565085003806141,0.02189963709172819,0,0,0
"s07_dual_role_credit","Dual-Role-Credit-AOP-v1","LIRCMOP1","LIR-CMOP",100,50000,4,278104,"all",249,400,50000,0.3590566816205937,0.320850171677014,0.3200931467023925,0.3590566816205939,0.3208501716770142,0.3200931467023921,0.314037027980345,0.3713029922537395,0.314659979765916,16757,17235,15808,1559,1874,1077,0.0930357462552963,0.1087322309254424,0.06813006072874495,0.01838037834934654,0.01218450826805918,0.006199392712550608,0.7742592503581325,0.7668764864420964,0.756342944662849,0.6883313595502427,0.7178531219637804,0.6845192234985537,0.07150850492390332,0.0372826222945077,0.04027098231087693,0.1176320163661936,0.1705258602034192,0.09646548424141892,0.03446732318710832,0.02614787939447016,0.01229456780830511,0,0.000108201687946332,0
"s07_dual_role_credit","Dual-Role-Credit-AOP-v1","LIRCMOP1","LIR-CMOP",100,50000,5,278105,"all",249,400,50000,0.3631497954013438,0.3173158552316975,0.3195343493669587,0.3631497954013438,0.3173158552316975,0.3195343493669586,0.3034806953148083,0.3738463615574265,0.3226729431277657,16592,17211,15997,1457,1835,1195,0.08781340405014465,0.1066178606705014,0.07470150653247484,0.02507232401157184,0.01353785369821626,0.00731387135087829,0.7546548781314176,0.7565520824974474,0.7362843697026181,0.6975662568479857,0.7240025481407336,0.6956926764538475,0.07973017803826164,0.03542061986084757,0.04514587525150905,0.09749635713339515,0.1670964968837309,0.1039154754505904,0.045781267278558,0.02947501581277672,0.01471327967806841,0.0002649357530798781,0,0
"s07_dual_role_credit","Dual-Role-Credit-AOP-v1","LIRCMOP2","LIR-CMOP",100,50000,1,278201,"all",249,400,50000,0.3630572847661552,0.3132941260542993,0.3236485891795453,0.3630572847661553,0.3132941260542993,0.3236485891795456,0.2965361059567708,0.3761330575810962,0.327330836462133,16435,17159,16206,1469,2033,1343,0.08938241557651354,0.1184800979078035,0.08287054177465136,0.01375114085792516,0.006294073081181887,0.005121559916080464,0.8145905335400381,0.7634592412000319,0.7781901285570546,0.7050258161843058,0.7330675831266867,0.7028305360802173,0.06514766065700697,0.02152466367713005,0.03439284827414949,0.1190154179064106,0.1993799444088091,0.130765456329735,0.02466541311801792,0.01383728379244074,0.01030543829153216,0.0004057343792263998,0,0
"s07_dual_role_credit","Dual-Role-Credit-AOP-v1","LIRCMOP2","LIR-CMOP",100,50000,2,278202,"all",249,400,50000,0.3582223525433953,0.32463048958824,0.3171471578683649,0.3582223525433954,0.3246304895882397,0.3171471578683648,0.2879673171557971,0.3860527121856274,0.3259799706585756,16095,17698,16007,1329,2087,1210,0.08257222739981361,0.1179229291445361,0.07559192853126757,0.03516620068344206,0.01559498248389649,0.01305678765540076,0.7690948888629326,0.7676537339267934,0.7513558785471567,0.7241734329768209,0.7866521641729509,0.7402809708716843,0.08205358143705863,0.02944087085601188,0.04141861937935402,0.08321717312517424,0.1923236946120241,0.1088510848126233,0.06333370698352203,0.03414151410192974,0.02647245091830272,0.0001393922497909116,0,0
"s07_dual_role_credit","Dual-Role-Credit-AOP-v1","LIRCMOP2","LIR-CMOP",100,50000,3,278203,"all",249,400,50000,0.3664430382416731,0.3134363018533161,0.3201206599050109,0.3664430382416732,0.3134363018533162,0.320120659905011,0.2950066331300691,0.3789875031811573,0.3260058636887735,16477,17236,16087,1433,2054,1239,0.08696971536080597,0.1191691807844047,0.07701871076024119,0.02421557322328094,0.01421443490368995,0.009137813141045564,0.8249726194425303,0.7688447191962738,0.7853317246416701,0.7146278234123635,0.7543071088708869,0.7165758820972683,0.06925268463730003,0.03280369041517171,0.03237139272271016,0.1089647666984084,0.1906276505513147,0.120857459652581,0.04361165899627438,0.0313941568426448,0.01831869510664994,0.000136035913481159,0,0.0001231982259455464
"s07_dual_role_credit","Dual-Role-Credit-AOP-v1","LIRCMOP2","LIR-CMOP",100,50000,4,278204,"all",249,400,50000,0.3606895649042574,0.3169992718019646,0.3223111632937781,0.3606895649042576,0.3169992718019647,0.322311163293778,0.2981463401262004,0.3782899598460539,0.3235637000277459,16403,17314,16083,1502,2130,1272,0.09156861549716515,0.1230218320434331,0.07908972206677858,0.01646040358471012,0.009991914057987756,0.005782503264316359,0.8281296014812296,0.78353605142829,0.7949768221459362,0.6987231279867431,0.7330710231270637,0.6991357648653814,0.06335597372230264,0.02571573346845706,0.03264797507788162,0.1257073565076799,0.2045647558386412,0.1253412757508066,0.03006346731989756,0.02191537876868508,0.01146417445482866,0,0,0.0001241002730206007
"s07_dual_role_credit","Dual-Role-Credit-AOP-v1","LIRCMOP2","LIR-CMOP",100,50000,5,278205,"all",249,400,50000,0.3636533177181747,0.3161115364600842,0.3202351458217412,0.3636533177181748,0.3161115364600844,0.3202351458217411,0.2815705464654672,0.3892941170546773,0.3291353364798558,16059,17573,16168,1014,2050,1171,0.06314216327293107,0.1166562339953337,0.07242701632855023,0.02322685098698549,0.01223467819951061,0.006061355764473034,0.8011516683813145,0.7622557024315896,0.7658547999756956,0.7018329591242917,0.7576723413772507,0.7142980615467903,0.06573859242072699,0.02932960893854749,0.03624733475479744,0.05978881278538813,0.18758378880066,0.1076266015863331,0.04110043089161419,0.02729812087353987,0.01204063715038254,0.0001426940639269406,0,0.0002440512507626602
"s07_dual_role_credit","Dual-Role-Credit-AOP-v1","LIRCMOP3","LIR-CMOP",100,50000,1,278301,"all",249,400,50000,0.3990424764760434,0.2822928795174544,0.3186646440065022,0.3990424764760434,0.2822928795174544,0.3186646440065024,0.2845045994229608,0.3888984233351174,0.3265969772419223,17021,16706,16073,1369,2148,1156,0.08043005698842606,0.1285765593200048,0.07192185652958377,0.02179660419481817,0.0121513228780079,0.00479064269271449,0.7461387169743317,0.5862092638170685,0.6514836219045643,0.6919678484231769,0.732785201021412,0.6947812708256996,0.08122798188223453,0.02820111095285572,0.03172205438066465,0.07931131809201242,0.2013422818791946,0.1112067905031369,0.03734272773024661,0.02891326021934197,0.009692849949647532,0,0,0
"s07_dual_role_credit","Dual-Role-Credit-AOP-v1","LIRCMOP3","LIR-CMOP",100,50000,2,278302,"all",249,400,50000,0.3881293094862898,0.2867601839337557,0.3251105065799546,0.3881293094862898,0.2867601839337557,0.3251105065799548,0.2957897485479112,0.3789722087245346,0.3252380427275539,17036,16561,16203,1567,2097,1294,0.09198168584174689,0.1266227884789566,0.07986175399617355,0.02095562338577131,0.01352575327576837,0.006974017157316546,0.751666159159989,0.6110952392104703,0.6737784343974142,0.7013184850067351,0.7349884250274579,0.7003554460812024,0.07853078116916709,0.03127191137287898,0.03886969397828233,0.1096187762854429,0.1987274655355249,0.1208791208791209,0.03693740300051733,0.03141214415930445,0.01394373149062192,0,0,0
"s07_dual_role_credit","Dual-Role-Credit-AOP-v1","LIRCMOP3","LIR-CMOP",100,50000,3,278303,"all",249,400,50000,0.401472173116353,0.2802250005347323,0.3183028263489147,0.4014721731163531,0.2802250005347321,0.3183028263489147,0.3006233975158599,0.3789278149614712,0.3204487875226685,17481,16415,15904,1946,2257,1281,0.1113208626508781,0.1374961925068535,0.08054577464788733,0.04130198501229907,0.02461163569905574,0.01043762575452716,0.7544442480025338,0.5858091310341569,0.664864222069302,0.6752585954517911,0.7142516399395102,0.6768037555663221,0.09500950095009501,0.03568357695614789,0.03571879338634356,0.1331194867682438,0.2127794850058281,0.1250469865931587,0.07210721072107211,0.05789624534250502,0.02082544490723211,0.0001336541031809677,0,0.0001252975817566721
"s07_dual_role_credit","Dual-Role-Credit-AOP-v1","LIRCMOP3","LIR-CMOP",100,50000,4,278304,"all",249,400,50000,0.3810387818418363,0.2905295024899161,0.3284317156682476,0.3810387818418364,0.2905295024899162,0.3284317156682477,0.2820338582783425,0.3919606911677204,0.3260054505539373,16513,16996,16291,1459,2252,1372,0.08835462968570218,0.132501765121205,0.08421828003191946,0.05286743777629746,0.03618498470228289,0.04671290896814192,0.7432198404285463,0.6125424685714076,0.6714629178186877,0.687587321662148,0.7416470982681665,0.698702299521113,0.09829329962073324,0.03719579646017699,0.05760763209393346,0.07491810283435409,0.2030929946743138,0.1110289587184227,0.09197218710493046,0.0850387168141593,0.09307729941291586,0,0,0
"s07_dual_role_credit","Dual-Role-Credit-AOP-v1","LIRCMOP3","LIR-CMOP",100,50000,5,278305,"all",249,400,50000,0.3835806201104089,0.2967860138488267,0.3196333660407644,0.3835806201104089,0.2967860138488266,0.3196333660407645,0.2802853873539517,0.3913628231488342,0.3283517894972139,16529,17117,16154,1267,2185,1181,0.07665315506080222,0.1276508734007127,0.07310882753497586,0.02776937503781233,0.01267745516153532,0.005818992200074285,0.7446290993524796,0.6243104783962162,0.6737094166826173,0.696057008047499,0.7391817311250284,0.7034120563776114,0.08090851999162654,0.03020043336944745,0.03240391861341371,0.07082437275985663,0.2015822459673277,0.1126708984375,0.04804270462633452,0.02938786565547129,0.01180607887465461,0,0,0
"s07_dual_role_credit","Dual-Role-Credit-AOP-v1","LIRCMOP4","LIR-CMOP",100,50000,1,278401,"all",249,400,50000,0.4023092102144946,0.2776192033316999,0.3200715864538055,0.4023092102144947,0.2776192033317,0.3200715864538055,0.2858773916015231,0.3886574220316128,0.3254651863668646,17140,16585,16075,1472,2273,1252,0.08588098016336056,0.1370515526077781,0.07788491446345257,0.03208868144690782,0.01736508893578535,0.008895800933125971,0.737695229736703,0.5706795140292159,0.6423940290440342,0.6945679714778286,0.7517820027636504,0.7079917457642573,0.08573709951092924,0.03516642547033285,0.03738552251913185,0.08608341525066704,0.2098191214470284,0.1177196446199408,0.054795887813155,0.04167872648335745,0.01794003261824112,0.0001404297149276787,0,0
"s07_dual_role_credit","Dual-Role-Credit-AOP-v1","LIRCMOP4","LIR-CMOP",100,50000,2,278402,"all",249,400,50000,0.4072753758656261,0.2732187707349419,0.319505853399432,0.407275375865626,0.2732187707349421,0.3195058533994323,0.2853931449487961,0.3852933011861924,0.3293135538650115,17251,16393,16156,1449,2164,1316,0.08399513071705988,0.1320075642042335,0.08145580589254767,0.03460668946727726,0.01872750564265235,0.008294132210943302,0.7512106063224206,0.5707507841410704,0.6480931147501756,0.6952776044297766,0.7551560810822909,0.7074959354315068,0.08299655002464268,0.03601881799470744,0.03860178548975229,0.08542077117928511,0.2000834115316442,0.1230037791052054,0.05884672252341055,0.0451337841811232,0.01684898780334465,0,0,0
"s07_dual_role_credit","Dual-Role-Credit-AOP-v1","LIRCMOP4","LIR-CMOP",100,50000,3,278403,"all",249,400,50000,0.370275653445322,0.3072796852723932,0.3224446612822847,0.3702756534453219,0.3072796852723934,0.3224446612822848,0.3007950735912089,0.3751355990057562,0.3240693274030349,16709,16998,16093,1868,2118,1367,0.1117960380633192,0.1246028944581715,0.08494376436960169,0.03836255909988629,0.02000235321802565,0.01541042689368048,0.7500440567340853,0.6715886954715923,0.7070373489343428,0.6975630755599463,0.7413582429172587,0.7046734932580822,0.09454624308793234,0.031486804285341,0.0439985043001371,0.1330483569329415,0.2008775684931507,0.1256505576208178,0.06950016263688605,0.04442121766396655,0.03091113049981304,0,0,0
"s07_dual_role_credit","Dual-Role-Credit-AOP-v1","LIRCMOP4","LIR-CMOP",100,50000,4,278404,"all",249,400,50000,0.3711776274383558,0.3051701292517892,0.3236522433098551,0.3711776274383556,0.3051701292517891,0.3236522433098552,0.2970268303102142,0.3798346286253949,0.3231385410643913,16645,17062,16093,1646,2265,1347,0.09888855512165816,0.1327511428906342,0.0837009880072081,0.02403124061279664,0.01189778455046302,0.008326601628037035,0.7589633622207973,0.6584912557349787,0.7019203850043751,0.701326165671656,0.7356620412392424,0.7030916292584128,0.07678165891640532,0.02944269190325973,0.03691733996270976,0.1265206812652068,0.2158874550454834,0.1304671968190855,0.04325727262896074,0.02668243953732913,0.01665630826600373,0,0,0
"s07_dual_role_credit","Dual-Role-Credit-AOP-v1","LIRCMOP4","LIR-CMOP",100,50000,5,278405,"all",249,400,50000,0.356591233144366,0.3156069385967677,0.3278018282588663,0.3565912331443661,0.3156069385967678,0.3278018282588665,0.3087239685872243,0.3691172535799411,0.3221587778328345,16561,17052,16187,1887,2049,1471,0.1139423947829237,0.1201618578465869,0.0908753938345586,0.0391884548034539,0.03829462819610603,0.03249521220732687,0.7519735356325589,0.6935859920170869,0.72091951988628,0.7055834048408758,0.7429920154642756,0.7092154982713483,0.08213159080666967,0.03306205493387589,0.04987745098039216,0.150683148991542,0.1947104919460166,0.1325526348573564,0.07311852185669221,0.08303662258392676,0.0644607843137255,0,0,0
"s07_dual_role_credit","Dual-Role-Credit-AOP-v1","LIRCMOP5","LIR-CMOP",100,50000,1,278501,"all",249,400,50000,0.3444777275250162,0.3166491732376183,0.3388730992373655,0.3444777275250164,0.3166491732376185,0.3388730992373654,0.3425499814538804,0.3311377589735113,0.3263122595726085,17106,16124,16570,1975,1130,1394,0.1154565649479715,0.07008186554204912,0.08412794206397103,0.4812931135274173,0.3932026792359216,0.4735666867833434,0.9754197775840893,0.9702477941051928,0.9754177890184805,0.7259180360266914,0.7476759840066185,0.722605024754401,0.08580088598740965,0.04946100190234623,0.06447789498636956,0.1452861163227017,0.08981672533074402,0.1045124800196729,0.4897411984145488,0.4114140773620799,0.4732724902216427,0.4727954971857411,0.375773758951329,0.4738718799950818
"s07_dual_role_credit","Dual-Role-Credit-AOP-v1","LIRCMOP5","LIR-CMOP",100,50000,2,278502,"all",249,400,50000,0.3520177337959689,0.3090302260235845,0.3389520401804465,0.3520177337959692,0.3090302260235844,0.3389520401804467,0.3392839751943454,0.3406418438245048,0.3200741809811499,17202,16188,16410,2048,1390,1332,0.1190559237297989,0.08586607363479121,0.08117001828153565,0.566736425996977,0.4607734124042501,0.5654478976234004,0.979260292610681,0.9704846600369689,0.9781967085077193,0.7543540818986499,0.7797367143613461,0.7526496861059943,0.07435750999428897,0.03361017389047496,0.04787297073112928,0.1653841600568249,0.1333411931148314,0.1164220298582361,0.5319246145059966,0.4044900077861407,0.4991112691077142,0.6028175683674677,0.5119075689695827,0.6356793375987956
"s07_dual_role_credit","Dual-Role-Credit-AOP-v1","LIRCMOP5","LIR-CMOP",100,50000,3,278503,"all",249,400,50000,0.3524626669716004,0.310432199578593,0.3371051334498065,0.3524626669716001,0.3104321995785932,0.3371051334498064,0.3306157283947136,0.3435815262859663,0.3258027453193201,17026,16279,16495,1880,1387,1415,0.1104193586279807,0.08520179372197309,0.08578357077902395,0.6606366733231528,0.5564223846673628,0.6497120339496817,0.9838322166844171,0.9781774162976377,0.9832482445406917,0.7479369383936694,0.7831300943890879,0.7522262221342135,0.09089874857792947,0.04233009708737864,0.05664877757901014,0.1312530354541039,0.1239186345569324,0.1159062885326757,0.6480091012514221,0.5159870550161813,0.6050089445438283,0.6741136474016513,0.5929389759176993,0.6959309494451295
"s07_dual_role_credit","Dual-Role-Credit-AOP-v1","LIRCMOP5","LIR-CMOP",100,50000,4,278504,"all",249,400,50000,0.3503030045855479,0.3102959938051605,0.3394010016092917,0.3503030045855479,0.3102959938051605,0.3394010016092914,0.3304843543032551,0.3455646474695019,0.3239509982272433,16950,16327,16523,1812,1385,1388,0.1069026548672566,0.08482881117167881,0.08400411547539793,0.5392330383480826,0.4447847124395173,0.5321672819705865,0.9786350865747744,0.9749224763935482,0.978886017205136,0.7427224894052513,0.7938506405336847,0.7535342367122196,0.07991286402201329,0.05203883495145631,0.06317283804566426,0.1355128828390861,0.1142757498256219,0.1058240396530359,0.5368034854391195,0.424336569579288,0.5077487282621554,0.5418084589207584,0.4631481050918391,0.5577447335811648
"s07_dual_role_credit","Dual-Role-Credit-AOP-v1","LIRCMOP5","LIR-CMOP",100,50000,5,278505,"all",249,400,50000,0.3283737745244438,0.3379691640743184,0.3336570614012379,0.3283737745244438,0.3379691640743183,0.333657061401238,0.3311805925888309,0.3393797564923606,0.3294396509188083,16417,16870,16513,2046,1713,1608,0.1246269111287081,0.1015411973918198,0.09737782353297401,0.4246817323506122,0.4825726141078838,0.4615757282141343,0.9732509851112841,0.979195636139922,0.976984429149514,0.7544749336337866,0.8162395787088633,0.7821961395214411,0.08586105675146771,0.08557166627050154,0.07882069795427196,0.1630870040043684,0.1174314096499527,0.1161770084115567,0.4804305283757339,0.5375564535298313,0.5032490974729242,0.3693726489503701,0.4278618732261116,0.4193587711812751
"s07_dual_role_credit","Dual-Role-Credit-AOP-v1","LIRCMOP6","LIR-CMOP",100,50000,1,278601,"all",249,400,50000,0.3614341063830341,0.3043095034257574,0.3342563901912086,0.361434106383034,0.3043095034257573,0.3342563901912086,0.3288363760502757,0.3492936599120747,0.3218699640376496,17198,16272,16330,1696,1258,1127,0.09861611815327363,0.07731071779744346,0.06901408450704226,0.6110594255145947,0.4325221238938053,0.5500918554807104,0.9805824469140971,0.9699911279489455,0.9766585041411514,0.7569823763018317,0.8445858284298463,0.7872974241569977,0.07026307026307026,0.05054771017553121,0.05039692085638682,0.129808279399194,0.1006325474410581,0.08832335329341318,0.6636696636696636,0.4496502573577933,0.5687996151070484,0.5531810965929906,0.4175963197239793,0.530688622754491
"s07_dual_role_credit","Dual-Role-Credit-AOP-v1","LIRCMOP6","LIR-CMOP",100,50000,2,278602,"all",249,400,50000,0.3481645383121477,0.3118121377728281,0.3400233239150242,0.3481645383121477,0.3118121377728282,0.340023323915024,0.3362361665681904,0.3440679662367287,0.319695867195081,17047,16329,16424,1864,1440,1242,0.109344752742418,0.08818666176740768,0.07562104237700926,0.6062650319704347,0.4771878253414171,0.5888943010228933,0.980620248799642,0.9734910317596166,0.9798442912050546,0.7533670220046361,0.8025854654396748,0.7636702446107685,0.0744202146071305,0.05385209997423344,0.05406681619643489,0.1454653937947494,0.1192949690673515,0.09857915252106124,0.59316949348102,0.469208966761144,0.5719513634753867,0.6198090692124105,0.4844169487568577,0.6069407770652584
"s07_dual_role_credit","Dual-Role-Credit-AOP-v1","LIRCMOP6","LIR-CMOP",100,50000,3,278603,"all",249,400,50000,0.3345078878404906,0.3302398817021285,0.3352522304573809,0.3345078878404906,0.3302398817021284,0.3352522304573805,0.3278593091918016,0.3477616928130638,0.3243789979951344,16488,16882,16430,1720,1489,1390,0.1043182920912179,0.08820045018362753,0.08460133901399879,0.50891557496361,0.4904632152588556,0.5157638466220329,0.9739046401393686,0.9737615910423051,0.9747511888519437,0.7490973980772334,0.8312946634869098,0.7818221690376704,0.07448342143200384,0.07040369649805447,0.07255747126436782,0.1347378735913768,0.1051051051051051,0.09705372616984402,0.5409658817876021,0.543044747081712,0.5460967432950191,0.4762371386575208,0.4405174405174405,0.4844020797227037
"s07_dual_role_credit","Dual-Role-Credit-AOP-v1","LIRCMOP6","LIR-CMOP",100,50000,4,278604,"all",249,400,50000,0.3490381415827222,0.312684931604342,0.3382769268129359,0.3490381415827224,0.3126849316043418,0.3382769268129359,0.3318440260161681,0.3470829222681992,0.3210730517156323,16956,16425,16419,1762,1406,1258,0.1039160179287568,0.08560121765601218,0.0766185516779341,0.6362349610757254,0.5145205479452055,0.6188562031792436,0.9821078126594593,0.9753943326736019,0.9809711885857489,0.7715651076117148,0.8281570530614905,0.7898151086476892,0.07723296500920811,0.05320652872381442,0.05954216581662911,0.1319545234639574,0.1147616844053679,0.09464196294441662,0.6248848987108656,0.5049479501349441,0.5928122405408611,0.6481615868408321,0.52313743637205,0.6463445167751627
"s07_dual_role_credit","Dual-Role-Credit-AOP-v1","LIRCMOP6","LIR-CMOP",100,50000,5,278605,"all",249,400,50000,0.331886071229939,0.3351148296793109,0.3329990990907499,0.3318860712299388,0.3351148296793111,0.3329990990907499,0.3261867314280899,0.346436840805635,0.3273764277662751,16385,16969,16446,1932,1726,1573,0.1179127250534025,0.10171489186163,0.09564635777696705,0.4588342996643271,0.5111084919559196,0.4933722485710811,0.9729300947628161,0.9772362146135916,0.9750378467837532,0.7314173591398869,0.7898041945042821,0.7495754432622744,0.08188195452346396,0.07009345794392523,0.06770456191165822,0.1546137735616607,0.1323205380957903,0.1240196078431373,0.5030237058538946,0.5450515216870357,0.5183441950277576,0.4138228409510903,0.4782558274382466,0.4680147058823529
"s07_dual_role_credit","Dual-Role-Credit-AOP-v1","LIRCMOP7","LIR-CMOP",100,50000,1,278701,"all",249,400,50000,0.3479828400440526,0.3152641526013496,0.3367530073545978,0.3479828400440525,0.3152641526013495,0.3367530073545977,0.3493428495009995,0.3310841362600239,0.3195730142389771,17373,16090,16337,2101,1067,1270,0.1209347838600127,0.06631448104412678,0.07773765073146845,0.2847522016922811,0.2239279055313859,0.2963212340086919,0.9655141528996026,0.9585600178379858,0.9651435939292385,0.7234137580676265,0.7388636854713693,0.7097997171107771,0.06937550502135519,0.02904458598726115,0.04602360796470729,0.1722158438576349,0.1018203883495146,0.1111949685534591,0.3274847050675286,0.252484076433121,0.3132228448789794,0.2422502870264064,0.1967233009708738,0.2784905660377359
"s07_dual_role_credit","Dual-Role-Credit-AOP-v1","LIRCMOP7","LIR-CMOP",100,50000,2,278702,"all",249,400,50000,0.3567672680918064,0.3102613850269018,0.332971346881292,0.3567672680918061,0.3102613850269017,0.332971346881292,0.3416090888522071,0.3382704287965054,0.3201204823512876,17394,16144,16262,2012,1180,1284,0.1156720708290215,0.07309217046580772,0.07895707785020292,0.4315856042313441,0.2974479682854311,0.4020415693026688,0.9727056266635759,0.9648253812028623,0.9710800747629147,0.7600477339064737,0.8018864779356635,0.7626758809028662,0.07452437239671282,0.03146445681729898,0.04858934169278997,0.1586182587240042,0.111269445434034,0.1105672690763052,0.4399414612180569,0.3110190340541241,0.3771401012780323,0.4228645282575491,0.2850017812611329,0.4279618473895582
"s07_dual_role_credit","Dual-Role-Credit-AOP-v1","LIRCMOP7","LIR-CMOP",100,50000,3,278703,"all",249,400,50000,0.3552237260121089,0.3055674460190735,0.3392088279688175,0.3552237260121092,0.3055674460190737,0.3392088279688174,0.3561478198609618,0.3218176694709969,0.3220345106680417,17714,15618,16468,2444,1107,1537,0.1379699672575364,0.07087975412985018,0.09333252368229293,0.2752060517105114,0.193622742988859,0.2689458343453972,0.9605552874672466,0.9494377428825611,0.9585796147440638,0.7541657039838835,0.7454767220350076,0.7275816351742672,0.06986998304126625,0.02549947423764459,0.05374689238783,0.205885669184801,0.1139825218476904,0.1350205710011221,0.3390616167326173,0.2242376445846477,0.3068545045578312,0.2115232833464878,0.1645443196004994,0.229023812492208
"s07_dual_role_credit","Dual-Role-Credit-AOP-v1","LIRCMOP7","LIR-CMOP",100,50000,4,278704,"all",249,400,50000,0.3556274800970817,0.3091794419680603,0.335193077934858,0.3556274800970819,0.3091794419680603,0.3351930779348579,0.3404908425959464,0.3353096120415974,0.324199545362456,17333,16049,16418,1977,1211,1397,0.114059885767034,0.07545641472988972,0.08508953587525886,0.3972768707090521,0.3233846345566702,0.3906687781703009,0.9720477157217302,0.9651962915537031,0.9701197890401905,0.7430627840034481,0.7657371072326143,0.7392262392211221,0.06810481138468488,0.03026367060657228,0.0498382652449982,0.1620474112513268,0.117125748502994,0.1215462767934581,0.3940591822904902,0.2757500974152488,0.3495866778483288,0.4006368675551362,0.3673053892215569,0.4331557427828026
"s07_dual_role_credit","Dual-Role-Credit-AOP-v1","LIRCMOP7","LIR-CMOP",100,50000,5,278705,"all",249,400,50000,0.3542492785789332,0.3104258963734086,0.3353248250476581,0.3542492785789333,0.3104258963734086,0.3353248250476583,0.3444050845792003,0.3304675579580637,0.3251273574627357,17400,15956,16444,2189,1258,1501,0.1258045977011494,0.07884181499122588,0.09127949404037947,0.3880459770114942,0.3326648282777638,0.3905983945512041,0.970729438821716,0.9646382878137878,0.9695477183434109,0.7546394783693146,0.7678524001393007,0.7483002074684022,0.06982543640897755,0.03028734144447321,0.04932950191570881,0.1833760783399394,0.1244228432563791,0.1345773603559071,0.3795057810020404,0.2725860730002589,0.3370450191570881,0.3968290976917697,0.3890643985419198,0.4458724666337123
"s07_dual_role_credit","Dual-Role-Credit-AOP-v1","LIRCMOP8","LIR-CMOP",100,50000,1,278801,"all",249,400,50000,0.349451463167928,0.3145027777427847,0.3360457590892874,0.349451463167928,0.3145027777427846,0.3360457590892874,0.3511358739545762,0.3275359438915216,0.3213281821539028,17448,15997,16355,2232,1058,1382,0.1279229711141678,0.06613740076264299,0.08450015285845307,0.3049060064190738,0.2396699381133963,0.3055334760012229,0.9681890173010023,0.9651308817827629,0.9671845166602924,0.7462240270668636,0.766404084300489,0.7384462567397473,0.07266038169694182,0.02819596835927533,0.05212816834050694,0.1828571428571429,0.1025861012378968,0.1183831810787136,0.3500804782708669,0.2661393212554223,0.3226924916307987,0.26,0.214241941414389,0.2875735202102365
"s07_dual_role_credit","Dual-Role-Credit-AOP-v1","LIRCMOP8","LIR-CMOP",100,50000,2,278802,"all",249,400,50000,0.346998834280792,0.3152135815785349,0.3377875841406731,0.3469988342807922,0.3152135815785347,0.3377875841406733,0.3478652122162507,0.333567079783204,0.3185677080005456,17306,16151,16343,2057,1102,1296,0.118860510805501,0.06823106928363569,0.07930000611882763,0.3409800069340113,0.2738530121973872,0.3425319708743805,0.9682785188858507,0.9642794689781315,0.9678783704916814,0.7484746530303882,0.7782185998799218,0.7456723978926875,0.06955213516954056,0.02917197452229299,0.05089784754429778,0.1680323139065205,0.1051680520419227,0.1094025712125031,0.3614165027195926,0.2843312101910828,0.3479605184920918,0.320600115406809,0.263944103120106,0.3367784219813461
"s07_dual_role_credit","Dual-Role-Credit-AOP-v1","LIRCMOP8","LIR-CMOP",100,50000,3,278803,"all",249,400,50000,0.3593172106216851,0.3075270385717747,0.3331557508065405,0.3593172106216846,0.3075270385717747,0.3331557508065404,0.3159400636663451,0.3623136709944575,0.3217462653391971,16809,16685,16306,1383,1747,1151,0.08227735141888275,0.1047048246928379,0.07058751379860174,0.6782081028020703,0.4543002697033263,0.5994112596590212,0.9839039675537146,0.9726873733982044,0.98015337212034,0.7697239222546952,0.8648415706092915,0.8130117751571607,0.05948786760594878,0.06839838141234826,0.05002410800385728,0.108187134502924,0.1355274822695035,0.09188514357053683,0.7164262551716426,0.5120741417569508,0.6213837994214079,0.6347571828121027,0.4052526595744681,0.5766541822721598
"s07_dual_role_credit","Dual-Role-Credit-AOP-v1","LIRCMOP8","LIR-CMOP",100,50000,4,278804,"all",249,400,50000,0.3629765189793966,0.3033962919113269,0.3336271891092764,0.3629765189793966,0.303396291911327,0.3336271891092767,0.3182158123575295,0.3645049943886787,0.3172791932537922,16965,16621,16214,1474,1777,1097,0.08688476274683171,0.1069129414595993,0.06765757986924879,0.6497494842322429,0.4212742915588713,0.5739484396200815,0.9823834085047088,0.9704989039590164,0.9785975911726861,0.7759272331613298,0.8679441799673422,0.8133110141971003,0.06384862233041938,0.06403810531886743,0.04972907886815171,0.1131432896064581,0.1426679907315458,0.08648375268681249,0.704769281841319,0.4849166446149775,0.6048163756773028,0.5870332996972755,0.3682003751517158,0.541534960171956
"s07_dual_role_credit","Dual-Role-Credit-AOP-v1","LIRCMOP8","LIR-CMOP",100,50000,5,278805,"all",249,400,50000,0.3652941029157685,0.3039990601946289,0.3307068368896027,0.3652941029157685,0.3039990601946289,0.3307068368896028,0.318788605431198,0.3630977661277531,0.3181136284410492,17042,16611,16147,1498,1850,1170,0.08790048116418261,0.1113719824212871,0.07245928036167709,0.5866682314282361,0.3791463488050087,0.5098160649036972,0.9787746708785697,0.9685751355943876,0.9752604854106705,0.7887413002435979,0.8772687051935131,0.8266280796380401,0.06032304142401934,0.06008980454305336,0.04776953932174547,0.1195063594005793,0.1543312313308994,0.0981060606060606,0.6460828480386771,0.4222134178552562,0.5302054211741826,0.5185744868404483,0.3430689235534904,0.4886363636363636
"s07_dual_role_credit","Dual-Role-Credit-AOP-v1","LIRCMOP9","LIR-CMOP",100,50000,1,278901,"all",249,400,50000,0.3400024675975554,0.3195474250986736,0.3404501073037711,0.3400024675975556,0.3195474250986736,0.340450107303771,0.317558808845097,0.3487770857205685,0.3336641054343347,16371,16636,16793,2192,2597,2437,0.1338953026693543,0.1561072373166627,0.1451199904722206,0.643943558731904,0.6166145708102909,0.6970166140653844,0.9004605010775945,0.8991087158281399,0.9250023547267699,0.8381779092696977,0.8591408856038545,0.8535691343701838,0.1312308055752421,0.1291011942174733,0.1318551716004246,0.1367488931056293,0.1808547402372999,0.158648063507337,0.8374675171273328,0.7516027655562539,0.8380705271848096,0.436685641998735,0.4929155627231886,0.5531633389463555
"s07_dual_role_credit","Dual-Role-Credit-AOP-v1","LIRCMOP9","LIR-CMOP",100,50000,2,278902,"all",249,400,50000,0.3370722107369414,0.3212468308098826,0.341680958453176,0.3370722107369416,0.3212468308098826,0.3416809584531761,0.3150764952267768,0.3511639088261561,0.3337595959470672,16228,16749,16823,2085,2686,2329,0.1284816366773478,0.1603677831512329,0.1384414194852286,0.671370470791225,0.6328138993372738,0.7237710277596148,0.9037652488955867,0.9023592137243315,0.9295430681760142,0.8393501402897494,0.8675845519289813,0.8572494956495712,0.119947537856206,0.1341829085457271,0.1251615936067693,0.1376099987246525,0.1843339050886221,0.1520327159008901,0.8583522117562895,0.7711144427786107,0.8715477729462922,0.4713684479020533,0.506232132647227,0.5725282655761367
"s07_dual_role_credit","Dual-Role-Credit-AOP-v1","LIRCMOP9","LIR-CMOP",100,50000,3,278903,"all",249,400,50000,0.3439735312086165,0.3177050418385792,0.3383214269528043,0.3439735312086167,0.3177050418385791,0.3383214269528043,0.3286878472318933,0.3414940497186257,0.3298181030494808,16745,16411,16644,3072,2632,2600,0.1834577485816662,0.1603802327707026,0.1562124489305455,0.7307255897282771,0.6259216379257815,0.7248257630377313,0.9270739540082308,0.9020126306283817,0.9314010199521232,0.8519152586712135,0.9072669082181023,0.8823113182359956,0.1567390796542864,0.13151239251391,0.1366548042704626,0.2114139068801173,0.1872280371633541,0.1762843925006087,0.8371875729969633,0.7411482043500253,0.8251482799525505,0.6193327630453379,0.51875808538163,0.6218651083515948
"s07_dual_role_credit","Dual-Role-Credit-AOP-v1","LIRCMOP9","LIR-CMOP",100,50000,4,278904,"all",249,400,50000,0.3373889467930385,0.3209657271078076,0.3416453260991538,0.3373889467930387,0.3209657271078076,0.3416453260991541,0.3179206389843562,0.3530125464912487,0.3290668145243952,16323,16784,16693,2395,2842,2450,0.146725479384917,0.169327931363203,0.1467681063919008,0.6876186975433437,0.6428145853193518,0.7366560833882466,0.916841919408377,0.9107445246417921,0.9372537254943836,0.8311318567019241,0.8623653838757063,0.8471032655512122,0.1334997622444127,0.1357035553329995,0.1424705882352941,0.1607887751232461,0.1998635743519782,0.1512266569022336,0.8458155016642891,0.7675262894341512,0.8558823529411764,0.5194033624067754,0.5295588904047295,0.6129622848773343
"s07_dual_role_credit","Dual-Role-Credit-AOP-v1","LIRCMOP9","LIR-CMOP",100,50000,5,278905,"all",249,400,50000,0.3377869893166926,0.3224848209598672,0.3397281897234402,0.3377869893166927,0.3224848209598673,0.3397281897234402,0.3169327946850125,0.3478362664285174,0.33523093888647,16300,16692,16808,1969,2606,2371,0.1207975460122699,0.1561226935058711,0.1410637791527844,0.6695705521472393,0.6350347471842799,0.7103165159447882,0.9078330124494581,0.9052630131820626,0.9291620566794168,0.8279517279175329,0.8526274592535104,0.8448125201459216,0.1131334760885082,0.1367255536203036,0.125236518448439,0.1289587028122625,0.1741391264155304,0.157088122605364,0.8448727099690697,0.7583976113461059,0.8444891201513718,0.4828984038510261,0.5204529697249827,0.5744731800766284
"s07_dual_role_credit","Dual-Role-Credit-AOP-v2","CF10","CF",100,50000,1,288001,"all",249,400,50000,0.3491580840458263,0.2694460599766443,0.3813958559775293,0.3491580840458264,0.2694460599766443,0.3813958559775297,0.3516286591494804,0.2941459029953497,0.3542254378551697,17450,14041,18309,3259,1005,3250,0.1867621776504298,0.07157609856847803,0.1775083292369873,0.5987965616045845,0.5223986895520262,0.7342290676716369,0.6820317912902122,0.5882445084383973,0.7884231132712866,0.5684236945895667,0.5297259545389005,0.5817364320964713,0.1766060326962929,0.0741292051205716,0.1798652064026959,0.1968279324509356,0.06923392052437526,0.1749687960966754,0.676490904904444,0.566835367668949,0.8010741364785172,0.5217937015061616,0.4816332104328827,0.662203562918416
"s07_dual_role_credit","Dual-Role-Credit-AOP-v2","CF10","CF",100,50000,2,288002,"all",249,400,50000,0.3534645137035987,0.2688280613361562,0.3777074249602451,0.3534645137035987,0.2688280613361562,0.3777074249602451,0.3513344332349273,0.2932632109698012,0.3554023557952717,17552,13992,18256,3106,958,3124,0.1769598906107566,0.06846769582618639,0.1711218229623138,0.5595943482224248,0.4864922813036021,0.691115249780894,0.6788429831888176,0.5879158193581371,0.7775865777509023,0.5679937390791756,0.5256813135419509,0.5772466171583445,0.1713831117172406,0.06915608663181479,0.1721241760578354,0.1825659773791843,0.06783609702617514,0.1700564971751412,0.6348448687350835,0.5169529499626587,0.7505847331490538,0.483948360562093,0.458544607372893,0.627909604519774
"s07_dual_role_credit","Dual-Role-Credit-AOP-v2","CF10","CF",100,50000,3,288003,"all",249,400,50000,0.3466596152378945,0.2751222990193397,0.3782180857427658,0.3466596152378945,0.2751222990193397,0.3782180857427657,0.3476739732355413,0.2986551032382105,0.3536709235262483,17280,14285,18235,3098,1086,3077,0.1792824074074074,0.0760238011900595,0.1687414313134083,0.5995949074074074,0.5332866643332167,0.7391280504524267,0.6905153179106309,0.6080701808946669,0.8044209879915315,0.5588730818060358,0.5275684286330498,0.5718899496608703,0.1766001855287569,0.07590132827324478,0.1684880636604774,0.1819547134935305,0.07613666935700834,0.1690124858115777,0.6507421150278293,0.5713034593490002,0.7885411140583555,0.5486367837338263,0.4982512779122948,0.6862656072644722
"s07_dual_role_credit","Dual-Role-Credit-AOP-v2","CF10","CF",100,50000,4,288004,"all",249,400,50000,0.3523029594732916,0.2987930278187099,0.3489040127079984,0.3523029594732917,0.2987930278187101,0.3489040127079985,0.3652346641243808,0.3026671348473406,0.3320982010282781,17867,14980,16953,2265,501,1155,0.1267700229473331,0.03344459279038718,0.06812953459564679,0.3291543068226339,0.3030707610146863,0.3927918362531705,0.5037776640186754,0.4605966743334488,0.5327819791374347,0.628424490582528,0.5833751669417068,0.6191871927959328,0.1303852290859357,0.04339647991401317,0.07716227110445699,0.123281645221599,0.02361682366989518,0.05864570737605804,0.4725324823341691,0.4547897353217789,0.5324196706207532,0.1908061145936435,0.153243996284994,0.2461910519951633
"s07_dual_role_credit","Dual-Role-Credit-AOP-v2","CF10","CF",100,50000,5,288005,"all",249,400,50000,0.3673637150224205,0.2783889650575914,0.3542473199199881,0.3673637150224203,0.2783889650575911,0.3542473199199879,0.3624152167502058,0.3040767154069703,0.3335080678428242,18170,14488,17142,2344,463,1275,0.1290038525041277,0.03195748205411375,0.0743787189359468,0.3870665932856356,0.3175731639977913,0.427896394819741,0.5297899485725964,0.4625815880464887,0.5552624587087486,0.6646449587477724,0.6200020902827498,0.65454860952567,0.1333333333333333,0.03435334872979215,0.07934708682838358,0.1246119733924612,0.02976190476190476,0.06911057692307693,0.4991256830601093,0.3901558891454965,0.5157560643844933,0.2733924611973392,0.251058201058201,0.3347355769230769
"s07_dual_role_credit","Dual-Role-Credit-AOP-v2","CF1","CF",100,50000,1,287101,"all",249,400,50000,0.3327668371844499,0.3204390993967015,0.3467940634188487,0.3327668371844498,0.3204390993967016,0.3467940634188487,0.3173200278885748,0.3609861572665413,0.3216938148448837,16186,16967,16647,1295,2776,2005,0.08000741381440751,0.1636117168621442,0.1204421217036103,0.2819102928456691,0.1267755053928214,0.2761458521054845,0.7887208840154424,0.7340995541919838,0.7805980208267275,0.6064503487645099,0.6508718610438057,0.6196075115637563,0.08663127413127412,0.1848507649862052,0.1685575364667747,0.07305646999240314,0.1447792727677082,0.06854788363091523,0.3752413127413127,0.2332580887885628,0.3890946978467238,0.1839706254748038,0.03235850105637719,0.1543263828193283
"s07_dual_role_credit","Dual-Role-Credit-AOP-v2","CF1","CF",100,50000,2,287102,"all",249,400,50000,0.3276155132823368,0.3320276488798917,0.3403568378377714,0.3276155132823371,0.3320276488798919,0.3403568378377714,0.3178406617050378,0.3594749519233194,0.3226843863716427,16064,17238,16498,1196,2766,1866,0.07445219123505976,0.1604594500522102,0.1131046187416656,0.2617654382470119,0.1295393897203852,0.257425142441508,0.7826999447985675,0.7464615960273392,0.7759144647102598,0.6020671493019402,0.6468068240757631,0.6140663619320406,0.07690420704035325,0.1847287664612783,0.1528925619834711,0.07192516748830742,0.1380426291708515,0.07112605879422022,0.338525696062799,0.2342636220852966,0.3491145218417946,0.1826570597901656,0.03280883829929696,0.1606875934230194
"s07_dual_role_credit","Dual-Role-Credit-AOP-v2","CF1","CF",100,50000,3,287103,"all",249,400,50000,0.3285156167620168,0.3341536509288576,0.3373307323091255,0.3285156167620168,0.3341536509288576,0.3373307323091255,0.3176891042955057,0.3606983932814517,0.3216125024230426,16079,17303,16418,1134,2843,1837,0.07052677405311275,0.1643067676125527,0.111889389694238,0.2613968530381243,0.1365659134254175,0.2466195638932878,0.782722036299808,0.7479587095042162,0.7728822534593655,0.5972895999497937,0.6409383809234674,0.6105592333290607,0.06852667645619187,0.1865608847217214,0.1512665001783803,0.07259390413557607,0.143699910952805,0.07054563615932076,0.3365149290259423,0.240293304483712,0.3283386847425377,0.1837612242316934,0.04051647373107747,0.1608190785366463
"s07_dual_role_credit","Dual-Role-Credit-AOP-v2","CF1","CF",100,50000,4,287104,"all",249,400,50000,0.3334822392783987,0.3252257524664078,0.3412920082551935,0.3334822392783988,0.3252257524664077,0.3412920082551932,0.3195336783090087,0.3590342787542762,0.3214320429367148,16264,17035,16501,1422,2831,1927,0.08743236596163305,0.1661872615203992,0.1167808011635658,0.2783448106246926,0.1356031699442325,0.2738621901702927,0.7871992509217191,0.738418551741634,0.7795897047716895,0.6055468378934658,0.6490465595510491,0.6167608629178702,0.09600096362322331,0.1946432979511232,0.1596045197740113,0.07849786485807586,0.1403783723273256,0.07133041848844472,0.3717176583955673,0.2419155764008887,0.3744114877589454,0.1809846772167797,0.03918056643904623,0.1671455340412242
"s07_dual_role_credit","Dual-Role-Credit-AOP-v2","CF1","CF",100,50000,5,287105,"all",249,400,50000,0.3296421061476285,0.3308448211046171,0.3395130727477544,0.3296421061476283,0.3308448211046169,0.3395130727477544,0.3194892642237142,0.3592178612752479,0.3212928745010374,16164,17187,16449,1286,2762,1773,0.07955951497154169,0.1607028568103799,0.10778770745942,0.2586612224696857,0.1284691918310351,0.2584351632318074,0.7824842638949642,0.7425968947409007,0.7789967768690742,0.6035727017553323,0.6465049970066834,0.613841932153654,0.08201316110163295,0.1843222909841039,0.1438542529279546,0.07702940437295804,0.1389447797898502,0.06965982991495748,0.3343894711186937,0.2304331998543866,0.3429551638471549,0.1805730082935411,0.03454057679409792,0.1690845422711356
"s07_dual_role_credit","Dual-Role-Credit-AOP-v2","CF2","CF",100,50000,1,287201,"all",249,400,50000,0.3360014536883876,0.3339911278377256,0.3300074184738868,0.3360014536883872,0.3339911278377255,0.3300074184738868,0.3636176265429318,0.3023288491275095,0.334053524329559,17418,15854,16528,1425,728,801,0.08181191870478816,0.04591901097514823,0.04846321393998064,0.7312550235388678,0.8203607922290904,0.7971926427879962,0.9882489965699989,0.992193197253834,0.9907684146929751,0.7689908279703382,0.6578263655402782,0.7235462573871226,0.08721138892211987,0.04843167888474943,0.04841849148418492,0.07682967214924384,0.04314350192486393,0.04850746268656717,0.8405311640148343,0.8839081841124865,0.8444038929440389,0.6304227839717408,0.7501659365458648,0.7504814636494944
"s07_dual_role_credit","Dual-Role-Credit-AOP-v2","CF2","CF",100,50000,2,287202,"all",249,400,50000,0.334896752369189,0.3346752474557509,0.3304280001750601,0.3348967523691893,0.3346752474557508,0.3304280001750601,0.3671305962058117,0.3016824316103741,0.3311869721838138,17473,15855,16472,1508,815,809,0.086304584215647,0.05140334279407127,0.04911364740165129,0.724145824987123,0.8334910122989593,0.8104662457503643,0.9881095527564585,0.9928296759427445,0.9915152578240366,0.7806917527215563,0.6596703639356393,0.7307518115247885,0.08960960960960961,0.05464349910125824,0.05589307411907655,0.08329689549628334,0.04780292942743009,0.04234409123999029,0.8578978978978979,0.9112043139604553,0.8679222357229648,0.6024267599475295,0.7471371504660452,0.7530939092453288
"s07_dual_role_credit","Dual-Role-Credit-AOP-v2","CF2","CF",100,50000,3,287203,"all",249,400,50000,0.3381250235827893,0.3309943961377989,0.3308805802794116,0.3381250235827896,0.330994396137799,0.3308805802794119,0.365546985485323,0.3023479174867597,0.3321050970279176,17529,15764,16507,1276,554,547,0.07279365622682411,0.03514336462826693,0.03313745683649361,0.8322779394146842,0.8847373763004314,0.8735687889986067,0.9924270106509017,0.9946343232792184,0.9939334745913047,0.7307671714828977,0.6344967614642844,0.6820762297798705,0.07816391887083382,0.03838678328474247,0.03399295860143256,0.06781710265992526,0.03159851301115241,0.03228536880290205,0.8965721741193216,0.8901846452866861,0.8970498968070899,0.7726972961090349,0.8787838555496548,0.8501813784764208
"s07_dual_role_credit","Dual-Role-Credit-AOP-v2","CF2","CF",100,50000,4,287204,"all",249,400,50000,0.337774460892396,0.3313438913948875,0.3308816477127164,0.3377744608923964,0.3313438913948875,0.3308816477127167,0.3658499596332099,0.3038463539729092,0.3303036863938811,17538,15804,16458,1281,555,564,0.07304139582620595,0.03511769172361427,0.03426904848705797,0.8248945147679325,0.8861680587193116,0.8736176935229067,0.992242902790794,0.9949337650702227,0.994046108789495,0.7260105739415003,0.6401624306121321,0.6793933405438626,0.07691394658753709,0.03605681680223383,0.03641660597232338,0.06946120926149457,0.03409541429892956,0.03211678832116788,0.9005341246290801,0.9012990166322691,0.8985190580237922,0.7549654339953912,0.8696973701599049,0.848661800486618
"s07_dual_role_credit","Dual-Role-Credit-AOP-v2","CF2","CF",100,50000,5,287205,"all",249,400,50000,0.3358005179678881,0.3341281559745554,0.3300713260575567,0.3358005179678881,0.3341281559745551,0.3300713260575567,0.3655655893965223,0.3026676352216875,0.3317667753817905,17454,15872,16474,1368,628,660,0.07837744929529047,0.03956653225806452,0.0400631297802598,0.7395439440815859,0.8523185483870968,0.8191088988709482,0.9886676436211795,0.9935626362473067,0.9917906626630115,0.7608723498945239,0.6460792676340346,0.7132970766727967,0.08439071103662917,0.03973112471492018,0.04248326232501522,0.07285714285714286,0.03938469698978915,0.03765589054364935,0.847019391908068,0.9046933141279558,0.8591600730371272,0.6408791208791209,0.7944569685718075,0.7792710981959075
"s07_dual_role_credit","Dual-Role-Credit-AOP-v2","CF3","CF",100,50000,1,287301,"all",249,400,50000,0.3370210573687129,0.3314929824167198,0.3314859602145672,0.3370210573687131,0.3314929824167197,0.3314859602145671,0.3422830744718513,0.3101540768245734,0.3475628487035755,16916,15977,16907,1925,847,1648,0.113797588082289,0.0530137072041059,0.09747441887975394,0.9257507685031923,0.9475496025536709,0.8973206364227835,0.9878837499684998,0.992403528356017,0.9860503253478612,0.8449400985651713,0.8079505481125063,0.8730540246827249,0.1078279518646491,0.05307161032351872,0.09038042161376303,0.1196761703625484,0.05295183842568617,0.1042413035941292,0.9374478732276897,0.9591663637465164,0.9094984250060577,0.9142320779068404,0.9351372345934749,0.8857043799838207
"s07_dual_role_credit","Dual-Role-Credit-AOP-v2","CF3","CF",100,50000,2,287302,"all",249,400,50000,0.3389783936152576,0.3284359682029762,0.3325856381817661,0.3389783936152577,0.3284359682029763,0.3325856381817661,0.3593437346434413,0.3127950425222384,0.3278612228343207,17402,15970,16428,2115,856,1228,0.1215377542811171,0.05360050093926112,0.07475042610177746,0.9778186415354557,0.9822166562304321,0.988799610421232,0.9956778806232969,0.9968231086610817,0.9979274839586942,0.8277769147758519,0.7524139958146697,0.7768497292620048,0.1225890427168383,0.05072109508677585,0.07330349582678118,0.1205451904815104,0.05662557781201849,0.07621614998161989,0.9792923914329665,0.9841114641896846,0.9897181565259465,0.9764272148363311,0.980225988700565,0.9878691336845975
"s07_dual_role_credit","Dual-Role-Credit-AOP-v2","CF3","CF",100,50000,3,287303,"all",249,400,50000,0.3387700448369779,0.3276536706039822,0.3335762845590399,0.338770044836978,0.3276536706039821,0.33357628455904,0.3655532452715752,0.2900037721994968,0.3444429825289278,17555,15369,16876,2325,682,1906,0.1324409000284819,0.04437504066627627,0.1129414553211662,0.9179151238963258,0.9481423644999675,0.8916804930078217,0.9839794956085333,0.9887401783279745,0.9776970760373096,0.8712504555323892,0.7348627958941351,0.8282710004577699,0.1249112005683164,0.03875398577385333,0.1018072289156627,0.1394225491272368,0.05072765072765073,0.1237173507462687,0.9351172152498224,0.9611233750306598,0.9230120481927711,0.9019650894719509,0.9334719334719335,0.8613572761194029
"s07_dual_role_credit","Dual-Role-Credit-AOP-v2","CF3","CF",100,50000,4,287304,"all",249,400,50000,0.3392973229119983,0.326802039622079,0.3339006374659228,0.3392973229119984,0.326802039622079,0.3339006374659226,0.3623993266651418,0.2997720181855952,0.3378286551492632,17476,15603,16721,2210,731,1570,0.1264591439688716,0.04684996475036852,0.09389390586687399,0.9496452277409018,0.9540472985964238,0.9469529334369954,0.9896632203511374,0.9910782316465544,0.9894139184818534,0.8597146522530883,0.7473990763939321,0.8168960349339185,0.1248225272124941,0.04313629101634509,0.0883166887257851,0.1279920212765958,0.05089740155371016,0.09940546967895363,0.9543303360151444,0.9601818852156815,0.9574058476717603,0.9452570921985816,0.9473613715510314,0.9366230677764567
"s07_dual_role_credit","Dual-Role-Credit-AOP-v2","CF3","CF",100,50000,5,287305,"all",249,400,50000,0.3377364778661143,0.3313861417834464,0.3308773803504392,0.3377364778661143,0.3313861417834466,0.3308773803504392,0.3704930331665275,0.3008054922445775,0.3287014745888954,17645,15729,16426,1605,743,839,0.09096061207140833,0.04723758662343442,0.05107755996590771,0.9830546897137999,0.9897641299510458,0.9822841836113478,0.9973026227344983,0.9983236986832117,0.9972371678813066,0.834806052847937,0.6924277366066067,0.7604177855927738,0.08968876217628891,0.0452779800922554,0.04949053857350801,0.09212094938766663,0.04939260445868375,0.05267660718650697,0.985032074126871,0.9907744598203447,0.9821688500727802,0.981250677359922,0.9886530503270592,0.9824003911024199
"s07_dual_role_credit","Dual-Role-Credit-AOP-v2","CF4","CF",100,50000,1,287401,"all",249,400,50000,0.3377164651756633,0.3294288070663645,0.3328547277579724,0.337716465175663,0.3294288070663643,0.3328547277579721,0.3704490204801036,0.2933611724422903,0.336189807077606,17639,15495,16666,1613,640,1086,0.09144509325925505,0.04130364633752823,0.06516260650426017,0.713475820624752,0.7774120684091642,0.7675507020280812,0.9874261401846485,0.9902004068902288,0.989704840626863,0.8687931150123136,0.7131177671414616,0.7992557826060318,0.09363117870722433,0.04150390625,0.06403762662807526,0.08945028732516534,0.04107900862659181,0.06627657033675663,0.842324144486692,0.8416748046875,0.8410516160154365,0.5959015504716469,0.7053265781185815,0.6947695247193695
"s07_dual_role_credit","Dual-Role-Credit-AOP-v2","CF4","CF",100,50000,2,287402,"all",249,400,50000,0.3395822446196786,0.327699531269752,0.3327182241105694,0.3395822446196786,0.327699531269752,0.3327182241105694,0.3715149854346561,0.2937509368890388,0.3347340776763052,17710,15480,16610,1794,719,1128,0.1012987012987013,0.04644702842377261,0.0679108970499699,0.7298136645962733,0.7650516795865633,0.7591812161348586,0.987780724801309,0.9896988788941961,0.9892101983830816,0.864981503983046,0.7057786522161575,0.7955317015938838,0.1020793950850662,0.04105392156862745,0.06573223779603674,0.1005840363400389,0.05245901639344262,0.07007439404847612,0.8486531190926276,0.8259803921568627,0.8380860318994683,0.6210253082414017,0.6971311475409836,0.6808255339572834
"s07_dual_role_credit","Dual-Role-Credit-AOP-v2","CF4","CF",100,50000,3,287403,"all",249,400,50000,0.3409034093342921,0.3279220949148151,0.3311744957508929,0.340903409334292,0.3279220949148151,0.3311744957508927,0.3709501762088336,0.2954059558561559,0.3336438679350106,17727,15515,16558,1518,680,940,0.08563208664748688,0.04382855301321302,0.05677014132141563,0.713149433068201,0.6983564292620045,0.7058823529411765,0.9871808396523529,0.9872601999892547,0.9874930758668685,0.8658268363197107,0.7106336231805008,0.7916921355805634,0.08802071075547188,0.04374463913736062,0.05909477005217813,0.08343265792610251,0.04392167527875986,0.05446675483948539,0.8471405036479172,0.7851978924151451,0.7926222545807547,0.5897713728464622,0.6019853141147675,0.6199350727425754
"s07_dual_role_credit","Dual-Role-Credit-AOP-v2","CF4","CF",100,50000,4,287404,"all",249,400,50000,0.3391030205299642,0.3279851825696573,0.3329117969003784,0.3391030205299642,0.3279851825696574,0.3329117969003784,0.3754536371409279,0.2886957990397779,0.3358505638192947,17788,15362,16650,1818,631,1152,0.1022037328536092,0.04107538080979039,0.06918918918918919,0.721160332808635,0.7846634552792605,0.7647447447447447,0.9873061270556847,0.9903666842221622,0.9894382747397057,0.8722779127378435,0.7026707315601137,0.7982917412098215,0.1000592066311427,0.04123332925486357,0.0743781695242695,0.1041421384994113,0.04089581304771178,0.06405353728489484,0.8673771462403789,0.8498715282026184,0.8461724221202608,0.5889971101359306,0.7105299763527612,0.6841539196940727
"s07_dual_role_credit","Dual-Role-Credit-AOP-v2","CF4","CF",100,50000,5,287405,"all",249,400,50000,0.336633102141206,0.3289327559597323,0.3344341418990618,0.3366331021412062,0.3289327559597325,0.3344341418990617,0.3718169495323916,0.2915015705457203,0.3366814799218879,17637,15449,16714,1706,740,1236,0.09672846856041277,0.04789954042332837,0.07394998205097524,0.7066394511538243,0.7952618292446113,0.7697738422879024,0.9866433645667223,0.9906324135834276,0.989627447654329,0.869053212071104,0.7110767204122146,0.8004945510706732,0.09675495108565975,0.04407814407814408,0.07985110470701248,0.09670448406266882,0.05221104835376773,0.06808967326496541,0.8507516105941303,0.8568986568986569,0.853866474543708,0.576121015667207,0.7257197961151673,0.686262818984021
"s07_dual_role_credit","Dual-Role-Credit-AOP-v2","CF5","CF",100,50000,1,287501,"all",249,400,50000,0.3450067516373103,0.3231767965112281,0.3318164518514616,0.3450067516373105,0.3231767965112281,0.3318164518514617,0.3533506863797377,0.3088506309759199,0.3377986826443424,17397,15727,16676,1705,599,917,0.09800540323044203,0.03808736567686145,0.05498920604461502,0.9445306662068172,0.8790614866153749,0.9149076517150396,0.9906595284988901,0.9715347665487679,0.9804538183786671,0.7350397270541995,0.6772213973471769,0.7285440537971832,0.1025223759153784,0.03743781094527363,0.05740583747123652,0.09358653627473278,0.03876674905684922,0.05261907589975057,0.9623387190514937,0.8904228855721393,0.9278188203948166,0.9271093927677962,0.8671783530636139,0.9022449221997862
"s07_dual_role_credit","Dual-Role-Credit-AOP-v2","CF5","CF",100,50000,2,287502,"all",249,400,50000,0.3426330591225806,0.3255676725467474,0.3317992683306721,0.3426330591225805,0.3255676725467473,0.331799268330672,0.3439915741099776,0.3157781014017609,0.3402303244882618,17103,15969,16728,1636,728,1154,0.09565573291235456,0.0455883273843071,0.06898613103778097,0.8932351049523476,0.8482685202579999,0.8773912003825921,0.9770331036922083,0.9636708433692442,0.9672255982749534,0.7445279719095292,0.7148991391364371,0.7506511149824872,0.09243205248359887,0.04245341231642601,0.06657789613848203,0.0988677483366406,0.04881769641495042,0.07133577418211881,0.9237347703842549,0.8664692089349624,0.8883912359278537,0.862845803665227,0.8295194508009154,0.8666587929609071
"s07_dual_role_credit","Dual-Role-Credit-AOP-v2","CF5","CF",100,50000,3,287503,"all",249,400,50000,0.3345212467357113,0.3273670221435219,0.3381117311207668,0.3345212467357113,0.3273670221435217,0.3381117311207667,0.3328913435266657,0.3076601869772904,0.3594484694960443,16616,15814,17370,1809,1100,1928,0.1088709677419355,0.06955861894523839,0.1109959700633276,0.9574506499759268,0.9435942835462249,0.9747841105354059,0.9918430101229588,0.9882376620769062,0.9935349319039924,0.793933416372047,0.7732239785131231,0.8814167754054038,0.1016684671708078,0.06724751503251933,0.113895486935867,0.116113458056729,0.07201565557729941,0.108268156424581,0.9632697155203457,0.9483372192907105,0.9773159144893112,0.9515992757996379,0.9385518590998043,0.9724022346368715
"s07_dual_role_credit","Dual-Role-Credit-AOP-v2","CF5","CF",100,50000,4,287504,"all",249,400,50000,0.3506241835992253,0.3203500974134589,0.3290257189873159,0.3506241835992251,0.3203500974134589,0.329025718987316,0.3567015426457915,0.30541641656679,0.3378820407874186,17631,15573,16596,1696,700,914,0.09619420339175316,0.04494959224298465,0.05507351168956375,0.8490726561170665,0.7430809734797406,0.8128464690286816,0.9787049736229312,0.9384618867866896,0.9570661003759716,0.7208400093054957,0.6471418249786773,0.7037381533923471,0.09200137315482321,0.04589917231000752,0.0543544643947722,0.100314889788574,0.04395315173049085,0.0557735759305506,0.9121180913147957,0.7706295460245799,0.8287529009405155,0.7871120107962213,0.7141729174891434,0.7973599714591509
"s07_dual_role_credit","Dual-Role-Credit-AOP-v2","CF5","CF",100,50000,5,287505,"all",249,400,50000,0.3418158181559748,0.3262142592199019,0.3319699226241233,0.3418158181559747,0.3262142592199021,0.3319699226241231,0.3590829360403847,0.3052274951087901,0.3356895688508256,17458,15727,16615,1629,592,927,0.09330965746362699,0.03764227125325872,0.05579295817032802,0.98659640279528,0.9354613085776053,0.9569665964489918,0.9962093953867176,0.986554059260922,0.9901693353632163,0.7433645252627151,0.6642693524509066,0.718410541583164,0.0913681738109219,0.03839527442776274,0.05533357549340114,0.09515822430951583,0.0368372582554927,0.05624700813786501,0.9924838520258368,0.9362539995077529,0.961859789320741,0.9809907189980991,0.9346138665965005,0.9521302058401149
"s07_dual_role_credit","Dual-Role-Credit-AOP-v2","CF6","CF",100,50000,1,287601,"all",249,400,50000,0.3367389437569995,0.3289048767306785,0.3343561795123221,0.3367389437569991,0.3289048767306784,0.3343561795123219,0.3472436972588047,0.3181544869952918,0.3346018157459043,17035,16114,16651,1420,588,931,0.08335779277957148,0.03649000868809731,0.05591255780433608,0.8452010566480775,0.8822762814943528,0.8907573118731608,0.9630847136477468,0.9737903722573644,0.9744727525646762,0.7372398540638152,0.6984054896254784,0.7245595108877798,0.08392942298521698,0.03724053724053724,0.05815909637106464,0.0828032843760842,0.03571428571428571,0.05366790731180214,0.9070100143061517,0.905006105006105,0.9236962268685412,0.7852434370301838,0.8587834427057042,0.85784607996158
"s07_dual_role_credit","Dual-Role-Credit-AOP-v2","CF6","CF",100,50000,2,287602,"all",249,400,50000,0.3325287345289087,0.3337466539992919,0.3337246114717994,0.3325287345289087,0.3337466539992918,0.3337246114717995,0.3464034056626261,0.3184553848928914,0.3351412094444823,16905,16232,16663,1421,561,905,0.08405797101449275,0.03456136027599803,0.05431194862869831,0.7915409642117717,0.8697634302612124,0.8527276000720159,0.9476030023952191,0.9738464028003451,0.9652706128659944,0.7417471206652195,0.7065050731926413,0.7309615094753598,0.08310182389177437,0.03297629076904561,0.0552213666987488,0.08497565499652214,0.03622365265682191,0.05340677763142139,0.8449088054112815,0.8939703935491635,0.8783686236766122,0.7403199629028518,0.8443771298750473,0.8272063225960963
"s07_dual_role_credit","Dual-Role-Credit-AOP-v2","CF6","CF",100,50000,3,287603,"all",249,400,50000,0.3342408170339613,0.3315424271987019,0.3342167557673369,0.3342408170339611,0.3315424271987016,0.3342167557673369,0.3475574649032932,0.318391162947975,0.3340513721487321,16982,16172,16646,1498,573,953,0.08821104699093157,0.03543161019045264,0.05725099122912412,0.8004357555058297,0.8687237200098936,0.8596059113300493,0.9504342237242537,0.9740787042923846,0.9680909699268296,0.7370087378691895,0.7054867042118592,0.7264213849053779,0.08681556195965417,0.03660162404557023,0.06141088811440933,0.0895539634850936,0.03421285191263729,0.05309309309309309,0.8622718539865514,0.8878923766816144,0.8861915635140007,0.7409290501502196,0.8487564701426588,0.833033033033033
"s07_dual_role_credit","Dual-Role-Credit-AOP-v2","CF6","CF",100,50000,4,287604,"all",249,400,50000,0.3397189214711163,0.3265855193579574,0.3336955591709264,0.3397189214711162,0.3265855193579571,0.3336955591709264,0.3486208619177559,0.3156798465587296,0.3356992915235144,17143,15988,16669,1494,573,957,0.08714927375605204,0.03583937953465099,0.05741196232527446,0.8258764510295747,0.8478233675256442,0.8681384606155138,0.9613925196649886,0.9632624248570704,0.9697336902437347,0.7306329357254667,0.6870055301749026,0.7167812770345946,0.08827700307255967,0.03490229814427922,0.0563787495482472,0.0860499942402949,0.03681059737613043,0.05843690248565966,0.8876152209879461,0.8633402974069068,0.8879653053848934,0.765695196405944,0.8317411794675837,0.8484703632887189
"s07_dual_role_credit","Dual-Role-Credit-AOP-v2","CF6","CF",100,50000,5,287605,"all",249,400,50000,0.3343758719615089,0.3329952337413511,0.33262889429714,0.3343758719615089,0.3329952337413511,0.3326288942971399,0.3476908747614835,0.3202130167888171,0.3320961084496998,16980,16265,16555,1460,567,865,0.08598351001177856,0.0348601291115893,0.05225007550588946,0.7950530035335689,0.853304641869044,0.8331621866505587,0.9473133642726848,0.9734590794750856,0.9605543717226663,0.7418582358733887,0.7103444042747785,0.7268185470872618,0.08752551326689879,0.03498612619133792,0.0545761893262497,0.08449890186105652,0.03472918756268806,0.04992143116161005,0.8423580261736103,0.8653637350705755,0.8563148997826612,0.7495087273147613,0.8407723169508525,0.809984286232322
"s07_dual_role_credit","Dual-Role-Credit-AOP-v2","CF7","CF",100,50000,1,287701,"all",249,400,50000,0.3427335460023509,0.3265336603294542,0.3307327936681949,0.3427335460023508,0.3265336603294539,0.3307327936681949,0.360436519158668,0.3014728592456352,0.338090621595697,17507,15637,16656,1640,988,1157,0.0936768149882904,0.06318347509113001,0.06946445725264169,0.8199006111840977,0.8025836157830786,0.8069164265129684,0.9520612843087425,0.924026010539028,0.9360455862816811,0.8457808164520536,0.7254356753838007,0.8070616017431782,0.0957683741648107,0.06408364083640837,0.07209612817089453,0.09168894830659537,0.06220860530171839,0.06688844006177973,0.875043957332083,0.8436654366543666,0.8403932516082049,0.7674910873440285,0.7580924470494206,0.7741475585125341
"s07_dual_role_credit","Dual-Role-Credit-AOP-v2","CF7","CF",100,50000,2,287702,"all",249,400,50000,0.3507918674426668,0.3165018277968591,0.3327063047604744,0.3507918674426666,0.316501827796859,0.3327063047604744,0.3509172969821128,0.3170449653805668,0.3320377376373205,17473,15781,16546,2224,971,1428,0.1272820923710868,0.06152968759901147,0.08630484709295298,0.6595890802953127,0.5992015715100437,0.6999879124864016,0.882709148042325,0.8547054413271359,0.8720319636704705,0.8083232660964723,0.7704060926777503,0.7855391244557645,0.1272748082865972,0.06288829719792063,0.08482358627356211,0.1272893772893773,0.06017228274638967,0.08778718258766627,0.7754377932928923,0.6626093571700267,0.7648622522957951,0.5437271062271062,0.535850012667849,0.6350665054413543
"s07_dual_role_credit","Dual-Role-Credit-AOP-v2","CF7","CF",100,50000,3,287703,"all",249,400,50000,0.3962236497026172,0.2646464484953984,0.3391299018019843,0.3962236497026173,0.2646464484953984,0.3391299018019843,0.3755000545321349,0.2812342855480515,0.3432656599198137,19220,13589,16991,1879,697,1448,0.0977627471383975,0.05129148576054161,0.08522158789947619,0.8334027055150884,0.4680991978806388,0.6778882938026014,0.9542123606653352,0.6852094791210963,0.8358738116936352,0.8342840379543968,0.6362189866533317,0.7642016208848105,0.1004459760794648,0.05269552012148823,0.08344182743519943,0.0949326491340603,0.04997144488863507,0.08698197143526107,0.894587472126495,0.4962794229309035,0.7193750739732513,0.7688689330767586,0.4416047972587093,0.6368531959728401
"s07_dual_role_credit","Dual-Role-Credit-AOP-v2","CF7","CF",100,50000,4,287704,"all",249,400,50000,0.3352161723833758,0.3290694784612462,0.3357143491553779,0.3352161723833757,0.3290694784612462,0.335714349155378,0.3280723733954922,0.3198705242284475,0.35205710237606,16526,16152,17122,1665,1318,1966,0.1007503328089072,0.08159980188211986,0.1148230346922089,0.9622413167130582,0.9510896483407627,0.9605770353930616,0.9854601669942733,0.9826598289591745,0.983984573552336,0.8421041190777421,0.8462858720782958,0.9097598625838045,0.09729211598370477,0.0809326171875,0.1115761779478594,0.104278728606357,0.08228643216080402,0.1179223744292238,0.9748382458662832,0.957763671875,0.966395599138962,0.9493887530562347,0.9442211055276382,0.9550228310502283
"s07_dual_role_credit","Dual-Role-Credit-AOP-v2","CF7","CF",100,50000,5,287705,"all",249,400,50000,0.3318421726164143,0.3268245783362524,0.3413332490473335,0.3318421726164144,0.3268245783362522,0.3413332490473334,0.323161572509815,0.3277816184161735,0.3490568090740114,16314,16301,17185,1362,1092,1414,0.08348657594703936,0.0669897552297405,0.08228105906313646,0.7293735441951698,0.7317342494325502,0.8054116962467268,0.9587185917432474,0.9553317032580707,0.9805308443592797,0.8103689205848812,0.8388552600474725,0.8818361241905452,0.07983549050441514,0.06865634979120609,0.08255800259097869,0.08723747980613894,0.06532663316582915,0.08201058201058201,0.8185557033990565,0.8054532056005895,0.8708043811094099,0.637753199950292,0.6581688932467215,0.7415458937198067
"s07_dual_role_credit","Dual-Role-Credit-AOP-v2","CF8","CF",100,50000,1,287801,"all",249,400,50000,0.366239777363455,0.3136181952720902,0.3201420273644549,0.3662397773634551,0.3136181952720903,0.3201420273644549,0.3484512799011102,0.3234624510005332,0.3280862690983568,17795,15862,16143,1973,583,1085,0.1108738409665636,0.03675450762829403,0.06721179458588862,0.4670974992975555,0.3948430210566133,0.4128724524561729,0.6031282002379014,0.5459403369483361,0.5547273609884549,0.751970075872386,0.7482936789014184,0.7323747397929851,0.09926591432014902,0.03203485392106612,0.05797465177563057,0.1230964467005076,0.04132539091586002,0.07621727428431613,0.5359921113180672,0.4641209636084059,0.4671853432049191,0.3945546838947854,0.3277488210474063,0.3599217029606068
"s07_dual_role_credit","Dual-Role-Credit-AOP-v2","CF8","CF",100,50000,2,287802,"all",249,400,50000,0.3628735550272728,0.3199380316564904,0.3171884133162369,0.3628735550272729,0.3199380316564904,0.3171884133162369,0.3478543387340595,0.3240042838862784,0.3281413773796621,17693,16036,16071,2115,640,1132,0.1195388006556265,0.03991020204539786,0.07043743388712588,0.4890069519018821,0.4423172861062609,0.4376827826519818,0.6137524757714552,0.5787413614700818,0.5699446410165545,0.7467707232426603,0.74492263748714,0.7333491193773017,0.1162147205312673,0.03427925665494726,0.06809264650044299,0.123007623007623,0.04546580773042617,0.07270501835985312,0.5701162147205313,0.5179558011049724,0.4955068978610302,0.4043659043659044,0.3676907829534192,0.3817625458996328
"s07_dual_role_credit","Dual-Role-Credit-AOP-v2","CF8","CF",100,50000,3,287803,"all",249,400,50000,0.3689328541181513,0.3058946818700327,0.325172464011816,0.3689328541181512,0.3058946818700332,0.3251724640118159,0.3507591871009456,0.3238380382635351,0.3254027746355198,17935,15674,16191,2026,608,1030,0.1129634792305548,0.03879035345157586,0.0636155889074177,0.4151658767772512,0.3440091871889754,0.3642146871718856,0.5643938237091515,0.5036417835624794,0.5170242251637837,0.7467574414466425,0.7443708246445917,0.7306658106669498,0.09300554769933646,0.03150846790074833,0.0588380716934487,0.1339510409517273,0.04567456869802656,0.06838661893593384,0.4880887631893832,0.417093343836156,0.4288009888751545,0.3384808968199497,0.2749162219188284,0.2997160844340205
"s07_dual_role_credit","Dual-Role-Credit-AOP-v2","CF8","CF",100,50000,4,287804,"all",249,400,50000,0.3450111030784023,0.3196525708599356,0.3353363260616623,0.3450111030784021,0.3196525708599355,0.3353363260616621,0.3446617098121921,0.3172186859134388,0.3381196042743693,17169,15859,16772,2689,1239,2051,0.1566194886131982,0.07812598524497132,0.1222871452420701,0.6814607723222086,0.6665615738697269,0.6870975435249225,0.7273234368289452,0.7033890197168431,0.7311097915351307,0.5944182038028686,0.5937436344840348,0.5996106856788868,0.1472814064501106,0.07825650043964326,0.1162874251497006,0.165967365967366,0.07799442896935933,0.1282355734979815,0.7456048434043544,0.7270443411631704,0.7482634730538922,0.6172494172494173,0.605596353507217,0.626454523866065
"s07_dual_role_credit","Dual-Role-Credit-AOP-v2","CF8","CF",100,50000,5,287805,"all",249,400,50000,0.366925136323008,0.3157110351616587,0.3173638285153334,0.3669251363230082,0.3157110351616585,0.3173638285153335,0.3460598981468472,0.3248321436419103,0.3291079582112425,17750,15964,16086,1959,557,1093,0.1103661971830986,0.0348910047607116,0.06794728335198309,0.4569577464788732,0.3975820596341769,0.401467114260848,0.5913348602708891,0.5446858549319616,0.5414811540743597,0.7497766971800444,0.7501870550523799,0.7320334331645268,0.104002624671916,0.02684478371501272,0.0576241134751773,0.117127585405531,0.04269496544916091,0.0778998778998779,0.5259186351706037,0.4662849872773537,0.4554204660587639,0.3836858006042296,0.3309476801579467,0.3494505494505494
"s07_dual_role_credit","Dual-Role-Credit-AOP-v2","CF9","CF",100,50000,1,287901,"all",249,400,50000,0.3537841115331783,0.322794422619809,0.3234214658470127,0.3537841115331785,0.3227944226198091,0.3234214658470126,0.348385178256608,0.3262164253863289,0.3253983963570635,17484,16177,16139,1953,653,927,0.1117021276595745,0.04036595165976387,0.05743850300514282,0.559997712194006,0.5224083575446622,0.5269223619802962,0.6862805121973511,0.6653910486729741,0.6612384419102333,0.745247348589027,0.748669278538055,0.7304393962465896,0.1017719218537029,0.03664596273291926,0.05381556052696992,0.1217741935483871,0.04405069521348591,0.06104040528852094,0.5935938209904589,0.5479503105590062,0.5474770072085509,0.5259216589861752,0.4971084040851483,0.5064870876065736
"s07_dual_role_credit","Dual-Role-Credit-AOP-v2","CF9","CF",100,50000,2,287902,"all",249,400,50000,0.363388400327562,0.3073895153932662,0.3292220842791718,0.3633884003275623,0.307389515393266,0.3292220842791722,0.3485386677677953,0.3241600425134903,0.3273012897187144,17729,15721,16350,2067,648,1058,0.1165886400812229,0.04121875198778704,0.06470948012232416,0.5632015342094873,0.4836842440048343,0.5120489296636086,0.6982727583609583,0.6360533767792487,0.6593150864238686,0.7354658018946585,0.732945429283036,0.7253427335553144,0.1038329835413675,0.03659652333028363,0.05966325036603221,0.1298985707699401,0.04560099132589839,0.06978170223203335,0.5948304429470893,0.4977127172918573,0.5344070278184481,0.5301982480405717,0.4703841387856258,0.4895756683836154
"s07_dual_role_credit","Dual-Role-Credit-AOP-v2","CF9","CF",100,50000,3,287903,"all",249,400,50000,0.3645879347830602,0.3095877754479606,0.3258242897689792,0.3645879347830603,0.3095877754479605,0.3258242897689793,0.350764124602547,0.3228724470323138,0.3263634283651395,17814,15748,16238,2022,581,945,0.113506231054227,0.03689357378714758,0.05819682226875231,0.5282362187043899,0.4580899161798324,0.4833723364946422,0.6767864311668538,0.6219181280984821,0.6434947670642956,0.7539539984426153,0.7495694685045927,0.7387592086264709,0.1051008042304726,0.03605706874189364,0.05558979415752496,0.1222387547213002,0.03769594426474247,0.0608,0.5765120634570894,0.4881971465629053,0.5065943547393073,0.4780817214146733,0.4292112465787509,0.4601846153846154
"s07_dual_role_credit","Dual-Role-Credit-AOP-v2","CF9","CF",100,50000,4,287904,"all",249,400,50000,0.3622008790216329,0.3138070611176521,0.3239920598607149,0.3622008790216332,0.3138070611176519,0.3239920598607148,0.3463800321128851,0.3252433941892669,0.3283765736978478,17652,15903,16245,2160,733,1167,0.1223657375934738,0.0460919323398101,0.07183748845798707,0.550872422388398,0.4956297553920644,0.5187442289935364,0.6948370182171713,0.6570694014320733,0.6679045755228312,0.7546258436160888,0.7596442522106442,0.7453678323244511,0.1105817174515236,0.04214706635921087,0.06097409840128888,0.1346934044279587,0.04989502284796838,0.0825587084148728,0.6031024930747922,0.5178068152703049,0.538852398066675,0.4962327576214211,0.4742497221193034,0.498899217221135
"s07_dual_role_credit","Dual-Role-Credit-AOP-v2","CF9","CF",100,50000,5,287905,"all",249,400,50000,0.3585001149906529,0.317193318451612,0.3243065665577353,0.358500114990653,0.3171933184516117,0.3243065665577353,0.3492738014549597,0.3264623863674336,0.3242638121776068,17628,16019,16153,2016,616,928,0.1143635125936011,0.03845433547662151,0.05745062836624776,0.5651236668935784,0.5204444721892753,0.5222559276914505,0.685334647828998,0.6553389941245207,0.6539763496809136,0.7393443424673317,0.7403425966789353,0.7226689103538547,0.1051276309897,0.03648802736602053,0.05238390092879257,0.1238500459981601,0.04036426285995569,0.06251547412725922,0.6040080609046127,0.5374382364120106,0.5479876160990712,0.5251839926402944,0.5039379768643859,0.4965337954939341
"s07_dual_role_credit","Dual-Role-Credit-AOP-v2","DASCMOP1","DAS-CMOP",100,50000,1,289501,"all",249,400,50000,0.3277617799849644,0.3489180274292425,0.3233201925857931,0.3277617799849643,0.3489180274292427,0.3233201925857932,0.3249309046106656,0.3478043657239957,0.3272647296653389,16246,17348,16206,1840,1478,1368,0.1132586482826542,0.08519714088079318,0.08441318030359127,0.2346423735073249,0.2195065713626931,0.2167715660866346,0.7402215267379675,0.7907536378340442,0.7550465495647651,0.7738969512745254,0.820533059523431,0.7821473303765203,0.06692816866879137,0.03186105360018403,0.0452286282306163,0.1599901088031652,0.1387797550265773,0.1230693797499387,0.4070850698700662,0.4118932597193466,0.3742544731610338,0.06070722057368941,0.02623064478853709,0.0614121108114734
"s07_dual_role_credit","Dual-Role-Credit-AOP-v2","DASCMOP1","DAS-CMOP",100,50000,2,289502,"all",249,400,50000,0.330214407588964,0.3444324589610646,0.3253531334499715,0.3302144075889641,0.3444324589610644,0.3253531334499715,0.325536362994979,0.3422118482048046,0.3322517888002169,16317,17103,16380,2044,1621,1701,0.1252681252681253,0.09477869379640999,0.1038461538461539,0.2472268186553901,0.2394901479272642,0.2328449328449329,0.7587599713351738,0.7956069863056502,0.7695432963817765,0.7651046779012273,0.7909386328395899,0.7672649349358647,0.06402921485088253,0.03484036355161967,0.04282364556337159,0.1873611453961985,0.1551461096115479,0.1635858402802948,0.4457699330493001,0.4536238639011885,0.4224361347649019,0.04591458899037275,0.02382349489496538,0.04723933792436873
"s07_dual_role_credit","Dual-Role-Credit-AOP-v2","DASCMOP1","DAS-CMOP",100,50000,3,289503,"all",249,400,50000,0.3309482747448698,0.3450721685510715,0.3239795567040588,0.3309482747448697,0.3450721685510714,0.323979556704059,0.3286958389339646,0.3421358112968108,0.3291683497692247,16443,17104,16253,2103,1632,1656,0.1278963692756796,0.09541627689429373,0.1018888820525441,0.2408927811226662,0.2105355472404116,0.2157140220267028,0.7527029507264146,0.7880143827701308,0.7553099176612257,0.7619244449772066,0.7888814351117855,0.7589028643552685,0.06360552459413618,0.03226557949912638,0.04689244510606624,0.1926975210648431,0.1590562272567203,0.156005859375,0.4288829658347468,0.3968549796156086,0.3840714551544473,0.05141042862376358,0.02277262589505811,0.050048828125
"s07_dual_role_credit","Dual-Role-Credit-AOP-v2","DASCMOP1","DAS-CMOP",100,50000,4,289504,"all",249,400,50000,0.3344450768123174,0.344449646549208,0.3211052766384747,0.3344450768123176,0.3444496465492081,0.3211052766384747,0.3273766720737597,0.3438415440831389,0.3287817838431012,16487,17140,16173,2035,1536,1496,0.123430581670407,0.0896149358226371,0.09249984542138132,0.2531085097349427,0.2237456242707118,0.2212947505101094,0.7596181745571092,0.7966856758259058,0.763505090997287,0.7663836799364113,0.7944204031015089,0.7618267171474409,0.06538692261547691,0.03382318637742011,0.041171317732449,0.1827772325809617,0.1454587905673593,0.1426301637741383,0.4518296340731854,0.4222066713319337,0.3944437492178701,0.04992639842983317,0.02509922951202428,0.05218772916157419
"s07_dual_role_credit","Dual-Role-Credit-AOP-v2","DASCMOP1","DAS-CMOP",100,50000,5,289505,"all",249,400,50000,0.3320343491540206,0.3425171055989059,0.3254485452470735,0.3320343491540208,0.3425171055989058,0.3254485452470736,0.3246597951508132,0.3440972634798221,0.3312429413693649,16353,17090,16357,1919,1384,1436,0.1173484987464074,0.08098303101228789,0.08779115974812007,0.2446034366782853,0.2283791691047396,0.2288316928532127,0.7506086373589129,0.803285781447669,0.7741540509230954,0.7844209658606642,0.8283949845623171,0.7974361535541102,0.06287026961673317,0.03343892995424146,0.04256106587712805,0.1731007176441475,0.1282829461888642,0.1322263968003878,0.4261878853826623,0.4259063709961281,0.3981001727115717,0.05877258104429597,0.03186646433990895,0.06253787419706702
"s07_dual_role_credit","Dual-Role-Credit-AOP-v2","DASCMOP2","DAS-CMOP",100,50000,1,289601,"all",249,400,50000,0.3108212200174796,0.357454673902214,0.3317241060803065,0.3108212200174796,0.3574546739022136,0.3317241060803066,0.3218082632372691,0.3469240525879191,0.3312676841748118,15748,17541,16511,1787,1418,1389,0.1134747269494539,0.08083917678581609,0.08412573435891224,0.2238379476758953,0.232597913459894,0.2236690691054448,0.7011267591277691,0.7996232306917535,0.7483663154706999,0.7638869926393138,0.8297121844180825,0.7841040441536158,0.0526247737264029,0.02234448686278913,0.02711864406779661,0.1721986523583728,0.1411696583671106,0.1411950066658587,0.3761313679855185,0.4126431619133168,0.3800242130750605,0.07686548540054904,0.04690214244354372,0.06714337656041693
"s07_dual_role_credit","Dual-Role-Credit-AOP-v2","DASCMOP2","DAS-CMOP",100,50000,2,289602,"all",249,400,50000,0.3231709341448078,0.3422099532180199,0.3346191126371723,0.3231709341448076,0.3422099532180199,0.3346191126371724,0.3225326231029388,0.3477654897602649,0.3297018871367962,16057,17196,16547,1835,1501,1424,0.1142803761599303,0.08728774133519424,0.08605789569106183,0.2432583919785763,0.2155152361014189,0.2428234725327854,0.7399205935180208,0.7947499033913734,0.7745604960776996,0.7633478776178683,0.8004718381980696,0.7659638041659422,0.05095938200847246,0.0210896309314587,0.02926010312987169,0.1775619474536172,0.1525228033714352,0.1437621832358675,0.4223772738599552,0.3957820738137083,0.4140784266698645,0.06425102726933134,0.03787091559866066,0.06883528265107212
"s07_dual_role_credit","Dual-Role-Credit-AOP-v2","DASCMOP2","DAS-CMOP",100,50000,3,289603,"all",249,400,50000,0.3179011237640142,0.3500184381766689,0.3320804380593169,0.3179011237640144,0.3500184381766687,0.332080438059317,0.3202241386419414,0.3516212210770551,0.3281546402810033,15888,17469,16443,1745,1486,1280,0.1098313192346425,0.08506497223653328,0.07784467554582497,0.234579556898288,0.2206766271681264,0.2329258651097731,0.7159528185350956,0.7957782032697661,0.7624570642401708,0.7605201154606069,0.817087604531241,0.7732670130069275,0.05667760666498359,0.0226072985999541,0.02988867376573088,0.16269143861411,0.1472301541976014,0.1262990585646167,0.4006563998990154,0.4041771861372504,0.3946030977734753,0.06942003514938488,0.03803540833809252,0.06956840689570852
"s07_dual_role_credit","Dual-Role-Credit-AOP-v2","DASCMOP2","DAS-CMOP",100,50000,4,289604,"all",249,400,50000,0.3100649410379529,0.3536270446450868,0.3363080143169602,0.310064941037953,0.3536270446450868,0.3363080143169603,0.3230354341161468,0.3463895884228878,0.3305749774609651,15763,17432,16605,1854,1386,1435,0.1176172048467931,0.07950894905920147,0.08641975308641975,0.2324430628687432,0.2177604405690684,0.2292080698584764,0.7060003306004362,0.7975942156936033,0.7576617895607169,0.7582198597844436,0.811502799202252,0.7729930767494239,0.05495075168481078,0.01986604608922693,0.03402985074626866,0.1777059773828756,0.140438362518845,0.1397326852976914,0.3898392949714878,0.3858553751844704,0.3795820895522388,0.08152106375046601,0.04603966137075264,0.07618469015795869
"s07_dual_role_credit","Dual-Role-Credit-AOP-v2","DASCMOP2","DAS-CMOP",100,50000,5,289605,"all",249,400,50000,0.3035988368966064,0.3644747999807348,0.3319263631226586,0.3035988368966063,0.3644747999807346,0.3319263631226588,0.3151764495083168,0.3553983301505128,0.3294252203411699,15400,17925,16475,1373,1457,1194,0.08915584415584416,0.08128312412831241,0.07247344461305008,0.2163636363636364,0.2304044630404463,0.2228224582701062,0.6872208139052959,0.8002922302239701,0.7454354867769855,0.7625003821660098,0.8374692347418854,0.787190747881543,0.04911305268731798,0.02259700176366843,0.02538071065989848,0.1277083864389498,0.1414209872359652,0.1199853676380929,0.3504103786073604,0.4033289241622575,0.3606478124244621,0.08730563344379301,0.05320230430362589,0.08377027191805878
"s07_dual_role_credit","Dual-Role-Credit-AOP-v2","DASCMOP3","DAS-CMOP",100,50000,1,289701,"all",249,400,50000,0.3380862796032049,0.3340180541504573,0.3278956662463378,0.3380862796032048,0.3340180541504572,0.3278956662463378,0.3392879339128949,0.3394717771239086,0.3212402889631963,16868,16759,16173,2552,1555,1425,0.1512923879535215,0.0927859657497464,0.08810981265071416,0.2236779701209391,0.1868249895578495,0.2063933716688308,0.6874670790228664,0.726370966782702,0.7060211788589923,0.7530692803032805,0.7725092555950891,0.7405111946161723,0.0820470197102826,0.0330846968238691,0.04286064168503551,0.2203409898176652,0.1515330886705339,0.1342575246659173,0.4251959154595108,0.3640519730510106,0.3923585598824394,0.02273265451101113,0.01243044868000474,0.01673535656300737
"s07_dual_role_credit","Dual-Role-Credit-AOP-v2","DASCMOP3","DAS-CMOP",100,50000,2,289702,"all",249,400,50000,0.3473434348442369,0.3266312456580251,0.3260253194977379,0.3473434348442369,0.3266312456580249,0.3260253194977379,0.3400530018312216,0.3381664642493948,0.3217805339193835,17128,16538,16134,2644,1476,1434,0.1543671181690799,0.08924900229773854,0.08888062476757158,0.2448038299859878,0.1882331599951627,0.2117887690591298,0.7116473367591206,0.7170900002115425,0.7136211345646635,0.7559514505761159,0.7567544686637689,0.7360420831253328,0.08077189738849087,0.02756923076923077,0.04383696589090014,0.2295256077413264,0.1488173065493879,0.1345313864969425,0.4668361451351976,0.3725538461538462,0.4069695850264746,0.01805522775548737,0.01022227505051706,0.01397728690877324
"s07_dual_role_credit","Dual-Role-Credit-AOP-v2","DASCMOP3","DAS-CMOP",100,50000,3,289703,"all",249,400,50000,0.3382457367582142,0.3430120778722591,0.3187421853695267,0.3382457367582143,0.3430120778722592,0.3187421853695265,0.3409293029597548,0.338593422091312,0.3204772749489337,16906,16982,15912,2402,1464,1325,0.1420797350053236,0.08620892709928159,0.08327048768225238,0.2114633857801964,0.1802496761276646,0.1809954751131222,0.6825525008182084,0.7224092744463644,0.690003616205617,0.7553916244351984,0.782623044466113,0.7432469246959763,0.07267545422158889,0.0306683834718483,0.03780241935483871,0.2109605185621685,0.1424339376703401,0.1285105315947843,0.4004275026718917,0.3485894884700925,0.3462701612903226,0.02392457277548615,0.009835288541296363,0.01654964894684052
"s07_dual_role_credit","Dual-Role-Credit-AOP-v2","DASCMOP3","DAS-CMOP",100,50000,4,289704,"all",249,400,50000,0.3281956924214707,0.3509868846986623,0.3208174228798669,0.3281956924214706,0.3509868846986626,0.3208174228798671,0.3383470700917414,0.3398499833667308,0.3218029465415272,16603,17199,15998,2514,1497,1402,0.1514184183581281,0.08703994418280132,0.08763595449431179,0.2047822682647714,0.1990813419384848,0.1811476434554319,0.6601986508546537,0.7289409532522755,0.6866721132359678,0.7566727288261602,0.7953702023736933,0.7519064926891956,0.08182485322896282,0.03389830508474576,0.04129129129129129,0.218939124243503,0.141844809259478,0.1338995753185111,0.3928571428571428,0.3808978469995419,0.3455955955955956,0.02230924409635695,0.01157434746663517,0.0169872595553335
"s07_dual_role_credit","Dual-Role-Credit-AOP-v2","DASCMOP3","DAS-CMOP",100,50000,5,289705,"all",249,400,50000,0.3461248048259594,0.3252744923200599,0.3286007028539806,0.3461248048259594,0.32527449232006,0.328600702853981,0.3413242660819982,0.3336656374067132,0.3250100965112884,17120,16412,16268,2584,1493,1604,0.1509345794392523,0.09097002193516938,0.09859847553479223,0.2551401869158879,0.2154521082135023,0.2345709368084583,0.7207435258853242,0.7161551697555418,0.7234341085101813,0.7552865593118913,0.7331098020901455,0.7215575870473637,0.07798537774167344,0.02777777777777778,0.03788341683978981,0.2248618134775962,0.1525505293551492,0.1600494743351886,0.4897296042706278,0.4281481481481482,0.45227911523891,0.01740562154533694,0.008180943214629451,0.01422387136672851
"s07_dual_role_credit","Dual-Role-Credit-AOP-v2","DASCMOP4","DAS-CMOP",100,50000,1,289801,"all",249,400,50000,0.4465114713674606,0.1500951722875606,0.4033933563449788,0.4465114713674605,0.1500951722875606,0.4033933563449785,0.3851300596531195,0.2496947195964694,0.3651752207504108,20709,9952,19139,4671,554,4322,0.2255541069100391,0.05566720257234727,0.2258216207743351,0.04476314645806171,0.006028938906752411,0.05804900987512409,0.2593479847485479,0.1127227393430407,0.2992109673273334,0.7755283581340511,0.5691258585986539,0.7382930046324447,0.2277877697841727,0.05831995719636169,0.2301334395538737,0.2229638127020544,0.05407145156099131,0.2210618885346818,0.05827338129496403,0.01096843231674692,0.07906791475801633,0.02909583898216707,0.003057611844222723,0.03484665274266242
"s07_dual_role_credit","Dual-Role-Credit-AOP-v2","DASCMOP4","DAS-CMOP",100,50000,2,289802,"all",249,400,50000,0.4520416034631408,0.1361445703163079,0.4118138262205515,0.4520416034631407,0.1361445703163078,0.4118138262205512,0.3878237103053126,0.246541600125892,0.3656346895687952,20908,9530,19362,5248,530,4640,0.2510044002295772,0.05561385099685204,0.2396446648073546,0.02898412091065621,0.007660020986358867,0.04674103914884826,0.2354249011208188,0.1093314088854375,0.2693108061711375,0.76979602488145,0.5631500417400378,0.739659453426823,0.251355435072438,0.05563732705328231,0.2457081545064378,0.2505954230092161,0.05560084787216697,0.232821075740944,0.03697449115634166,0.00971445392993818,0.06164650799843933,0.01967484726105416,0.006522093592043046,0.02996706915477497
"s07_dual_role_credit","Dual-Role-Credit-AOP-v2","DASCMOP4","DAS-CMOP",100,50000,3,289803,"all",249,400,50000,0.414563875498724,0.1623712384062035,0.4230648860950726,0.4145638754987242,0.1623712384062035,0.4230648860950725,0.3783652305341096,0.2531760622949822,0.3684587071709078,19740,10348,19712,4724,703,4834,0.2393110435663627,0.0679358330112099,0.2452313311688312,0.03353596757852077,0.005991495941244685,0.04799107142857143,0.2704339241465911,0.1221795833102838,0.3005238853684631,0.7622411910990802,0.5760682797559017,0.7440460917311801,0.2467293342378137,0.07179995048279277,0.2490988427243407,0.2311856490818384,0.06546203835790142,0.2407851690294438,0.04893885066382402,0.01039861351819757,0.06877252893189148,0.01666489756926016,0.003170074496750674,0.02410032715376227
"s07_dual_role_credit","Dual-Role-Credit-AOP-v2","DASCMOP4","DAS-CMOP",100,50000,4,289804,"all",249,400,50000,0.446719655521601,0.1483981887122692,0.4048821557661298,0.4467196555216011,0.1483981887122692,0.4048821557661297,0.3847131065805082,0.2548047132811164,0.3604821801383753,20718,10030,19052,4341,558,3828,0.2095279467130032,0.05563310069790628,0.2009237875288684,0.07452456800849502,0.02572283150548355,0.1008293092588705,0.2991784022229702,0.152054597218312,0.3363314082956936,0.779394294735863,0.5799545660552057,0.7370067054587619,0.2035040431266846,0.05201842319154701,0.1955551145947018,0.2165206508135169,0.05773781353525793,0.2069541959210966,0.09892183288409703,0.04416147385532376,0.1421768032542911,0.04620358781810597,0.014986590944944,0.0543853783572941
"s07_dual_role_credit","Dual-Role-Credit-AOP-v2","DASCMOP4","DAS-CMOP",100,50000,5,289805,"all",249,400,50000,0.4542572064587387,0.132722035510145,0.4130207580311164,0.4542572064587382,0.1327220355101449,0.4130207580311167,0.3885225606700409,0.2448651393560059,0.3666122999739532,20977,9414,19409,5061,474,4386,0.2412642417886256,0.05035054174633524,0.225977639239528,0.02898412547075368,0.007966857871255577,0.04776134782832706,0.2452962307751344,0.1019227306522504,0.2779691980788698,0.7694102604402762,0.5594839091248575,0.7399064112009932,0.2481429076759816,0.05404589371980676,0.2294747081712062,0.2332195676905575,0.04834480498197313,0.222039653850367,0.04235939158118147,0.01449275362318841,0.07247081712062257,0.01334160719826249,0.004424778761061947,0.01993646620659437
"s07_dual_role_credit","Dual-Role-Credit-AOP-v2","DASCMOP5","DAS-CMOP",100,50000,1,289901,"all",249,400,50000,0.4356971253738864,0.1510578708433182,0.4132450037827954,0.4356971253738861,0.1510578708433181,0.4132450037827957,0.3789667700932143,0.2509655222296133,0.3700677076771724,20285,10007,19508,4947,641,4675,0.2438747843233917,0.06405516138702907,0.2396452737338528,0.0303179689425684,0.005696012791046268,0.04700635636661882,0.2556087631750871,0.1369229646984089,0.311008795570797,0.7700435792501336,0.5847135028822535,0.7604625516156598,0.2421867797547709,0.06364846870838882,0.23771606137114,0.2458147912693367,0.06429942418426103,0.2418023887079262,0.03558587627915553,0.007456724367509986,0.06379879588269567,0.02426361517270608,0.004638515674984005,0.02823018458197611
"s07_dual_role_credit","Dual-Role-Credit-AOP-v2","DASCMOP5","DAS-CMOP",100,50000,2,289902,"all",249,400,50000,0.4351452046518657,0.1447728511148879,0.4200819442332464,0.4351452046518659,0.1447728511148879,0.4200819442332463,0.37950917125851,0.2516739295493654,0.3688168991921246,20285,9869,19646,4365,617,4331,0.2151836332265221,0.06251899888539872,0.2204520004072076,0.07429134828691152,0.01043672104569865,0.07268655196986663,0.3036238675616883,0.1169701401457415,0.303250188936111,0.7709410826426661,0.5775799220635142,0.7478720533321477,0.2029533917858791,0.0636111111111111,0.2095556617295748,0.2292063492063492,0.06189184877970969,0.2328722361398541,0.09229349330872173,0.01138888888888889,0.0906832298136646,0.05365079365079365,0.009889934598819589,0.05217296590785318
"s07_dual_role_credit","Dual-Role-Credit-AOP-v2","DASCMOP5","DAS-CMOP",100,50000,3,289903,"all",249,400,50000,0.4676723061742001,0.1153366671284227,0.4169910266973771,0.4676723061742002,0.1153366671284227,0.4169910266973772,0.3844322482321469,0.2447323545150166,0.3708353972528368,21213,8972,19615,4099,414,3659,0.193230566162259,0.0461435577351761,0.1865409125669131,0.1277989911846509,0.01660722246990638,0.1413204180474127,0.4062595106864345,0.1311162658591978,0.4108447645522045,0.787107706064553,0.5590804079557513,0.7557958863783415,0.1691567920315988,0.04036186499652053,0.1602119460500963,0.2225358001463364,0.04886848146933421,0.2161342717920953,0.1615146831530139,0.01565762004175365,0.1736994219653179,0.08675655900491272,0.01705477205641194,0.1049269085002707
"s07_dual_role_credit","Dual-Role-Credit-AOP-v2","DASCMOP5","DAS-CMOP",100,50000,4,289904,"all",249,400,50000,0.4570611133837642,0.1331923317406542,0.4097465548755816,0.4570611133837642,0.1331923317406542,0.4097465548755817,0.3852396152522071,0.2505226626647237,0.3642377220830689,20970,9559,19271,4477,532,3840,0.2134954697186457,0.05565435715032954,0.1992631415079653,0.06814496900333811,0.01579663144680406,0.09200352861813087,0.31933275173623,0.1476779367378363,0.3560205143514469,0.7843774564433416,0.5722839163820127,0.751106265073216,0.1968725292102258,0.05064817606270727,0.1852941176470588,0.2332325023469281,0.05831464274271067,0.2149707860213868,0.08776245278046209,0.01115465782333434,0.1159803921568627,0.04485240429748618,0.01826337712271708,0.06504244295006063
"s07_dual_role_credit","Dual-Role-Credit-AOP-v2","DASCMOP5","DAS-CMOP",100,50000,5,289905,"all",249,400,50000,0.4413476028362447,0.1384524886951434,0.4201999084686118,0.4413476028362447,0.1384524886951434,0.4201999084686115,0.3888418089227231,0.2479010142405723,0.3632571768367045,20666,9621,19513,4464,502,4037,0.2160069679667086,0.0521775283234591,0.2068877158817199,0.04466273105584051,0.004677268475210477,0.05365653666786245,0.2578145655088177,0.0815693584846359,0.2616887165960651,0.791248827712235,0.5713056303724868,0.7495641193993886,0.2101765883852175,0.05832849680789321,0.2090179594956056,0.2226239669421488,0.04874493927125506,0.2044223327805417,0.05552521390861096,0.004062681369704005,0.06601069927397783,0.03233471074380165,0.005020242914979757,0.03935876174682145
"s07_dual_role_credit","Dual-Role-Credit-AOP-v2","DASCMOP6","DAS-CMOP",100,50000,1,290001,"all",249,400,50000,0.4153166426517474,0.1683698485293372,0.4163135088189153,0.4153166426517477,0.1683698485293373,0.4163135088189152,0.3790210095928152,0.249177616618291,0.3718013737888941,19770,10391,19639,4680,632,5026,0.2367223065250379,0.06082186507554615,0.2559193441621264,0.05619625695498229,0.03118082956404581,0.1221548958704618,0.325799654496089,0.2207630734513183,0.4374104114316452,0.791279095902632,0.6052684638178956,0.7876786566639408,0.2352258438920592,0.07859531772575251,0.2688192771084337,0.2383628459336232,0.04883158742949235,0.241472366148532,0.07805397040332721,0.05661729574773053,0.1723373493975904,0.03223412151415544,0.01402095084609186,0.06595423143350604
"s07_dual_role_credit","Dual-Role-Credit-AOP-v2","DASCMOP6","DAS-CMOP",100,50000,2,290002,"all",249,400,50000,0.4453371563398213,0.1501318457538547,0.404530997906324,0.4453371563398215,0.1501318457538546,0.404530997906324,0.3937921002453673,0.2424576012252533,0.3637502985293798,20885,9783,19132,5309,544,4318,0.2542015800813981,0.055606664622304,0.2256951703951495,0.02245630835527891,0.004088725339875294,0.02252770227890445,0.2346565225464952,0.0934876236751347,0.2406869014444077,0.7779254310127257,0.5711537351267327,0.7435388030107566,0.2566738816738817,0.08181818181818182,0.2398729150119142,0.2514034908645504,0.03938441171603508,0.2099337748344371,0.03075396825396825,0.008823529411764706,0.02968625893566322,0.01306522404817801,0.00115836505047162,0.01456953642384106
"s07_dual_role_credit","Dual-Role-Credit-AOP-v2","DASCMOP6","DAS-CMOP",100,50000,3,290003,"all",249,400,50000,0.4253625950119082,0.1602988166505604,0.4143385883375315,0.4253625950119084,0.1602988166505604,0.4143385883375315,0.3860966278859965,0.2458329441864989,0.3680704279275053,20202,10113,19485,4382,526,4341,0.2169092169092169,0.052012261445664,0.2227867590454196,0.05717255717255718,0.03174132304954019,0.1095201437002823,0.318226587318817,0.193033847430057,0.4024024416968816,0.7740500882657272,0.5801040578921675,0.7566079210008592,0.2093286752903409,0.0664493480441324,0.2284662338920647,0.2252627198002289,0.04261224489795919,0.2163902226102139,0.07619677084316873,0.05140421263791374,0.1410716015889933,0.03620851108105296,0.01893877551020408,0.07398515931907464
"s07_dual_role_credit","Dual-Role-Credit-AOP-v2","DASCMOP6","DAS-CMOP",100,50000,4,290004,"all",249,400,50000,0.4199739631470698,0.1645353152402386,0.4154907216126917,0.4199739631470695,0.1645353152402386,0.4154907216126917,0.3770920090607974,0.252826303860389,0.3700816870788138,19852,10388,19560,4508,644,4712,0.227080394922426,0.06199460916442048,0.2408997955010225,0.07102558936127343,0.03407778205621871,0.1205521472392638,0.3168294258863717,0.2050525671880634,0.4043541480290869,0.7567875207795642,0.585852338677794,0.7515758456435639,0.2182183138979163,0.07455389880224884,0.2420991591765729,0.2369542066027689,0.05383515959980943,0.2395528058178661,0.09252532976486331,0.04742116841847959,0.1564704745336813,0.04707135250266241,0.02540892488486581,0.08021274286334527
"s07_dual_role_credit","Dual-Role-Credit-AOP-v2","DASCMOP6","DAS-CMOP",100,50000,5,290005,"all",249,400,50000,0.4556785942800148,0.1424079755870074,0.4019134301329779,0.455678594280015,0.1424079755870075,0.4019134301329778,0.3968190691310564,0.2407426146394999,0.362438316229444,21233,9537,19030,5005,520,4082,0.2357179861536288,0.05452448359022753,0.214503415659485,0.0378184900861866,0.006081577015833071,0.0441408302679979,0.252036515826207,0.1014600922288568,0.264665622052206,0.7916287081400621,0.5647128906927067,0.7458292119864296,0.2354599929502996,0.08108108108108109,0.2249,0.23601416287304,0.03876357560568087,0.2029900332225913,0.0463517800493479,0.009009009009009009,0.0579,0.02802225594334851,0.004344193817878028,0.02890365448504983
"s07_dual_role_credit","Dual-Role-Credit-AOP-v2","DASCMOP7","DAS-CMOP",100,50000,1,290101,"all",249,400,50000,0.4648048166480897,0.1220488010798698,0.4131463822720405,0.4648048166480899,0.1220488010798698,0.4131463822720404,0.3989347950181279,0.2266074277478772,0.3744577772339951,21510,8685,19605,4464,402,3665,0.2075313807531381,0.046286701208981,0.1869421066054578,0.1183170618317062,0.01266551525618883,0.1405763835756185,0.3455286606250009,0.1232671034602234,0.3717890679202402,0.7245925275556485,0.4661709126710853,0.6884817631902642,0.2078976929059017,0.04602235371466141,0.1829849295089937,0.2071047599879239,0.04642920432394117,0.1913090128755365,0.1457703274863907,0.01117685733070348,0.1755955274671852,0.08634396699204991,0.01346801346801347,0.101931330472103
"s07_dual_role_credit","Dual-Role-Credit-AOP-v2","DASCMOP7","DAS-CMOP",100,50000,2,290102,"all",249,400,50000,0.4676768130686786,0.1312469440322502,0.4010762428990712,0.4676768130686787,0.1312469440322501,0.401076242899071,0.3929013816156076,0.2344633731115933,0.3726352452727997,21429,9108,19263,4200,468,3668,0.1959960800783984,0.05138339920948617,0.1904168613403935,0.1382705679219749,0.01548089591567852,0.1505995950786482,0.3717677644643698,0.1507829000172889,0.4101053541320051,0.7303261278348679,0.4858880868917295,0.6971327712216101,0.2020444978953698,0.04882514494964907,0.1870366659987978,0.1888026154474867,0.05282112845138055,0.19405236504687,0.1633880250837557,0.01800427220018309,0.1782207974353837,0.108398038414385,0.01406276796432859,0.1208921452429695
"s07_dual_role_credit","Dual-Role-Credit-AOP-v2","DASCMOP7","DAS-CMOP",100,50000,3,290103,"all",249,400,50000,0.4720246991717667,0.1173821739586457,0.4105931268695877,0.4720246991717664,0.1173821739586457,0.4105931268695878,0.4012351583997914,0.2234440903361875,0.3753207512640209,21740,8485,19575,4458,359,3553,0.2050597976080957,0.04230995875073659,0.181507024265645,0.18196872125115,0.02368886269888038,0.1876883780332056,0.4076117284296027,0.1385779239743484,0.4091737501118981,0.7306822830255546,0.4659159617937228,0.6943455758192884,0.2051914893617021,0.04143835616438356,0.1776148582600195,0.2049049049049049,0.04276729559748427,0.1857677902621723,0.213531914893617,0.0273972602739726,0.216911045943304,0.1448448448448448,0.02174303683737646,0.1556982343499198
"s07_dual_role_credit","Dual-Role-Credit-AOP-v2","DASCMOP7","DAS-CMOP",100,50000,4,290104,"all",249,400,50000,0.4588232493446915,0.1290391204369574,0.4121376302183511,0.4588232493446914,0.1290391204369575,0.4121376302183513,0.3951116163983851,0.2370559001100725,0.3678324834915425,21263,9107,19430,4624,510,3853,0.2174669613883271,0.05600087844515208,0.1983015954709212,0.08503033438367116,0.006917755572636433,0.09083890890375708,0.2983992626800389,0.09534468060799776,0.3015389816923864,0.7193800198358933,0.482108683555726,0.6784476160035474,0.2270062133543362,0.05277951280449719,0.2029987343004576,0.2063847092313949,0.05774767146486029,0.1930341740364669,0.09775094075435373,0.007495315427857589,0.1081686301236491,0.07025213501423343,0.006604572396274344,0.07140517523747134
"s07_dual_role_credit","Dual-Role-Credit-AOP-v2","DASCMOP7","DAS-CMOP",100,50000,5,290105,"all",249,400,50000,0.4479333599129386,0.1297902440802634,0.4222763960067981,0.447933359912939,0.1297902440802634,0.4222763960067981,0.3952982029306393,0.2313184014917913,0.3733833955775695,20999,8989,19812,4440,454,3944,0.211438639935235,0.05050617421292691,0.1990712699374117,0.131958664698319,0.01479586160863277,0.1465273571572784,0.3640160364574582,0.1251824161894346,0.375386463823116,0.7250471494542843,0.481590756241039,0.6933708559084909,0.2145034062387953,0.05754950495049505,0.1986301369863014,0.2079650513054963,0.04655202362341497,0.1995698924731183,0.1670849766941556,0.01330445544554455,0.1821727549467275,0.09214670324088184,0.01563314226159458,0.1062365591397849
"s07_dual_role_credit","Dual-Role-Credit-AOP-v2","DASCMOP8","DAS-CMOP",100,50000,1,290201,"all",249,400,50000,0.4413301383964144,0.1361672410757755,0.4225026205278101,0.4413301383964149,0.1361672410757756,0.4225026205278101,0.3901337615972797,0.2357867257848646,0.3740795126178558,20715,9253,19832,4398,520,4075,0.2123099203475742,0.0561979898411326,0.2054759983864461,0.1352160270335506,0.04560683021722685,0.1971056877773296,0.3465708298478392,0.1701995872876002,0.4014583659482716,0.70436288853568,0.4824164636006178,0.6859615686822752,0.2125704929961797,0.05193272351726173,0.2050014262622421,0.2120152247711141,0.05866302864938609,0.2060118089103596,0.1541750045479352,0.04632634995573916,0.2269658647903394,0.1137743030552412,0.04519099590723056,0.1633923778851315
"s07_dual_role_credit","Dual-Role-Credit-AOP-v2","DASCMOP8","DAS-CMOP",100,50000,2,290202,"all",249,400,50000,0.4553897436411906,0.1270499516361265,0.4175603047226831,0.4553897436411906,0.1270499516361265,0.417560304722683,0.3993325801118811,0.2321302703594281,0.3685371495286905,21278,8950,19572,4499,478,3898,0.2114390450230285,0.05340782122905028,0.1991620682607807,0.1157533602782216,0.0106145251396648,0.1256897608828939,0.3418500785516849,0.1123866099672156,0.3445118748260906,0.7170937567962044,0.4711272776623232,0.6718731346235988,0.2138697723663314,0.05841490369434797,0.203288777767093,0.208668543845535,0.0506657444233097,0.1944838111849995,0.1278454208575966,0.01105146826649826,0.1469372055005289,0.1019710378117458,0.01037523776586547,0.1016025291616701
"s07_dual_role_credit","Dual-Role-Credit-AOP-v2","DASCMOP8","DAS-CMOP",100,50000,3,290203,"all",249,400,50000,0.4653749253988708,0.1274118152860655,0.4072132593150635,0.465374925398871,0.1274118152860655,0.4072132593150634,0.3981293870202282,0.2331174690419523,0.3687531439378195,21500,8989,19311,4269,417,3490,0.1985581395348837,0.04639003226165313,0.1807260110817669,0.1541395348837209,0.02058070975636889,0.1686603490238724,0.3720673146594141,0.10943483587096,0.36341887179897,0.7200338656718261,0.4709581520638007,0.6706621666863204,0.2046082153952365,0.04594084329767149,0.1792974146437734,0.1914850686037127,0.04663569093099294,0.1823035850495805,0.1798412150500518,0.02328508495909377,0.2069271758436945,0.12409200968523,0.01910170366546205,0.1264029639315681
"s07_dual_role_credit","Dual-Role-Credit-AOP-v2","DASCMOP8","DAS-CMOP",100,50000,4,290204,"all",249,400,50000,0.445872928392405,0.136942687547555,0.4171843840600399,0.4458729283924051,0.136942687547555,0.4171843840600401,0.3902323231687442,0.2351413730655024,0.3746263037657537,20825,9258,19717,3798,453,3726,0.1823769507803121,0.04893065456902139,0.1889739818430796,0.1488115246098439,0.02419529055951609,0.1823806867170462,0.3667768165458411,0.1444642940589457,0.4048653235506082,0.6982184670060445,0.4676355410864448,0.6688363039294374,0.1843409316154609,0.04722792607802875,0.1908198614318707,0.1801357186921653,0.04992306377158488,0.1869168900804289,0.1747004234615731,0.02698738633030214,0.2108352578906851,0.1192679415998355,0.02256796033510002,0.1506702412868633
"s07_dual_role_credit","Dual-Role-Credit-AOP-v2","DASCMOP8","DAS-CMOP",100,50000,5,290205,"all",249,400,50000,0.4333795807180656,0.1590753193714542,0.4075450999104802,0.4333795807180656,0.1590753193714542,0.40754509991048,0.3819822845015935,0.2464490003014595,0.3715687151969471,20287,10103,19410,4204,651,4047,0.2072263025582886,0.0644363060477086,0.208500772797527,0.1395474934687238,0.03790953182223102,0.1690880989180835,0.3617040356757537,0.2234697658840275,0.4407934923613251,0.692761811746719,0.5097973670886312,0.679924828913958,0.1991655076495132,0.05705629891441555,0.2027772306480205,0.216375499894759,0.06919570172582221,0.2147796024200519,0.1681038479369495,0.0424135319363797,0.2011030135907032,0.1071353399284361,0.03500488440247476,0.1339671564390666
"s07_dual_role_credit","Dual-Role-Credit-AOP-v2","DASCMOP9","DAS-CMOP",100,50000,1,290301,"all",249,400,50000,0.3790571208978389,0.2809582525668283,0.3399846265353328,0.3790571208978388,0.2809582525668284,0.3399846265353327,0.3112084707019699,0.3656003590874466,0.3231911702105835,17189,16105,16506,1566,1598,1129,0.0911047763104311,0.09922384352685501,0.06839936992608749,0.3174122985630345,0.1183483390251475,0.259239064582576,0.7237270524691373,0.6186211476497039,0.6860538848166143,0.6383511575897689,0.7104939562981744,0.6520674679433242,0.06633464024584083,0.02356469580119966,0.03533861245715637,0.1212590299277606,0.1574206305613534,0.1031696706028589,0.5114972978700858,0.2327906312482148,0.4341094433282118,0.08114035087719298,0.03031967483247281,0.07532628962088253
"s07_dual_role_credit","Dual-Role-Credit-AOP-v2","DASCMOP9","DAS-CMOP",100,50000,2,290302,"all",249,400,50000,0.3742419323169729,0.2848175882244181,0.3409404794586089,0.3742419323169727,0.2848175882244181,0.3409404794586092,0.3093646937328731,0.3668665970237037,0.3237687092434234,17024,16229,16547,1560,1689,1192,0.09163533834586467,0.1040729558198287,0.07203722729195625,0.2900023496240601,0.1115903629305564,0.2399226445881429,0.7113647437029704,0.6086210247359057,0.6734022831497809,0.6374892521702266,0.7050498087966112,0.6511719061566454,0.0626743936467053,0.02183713722175261,0.03830740216878831,0.1266545548922917,0.1679991238637608,0.1075282153044772,0.4693067181798669,0.2300648069878839,0.4113625648279113,0.07318972229431611,0.01949403132187055,0.05953119186407044
"s07_dual_role_credit","Dual-Role-Credit-AOP-v2","DASCMOP9","DAS-CMOP",100,50000,3,290303,"all",249,400,50000,0.3739131364718205,0.2835684247514835,0.3425184387766959,0.3739131364718207,0.2835684247514836,0.3425184387766959,0.3121783009948265,0.3671752609487761,0.3206464380563974,17090,16214,16496,1663,1688,1234,0.09730836746635459,0.1041075613667201,0.07480601357904947,0.290988882387361,0.114160601948933,0.247090203685742,0.714685880071435,0.6128139696971969,0.6793037678052721,0.6292617563557856,0.6949286321765065,0.636534860994707,0.0646686002792996,0.02052080384941976,0.04211143695014663,0.1363577946279398,0.1686707477044163,0.109772926859867,0.4810398539048233,0.2376167562977639,0.4269794721407625,0.0636165017349955,0.01880192391779624,0.05469828126960231
"s07_dual_role_credit","Dual-Role-Credit-AOP-v2","DASCMOP9","DAS-CMOP",100,50000,4,290304,"all",249,400,50000,0.3743134348634755,0.2825229334296334,0.3431636317068912,0.3743134348634754,0.2825229334296334,0.343163631706891,0.3109661048982528,0.3667853319515877,0.3222485631501598,17066,16166,16568,1634,1691,1221,0.09574592757529592,0.1046022516392429,0.07369628198937711,0.2976678776514707,0.1153655820858592,0.250784645098986,0.7118800213067036,0.6140509896862435,0.6781597244799754,0.6465366976571759,0.7145646459095819,0.6604550138783065,0.06886195430655369,0.01848691695108077,0.03943826799297835,0.1281157174221878,0.1708999343113641,0.1101832232332045,0.4864314061997211,0.2376279863481229,0.4311293153891164,0.07038615523698825,0.02123932559667177,0.05870621961859653
"s07_dual_role_credit","Dual-Role-Credit-AOP-v2","DASCMOP9","DAS-CMOP",100,50000,5,290305,"all",249,400,50000,0.3739749489649259,0.285145763705536,0.3408792873295381,0.3739749489649257,0.2851457637055362,0.3408792873295383,0.313022014057917,0.3670864481396228,0.3198915378024599,17105,16249,16446,1575,1726,1124,0.0920783396667641,0.1062219213490061,0.06834488629453971,0.3071031862028646,0.1224075327712475,0.2599416271433783,0.7234071833280379,0.6203174924073966,0.6879877344317243,0.6289354243078119,0.6950168505712038,0.6389529022153967,0.0613253141445602,0.02534140504012389,0.03794485034173933,0.1288170387477547,0.1690356439973759,0.1007537688442211,0.4979057029320159,0.2462339856398705,0.4382512373320764,0.07916345907108031,0.02624097966324076,0.06984924623115578
"s07_dual_role_credit","Dual-Role-Credit-AOP-v2","LIRCMOP10","LIR-CMOP",100,50000,1,289001,"all",249,400,50000,0.3396555940633547,0.3188225304502239,0.3415218754864214,0.3396555940633548,0.3188225304502241,0.3415218754864216,0.3198250319787242,0.3450292454779775,0.3351457225432984,16419,16535,16846,1506,1979,2048,0.09172300383701809,0.1196855155730269,0.1215718865012466,0.6203179243559291,0.6407620199576656,0.6919743559301912,0.9135540071383791,0.8899508188106608,0.9179820394596809,0.8109925766823941,0.8435850237764319,0.8282424109015201,0.1011116367076632,0.1011335012594458,0.1262935089369708,0.08175310812507849,0.1368237347294939,0.1167585710860705,0.7639545884578998,0.6977329974811083,0.7836312323612418,0.4677885219138516,0.5881326352530541,0.5985375209781827
"s07_dual_role_credit","Dual-Role-Credit-AOP-v2","LIRCMOP10","LIR-CMOP",100,50000,2,289002,"all",249,400,50000,0.341521209914635,0.319411316632053,0.3390674734533118,0.3415212099146351,0.3194113166320531,0.3390674734533118,0.3211487170880501,0.3443013916590653,0.3345498912528841,16496,16528,16776,2193,2218,2336,0.1329413191076625,0.1341965150048403,0.1392465426800191,0.7025339476236664,0.6922192642787997,0.7477348593228421,0.9314275250635848,0.9114232778571022,0.9335939802583618,0.8367215214998197,0.8782271366888694,0.8602778061073154,0.138555633968478,0.1183714501130937,0.1404028436018957,0.1269702276707531,0.1488914819136523,0.1380758157389635,0.8235709244883557,0.7537069615481277,0.8268957345971564,0.5738053540155116,0.63512252042007,0.6675863723608445
"s07_dual_role_credit","Dual-Role-Credit-AOP-v2","LIRCMOP10","LIR-CMOP",100,50000,3,289003,"all",249,400,50000,0.3413035873973717,0.3181198866371088,0.3405765259655196,0.3413035873973719,0.3181198866371087,0.3405765259655195,0.3204483247299736,0.3446238374950354,0.3349278377749907,16461,16518,16821,1627,2048,2107,0.09883968167183038,0.1239859547160673,0.1252600915522264,0.6435817994046534,0.6490495217338661,0.706438380595684,0.9154008841397239,0.8918988452598022,0.9189860206435987,0.8131270804951283,0.8454918059736244,0.8302455947212208,0.1100895803866101,0.1112091791703442,0.130936947554508,0.08687476494922904,0.1357866542447886,0.1194817658349328,0.7924328147100425,0.7076030765351153,0.7970536240424279,0.4852701516860976,0.5949691393967625,0.6142034548944337
"s07_dual_role_credit","Dual-Role-Credit-AOP-v2","LIRCMOP10","LIR-CMOP",100,50000,4,289004,"all",249,400,50000,0.3383365371561685,0.3211789717380626,0.3404844911057688,0.3383365371561681,0.3211789717380629,0.340484491105769,0.3137014068468897,0.351646762191269,0.3346518309618414,16241,16755,16804,1437,1955,1800,0.08847977341296719,0.1166815875857953,0.1071173530111878,0.6742811403238717,0.6147418680990749,0.6862056653177815,0.9382606553140953,0.8937272090102188,0.9248414918824804,0.793814213937701,0.8486803728882064,0.8222007702928084,0.09938256946093564,0.1082906089783669,0.1166136068859804,0.07673615551860852,0.1243434574103677,0.09744082662501502,0.7284492994538114,0.6930098787045142,0.7586369531894823,0.6159355416293644,0.5432747202557662,0.6123993752252793
"s07_dual_role_credit","Dual-Role-Credit-AOP-v2","LIRCMOP10","LIR-CMOP",100,50000,5,289005,"all",249,400,50000,0.3362797543882887,0.3197381476057446,0.3439820980059667,0.3362797543882887,0.3197381476057446,0.3439820980059667,0.3204074461924794,0.3447961436618447,0.334796410145676,16353,16554,16893,1672,2021,2329,0.1022442365315233,0.1220852966050501,0.1378677558752146,0.6417782669846511,0.6562160202972092,0.7057361037115966,0.9228349724749249,0.8964583254942787,0.9238235408292648,0.8186545507963843,0.8550495365915916,0.8372688362430802,0.1107262302914477,0.1111111111111111,0.1539180193857293,0.09334669840872072,0.132262195831878,0.1213685474189676,0.752627806975633,0.7200251098556183,0.7930631787924792,0.5254980578874827,0.5970427290720689,0.6159663865546219
"s07_dual_role_credit","Dual-Role-Credit-AOP-v2","LIRCMOP11","LIR-CMOP",100,50000,1,289101,"all",249,400,50000,0.3438144987312461,0.3118638142494453,0.3443216870193087,0.3438144987312464,0.3118638142494456,0.3443216870193086,0.3203675043916106,0.3480020250988477,0.3316304705095415,16540,16418,16842,2722,2459,2707,0.1645707376058041,0.1497746375928859,0.1607291295570597,0.5911729141475212,0.4088195882567913,0.5548628428927681,0.8590816838632722,0.7917620647379811,0.8474247267101793,0.8331079707673518,0.8864511891253465,0.8591795562030755,0.1722969023962595,0.1174803555326549,0.1717548357026334,0.156293049467752,0.1787406123627961,0.149273607748184,0.734073641145529,0.6174159474429989,0.7456303891866698,0.4380713838447088,0.2217215482380127,0.3566585956416465
"s07_dual_role_credit","Dual-Role-Credit-AOP-v2","LIRCMOP11","LIR-CMOP",100,50000,2,289102,"all",249,400,50000,0.3449770460153682,0.3091961842914435,0.3458267696931884,0.3449770460153683,0.3091961842914434,0.3458267696931884,0.3234538446975588,0.3446459069079166,0.331900248394525,16642,16280,16878,2598,2548,2812,0.1561110443456315,0.1565110565110565,0.1666074179405143,0.4930296839322197,0.3625921375921376,0.4920014219694276,0.8178681195941203,0.7615784374450568,0.8120770723652893,0.8304451380325309,0.861890469916488,0.8463788480441702,0.1664338919925512,0.1222713097713098,0.1807942405945193,0.1450931677018633,0.1872087604846226,0.1518267602225986,0.708449720670391,0.5771829521829522,0.72677659080353,0.2631055900621118,0.1702003727865797,0.2473989837890152
"s07_dual_role_credit","Dual-Role-Credit-AOP-v2","LIRCMOP11","LIR-CMOP",100,50000,3,289103,"all",249,400,50000,0.3428230677463543,0.3136657479450693,0.3435111843085765,0.3428230677463543,0.3136657479450695,0.3435111843085763,0.3220235607986255,0.3489832068907018,0.3289932323106722,16556,16504,16740,2838,2918,2757,0.1714182169606185,0.176805622879302,0.1646953405017921,0.5317105581058227,0.4148691226369365,0.5348864994026284,0.8303660652894331,0.7870259477287072,0.8337743282606487,0.8401460149243222,0.8829454787051138,0.8613683438689297,0.1754303782644338,0.1224385245901639,0.1716356833859465,0.1671448172633155,0.2256209751609936,0.1574447294491267,0.7526642463988757,0.641265368852459,0.7647609026072723,0.2963702132967444,0.2115915363385465,0.2947355563698547
"s07_dual_role_credit","Dual-Role-Credit-AOP-v2","LIRCMOP11","LIR-CMOP",100,50000,4,289104,"all",249,400,50000,0.3452726264631636,0.3114329001537032,0.3432944733831331,0.3452726264631637,0.3114329001537031,0.3432944733831332,0.3224298574205573,0.3475918639599045,0.329978278619538,16622,16400,16778,2199,2511,2502,0.1322945493923716,0.153109756097561,0.1491238526642031,0.4671519672722897,0.3379268292682927,0.4578614852783407,0.8084179943877391,0.7508309800204495,0.800540313749891,0.8102008003876439,0.8353255132130041,0.8200403975568061,0.1405304792926943,0.12,0.1550151975683891,0.1234737104410665,0.1827745664739884,0.1429961089494163,0.6579804560260586,0.528,0.6599251812017769,0.262770994268627,0.1676300578034682,0.2476896887159533
"s07_dual_role_credit","Dual-Role-Credit-AOP-v2","LIRCMOP11","LIR-CMOP",100,50000,5,289105,"all",249,400,50000,0.3400280282917488,0.316286608773227,0.3436853629350243,0.3400280282917487,0.3162866087732272,0.3436853629350242,0.319006867648759,0.3495366946183741,0.3314564377328666,16408,16573,16819,2161,2585,2592,0.1317040468064359,0.1559765884269595,0.1541114216065164,0.4813505607020965,0.3622156519640379,0.4736310125453356,0.81378161160816,0.7650128075416639,0.8059598464564305,0.7838151891393372,0.815723638816422,0.798786777317559,0.1429922004254313,0.1148768723026149,0.1605140186915888,0.1196828593002769,0.1932144910868315,0.1474754812931348,0.6662727487591585,0.5769230769230769,0.6942757009345795,0.2844198338786811,0.1676825761932145,0.2449449085845744
"s07_dual_role_credit","Dual-Role-Credit-AOP-v2","LIRCMOP12","LIR-CMOP",100,50000,1,289201,"all",249,400,50000,0.3435120516337062,0.3120843681514061,0.3444035802148876,0.3435120516337061,0.3120843681514058,0.3444035802148877,0.3241918973964705,0.3470689913694175,0.3287391112341116,16622,16404,16774,2183,2473,2124,0.131331969678739,0.1507559131919044,0.1266245379754382,0.3851522079172182,0.292001950743721,0.4014546321688327,0.8009716984611329,0.760665928973015,0.8140858614525605,0.8698410281098329,0.9056301643810123,0.8867585544095224,0.08589818607372733,0.06175221922037823,0.08284782102074109,0.1793982914448434,0.2309118294519754,0.1724853515625,0.5750731421884143,0.4776791457609674,0.589489629457003,0.1842268168874582,0.1247827598192562,0.2044677734375
"s07_dual_role_credit","Dual-Role-Credit-AOP-v2","LIRCMOP12","LIR-CMOP",100,50000,2,289202,"all",249,400,50000,0.3398915635964798,0.3204116866156919,0.3396967497878282,0.3398915635964796,0.320411686615692,0.3396967497878282,0.3219680854851459,0.357452666268107,0.3205792482467468,16476,16887,16437,2326,2252,1546,0.1411750424860403,0.1333570201930479,0.09405609296100262,0.5852148579752368,0.4571563924912655,0.6313804222181664,0.8501033662354479,0.7925031309570686,0.8645564792072924,0.8424319792500186,0.9112488117701621,0.8652626186722697,0.1201985580900603,0.05942083490033848,0.07551406286929804,0.1633187772925764,0.1995510662177329,0.113730407523511,0.6780522396879801,0.6570139150056412,0.7285511699361853,0.487211478477854,0.2782267115600449,0.5282758620689655
"s07_dual_role_credit","Dual-Role-Credit-AOP-v2","LIRCMOP12","LIR-CMOP",100,50000,3,289203,"all",249,400,50000,0.3473167247640848,0.3096533634003119,0.3430299118356032,0.3473167247640849,0.3096533634003119,0.3430299118356029,0.3266470390400146,0.3466873436926228,0.3266656172673626,16784,16346,16670,2315,2406,2029,0.1379289799809342,0.147191973571516,0.1217156568686263,0.4197449952335557,0.3166523920225132,0.4440311937612478,0.7946095534758497,0.7477103337938967,0.8088706485825612,0.8611849652298728,0.9031955441724143,0.877662681682626,0.09869409453368774,0.0641856846473029,0.07850029291154072,0.1796826958553683,0.2213342599027102,0.1670559311616472,0.639200277360453,0.5308609958506224,0.6451083772700644,0.1862009592916,0.1253185082233032,0.2330669944683466
"s07_dual_role_credit","Dual-Role-Credit-AOP-v2","LIRCMOP12","LIR-CMOP",100,50000,4,289204,"all",249,400,50000,0.3375889223967161,0.3206315802965568,0.3417794973067272,0.3375889223967161,0.320631580296557,0.3417794973067271,0.3269796994421531,0.3481652145038185,0.3248550860540285,16551,16656,16593,2192,1828,1599,0.1324391275451634,0.1097502401536984,0.09636593744350028,0.5455863694036615,0.5353025936599424,0.6174893027180136,0.8286817125398659,0.8130353994237643,0.8557104773615326,0.8500802750642154,0.9084976186198617,0.8689773218367434,0.1057577920532953,0.0557085628442664,0.07559369856571832,0.159975445058318,0.1595523765574527,0.1182144182020527,0.6325243873423745,0.629444166249374,0.6952739242887374,0.4558624923265807,0.4485463774803876,0.5356745393841968
"s07_dual_role_credit","Dual-Role-Credit-AOP-v2","LIRCMOP12","LIR-CMOP",100,50000,5,289205,"all",249,400,50000,0.3489395137383166,0.3108913460270389,0.3401691402346446,0.3489395137383163,0.3108913460270392,0.3401691402346446,0.3250416094529118,0.341468520222837,0.3334898703242514,16793,16242,16765,2386,2248,2370,0.1420830107783005,0.1384066001723926,0.1413659409484044,0.3987375692252724,0.3200344785124984,0.3982702057858634,0.7822327071186266,0.7386219151743405,0.7800655639473175,0.8460998915913746,0.8774647493728855,0.8573775826130652,0.1181274442144007,0.06874273161907223,0.09117751269635054,0.1677984936411903,0.2018111254851229,0.1925765244637262,0.6200828157349897,0.5362449928931387,0.6302114089996457,0.161131003827633,0.1232506174291427,0.1616052060737527
"s07_dual_role_credit","Dual-Role-Credit-AOP-v2","LIRCMOP13","LIR-CMOP",100,50000,1,289301,"all",249,400,50000,0.3436355018684805,0.3127402187243204,0.3436242794071992,0.3436355018684806,0.3127402187243202,0.3436242794071994,0.3503341001777571,0.312560070196672,0.3371058296255707,17279,15560,16961,3732,1947,3144,0.2159847213380404,0.1251285347043702,0.1853664288662225,0.7303663406447133,0.6727506426735218,0.7764872354224397,0.9174239433755431,0.9017807193180877,0.9284186022459817,0.4596877383646196,0.4478514702361746,0.4529837885325145,0.1982466393921683,0.1095978414493126,0.1753095071245036,0.2333791838606144,0.1406712099781407,0.1956185260150018,0.774634716540035,0.7057689836823847,0.8154636767110488,0.6869555249885374,0.6397068278256397,0.7367543755208954
"s07_dual_role_credit","Dual-Role-Credit-AOP-v2","LIRCMOP13","LIR-CMOP",100,50000,2,289302,"all",249,400,50000,0.3463961891125584,0.3099387984817628,0.3436650124056788,0.3463961891125583,0.3099387984817626,0.3436650124056785,0.3541591667684323,0.3110189326070054,0.3348219006245624,17457,15444,16899,3961,1808,3020,0.2269003838001948,0.1170681170681171,0.1787087993372389,0.7159305722632755,0.6375291375291375,0.7507544825137582,0.908966588249183,0.896957716636067,0.9244760095945932,0.4628807604738606,0.4495459590643328,0.4549457679152379,0.2088791004984351,0.09725103734439834,0.1663357084452751,0.2445073612684032,0.1368339368856699,0.1914128088270569,0.7716471542830649,0.6838692946058091,0.7992057002686602,0.6614949037372594,0.5913088463528194,0.7010074358359318
"s07_dual_role_credit","Dual-Role-Credit-AOP-v2","LIRCMOP13","LIR-CMOP",100,50000,3,289303,"all",249,400,50000,0.3494378627030946,0.3083418176348701,0.3422203196620354,0.3494378627030947,0.30834181763487,0.3422203196620354,0.3551763384634136,0.3098428693331644,0.3349807922034218,17556,15386,16858,4031,1859,3092,0.2296081111870586,0.1208241258286754,0.183414402657492,0.7235133287764867,0.6525412712855843,0.7633171194685016,0.9165285696899109,0.9010472363179319,0.9264400420821218,0.4615049103046224,0.446948592258564,0.4523644032282857,0.2090940406476059,0.1044056308654849,0.1726728489259303,0.249802192833729,0.1371532278973295,0.1943878162849262,0.772074865082099,0.6889989572471324,0.8052588331963846,0.6757092799819148,0.6162820845216489,0.7204700803453652
"s07_dual_role_credit","Dual-Role-Credit-AOP-v2","LIRCMOP13","LIR-CMOP",100,50000,4,289304,"all",249,400,50000,0.3454393232483445,0.3122797954011728,0.3422808813504827,0.3454393232483444,0.3122797954011727,0.3422808813504832,0.3543351608452088,0.3094352582626931,0.3362295808920984,17420,15485,16895,3794,1850,3006,0.2177956371986223,0.1194704552793026,0.1779224622669429,0.7243398392652124,0.6620600581207621,0.7705238236164546,0.9148830814301652,0.9030847450488041,0.9313056255198255,0.4617161986744878,0.446775932286732,0.4533611845097262,0.1910517141196978,0.1037942122186495,0.1596244131455399,0.2439024390243902,0.1352788586251621,0.1965373134328358,0.7719930273097036,0.7039228295819936,0.8065727699530516,0.6778218944980148,0.6198443579766537,0.7338507462686568
"s07_dual_role_credit","Dual-Role-Credit-AOP-v2","LIRCMOP13","LIR-CMOP",100,50000,5,289305,"all",249,400,50000,0.3449321169080561,0.3112489111300828,0.3438189719618613,0.3449321169080563,0.3112489111300826,0.3438189719618614,0.352910807329786,0.3107512214441987,0.3363379712260153,17390,15469,16941,3797,1862,3124,0.2183438757906843,0.1203697718016679,0.1844046986600555,0.7194939620471535,0.6447734178033486,0.7629419750900183,0.9160258755474062,0.903419319455012,0.9321097233391158,0.4605989523110498,0.4470844030732287,0.4521071262407134,0.1977190736646107,0.106344488952061,0.1741363211951447,0.2384903944526543,0.1344113842173351,0.194912217843067,0.7639939485627837,0.6800620235172503,0.8028711484593838,0.6760259179265659,0.6094437257438551,0.7220828854651857
"s07_dual_role_credit","Dual-Role-Credit-AOP-v2","LIRCMOP14","LIR-CMOP",100,50000,1,289401,"all",249,400,50000,0.3525948975306646,0.3037573679227809,0.3436477345465545,0.3525948975306647,0.3037573679227811,0.3436477345465543,0.3538876829817205,0.3112325794389433,0.3348797375793369,17599,15300,16901,3691,1627,2731,0.2097278254446275,0.1063398692810457,0.161588071711733,0.610091482470595,0.5033333333333333,0.62043666055263,0.9096319513781792,0.8900315742661151,0.9217506962899917,0.4611920401871303,0.4476440280488323,0.4530560059697608,0.1852864138480811,0.08106321079079609,0.1376650695337151,0.2340666817872533,0.1310416128198501,0.1861217641418984,0.6862544129370232,0.5334567574715684,0.6771064625452846,0.5342481288273985,0.4738950633238563,0.5623202301054651
"s07_dual_role_credit","Dual-Role-Credit-AOP-v2","LIRCMOP14","LIR-CMOP",100,50000,2,289402,"all",249,400,50000,0.3516475463152537,0.3056592389867711,0.3426932146979752,0.3516475463152541,0.3056592389867711,0.3426932146979752,0.3557897546396157,0.3100765726725524,0.3341336726878323,17628,15318,16854,3724,1579,2705,0.2112548218742909,0.103081342211777,0.1604960246825679,0.6221352393918765,0.5206946076511294,0.6321348047941141,0.9176889197435824,0.9011375034501431,0.9297324372022674,0.4571310119994281,0.4464492880589597,0.4507548619274021,0.1889763779527559,0.08555657773689053,0.1451688555347092,0.2332769317540891,0.120378778051628,0.176195051645448,0.6994180075316673,0.5343671967407018,0.6857410881801126,0.5457416807670615,0.5071993773511481,0.5772279606053327
"s07_dual_role_credit","Dual-Role-Credit-AOP-v2","LIRCMOP14","LIR-CMOP",100,50000,3,289403,"all",249,400,50000,0.3510409142191864,0.3063095779522256,0.3426495078285882,0.351040914219186,0.3063095779522254,0.3426495078285878,0.3559359914991682,0.3083631271475908,0.3357008813532408,17598,15317,16885,3730,1592,2803,0.2119559040800091,0.1039368022458706,0.1660053301747113,0.6263779974997159,0.5125024482601032,0.6270062185371632,0.9102288178421013,0.8939860395852747,0.9230184471148851,0.4614756444485116,0.4473750364829818,0.45272112680308,0.185291090014869,0.08501440922190202,0.1461926551683679,0.23828345567476,0.1227385136014578,0.1861994738100933,0.696099736932403,0.5441446161907257,0.6864953654816379,0.5575381140598532,0.4810620851229988,0.5663716814159292
"s07_dual_role_credit","Dual-Role-Credit-AOP-v2","LIRCMOP14","LIR-CMOP",100,50000,4,289404,"all",249,400,50000,0.3482722863441935,0.3076098822811995,0.3441178313746069,0.3482722863441934,0.3076098822811995,0.3441178313746068,0.3572350720941468,0.3102849694900588,0.3324799584157942,17570,15389,16841,3772,1660,2807,0.2146841206602163,0.1078692572616804,0.1666765631494567,0.6121798520204895,0.5197218792644096,0.6263286028145597,0.9119336387743562,0.8953962920657976,0.9252002336955508,0.4629471151301576,0.4496845011831055,0.4549905644790615,0.185099757813401,0.08649706457925636,0.1556515646893975,0.2435105067985167,0.1290781978249612,0.1780838468043977,0.6830815361549994,0.5536855838225702,0.6882297991592714,0.5430947297449151,0.486017607457276,0.5622810196931255
"s07_dual_role_credit","Dual-Role-Credit-AOP-v2","LIRCMOP14","LIR-CMOP",100,50000,5,289405,"all",249,400,50000,0.3489367697230959,0.3084417963679082,0.3426214339089958,0.3489367697230961,0.3084417963679083,0.342621433908996,0.355691306361594,0.3081284666312374,0.3361802270071688,17550,15351,16899,3754,1563,2808,0.2139031339031339,0.1018174711745163,0.1661636783241612,0.6344159544159544,0.5320826004820532,0.6383809692881236,0.9156036515167499,0.9089333961119986,0.9340684859475319,0.4611854082454563,0.4469526098154171,0.4536827786779808,0.1911172477275342,0.083637311099531,0.1495370912926286,0.2362569138728976,0.12,0.1831221611283768,0.702565872741917,0.5545857217300677,0.6892066096331888,0.5675584151710126,0.5095765472312703,0.5865407602199378
"s07_dual_role_credit","Dual-Role-Credit-AOP-v2","LIRCMOP1","LIR-CMOP",100,50000,1,288101,"all",249,400,50000,0.3512599718640445,0.3261003217298132,0.3226397064061424,0.3512599718640443,0.3261003217298132,0.3226397064061424,0.3122089903843975,0.3617927601103759,0.3259982495052267,16529,17129,16142,1405,1586,1055,0.08500211749047129,0.09259151147177301,0.06535745260810308,0.01609292758182588,0.007064043435110048,0.004150662867054888,0.7525626129900452,0.7866258282604032,0.75186446621044,0.7106486052551417,0.7494603958489854,0.7158662032005259,0.07324040219378428,0.03026947212993725,0.04014462037152475,0.09823839526809824,0.14885580982004,0.09025982021918483,0.03027879341864717,0.014765596160945,0.008353073182894901,0.0001285842870001286,0.0001110864252388358,0
"s07_dual_role_credit","Dual-Role-Credit-AOP-v2","LIRCMOP1","LIR-CMOP",100,50000,2,288102,"all",249,400,50000,0.3559968597031673,0.3217757221469184,0.3222274181499141,0.3559968597031675,0.3217757221469186,0.3222274181499142,0.3104615545479995,0.362868690570373,0.3266697548816276,16589,17056,16155,1516,1798,1130,0.09138585809874013,0.1054174484052533,0.06994738471061591,0.02519741997709326,0.01612335834896811,0.007056638811513464,0.7472347166405848,0.7742448113922948,0.7418521967358241,0.6951188782850262,0.727828345205919,0.6984680499400723,0.08286294874689547,0.03992514036182158,0.04360284041360409,0.1011512094166343,0.1634774914279394,0.09596456692913385,0.04718898171144728,0.03418590143480973,0.01407748847639218,0,0.0001106072337130848,0.0001230314960629921
"s07_dual_role_credit","Dual-Role-Credit-AOP-v2","LIRCMOP1","LIR-CMOP",100,50000,3,288103,"all",249,400,50000,0.3578946102286234,0.3200526725724866,0.3220527171988901,0.3578946102286232,0.3200526725724866,0.3220527171988901,0.316253824928003,0.3569107851408677,0.3268353899311294,16782,16860,16158,1567,1617,1149,0.09337385293767131,0.09590747330960854,0.07111028592647604,0.01453938743892266,0.009845788849347567,0.004455997029335313,0.7753045365112525,0.7772864383609358,0.755369336853694,0.696696660292268,0.71638084825809,0.690945731520763,0.07275993712104199,0.03513174404015056,0.0400049850448654,0.1166835957338751,0.1503937007874016,0.1017949348414064,0.0273972602739726,0.02082810539523212,0.00897308075772682,0,0,0
"s07_dual_role_credit","Dual-Role-Credit-AOP-v2","LIRCMOP1","LIR-CMOP",100,50000,4,288104,"all",249,400,50000,0.3434675973930477,0.328385142040045,0.3281472605669074,0.3434675973930477,0.3283851420400449,0.3281472605669074,0.3102257776839673,0.3669639518991346,0.3228102704168981,16268,17311,16221,1310,1947,1161,0.08052618637816572,0.1124718387152678,0.07157388570371741,0.03589869682812884,0.03673964531222922,0.02749522224277172,0.7730775535656113,0.7986249248925898,0.7824880238222525,0.6829851864525126,0.7342806832728913,0.6944675844027844,0.07244850187265918,0.04474874679056119,0.05576617341323224,0.0894614189539099,0.1731274638633377,0.08764296369965191,0.06835205992509363,0.07776011737376208,0.05454323101381925,0,0,0
"s07_dual_role_credit","Dual-Role-Credit-AOP-v2","LIRCMOP1","LIR-CMOP",100,50000,5,288105,"all",249,400,50000,0.3506440491010038,0.3245792312782288,0.3247767196207675,0.3506440491010038,0.3245792312782286,0.3247767196207674,0.3042224042434436,0.3667204180663954,0.329057177690161,16307,17215,16278,1180,1873,1148,0.07236156251916355,0.1088004647110078,0.07052463447597986,0.01839700742012633,0.01144350856810921,0.005651799975426957,0.7539648045484213,0.7825103472305556,0.7593887998247786,0.6934119733500383,0.7266709374123113,0.6995890487292599,0.06745304626660559,0.03813297016218893,0.03955011741441107,0.07801980198019802,0.1712628583935216,0.1011359472334188,0.03435639028859368,0.02426643555775659,0.01137065875664318,0,0.0001094331363536879,0
"s07_dual_role_credit","Dual-Role-Credit-AOP-v2","LIRCMOP2","LIR-CMOP",100,50000,1,288201,"all",249,400,50000,0.3566880552827861,0.3244242240067594,0.3188877207104546,0.356688055282786,0.3244242240067594,0.3188877207104545,0.304018498440816,0.3673870748883196,0.3285944266708652,16464,17224,16112,1384,1947,1174,0.08406219630709427,0.1130399442638179,0.07286494538232373,0.02022594752186589,0.01097306084533209,0.004344587884806355,0.7958132533315844,0.7792385159362658,0.7697985506841499,0.6990236106017448,0.7457612690728749,0.7070602871745653,0.07368657891776353,0.02996532937097573,0.03175803402646503,0.09623762376237624,0.1863795365107127,0.1127552892258775,0.03746203172460344,0.02340267459138187,0.008695652173913044,0,0,0.0001222942399412988
"s07_dual_role_credit","Dual-Role-Credit-AOP-v2","LIRCMOP2","LIR-CMOP",100,50000,2,288202,"all",249,400,50000,0.3446702720667266,0.3317837135416037,0.3235460143916698,0.3446702720667263,0.3317837135416035,0.3235460143916695,0.3007937480994166,0.3705200811416426,0.3286861707589411,16074,17479,16247,1206,1994,1217,0.07502799552071669,0.1140797528462727,0.07490613651751092,0.02706233669279582,0.01996681732364552,0.01384871053117499,0.7560144765976685,0.7764573766882323,0.7536689084586721,0.7131542713330664,0.7821151689659777,0.7340446069745177,0.07369033760186264,0.03648042661495576,0.04107209331182529,0.07656333511491181,0.1834633723450368,0.1082071323888617,0.05040745052386496,0.04229790328445037,0.02767092691400918,0.0002672367717797969,0,0.0002442598925256473
"s07_dual_role_credit","Dual-Role-Credit-AOP-v2","LIRCMOP2","LIR-CMOP",100,50000,3,288203,"all",249,400,50000,0.3477291699296966,0.3221863659543507,0.3300844641159528,0.347729169929697,0.3221863659543508,0.3300844641159528,0.3039783717322362,0.366770810838526,0.329250817429238,16217,17162,16421,1396,2077,1378,0.0860825060122094,0.1210231907703065,0.08391693563120395,0.04371955355491151,0.03863186108845123,0.04542963278728458,0.8011838494311415,0.7904089940951696,0.7969516565123522,0.7027169249987798,0.7531782722218316,0.7191909840939357,0.07425399028452463,0.03626168224299065,0.04848705796573095,0.09959054286091666,0.1954689723103863,0.1195068359375,0.08200323849178812,0.08261682242990655,0.09053347915907158,0,0,0.0001220703125
"s07_dual_role_credit","Dual-Role-Credit-AOP-v2","LIRCMOP2","LIR-CMOP",100,50000,4,288204,"all",249,400,50000,0.3601339381467571,0.3174125448018608,0.3224535170513821,0.3601339381467569,0.3174125448018605,0.3224535170513823,0.3068544779930347,0.3671768236598549,0.3259686983471099,16604,17055,16141,1549,2250,1252,0.09329077330763672,0.1319261213720317,0.07756644569729261,0.03053481088894242,0.02532981530343008,0.012886438262809,0.8124973195794596,0.7692566739210582,0.7833067100013432,0.7005296721770811,0.7376012070194675,0.7033332545061987,0.08001783127159255,0.04414927261227072,0.0381451009723261,0.1088979163936575,0.20775956284153,0.1165168124153221,0.05650284185891007,0.05464895635673624,0.02567938170032411,0,0,0.0002463357556349304
"s07_dual_role_credit","Dual-Role-Credit-AOP-v2","LIRCMOP2","LIR-CMOP",100,50000,5,288205,"all",249,400,50000,0.3630754934436956,0.3155619003076923,0.3213626062486121,0.3630754934436954,0.3155619003076924,0.3213626062486122,0.3014373590266949,0.370557370734609,0.3280052702386962,16551,17080,16169,1406,2251,1326,0.08494954987614041,0.131791569086651,0.08200878223761519,0.02591988399492478,0.01112412177985948,0.007112375533428165,0.8010321003399127,0.7565300682075833,0.7627387018971538,0.6994145570043798,0.7340839768943057,0.7008985878236536,0.07452454666076958,0.02493638676844784,0.03139069534767384,0.09750899160783269,0.222885032537961,0.1315306497002325,0.04732419283502875,0.02417302798982188,0.01425712856428214,0.0001332090049287332,0,0.0001223540927444023
"s07_dual_role_credit","Dual-Role-Credit-AOP-v2","LIRCMOP3","LIR-CMOP",100,50000,1,288301,"all",249,400,50000,0.3906741151169587,0.282764137818206,0.3265617470648354,0.3906741151169588,0.282764137818206,0.3265617470648354,0.3054094868717834,0.3659587226175823,0.3286317905106345,17324,16161,16315,1545,1922,1274,0.08918263680443315,0.1189282841408329,0.07808764940239044,0.02516739782960055,0.0147268114596869,0.008335887220349373,0.7521285124208156,0.6075498969211808,0.6670179184654109,0.6951356964465534,0.7276168837688708,0.6959779244042779,0.08110608552631579,0.02825901732462369,0.03997539975399754,0.0995260663507109,0.1889461563767957,0.1159437996334759,0.04481907894736842,0.03379721669980119,0.01672816728167282,0,0,0
"s07_dual_role_credit","Dual-Role-Credit-AOP-v2","LIRCMOP3","LIR-CMOP",100,50000,2,288302,"all",249,400,50000,0.3721251042776241,0.3015103075247191,0.3263645881976568,0.3721251042776241,0.301510307524719,0.3263645881976569,0.2978775817270303,0.3739407673980762,0.3281816508748935,16686,16819,16295,1378,2145,1218,0.08258420232530266,0.1275343361674297,0.07474685486345505,0.03823564664988613,0.02063142874130448,0.01129180730285364,0.7373345468388196,0.6442018728111649,0.6883069868718884,0.6910186948280127,0.7368939832461163,0.700541911285065,0.09483223648721545,0.03211620469083155,0.04171280915466962,0.06727787515167857,0.2044015029522276,0.107615083251714,0.06883158916819505,0.04624200426439232,0.02264058078011566,0,0,0
"s07_dual_role_credit","Dual-Role-Credit-AOP-v2","LIRCMOP3","LIR-CMOP",100,50000,3,288303,"all",249,400,50000,0.3838816201270071,0.2894001175583389,0.3267182623146541,0.3838816201270071,0.2894001175583386,0.326718262314654,0.303924703430446,0.368767282081753,0.327308014487801,17129,16386,16285,1460,2091,1194,0.08523556541537743,0.1276089344562431,0.07331900521952717,0.03415260669040808,0.01879653362626632,0.01117592876880565,0.7527891903962254,0.6220792649713047,0.6831383847500857,0.7097186076653456,0.7421572854322646,0.7074729315837021,0.08328102113412848,0.03540191586838817,0.03452512593684728,0.08770307753269053,0.1999346618752042,0.1120795482445372,0.06120527306967985,0.04275996112730807,0.0222386042511365,0,0,0.0001227596366314756
"s07_dual_role_credit","Dual-Role-Credit-AOP-v2","LIRCMOP3","LIR-CMOP",100,50000,4,288304,"all",249,400,50000,0.3722099315151193,0.2960461255680537,0.3317439429168269,0.3722099315151194,0.2960461255680538,0.331743942916827,0.3016566210928328,0.371824790454395,0.3265185884527722,16780,16629,16391,1425,2249,1376,0.08492252681764005,0.1352456551807084,0.08394850832774084,0.04183551847437426,0.03746467015454928,0.03874077237508389,0.7474711603442951,0.6359777017708275,0.6905731204709658,0.6839843225667217,0.73460612460476,0.6966224095050516,0.08228189366979402,0.03651914200380125,0.05217286042851955,0.08818436126282136,0.2137536435280147,0.1162361623616236,0.07570365577483015,0.08457778984523487,0.0768672073598838,0,0,0
"s07_dual_role_credit","Dual-Role-Credit-AOP-v2","LIRCMOP3","LIR-CMOP",100,50000,5,288305,"all",249,400,50000,0.3972343433075576,0.2711373063254546,0.3316283503669878,0.3972343433075575,0.2711373063254548,0.331628350366988,0.2948152919017734,0.3742220231824142,0.3309626849158122,17239,16059,16502,1139,2008,1193,0.06607111781425837,0.1250389189862383,0.07229426736153194,0.01595220140379372,0.006912011955912572,0.003575324203126894,0.7299288391202101,0.5716538151798457,0.6516406415561283,0.6805840478387524,0.7383742611673377,0.6930601464270781,0.07242424242424242,0.02372127501853225,0.03307086614173228,0.05750102193759368,0.1984109942022761,0.1115557172305081,0.02777777777777778,0.01645663454410675,0.007147183525136281,0,0,0
"s07_dual_role_credit","Dual-Role-Credit-AOP-v2","LIRCMOP4","LIR-CMOP",100,50000,1,288401,"all",249,400,50000,0.3485517354014285,0.3147729999137052,0.3366752646848664,0.3485517354014284,0.3147729999137052,0.3366752646848666,0.303498885214002,0.3687207170065616,0.3277803977794362,16242,17018,16540,1557,2350,1643,0.0958625785001847,0.1380890821483136,0.09933494558645707,0.07412880187169067,0.07856387354565754,0.1030229746070133,0.7364240048354305,0.6825449630231126,0.715122719888745,0.6851988355703841,0.7334213812020552,0.7001756322811431,0.08050213060002304,0.04261291145700434,0.06731113498030791,0.1135070776557746,0.2196078431372549,0.1322141894375689,0.1386617528503973,0.1705792293952539,0.2032462107650078,0,0,0.0001225340031858841
"s07_dual_role_credit","Dual-Role-Credit-AOP-v2","LIRCMOP4","LIR-CMOP",100,50000,2,288402,"all",249,400,50000,0.401133770548405,0.2684863359180781,0.3303798935335169,0.401133770548405,0.268486335918078,0.3303798935335171,0.3162543526258995,0.3575235174054681,0.3262221299686321,17871,15575,16354,2114,2108,1516,0.118292205248727,0.1353451043338684,0.09269903387550446,0.03133568350959656,0.01296950240770466,0.008682891035832212,0.7568245841319938,0.5784515603201764,0.6701662113778357,0.6970703083572216,0.728051396221318,0.6901941129699575,0.08584292146073036,0.0298172010788133,0.03559713279066942,0.159471813103098,0.2144702842377261,0.1505601378800936,0.0560280140070035,0.03026670662271501,0.01725185275179201,0,0,0
"s07_dual_role_credit","Dual-Role-Credit-AOP-v2","LIRCMOP4","LIR-CMOP",100,50000,3,288403,"all",249,400,50000,0.3920896583931235,0.2818796089958333,0.3260307326110432,0.3920896583931236,0.2818796089958332,0.3260307326110432,0.3008246615264997,0.3687946966866288,0.330380641786871,17255,16196,16349,1433,2170,1417,0.0830483917705013,0.1339836996789331,0.08667196770444675,0.01900898290350623,0.008458878735490245,0.004893265643158603,0.7344564216334933,0.5843666235022941,0.6487164120092788,0.707522868554024,0.7395377393245202,0.7043597493862249,0.07199918066366243,0.02637581978899344,0.03262743166707707,0.09745027366172741,0.2161838379438031,0.1400267412179409,0.03359278984022941,0.01953236384374109,0.009726668308298448,0,0,0.0001215509906405737
"s07_dual_role_credit","Dual-Role-Credit-AOP-v2","LIRCMOP4","LIR-CMOP",100,50000,4,288404,"all",249,400,50000,0.3945837845255003,0.2780173195956849,0.3273988958788148,0.3945837845255002,0.2780173195956849,0.3273988958788149,0.3100722133938991,0.3614951793595276,0.3284326072465728,17544,15920,16336,1816,2021,1403,0.1035111719106247,0.1269472361809045,0.08588393731635652,0.02131782945736434,0.01017587939698492,0.004101371204701274,0.7628400962682194,0.5969228332006639,0.6754660683307723,0.7097193121052228,0.7359927801721308,0.7029588480745703,0.07814407814407814,0.02746855573225387,0.03114653586756591,0.1358216692586832,0.2033766522270354,0.1404473780711404,0.03805453805453805,0.0234205580453954,0.008215818516247701,0,0,0
"s07_dual_role_credit","Dual-Role-Credit-AOP-v2","LIRCMOP4","LIR-CMOP",100,50000,5,288405,"all",249,400,50000,0.3618621515544268,0.3138517582973613,0.324286090148212,0.3618621515544269,0.3138517582973613,0.324286090148212,0.3006102712274534,0.369740270241094,0.3296494585314533,16503,17019,16278,1394,2081,1334,0.08446949039568563,0.1222751042951995,0.08195109964369088,0.02466218263346058,0.01586462189317821,0.006573289101855265,0.7343170336307728,0.6737083239409335,0.6904699223349859,0.7075779208468995,0.7483847131414216,0.7124809894708646,0.07961854069638501,0.03149807938540333,0.03778493557978196,0.09031396125584502,0.1992615919209469,0.1253960516695101,0.04502106897316478,0.03457106274007683,0.01325569871159564,0.0001336005344021376,0,0
"s07_dual_role_credit","Dual-Role-Credit-AOP-v2","LIRCMOP5","LIR-CMOP",100,50000,1,288501,"all",249,400,50000,0.3405035113013889,0.3241495731426638,0.3353469155559473,0.3405035113013891,0.324149573142664,0.335346915555947,0.3310477534971121,0.3421657569367393,0.3267864895661488,16729,16595,16476,2080,1712,1635,0.1243349871480662,0.1031636034950286,0.09923525127458122,0.5052902145974058,0.4072310937029225,0.50825443068706,0.9760598971299673,0.9712984324408723,0.9767223592421646,0.7733494152075765,0.8118829631646698,0.7798885385878327,0.08419811320754716,0.05774473358116481,0.0658682634730539,0.1655958297975512,0.146158357771261,0.1335220280580852,0.527122641509434,0.4281288723667906,0.5081437125748502,0.4828464056249243,0.3874486803519062,0.5083682008368201
"s07_dual_role_credit","Dual-Role-Credit-AOP-v2","LIRCMOP5","LIR-CMOP",100,50000,2,288502,"all",249,400,50000,0.3298025884986544,0.3357999749553767,0.3343974365459689,0.3298025884986545,0.3357999749553767,0.3343974365459689,0.3118806661057137,0.3595331798746109,0.3285861540196753,15981,17307,16512,1485,2129,1490,0.09292284587948188,0.1230138094412665,0.09023740310077519,0.6835617295538452,0.6265095048246374,0.7072432170542635,0.98585758520996,0.9827279217520468,0.9862992718380503,0.8018863424730697,0.8987105452254861,0.8483825439126748,0.07646414221356386,0.1098480315902836,0.08283313325330131,0.1103244078269825,0.1353072625698324,0.09777560498655585,0.668452453427493,0.6940289577599618,0.7084033613445379,0.6995365602471678,0.5634636871508379,0.7060620875091664
"s07_dual_role_credit","Dual-Role-Credit-AOP-v2","LIRCMOP5","LIR-CMOP",100,50000,3,288503,"all",249,400,50000,0.3370356637737388,0.3277970153776116,0.3351673208486498,0.3370356637737386,0.3277970153776119,0.3351673208486498,0.330220790517177,0.3446048651644331,0.3251743443183902,16628,16732,16440,1815,1405,1254,0.1091532355063748,0.08397083432942865,0.07627737226277373,0.4783497714698099,0.4030002390628735,0.4744525547445255,0.9751930599710651,0.9731334689539279,0.9761133862941492,0.7285093800049388,0.776420771948681,0.7388229447136598,0.0810907358894975,0.06243100699129155,0.06048628578272847,0.1377885783718104,0.1044410770486071,0.09257199357310592,0.4654679685639438,0.4229118116030909,0.4767037968618996,0.491494532199271,0.3840773982981699,0.4721295266345322
"s07_dual_role_credit","Dual-Role-Credit-AOP-v2","LIRCMOP5","LIR-CMOP",100,50000,4,288504,"all",249,400,50000,0.3451363722711889,0.3177974338497851,0.337066193879026,0.3451363722711887,0.3177974338497848,0.3370661938790259,0.3262042801490536,0.3494759081309386,0.324319811720008,16731,16609,16460,1823,1449,1269,0.1089594166517243,0.08724185682461316,0.07709599027946537,0.5707369553523399,0.3743753386718044,0.5474483596597813,0.9790032384184258,0.9663415470852957,0.9773943221799518,0.7646358982409557,0.820373039554278,0.7752662861084617,0.07755813953488372,0.04054054054054054,0.04700548795036984,0.1421719345713934,0.1297894373489817,0.1083188908145581,0.5266279069767442,0.364738570346047,0.504414220949654,0.6173902349034559,0.3831549879185364,0.5921020054468928
"s07_dual_role_credit","Dual-Role-Credit-AOP-v2","LIRCMOP5","LIR-CMOP",100,50000,5,288505,"all",249,400,50000,0.3417839105603887,0.3207074528946591,0.3375086365449522,0.3417839105603884,0.3207074528946594,0.337508636544952,0.3403193946861343,0.3383766923860674,0.3213039129277986,16993,16403,16404,2136,1304,1315,0.1256988171600071,0.07949765286837773,0.0801633747866374,0.4866121344082858,0.3757849173931598,0.5032309192879786,0.9750567629392236,0.9664667206229769,0.9755731471558954,0.7496395222406117,0.7688502844730256,0.738029489431751,0.07973226867073743,0.0374498997995992,0.05119047619047619,0.1718768432228383,0.1193728471314883,0.1105697151424288,0.4679426961014561,0.3633517034068136,0.4752380952380952,0.5053674649050371,0.3875757215821357,0.5326086956521739
"s07_dual_role_credit","Dual-Role-Credit-AOP-v2","LIRCMOP6","LIR-CMOP",100,50000,1,288601,"all",249,400,50000,0.3392927820222719,0.3277073714969195,0.3329998464808087,0.3392927820222719,0.3277073714969196,0.3329998464808086,0.3262976311343773,0.3489665540971048,0.3247358147685179,16579,16850,16371,1714,1465,1228,0.1033837987815912,0.08694362017804154,0.07501068963410909,0.5701791422884371,0.4878338278931751,0.5368028831470283,0.9782429881096379,0.9742572082855022,0.9767309873632147,0.743933794993355,0.8132329521365466,0.7689415146580503,0.07620399952668323,0.06508150508640764,0.0638118214716526,0.1316437007874016,0.1074674951098838,0.08649919564410345,0.5735415927109218,0.4939330800343179,0.5359469240048251,0.5666830708661418,0.4821079277413416,0.5376809800767232
"s07_dual_role_credit","Dual-Role-Credit-AOP-v2","LIRCMOP6","LIR-CMOP",100,50000,2,288602,"all",249,400,50000,0.3345883717867266,0.3308468015734298,0.3345648266398435,0.3345883717867265,0.3308468015734299,0.3345648266398433,0.3191058271542961,0.3534069099305844,0.3274872629151193,16284,17038,16478,1544,1792,1380,0.09481699828052076,0.105176663927691,0.08374802767326132,0.6495332842053549,0.5957858903627187,0.6598494962980944,0.9820205771740177,0.9817215987041069,0.9834714904824192,0.7878991062760543,0.866731707682644,0.8193893362329516,0.08107459822499401,0.07876504193509178,0.0704259148170366,0.1092373521268563,0.1298377028714107,0.0973842564165541,0.6638282561765412,0.6351039260969977,0.6765446910617876,0.6345330984142965,0.5590738849165815,0.6427606533218716
"s07_dual_role_credit","Dual-Role-Credit-AOP-v2","LIRCMOP6","LIR-CMOP",100,50000,3,288603,"all",249,400,50000,0.3456884201150633,0.3199074911875593,0.3344040886973775,0.3456884201150633,0.3199074911875595,0.3344040886973775,0.3309658492227194,0.344873960979846,0.3241601897974343,16849,16551,16400,1966,1403,1301,0.11668348269927,0.08476829194610598,0.07932926829268293,0.6164164045343937,0.4484321189052021,0.5774390243902439,0.9809564508949972,0.9706310380376421,0.9784470095029704,0.7550690712079068,0.8075423567166481,0.7653041974769965,0.08539560822586267,0.05386740331491713,0.05642934325849442,0.1493569521960689,0.1134272737859555,0.1029612191797795,0.6111304751946091,0.4500251130085384,0.560451434746068,0.6219364231982528,0.4469546989635496,0.5949696444058976
"s07_dual_role_credit","Dual-Role-Credit-AOP-v2","LIRCMOP6","LIR-CMOP",100,50000,4,288604,"all",249,400,50000,0.344384620670315,0.3215776155018797,0.3340377638278054,0.344384620670315,0.3215776155018797,0.3340377638278051,0.3328749874034444,0.3446434130054729,0.322481599591083,16857,16594,16349,1906,1273,1176,0.1130687548199561,0.07671447511148607,0.07193100495443146,0.5948863973423504,0.4230444739062312,0.5401553611841703,0.9791733086188152,0.9695891447708287,0.9762499422771472,0.7332848614979758,0.7927069469755178,0.7470381537605206,0.07594493700419971,0.05606893106893107,0.05637019230769231,0.1514785757392879,0.09597018402049849,0.08805579773321709,0.6223751749883341,0.4522977022977023,0.5599759615384615,0.5664453832226916,0.3957605404146285,0.5196163905841326
"s07_dual_role_credit","Dual-Role-Credit-AOP-v2","LIRCMOP6","LIR-CMOP",100,50000,5,288605,"all",249,400,50000,0.3222386357357139,0.3421932499458741,0.335568114318412,0.322238635735714,0.3421932499458742,0.3355681143184122,0.3300957341063339,0.3396078106506811,0.3302964552429847,16258,16968,16574,2047,1697,1667,0.1259072456636733,0.100011786892975,0.1005792204657898,0.4419362775249108,0.6523455917020273,0.5644986122843008,0.9715574186261782,0.9843004148923516,0.9790265912664647,0.7423743878068559,0.7999610843647158,0.7691015776676938,0.09085252022401992,0.0923185341789993,0.09064782660759191,0.1601605253557096,0.107759640406908,0.1106652073452511,0.4780336029869321,0.6711299036880433,0.5944198299604838,0.4066642344643074,0.6334279630943932,0.534111638088289
"s07_dual_role_credit","Dual-Role-Credit-AOP-v2","LIRCMOP7","LIR-CMOP",100,50000,1,288701,"all",249,400,50000,0.3494455516306618,0.318484718717272,0.3320697296520662,0.3494455516306618,0.3184847187172721,0.3320697296520662,0.325787496110476,0.3490430602719378,0.3251694436175861,16813,16619,16368,1592,1273,1148,0.09468863379527746,0.07659907334978037,0.0701368523949169,0.6144649973234997,0.3842589806847584,0.5293255131964809,0.9808473163863307,0.9681027388457186,0.9759955779864677,0.7648648250147965,0.8399238217729541,0.7911371890026719,0.06829156127845482,0.04323711080297492,0.04982464626919821,0.1229821318545903,0.1070688464195257,0.09087541671811335,0.5988733042078639,0.3707298625992689,0.4828878945458943,0.6311768330252618,0.3966152429196408,0.5767378688727003
"s07_dual_role_credit","Dual-Role-Credit-AOP-v2","LIRCMOP7","LIR-CMOP",100,50000,2,288702,"all",249,400,50000,0.3457245723925495,0.319849439963303,0.3344259876441477,0.3457245723925495,0.3198494399633031,0.3344259876441478,0.3379973218624299,0.337446382568137,0.3245562955694329,17014,16367,16419,2152,1475,1571,0.1264840719407547,0.09012036414736971,0.09568183202387479,0.3966733278476549,0.2893016435510478,0.3843108593702418,0.9692706903296858,0.9602817659347197,0.9678457759495389,0.7520744668759231,0.7683190614941316,0.7429965898786545,0.07081395348837209,0.0325172630257376,0.0495500899820036,0.1833848347991443,0.1447274458462271,0.1432459178624443,0.4294186046511628,0.2818581293157564,0.3707258548290342,0.3632041835036843,0.2963580099976196,0.3983176645225136
"s07_dual_role_credit","Dual-Role-Credit-AOP-v2","LIRCMOP7","LIR-CMOP",100,50000,3,288703,"all",249,400,50000,0.3479281818914964,0.3211188436523959,0.3309529744561077,0.3479281818914965,0.3211188436523958,0.3309529744561077,0.3186944613328174,0.3636960087499234,0.3176095299172593,16598,17057,16145,2001,2067,1201,0.1205566935775395,0.1211819194465615,0.07438835552802725,0.6475478973370286,0.3875241836196283,0.5775781975843914,0.9810747281571839,0.9638832855318258,0.976871456945101,0.7718280720302861,0.8985452683786936,0.8229488787518923,0.07305251009809578,0.05576394098524631,0.04722593177127595,0.1724442203453927,0.1789380726349487,0.1026808295397066,0.7173687247547605,0.5072518129532383,0.6149083404151997,0.5712845077524266,0.2818191853405453,0.5386949924127465
"s07_dual_role_credit","Dual-Role-Credit-AOP-v2","LIRCMOP7","LIR-CMOP",100,50000,4,288704,"all",249,400,50000,0.3423157206775126,0.324528922227954,0.3331553570945333,0.3423157206775126,0.3245289222279541,0.3331553570945334,0.3387279271648348,0.3366397519967538,0.3246323208384115,16951,16472,16377,1791,999,1160,0.1056574833343166,0.06064837299660029,0.07083104353666728,0.4782608695652174,0.389752306945119,0.4619893753434695,0.9747404507812807,0.9698428802395554,0.9736278633947877,0.7411782121703268,0.7740400885536246,0.7485289569742225,0.06986027944111776,0.03276458951533136,0.05099457504520796,0.1418069717808869,0.08754770992366412,0.09119029943083395,0.4478102618292826,0.349406528189911,0.4007233273056058,0.5090111453640028,0.4286736641221374,0.5248700816629547
"s07_dual_role_credit","Dual-Role-Credit-AOP-v2","LIRCMOP7","LIR-CMOP",100,50000,5,288705,"all",249,400,50000,0.3453420274611275,0.3202529431138487,0.3344050294250237,0.3453420274611274,0.3202529431138489,0.3344050294250235,0.3402236474853305,0.3365092048523939,0.3232671476622762,17081,16359,16360,2316,1304,1478,0.1355892512148001,0.07971147380646738,0.09034229828850855,0.3896141912066038,0.3173788128858732,0.3882029339853301,0.9711801322482517,0.962693457661047,0.9698477495813906,0.7634150964007648,0.7777954847674183,0.7524601069971849,0.07423327137546469,0.02932698333124452,0.05172621195717551,0.1979228136433377,0.1276849642004773,0.1302348701379396,0.3933550185873606,0.2749718009775661,0.3524600024058703,0.3858137613596129,0.3577565632458234,0.4251273766621101
"s07_dual_role_credit","Dual-Role-Credit-AOP-v2","LIRCMOP8","LIR-CMOP",100,50000,1,288801,"all",249,400,50000,0.3471348139008493,0.3209734552523267,0.3318917308468239,0.3471348139008492,0.3209734552523267,0.3318917308468238,0.3280060725012703,0.347231436151865,0.3247624913468649,16819,16641,16340,1704,1356,1235,0.1013139901302099,0.08148548765098251,0.0755813953488372,0.5398061715916523,0.36842737816237,0.4752141982864137,0.9775371768983482,0.9693249649061301,0.9744125195042588,0.759972293381768,0.8215112200439065,0.7835664487120609,0.06758477028121745,0.03662957869733717,0.05024213075060532,0.1369528001956468,0.1230039342744735,0.1014851485148515,0.5375535238976971,0.3572946618327291,0.4334140435835351,0.5421863536316948,0.3787317750520713,0.5179455445544554
"s07_dual_role_credit","Dual-Role-Credit-AOP-v2","LIRCMOP8","LIR-CMOP",100,50000,2,288802,"all",249,400,50000,0.3473006875478072,0.3215133697455857,0.331185942706607,0.3473006875478074,0.3215133697455858,0.331185942706607,0.3265972010879534,0.3491260692885495,0.324276729623497,16793,16693,16314,1706,1274,1159,0.1015899481926993,0.07631941532378841,0.07104327571411058,0.5093193592568332,0.3248068052477086,0.4337378938335172,0.9756482141339005,0.9682501480376307,0.9719483105518066,0.7523604303343256,0.8227834044627784,0.7751207347759853,0.06753636573539598,0.03373313343328336,0.04432839446198689,0.1378674209814291,0.1155483945218092,0.09826732673267327,0.5027707226968368,0.3243378310844578,0.4033276657760505,0.5162956585905792,0.3252388076878812,0.4647277227722773
"s07_dual_role_credit","Dual-Role-Credit-AOP-v2","LIRCMOP8","LIR-CMOP",100,50000,3,288803,"all",249,400,50000,0.3501394582369537,0.3180787837519523,0.3317817580110939,0.3501394582369541,0.3180787837519522,0.3317817580110939,0.3219297463405583,0.3551215726987595,0.3229486809606821,16731,16762,16307,1631,1550,1135,0.09748371286832826,0.09247106550530963,0.0696020114061446,0.5378638455561533,0.3055721274310941,0.4561231373029987,0.976714371015127,0.9664774701394664,0.9730539772936044,0.782305183877526,0.8681882994773383,0.8162795325965899,0.06472343355519854,0.04141414141414142,0.04367287684490685,0.1330921791193713,0.1382040262384076,0.09625668449197861,0.5610511820059674,0.3181818181818182,0.4386644084200338,0.5126605962330049,0.2942773128251527,0.4740703892550678
"s07_dual_role_credit","Dual-Role-Credit-AOP-v2","LIRCMOP8","LIR-CMOP",100,50000,4,288804,"all",249,400,50000,0.3423953910074575,0.3245126695578192,0.3330919394347231,0.3423953910074577,0.324512669557819,0.333091939434723,0.3371645259488099,0.3408193137281714,0.3220161603230189,16930,16563,16307,2018,1161,1221,0.1191966922622563,0.07009599710197428,0.07487582019991415,0.3544004725339634,0.2609430658697096,0.3372171460109156,0.9689177729056553,0.9636761618643571,0.9679171212187545,0.7545502132175578,0.795753463525663,0.7581339539458658,0.07011372962832689,0.03055796115303724,0.04681467181467181,0.1690274967265802,0.1077830188679245,0.1038782890634743,0.3755422675577442,0.2835580848694791,0.3375965250965251,0.3329365551720033,0.2393867924528302,0.3368250405287442
"s07_dual_role_credit","Dual-Role-Credit-AOP-v2","LIRCMOP8","LIR-CMOP",100,50000,5,288805,"all",249,400,50000,0.3446644100525441,0.3232662745951433,0.3320693153523125,0.3446644100525442,0.3232662745951432,0.3320693153523127,0.3354890358594124,0.3420209826266209,0.3224899815139669,16938,16567,16295,1919,1256,1232,0.1132955484708938,0.07581336391621898,0.07560601411475913,0.4512339119140394,0.3208184945976942,0.4189628720466401,0.9728562339997106,0.9682851028692766,0.9718803397053594,0.7540857475296813,0.8043083970439813,0.7655192340056383,0.07295187041137396,0.03751086821512856,0.04825834542815675,0.1547205935144191,0.1120244246124941,0.1037747601843777,0.4508798508332362,0.3162340081977394,0.3830430575713595,0.4515974632044992,0.3251526538280883,0.4559611311822599
"s07_dual_role_credit","Dual-Role-Credit-AOP-v2","LIRCMOP9","LIR-CMOP",100,50000,1,288901,"all",249,400,50000,0.3352894908857632,0.3261708904450661,0.3385396186691707,0.3352894908857633,0.3261708904450663,0.338539618669171,0.3218901565637234,0.3424636964300888,0.3356461470061879,16366,16656,16778,2471,2902,2846,0.15098374679213,0.1742315081652258,0.1696268923590416,0.6963216424294268,0.6619236311239193,0.7388842531886994,0.9168386236873998,0.9128737769294222,0.9381696534654326,0.855690066482401,0.8871041662287408,0.8743570588739881,0.1399664750957854,0.1485172880521718,0.1493884336777105,0.1624656850511605,0.1987337319732677,0.1900203422280723,0.8515325670498084,0.7783930109511504,0.8620116375727348,0.5345645121038183,0.5509438386680736,0.6148139284432212
"s07_dual_role_credit","Dual-Role-Credit-AOP-v2","LIRCMOP9","LIR-CMOP",100,50000,2,288902,"all",249,400,50000,0.3361688755279898,0.3247881382150706,0.3390429862569396,0.3361688755279897,0.3247881382150705,0.3390429862569395,0.3234433297829439,0.3418118222930282,0.3347448479240281,16427,16600,16773,2611,2934,2827,0.158945638278444,0.1767469879518072,0.1685446849102725,0.679978084860291,0.6440963855421686,0.7244380850175878,0.9160790707342941,0.9125694733342594,0.9372490191862092,0.8017546663736993,0.8214428988291006,0.8150093858562322,0.1540666427803655,0.1485234152971704,0.1550865544225753,0.1640178793146263,0.2035970377336311,0.1821561338289963,0.84366415860504,0.759421722476214,0.8508418306853213,0.5098087906630245,0.5343834489244151,0.5965943158652116
"s07_dual_role_credit","Dual-Role-Credit-AOP-v2","LIRCMOP9","LIR-CMOP",100,50000,3,288903,"all",249,400,50000,0.3377281870960083,0.3248436498640623,0.3374281630399295,0.3377281870960084,0.3248436498640623,0.3374281630399292,0.325311766010576,0.341010481813436,0.3336777521759879,16514,16576,16710,2396,2615,2484,0.1450890153808889,0.1577582046332046,0.1486535008976661,0.7051592588107061,0.6649975868725869,0.7332734889287852,0.9239050372660371,0.9169009978220141,0.9381271928399484,0.8230401526725888,0.8465064920071264,0.8383950716343396,0.1404447615649899,0.1366613122451501,0.1409859490354846,0.1499074645280691,0.1778851821289638,0.1564003849855631,0.8608633606849804,0.7751142963054491,0.8568706834960705,0.5436150524367674,0.5599434162442533,0.6083974975938402
"s07_dual_role_credit","Dual-Role-Credit-AOP-v2","LIRCMOP9","LIR-CMOP",100,50000,4,288904,"all",249,400,50000,0.3351483580902834,0.3261389228064285,0.3387127191032883,0.3351483580902832,0.3261389228064283,0.3387127191032884,0.3247301698049267,0.3397297184867556,0.335540111708318,16420,16574,16806,2691,2910,2995,0.1638855054811206,0.1755762036925305,0.1782101630370106,0.6773447015834348,0.6453481356341257,0.7161132928715935,0.915376790024058,0.9126403509361742,0.9344208892220593,0.8494999103751385,0.8735503250809955,0.8648445080420366,0.1467274035003596,0.1420125631235374,0.1536911956392938,0.1816043575142362,0.207806031933767,0.2029401219074937,0.8240230160632942,0.7603153097672127,0.8346960540348383,0.5258727407774202,0.534949733885275,0.5965100991992351
"s07_dual_role_credit","Dual-Role-Credit-AOP-v2","LIRCMOP9","LIR-CMOP",100,50000,5,288905,"all",249,400,50000,0.3369428263202467,0.3243999681061921,0.3386572055735611,0.3369428263202467,0.3243999681061923,0.3386572055735612,0.3240326032437214,0.3427361943741467,0.3332312023821321,16453,16629,16718,2377,2725,2539,0.1444721327417492,0.1638703469841843,0.1518722335207561,0.6843736704552361,0.6412893138492994,0.7202416557004426,0.9109645939443569,0.905975471648265,0.9307776462013972,0.8700340415350236,0.901413334210539,0.8885200083164519,0.1404722155974243,0.1426276109257199,0.1463848984922237,0.1486302218916574,0.1840009369875849,0.1574442435201929,0.8586930598616742,0.7672722778395749,0.8582452807788199,0.5031610264038676,0.5219020847973764,0.5801084990958408
"s07_dual_role_credit","Dual-Role-Credit-AOP-v3","CF10","CF",100,50000,1,298001,"all",249,400,50000,0.3497887597291006,0.276510598001627,0.3737006422692725,0.3497887597291006,0.276510598001627,0.3737006422692725,0.3546110755372652,0.281205376731756,0.3641835477309789,17543,13879,18378,3073,1040,3102,0.1751695833095822,0.07493335254701347,0.1687887691805419,0.5740181268882175,0.5153109013617696,0.7210251387528567,0.6738084583975211,0.5965799799618632,0.7855982792298469,0.5577057270075543,0.5312215964057696,0.5740397952105896,0.1692307692307692,0.07787302048525352,0.1649296228645106,0.1810256990829843,0.07204116638078903,0.1727483188182119,0.6352468427095292,0.5512131338079326,0.7669496078220694,0.5136420242273293,0.4799885648942253,0.6739058538198655
"s07_dual_role_credit","Dual-Role-Credit-AOP-v3","CF10","CF",100,50000,2,298002,"all",249,400,50000,0.3491062969675121,0.2889406829151318,0.3619530201173563,0.3491062969675119,0.2889406829151319,0.3619530201173566,0.3636092636459661,0.3050216644401184,0.3313690719139152,17761,14784,17255,2097,493,1241,0.1180676763695738,0.03334686147186147,0.07192118226600985,0.3708687573897866,0.3311688311688312,0.437380469429151,0.5266150891314665,0.4762073047315692,0.5741092606512797,0.7394410459047248,0.7223605255198081,0.7314652860817513,0.1298701298701299,0.03715558029501809,0.07966270941972706,0.1067328918322296,0.02974466964990787,0.06345547197282213,0.4743132973221469,0.411355413303646,0.5324531232663929,0.271523178807947,0.2553303500921295,0.3334142198495511
"s07_dual_role_credit","Dual-Role-Credit-AOP-v3","CF10","CF",100,50000,3,298003,"all",249,400,50000,0.3492232710252094,0.2748889818986657,0.3758877470761248,0.3492232710252093,0.2748889818986658,0.3758877470761249,0.3548315445777308,0.2874334319248528,0.3577350234974165,17513,14005,18282,2856,898,2803,0.1630788557071889,0.0641199571581578,0.1533202056667761,0.572203505966996,0.5077472331310247,0.6974072858549393,0.6733033557191239,0.5905851247869847,0.7675738198373472,0.5927574578874586,0.5578278392150253,0.6039349066270563,0.168566493955095,0.0657030223390276,0.1617552850736707,0.1576801087449026,0.0626048071548351,0.1444593988335577,0.6682786413356362,0.5704482406190685,0.7848601323937647,0.4776846397825102,0.4477361654555618,0.6055406011664424
"s07_dual_role_credit","Dual-Role-Credit-AOP-v3","CF10","CF",100,50000,4,298004,"all",249,400,50000,0.3613172337460501,0.2694543929240292,0.3692283733299207,0.36131723374605,0.2694543929240291,0.3692283733299209,0.3579278737653422,0.2832775035051217,0.3587946227295365,17903,13760,18137,2974,857,2669,0.166117410489862,0.06228197674418605,0.1471577438385621,0.5586214600904876,0.4661337209302325,0.665821249379721,0.6792064847928571,0.5768065713599916,0.7513609905356797,0.5882968841023891,0.5441346394226265,0.5948518835965327,0.1730576858952984,0.06187565230356344,0.1468029578077425,0.1591062205254884,0.06266836807032468,0.1475226484733251,0.6417694787151272,0.5172208140748472,0.7298825576337538,0.4746238490905008,0.4175528144052176,0.59993289341237
"s07_dual_role_credit","Dual-Role-Credit-AOP-v3","CF10","CF",100,50000,5,298005,"all",249,400,50000,0.3439079608374318,0.3016992193707519,0.3543928197918163,0.3439079608374315,0.3016992193707518,0.3543928197918165,0.377394181120225,0.2801829900890756,0.342422828790699,17975,14487,17338,2427,583,1546,0.1350208623087622,0.04024297646165528,0.08916830084208098,0.240778859527121,0.2433215986746738,0.3159533971623025,0.4612873582519777,0.4255789233961775,0.4911530290473587,0.5942540011084039,0.5530010285068864,0.596863587092331,0.1214385801027557,0.04884216129890871,0.08671503060530492,0.1473807246838806,0.03097662412161193,0.09170972287458901,0.2891172349369454,0.3151450625499068,0.3906143731580141,0.196790989267878,0.1659257134662269,0.2386096759041804
"s07_dual_role_credit","Dual-Role-Credit-AOP-v3","CF1","CF",100,50000,1,297101,"all",249,400,50000,0.3350879009301942,0.3129505769577356,0.3519615221120702,0.3350879009301941,0.3129505769577356,0.35196152211207,0.3171983342996696,0.3694491614678795,0.3133525042324509,16249,16984,16567,1310,2629,1850,0.08062034586743799,0.1547927461139896,0.1116677732842398,0.2699858452827866,0.1242934526613283,0.2748234441962938,0.7864588449987648,0.7391824471605639,0.7827700704910449,0.6045960836812595,0.6470255851212484,0.6154314524359211,0.07957813998082454,0.1766367137355584,0.148414328085786,0.08172043010752689,0.1362845333913422,0.07037559287270863,0.3588207094918504,0.2259306803594352,0.3706365503080082,0.1762175838077166,0.03817707200348053,0.1671580566594026
"s07_dual_role_credit","Dual-Role-Credit-AOP-v3","CF1","CF",100,50000,2,297102,"all",249,400,50000,0.3329155105111968,0.3238171648453536,0.3432673246434496,0.3329155105111968,0.3238171648453536,0.3432673246434494,0.3136020518136612,0.3710650947288758,0.315332853457463,16100,17315,16385,1315,2953,1927,0.08167701863354038,0.1705457695639619,0.1176075678974672,0.2740993788819876,0.1380883626913081,0.2677448886176381,0.7880592448048633,0.7448686495756338,0.7827918365565106,0.6017071121592161,0.6452077078368851,0.6141944972122111,0.08806852455060925,0.2064436183395291,0.1591148577449947,0.07489437972090641,0.1392103839913467,0.07241203467618562,0.3677162504524068,0.2547707558859975,0.3571010420325489,0.174753552682115,0.03623580313683072,0.1704487506374299
"s07_dual_role_credit","Dual-Role-Credit-AOP-v3","CF1","CF",100,50000,3,297103,"all",249,400,50000,0.3278373288766467,0.3259820210728281,0.3461806500505252,0.3278373288766468,0.3259820210728283,0.3461806500505253,0.3083102682097523,0.3763937474441449,0.3152959843461031,15850,17496,16454,1208,3035,1970,0.07621451104100946,0.1734682213077275,0.1197277257809651,0.2623343848580442,0.1338591678097851,0.2630971192415218,0.7842153100312608,0.7417369549389252,0.7771174177461023,0.5998817673022446,0.6431064165776036,0.6137275991434428,0.08216997305902522,0.2042123414213573,0.1619268717353453,0.06988547631441958,0.1468486722832462,0.07335119275417783,0.3445995591476855,0.2508929671141766,0.3582124201973302,0.1749089016137428,0.03252639436920124,0.1585661436407705
"s07_dual_role_credit","Dual-Role-Credit-AOP-v3","CF1","CF",100,50000,4,297104,"all",249,400,50000,0.3235331080904015,0.3243624307114525,0.3521044611981458,0.3235331080904014,0.3243624307114525,0.3521044611981461,0.3121729681611284,0.3752848499377214,0.3125421819011507,15834,17419,16547,1350,3093,2250,0.08525956801818871,0.1775647281703887,0.1359763099051187,0.2700517872931666,0.1411102818761123,0.2815616123768659,0.7859720363327193,0.7480037004936841,0.7845684388745434,0.5999753893449108,0.6438582001958545,0.6138560257063861,0.09631376442844732,0.2167719559023907,0.1955530216647662,0.0738073807380738,0.1436978386475498,0.06879259354506879,0.3559637582226635,0.2635946983773071,0.382212086659065,0.1810466760961811,0.03530922319708966,0.1680596631091681
"s07_dual_role_credit","Dual-Role-Credit-AOP-v3","CF1","CF",100,50000,5,297105,"all",249,400,50000,0.3343102539178801,0.3166561717808089,0.3490335743013111,0.3343102539178798,0.3166561717808087,0.3490335743013113,0.310926851063223,0.3714008535558969,0.3176722953808799,16068,17136,16596,1136,2624,1795,0.07069952701020663,0.1531279178338002,0.1081585924319113,0.2626338063231267,0.1191059757236228,0.2583755121716076,0.7831400693661276,0.733238070050973,0.7768754058901484,0.6025150803512906,0.6453368091348656,0.6155617742367291,0.06920581521086147,0.1717581442514894,0.1376611418047882,0.07230471271788251,0.137233697415378,0.0757460799190693,0.3343746245344227,0.2199264799087337,0.342426335174954,0.1855390574564235,0.03309181356115497,0.1660343955488113
"s07_dual_role_credit","Dual-Role-Credit-AOP-v3","CF2","CF",100,50000,1,297201,"all",249,400,50000,0.3342342769886358,0.3350493373481259,0.3307163856632385,0.3342342769886357,0.3350493373481258,0.3307163856632382,0.3691662899221524,0.3027780385726896,0.3280556715051582,17526,15876,16398,1391,683,709,0.07936779641675225,0.04302091206853111,0.04323698011952677,0.7582448933013808,0.8542454018644495,0.836016587388706,0.9895563547132266,0.993795785631703,0.9924713731525472,0.7549214617643528,0.6482154729186801,0.7070658745217825,0.08734831190676438,0.04577591372079089,0.04737609329446064,0.0721503857437792,0.03996813172221485,0.0390644134215038,0.858344346990268,0.9024565608148591,0.8762147716229349,0.6677170487884385,0.8008232638427831,0.7954935096742591
"s07_dual_role_credit","Dual-Role-Credit-AOP-v3","CF2","CF",100,50000,2,297202,"all",249,400,50000,0.3341067135891254,0.3350479274740402,0.3308453589368346,0.3341067135891255,0.3350479274740401,0.3308453589368345,0.37189025922957,0.2997581914838807,0.3283515492865497,17568,15807,16425,1481,739,810,0.08430100182149362,0.04675143923578162,0.04931506849315068,0.7332081056466302,0.8349465426709686,0.813089802130898,0.988648639979439,0.9929362154180255,0.9917155412741065,0.7806009672553657,0.6573039727176673,0.7275332641189566,0.0883166887257851,0.04915477760460377,0.05528612997090204,0.08069568974829859,0.04406643450308063,0.04329216093921976,0.8611478763085068,0.90420812852176,0.8745150339476236,0.6183428756616615,0.7575676399678543,0.751131221719457
"s07_dual_role_credit","Dual-Role-Credit-AOP-v3","CF2","CF",100,50000,3,297203,"all",249,400,50000,0.3349790591792319,0.3352103440672305,0.3298105967535377,0.3349790591792321,0.3352103440672305,0.3298105967535376,0.3725572002227994,0.2992222217607354,0.3282205780164652,17596,15793,16411,1407,554,677,0.07996135485337577,0.03507883239409865,0.04125281823167388,0.7750056831097977,0.8670296967010701,0.838157333495826,0.9901821765635628,0.9942753277843137,0.9926370252256658,0.7507301533054415,0.648129980570295,0.7065023614033943,0.08739031133549706,0.03809752006708998,0.04602866164683021,0.07329955804678237,0.0316948697287134,0.03644368350250703,0.8630845053492007,0.9103869653767821,0.8718727228564489,0.6960224210412849,0.8184260005372012,0.8042069218539807
"s07_dual_role_credit","Dual-Role-Credit-AOP-v3","CF2","CF",100,50000,4,297204,"all",249,400,50000,0.3392160096230484,0.3308265211646097,0.3299574692123419,0.3392160096230483,0.3308265211646096,0.3299574692123419,0.3701628411859317,0.3034332178251187,0.3264039409889495,17686,15770,16344,1401,592,627,0.07921519846206039,0.03753963221306278,0.03836270190895742,0.8032341965396359,0.8580215599239062,0.8519334312285854,0.9913268275693401,0.9937602986931185,0.9931412873968389,0.7296477328150454,0.643351129175023,0.6896733572627627,0.08401276143211626,0.03782994769492763,0.04138266796494645,0.07481296758104738,0.03722347330772287,0.03531003937007874,0.8923549568710859,0.887361634837611,0.8814508276533592,0.7214572264989699,0.82606967810306,0.8220964566929134
"s07_dual_role_credit","Dual-Role-Credit-AOP-v3","CF2","CF",100,50000,5,297205,"all",249,400,50000,0.3335814496209002,0.3378282847746868,0.3285902656044129,0.3335814496209002,0.3378282847746867,0.3285902656044127,0.36991352068521,0.3019910369061328,0.3280954424086574,17531,15913,16356,1447,700,707,0.08253950145456619,0.04398919122729843,0.04322572756175104,0.7459357709200845,0.8645761327216741,0.8263022743947175,0.9890313260095107,0.9940558503994051,0.9920924794918252,0.7560677150746784,0.6446817767797383,0.7089286547165777,0.08625045110068567,0.04561152792664046,0.04212454212454213,0.07919288348882621,0.04217668972857903,0.04433014939995102,0.8515578010345243,0.9147314517089437,0.8666666666666667,0.6506834454328487,0.8085417775412453,0.7858192505510654
"s07_dual_role_credit","Dual-Role-Credit-AOP-v3","CF3","CF",100,50000,1,297301,"all",249,400,50000,0.3387858175337009,0.3301153793875702,0.331098803078729,0.3387858175337009,0.3301153793875701,0.331098803078729,0.3699941800706461,0.3059844693395403,0.3240213505898136,17685,15828,16287,1799,802,900,0.1017246253887475,0.05066969926712156,0.05525879535826119,0.979813401187447,0.9785190801111954,0.982501381469884,0.9967845886191785,0.9968545168808837,0.9973000522047251,0.795203301700816,0.700924868793636,0.743053395218089,0.103851606805293,0.04920828258221681,0.05543398978847557,0.0997722589740809,0.05224468364400105,0.05508001488649051,0.9796786389413988,0.9796589524969549,0.9800632141988816,0.9799371000976033,0.9772906274612759,0.9849894554025556
"s07_dual_role_credit","Dual-Role-Credit-AOP-v3","CF3","CF",100,50000,2,297302,"all",249,400,50000,0.336007745043198,0.3238346034238558,0.3401576515329463,0.3360077450431979,0.3238346034238558,0.3401576515329461,0.3678425837476966,0.2798536681660931,0.3523037480862105,17538,15031,17231,2599,894,2429,0.1481924962937621,0.0594770806998869,0.1409668620509547,0.945603831679781,0.9586853835406826,0.9634960246068133,0.9869568168226663,0.9901097171346792,0.9888466803672232,0.8810077051307911,0.7467392615841898,0.845544052868938,0.1477326968973747,0.05943665467179551,0.1428909112398062,0.1486132343306399,0.05952380952380952,0.1391106043329532,0.9511933174224344,0.9617818587914133,0.977898593546862,0.9404891897794279,0.9551061388410786,0.9496009122006841
"s07_dual_role_credit","Dual-Role-Credit-AOP-v3","CF3","CF",100,50000,3,297303,"all",249,400,50000,0.3387685020255006,0.3276379785214755,0.3335935194530241,0.3387685020255005,0.3276379785214752,0.333593519453024,0.3687349456126076,0.2854448260822641,0.3458202283051282,17626,15267,16907,2003,722,1644,0.1136389424713491,0.04729154385275431,0.09723783048441474,0.9438897083853398,0.942948843911705,0.9235228012066008,0.9879929213648412,0.989150320979984,0.9868389612209568,0.8659037994893598,0.723458270335072,0.8185659321472996,0.1111111111111111,0.04451256897608829,0.09115022908126356,0.1159673024523161,0.05047806524184477,0.1030999651689307,0.9525499940835405,0.9500919681177192,0.9376657824933687,0.9359128065395096,0.9347581552305961,0.909903634041565
"s07_dual_role_credit","Dual-Role-Credit-AOP-v3","CF3","CF",100,50000,4,297304,"all",249,400,50000,0.3379264138484082,0.3304191892373468,0.331654396914245,0.3379264138484083,0.330419189237347,0.331654396914245,0.3732849018124518,0.2989648000774123,0.3277502981101364,17751,15629,16420,1886,688,1093,0.1062475353501211,0.04402073069294261,0.06656516443361754,0.9745366458227706,0.9863075052786486,0.9750913520097442,0.9953445439256557,0.9971905515330641,0.9954057565215305,0.8522639794548373,0.7426039390975603,0.7967808713891482,0.1026975863700899,0.04360039081582804,0.0698547215496368,0.1094741370039789,0.0444832683779062,0.06323529411764706,0.9783483199242783,0.9874206155349292,0.9734866828087168,0.971072158296591,0.9850826501814273,0.9767156862745098
"s07_dual_role_credit","Dual-Role-Credit-AOP-v3","CF3","CF",100,50000,5,297305,"all",249,400,50000,0.3366753473336574,0.3308926278184334,0.3324320248479092,0.3366753473336574,0.3308926278184335,0.3324320248479088,0.3737490884342839,0.3008758281131332,0.3253750834525828,17690,15760,16350,1802,707,1000,0.1018654607122668,0.04486040609137056,0.06116207951070336,0.9639909553420011,0.9748096446700507,0.9724770642201835,0.9926694695808437,0.9959775204812176,0.9949294876974542,0.844724390758027,0.7523135109232959,0.7840091480946705,0.09101753548848861,0.04646660212971927,0.05694898824669817,0.1116364027076394,0.04308964781216649,0.06545634185500802,0.9736371227484194,0.9797918683446273,0.9794014297831092,0.9553024605135919,0.9693169690501601,0.9654192910954674
"s07_dual_role_credit","Dual-Role-Credit-AOP-v3","CF4","CF",100,50000,1,297401,"all",249,400,50000,0.3370059965389484,0.3289045004862319,0.3340895029748197,0.3370059965389484,0.328904500486232,0.3340895029748195,0.3742679717039629,0.2899310033326099,0.3358010249634275,17715,15419,16666,1606,657,1133,0.09065763477279142,0.04260976717037421,0.06798271930877235,0.7005362686988428,0.7759258058239834,0.7613104524180967,0.9866743032614855,0.9904207614277124,0.9895878653592424,0.8696780076273406,0.7062572286329988,0.8001527314465363,0.08833333333333333,0.03842400585508661,0.06745362563237774,0.0927536231884058,0.04736186123805567,0.06850789096126256,0.835952380952381,0.8349597462795804,0.8387135629968683,0.5784219001610306,0.708904583852652,0.6844811095169775
"s07_dual_role_credit","Dual-Role-Credit-AOP-v3","CF4","CF",100,50000,2,297402,"all",249,400,50000,0.3365390767190122,0.3289707711717262,0.3344901521092616,0.3365390767190121,0.3289707711717267,0.3344901521092617,0.3767078288723933,0.2862746487289307,0.3370175223986762,17774,15328,16698,1770,653,1205,0.09958366152807471,0.0426017745302714,0.07216433105761169,0.702430516484753,0.7991910229645094,0.779135225775542,0.986575357361304,0.9906586319777336,0.9899295887088004,0.8738395086097835,0.7083912715943131,0.8058566681988746,0.1015270818420425,0.04251431355828968,0.07726561559754483,0.09784923339011925,0.04270262677342324,0.06711169388484921,0.8501550942495825,0.8588134973809234,0.8588277771091587,0.57059199318569,0.7304396684927659,0.7002026463225652
"s07_dual_role_credit","Dual-Role-Credit-AOP-v3","CF4","CF",100,50000,3,297403,"all",249,400,50000,0.3398837234951445,0.3284794868500195,0.331636789654836,0.3398837234951441,0.3284794868500193,0.3316367896548363,0.3779522561091715,0.2874058274127545,0.3346419164780744,17893,15323,16584,1683,611,1057,0.09405912926842899,0.03987469816615545,0.0637361312108056,0.7668920807019505,0.8053253279383933,0.7908224794983116,0.9894636035949294,0.9912480823387118,0.9905970162071885,0.8690770198003753,0.7063458082069962,0.79637988560133,0.09148785663758548,0.03971074886628263,0.06332485773096017,0.09637658059717352,0.04006141820212172,0.06414414414414414,0.8825748644187692,0.8649344282387548,0.8624530814868628,0.6626288385931357,0.7374371859296482,0.7197597597597598
"s07_dual_role_credit","Dual-Role-Credit-AOP-v3","CF4","CF",100,50000,4,297404,"all",249,400,50000,0.3386791202073638,0.3303085723601186,0.3310123074325176,0.3386791202073642,0.3303085723601185,0.3310123074325178,0.3757771950591368,0.2957122030752778,0.3285106018655854,17796,15571,16433,1513,507,670,0.08501910541694763,0.03256052918887676,0.04077161808555955,0.7771971229489772,0.8591612613191189,0.8401387452078135,0.9894915362594794,0.9939960543218083,0.9927031173766927,0.8488283649055866,0.7146096161678489,0.7863001045008068,0.08472567839791445,0.03081607795371498,0.03769240092110047,0.0852837447899968,0.03450618122537698,0.04387680273771694,0.900817632420903,0.899878197320341,0.9003757120349049,0.6657048199209148,0.8137481320472761,0.7793937912490834
"s07_dual_role_credit","Dual-Role-Credit-AOP-v3","CF4","CF",100,50000,5,297405,"all",249,400,50000,0.3410166036943659,0.3256958924497366,0.3332875038558976,0.3410166036943658,0.3256958924497365,0.3332875038558976,0.3742168199863227,0.2992853528258122,0.3264978271878651,17816,15563,16421,1739,650,886,0.09760889088459812,0.04176572640236458,0.0539553011387857,0.7411315671306691,0.7787701599948597,0.7799768589001888,0.9891419158004812,0.9907409622960827,0.9910857344041498,0.8399528979381411,0.7194718881120206,0.7818883645789241,0.09883515707730321,0.04076856755758098,0.05904370924897367,0.0964902865729312,0.04285330467490597,0.04877749109227178,0.8592775620661254,0.8278113068111836,0.8529340738951944,0.6333583771600301,0.7252821063944116,0.7057378056272269
"s07_dual_role_credit","Dual-Role-Credit-AOP-v3","CF5","CF",100,50000,1,297501,"all",249,400,50000,0.353967944169745,0.3124355096334959,0.333596546196759,0.353967944169745,0.3124355096334958,0.333596546196759,0.3686681133025153,0.2967849242121703,0.3345469624853146,17998,15166,16636,2084,771,1171,0.1157906434048228,0.0508373994461295,0.07038951671074778,0.8447049672185798,0.7467361202690228,0.8176845395527771,0.9815743599272749,0.9267699858562251,0.9588646345095859,0.7387334634975554,0.6527536325348761,0.7180415539635052,0.1160390199637024,0.05026353001671166,0.07055990367248645,0.1155521672838162,0.0514417219439556,0.07021966150522146,0.8888384754990926,0.7774778249132279,0.8484045755568934,0.8023306469178828,0.7143630702585624,0.7870603769055335
"s07_dual_role_credit","Dual-Role-Credit-AOP-v3","CF5","CF",100,50000,2,297502,"all",249,400,50000,0.3409761884212578,0.3252588274825841,0.3337649840961582,0.3409761884212575,0.3252588274825841,0.333764984096158,0.3596311702428793,0.3011546245415301,0.3392142052155901,17452,15582,16766,1854,661,1147,0.106234242493697,0.04242074188165832,0.06841226291303829,0.9024180609672244,0.8878834552689,0.9106525110342359,0.9757244696897162,0.97509702066891,0.9756028534472362,0.7492415512714988,0.6985955754519531,0.7469215295706192,0.1029861274394545,0.04445269935611689,0.06672276989660976,0.1093226022803488,0.04023447908339994,0.07007575757575757,0.9336938631554197,0.8982169390787519,0.9266650637172397,0.8726805276101051,0.8767652544630962,0.8948863636363636
"s07_dual_role_credit","Dual-Role-Credit-AOP-v3","CF5","CF",100,50000,3,297503,"all",249,400,50000,0.3391157159754831,0.3272190584665166,0.3336652255580003,0.3391157159754832,0.3272190584665165,0.3336652255580002,0.3515617815066076,0.3093861730962262,0.3390520453971662,17207,15842,16751,1569,722,1124,0.09118382053815308,0.04557505365484156,0.06710047161363501,0.8540129017260417,0.8647897992677692,0.8756492149722405,0.961256085629241,0.9655806317244064,0.9635940031543994,0.73220661997615,0.6899301362276868,0.7364252265228738,0.08645191852202748,0.04334479371316306,0.06568816169393647,0.09574346684925254,0.04793452844894778,0.06849152743216021,0.9045476077688299,0.881507858546169,0.8991819056785371,0.8053178135341778,0.8471031436736814,0.8524706718805546
"s07_dual_role_credit","Dual-Role-Credit-AOP-v3","CF5","CF",100,50000,4,297504,"all",249,400,50000,0.339025215410213,0.3264704805785072,0.3345043040112797,0.3390252154102132,0.3264704805785069,0.3345043040112801,0.3443108279766698,0.3053886005194512,0.3503005715038784,16997,15706,17097,1710,612,1112,0.100605989292228,0.03896600025467974,0.06504065040650407,0.976760604812614,0.9598879409143003,0.97783236825174,0.9951852245885293,0.9920529209253428,0.9937198200282208,0.7727700653435171,0.7514381645344249,0.8351559352518593,0.09767386660337052,0.03912131309391583,0.06737546290765739,0.1034885077587213,0.03880047349730369,0.06280082512033004,0.981604557322573,0.9638405528816488,0.983275594313702,0.9719985999299965,0.9556753912929107,0.9726105890442356
"s07_dual_role_credit","Dual-Role-Credit-AOP-v3","CF5","CF",100,50000,5,297505,"all",249,400,50000,0.3399585446338938,0.3257561263813022,0.3342853289848041,0.3399585446338937,0.3257561263813024,0.334285328984804,0.3552662762350557,0.3078284669136839,0.33690525685126,17314,15759,16727,1882,864,1407,0.1086981633360286,0.0548258138206739,0.08411550188318288,0.8670440106272381,0.8640142140998794,0.8770849524720512,0.9667791937006782,0.9678320003506226,0.9656737430952279,0.7377218317540044,0.6960619232079345,0.728698265975713,0.1062145557655955,0.05286561264822134,0.08705035971223021,0.1110734463276836,0.05689677671930053,0.08119709073566234,0.9164697542533081,0.888957509881423,0.9069544364508393,0.8197740112994351,0.837661490277959,0.847382854417551
"s07_dual_role_credit","Dual-Role-Credit-AOP-v3","CF6","CF",100,50000,1,297601,"all",249,400,50000,0.342068371169675,0.3222360392802712,0.3356955895500539,0.342068371169675,0.3222360392802714,0.3356955895500537,0.3562874110971843,0.3103788864904916,0.333333702412324,17403,15739,16658,1502,492,939,0.08630695857036143,0.03125992756846051,0.05636931204226198,0.8238234787105672,0.8215896816824448,0.85784607996158,0.9658234481962017,0.9516653398450777,0.9642621027113447,0.7584573567758506,0.7145655582184007,0.7425676655785097,0.08523859772540743,0.03359140859140859,0.06110247518832955,0.08733378408834798,0.028844910102186,0.05159734779987944,0.8881463243053113,0.846028971028971,0.8876001434891785,0.762001352265044,0.7962747380675204,0.8278481012658228
"s07_dual_role_credit","Dual-Role-Credit-AOP-v3","CF6","CF",100,50000,2,297602,"all",249,400,50000,0.3305951457169732,0.3346110045887098,0.3347938496943171,0.3305951457169728,0.3346110045887098,0.334793849694317,0.3554133725661082,0.312886949303905,0.3316996781299861,17068,16130,16602,1519,582,911,0.08899695336301851,0.03608183508989461,0.05487290687868931,0.777654089524256,0.8678859268443894,0.8448982050355379,0.9436789799853224,0.9756919602279143,0.9630151158788256,0.7412438231865316,0.7100594162890075,0.7273146895070637,0.08698296836982969,0.03850767754318618,0.05500958772770853,0.09086799276672694,0.03348729792147806,0.05473480261564544,0.835279805352798,0.8821976967370442,0.87607861936721,0.724118444846293,0.8525789068514241,0.8133930733833858
"s07_dual_role_credit","Dual-Role-Credit-AOP-v3","CF6","CF",100,50000,3,297603,"all",249,400,50000,0.3314921005297761,0.3324417066857678,0.3360661927844562,0.331492100529776,0.3324417066857681,0.336066192784456,0.3524900582181535,0.3138059390711369,0.3337040027107097,17030,16091,16679,1436,575,922,0.08432178508514386,0.03573426138835374,0.05527909347083158,0.8209630064591896,0.8948480517059225,0.8833862941423347,0.9587864585031697,0.9800684892692353,0.9748655378367802,0.7299617238038018,0.6915522096931517,0.7173884937198198,0.08315151515151516,0.03599468534847203,0.05578783896786525,0.08542141230068337,0.03545826932923707,0.05476649012999518,0.8749090909090909,0.913516125135886,0.9167363516903596,0.7702733485193621,0.8750640040962622,0.8497833413577275
"s07_dual_role_credit","Dual-Role-Credit-AOP-v3","CF6","CF",100,50000,4,297604,"all",249,400,50000,0.3377715036844224,0.3266017247611761,0.3356267715544015,0.3377715036844223,0.3266017247611759,0.3356267715544012,0.3539702245729296,0.3104616111360651,0.3355681642910054,17204,15845,16751,1391,505,907,0.08085328993257382,0.03187125276112338,0.05414602113306669,0.8076610090676587,0.8449353108236036,0.8626350665631902,0.9562173685757445,0.9626341843141839,0.967543958259655,0.7346152787666442,0.6936387753947442,0.7217057192269337,0.08229129450994403,0.03399852180339985,0.05521765056648777,0.07948223004428295,0.02963634010612139,0.05307195792493426,0.886983446468977,0.8752155703375215,0.9029218843172332,0.732031338707846,0.8131228160993917,0.8222567535261773
"s07_dual_role_credit","Dual-Role-Credit-AOP-v3","CF6","CF",100,50000,5,297605,"all",249,400,50000,0.3379836776181498,0.3282854042251458,0.3337309181567043,0.3379836776181494,0.3282854042251455,0.3337309181567042,0.3542302690774239,0.3109042330181908,0.3348654979043854,17246,15896,16658,1483,528,939,0.08599095442421431,0.03321590337191746,0.05636931204226198,0.7881247825582743,0.8184448917966785,0.8256093168447592,0.9500656816163003,0.9579213501581693,0.9585632215305792,0.7355412727353245,0.703972545415567,0.7245437185603256,0.08371927324545779,0.03638814016172507,0.05590958278225321,0.08815864022662889,0.02986811481768813,0.05682771849898094,0.8578553615960099,0.8418279833374173,0.8574005049897799,0.721586402266289,0.7937677786397724,0.7939096031650881
"s07_dual_role_credit","Dual-Role-Credit-AOP-v3","CF7","CF",100,50000,1,297701,"all",249,400,50000,0.3356776753328087,0.3271717575604398,0.3371505671067515,0.3356776753328086,0.32717175756044,0.3371505671067515,0.3604436501368536,0.2885699794198995,0.3509863704432472,17311,15357,17132,1941,910,1844,0.1121252382877939,0.05925636517549,0.1076348353957506,0.7900756744266652,0.8536823598359055,0.8488792902171375,0.9655246147395743,0.9735320078823168,0.9717977751490489,0.8487722999076586,0.7111652374966118,0.8161498379543514,0.1148170365926815,0.05698529411764706,0.1054134443783462,0.1096256684491979,0.0618313186049743,0.1097742637790764,0.8821835632873425,0.8903186274509803,0.9002974419988102,0.7045454545454546,0.8121439488675837,0.7993583132806233
"s07_dual_role_credit","Dual-Role-Credit-AOP-v3","CF7","CF",100,50000,2,297702,"all",249,400,50000,0.3389033393360829,0.3216017142437469,0.3394949464201703,0.3389033393360832,0.3216017142437471,0.3394949464201704,0.3503317893208141,0.3065043019085895,0.3431639087705964,17176,15632,16992,1749,1109,1630,0.1018281322775966,0.07094421699078812,0.09592749529190207,0.8608523521192362,0.8433981576253838,0.8767655367231638,0.9707205140639158,0.9331003714392275,0.9656230877941409,0.8584780630025242,0.7826658921073036,0.850772776698396,0.1011355571327182,0.07083958020989506,0.09535655058043117,0.1024994267369869,0.07105401153644468,0.09649122807017543,0.8824225218831322,0.855072463768116,0.8984837716181,0.8399449667507453,0.8311484006292607,0.8553216374269006
"s07_dual_role_credit","Dual-Role-Credit-AOP-v3","CF7","CF",100,50000,3,297703,"all",249,400,50000,0.3482769739089774,0.3241406285460871,0.3275823975449356,0.3482769739089774,0.3241406285460871,0.3275823975449357,0.3775845305659401,0.2943606144235307,0.3280548550105288,18073,15390,16337,2142,734,1090,0.1185193382393626,0.04769330734243015,0.06671971598212646,0.8199524152050019,0.8053931124106563,0.8025953357409561,0.9656567773143512,0.9610977454082453,0.9568216632223536,0.8076625279724036,0.6896046175385745,0.7483580893368703,0.1168876080691643,0.04563492063492063,0.06298247763754442,0.120025537348372,0.04995904995904996,0.07045009784735812,0.8745821325648415,0.8215525793650794,0.8258791814728588,0.7695254309427538,0.7876057876057876,0.7793542074363993
"s07_dual_role_credit","Dual-Role-Credit-AOP-v3","CF7","CF",100,50000,4,297704,"all",249,400,50000,0.3348893691952555,0.3247678803946006,0.3403427504101439,0.3348893691952555,0.3247678803946006,0.340342750410144,0.3255589257456534,0.320757019517384,0.3536840547369629,16478,16053,17269,1498,1087,1575,0.09090909090909091,0.06771320002491746,0.09120389136603162,0.9201966258041024,0.9084283311530555,0.955932595981238,0.9719043060852283,0.9666549676798127,0.9838289873822821,0.848534829265907,0.8634651588804004,0.9211511833987467,0.09186602870813397,0.06676576241793633,0.08810676745010039,0.08992362650899237,0.06867167919799498,0.09418314019541013,0.9370813397129186,0.9153970023535241,0.967048541396008,0.9028085735402809,0.9013784461152882,0.9452397182458532
"s07_dual_role_credit","Dual-Role-Credit-AOP-v3","CF7","CF",100,50000,5,297705,"all",249,400,50000,0.3504634182120147,0.3260505522193668,0.3234860295686185,0.3504634182120148,0.3260505522193668,0.3234860295686185,0.3765052430351655,0.2792291511708954,0.3442656057939391,18112,15063,16625,1515,699,1230,0.08364620141342756,0.04640509858593905,0.07398496240601504,0.7925132508833922,0.7392949611631149,0.7177744360902255,0.9503582294464087,0.9298363459847251,0.9144307288638879,0.8664221215844693,0.6573223153273318,0.7917445808170798,0.07977566670481859,0.04633965984717772,0.07007081625046589,0.08725333333333334,0.04648150813066628,0.07765858208955224,0.8569302964404257,0.7790239092925807,0.7586035532364269,0.73248,0.6929054540221614,0.6794542910447762
"s07_dual_role_credit","Dual-Role-Credit-AOP-v3","CF8","CF",100,50000,1,297801,"all",249,400,50000,0.3601862934488327,0.3259832337760249,0.3138304727751423,0.360186293448833,0.3259832337760248,0.3138304727751423,0.3571530919511997,0.3169989630128773,0.3258479450359232,17864,16004,15932,1988,593,973,0.1112852664576802,0.03705323669082729,0.06107205623901582,0.4852216748768473,0.4540114971257186,0.4310193321616872,0.6060884255693582,0.5910049396577377,0.5646030858536086,0.7287808358926113,0.7347264984184902,0.7173566437955022,0.1003232638501839,0.03167755454209294,0.05335209825997953,0.1223434161700214,0.04258015460651375,0.06850665352390341,0.5450897335859993,0.5167015900406755,0.4792732855680655,0.4248285168109749,0.389557723989355,0.3845490389354362
"s07_dual_role_credit","Dual-Role-Credit-AOP-v3","CF8","CF",100,50000,2,297802,"all",249,400,50000,0.3671510087382739,0.3104485700525539,0.3224004212091721,0.3671510087382742,0.3104485700525537,0.3224004212091722,0.3616616617851462,0.3114386957080478,0.3268996425068063,18160,15478,16162,2111,534,1124,0.1162444933920705,0.03450058147047422,0.0695458482861032,0.4545154185022026,0.3939785502002843,0.4021779482737285,0.5893187047928883,0.5353710215583218,0.5423172434070234,0.7356454715322673,0.7324565936391815,0.720292016828511,0.1039571491036292,0.02937370600414079,0.06430707876370888,0.1287172658677319,0.03961290322580645,0.07471123126075203,0.5240489724529952,0.4598861283643892,0.4689680957128614,0.3839325343985797,0.328258064516129,0.3363234209879578
"s07_dual_role_credit","Dual-Role-Credit-AOP-v3","CF8","CF",100,50000,3,297803,"all",249,400,50000,0.3608727623801814,0.3158647308673079,0.3232625067525107,0.3608727623801814,0.315864730867308,0.3232625067525108,0.3554522808617587,0.317877783411843,0.3266699357263981,17839,15780,16181,1886,666,1070,0.1057234149896295,0.04220532319391635,0.06612693900253383,0.4387577779023488,0.3785171102661597,0.4012112972004203,0.5832881240920781,0.5444241850694628,0.5542036006181935,0.7553652155825935,0.7570875697354751,0.73719713548706,0.09515859766277128,0.03421956494084722,0.05736280109262478,0.1164445448384911,0.05013259249905291,0.07481235388212132,0.5039510294936005,0.4510876478819489,0.4572883039483486,0.372599954822679,0.3064780906680136,0.3456379968007875
"s07_dual_role_credit","Dual-Role-Credit-AOP-v3","CF8","CF",100,50000,4,297804,"all",249,400,50000,0.3629505678431974,0.3177775745613263,0.3192718575954763,0.3629505678431974,0.3177775745613262,0.3192718575954763,0.3613155222193883,0.314587380611781,0.3240970971688306,18036,15745,16019,1926,569,978,0.1067864271457086,0.03613845665290569,0.06105250015606467,0.420381459303615,0.3762464274372816,0.3814844871714839,0.5597829095598671,0.5170546153303619,0.5184153492701865,0.7263738863246996,0.7220002806063832,0.7055364049688928,0.09397830418419305,0.03208285966906656,0.05434645867404705,0.1196400799822262,0.04024016351558508,0.06765799256505577,0.487934469780828,0.4490337248957939,0.440558560825261,0.3525883137080649,0.3026315789473684,0.3232961586121437
"s07_dual_role_credit","Dual-Role-Credit-AOP-v3","CF8","CF",100,50000,5,297805,"all",249,400,50000,0.3695441284223008,0.3170969762735368,0.3133588953041624,0.3695441284223008,0.317096976273537,0.3133588953041623,0.3631129663612339,0.3111044432891003,0.3257825903496661,18247,15645,15908,2162,599,1050,0.1184852304488409,0.03828699264940875,0.06600452602464169,0.4518002959390585,0.406583573026526,0.3886095046517475,0.5788426220971223,0.5373058519012982,0.5216365431873113,0.7475063172255689,0.743567232289339,0.7315444997422436,0.1091916558018253,0.03609879670677644,0.06063325214716062,0.1279442662833131,0.04051612903225806,0.0711730603182435,0.5298783137766189,0.4816972767574414,0.4509678246378669,0.3723321906446976,0.3300645161290323,0.3286049093376095
"s07_dual_role_credit","Dual-Role-Credit-AOP-v3","CF9","CF",100,50000,1,297901,"all",249,400,50000,0.3616833104864421,0.3141816350031988,0.324135054510359,0.3616833104864421,0.3141816350031988,0.324135054510359,0.3556432112662576,0.319522045767096,0.3248347429666459,17857,15777,16166,1854,636,950,0.1038248305986448,0.04031184635862331,0.05876530990968699,0.5581004648037184,0.5082081511060405,0.51422739082024,0.6948519536220721,0.662387642062872,0.6584789248797758,0.7690202715140192,0.7669632522001436,0.7525747024780549,0.09727928928373127,0.03426233699821018,0.05301622692927041,0.1104835065521916,0.04626021370207416,0.06450018534536019,0.6024430871737924,0.5290207108156482,0.5436640654031958,0.512991414369634,0.4877435575109993,0.4848634622513283
"s07_dual_role_credit","Dual-Role-Credit-AOP-v3","CF9","CF",100,50000,2,297902,"all",249,400,50000,0.366558692213785,0.312910935286515,0.3205303724997001,0.3665586922137849,0.312910935286515,0.3205303724997002,0.3582834620569906,0.3186762609131489,0.3230402770298608,18056,15720,16024,1882,613,931,0.1042312804607887,0.03899491094147583,0.05810034947578632,0.5366083296411165,0.468765903307888,0.4803419870194708,0.6815715808743111,0.6363177159629589,0.6363491863781428,0.7774387676398891,0.7699714865658823,0.756660950645349,0.09798554850010949,0.03376123234916559,0.05754764292878636,0.1106254203093477,0.04413619167717529,0.05864811133200795,0.5937157871688198,0.5035943517329911,0.5104062186559679,0.4781439139206456,0.4345523329129887,0.4505467196819086
"s07_dual_role_credit","Dual-Role-Credit-AOP-v3","CF9","CF",100,50000,3,297903,"all",249,400,50000,0.3597592536515631,0.3115367854665916,0.3287039608818453,0.359759253651563,0.3115367854665918,0.3287039608818452,0.3580891869152915,0.3173660407424,0.3245447723423086,17887,15661,16252,2025,642,1035,0.1132107116900542,0.04099355085882127,0.06368446960374108,0.5502320120758093,0.4993933976119022,0.5185823283288211,0.6959477042536119,0.6645790916699316,0.6711004502804626,0.7613466583989329,0.768145540269815,0.7505037577900384,0.1024754683318466,0.03814924603686042,0.06032056772299033,0.1240049332884853,0.04378638319412807,0.06708751083054834,0.6058206958073149,0.5246810155947932,0.5568334760797748,0.4943379302612401,0.4745634016704632,0.4798861245203614
"s07_dual_role_credit","Dual-Role-Credit-AOP-v3","CF9","CF",100,50000,4,297904,"all",249,400,50000,0.3646137089315384,0.3136559186279868,0.3217303724404748,0.3646137089315384,0.3136559186279868,0.3217303724404747,0.3596490611978749,0.3166828485973088,0.3236680902048163,18044,15678,16078,2119,667,1022,0.1174351585014409,0.04254369179742314,0.06356512003980595,0.5501551762358678,0.4878173236382192,0.5031720363229257,0.6896695715663997,0.6530757721725015,0.658819011683188,0.7634976951312468,0.7666811108188855,0.7505646775957564,0.1047933884297521,0.03754484879548949,0.05498067572621868,0.1302263351544208,0.04749809499618999,0.07211120764552563,0.5915151515151515,0.5102511532547411,0.520134646552799,0.5083063886720928,0.4655829311658624,0.486285217823011
"s07_dual_role_credit","Dual-Role-Credit-AOP-v3","CF9","CF",100,50000,5,297905,"all",249,400,50000,0.362278653076074,0.3083295377172805,0.3293918092066456,0.3622786530760742,0.3083295377172806,0.3293918092066457,0.3609951324833899,0.3173150849254665,0.3216897825911439,18011,15583,16206,2089,666,1031,0.1159846760313142,0.04273888211512546,0.06361841293348143,0.5532174782077619,0.4891227619842136,0.5112921140318401,0.6945482886399633,0.6480877455560867,0.660656433531515,0.7718300226625274,0.7720257886943026,0.7551522230785749,0.1021719858156028,0.03856677524429968,0.05999268381904646,0.1298542338934016,0.04678806272129489,0.06733291692692067,0.5894281914893617,0.5017589576547231,0.5367638092915498,0.5168576833203516,0.4768588770864947,0.4851967520299812
"s07_dual_role_credit","Dual-Role-Credit-AOP-v3","DASCMOP1","DAS-CMOP",100,50000,1,299501,"all",249,400,50000,0.3380243124327388,0.3406398683085937,0.3213358192586674,0.3380243124327388,0.3406398683085937,0.3213358192586676,0.32640986339579,0.3441988082821473,0.3293913283220631,16561,17043,16196,2214,1604,1585,0.1336875792524606,0.0941148858768996,0.09786367004198568,0.2405651832618803,0.2152790001760254,0.2133242775994073,0.759528802301661,0.7881100362296471,0.7601798625888146,0.7626551112607547,0.7879377033222251,0.7584750014831249,0.06761734997029115,0.03016733443318407,0.03787973496687086,0.2019396022587773,0.157531845272876,0.1563986824447969,0.4219845513963161,0.4093801555503181,0.3851731466433304,0.05315492266142892,0.02278836040668459,0.04562644870074418
"s07_dual_role_credit","Dual-Role-Credit-AOP-v3","DASCMOP1","DAS-CMOP",100,50000,2,299502,"all",249,400,50000,0.3252299886480292,0.3478161366677329,0.3269538746842379,0.3252299886480292,0.3478161366677332,0.3269538746842379,0.3261868277543802,0.3499743498413575,0.3238388224042627,16214,17371,16215,1932,1538,1318,0.1191562846922413,0.08853836854527661,0.08128276287388221,0.2272110521771309,0.2051695354326176,0.2134443416589578,0.7413835493862819,0.7883821458290513,0.7610272628883857,0.7683997459893107,0.8143163167016645,0.7757090352734973,0.06216015818091943,0.03244803695150116,0.03988708885616102,0.1759418862349175,0.1443003099529331,0.1230940870211975,0.3939693524468611,0.3848729792147806,0.3654884634266077,0.06106870229007633,0.02651819538514522,0.05987355894384529
"s07_dual_role_credit","Dual-Role-Credit-AOP-v3","DASCMOP1","DAS-CMOP",100,50000,3,299503,"all",249,400,50000,0.3348937331954688,0.3391626196462215,0.3259436471583098,0.3348937331954688,0.3391626196462213,0.32594364715831,0.3246920465736165,0.3497493084583723,0.3255586449680116,16430,17144,16226,1896,1581,1405,0.1153986609860012,0.09221885207652823,0.08658942438062368,0.2407790626902009,0.2232851143257116,0.2324047824479231,0.7692280747107798,0.7945722100468373,0.7766193338861934,0.7820688600553439,0.812906348019323,0.7812617160535746,0.05997361161089121,0.03340440653873489,0.04198990272133973,0.172494748548128,0.1492760284991956,0.1312769895126465,0.421734436847787,0.4252546789860223,0.4101711611870459,0.05436797232175954,0.02735003447483337,0.05428747686613201
"s07_dual_role_credit","Dual-Role-Credit-AOP-v3","DASCMOP1","DAS-CMOP",100,50000,4,299504,"all",249,400,50000,0.3393467798747526,0.3390083348865412,0.3216448852387064,0.3393467798747528,0.3390083348865414,0.321644885238706,0.3276884440106622,0.3403396628453191,0.331971893144019,16612,16921,16267,2254,1527,1659,0.1356850469540092,0.09024289344601383,0.1019856150488719,0.2428365037322417,0.2094438862951362,0.2133767750660847,0.7513512217990641,0.7850918416081658,0.7524311346168655,0.7717498419871873,0.797744804234427,0.7678481380755052,0.06673766418175364,0.03327412670219065,0.04335332333833083,0.2070824653841441,0.1470033034450212,0.1587801040784219,0.4343864631404568,0.3976317347542925,0.3870564717641179,0.04447984315647592,0.0219443133553563,0.04514098995522207
"s07_dual_role_credit","Dual-Role-Credit-AOP-v3","DASCMOP1","DAS-CMOP",100,50000,5,299505,"all",249,400,50000,0.3374366470607537,0.3399748004273745,0.3225885525118717,0.3374366470607538,0.3399748004273746,0.3225885525118718,0.3221977205282133,0.3476797017781589,0.3301225776936281,16417,17124,16259,1977,1562,1495,0.1204239507827252,0.0912170053725765,0.09194907435881665,0.2549186818541755,0.2300864284045784,0.2279968017713266,0.7635749433804766,0.792698382948169,0.7715317867541687,0.7630199687885979,0.7972326292964169,0.7657905729343228,0.06395141121829225,0.03446647780925401,0.03997011580127008,0.1795511221945137,0.146786870087841,0.1426835196888673,0.4503989520066691,0.4382672332389047,0.4079193126634292,0.05024937655860349,0.02623670827554323,0.05238210986874089
"s07_dual_role_credit","Dual-Role-Credit-AOP-v3","DASCMOP2","DAS-CMOP",100,50000,1,299601,"all",249,400,50000,0.3064792497865517,0.3604762081111801,0.3330445421022681,0.3064792497865519,0.3604762081111805,0.3330445421022682,0.3124361860595951,0.3558060414577051,0.3317577724826998,15414,17837,16549,1484,1429,1271,0.09627611262488647,0.0801143690082413,0.07680222369931718,0.2286882055274426,0.2393900319560464,0.2347573871533023,0.689829572893871,0.802368459527484,0.748136911624173,0.7563732966426404,0.8341955353578406,0.7849111693252261,0.0514937106918239,0.02441199420354476,0.0296492708207786,0.140195322539193,0.1364764267990075,0.1242123121667475,0.3702830188679245,0.4168988964440977,0.3838736892852838,0.08982266769468003,0.05977893074667268,0.08482792050412022
"s07_dual_role_credit","Dual-Role-Credit-AOP-v3","DASCMOP2","DAS-CMOP",100,50000,2,299602,"all",249,400,50000,0.3226447546522893,0.3450959943426454,0.3322592510050655,0.322644754652289,0.3450959943426451,0.3322592510050655,0.3167783447367873,0.3550861603940825,0.3281354948691301,15929,17420,16451,1762,1584,1394,0.110615857869295,0.09092996555683124,0.0847364901829676,0.2421997614413962,0.2288748564867968,0.2380402407148502,0.7298827030306471,0.7943063008394575,0.7666630770536748,0.7555142735193568,0.8087994580691086,0.765330821419961,0.05186567164179105,0.02118742724097788,0.03252720677146312,0.1704905564710356,0.1587768969422424,0.1375137513751375,0.4121890547263681,0.420023282887078,0.4030229746070133,0.06895677525668653,0.04292185730464326,0.07126268182373793
"s07_dual_role_credit","Dual-Role-Credit-AOP-v3","DASCMOP2","DAS-CMOP",100,50000,3,299603,"all",249,400,50000,0.3130174719861258,0.3545508130882735,0.3324317149256006,0.3130174719861258,0.3545508130882739,0.3324317149256006,0.3185932159319405,0.3506366655634797,0.3307701185045801,15733,17553,16514,1823,1421,1383,0.1158710989639611,0.08095482253745799,0.08374712365265835,0.2337761393249857,0.2376231983136786,0.2370110209519196,0.7130165059463549,0.7998666071473883,0.7649504442849513,0.7569304575584418,0.81454972928068,0.7726495072584131,0.05500705218617771,0.02142371344366357,0.03068003382050973,0.1756995210486514,0.1411064024739434,0.1370977534911961,0.4008206180279523,0.4319882112899569,0.3995651648749849,0.06957398537937988,0.04123239033329516,0.07358834244080145
"s07_dual_role_credit","Dual-Role-Credit-AOP-v3","DASCMOP2","DAS-CMOP",100,50000,4,299604,"all",249,400,50000,0.3296643363547855,0.3364230481516449,0.3339126154935698,0.3296643363547855,0.3364230481516447,0.3339126154935695,0.3220640122599919,0.3497925982279677,0.3281433895120404,16231,17096,16473,1968,1619,1475,0.1212494609081387,0.09470051474029012,0.08954046014690706,0.2513708335900438,0.2185306504445484,0.2473744915923025,0.7494255662265311,0.792969635422854,0.7763715277893415,0.7535227597771694,0.7912570724835257,0.7541875518329391,0.05404089581304771,0.02517599331821978,0.03155485968926894,0.1901434809731753,0.1615605278255881,0.1484700122399021,0.4320837390457644,0.4062761007039733,0.4237022762856799,0.066126013724267,0.03798049340218015,0.06817625458996328
"s07_dual_role_credit","Dual-Role-Credit-AOP-v3","DASCMOP2","DAS-CMOP",100,50000,5,299605,"all",249,400,50000,0.3042391126805429,0.3647092023258444,0.3310516849936128,0.3042391126805427,0.3647092023258443,0.3310516849936127,0.3170817165678413,0.3530025197079811,0.329915763724178,15461,17865,16474,1648,1358,1235,0.1065907767932217,0.07601455359641758,0.07496661405851646,0.2186145786171658,0.2382311782815561,0.2232001942454777,0.6868739318181376,0.8025350423649006,0.7470107184152394,0.7559674735629932,0.8338206730976625,0.7831475232839344,0.05083179297597042,0.02070484581497797,0.02752849866601989,0.1601369341955116,0.1331815594763802,0.1225085075352455,0.3617639292315817,0.4190528634361234,0.3679359689546447,0.08114618993280082,0.05133750711439954,0.07814778804083616
"s07_dual_role_credit","Dual-Role-Credit-AOP-v3","DASCMOP3","DAS-CMOP",100,50000,1,299701,"all",249,400,50000,0.3422725208344733,0.3360845621197476,0.321642917045779,0.3422725208344734,0.3360845621197475,0.3216429170457793,0.3424713871086148,0.3391607995437914,0.3183678133475941,17056,16801,15943,2482,1433,1333,0.1455206378986867,0.08529254211058866,0.08361036191431977,0.225609756097561,0.2012380215463365,0.2030358150912626,0.6854437143570754,0.7327528576960625,0.6988168202015876,0.7586194173542219,0.7944850846315084,0.7528775224627997,0.08029539327159771,0.03567153459420637,0.04217092950717405,0.210791788856305,0.134367230969575,0.1255045408678103,0.4273824873988981,0.3891548958582715,0.3852776044915783,0.0236950146627566,0.0153900793181011,0.0187941473259334
"s07_dual_role_credit","Dual-Role-Credit-AOP-v3","DASCMOP3","DAS-CMOP",100,50000,2,299702,"all",249,400,50000,0.3406572048392799,0.3371712753919833,0.3221715197687369,0.34065720483928,0.3371712753919832,0.3221715197687369,0.3428414017169415,0.3375773734516479,0.3195812248314104,17024,16805,15971,2548,1568,1507,0.149671052631579,0.09330556382029158,0.09435852482624757,0.2246240601503759,0.1963701279381136,0.197169870390082,0.673825374437,0.7271661055945543,0.6975342321483705,0.7538946630640693,0.7882337823380726,0.7482854101422648,0.0818106801838972,0.03904297107487204,0.0467814371257485,0.2170706006322445,0.1475487862922418,0.1423004399748586,0.4267358245903572,0.3805499345316034,0.37562375249501,0.02388479100807868,0.01225606853879105,0.01734758013827781
"s07_dual_role_credit","Dual-Role-Credit-AOP-v3","DASCMOP3","DAS-CMOP",100,50000,3,299703,"all",249,400,50000,0.3251930517403838,0.3530923866744369,0.3217145615851793,0.3251930517403838,0.353092386674437,0.3217145615851792,0.3367658448502012,0.3399050822394639,0.3233290729103348,16485,17261,16054,2335,1370,1354,0.1416439187139824,0.07936967730722438,0.08434035131431419,0.1623900515620261,0.146283529343607,0.1494331630746231,0.6230102804616214,0.7287479947350378,0.651399851535201,0.7654353267708855,0.8392668046923007,0.7860564218112652,0.08733786287831995,0.03183627060830017,0.04207240948813983,0.1940405244338498,0.1287502952988424,0.1264296369965192,0.2940086473131563,0.2681068789084707,0.2702871410736579,0.03539928486293206,0.01972596267422632,0.02909000497265042
"s07_dual_role_credit","Dual-Role-Credit-AOP-v3","DASCMOP3","DAS-CMOP",100,50000,4,299704,"all",249,400,50000,0.3432237412649134,0.3339611922626405,0.3228150664724461,0.3432237412649135,0.3339611922626405,0.3228150664724461,0.3461570218650662,0.3386426316179625,0.315200346516971,17180,16751,15869,2518,1475,1365,0.1465657741559953,0.08805444451077547,0.08601676224084694,0.2236321303841676,0.1907945794280939,0.2022811771378159,0.6908451291656931,0.7211925132386502,0.7056630064237411,0.7551860848023124,0.784534118333835,0.7435702889433002,0.07432511394180204,0.0288565588553565,0.04161475205581859,0.21825350805984,0.1464311121650462,0.131454800459008,0.4216430992170153,0.3717686665865095,0.3769000747570396,0.0271367273570683,0.01233104102442495,0.0235879127884738
"s07_dual_role_credit","Dual-Role-Credit-AOP-v3","DASCMOP3","DAS-CMOP",100,50000,5,299705,"all",249,400,50000,0.3482439336847499,0.3281014646132193,0.3236546017020308,0.3482439336847499,0.3281014646132194,0.3236546017020309,0.3518976679808211,0.335247668599582,0.3128546634195973,17434,16515,15851,2534,1365,1260,0.1453481702420558,0.08265213442325159,0.07949025298088448,0.2321899736147757,0.1929155313351499,0.2118478329442937,0.6992300838089429,0.7189625210981843,0.7105164498270725,0.7609725565434625,0.7669174294295783,0.7357452842414636,0.06985590778097983,0.02939735423811857,0.03597568539883389,0.2201164516497317,0.1347144054604239,0.1245186136071887,0.4444956772334294,0.3777560019598236,0.3997022701898028,0.02192031053773262,0.01221410609507843,0.01745827984595635
"s07_dual_role_credit","Dual-Role-Credit-AOP-v3","DASCMOP4","DAS-CMOP",100,50000,1,299801,"all",249,400,50000,0.4351613330049983,0.1447944297113387,0.420044237283663,0.4351613330049983,0.1447944297113387,0.4200442372836632,0.3912015526624538,0.2300524178645043,0.3787460294730417,20578,9336,19886,4440,490,4314,0.2157644085916999,0.05248500428449015,0.2169365382681283,0.07410827096899601,0.01863753213367609,0.1037413255556673,0.3353960748932411,0.1599167785811941,0.3946036648451483,0.7588504577359749,0.5621672323978238,0.7437464918695231,0.2067724672448791,0.04916666666666666,0.2073217358057733,0.2257700205338809,0.05456764295676429,0.2276103565365026,0.09485144860675401,0.02833333333333333,0.1407952590326897,0.05102669404517454,0.01255230125523013,0.06260611205432937
"s07_dual_role_credit","Dual-Role-Credit-AOP-v3","DASCMOP4","DAS-CMOP",100,50000,2,299802,"all",249,400,50000,0.4234007048732384,0.1558064970428329,0.4207927980839287,0.4234007048732387,0.155806497042833,0.4207927980839286,0.3842441842207391,0.2371452316533204,0.3786105841259405,20110,9781,19909,4976,716,5060,0.2474390850323222,0.0732031489622738,0.2541564116731126,0.02212829438090502,0.007258971475309273,0.03355266462403938,0.2439587309965412,0.1252428892219518,0.2789118451922736,0.7544544691394415,0.5796438305077597,0.7440507090588748,0.2539140335895246,0.07525773195876288,0.2593264001526572,0.2403092675791453,0.07185222843585833,0.2484089944845142,0.03235601100673688,0.0115979381443299,0.04741913939509589,0.01086615818618744,0.004406032875783766,0.01813746287653797
"s07_dual_role_credit","Dual-Role-Credit-AOP-v3","DASCMOP4","DAS-CMOP",100,50000,3,299803,"all",249,400,50000,0.4686715092221536,0.1428995820895646,0.3884289086882818,0.4686715092221534,0.1428995820895646,0.3884289086882816,0.4025370128788646,0.2291810286266053,0.3682819584945302,21691,9263,18846,4825,489,3674,0.2224424876676963,0.05279067256828241,0.1949485301920832,0.05707436263888249,0.01856849832667602,0.09078849623262231,0.2681058340551214,0.09589579929792941,0.2720968738189012,0.7908841365640602,0.5653525968265828,0.733451446683551,0.2285347043701799,0.05799549549549549,0.1923951229592891,0.2153477696836643,0.04955349325862371,0.1976439790575916,0.07060839760068552,0.0205518018018018,0.1128332300061996,0.04131324219139806,0.01733496760637367,0.0675174520069808
"s07_dual_role_credit","Dual-Role-Credit-AOP-v3","DASCMOP4","DAS-CMOP",100,50000,4,299804,"all",249,400,50000,0.4234506094200139,0.1529836440146845,0.4235657465653015,0.4234506094200142,0.1529836440146845,0.4235657465653015,0.3813980902501926,0.2383024765112273,0.3802994332385803,20055,9733,20012,4761,694,4907,0.237397157816006,0.07130381177437584,0.2452028782730362,0.07090501121914734,0.02054864892633309,0.1146312212672397,0.3140542198418562,0.1686043930877202,0.3867070666997007,0.7399719337678176,0.5759257012230876,0.7435898619789856,0.2302519416556166,0.06049447659126776,0.2373814041745731,0.2453406338843845,0.07823301298263362,0.25390625,0.09026330744459178,0.02866912151499211,0.1529411764705882,0.04938401600505423,0.01534311245995616,0.07200168918918919
"s07_dual_role_credit","Dual-Role-Credit-AOP-v3","DASCMOP4","DAS-CMOP",100,50000,5,299805,"all",249,400,50000,0.4492662111047781,0.1419948736896037,0.4087389152056183,0.4492662111047783,0.1419948736896036,0.4087389152056184,0.3981577117721316,0.2305478036182399,0.3712944846096284,21103,9281,19416,4470,502,3906,0.2118182248969341,0.05408899903027691,0.2011742892459827,0.0641614936264986,0.01292964120245663,0.09796044499381953,0.2817536607833098,0.1125589443935925,0.3172146785247834,0.7735553870747561,0.554494075026069,0.7329833086612575,0.2064002860463038,0.05141242937853107,0.1944362528261083,0.2179306171843485,0.05573941821982233,0.2085902845396516,0.07517654420309287,0.01412429378531073,0.1195320947606409,0.05173457039128681,0.01219299773558613,0.07421832738288435
"s07_dual_role_credit","Dual-Role-Credit-AOP-v3","DASCMOP5","DAS-CMOP",100,50000,1,299901,"all",249,400,50000,0.4392547402791904,0.1487747901033275,0.4119704696174822,0.4392547402791901,0.1487747901033274,0.4119704696174821,0.3967091534755257,0.231487453264017,0.3718033932604575,20818,9464,19518,4779,569,4313,0.2295609568642521,0.06012256973795435,0.2209755097858387,0.05096551061581324,0.008875739644970414,0.07239471257300953,0.279377181796303,0.1074978026442575,0.307466671598584,0.7806454062773858,0.5702689205648814,0.7494650134172717,0.2227197952842259,0.06057328285559762,0.2206627680311891,0.2371405427298501,0.05983350676378772,0.2213220998055735,0.06580149881191738,0.01352082206598161,0.0935672514619883,0.03452814904819765,0.005896635449184877,0.04893065456902139
"s07_dual_role_credit","Dual-Role-Credit-AOP-v3","DASCMOP5","DAS-CMOP",100,50000,2,299902,"all",249,400,50000,0.4621097333370731,0.13175625300788,0.4061340136550469,0.4621097333370729,0.13175625300788,0.4061340136550471,0.398134634974244,0.2291114108397907,0.3727539541859651,21430,8978,19392,4561,457,3780,0.212832477834811,0.05090220539095567,0.1949257425742574,0.08077461502566495,0.01459122298952996,0.1087046204620462,0.329056023961646,0.1236922312909043,0.3635840280928254,0.790435029630935,0.5652701251823787,0.7526383237624386,0.1952744961779013,0.04451219512195122,0.1776810447170558,0.2332123411978221,0.05458055458055458,0.2137009909521758,0.1016330785267547,0.01676829268292683,0.1410763751483973,0.05656382335148216,0.01333801333801334,0.07345971563981042
"s07_dual_role_credit","Dual-Role-Credit-AOP-v3","DASCMOP5","DAS-CMOP",100,50000,3,299903,"all",249,400,50000,0.4317271189033609,0.1559659076133092,0.41230697348333,0.4317271189033607,0.1559659076133091,0.4123069734833301,0.3917242500072943,0.2328644822683432,0.375411267724363,20493,9692,19615,4989,635,4518,0.2434489825794174,0.06551795295088733,0.2303339281162376,0.04430781242375445,0.01506397028477095,0.07020137649757838,0.2497717789069061,0.1165097912520758,0.2812782585860193,0.7764673360470643,0.5842970167866154,0.7575299714728426,0.2443224125093075,0.06512226512226513,0.2284100866517379,0.2424864088624474,0.06578267608059239,0.2324486301369863,0.05240134028294862,0.01261261261261261,0.08538603836043228,0.03538824494819982,0.01670397795763734,0.05351027397260274
"s07_dual_role_credit","Dual-Role-Credit-AOP-v3","DASCMOP5","DAS-CMOP",100,50000,4,299904,"all",249,400,50000,0.4122081873536198,0.1549118036347873,0.432880009011593,0.4122081873536201,0.1549118036347871,0.4328800090115928,0.3746229251333709,0.2440116370571877,0.3813654378094413,19595,9929,20276,4101,673,4427,0.2092880836948201,0.06778124685265384,0.2183369500887749,0.07425363613166625,0.02930808742068688,0.1289208916946143,0.3141848551808933,0.1792019001090343,0.3958694440977282,0.7576899062959633,0.5894776896064999,0.75991444660014,0.2017150652894173,0.05335405335405335,0.1976431288855897,0.2176149148183864,0.07696110744891232,0.241814927887146,0.09208731241473397,0.02926702926702927,0.1541245244502181,0.0546448087431694,0.02933421226104153,0.1003263501421202
"s07_dual_role_credit","Dual-Role-Credit-AOP-v3","DASCMOP5","DAS-CMOP",100,50000,5,299905,"all",249,400,50000,0.466113005339264,0.1490473183021653,0.3848396763585708,0.466113005339264,0.1490473183021653,0.3848396763585709,0.4092494271175896,0.2257456346823239,0.3650049382000866,21804,9339,18657,5666,532,4151,0.2598605760410934,0.05696541385587322,0.2224902181486841,0.01490552192258301,0.004283113823749866,0.0250844187168355,0.1835993418771777,0.0894679409742454,0.2138718680972225,0.7980093864246101,0.5702268471853729,0.7471449287165232,0.2693997071742313,0.061455525606469,0.2311305981835265,0.2489944079270087,0.05400604014922722,0.2133729896452963,0.01722504521574369,0.006199460916442049,0.03090092911577409,0.01226331796330815,0.003020074613608101,0.01894690460453844
"s07_dual_role_credit","Dual-Role-Credit-AOP-v3","DASCMOP6","DAS-CMOP",100,50000,1,300001,"all",249,400,50000,0.4441527888357347,0.1472684883361734,0.408578722828092,0.4441527888357348,0.1472684883361733,0.4085787228280918,0.4071141009650199,0.2243461741738785,0.3685397248611019,21202,9251,19347,4732,437,3950,0.2231864918403924,0.04723813641768457,0.2041660205716649,0.03707197434204321,0.01113393146686845,0.05406522975138264,0.2628359912039614,0.1026732606666156,0.2729713764998677,0.7856038733587594,0.5612984295467404,0.7387268984665383,0.2194218608852755,0.06111869031377899,0.2116084604033448,0.2272996446900908,0.03813104189044039,0.1959268133304291,0.04552845528455285,0.01282401091405184,0.06414166256763404,0.02783260955388867,0.0100250626566416,0.04291004138531911
"s07_dual_role_credit","Dual-Role-Credit-AOP-v3","DASCMOP6","DAS-CMOP",100,50000,2,300002,"all",249,400,50000,0.4324457016733608,0.1457878080294731,0.421766490297166,0.4324457016733605,0.1457878080294731,0.4217664902971662,0.3945064523872788,0.2245638515140561,0.380929696098665,20591,9217,19992,4195,348,4047,0.203729784857462,0.03775631984376696,0.2024309723889556,0.081540478849983,0.04263860258218509,0.1593137254901961,0.3441490869691859,0.1938244978692348,0.445806654008077,0.7671826662214086,0.5671522900177955,0.7577646095293644,0.1830253505432259,0.03993390250619664,0.184,0.2264304622276522,0.03634085213032581,0.222819216182048,0.1150524654099731,0.06554668135499862,0.2144761904761905,0.04479739360619019,0.02774794128177587,0.09829329962073324
"s07_dual_role_credit","Dual-Role-Credit-AOP-v3","DASCMOP6","DAS-CMOP",100,50000,3,300003,"all",249,400,50000,0.437308707396137,0.151394285533054,0.4112970070708091,0.437308707396137,0.1513942855330539,0.4112970070708087,0.4019260550284812,0.2255421160040705,0.3725318289674487,20906,9373,19521,4763,488,4206,0.2278293312924519,0.05206444041395498,0.2154602735515599,0.05907395006218311,0.007361570468366585,0.07038573843553096,0.3009880267151692,0.1101263647438775,0.3116168803256055,0.7824685219547386,0.5708767404695335,0.7470329627194952,0.2181217295510879,0.06588735387885228,0.2168310065410524,0.238390092879257,0.04278837582456766,0.213946971330028,0.08418250252455706,0.01222104144527099,0.100068339353705,0.03175871367222611,0.004100552683187734,0.03761586548825178
"s07_dual_role_credit","Dual-Role-Credit-AOP-v3","DASCMOP6","DAS-CMOP",100,50000,4,300004,"all",249,400,50000,0.4227773323283893,0.1590165898006541,0.4182060778709565,0.4227773323283892,0.1590165898006541,0.4182060778709565,0.3982403261013986,0.2249041972730266,0.3768554766255746,20450,9558,19792,4842,527,4834,0.2367726161369193,0.05513705796191672,0.2442400970088925,0.02088019559902201,0.01067168863779033,0.04127930476960388,0.258956228590689,0.1433105272547769,0.3129230304701803,0.7742356915597119,0.572032988559778,0.7541345081226736,0.2425422762682881,0.07447614238828579,0.264861231153366,0.2306529625151149,0.04145077720207254,0.2213455592280627,0.03144594337830135,0.02019691996970462,0.06693556131758378,0.009673518742442563,0.003930677148472396,0.01279454099584177
"s07_dual_role_credit","Dual-Role-Credit-AOP-v3","DASCMOP6","DAS-CMOP",100,50000,5,300005,"all",249,400,50000,0.4490611649354405,0.1480341373117843,0.4029046977527753,0.4490611649354406,0.1480341373117842,0.4029046977527757,0.406750410721689,0.2237716870994405,0.3694779021788703,21316,9246,19238,5460,499,4375,0.2561456183148809,0.05396928401470907,0.2274144921509512,0.006614749483955714,0.002703871944624703,0.008316872855806217,0.1865288321560575,0.07626416211882904,0.1858483277456981,0.7834388932177204,0.562366679968215,0.7377908679953361,0.2702002145155524,0.06855277475516866,0.2455161418891989,0.2406200631911532,0.04434470377019749,0.2076722451640948,0.008759385055416518,0.00544069640914037,0.01086090075727381,0.00424565560821485,0.0008976660682226212,0.005542273418821995
"s07_dual_role_credit","Dual-Role-Credit-AOP-v3","DASCMOP7","DAS-CMOP",100,50000,1,300101,"all",249,400,50000,0.4430766318475493,0.1475550016972548,0.4093683664551959,0.4430766318475493,0.1475550016972549,0.4093683664551958,0.3929021459671126,0.2250544360410085,0.382043417991879,20822,9269,19709,4102,541,3968,0.19700316972433,0.05836659833854785,0.2013293419250089,0.1085870713668236,0.01467256446218578,0.1184230554568979,0.3192594655323545,0.1311695914395908,0.335631447208334,0.710041099477409,0.4883928357872237,0.685589467250319,0.2073027090694935,0.05664488017429194,0.205181042095967,0.1853857945835462,0.05949615865642308,0.1972052952300904,0.1251245809549696,0.01552287581699346,0.1381611225591208,0.08993357179356157,0.01411470430587815,0.09728934650136584
"s07_dual_role_credit","Dual-Role-Credit-AOP-v3","DASCMOP7","DAS-CMOP",100,50000,2,300102,"all",249,400,50000,0.4503098662115086,0.1311064031995769,0.4185837305889146,0.4503098662115084,0.1311064031995769,0.4185837305889145,0.4107414928476397,0.2142489306063892,0.3750095765459712,21452,8598,19750,4589,404,3836,0.21391944807011,0.04698767155152361,0.1942278481012658,0.07463173596867424,0.0052337752965806,0.08718987341772153,0.3113572315591162,0.08992394936487037,0.3137303900036884,0.7283147443036198,0.4666822564196886,0.6809960999067363,0.2212515599928686,0.04748774509803921,0.2025340756383183,0.2058823529411765,0.04668166479190101,0.1849549935705101,0.09787840969869852,0.006433823529411764,0.112977538875024,0.04914989251514559,0.004499437570303712,0.05840120017145307
"s07_dual_role_credit","Dual-Role-Credit-AOP-v3","DASCMOP7","DAS-CMOP",100,50000,3,300103,"all",249,400,50000,0.4631926942549562,0.1303208453400728,0.4064864604049712,0.4631926942549557,0.1303208453400727,0.4064864604049713,0.406045915591255,0.2161536026193261,0.3778004817894186,21653,8636,19511,4004,368,3228,0.1849166397265968,0.04261232051875868,0.1654451335144278,0.1604858449175634,0.02616952292728115,0.20557634155092,0.3774019532401059,0.1284803327966521,0.4016799663427468,0.7282198472940417,0.464189845925625,0.6870365567600857,0.1841899973996706,0.04211497079618813,0.1591493570722057,0.1857453538948201,0.04291287386215865,0.1722157217317307,0.1978850654416226,0.02766676913618199,0.2518298714144411,0.1178331356267299,0.025264722273825,0.1558344856930114
"s07_dual_role_credit","Dual-Role-Credit-AOP-v3","DASCMOP7","DAS-CMOP",100,50000,4,300104,"all",249,400,50000,0.442784810590504,0.1449205811255546,0.4122946082839413,0.4427848105905038,0.1449205811255546,0.4122946082839414,0.3983845039611861,0.2205649606716581,0.3810505353671559,20953,9097,19750,4869,528,4458,0.2323772252183458,0.05804111245465538,0.2257215189873418,0.04796449195819214,0.009123886995712873,0.07837974683544303,0.2698145991414594,0.1128377675503787,0.3054166163897519,0.7164191965941367,0.4875784483678181,0.6927951346661149,0.2498187749184487,0.05409153952843273,0.2400818793254703,0.212967631340123,0.06063364894391843,0.2101991360236013,0.05980427691192461,0.01331484049930652,0.1083926308607077,0.03478874659675305,0.006372906045156591,0.04593825729638605
"s07_dual_role_credit","Dual-Role-Credit-AOP-v3","DASCMOP7","DAS-CMOP",100,50000,5,300105,"all",249,400,50000,0.4345162800431365,0.1502337710816999,0.4152499488751635,0.4345162800431363,0.1502337710816999,0.4152499488751635,0.3958313297458242,0.2262457935599442,0.3779228766942318,20676,9382,19742,4748,638,4422,0.2296382278970787,0.0680025580899595,0.2239894640867187,0.0739021087250919,0.01396290769558729,0.1102725154492959,0.3168354223006805,0.1636335890199007,0.3854136143355628,0.7097104451182212,0.5009475285490285,0.7012983583137891,0.2383592017738359,0.06574024585783003,0.2348558157538223,0.2200568412505075,0.06950354609929078,0.2120535714285714,0.08980044345898004,0.01416354890432924,0.1404102961099284,0.05643524157531465,0.01382978723404255,0.07716836734693877
"s07_dual_role_credit","Dual-Role-Credit-AOP-v3","DASCMOP8","DAS-CMOP",100,50000,1,300201,"all",249,400,50000,0.4908559738353823,0.1247250362353277,0.38441898992929,0.4908559738353822,0.1247250362353276,0.3844189899292898,0.4285904216875933,0.2032008985238886,0.3682086797885182,22904,8162,18734,4360,266,2942,0.1903597624869018,0.03259005145797599,0.1570406747090851,0.1266154383513797,0.006125949522175937,0.1182876054232945,0.3643868721299807,0.06767342289970606,0.318785515127939,0.7422356808992967,0.4429396270605815,0.6601875014724063,0.1900630269296881,0.03792992606878817,0.1607814458838278,0.190698980069243,0.02930112848940804,0.1531325038201266,0.1434067283293771,0.008036001285760206,0.132678646050982,0.1074202301862075,0.004949514947535142,0.1032525649421524
"s07_dual_role_credit","Dual-Role-Credit-AOP-v3","DASCMOP8","DAS-CMOP",100,50000,2,300202,"all",249,400,50000,0.4205692334723071,0.1573292157154874,0.4221015508122055,0.4205692334723071,0.1573292157154874,0.4221015508122055,0.3913306832935124,0.2279130845261406,0.3807562321803464,20208,9592,20000,4662,617,4507,0.2307007125890736,0.06432443703085905,0.22535,0.05918448139350752,0.008548790658882402,0.08205,0.2807873093015079,0.128188851526714,0.318263332120291,0.6875922429273851,0.4907911314083689,0.6776216971771548,0.2467979353852036,0.05972434915773354,0.2369771863117871,0.2134208906217936,0.06750088121254846,0.2124472573839662,0.07092334161728159,0.008677896886166412,0.1015209125475285,0.04658321362610301,0.008459640465280225,0.06044303797468355
"s07_dual_role_credit","Dual-Role-Credit-AOP-v3","DASCMOP8","DAS-CMOP",100,50000,3,300203,"all",249,400,50000,0.442276215561986,0.1371348354369225,0.4205889490010916,0.442276215561986,0.1371348354369225,0.4205889490010912,0.4109973264468625,0.2126557583854511,0.3763469151676868,21236,8709,19855,4554,413,3856,0.2144471651911848,0.04742220691238948,0.1942080080584236,0.1295441702768883,0.01929038925249742,0.1534626038781163,0.3568067558483096,0.1142768072550482,0.3647525488049854,0.7170233887917371,0.4615703575012902,0.6735507335346912,0.2174861401435972,0.04828797190517999,0.1981870229007634,0.2111795172481188,0.04686318972033258,0.18976,0.1490502590202672,0.02194907813871817,0.179675572519084,0.1085703117365387,0.01757369614512472,0.12416
"s07_dual_role_credit","Dual-Role-Credit-AOP-v3","DASCMOP8","DAS-CMOP",100,50000,4,300204,"all",249,400,50000,0.4456132204601173,0.1439693018736531,0.4104174776662297,0.4456132204601173,0.143969301873653,0.4104174776662298,0.4057700066565594,0.2191767939161439,0.3750531994272964,21187,9052,19561,4493,484,3804,0.2120640015103601,0.05346884666372072,0.1944685854506416,0.07924670788691178,0.005965532479010163,0.09109963703287154,0.2784663357101569,0.08713698227772394,0.2805320535149673,0.7205351858167567,0.4785552825368458,0.6736398259181707,0.2130423017948949,0.05575689991636465,0.1936240954429884,0.210990099009901,0.05196706312900275,0.1953936797000536,0.08893298457653107,0.006690827989963758,0.1086446313318991,0.06861386138613862,0.005489478499542544,0.07188002142474557
"s07_dual_role_credit","Dual-Role-Credit-AOP-v3","DASCMOP8","DAS-CMOP",100,50000,5,300205,"all",249,400,50000,0.4510988092748025,0.1367502205549182,0.4121509701702794,0.4510988092748025,0.1367502205549182,0.4121509701702793,0.4018316565816897,0.2281140236684588,0.3700543197498518,21240,9090,19470,4120,458,3396,0.1939736346516008,0.05038503850385039,0.17442218798151,0.1558851224105461,0.01826182618261826,0.1713405238828968,0.3639781585229681,0.118071084255074,0.3650343745043179,0.7068539017563701,0.4823988458117813,0.6671491710330824,0.1984155243012284,0.04661389621811785,0.177571916138469,0.1889866080351789,0.05265011445677056,0.1709169831795985,0.1750934662631298,0.0178833186748754,0.1941491955143832,0.134319408354987,0.0184891706286318,0.1459576776994032
"s07_dual_role_credit","Dual-Role-Credit-AOP-v3","DASCMOP9","DAS-CMOP",100,50000,1,300301,"all",249,400,50000,0.3875671618041758,0.2648029410834959,0.3476298971123283,0.3875671618041759,0.2648029410834958,0.3476298971123282,0.3045183206791757,0.3824287619605866,0.3130529173602377,17239,16114,16447,1572,1829,1135,0.0911885840245954,0.1135037855281122,0.06900954581382623,0.3138813156215558,0.1064291920069505,0.2557305283638354,0.7201190951923878,0.6061301932886668,0.6795067913376081,0.6487113346835254,0.7168823883530097,0.6564085674538224,0.06825479026411185,0.02381313514333384,0.03964401294498382,0.1203850210970464,0.1756118054826174,0.1016035920461835,0.5022268254790264,0.2317609585924465,0.4329634766527971,0.07410337552742616,0.0196407940342401,0.059012187299551
"s07_dual_role_credit","Dual-Role-Credit-AOP-v3","DASCMOP9","DAS-CMOP",100,50000,2,300302,"all",249,400,50000,0.3841463449225648,0.2683539342835735,0.3474997207938617,0.3841463449225645,0.2683539342835735,0.3474997207938615,0.3111547004888087,0.3689436062638879,0.3199016932473037,17317,15869,16614,1790,1608,1246,0.1033666339435237,0.1013296363980087,0.07499699048994823,0.2804758329964774,0.1054256726951919,0.2365474900686168,0.7159532827037227,0.6038318473825014,0.6744950831895665,0.6479218513837057,0.7058285487762805,0.6556574082643792,0.06804640953276889,0.02169684273529852,0.04057803468208093,0.1469677419354839,0.1592640975397344,0.1123807132094425,0.457405665307829,0.2265449648361514,0.4101734104046243,0.06206451612903226,0.01730894839973873,0.04796584630838775
"s07_dual_role_credit","Dual-Role-Credit-AOP-v3","DASCMOP9","DAS-CMOP",100,50000,3,300303,"all",249,400,50000,0.3793694991820771,0.2750605987641437,0.3455699020537792,0.379369499182077,0.2750605987641436,0.3455699020537793,0.3084933112234179,0.3790159139559235,0.3124907748206589,17136,16290,16374,1553,1716,1024,0.09062791783380018,0.1053406998158379,0.06253817026994014,0.2975606909430439,0.1190300798035605,0.2569927934530353,0.7192816949399794,0.617167862699635,0.6843614055252791,0.6394503435729715,0.7052502711580376,0.6486344288233457,0.06125687685146001,0.02321506789312308,0.03267821839748808,0.1267568974492452,0.1649189704480458,0.09556270096463022,0.4763013118916631,0.2505475251861586,0.430631468775439,0.07769390942217595,0.02362037919711895,0.06495176848874598
"s07_dual_role_credit","Dual-Role-Credit-AOP-v3","DASCMOP9","DAS-CMOP",100,50000,4,300304,"all",249,400,50000,0.3795952132159485,0.2755843180243414,0.3448204687597102,0.3795952132159485,0.275584318024341,0.3448204687597101,0.3112105887814068,0.3733010891918441,0.3154883220267493,17186,16159,16455,1730,1717,1183,0.1006633306179448,0.106256575283124,0.07189304162868429,0.2959385546374956,0.1222229098335293,0.2531145548465512,0.7216394300843877,0.6129335198963295,0.6853415483574206,0.6410739103055165,0.7009348801391412,0.6480027007245294,0.06251324433142615,0.02184041933605125,0.0377007214335583,0.1471347444501807,0.1686578409213217,0.1092736293092482,0.4825174825174825,0.2632498543972044,0.4347218989993019,0.06866288074341766,0.01797438381229146,0.05457320951532884
"s07_dual_role_credit","Dual-Role-Credit-AOP-v3","DASCMOP9","DAS-CMOP",100,50000,5,300305,"all",249,400,50000,0.3872511426834903,0.268609602639316,0.3441392546771939,0.3872511426834904,0.2686096026393162,0.3441392546771938,0.305047540152411,0.3791733631525812,0.3157790966950082,17241,16133,16426,1545,1747,1099,0.0896119714633722,0.108287361309118,0.06690612443686839,0.3103068267501885,0.1126262939316928,0.2475343966881773,0.7219854794044085,0.6066661751127217,0.6811391216322071,0.6393570604806528,0.7035818292131959,0.6478986808905609,0.06146988701150616,0.01944361352078971,0.03151628341309676,0.1253621279957861,0.1711654493489997,0.1054841582898588,0.4986006012231782,0.2419982052049058,0.4231352865647251,0.0711087700816434,0.02106488832433577,0.05611400941595623
"s07_dual_role_credit","Dual-Role-Credit-AOP-v3","LIRCMOP10","LIR-CMOP",100,50000,1,299001,"all",249,400,50000,0.334582410928349,0.3217880575135327,0.3436295315581183,0.3345824109283492,0.3217880575135325,0.3436295315581183,0.3136380294780925,0.3495658980792103,0.3367960724426968,16155,16715,16930,1943,2281,2535,0.1202723614979882,0.1364642536643733,0.1497341996455995,0.7229340761374188,0.6753215674543823,0.7484347312463083,0.9450891114451702,0.9146581508262065,0.9418124670951732,0.8198441453322043,0.8690581958261476,0.8441169985886698,0.1274733181436623,0.1331586172469737,0.1630790828263921,0.112589559877175,0.139508159043898,0.1361250298258172,0.7943398489027461,0.764632472232622,0.8189050070191858,0.6467502558853634,0.5930820501034245,0.6765688379861609
"s07_dual_role_credit","Dual-Role-Credit-AOP-v3","LIRCMOP10","LIR-CMOP",100,50000,2,299002,"all",249,400,50000,0.3382143407628213,0.3186453500605737,0.3431403091766049,0.3382143407628213,0.3186453500605738,0.3431403091766049,0.3194761114478234,0.3460920142127699,0.3344318743394067,16384,16558,16858,1895,2135,2289,0.11566162109375,0.1289406933204493,0.135781231462807,0.6451416015625,0.6652373475057374,0.7118875311424843,0.9200974080320052,0.8987793700864001,0.9227110666152434,0.8202341158621983,0.8438663755004779,0.8319272720112658,0.1193923569902682,0.1154475638927357,0.1426561950533349,0.1117114852978135,0.1413813116656994,0.1287378407589768,0.7825777355803466,0.7308321792773511,0.8026022740593131,0.4996230208595124,0.6047591410330818,0.6189504023057524
"s07_dual_role_credit","Dual-Role-Credit-AOP-v3","LIRCMOP10","LIR-CMOP",100,50000,3,299003,"all",249,400,50000,0.3361824646405432,0.3218415021621387,0.3419760331973181,0.3361824646405433,0.3218415021621388,0.3419760331973178,0.3120885751524891,0.3526279531188041,0.3352834717287067,16150,16789,16861,1926,2202,2359,0.1192569659442724,0.1311573053785217,0.1399086649664907,0.7336222910216719,0.6709750431830365,0.7420081845679378,0.9509801387114803,0.9142376390480249,0.9387100363999392,0.7996348954903749,0.8577743185748243,0.8286216826920437,0.1301803415741072,0.1261542300973297,0.1498884059673441,0.1074964639321075,0.1357264957264957,0.129731672256828,0.7704526454078586,0.7438233092088844,0.7961940561494185,0.6939693969396939,0.6044444444444445,0.6867513176808816
"s07_dual_role_credit","Dual-Role-Credit-AOP-v3","LIRCMOP10","LIR-CMOP",100,50000,4,299004,"all",249,400,50000,0.337930435391678,0.3170579823079279,0.345011582300394,0.337930435391678,0.317057982307928,0.3450115823003936,0.3162216900695063,0.3489870478116084,0.3347912621188853,16305,16580,16915,1832,2271,2439,0.1123581723397731,0.1369722557297949,0.1441915459651197,0.6383318000613308,0.6640530759951749,0.7129766479456104,0.9173620489871562,0.8975098713703783,0.9231096552657079,0.7984860788462804,0.8220299778920345,0.8099185289747535,0.1181074350764852,0.1221616135988837,0.1535414725069897,0.1061991869918699,0.1503966885132804,0.1345576761493218,0.7935491521404008,0.7313205632373462,0.8092963653308481,0.4720528455284553,0.6030815223640336,0.6137318449165766
"s07_dual_role_credit","Dual-Role-Credit-AOP-v3","LIRCMOP10","LIR-CMOP",100,50000,5,299005,"all",249,400,50000,0.3437889598744058,0.3172318350145327,0.3389792051110616,0.3437889598744058,0.3172318350145324,0.3389792051110618,0.3200741531137725,0.346266475140403,0.3336593717458249,16510,16521,16769,2081,2296,2266,0.1260448213204119,0.1389746383390836,0.1351302999582563,0.6764990914597214,0.6762302524060287,0.7296797662353152,0.9209522454434723,0.8991028131366032,0.9242979062385724,0.7763067253962341,0.7982675798364951,0.7877256529954281,0.1364274023848492,0.1306551767836776,0.137551744529864,0.1148818501759678,0.1465816917728853,0.132667789271109,0.8216039279869067,0.7431250792041566,0.815612063867534,0.5204876822523882,0.6150637311703361,0.6422901130623045
"s07_dual_role_credit","Dual-Role-Credit-AOP-v3","LIRCMOP11","LIR-CMOP",100,50000,1,299101,"all",249,400,50000,0.3508077971534379,0.3016561597386103,0.3475360431079518,0.3508077971534379,0.3016561597386103,0.3475360431079516,0.3151765062112888,0.3544220729391518,0.3304014208495599,16600,16331,16869,2653,2613,2745,0.1598192771084337,0.1600024493294961,0.1627245242752979,0.5425301204819277,0.3751760455575286,0.5072025609105459,0.8380540958116675,0.7677671394864704,0.8219252370542456,0.8196116595450569,0.8649579236678073,0.8424828168155848,0.175280128058541,0.1245172459715009,0.1773279352226721,0.142602495543672,0.1902063024257538,0.1473735408560311,0.7140407043219757,0.5847649487281928,0.7203007518796992,0.3515406162464986,0.1967807753343913,0.2831955252918288
"s07_dual_role_credit","Dual-Role-Credit-AOP-v3","LIRCMOP11","LIR-CMOP",100,50000,2,299102,"all",249,400,50000,0.3468491710046487,0.3030293666128896,0.3501214623824617,0.3468491710046489,0.3030293666128897,0.3501214623824616,0.3183550739220449,0.3492522555634299,0.3323926705145251,16569,16237,16994,2586,2384,2694,0.1560745971392359,0.146825152429636,0.1585265387783924,0.541312088840606,0.4042618710352898,0.5215370130634341,0.8336821778806833,0.7775733825763499,0.8272786496137745,0.8308056507635353,0.8703175754935284,0.8518437780771951,0.1673606291926903,0.114777998674619,0.1694798484326559,0.1437586772687114,0.174643350207087,0.1470126735063368,0.7368725422160537,0.6165672630881378,0.7550809507406132,0.3279060961756911,0.2199723884031293,0.276041038020519
"s07_dual_role_credit","Dual-Role-Credit-AOP-v3","LIRCMOP11","LIR-CMOP",100,50000,3,299103,"all",249,400,50000,0.345480911879865,0.3073493882132865,0.3471696999068485,0.345480911879865,0.3073493882132865,0.3471696999068487,0.3155203863858068,0.3542729235994131,0.3302066900147801,16461,16472,16867,2521,2632,2740,0.153149869388251,0.159786304031083,0.1624473824627972,0.4965676447360428,0.3736036911121904,0.4804648129483607,0.8121077077475923,0.7643877344491156,0.8097850681615113,0.8334092869706748,0.8697382560850414,0.8538781095207534,0.1624607512501454,0.1168169345354763,0.1731036077705828,0.1429661663698804,0.1970744982424311,0.1512349434237742,0.6892661937434585,0.5822553247092643,0.6984273820536541,0.285805138641567,0.1925388366027894,0.2511254410512228
"s07_dual_role_credit","Dual-Role-Credit-AOP-v3","LIRCMOP11","LIR-CMOP",100,50000,4,299104,"all",249,400,50000,0.3425716577873412,0.3100713871143359,0.347356955098323,0.3425716577873412,0.3100713871143357,0.3473569550983229,0.3171203601589376,0.3475883108749992,0.3352913289660632,16431,16367,17002,2858,2571,2931,0.1739395045949729,0.1570843771002627,0.1723914833548994,0.5795751932323048,0.4181584896437954,0.5472885542877308,0.8480077997741924,0.7933014439568666,0.8430282136311485,0.8328112478280989,0.8834852139823494,0.8588007202694761,0.1857276775251933,0.1329704510108865,0.1761849710982659,0.1612004558693175,0.1785920702808924,0.1684626436781609,0.7449027419732833,0.6463193364437533,0.7679768786127168,0.4009117386349246,0.2146572650560629,0.3187260536398467
"s07_dual_role_credit","Dual-Role-Credit-AOP-v3","LIRCMOP11","LIR-CMOP",100,50000,5,299105,"all",249,400,50000,0.3388671966587418,0.3112966190199709,0.3498361843212873,0.3388671966587419,0.3112966190199708,0.3498361843212875,0.3169724454481656,0.351685651463682,0.331341903088153,16340,16507,16953,2635,2681,2838,0.1612607099143207,0.1624159447507118,0.1674039992921607,0.5221542227662179,0.4007390803901375,0.5112369492125287,0.8135867418042542,0.7790481432625515,0.8184443469032398,0.8296239616403027,0.8715543656288184,0.8539344877579708,0.1680085247454416,0.1236129032258065,0.1755514705882353,0.1540410438307575,0.1967568802101176,0.1588071281367439,0.7215249822401136,0.6249032258064516,0.75,0.3088421586014695,0.2023524037912527,0.2593041580797673
"s07_dual_role_credit","Dual-Role-Credit-AOP-v3","LIRCMOP12","LIR-CMOP",100,50000,1,299201,"all",249,400,50000,0.3308602732114006,0.3185803059279534,0.350559420860646,0.3308602732114008,0.3185803059279532,0.3505594208606459,0.3226766251378754,0.3494219592298728,0.3279014156322516,16292,16618,16890,4178,4608,5258,0.2564448809231525,0.2772896858827777,0.3113084665482534,0.477289467223177,0.4150318931279336,0.5187685020722321,0.8056782136031367,0.7836606698955392,0.824793497753306,0.8607462885932473,0.8926759735119401,0.8747341080947326,0.3114237205918021,0.3221857647652701,0.4063001145475372,0.2000994282873478,0.2363699102829538,0.2096813725490196,0.7422992966286684,0.7222362443210499,0.7883161512027491,0.2056922694506587,0.1350356567747872,0.2303921568627451
"s07_dual_role_credit","Dual-Role-Credit-AOP-v3","LIRCMOP12","LIR-CMOP",100,50000,2,299202,"all",249,400,50000,0.3402941271533332,0.3151269923949547,0.3445788804517122,0.3402941271533331,0.3151269923949547,0.3445788804517123,0.3206419082421251,0.3522976404477429,0.3270604513101318,16457,16621,16722,2837,3096,3019,0.1723886492070244,0.1862703808435112,0.1805406051907666,0.4829555812116424,0.4000360989110162,0.5322927879440258,0.8102741563612906,0.7717136494575432,0.8344240170980353,0.8590185660846499,0.9092828923446115,0.8770563854771229,0.1652512384996462,0.1412169919632606,0.1684725620412443,0.1799724276225091,0.2264859940787975,0.1932669861162305,0.7275300778485492,0.6752136752136753,0.7542817196784342,0.2230855996992104,0.1544067410612617,0.2981938813122005
"s07_dual_role_credit","Dual-Role-Credit-AOP-v3","LIRCMOP12","LIR-CMOP",100,50000,3,299203,"all",249,400,50000,0.3346005960057,0.3174862750089217,0.3479131289853782,0.3346005960056999,0.3174862750089217,0.3479131289853782,0.3219299347912802,0.3544994933678952,0.323570571840825,16367,16724,16709,2656,2663,2316,0.1622777540172298,0.1592322410906482,0.1386079358429589,0.4526791715036353,0.4011600095670892,0.5297743730923454,0.793723124248375,0.773919601904284,0.832016587738917,0.8475511420404976,0.8919861456956296,0.8594015277825265,0.1412652767792955,0.07706909643128322,0.1041377716134998,0.184141628225907,0.2328270233507141,0.1756236812709445,0.6956625928588546,0.6870412553783852,0.7726537216828478,0.1998503927191123,0.1450918159147586,0.2689586694799553
"s07_dual_role_credit","Dual-Role-Credit-AOP-v3","LIRCMOP12","LIR-CMOP",100,50000,4,299204,"all",249,400,50000,0.3476065755244724,0.3043792561683488,0.3480141683071787,0.3476065755244724,0.3043792561683488,0.3480141683071786,0.3207949315116772,0.35108949568858,0.328115572799743,16641,16332,16827,2380,2435,2344,0.1430202511868277,0.1490938035758021,0.1392999346288703,0.3936061534763536,0.3123928483957874,0.3990610328638498,0.784141210468292,0.7416143370944406,0.7948802545435609,0.8342279881640985,0.8570495326315811,0.8442646736391559,0.1151935297515887,0.07447930398101767,0.1048619933017669,0.1731780616078137,0.2138120283558198,0.1758080313418217,0.5855574812247256,0.508568415502241,0.6060746044577896,0.1855747558226897,0.1422364509490052,0.1796033300685602
"s07_dual_role_credit","Dual-Role-Credit-AOP-v3","LIRCMOP12","LIR-CMOP",100,50000,5,299205,"all",249,400,50000,0.3499207145262665,0.3083200499436919,0.3417592355300416,0.3499207145262665,0.308320049943692,0.3417592355300417,0.3261627852621323,0.3539772641258702,0.3198599506119976,16837,16487,16476,2659,2474,1998,0.1579259963176338,0.1500576211560624,0.1212672978878369,0.4806081843558829,0.381694668526718,0.5420004855547463,0.8093127395810017,0.7634212625349198,0.8349101303133933,0.8498179741059046,0.9001546299634452,0.8639180321366053,0.1244837081229922,0.05834852826256838,0.07430049376910416,0.1938184952592045,0.2299920535815643,0.1713927227101631,0.7096145020651675,0.6295910393331596,0.7263108394074771,0.2348232976234454,0.1656260642524691,0.3452948557089084
"s07_dual_role_credit","Dual-Role-Credit-AOP-v3","LIRCMOP13","LIR-CMOP",100,50000,1,299301,"all",249,400,50000,0.3437407856325166,0.309289178085895,0.3469700362815885,0.3437407856325166,0.3092891780858947,0.3469700362815885,0.3628211642181543,0.2986360873816572,0.3385427484001883,17592,15136,17072,3959,1996,3134,0.2250454752160073,0.1318710359408034,0.1835754451733833,0.7490904956798545,0.6899445031712473,0.8075796626054358,0.9252529791380057,0.9218601935870571,0.9495076053606523,0.4586448092873116,0.4465390627348874,0.4509232930430837,0.2064011213643266,0.1226451864362739,0.1694052302707706,0.2427195216476581,0.1414168571044495,0.1981020166073547,0.7884592921387689,0.7220995192932311,0.8397361721823652,0.711770568043406,0.6566742841779809,0.7746144721233689
"s07_dual_role_credit","Dual-Role-Credit-AOP-v3","LIRCMOP13","LIR-CMOP",100,50000,2,299302,"all",249,400,50000,0.3452985578528324,0.3058515291749697,0.348849912972198,0.3452985578528325,0.3058515291749696,0.3488499129721979,0.3684593337174691,0.2954816739830066,0.3360589922995244,17772,14969,17059,4075,1793,3119,0.2292932703128517,0.1197808804863384,0.1828360396271763,0.7400405131667792,0.6840804328946489,0.7997537956503898,0.918108204333286,0.916589862747454,0.9412060693719922,0.4591100011117639,0.446258145290252,0.4515574001637188,0.209050721265705,0.1088042049934297,0.1769036116862204,0.248256320836966,0.131131947275445,0.1890017931858936,0.790134946486738,0.7161629434954008,0.8386243386243386,0.6931124673060157,0.6509036553879604,0.7593544530783024
"s07_dual_role_credit","Dual-Role-Credit-AOP-v3","LIRCMOP13","LIR-CMOP",100,50000,3,299303,"all",249,400,50000,0.3464704353663219,0.3068897594135783,0.3466398052200999,0.3464704353663218,0.3068897594135783,0.3466398052201001,0.3663611406538549,0.2964138286440089,0.3372250307021363,17749,15040,17011,3992,1833,3098,0.2249140796664601,0.121875,0.1821174534124978,0.7425770465941743,0.6988696808510638,0.803597672094527,0.9165157367841028,0.9134904839348716,0.9355832420368212,0.4612166855370427,0.4481464915457481,0.4527931872051698,0.2076040338472238,0.1120836054866101,0.1742863773497331,0.2412848059636045,0.1320243737305349,0.1901584653878232,0.7969166570070708,0.7346832135858916,0.8423067997215131,0.6911861433896075,0.6617467840216655,0.7638508280710116
"s07_dual_role_credit","Dual-Role-Credit-AOP-v3","LIRCMOP13","LIR-CMOP",100,50000,4,299304,"all",249,400,50000,0.3500438096971545,0.3023542307425748,0.3476019595602707,0.3500438096971545,0.3023542307425745,0.3476019595602705,0.3695716187898361,0.2941862480071385,0.3362421332030258,17923,14847,17030,4120,1732,3052,0.2298722312112927,0.1166565636155452,0.1792131532589548,0.7155610109914635,0.6515120899845086,0.7591896652965355,0.9119055507788182,0.9067411343348281,0.9332996430189855,0.4604317527633905,0.4468392522595009,0.4518304515375502,0.2094757370655042,0.1015957446808511,0.1662241717649775,0.2491853139257006,0.1321140985396479,0.1926616469463368,0.772972352873695,0.6914893617021277,0.8022624956712455,0.6611992179013687,0.6104817797188481,0.7145930441018287
"s07_dual_role_credit","Dual-Role-Credit-AOP-v3","LIRCMOP13","LIR-CMOP",100,50000,5,299305,"all",249,400,50000,0.3474843216791603,0.3072405677669853,0.3452751105538545,0.3474843216791601,0.3072405677669855,0.3452751105538546,0.3692131127164249,0.2921853065127302,0.3386015807708446,17848,14923,17029,4118,1736,3130,0.2307261317794711,0.1163304965489513,0.1838040988901286,0.7334715374271628,0.682235475440595,0.7877150742850432,0.9197245873300653,0.9160840341236081,0.940356249667221,0.4603361520270074,0.4473627499552443,0.4518583578937355,0.2100034654037195,0.1055177824267782,0.1725421756835369,0.2502448047002502,0.1276975945017182,0.1952810054541143,0.7895344807670094,0.7144351464435147,0.8235020360674811,0.6806658687846807,0.648384879725086,0.7512449608726582
"s07_dual_role_credit","Dual-Role-Credit-AOP-v3","LIRCMOP14","LIR-CMOP",100,50000,1,299401,"all",249,400,50000,0.3583404622109186,0.2958409448874438,0.3458185929016376,0.3583404622109187,0.2958409448874436,0.3458185929016376,0.3687121621450009,0.2969703853334521,0.3343174525215472,18108,14766,16926,3821,1604,2695,0.2110117075325823,0.1086279290261411,0.1592224979321754,0.6211619173845814,0.5130028443722064,0.6273779983457403,0.9204015403308402,0.8991461506446032,0.9321913239613215,0.4577213012189395,0.4476244008748294,0.4508601221964021,0.1865830440138873,0.08983579861582304,0.1397349453615438,0.2347750299596906,0.1273489252399621,0.1793608841902931,0.6926867510359502,0.5323653141538879,0.6772843524761684,0.5515851399934634,0.4937136677031229,0.5758049014896685
"s07_dual_role_credit","Dual-Role-Credit-AOP-v3","LIRCMOP14","LIR-CMOP",100,50000,2,299402,"all",249,400,50000,0.35478226746001,0.2980998899204804,0.3471178426195095,0.3547822674600101,0.2980998899204805,0.3471178426195095,0.3703754780757718,0.2957263264650502,0.3338981954591783,18047,14786,16967,3838,1577,2752,0.2126669252507342,0.106654943865819,0.1621972063417222,0.6373912561644595,0.5365210334099824,0.6456651146342901,0.9238550704699607,0.9152777395658163,0.9422226753437194,0.4621089500057782,0.449184510078171,0.4534345271827083,0.1843626062322946,0.08984375,0.1472662119986129,0.2397527651268705,0.1236077152947569,0.1777296777296777,0.7057223796033995,0.5580549568965517,0.6987631487689284,0.5720017349815658,0.5148057593045368,0.5904280904280904
"s07_dual_role_credit","Dual-Role-Credit-AOP-v3","LIRCMOP14","LIR-CMOP",100,50000,3,299403,"all",249,400,50000,0.3548263117523219,0.2986660720112787,0.3465076162363995,0.3548263117523217,0.2986660720112786,0.3465076162363995,0.3664333949319455,0.2966979363993643,0.3368686686686903,17966,14826,17008,3770,1602,2786,0.2098408104196816,0.1080534196681505,0.1638052681091251,0.6204497383947456,0.5288682045055982,0.6302328316086547,0.9151946829189431,0.9065908479496589,0.9350107019258448,0.460204953861873,0.4477865264249473,0.4528102767577139,0.1892319873317498,0.09343026386645127,0.1502722743598656,0.2298082191780822,0.1227358745606921,0.1777485973498866,0.7029747766089809,0.5545234248788369,0.6871741397288843,0.5404931506849315,0.5031089483644228,0.5715649994031277
"s07_dual_role_credit","Dual-Role-Credit-AOP-v3","LIRCMOP14","LIR-CMOP",100,50000,4,299404,"all",249,400,50000,0.3546630779601759,0.2968829123691362,0.348454009670688,0.3546630779601761,0.2968829123691362,0.348454009670688,0.3705295233103683,0.2993661971922704,0.3301042794973614,18060,14855,16885,3865,1578,2655,0.2140088593576966,0.1062268596432178,0.157240153982825,0.6206533776301218,0.5184786267250084,0.6376073437962689,0.9094346004610848,0.9030994769768698,0.9312802657713957,0.4624760177747351,0.4491064813016954,0.4543984188207251,0.1885403691541162,0.08324324324324324,0.1425769985004037,0.2383790226460072,0.1290409121395037,0.1727117818889971,0.6924470614879402,0.5467567567567567,0.699619333256431,0.5519557915267093,0.4904091213950369,0.572176241480039
"s07_dual_role_credit","Dual-Role-Credit-AOP-v3","LIRCMOP14","LIR-CMOP",100,50000,5,299405,"all",249,400,50000,0.3573769500419679,0.2955362315663788,0.3470868183916532,0.3573769500419678,0.2955362315663788,0.3470868183916531,0.3669505507140879,0.2990069809813744,0.3340424683045382,18047,14794,16959,3813,1564,2751,0.2112816534604089,0.1057185345410302,0.1622147532283743,0.6060287028314956,0.5129106394484251,0.6177840674568076,0.9063132022347264,0.8979234114197426,0.9261872009388936,0.4606069212405496,0.4477458975179514,0.4529017879771197,0.1865453728661276,0.08240413380473212,0.1473038648461004,0.2353713223230887,0.128763440860215,0.1777083082842371,0.6854222821203954,0.5297797117215121,0.6672066651238139,0.5287104888986109,0.4962365591397849,0.5664302031982686
"s07_dual_role_credit","Dual-Role-Credit-AOP-v3","LIRCMOP1","LIR-CMOP",100,50000,1,298101,"all",249,400,50000,0.3608274053273857,0.3212897140233635,0.317882880649251,0.3608274053273858,0.3212897140233637,0.317882880649251,0.3150335370489071,0.365330631389352,0.3196358315617408,16835,17085,15880,1595,1701,1077,0.09474309474309474,0.09956101843722563,0.06782115869017633,0.02269082269082269,0.01264266900790167,0.005667506297229219,0.7950846830040604,0.7876519387914974,0.7747062656474151,0.7025311104364312,0.724146487199708,0.6954280146264498,0.07149210584834334,0.03643876784372652,0.03560606060606061,0.1214130850656804,0.1549620837454665,0.09987437185929648,0.0424727596175228,0.0270473328324568,0.01123737373737374,0,0,0.0001256281407035176
"s07_dual_role_credit","Dual-Role-Credit-AOP-v3","LIRCMOP1","LIR-CMOP",100,50000,2,298102,"all",249,400,50000,0.3619657964788296,0.3201345058292351,0.3178996976919354,0.3619657964788295,0.320134505829235,0.3178996976919357,0.3064221670763757,0.3733906564494991,0.3201871764741249,16647,17262,15891,1498,1896,1120,0.08998618369676217,0.1098366353840806,0.07048014599458813,0.01802126509280952,0.0105433901054339,0.004405009124661758,0.7646640527185153,0.7698263286198938,0.7516954080544831,0.6976979463875808,0.7255821206833671,0.6950819850965,0.07275146944660087,0.03539600853520773,0.03499242041435068,0.1103538663171691,0.1736417428725121,0.105705329153605,0.03327048907618942,0.02284423245889293,0.008842849924204144,0,0,0
"s07_dual_role_credit","Dual-Role-Credit-AOP-v3","LIRCMOP1","LIR-CMOP",100,50000,3,298103,"all",249,400,50000,0.3579174149293471,0.3213680151380081,0.3207145699326447,0.3579174149293468,0.3213680151380083,0.3207145699326449,0.3061706889805033,0.370232265218719,0.323597045800778,16544,17219,16037,1440,1766,1126,0.08704061895551257,0.1025611243393925,0.07021263328552722,0.01583655705996131,0.00998896567744933,0.004427261956725073,0.758905476715156,0.76923802036758,0.7489753763211269,0.7013995339801719,0.7288552932959166,0.701794691826934,0.07508685419701894,0.03375,0.03986461075592328,0.1010366093688492,0.1622735654626315,0.1002481389578164,0.02925025215734619,0.0215,0.008900589193932556,0.0001312163758037003,0,0
"s07_dual_role_credit","Dual-Role-Credit-AOP-v3","LIRCMOP1","LIR-CMOP",100,50000,4,298104,"all",249,400,50000,0.3648830017121428,0.319388583852679,0.3157284144351784,0.3648830017121426,0.319388583852679,0.3157284144351784,0.2991725243798486,0.3786714088276832,0.3221560667924686,16523,17397,15880,1365,1914,1055,0.08261211644374508,0.110018968787722,0.06643576826196473,0.02638745990437572,0.01379548197965166,0.005226700251889169,0.7606933967668082,0.7748224625128093,0.7481753568052538,0.6973252272550382,0.7411297115061778,0.7035551087861828,0.08335168465095794,0.0388337313057685,0.03739982190560998,0.0817094476548851,0.170021186440678,0.09489961341813194,0.04800704690596785,0.03016212140253864,0.01055845312301234,0,0,0
"s07_dual_role_credit","Dual-Role-Credit-AOP-v3","LIRCMOP1","LIR-CMOP",100,50000,5,298105,"all",249,400,50000,0.361971725312598,0.3173721947776939,0.3206560799097082,0.3619717253125979,0.317372194777694,0.3206560799097081,0.3149912866382963,0.3662626294919991,0.3187460838697049,16851,17038,15911,1652,1728,1124,0.09803572488279627,0.1014203545017021,0.0706429514172585,0.01857456530769687,0.009801619908439958,0.00546791527873798,0.7678088519521632,0.7661545268257128,0.7509179404189931,0.6967923242885342,0.7192146345180301,0.6922334657029859,0.07379050155348424,0.03286147623862487,0.04463390170511534,0.1259089169536931,0.160859083936007,0.09678638941398866,0.03473146915224146,0.02098078867542973,0.01090772316950853,0,0.0001095770326539557,0
"s07_dual_role_credit","Dual-Role-Credit-AOP-v3","LIRCMOP2","LIR-CMOP",100,50000,1,298201,"all",249,400,50000,0.3591056792781081,0.3209479079162291,0.3199464128056629,0.3591056792781083,0.3209479079162288,0.3199464128056626,0.2933836078109663,0.382020525763031,0.3245958664260029,16223,17515,16062,1426,2215,1289,0.08789989521050361,0.1264630316871253,0.08025152533931017,0.01621155150095543,0.00765058521267485,0.003860042335948201,0.7755490663326134,0.7501241727793798,0.7523229556764901,0.7163970982082956,0.7565950126336416,0.7209246512086547,0.07190128996074033,0.0251281410176272,0.03355872777360381,0.1074165298303229,0.2116435477091215,0.1264239722634968,0.02938867077958497,0.01675209401175147,0.007638367142499373,0.0001368363437328955,0,0.0001238236750866766
"s07_dual_role_credit","Dual-Role-Credit-AOP-v3","LIRCMOP2","LIR-CMOP",100,50000,2,298202,"all",249,400,50000,0.3675525823037733,0.3125496097856387,0.3198978079105881,0.3675525823037728,0.3125496097856388,0.3198978079105881,0.2941187853465443,0.3782079654379148,0.3276732492155403,16474,17204,16122,1482,2113,1355,0.08995993687021973,0.1228202743548012,0.0840466443369309,0.03047225931771276,0.01365961404324576,0.009242029524872845,0.8144255324673487,0.762216632682193,0.7774299554591332,0.7106222715738507,0.7490424133356954,0.7145762858861265,0.07660364987433067,0.03239074550128535,0.0367674739616012,0.1066502799399153,0.1974745331069609,0.1302588004415552,0.05485739263468473,0.03020565552699229,0.01857196636968252,0,0,0.0001226542377039127
"s07_dual_role_credit","Dual-Role-Credit-AOP-v3","LIRCMOP2","LIR-CMOP",100,50000,3,298203,"all",249,400,50000,0.3670067073630439,0.3134233259998786,0.3195699666370776,0.3670067073630437,0.3134233259998784,0.3195699666370775,0.3035797912744227,0.3700695198886421,0.326350688836935,16704,17012,16084,1789,1978,1310,0.1071000957854406,0.1162708676228545,0.08144740114399403,0.03579980842911877,0.01698800846461321,0.01305645361850286,0.8111655226340837,0.7738068741270246,0.7876747684777241,0.7070944864059692,0.7527879773572835,0.7192449696977766,0.08762717426977355,0.03359835855347525,0.03856299459866851,0.1306359910088589,0.186238332971565,0.1234765480733719,0.06541953834372607,0.03706078481661965,0.02600175857304359,0,0,0.000369321679182568
"s07_dual_role_credit","Dual-Role-Credit-AOP-v3","LIRCMOP2","LIR-CMOP",100,50000,4,298204,"all",249,400,50000,0.3628490408948473,0.3177923970349323,0.3193585620702204,0.3628490408948473,0.3177923970349325,0.3193585620702206,0.2874306742085335,0.3858409907000093,0.3267283350914573,16193,17522,16085,1304,2195,1276,0.08052862347928118,0.1252710877753681,0.07932856698787691,0.03235966158216513,0.01677890651752083,0.01069319241529375,0.7982166945659838,0.7668207185919788,0.7707386944715323,0.7171229086048284,0.7717255834558316,0.7301836246298693,0.07602921646746348,0.03234365129500948,0.04164045791923512,0.08620930557496158,0.2018319975018216,0.1161504424778761,0.05799026117751217,0.03714466203411244,0.02138633790413889,0,0,0.0002458210422812193
"s07_dual_role_credit","Dual-Role-Credit-AOP-v3","LIRCMOP2","LIR-CMOP",100,50000,5,298205,"all",249,400,50000,0.3636713223146764,0.3172409652867642,0.3190877123985595,0.3636713223146765,0.317240965286764,0.319087712398559,0.2997230323130358,0.3759717977522182,0.3243051699347461,16524,17264,16012,1578,2066,1282,0.09549745824255629,0.1196709916589435,0.0800649512865351,0.0243282498184459,0.0119902687673772,0.005870597052210842,0.8247528353714317,0.7809276591907877,0.792276569939799,0.7035711936486893,0.739325559438968,0.70440572036815,0.07119205298013245,0.02962400303835929,0.03299332577760988,0.125,0.195621996796583,0.1263783917730145,0.04437086092715232,0.02620584884162552,0.01158544263946606,0,0,0.0002478007681823814
"s07_dual_role_credit","Dual-Role-Credit-AOP-v3","LIRCMOP3","LIR-CMOP",100,50000,1,298301,"all",249,400,50000,0.3998833672203451,0.2694718444715629,0.330644788308092,0.399883367220345,0.2694718444715627,0.3306447883080919,0.2784629959024115,0.3921832138749481,0.3293537902226402,16901,16465,16434,1232,2145,1281,0.07289509496479499,0.1302763437594898,0.07794815626140927,0.03212827643334714,0.01536592772547829,0.01728124619690885,0.7424877662485868,0.5659746027571562,0.6528526838937889,0.697885700350041,0.7563478207283431,0.7112770812237184,0.0868212385827562,0.03308001788109075,0.04643812302455629,0.05289708849812626,0.1971498872257536,0.1095272904483431,0.05440128475358828,0.03769929965727909,0.03440311208363725,0.0001441337561256846,0,0.0001218323586744639
"s07_dual_role_credit","Dual-Role-Credit-AOP-v3","LIRCMOP3","LIR-CMOP",100,50000,2,298302,"all",249,400,50000,0.4055048032650179,0.2732680497415063,0.3212271469934759,0.4055048032650178,0.2732680497415061,0.3212271469934757,0.2922365330193802,0.3831043104012564,0.3246591565793635,17379,16342,16079,1561,2210,1282,0.08982104839173716,0.1352343654387468,0.07973132657503576,0.02428217964209678,0.01156529188593807,0.005099819640524909,0.7451225707445168,0.5571345124569285,0.6401565945370832,0.6962979307101774,0.7272379235543691,0.6913679473101181,0.07852262600257451,0.03015149286659803,0.03236690827293177,0.1054945054945055,0.2101016451849523,0.1266559366101275,0.04178631547677988,0.0277982056184733,0.01024743814046488,0,0,0
"s07_dual_role_credit","Dual-Role-Credit-AOP-v3","LIRCMOP3","LIR-CMOP",100,50000,3,298303,"all",249,400,50000,0.3998700843604889,0.2762879114816169,0.3238420041578942,0.3998700843604887,0.2762879114816167,0.3238420041578944,0.2827282135602607,0.3888095566453745,0.3284622297943648,16997,16560,16243,1207,2055,1137,0.07101253162322763,0.1240942028985507,0.06999938435018162,0.03353532976407601,0.01986714975845411,0.01108169673089946,0.7486479150763224,0.5755152912507895,0.6558576437553241,0.691876411185082,0.747520467855655,0.7024125862450883,0.07820667470848412,0.03879686137750654,0.03804213135068154,0.06085969641083842,0.1847489150650961,0.1015538969778539,0.05729794933655006,0.04780587038651555,0.02230483271375465,0,0,0
"s07_dual_role_credit","Dual-Role-Credit-AOP-v3","LIRCMOP3","LIR-CMOP",100,50000,4,298304,"all",249,400,50000,0.3978618620502102,0.279532138413954,0.3226059995358359,0.3978618620502103,0.2795321384139541,0.3226059995358359,0.2863287209985911,0.3885212208312974,0.3251500581701115,17037,16636,16127,1444,2214,1251,0.08475670599283912,0.1330848761721568,0.07757177404352948,0.03140224217878734,0.01923539312334696,0.01047932039436969,0.7476523743558436,0.5765002547836481,0.6552020732613822,0.7058567401907279,0.7404166383727351,0.7060330555184211,0.08275305278030073,0.03276332806437707,0.03996513944223107,0.08754208754208755,0.2052288932520409,0.1148857319332922,0.05399132102129377,0.04598361833596781,0.02104083665338645,0,0,0
"s07_dual_role_credit","Dual-Role-Credit-AOP-v3","LIRCMOP3","LIR-CMOP",100,50000,5,298305,"all",249,400,50000,0.3692505028262107,0.3056566817703507,0.3250928154034386,0.3692505028262109,0.3056566817703505,0.3250928154034385,0.2900632183986787,0.3833923577914647,0.3265444238098568,16414,17167,16219,1481,2219,1449,0.09022785427074449,0.1292596260266791,0.08933966335779024,0.04124527842086024,0.03366924914079338,0.02571058634934336,0.7550994848115915,0.645797580634254,0.6932384729861975,0.6859115627810152,0.7383969406579759,0.6994334176926704,0.08708414872798434,0.04137115839243499,0.05650346191889219,0.09423503325942351,0.1993091175546949,0.1220022137498463,0.07349423787779952,0.07591279222484897,0.05155786350148368,0.0001385809312638581,0,0
"s07_dual_role_credit","Dual-Role-Credit-AOP-v3","LIRCMOP4","LIR-CMOP",100,50000,1,298401,"all",249,400,50000,0.3726848106192939,0.3058671793346467,0.3214480100460595,0.3726848106192938,0.3058671793346466,0.3214480100460592,0.302811724270275,0.3745562609939776,0.3226320147357472,16815,16936,16049,1824,2169,1434,0.1084745762711864,0.1280703826169107,0.0893513614555424,0.05376152245019328,0.03465989607935758,0.02965916879556359,0.7546577211613775,0.667146231325923,0.7007483771843526,0.6979900579396903,0.7430993794876394,0.7010035002687186,0.09068363165839982,0.03337713534822602,0.04752994011976048,0.130354064447686,0.2053399099292301,0.1310842773559069,0.09747681690748329,0.07713534822601839,0.0593812375249501,0,0,0
"s07_dual_role_credit","Dual-Role-Credit-AOP-v3","LIRCMOP4","LIR-CMOP",100,50000,2,298402,"all",249,400,50000,0.3962094042318113,0.2796122813668532,0.3241783144013355,0.3962094042318114,0.279612281366853,0.3241783144013353,0.3010726197468901,0.3722326939355875,0.3266946863175224,17370,16236,16194,1751,2057,1397,0.1008059873344847,0.1266937669376694,0.08626651846362851,0.0337363270005757,0.02001724562700172,0.01148573545757688,0.7579468572344379,0.5950655084166838,0.6729027213898545,0.6899843989634599,0.742019295463677,0.6977518101434051,0.08136589320093221,0.0400516795865633,0.04029758214507129,0.1263831489134782,0.1918015102481122,0.131873539180711,0.05937784983280981,0.04665518231409704,0.02306261624302542,0,0,0
"s07_dual_role_credit","Dual-Role-Credit-AOP-v3","LIRCMOP4","LIR-CMOP",100,50000,3,298403,"all",249,400,50000,0.3726295426618912,0.3012483244715022,0.3261221328666067,0.3726295426618911,0.3012483244715021,0.3261221328666066,0.3015165248346121,0.3731608917945534,0.3253225833708344,16796,16783,16221,1804,2221,1482,0.1074065253631817,0.1323362926771137,0.09136304790086924,0.0389378423434151,0.01930524935947089,0.01670673817890389,0.7481756680761812,0.6503017099800543,0.7031247724651837,0.686885794984212,0.7341451869422152,0.696525229183235,0.08249865374259559,0.03560474729963995,0.04238541153277477,0.1381973106111037,0.2104696251615683,0.140407156076496,0.07043618739903069,0.04320576076810241,0.03339083292262198,0,0,0
"s07_dual_role_credit","Dual-Role-Credit-AOP-v3","LIRCMOP4","LIR-CMOP",100,50000,4,298404,"all",249,400,50000,0.3664675894517275,0.3118230054468874,0.3217094051013851,0.3664675894517276,0.3118230054468876,0.3217094051013853,0.2978322493850146,0.3790216626721824,0.3231460879428029,16519,17199,16082,1634,2303,1371,0.09891639929777832,0.1339031339031339,0.08525059072254694,0.02306435014226043,0.0101168672597244,0.00559631886581271,0.7506306634932403,0.6695615044899906,0.702791756272022,0.7019999750886979,0.7333770135466753,0.7015711376133323,0.0741553312856516,0.02641412189150883,0.03377788857036022,0.1294069971633122,0.222292858656495,0.1364933614592381,0.04179464677490127,0.02241979126401237,0.01109310731646516,0,0,0.0001240848740538528
"s07_dual_role_credit","Dual-Role-Credit-AOP-v3","LIRCMOP4","LIR-CMOP",100,50000,5,298405,"all",249,400,50000,0.3737634677538439,0.307046453283466,0.31919007896269,0.3737634677538437,0.3070464532834661,0.3191900789626899,0.2812000795291719,0.3917268099044968,0.3270731105663311,16304,17410,16086,1423,2319,1316,0.08727919528949951,0.1331993107409535,0.08181026979982593,0.05213444553483808,0.03153360137851809,0.02188238219569812,0.7424759346219567,0.6543403255168627,0.6884799466396671,0.7049268335417767,0.7655762307322648,0.7222498499060455,0.1018150574589196,0.04300091491308326,0.05152431342907533,0.06792506792506793,0.2039143354851932,0.1113156602847324,0.09128987219417893,0.07175532610116325,0.04434366339128244,0,0,0
"s07_dual_role_credit","Dual-Role-Credit-AOP-v3","LIRCMOP5","LIR-CMOP",100,50000,1,298501,"all",249,400,50000,0.325284709458968,0.3380446756302751,0.3366706149107569,0.3252847094589676,0.3380446756302753,0.336670614910757,0.3355471173529457,0.3356138394918938,0.3288390431551607,16466,16761,16573,2040,1605,1575,0.1238916555326127,0.09575800966529444,0.09503409159476256,0.4194704239038018,0.4800429568641489,0.4734809630121282,0.9723122981421018,0.9769085817162612,0.9762616778940568,0.7740065851296278,0.8203340852803814,0.7944780071751056,0.08867784903798717,0.07713334917993819,0.07686798758653617,0.158052165589854,0.114532167245717,0.1136058572300183,0.4499259990133202,0.5317328262419777,0.5070422535211268,0.3899258195740608,0.4279381813825326,0.4391702257474069
"s07_dual_role_credit","Dual-Role-Credit-AOP-v3","LIRCMOP5","LIR-CMOP",100,50000,2,298502,"all",249,400,50000,0.3476427050227864,0.3120334263043437,0.34032386867287,0.3476427050227862,0.3120334263043437,0.3403238686728698,0.3489940527131901,0.3270284447807035,0.3239775025061063,17352,15914,16534,2142,1110,1318,0.1234439834024896,0.06974990574337062,0.07971452764001452,0.4652489626556017,0.3651501822294835,0.459235514696988,0.9740678752921436,0.9665611708511421,0.9734270036802388,0.7337673527830073,0.7479892616420704,0.7239415670136565,0.08640406607369759,0.04643684075122202,0.05537843901287047,0.1603220241518114,0.09201474201474201,0.1052696838189709,0.49636132609449,0.3829431438127091,0.4751446451765262,0.4342725704427832,0.3481572481572481,0.442529448233106
"s07_dual_role_credit","Dual-Role-Credit-AOP-v3","LIRCMOP5","LIR-CMOP",100,50000,3,298503,"all",249,400,50000,0.3325473294129834,0.3316344423780763,0.3358182282089405,0.332547329412983,0.331634442378076,0.3358182282089401,0.3285369876241924,0.3446267629508951,0.3268362494249123,16461,16833,16506,1799,1784,1544,0.1092886215904258,0.1059822966791422,0.09354174239670422,0.5357511694307757,0.4789401770332086,0.5283533260632497,0.9773597265329179,0.9759344338648084,0.9782601686068108,0.7633278076807022,0.8177397958723295,0.7837084636940188,0.07788914382320976,0.08313136209403781,0.07553483924943229,0.1410757946210269,0.1279571145554131,0.1120530777736823,0.5304914865354425,0.5224188075618031,0.5291024261981594,0.5410757946210268,0.4371285397972264,0.5275832411844207
"s07_dual_role_credit","Dual-Role-Credit-AOP-v3","LIRCMOP5","LIR-CMOP",100,50000,4,298504,"all",249,400,50000,0.3471270120936198,0.3106105455262916,0.3422624423800887,0.3471270120936198,0.3106105455262916,0.3422624423800886,0.3396528972513141,0.3368325509877639,0.3235145517609218,17103,16120,16577,2077,1440,1442,0.1214406829211249,0.08933002481389578,0.0869879954153345,0.4950008770391159,0.3851736972704715,0.4976171804307172,0.976221458771167,0.9685109743176635,0.9759261507928536,0.7696214334284344,0.7957594520151136,0.7693403050651338,0.07892605022566833,0.0465778237805667,0.0570926143024619,0.1648546442921295,0.1287093314265284,0.11867776811234,0.4840874898738572,0.3710699961185147,0.4763188745603751,0.506145119357126,0.3981647002741032,0.5201938610662359
"s07_dual_role_credit","Dual-Role-Credit-AOP-v3","LIRCMOP5","LIR-CMOP",100,50000,5,298505,"all",249,400,50000,0.304520002319945,0.3500454188507262,0.3454345788293289,0.3045200023199449,0.3500454188507264,0.3454345788293285,0.3327876532175099,0.3335536400041484,0.3336587067783418,15870,17018,16912,2119,1769,1833,0.1335223692501575,0.1039487601363262,0.1083845789971618,0.3717076244486452,0.6162298742507932,0.5598391674550615,0.9736994166889789,0.9863563955406035,0.9822195927362146,0.7680453195664598,0.8209082876850434,0.7975524797301496,0.09468548068046947,0.0946426522886314,0.09348837209302326,0.1690599734523953,0.1137212384050114,0.1237969201154957,0.4127653962811552,0.6401284845703797,0.5904651162790697,0.3341378062024858,0.5911335983616431,0.5281520692974013
"s07_dual_role_credit","Dual-Role-Credit-AOP-v3","LIRCMOP6","LIR-CMOP",100,50000,1,298601,"all",249,400,50000,0.3508802917006023,0.3143673681138486,0.3347523401855491,0.3508802917006024,0.3143673681138487,0.3347523401855492,0.3335640032118428,0.3490059847657324,0.3174300120224249,17054,16510,16236,1838,1563,1208,0.1077753019819397,0.09466989703210175,0.07440256220744025,0.6301161017943004,0.4763779527559055,0.5943582163094359,0.9819102621887315,0.9735307153704563,0.9800537263315595,0.7730339538726951,0.8337529320686241,0.7909600672719176,0.08249427917620138,0.0669220945083014,0.05906362545018008,0.1343516959345682,0.1197004608294931,0.09056412850999242,0.6303203661327231,0.505874840357599,0.5765906362545018,0.6299013711811402,0.4497695852534562,0.6130786744244877
"s07_dual_role_credit","Dual-Role-Credit-AOP-v3","LIRCMOP6","LIR-CMOP",100,50000,2,298602,"all",249,400,50000,0.3341729179575135,0.3324225590796583,0.3334045229628282,0.3341729179575134,0.3324225590796584,0.3334045229628283,0.3325995299361739,0.3420576188106543,0.3253428512531722,16602,16790,16408,1841,1496,1376,0.1108902541862426,0.08910065515187612,0.08386153096050707,0.5253583905553548,0.5572960095294819,0.5579595319356412,0.9753414622628083,0.9788583020836573,0.9773718611599197,0.740058977745359,0.8057722346694581,0.7635778387014711,0.08561808561808562,0.07032382793620107,0.0693307655272027,0.1362539222785421,0.1073525957246887,0.09876543209876543,0.5518278018278018,0.5645239246012567,0.5605440539239287,0.4987931450639633,0.5502701432933991,0.5553086419753086
"s07_dual_role_credit","Dual-Role-Credit-AOP-v3","LIRCMOP6","LIR-CMOP",100,50000,3,298603,"all",249,400,50000,0.3555800055514129,0.311013622340693,0.3334063721078941,0.355580005551413,0.311013622340693,0.3334063721078936,0.3286566615692961,0.3463411742870208,0.3250021641436833,17054,16349,16397,1692,1420,1211,0.09921426058402721,0.0868554651660652,0.07385497347075684,0.623607364841093,0.4772768976695823,0.5745563212782826,0.9806730614594427,0.9731578428341475,0.9785625673986922,0.7522999567405502,0.8233491637611691,0.7817159575651864,0.07183940453366415,0.0611348067726509,0.05255544840887175,0.1288628313179431,0.1099628425452856,0.09566720158005185,0.670801849554528,0.4864934729223213,0.5846190935390549,0.5724929766703311,0.4689967487227125,0.564251326996667
"s07_dual_role_credit","Dual-Role-Credit-AOP-v3","LIRCMOP6","LIR-CMOP",100,50000,4,298604,"all",249,400,50000,0.3506256705783513,0.3157762980770152,0.3335980313446334,0.3506256705783513,0.3157762980770153,0.3335980313446335,0.3316095391955194,0.3408055455526808,0.3275849152517998,16989,16348,16463,1714,1375,1365,0.1008888104067338,0.08410814778566185,0.08291319929538966,0.623050208958738,0.5128456080254465,0.5766871165644172,0.9809250048757312,0.9749841083874885,0.9786782155636627,0.741959563538812,0.794390307940715,0.7632415670750442,0.07462515737667391,0.05749904592291057,0.06275596241869429,0.1286960736791081,0.1087545658065276,0.1034186986888862,0.6392354355041776,0.5059152779544587,0.5731149120693809,0.605913717886573,0.51926475786497,0.580321039088347
"s07_dual_role_credit","Dual-Role-Credit-AOP-v3","LIRCMOP6","LIR-CMOP",100,50000,5,298605,"all",249,400,50000,0.3351523638180572,0.3305562126288394,0.3342914235531033,0.3351523638180574,0.3305562126288394,0.3342914235531033,0.3334097524846793,0.3416790228166196,0.3249112246987014,16656,16745,16399,1899,1576,1435,0.1140129682997118,0.09411764705882353,0.08750533569120068,0.4723222862632084,0.5043893699611824,0.5057015671687298,0.9726613113363961,0.9753519327538003,0.975146657120204,0.7476495397780071,0.8072185007831324,0.7649268341510822,0.07672971031841035,0.07391673746813934,0.06741302515950404,0.15152975186702,0.1136844580296262,0.1081314878892734,0.5183145798419918,0.5381721082655662,0.5276273022751896,0.4260419176102144,0.471667058546908,0.4831932773109244
"s07_dual_role_credit","Dual-Role-Credit-AOP-v3","LIRCMOP7","LIR-CMOP",100,50000,1,298701,"all",249,400,50000,0.3471125511039518,0.3176007333713567,0.3352867155246915,0.3471125511039518,0.3176007333713565,0.3352867155246915,0.3458599815601255,0.3383334485332805,0.3158065699065939,17250,16330,16220,1933,1108,1120,0.1120579710144928,0.06785058175137783,0.0690505548705302,0.3777971014492754,0.2722596448254746,0.3537607891491985,0.9679123497579936,0.9616873827352895,0.9666011582861673,0.7463949020127675,0.7957807678090352,0.7514027577332516,0.0653556969346443,0.03111560839868454,0.04635285662953647,0.1589773387565369,0.102326685660019,0.09312666751365774,0.3853094274146906,0.3059701492537313,0.3596837944664031,0.3702498547356188,0.240622032288699,0.3474780841062127
"s07_dual_role_credit","Dual-Role-Credit-AOP-v3","LIRCMOP7","LIR-CMOP",100,50000,2,298702,"all",249,400,50000,0.3472323308925884,0.3154060751053245,0.3373615940020873,0.3472323308925881,0.3154060751053244,0.3373615940020869,0.3456136846615169,0.3302574797325051,0.324128835605978,17247,16079,16474,2086,1081,1393,0.1209485707659303,0.0672305491635052,0.0845574845210635,0.2762799327419261,0.2156850550407364,0.2800169964793007,0.96464739287476,0.9561945735111529,0.9633373410570906,0.730757713682148,0.7445020097022358,0.7185888590946202,0.06874204374493693,0.02774949083503055,0.04974413899797691,0.173367418080409,0.1049495318010459,0.1208028744889109,0.3069089225784053,0.2384164969450102,0.2918005474235392,0.2455263769463165,0.193968138149094,0.2677487300210631
"s07_dual_role_credit","Dual-Role-Credit-AOP-v3","LIRCMOP7","LIR-CMOP",100,50000,3,298703,"all",249,400,50000,0.3507555480362279,0.308282007614535,0.3409624443492372,0.3507555480362281,0.3082820076145352,0.3409624443492369,0.3488189432168778,0.3248477276359496,0.3263333291471723,17425,15766,16609,2481,1423,1733,0.1423816355810617,0.09025751617404541,0.1043410199289542,0.2884361549497848,0.2162882151465178,0.2974291047022699,0.9591367395082915,0.950744469586651,0.959248829494153,0.7556323911284689,0.7472650459856063,0.7311417668843633,0.06699496106275768,0.03153505342715663,0.04850482693666117,0.2181065224893592,0.1459466139396935,0.162784966112138,0.3506642235455795,0.2404222048475372,0.3309394866964916,0.2259289083170367,0.1934008897676718,0.2623536660505237
"s07_dual_role_credit","Dual-Role-Credit-AOP-v3","LIRCMOP7","LIR-CMOP",100,50000,4,298704,"all",249,400,50000,0.3475926697892289,0.3159243243966104,0.3364830058141606,0.347592669789229,0.3159243243966104,0.3364830058141605,0.35081600006549,0.328208945126077,0.3209750548084331,17397,16042,16361,2063,993,1270,0.1185836638500891,0.0619000124672734,0.07762361713831673,0.3285049146404552,0.2573245231267922,0.3276083368987226,0.9668889419308104,0.9617791116858747,0.9662747397286464,0.7397920422172015,0.7639067773951325,0.7327781826394462,0.06686684374639104,0.02961362480935435,0.0481308969306103,0.1698329137102312,0.09297773427942256,0.1085378067100651,0.3532740501212611,0.2710981189628877,0.3320195867669891,0.3039597161821927,0.2440665524834842,0.3229844767150726
"s07_dual_role_credit","Dual-Role-Credit-AOP-v3","LIRCMOP7","LIR-CMOP",100,50000,5,298705,"all",249,400,50000,0.3470578781416668,0.3146834132791571,0.3382587085791762,0.3470578781416668,0.3146834132791569,0.3382587085791762,0.3413672491516309,0.3353760750342853,0.3232566758140838,17141,16192,16467,2055,1147,1379,0.1198879878653521,0.07083745059288538,0.08374324406388535,0.328452248993641,0.2417243083003953,0.3246492985971944,0.9677474828705656,0.9591364991804692,0.9660037657091394,0.7494226927060208,0.7835894623220603,0.7466108995961545,0.06927258008557881,0.03240622607808114,0.0510992275698158,0.1714151165528608,0.1068949006463969,0.1178589170392449,0.3430091361165722,0.2692013268690993,0.3353535353535353,0.3136331528137509,0.2159444577447929,0.3134624937903626
"s07_dual_role_credit","Dual-Role-Credit-AOP-v3","LIRCMOP8","LIR-CMOP",100,50000,1,298801,"all",249,400,50000,0.3577866662536829,0.3113577118558291,0.3308556218904882,0.3577866662536828,0.3113577118558292,0.3308556218904881,0.341358559277026,0.3387807412373738,0.3198606994856005,17419,16185,16196,2004,1272,1304,0.1150467879901257,0.07859128822984245,0.08051370708816992,0.4406108272575923,0.2969416126042632,0.3954062731538652,0.9739170744263197,0.9679538837546513,0.9710005672923001,0.7464141151513314,0.8022891241141917,0.7620078024337124,0.06561974200785194,0.03652555498193082,0.04831856258346486,0.166862652869238,0.1172217612895579,0.1138333961552959,0.4549635445877734,0.3013680949922561,0.3662741289304358,0.4255644402634055,0.2928766149105132,0.4255559743686393
"s07_dual_role_credit","Dual-Role-Credit-AOP-v3","LIRCMOP8","LIR-CMOP",100,50000,2,298802,"all",249,400,50000,0.3515165486157457,0.3159188790426441,0.3325645723416103,0.3515165486157457,0.3159188790426442,0.3325645723416102,0.3479299927483113,0.3349831089349733,0.3170868983167154,17423,16209,16168,2053,1100,1151,0.117832749813465,0.06786353260534271,0.07119000494804552,0.4898697124490616,0.352088345980628,0.4500865907966353,0.9755541750665575,0.9707900980589016,0.9737758210160036,0.7511652126161887,0.8055218093842832,0.7643599692386157,0.07408675799086759,0.03917578224370389,0.05122010147378594,0.162068567470853,0.09488438960105428,0.09214195183776933,0.4743150684931507,0.3603408801831595,0.4218410244020295,0.5055985224518066,0.3443153228704924,0.4797211660329531
"s07_dual_role_credit","Dual-Role-Credit-AOP-v3","LIRCMOP8","LIR-CMOP",100,50000,3,298803,"all",249,400,50000,0.3493970851689213,0.3170201445402065,0.3335827702908722,0.3493970851689212,0.3170201445402067,0.3335827702908721,0.3419541600322776,0.3364667442216095,0.321579095746113,17229,16265,16306,1870,1130,1231,0.1085379302339079,0.06947433138641254,0.07549368330675825,0.4563816820477102,0.3377190285889948,0.4301484116276217,0.9735338895114981,0.968657848492512,0.9719515113610635,0.7423295345879369,0.7928103864724376,0.7550416341496127,0.06969001148105626,0.03712150006334727,0.05206701217307461,0.148256837657002,0.09997611084567606,0.09976276688725184,0.4475315729047072,0.346636259977195,0.4018319874653489,0.4654302148139453,0.3293119923554706,0.4594830815332751
"s07_dual_role_credit","Dual-Role-Credit-AOP-v3","LIRCMOP8","LIR-CMOP",100,50000,4,298804,"all",249,400,50000,0.3527885929677553,0.3118639307039667,0.3353474763282783,0.3527885929677552,0.3118639307039668,0.335347476328278,0.3390184073628675,0.3422999839316502,0.3186816087054826,17219,16294,16287,1835,1176,1236,0.1065683256867414,0.07217380630907082,0.07588874562534537,0.4527556768685754,0.2961212716337302,0.4127218026647019,0.9729910569984881,0.966362459288641,0.9714386829709855,0.7501892258278052,0.8112947674326026,0.7641751460571808,0.06883190883190883,0.03331618214561358,0.05652017722428452,0.1457839886309806,0.1076291079812207,0.09627016129032258,0.4567521367521368,0.3272446616928222,0.4067776314213867,0.44860255802937,0.2677230046948357,0.4189768145161291
"s07_dual_role_credit","Dual-Role-Credit-AOP-v3","LIRCMOP8","LIR-CMOP",100,50000,5,298805,"all",249,400,50000,0.3506359964512722,0.3135592393833527,0.335804764165375,0.350635996451272,0.3135592393833529,0.3358047641653752,0.3491309186496413,0.333804475450079,0.3170646059002797,17432,16119,16249,2336,1122,1266,0.1340064249655805,0.06960729573794901,0.07791248692227214,0.3100619550252409,0.2162044791860537,0.2994645824358422,0.9669347672287565,0.9602668090561829,0.9660517139394006,0.7474401833487664,0.7818779814123732,0.7465576780201086,0.07561003551380456,0.02522407170294494,0.0492764023442172,0.1925772722049868,0.11132506920207,0.1082657200811359,0.3576583801122695,0.2660691421254802,0.3293864370290635,0.2623233367804205,0.1693344566133109,0.2677484787018256
"s07_dual_role_credit","Dual-Role-Credit-AOP-v3","LIRCMOP9","LIR-CMOP",100,50000,1,298901,"all",249,400,50000,0.3367048305005713,0.3189509676664601,0.3443442018329688,0.3367048305005711,0.3189509676664602,0.3443442018329686,0.318292945114165,0.3477608315753735,0.3339462233104614,16294,16602,16904,2212,2724,2738,0.1357554928194427,0.1640766172750271,0.1619734973970658,0.6628820424696207,0.6316708830261414,0.7183506862281117,0.9077676722575264,0.9061815326056867,0.932061207411319,0.8385673988370187,0.861112231645585,0.8547624911006265,0.1291054580198256,0.1414726242920075,0.1594034024702866,0.1427850018937003,0.184821531708444,0.1646238884883441,0.8413949599904454,0.7497797356828194,0.8517828012118387,0.4741825527079914,0.5232759616495322,0.5807498197548666
"s07_dual_role_credit","Dual-Role-Credit-AOP-v3","LIRCMOP9","LIR-CMOP",100,50000,2,298902,"all",249,400,50000,0.3389551341520428,0.3177376395970847,0.3433072262508725,0.3389551341520428,0.3177376395970847,0.3433072262508721,0.3171601412661813,0.3445738597546857,0.338265998979133,16342,16477,16981,2194,2690,2789,0.1342552931097785,0.163257874613097,0.164242388551911,0.6584261412311835,0.6178916064817624,0.702019904599258,0.9042551076669254,0.9011333622152472,0.926438049352723,0.8279878833843004,0.8498484672660465,0.8447075012020994,0.1262733949301114,0.140273210220086,0.1529466791393826,0.1427848101265823,0.1844592229611481,0.1757029303594732,0.8488509831793414,0.745636225651404,0.8483395696913003,0.4549367088607595,0.5000583362501458,0.5535650729623918
"s07_dual_role_credit","Dual-Role-Credit-AOP-v3","LIRCMOP9","LIR-CMOP",100,50000,3,298903,"all",249,400,50000,0.3357055315085321,0.3199237614901259,0.3443707070013421,0.3357055315085319,0.3199237614901259,0.3443707070013422,0.3216530641462214,0.3483738280959952,0.3299731077577839,16368,16636,16796,2229,2683,2458,0.1361803519061583,0.1612767492185622,0.1463443677065968,0.6564638318670577,0.61649434960327,0.7108835437008811,0.9065735701799914,0.903074065575787,0.9302157594852494,0.8680680478473058,0.8980911694380819,0.8869509652824223,0.1160372848948375,0.1382992086421304,0.1461906428654766,0.15725,0.1823631123919308,0.1465045592705167,0.8312619502868069,0.7417409873131516,0.8381752420954381,0.473625,0.5015561959654179,0.5782370820668693
"s07_dual_role_credit","Dual-Role-Credit-AOP-v3","LIRCMOP9","LIR-CMOP",100,50000,4,298904,"all",249,400,50000,0.3372959665481067,0.3226299074349065,0.3400741260169866,0.3372959665481068,0.3226299074349065,0.3400741260169866,0.3194029951733337,0.3502253240646935,0.3303716807619724,16339,16772,16689,2301,2880,2464,0.140828692086419,0.1717147626997376,0.1476421595062616,0.6706040761368505,0.6331385642737897,0.7188567319791479,0.9086370887889459,0.9062611039578614,0.9319629682042515,0.8194239148453011,0.8431595101389224,0.8324831645889551,0.124791617051679,0.1404968944099379,0.1353525792711784,0.1577886916005541,0.2005274019720248,0.1602525191210392,0.8481781376518218,0.7628571428571429,0.8485565546616185,0.4828107291273139,0.5134143545058473,0.585771518756829
"s07_dual_role_credit","Dual-Role-Credit-AOP-v3","LIRCMOP9","LIR-CMOP",100,50000,5,298905,"all",249,400,50000,0.3357062674815109,0.3224485327551835,0.3418451997633057,0.3357062674815108,0.3224485327551835,0.3418451997633056,0.3220131018393623,0.3438801583078867,0.3341067398527512,16385,16584,16831,2339,2649,2534,0.1427525175465365,0.1597322720694646,0.1505555225476799,0.683552029295087,0.6588880849011095,0.7369734418632286,0.9121086555511342,0.9139904389514804,0.9363242511417936,0.8714524427683793,0.9012303973400084,0.8904628297855659,0.1275552898983861,0.137496883570182,0.1416656877716434,0.1586034912718204,0.1805652884839991,0.1596537629237798,0.8484160191273162,0.7758663674894042,0.8615059321038412,0.5115960099750624,0.549287549637935,0.6095215195960567
"s07_dual_role_credit","Dual-Survival-Credit-AOP","CF10","CF",100,50000,1,268001,"all",249,400,50000,0.4082681737890033,0.1843455279184257,0.4073862982925709,0.4082681737890034,0.1843455279184257,0.4073862982925712,0.4062755819018157,0.1740199598302211,0.4197044582679628,20291,8912,20597,3489,657,3424,0.1719481543541471,0.07372082585278276,0.1662378016215954,0.581982159578138,0.5280520646319569,0.7243773365053163,0.6747223427256365,0.5887033847060157,0.7773066243949309,0.5738057438378352,0.5216100981067004,0.5731587260455601,0.1753246753246753,0.0765372873964239,0.1704433497536946,0.1685592969290017,0.07073509015256588,0.1621518139178711,0.6742424242424242,0.5595290013083297,0.7809852216748768,0.4893848128764688,0.4946833102172908,0.6693787690246004
"s07_dual_role_credit","Dual-Survival-Credit-AOP","CF10","CF",100,50000,2,268002,"all",249,400,50000,0.4151885201913135,0.1826534715676581,0.4021580082410283,0.415188520191314,0.1826534715676582,0.4021580082410282,0.4217736776251871,0.1754886793140029,0.4027376430608096,20842,8918,20040,3667,676,3329,0.1759428077919585,0.07580174927113703,0.1661177644710579,0.5434699165147299,0.5176048441354564,0.7116766467065868,0.6583797953864432,0.5987947534222408,0.7801419564416886,0.5760296874445247,0.5324450590767227,0.576504964417209,0.1672632291767437,0.07744774477447745,0.1653024555799561,0.1844835792479771,0.07409101303453007,0.1669327479545001,0.614007932669053,0.5359735973597359,0.7623278099421043,0.4740599714421704,0.4985136062199863,0.6610456994611854
"s07_dual_role_credit","Dual-Survival-Credit-AOP","CF10","CF",100,50000,3,268003,"all",249,400,50000,0.391444371531853,0.1814469547191182,0.4271086737490289,0.391444371531853,0.1814469547191183,0.4271086737490287,0.4099820234710254,0.1832048434815137,0.406813133047461,19951,9075,20774,3608,744,3770,0.1808430655105007,0.08198347107438017,0.181476846057572,0.57285349105308,0.5371900826446281,0.7617695195917974,0.6839966496401779,0.6100687893255551,0.81503375729806,0.5648019455329569,0.5210874375893162,0.5694716403898916,0.1688884331419196,0.08307487815684537,0.1835621591122814,0.1922737523286597,0.08090331067748301,0.1792899408284024,0.6385356849876949,0.5602569782897652,0.8252774120744781,0.5100500049024415,0.5143608857706643,0.6951676528599605
"s07_dual_role_credit","Dual-Survival-Credit-AOP","CF10","CF",100,50000,4,268004,"all",249,400,50000,0.4206239526106102,0.1784519881177692,0.4009240592716206,0.4206239526106101,0.1784519881177692,0.4009240592716207,0.399597240280249,0.1785933496791188,0.4218094100406322,20429,8896,20475,3608,660,3375,0.1766116794752558,0.07419064748201439,0.1648351648351648,0.5947917176562729,0.5214703237410072,0.7376800976800977,0.677794280905337,0.5904591070780136,0.7879768909940122,0.570746631450531,0.525694564974885,0.5740112583389723,0.1920580374188622,0.07534862798020693,0.1701743836440168,0.1603536622123983,0.07303370786516854,0.159759931408974,0.6931080565101184,0.5544309491677912,0.8077771096412106,0.4913091530191902,0.4885393258426966,0.6710488711060303
"s07_dual_role_credit","Dual-Survival-Credit-AOP","CF10","CF",100,50000,5,268005,"all",249,400,50000,0.4098543028963542,0.1901520167544453,0.3999936803492005,0.4098543028963541,0.1901520167544454,0.3999936803492002,0.418608178551273,0.1883986538900517,0.3929931675586759,20612,9432,19756,3496,685,2951,0.1696099359596352,0.07262510602205259,0.1493723425794695,0.5603531923151562,0.5327608142493638,0.7216541810083013,0.6670917649259775,0.6079019467813621,0.7807524149971791,0.5720566012449794,0.5307688891529942,0.5764369979392293,0.1548039215686275,0.07177538526493561,0.1439325504366155,0.1841144832885133,0.07348242811501597,0.1549065659144287,0.6320588235294118,0.5503483217226093,0.7634246712837499,0.4901075681905493,0.5150159744408945,0.6791585826610844
"s07_dual_role_credit","Dual-Survival-Credit-AOP","CF1","CF",100,50000,1,267101,"all",249,400,50000,0.2009199210568468,0.4783288159211167,0.3207512630220365,0.2009199210568468,0.4783288159211164,0.3207512630220368,0.2668957378452197,0.4848079586444993,0.2482963035102809,11642,23979,14179,1001,3730,1651,0.08598179007043463,0.1555527753450936,0.1164398053459341,0.2521903453014946,0.1334083990158055,0.2681430284223147,0.7771592653580975,0.7424605849672681,0.7811635704374804,0.588884395391769,0.6335682024080742,0.6050617274304667,0.09572342126298961,0.1800470272085992,0.1489734601902854,0.07863814401928292,0.1313892800927844,0.07446293005976418,0.3491207034372502,0.2338763856231105,0.3438908362543815,0.1791202169328111,0.03429707563582139,0.1704086577289614
"s07_dual_role_credit","Dual-Survival-Credit-AOP","CF1","CF",100,50000,2,267102,"all",249,400,50000,0.198905520935866,0.446299769853269,0.3547947092108649,0.1989055209358661,0.446299769853269,0.354794709210865,0.2342527846042144,0.518119240241578,0.2476279751542076,10789,24018,14993,833,3535,1618,0.07720826768004449,0.1471812807061371,0.107917027946375,0.2572064139401242,0.1114580731118328,0.2681251250583606,0.7784046063628886,0.7354430049237783,0.7854254538785362,0.589065266982398,0.6299515525328383,0.6041027566839218,0.0763482124823268,0.1571467122425115,0.1310009057971014,0.07793764988009592,0.138593907449035,0.07482551533841909,0.3423550797818622,0.2034721597553297,0.3382019927536232,0.1849948612538541,0.03216804898845051,0.1676675864307742
"s07_dual_role_credit","Dual-Survival-Credit-AOP","CF1","CF",100,50000,3,267103,"all",249,400,50000,0.1944654889416009,0.4481525391541796,0.3573819719042194,0.1944654889416011,0.4481525391541798,0.3573819719042196,0.235139902986646,0.5122793363655722,0.2525807606477819,10693,23909,15198,922,3773,1839,0.08622463293743571,0.1578066836756033,0.121002763521516,0.2652202375385767,0.1241791793885148,0.2722726674562442,0.7822616819086112,0.7394704952065952,0.7835231007079591,0.5878728587421423,0.63057910849123,0.604983132164982,0.09543482751497624,0.1865865686362414,0.1542780148214687,0.0786056049213944,0.1326434619002822,0.07390336935791482,0.3548853542656476,0.2303416121222989,0.3447114304962947,0.1910457963089542,0.03135779241141424,0.1697393515575334
"s07_dual_role_credit","Dual-Survival-Credit-AOP","CF1","CF",100,50000,4,267104,"all",249,400,50000,0.2003675291714055,0.4679973694895335,0.331635101339061,0.2003675291714056,0.4679973694895334,0.331635101339061,0.248910501699881,0.5079586626446297,0.2431308356554892,11199,24295,14306,953,3933,1742,0.08509688365032592,0.1618851615558757,0.1217670907311618,0.2543084203946781,0.1331961308911299,0.2707954704319866,0.7782085944378189,0.7457995047416178,0.7844579944981662,0.5914948897018258,0.6351685989661324,0.6088788123072637,0.1011011011011011,0.1989528795811518,0.1551974800096923,0.07221147646679561,0.1277285669092059,0.07617316589557172,0.3429429429429429,0.2409235258776071,0.3484371213956869,0.1829464861379755,0.03392913634925657,0.1649041639127561
"s07_dual_role_credit","Dual-Survival-Credit-AOP","CF1","CF",100,50000,5,267105,"all",249,400,50000,0.1747602116735912,0.4973680166978579,0.327871771628551,0.1747602116735911,0.497368016697858,0.3278717716285509,0.2515322154874271,0.495643653610618,0.252824130901955,10618,24724,14458,870,4116,1681,0.08193633452627613,0.1664779161947905,0.1162678102088809,0.2443963081559616,0.1403090114868144,0.2597178032922949,0.7750655865204974,0.7445664745653182,0.7778485018286599,0.5863696084254424,0.6292672743427743,0.6006027536552428,0.08875603587031501,0.2048922257205134,0.1506614404703577,0.0772052959004626,0.1279079192672449,0.07165554496345726,0.3322602897217751,0.2471946395414548,0.3335374816266536,0.1834423353006859,0.03299019210504985,0.1639656816015252
"s07_dual_role_credit","Dual-Survival-Credit-AOP","CF2","CF",100,50000,1,267201,"all",249,400,50000,0.4878267635305598,0.2631204776088676,0.2490527588605726,0.4878267635305597,0.2631204776088676,0.2490527588605726,0.4679175393557858,0.2949602065075354,0.2371222541366793,23801,13889,12110,1820,558,618,0.0764673753203647,0.04017567859457125,0.05103220478943022,0.7808915591781858,0.841313269493844,0.8402146985962015,0.9906436859228236,0.9931128661077286,0.9927759872593631,0.7353911554464461,0.6456858626496256,0.7000354912079941,0.08161922000987329,0.03926661573720397,0.05499113046282857,0.07109126813771786,0.04098583877995643,0.04687764427145033,0.8936975481323022,0.9093964858670741,0.8901790033865505,0.6631750665407401,0.7806372549019608,0.7877813504823151
"s07_dual_role_credit","Dual-Survival-Credit-AOP","CF2","CF",100,50000,2,267202,"all",249,400,50000,0.5036894277808492,0.2415069425282468,0.2548036296909039,0.5036894277808495,0.2415069425282467,0.2548036296909038,0.4694461307032416,0.2974987463362416,0.2330551229605168,24236,13423,12141,1855,611,588,0.07653903284370359,0.04551888549504582,0.04843093649617,0.7413352038290147,0.8050361320122178,0.8206902232106087,0.9889922067526425,0.9921291851846245,0.9920533098920765,0.7695895436687187,0.6602314965014159,0.7158236125401642,0.08172540264710572,0.04637632978723404,0.05361084831283507,0.07097656918077647,0.04482246523558796,0.04276599413692016,0.8662892680593207,0.8894614361702128,0.8751182592242195,0.6073199931588849,0.7364655056028081,0.7611657182272805
"s07_dual_role_credit","Dual-Survival-Credit-AOP","CF2","CF",100,50000,3,267203,"all",249,400,50000,0.4930981139375057,0.2463596251158489,0.2605422609466455,0.4930981139375056,0.246359625115849,0.2605422609466453,0.466499762628488,0.289549336393997,0.2439509009775146,23903,13344,12553,1848,558,705,0.07731247123791993,0.04181654676258992,0.05616187365569984,0.7449274149688324,0.809052757793765,0.8131124034095435,0.9890991419104637,0.9922271282324446,0.9917080761866148,0.769745858660532,0.6598644713031189,0.7215752639631372,0.08297369921016204,0.0448101678344468,0.06078370873187288,0.07133023575976596,0.03926737893714444,0.05122714544556086,0.8674375050891622,0.8911520286785074,0.8662449861153965,0.6154706590948201,0.739142500346885,0.7563828034920111
"s07_dual_role_credit","Dual-Survival-Credit-AOP","CF2","CF",100,50000,4,267204,"all",249,400,50000,0.4997062982803297,0.2656836418301065,0.2346100598895639,0.4997062982803296,0.2656836418301066,0.2346100598895638,0.4688091597980586,0.2956479420474752,0.2355428981544666,24125,13965,11710,1784,559,560,0.07394818652849741,0.04002864303616183,0.04782237403928266,0.7897616580310881,0.8459720730397422,0.8292912040990607,0.9910038616874998,0.9932087211416757,0.9922182474514284,0.7394250552475466,0.6419624888123036,0.702751004469627,0.08032128514056225,0.03903177004538578,0.04674657534246576,0.06715203426124197,0.04092454112848402,0.04889267461669506,0.8776706827309237,0.9089258698940998,0.8702054794520548,0.696017130620985,0.7893949694085656,0.7885860306643953
"s07_dual_role_credit","Dual-Survival-Credit-AOP","CF2","CF",100,50000,5,267205,"all",249,400,50000,0.4941763821558554,0.2661614740851586,0.239662143758986,0.494176382155856,0.2661614740851587,0.239662143758986,0.4453161797376989,0.3160267832418662,0.2386570370204354,23381,14503,11916,1822,662,566,0.07792652153457937,0.04564572846997173,0.04749916079221215,0.7450066293144005,0.8029373233124181,0.8102551191675059,0.9890684151676226,0.9919696905275293,0.9914936252282339,0.7681837846349725,0.6647371285195772,0.7223733121516805,0.08376026673172318,0.0454271053425898,0.04918855613183871,0.07145434861060988,0.04582963057001396,0.04579895605320761,0.8567130194356347,0.884394808330818,0.8683285929396019,0.6210754240346446,0.7344166560873429,0.7518100690351911
"s07_dual_role_credit","Dual-Survival-Credit-AOP","CF3","CF",100,50000,1,267301,"all",249,400,50000,0.4751861058750098,0.2107878130912421,0.3140260810337481,0.4751861058750096,0.2107878130912421,0.3140260810337481,0.4752090539151826,0.1690527261657055,0.355738219919112,23671,9446,16683,2613,353,1295,0.1103882387731824,0.03737031547745077,0.07762392855002098,0.9553039584301466,0.9574423036205801,0.9535455253851226,0.9906342749542527,0.9935966950016533,0.9909395465439101,0.8716770245735076,0.7490597978034892,0.8357722605901431,0.1109044801352494,0.03983987800228746,0.08013803680981595,0.109872476986741,0.03428571428571429,0.07540354441810589,0.9605240912933221,0.9599695005718643,0.9579498977505112,0.9500886749429946,0.9542857142857143,0.949655717349588
"s07_dual_role_credit","Dual-Survival-Credit-AOP","CF3","CF",100,50000,2,267302,"all",249,400,50000,0.4513078508146382,0.1680924967119451,0.3805996524734167,0.4513078508146381,0.168092496711945,0.3805996524734166,0.4374997923465536,0.1713241132458484,0.3911760944075977,22125,8454,19221,3200,426,2347,0.1446327683615819,0.05039034776437189,0.1221060298631705,0.9383050847457627,0.9336408800567778,0.9214400915665157,0.9876852609578989,0.9852413654082618,0.9818462668507298,0.87194067691906,0.7342976600694796,0.8309890449874773,0.1382287494437027,0.04799426934097421,0.1151208188245225,0.1512396694214876,0.05274261603375528,0.1288998357963875,0.9449933244325768,0.9350525310410697,0.9271921494143717,0.9314049586776859,0.9322550398499766,0.9158456486042693
"s07_dual_role_credit","Dual-Survival-Credit-AOP","CF3","CF",100,50000,3,267303,"all",249,400,50000,0.4741562031343879,0.160354311215141,0.3654894856504712,0.4741562031343879,0.1603543112151409,0.3654894856504711,0.4578643145326745,0.1510297852533599,0.3911059002139658,23211,7754,18835,3606,413,2737,0.155357373659041,0.05326283208666495,0.1453145739315105,0.9537288354659429,0.9698220273407274,0.9714361560923812,0.9900108074173349,0.9928213572825623,0.9925817594667891,0.8743377893347061,0.7511586180322959,0.8430131277849577,0.1556383970177074,0.05502751375687844,0.1436421584789537,0.1550666199158485,0.05138445154419595,0.1468775677896467,0.9596712700160976,0.9677338669334667,0.9769205407187603,0.9475806451612904,0.9720447284345048,0.9663105998356615
"s07_dual_role_credit","Dual-Survival-Credit-AOP","CF3","CF",100,50000,4,267304,"all",249,400,50000,0.3714724717658914,0.2530113969940892,0.3755161312400194,0.371472471765891,0.2530113969940892,0.3755161312400195,0.3721194260012697,0.2392533667138804,0.3886272072848499,18515,12265,19020,2594,1053,2244,0.1401026194977046,0.0858540562576437,0.117981072555205,0.94588171752633,0.9500203832042398,0.9268664563617245,0.9904475687661362,0.9907674781733476,0.9932900293631607,0.8552857130660155,0.8135798979689817,0.8597327306951921,0.1336216216216216,0.08831457111146346,0.112597666702344,0.1465731246627091,0.08324941255454851,0.1231786710757466,0.9500540540540541,0.9516410337719994,0.930750294338007,0.9417161359956827,0.9483048002685465,0.9231166683889636
"s07_dual_role_credit","Dual-Survival-Credit-AOP","CF3","CF",100,50000,5,267305,"all",249,400,50000,0.4045300903409653,0.2058370783049212,0.3896328313541135,0.4045300903409651,0.2058370783049212,0.3896328313541135,0.3929395904737055,0.2185459527851267,0.3885144567411673,19854,10569,19377,2702,645,2093,0.1360934824216783,0.0610275333522566,0.1080146565515818,0.9184547194519996,0.9249692496924969,0.8711358827475874,0.9824905422054027,0.9809021992919625,0.9685472308773123,0.8618054129313439,0.7192979651522458,0.8282684581266687,0.1233611442193087,0.05311462604959969,0.09926887035320771,0.1491927243000204,0.06846549192364171,0.1168011587006,0.9271950735001987,0.9361452841241945,0.8942436412315931,0.90946249744533,0.9144640234948604,0.8479205462445686
"s07_dual_role_credit","Dual-Survival-Credit-AOP","CF4","CF",100,50000,1,267401,"all",249,400,50000,0.4088116810098898,0.2397427562561201,0.3514455627339901,0.40881168100989,0.2397427562561201,0.3514455627339901,0.4039125482064976,0.2933931507767394,0.3026943010167629,20244,13268,16288,2014,567,1218,0.09948626753606006,0.04273439855290925,0.07477897838899804,0.7323157478759138,0.7598733795598432,0.7729002946954814,0.9878264874643866,0.9891159713247829,0.9896294348559451,0.8708155251066716,0.7040401889249347,0.7982849017570504,0.1027101335428122,0.04171553023957112,0.07602606607979878,0.09622266401590457,0.04356761200164406,0.07333244927728418,0.8602710133542812,0.8535768135366057,0.8458900194352349,0.6027833001988071,0.6832442800383615,0.6882376342660125
"s07_dual_role_credit","Dual-Survival-Credit-AOP","CF4","CF",100,50000,2,267402,"all",249,400,50000,0.5183145065867119,0.2176048010471307,0.2640806923661573,0.5183145065867117,0.2176048010471306,0.2640806923661573,0.4853591524386215,0.2513069239877824,0.263333923573596,24989,11672,13139,2209,406,838,0.08839889551402617,0.03478409869773818,0.06377958748763224,0.7555324342710793,0.761223440712817,0.7798919248040186,0.9892107509490219,0.9901112410304407,0.9904801087310984,0.8581660652218047,0.7003320101809734,0.786797048700569,0.09130367384901565,0.03340099649381804,0.06307949536403709,0.08529825432282617,0.0359827282904206,0.06448170731707317,0.8732754611688111,0.8398228455434582,0.8563611491108071,0.6298502523372218,0.6931073084919239,0.7032012195121952
"s07_dual_role_credit","Dual-Survival-Credit-AOP","CF4","CF",100,50000,3,267403,"all",249,400,50000,0.4589833959993215,0.2187765111223582,0.3222400928783203,0.4589833959993218,0.218776511122358,0.3222400928783202,0.4380389915185059,0.2837249644359506,0.2782360440455441,22345,12504,14951,2131,526,1094,0.09536809129559186,0.04206653870761357,0.07317236305263862,0.6812262251062877,0.7208093410108766,0.7360711658083071,0.9853223851972108,0.9874418914756016,0.9883125048197654,0.8707451735284765,0.7071361548010971,0.7977381963277193,0.09734977696142745,0.03968399779533346,0.07253240279162512,0.09329178885630499,0.04390312986829061,0.07391367114190847,0.8353887868450975,0.8278522873415396,0.8267696909272183,0.5197030791788856,0.6382948590851154,0.6310090948462538
"s07_dual_role_credit","Dual-Survival-Credit-AOP","CF4","CF",100,50000,4,267404,"all",249,400,50000,0.4618855216628166,0.2344637810932929,0.3036506972438904,0.4618855216628167,0.2344637810932929,0.3036506972438904,0.4513823600882823,0.2747489995145826,0.273868640397135,22745,12690,14365,2010,490,871,0.08837107056495933,0.03861308116627266,0.06063348416289593,0.7550670477027919,0.7278171788810087,0.7660285415941525,0.9891345761274408,0.9883469576702691,0.9899717835877427,0.8624981988222581,0.704477832420135,0.785657537534687,0.08642726719415703,0.0386589120766336,0.0631537137561234,0.0903593027392387,0.0385739333722969,0.05783910745742807,0.8726197721937223,0.8255217242559014,0.848404607440752,0.6348274635361082,0.6443600233781415,0.6746917204932472
"s07_dual_role_credit","Dual-Survival-Credit-AOP","CF4","CF",100,50000,5,267405,"all",249,400,50000,0.5337253892149052,0.2218165870599092,0.2444580237251856,0.5337253892149048,0.2218165870599093,0.2444580237251855,0.5545239976531856,0.23701838887389,0.2084576134729243,27109,11425,11266,2503,394,578,0.09233096019772032,0.03448577680525164,0.05130481093555832,0.6565716182817515,0.4990809628008753,0.6381146813420913,0.9871596163175775,0.9878726154127353,0.9894205165573002,0.8288251757642403,0.6973360596758398,0.7580835110840127,0.09127163280662152,0.03563675832127352,0.05491614600460375,0.09334973587090238,0.03340681702560624,0.0470679012345679,0.8155756207674943,0.5540882778581766,0.7032226241367971,0.5036543888848687,0.4475156859420044,0.5617283950617284
"s07_dual_role_credit","Dual-Survival-Credit-AOP","CF5","CF",100,50000,1,267501,"all",249,400,50000,0.447276359509062,0.2431968220489344,0.3095268184420036,0.447276359509062,0.2431968220489345,0.3095268184420036,0.442795317764374,0.2602329318426945,0.2969717503929314,22161,12533,15106,2164,557,1036,0.09764902305852624,0.04444267134764222,0.06858202038924931,0.9477460403411399,0.9500518630814649,0.9630610353501919,0.9915584029903429,0.9902953306854376,0.9914762680600734,0.7241305486755476,0.6903538275690199,0.7226875334915803,0.09642664751301849,0.04197653280449513,0.0661392815458436,0.09888415131996735,0.04674483184202407,0.07112914131169709,0.9631890824205422,0.9565361097339283,0.9751005057709765,0.9321418851492335,0.9439987658130207,0.9505070993914807
"s07_dual_role_credit","Dual-Survival-Credit-AOP","CF5","CF",100,50000,2,267502,"all",249,400,50000,0.4199800873302753,0.2596967047302241,0.3203232079395009,0.4199800873302752,0.2596967047302241,0.3203232079395006,0.4149636963657152,0.2793241753139989,0.3057121283202859,20804,13421,15575,2302,787,1240,0.1106517977312055,0.05863944564488488,0.0796147672552167,0.9062199577004422,0.8318307130616198,0.8942536115569824,0.9869952480974709,0.9597962652906379,0.9749912478155555,0.7193657204704065,0.6827064201669987,0.7338208449212252,0.1105805958747135,0.06031549644293226,0.07887465460939462,0.110723964382501,0.05708123652048885,0.08038880861683961,0.9407944996180291,0.8482833281781627,0.9120823913589551,0.8711769260549749,0.8165348670021567,0.8756075134638119
"s07_dual_role_credit","Dual-Survival-Credit-AOP","CF5","CF",100,50000,3,267503,"all",249,400,50000,0.401238986216157,0.2555924690194894,0.3431685447643535,0.4012389862161572,0.2555924690194895,0.3431685447643534,0.3664901343780963,0.2875404595271849,0.3459694060947193,19123,13523,17154,1799,470,1129,0.0940751974062647,0.03475560156769947,0.0658155532237379,0.9772525231396747,0.9731568438955853,0.9825696630523493,0.9946607202834551,0.9936631637929387,0.9949129132879072,0.7776336831147682,0.7946260186946348,0.8748250391951867,0.09262778833650095,0.03489468720528136,0.06380985833040627,0.09566074950690336,0.03463203463203463,0.06780448159758505,0.9841952585775733,0.9765796919207796,0.9887600983491395,0.9696471619548542,0.9701159055997766,0.9764309764309764
"s07_dual_role_credit","Dual-Survival-Credit-AOP","CF5","CF",100,50000,4,267504,"all",249,400,50000,0.4199570339169848,0.2712262250328166,0.3088167410501986,0.4199570339169847,0.2712262250328166,0.3088167410501985,0.4217387860815222,0.2558073121283951,0.3224539017900823,20946,13127,15727,2186,636,1066,0.1043636016423183,0.04844976003656586,0.06778152222292873,0.8890957700754321,0.9150605622000457,0.9219177211165511,0.9839591400586564,0.9880241878340362,0.9865874564163265,0.725791407389477,0.6973824627806158,0.7181027977263726,0.106230261269021,0.05119100458647729,0.06578263130525221,0.1025054777555492,0.04554020100502513,0.06969508400746734,0.9395157431333142,0.9295753809735168,0.9474778991159646,0.8389063541964371,0.8996545226130653,0.8974486621032981
"s07_dual_role_credit","Dual-Survival-Credit-AOP","CF5","CF",100,50000,5,267505,"all",249,400,50000,0.4449303589806242,0.2431119709517772,0.3119576700675987,0.4449303589806241,0.2431119709517771,0.3119576700675986,0.4478243677961764,0.2585340356986957,0.2936415965051279,22215,12495,15090,2147,543,1044,0.09664641008327707,0.04345738295318127,0.06918489065606362,0.9813639432815665,0.9092436974789916,0.9349237905897946,0.9955524232828153,0.9826726099260858,0.9853598976253791,0.7126894959112386,0.6773045422946938,0.7164378437788844,0.09820218628602403,0.0437871777924653,0.06864635557269572,0.09510138166158263,0.04314760204873506,0.06975789905621665,0.9878037763122234,0.9130865829477859,0.9399665766808073,0.9749685986003948,0.9056340214185938,0.929558199972644
"s07_dual_role_credit","Dual-Survival-Credit-AOP","CF6","CF",100,50000,1,267601,"all",249,400,50000,0.4483049757355528,0.2207979554002721,0.3308970688641751,0.4483049757355531,0.2207979554002721,0.330897068864175,0.4582913133694933,0.2256978960316686,0.3160107905988376,22583,11109,16108,1765,351,884,0.07815613514590622,0.03159600324061572,0.05487956295008691,0.8271265996546074,0.8015122873345936,0.8552272162900422,0.9667607198470187,0.9456623872683745,0.9636992848363485,0.7120773748412177,0.6709408738921123,0.6981356703113325,0.07996776215635354,0.03131257964682323,0.05558252427184466,0.07638402242466713,0.03187321937321937,0.05414336553126588,0.8957643055431181,0.8303295102858184,0.8851941747572816,0.7599859845830413,0.7733262108262108,0.8238434163701067
"s07_dual_role_credit","Dual-Survival-Credit-AOP","CF6","CF",100,50000,2,267602,"all",249,400,50000,0.4597496081405942,0.2200373595595506,0.3202130322998554,0.4597496081405941,0.2200373595595506,0.3202130322998553,0.4699877888374621,0.213915066437134,0.3160971447254041,23154,10811,15835,1982,372,911,0.08560076012783968,0.03440939783553788,0.0575307862330281,0.7626328064265354,0.8586624734067154,0.8368171771392485,0.9397772546908655,0.9717872541356097,0.961581592302836,0.7243281884187641,0.7019086196704474,0.7160299433319907,0.08779592906438369,0.03853177501826151,0.06004763695624921,0.08345434355513795,0.03017806935332708,0.05497582081954696,0.8473835939547479,0.8886048210372535,0.8851698633571519,0.6797642436149313,0.8279287722586691,0.7877322473911937
"s07_dual_role_credit","Dual-Survival-Credit-AOP","CF6","CF",100,50000,3,267603,"all",249,400,50000,0.4961918873654668,0.2080007072424076,0.2958074053921255,0.4961918873654668,0.2080007072424076,0.2958074053921258,0.4784595630955161,0.2075781504072449,0.3139622864972386,24277,10357,15166,2153,336,898,0.08868476335626313,0.03244182678381771,0.0592113939074245,0.8211887795032335,0.758327701071739,0.8261901622049321,0.9686762389097489,0.9290514903595273,0.9521081098728043,0.7275841448494061,0.7037049521298299,0.7212664567735451,0.08998947964716356,0.03410404624277456,0.05820753433972528,0.08733221476510067,0.03077220824462938,0.06015615000639959,0.9009468317552805,0.789402697495183,0.8687610499116007,0.7385067114093959,0.7271143797174375,0.7861256879559708
"s07_dual_role_credit","Dual-Survival-Credit-AOP","CF6","CF",100,50000,4,267604,"all",249,400,50000,0.468961838537289,0.2272240050287738,0.3038141564339372,0.468961838537289,0.2272240050287737,0.303814156433937,0.4720707571696762,0.2275317821087429,0.3003974607215809,23430,11320,15050,1947,362,770,0.08309859154929577,0.03197879858657244,0.05116279069767442,0.7900554844216816,0.8075088339222615,0.8209302325581396,0.9504770243985075,0.9552648479624465,0.9565291419910364,0.7283588659008745,0.6964977028961254,0.7208876906471142,0.08425378885178525,0.03199575746862295,0.05248545742993126,0.08195047230022977,0.03196185767261169,0.04982634250601122,0.8629163455775323,0.8334806434505921,0.8671337916446324,0.7176410518253765,0.7815645417623168,0.7742452578145872
"s07_dual_role_credit","Dual-Survival-Credit-AOP","CF6","CF",100,50000,5,267605,"all",249,400,50000,0.4732090891038155,0.2424524314605247,0.2843384794356597,0.4732090891038159,0.2424524314605246,0.2843384794356597,0.4932097358346205,0.2391850710627016,0.2676051931026779,24068,11997,13735,1944,412,749,0.08077114841283031,0.0343419188130366,0.05453221696396068,0.7793751038723616,0.8661331999666584,0.8393884237349836,0.9471107698543693,0.9731541430731733,0.9616130693668874,0.7304362658347729,0.7000468484611057,0.7206314382678494,0.08087923279300688,0.03873530872372124,0.0570944036178632,0.08066748066748067,0.02988582941571525,0.0518095810181709,0.8431638801663414,0.8889256745571925,0.8783210853589599,0.7181929181929182,0.8430154466084621,0.7980177203784352
"s07_dual_role_credit","Dual-Survival-Credit-AOP","CF7","CF",100,50000,1,267701,"all",249,400,50000,0.4590684288659975,0.249294940646653,0.2916366304873496,0.4590684288659975,0.2492949406466531,0.2916366304873496,0.4444992928291296,0.269165009529638,0.2863356976412325,22489,12913,14398,2400,516,835,0.1067188403219352,0.03995973050414312,0.05799416585636894,0.7252879185379519,0.6969720436769148,0.7321155716071677,0.9104480033173697,0.8804349060481814,0.8954933817520854,0.7962108086085693,0.7023341106744465,0.7634286166561368,0.1038767830576704,0.03945249597423511,0.0567258708522649,0.1096546736575664,0.0404296583619275,0.05928521373510862,0.7930340421807999,0.7193236714975846,0.7810821974390748,0.6553064545290183,0.6762643592421304,0.6822704975473021
"s07_dual_role_credit","Dual-Survival-Credit-AOP","CF7","CF",100,50000,2,267702,"all",249,400,50000,0.3439058258348718,0.3403546938442587,0.3157394803208696,0.3439058258348717,0.3403546938442586,0.3157394803208697,0.3186648321560273,0.3513444751716521,0.329990692672321,16490,17231,16079,2046,1362,1406,0.1240751970891449,0.0790435842377111,0.08744324895826855,0.8027289266221953,0.6216702454877836,0.7350581503824865,0.9497254746619338,0.7798239767536621,0.8817748545361648,0.839085712914214,0.775318706791244,0.8255211105363227,0.1194623027469316,0.0741308190925162,0.08371501272264631,0.1290485192186515,0.08380974159615824,0.09100863852050128,0.8368205727644652,0.6563347083087802,0.7559796437659033,0.7659735349716447,0.5880402469700434,0.7150504927606764
"s07_dual_role_credit","Dual-Survival-Credit-AOP","CF7","CF",100,50000,3,267703,"all",249,400,50000,0.4310098925847119,0.2326061764929889,0.3363839309222993,0.4310098925847121,0.232606176492989,0.3363839309222989,0.3892111376068509,0.2798245667053845,0.3309642956877646,20425,12761,16614,2350,640,1288,0.1150550795593635,0.05015280934096074,0.07752497893342963,0.9156915544675642,0.9113705822427709,0.9118815456843626,0.9803917476686547,0.9768021126998355,0.9744615557234879,0.8401212495254228,0.7030566575284029,0.7945645419399627,0.1172851016222264,0.04812004139358399,0.08070678127984718,0.1125889266934735,0.05184546890708028,0.07428987618353969,0.9490024240164088,0.9420489824077268,0.9398280802292264,0.8788534900505207,0.8858250753985352,0.8834668608885652
"s07_dual_role_credit","Dual-Survival-Credit-AOP","CF7","CF",100,50000,4,267704,"all",249,400,50000,0.3445484431173182,0.3167221033354374,0.3387294535472445,0.3445484431173176,0.316722103335437,0.3387294535472446,0.3031780650354579,0.3481733109374884,0.3486486240270533,16128,16546,17126,1894,834,1477,0.1174355158730159,0.05040493170554817,0.08624313908676866,0.8002232142857143,0.862625407953584,0.8466658881233212,0.9618785845312438,0.9747837079253254,0.9680401199292544,0.8278687643899597,0.6936645167666141,0.7994573242828005,0.124009324009324,0.04746192893401015,0.08364928909952607,0.1099629040805511,0.05308100623124856,0.08876352751554226,0.8748251748251749,0.9036802030456853,0.9017772511848341,0.7154213036565977,0.825294253404108,0.7931153580474326
"s07_dual_role_credit","Dual-Survival-Credit-AOP","CF7","CF",100,50000,5,267705,"all",249,400,50000,0.4985741332001136,0.2443805963363046,0.2570452704635818,0.4985741332001142,0.2443805963363045,0.2570452704635818,0.4659452196812193,0.2633868964049241,0.270667883913856,24018,12644,13138,2902,765,1058,0.1208260471313182,0.06050300537804492,0.08052976099862993,0.6769089849279707,0.3999525466624486,0.5454407063479981,0.9056712567998981,0.6527005384763013,0.7799239393828885,0.808617319136691,0.6524517124189204,0.7265807603839484,0.1222517516308287,0.0588042049934297,0.07849882720875684,0.1193000603396259,0.06208053691275168,0.08245588017203026,0.7657244100829508,0.4582785808147175,0.6082877247849883,0.5818463925523661,0.3457901159243441,0.4858371644668545
"s07_dual_role_credit","Dual-Survival-Credit-AOP","CF8","CF",100,50000,1,267801,"all",249,400,50000,0.5549879491494608,0.1987425089309457,0.2462695419195936,0.5549879491494606,0.1987425089309457,0.2462695419195937,0.5558347946736404,0.1654840950744761,0.278681110251883,27664,9063,13073,2991,366,857,0.1081188548293811,0.04038397881496193,0.06555496060582881,0.5077718334297282,0.4641950788921991,0.4413677044289758,0.6099457747833128,0.5666329552724148,0.5503297525648208,0.712024521907397,0.704365518892708,0.6953893162527074,0.09776394818727839,0.03965203317823184,0.05865102639296188,0.1184543156374142,0.0412621359223301,0.07166546503244413,0.5609667848614227,0.5229617641108638,0.4941348973607038,0.4546767786204406,0.3936893203883495,0.3946647440519106
"s07_dual_role_credit","Dual-Survival-Credit-AOP","CF8","CF",100,50000,2,267802,"all",249,400,50000,0.5643608304009313,0.1514878486494702,0.2841513209495984,0.5643608304009311,0.1514878486494702,0.2841513209495983,0.5368665791832498,0.1667025904502591,0.2964308303664911,27429,7928,14443,2651,306,867,0.0966495315177367,0.03859737638748739,0.06002907983106003,0.4818987203324948,0.3852169525731584,0.4096794294814097,0.6051404196895289,0.5234975446576307,0.541359070685797,0.7402191563090037,0.7244890251704557,0.7188121944818912,0.08655420314613139,0.0336156696664902,0.0561289410434045,0.1072496263079223,0.04313253012048193,0.06377204884667571,0.5574062210833511,0.4520910534674431,0.4592110844054856,0.4026158445440957,0.3243373493975903,0.3621438263229308
"s07_dual_role_credit","Dual-Survival-Credit-AOP","CF8","CF",100,50000,3,267803,"all",249,400,50000,0.5295306541853786,0.194729074638285,0.2757402711763364,0.5295306541853788,0.194729074638285,0.2757402711763365,0.4995502538730124,0.1955166878809481,0.3049330582460395,25640,9709,14451,2523,423,951,0.0984009360374415,0.04356782366876094,0.06580859456093004,0.438377535101404,0.349057575445463,0.3707009895508961,0.5739281144974679,0.4884445964818304,0.5091421154816982,0.7374374585932598,0.7212851888354499,0.713626646635636,0.08995150045468324,0.04316398182569187,0.05872923345963276,0.1073609771777563,0.04396959112389563,0.07220977730926341,0.5028038799636253,0.4049979347377117,0.4309239288837074,0.3700578592092575,0.2934045613314157,0.3162471998945843
"s07_dual_role_credit","Dual-Survival-Credit-AOP","CF8","CF",100,50000,4,267804,"all",249,400,50000,0.5588780321944838,0.1813968621866779,0.2597251056188384,0.5588780321944841,0.1813968621866779,0.2597251056188383,0.511636098369708,0.1849162609795863,0.3034476406507058,26661,9130,14009,2850,388,938,0.1068977157646,0.04249726177437021,0.06695695624241559,0.4833652151082105,0.4181818181818182,0.4145192376329502,0.6079747647786259,0.5539124201448131,0.5467350335136424,0.7364390194814001,0.7295808557417709,0.7213144213670202,0.09745062836624775,0.04182341225934941,0.0605638166047088,0.1172267587939698,0.04315766644979397,0.0724215543492652,0.5634470377019749,0.486390794423545,0.4753717472118959,0.3958071608040201,0.3513337670787248,0.3625049649146035
"s07_dual_role_credit","Dual-Survival-Credit-AOP","CF8","CF",100,50000,5,267805,"all",249,400,50000,0.5488862146521074,0.1638899077013291,0.2872238776465635,0.5488862146521069,0.1638899077013291,0.2872238776465637,0.5487164984666015,0.1686275503965696,0.2826559511368283,27334,8285,14181,2783,295,887,0.1018145898880515,0.0356065178032589,0.06254848036104647,0.4752323114070389,0.4296922148461074,0.4233128834355828,0.5922785220296443,0.5486645771046667,0.5455289835860629,0.7046115006554442,0.6916610618371957,0.6832589813267872,0.09126838907999707,0.03743577195987276,0.05944055944055944,0.1123546192670617,0.03382563125297761,0.06570900298677286,0.5486349996340482,0.494250061169562,0.4794405594405595,0.4018725769877843,0.3668413530252501,0.3662352439197838
"s07_dual_role_credit","Dual-Survival-Credit-AOP","CF9","CF",100,50000,1,267901,"all",249,400,50000,0.5687040845434237,0.1690604573760559,0.2622354580805206,0.5687040845434238,0.1690604573760557,0.2622354580805203,0.5200708810849989,0.1962486506652414,0.2836804682497597,27116,9091,13593,2949,440,916,0.1087549786104145,0.04839951600483995,0.06738762598396233,0.5752692137483405,0.4903750962490375,0.5354962112852203,0.7161778033711512,0.6477754012871204,0.6826784431197364,0.7431008432517224,0.7413565676874529,0.730480298630183,0.0967582456388163,0.03563791874554526,0.05695039804041641,0.1218646291579841,0.0594018844735764,0.07704291176887126,0.617204604844975,0.5036825849370397,0.5635333741579914,0.529443544030254,0.4789020893076608,0.5095595524713213
"s07_dual_role_credit","Dual-Survival-Credit-AOP","CF9","CF",100,50000,2,267902,"all",249,400,50000,0.558237440011931,0.1816433416685135,0.2601192183195557,0.558237440011931,0.1816433416685134,0.2601192183195557,0.5038010827826728,0.2015830496712692,0.2946158675460581,26457,9530,13813,2707,407,846,0.1023169671542503,0.04270724029380903,0.06124665170491566,0.5697924934799864,0.4939139559286464,0.5162528053283139,0.7022195423299828,0.6511031366625961,0.6658833926117266,0.7626039265867555,0.7619643117367436,0.7500246037959832,0.0962962962962963,0.03831672203765227,0.05277777777777778,0.1089866156787763,0.04666001994017946,0.06873039683621983,0.6079108234448041,0.5182724252491694,0.5424382716049383,0.5275653282345443,0.4719840478564307,0.4931133233328788
"s07_dual_role_credit","Dual-Survival-Credit-AOP","CF9","CF",100,50000,3,267903,"all",249,400,50000,0.5194174595705709,0.2115060590219832,0.2690764814074459,0.5194174595705709,0.2115060590219833,0.2690764814074459,0.5159016937473612,0.1962683597408039,0.2878299465118351,25781,10163,13856,2782,493,877,0.1079089251774563,0.04850929843550133,0.06329387990762125,0.5427252627904271,0.4805667617829381,0.5092378752886836,0.6889696725407207,0.6414517075880429,0.6621363705585699,0.7552302517230212,0.7538872593236774,0.7409515007012037,0.09959019562359854,0.04782691212753843,0.06031651239175873,0.1162826899128269,0.04924397221087046,0.06607991058955015,0.5875666898631408,0.5029417346745113,0.5358315915198567,0.4975871731008717,0.4564773191663261,0.484353171276893
"s07_dual_role_credit","Dual-Survival-Credit-AOP","CF9","CF",100,50000,4,267904,"all",249,400,50000,0.4992014861879041,0.2074317388154642,0.2933667749966318,0.4992014861879039,0.2074317388154641,0.2933667749966318,0.527917733646474,0.1934321004297126,0.2786501659238139,25593,9974,14233,2667,475,887,0.104208181924745,0.04762382193703629,0.06231996065481627,0.5480404798187004,0.47794265089232,0.5119792032600295,0.6940657337846662,0.6427721338227657,0.664394791717948,0.7598174931778379,0.760874314357573,0.7439673159395395,0.09278018974111593,0.04378996318542918,0.05752636625119847,0.1150133029266439,0.05173488468730521,0.06736872475476054,0.5873130728412929,0.4977717496609184,0.5441720312285988,0.5109083998479665,0.4566798254726782,0.4780727062896711
"s07_dual_role_credit","Dual-Survival-Credit-AOP","CF9","CF",100,50000,5,267905,"all",249,400,50000,0.5511270143003498,0.1770620992614541,0.2718108864381961,0.5511270143003494,0.1770620992614541,0.2718108864381961,0.5468290605144138,0.1872515805021507,0.2659193589834353,27342,9070,13388,2957,406,759,0.1081486357984054,0.04476295479603087,0.05669256050194204,0.5455709165386585,0.4661521499448732,0.4964893934867045,0.6858566172389029,0.6287053214911675,0.6433225442734924,0.7451470052339975,0.7443182716609767,0.7301145005924217,0.09710081585081586,0.03629764065335753,0.05056179775280899,0.1192889672396063,0.05276705276705277,0.06295289855072464,0.5871940559440559,0.4913793103448276,0.5156712004730929,0.5035992360805054,0.4422994422994423,0.4769021739130435
"s07_dual_role_credit","Dual-Survival-Credit-AOP","DASCMOP1","DAS-CMOP",100,50000,1,269501,"all",249,400,50000,0.4450206778168211,0.2933295648681273,0.2616497573150516,0.4450206778168208,0.2933295648681274,0.2616497573150517,0.2661120565271095,0.409907560584563,0.3239803828883274,17710,17515,14575,2386,1525,1331,0.1347261434217956,0.0870682272337996,0.09132075471698113,0.2990400903444382,0.191835569511847,0.2047341337907376,0.7890140255649049,0.775501557107508,0.7577500215114582,0.7527706358622348,0.8106743771189385,0.7634412277562286,0.06649224106820642,0.02780441035474593,0.03561013046815042,0.2488680953818292,0.1294301938515763,0.1363523573200993,0.4472212197762541,0.4289823311875086,0.395088257866462,0.05116208874132207,0.02232230272175445,0.05086848635235732
"s07_dual_role_credit","Dual-Survival-Credit-AOP","DASCMOP1","DAS-CMOP",100,50000,2,269502,"all",249,400,50000,0.4065549583763158,0.2585285855982325,0.3349164560254516,0.406554958376316,0.2585285855982324,0.3349164560254517,0.2704805410175845,0.3839978982727548,0.3455215607096605,16871,15993,16936,2461,1453,1518,0.1458716140122103,0.09085224785843807,0.08963155408597072,0.2916839547151918,0.1922716188332395,0.2367737364194615,0.7715348528531022,0.7750468949047487,0.7690893702536372,0.7890183482993476,0.8286820303042639,0.7925114793423297,0.07128048178497384,0.03807303807303807,0.04690499040307101,0.2579353307623851,0.1263862732789287,0.131046511627907,0.455227564418995,0.4357420357420357,0.4258637236084453,0.04598042123998813,0.02835321196903118,0.05348837209302326
"s07_dual_role_credit","Dual-Survival-Credit-AOP","DASCMOP1","DAS-CMOP",100,50000,3,269503,"all",249,400,50000,0.4213932770644314,0.2905997153297417,0.2880070076058269,0.4213932770644312,0.2905997153297417,0.2880070076058268,0.2696324129608181,0.4182627962611967,0.3121047907779851,17205,17651,14944,2562,1633,1423,0.1489102005231037,0.09251600475893718,0.09522216274089935,0.2855565242662017,0.1824259248767775,0.2146680942184154,0.789542478634416,0.7677647298570514,0.7568213965022895,0.7594498932122969,0.8059027910839311,0.7555558888102145,0.06521739130434782,0.03040353786622443,0.03846153846153846,0.2795891022778026,0.1356697071531445,0.1476570545829042,0.4393592677345537,0.4115533443891653,0.3925585284280936,0.04540717582253982,0.02323571771483438,0.05033470648815654
"s07_dual_role_credit","Dual-Survival-Credit-AOP","DASCMOP1","DAS-CMOP",100,50000,4,269504,"all",249,400,50000,0.4275467730531022,0.2608198150689265,0.3116334118779713,0.4275467730531023,0.2608198150689265,0.311633411877971,0.2732737267631521,0.4174139533186422,0.3093123199182056,17453,16887,15460,2343,1504,1249,0.1342462613877271,0.08906259252679576,0.08078913324708926,0.2727324815218014,0.1656895837034405,0.2150711513583441,0.7592490984817006,0.758404724896659,0.7558088020506967,0.7590301465565568,0.8144282089553965,0.7658660449071466,0.05737627946286036,0.02910827044509472,0.03686517143593709,0.2545561434450324,0.1265152972868963,0.1250324591015321,0.4148746361160672,0.3991991375327276,0.3725186903841196,0.05026455026455026,0.01981912641908793,0.05647883666580109
"s07_dual_role_credit","Dual-Survival-Credit-AOP","DASCMOP1","DAS-CMOP",100,50000,5,269505,"all",249,400,50000,0.4409238971670018,0.2655266822958414,0.293549420537157,0.4409238971670016,0.2655266822958413,0.2935494205371569,0.274736793177695,0.3902273567562193,0.3350358500660862,17828,16322,15650,2644,1470,1451,0.1483060354498542,0.09006249234162481,0.09271565495207668,0.2849450302894324,0.1798186496752849,0.2114376996805112,0.793715329450641,0.7689001455917687,0.7578628767489836,0.7634375906816337,0.8055152213552822,0.7632605715135993,0.06274474091612786,0.02632773490694508,0.03939808481532148,0.2855265079596904,0.1334294244826521,0.1394484412470024,0.4323832073581641,0.4111060674837343,0.3954856361149111,0.04848838907550752,0.02244414701945846,0.05011990407673861
"s07_dual_role_credit","Dual-Survival-Credit-AOP","DASCMOP2","DAS-CMOP",100,50000,1,269601,"all",249,400,50000,0.4165195027048768,0.3053998038778692,0.278080693417254,0.4165195027048768,0.3053998038778691,0.2780806934172538,0.2512443861653159,0.396410084220802,0.3523455296138821,16637,17469,15694,2359,1598,1296,0.1417923904550099,0.09147632949796783,0.08257932968013254,0.2867103444130553,0.2009846012937203,0.2137122467184912,0.7716032414637112,0.7779450137021913,0.7504626970875935,0.7548623061264363,0.8175689568462603,0.7682560412959071,0.0553306342780027,0.02222806786794686,0.02845587173190813,0.2850071850550854,0.144840867626191,0.1252992817238627,0.4214382109118951,0.4223332894909904,0.4021378015311281,0.06354782053329075,0.03040745996351105,0.06498688861019268
"s07_dual_role_credit","Dual-Survival-Credit-AOP","DASCMOP2","DAS-CMOP",100,50000,2,269602,"all",249,400,50000,0.3939417428535532,0.3034132665493295,0.3026449905971172,0.3939417428535533,0.3034132665493292,0.3026449905971175,0.2555345392246655,0.4063733317874175,0.338092128987917,16170,17681,15949,2195,1480,1387,0.1357452071737786,0.08370567275606583,0.08696469998119004,0.2763760049474335,0.1980091623776936,0.2312997680105336,0.762190170751684,0.7776558510267821,0.7643557217511192,0.7528914308673021,0.8223971969115946,0.7614810208935874,0.05004586688410968,0.02011114051336332,0.03386004514672687,0.2679666614247523,0.131186407191544,0.1344737467331908,0.4130058098053205,0.4129399311987298,0.4116319213915814,0.0655763484824658,0.03753827916625507,0.06996911380375385
"s07_dual_role_credit","Dual-Survival-Credit-AOP","DASCMOP2","DAS-CMOP",100,50000,3,269603,"all",249,400,50000,0.4068578848603799,0.3119599652098962,0.281182149929724,0.4068578848603799,0.3119599652098962,0.2811821499297238,0.2472325662887143,0.4035378757948095,0.3492295579164762,16293,17811,15696,2038,1570,1429,0.1250843920702142,0.08814777384762226,0.09104230377166157,0.2869330387282882,0.1906125428106226,0.2191641182466871,0.7677154354825949,0.7736787560048876,0.7572439194175549,0.7427474913530452,0.8204031736348135,0.7596408245851451,0.04787286546244201,0.0215067611075338,0.03326670474014849,0.2520285621551444,0.1396575751542903,0.1375977910722503,0.418912249531142,0.3896973599484868,0.4031981724728727,0.06994482310938008,0.03673103722874776,0.07086976530142659
"s07_dual_role_credit","Dual-Survival-Credit-AOP","DASCMOP2","DAS-CMOP",100,50000,4,269604,"all",249,400,50000,0.3918073527074166,0.343188490188478,0.2650041571041054,0.3918073527074166,0.343188490188478,0.2650041571041054,0.2506168008551435,0.4184517329177853,0.3309314662270714,16000,18964,14836,2316,1654,1253,0.14475,0.08721788652183084,0.0844567268805608,0.3045625,0.2183083737608099,0.2249932596387166,0.7918160365197716,0.788582980435065,0.7620151039168697,0.7496418930561413,0.8097226076922952,0.7659596025934794,0.05493491852003689,0.02012873025160913,0.02834192179448318,0.2851193336536921,0.1422401382090412,0.1294003398883224,0.4565952649379932,0.4423639555295494,0.4190663837526523,0.06695498958833894,0.03455226029369421,0.06955571740713766
"s07_dual_role_credit","Dual-Survival-Credit-AOP","DASCMOP2","DAS-CMOP",100,50000,5,269605,"all",249,400,50000,0.3996453893418774,0.3186397104603077,0.2817149001978148,0.3996453893418773,0.3186397104603079,0.2817149001978149,0.2429493740684325,0.3908351613829393,0.3662154645486282,15999,17665,16136,2049,1386,1424,0.1280705044065254,0.07846023209736767,0.08824987605354487,0.2829551846990437,0.2156807245966601,0.218455627169063,0.7603813144961339,0.7824871503288189,0.7446511763376793,0.7502233037319694,0.8273117795592924,0.7742890308575385,0.04773389609084514,0.02131147540983606,0.03276820059837584,0.2602513227513227,0.1250128402670776,0.1309641329384666,0.4181489297558034,0.4344262295081967,0.4094600370423137,0.06051587301587302,0.03749357986646122,0.07140506745640013
"s07_dual_role_credit","Dual-Survival-Credit-AOP","DASCMOP3","DAS-CMOP",100,50000,1,269701,"all",249,400,50000,0.3886911489508334,0.2452372810762867,0.3660715699728799,0.3886911489508331,0.2452372810762866,0.36607156997288,0.3424050044368294,0.3097946081891089,0.3478003873740618,18204,13818,17778,3784,1478,2503,0.2078664029883542,0.1069619337096541,0.1407919901001237,0.283179520984399,0.2037921551599363,0.2421532230847114,0.7870697017526,0.7154287386296083,0.7670174420909103,0.7655198454976335,0.7384488311878012,0.7580857440055968,0.1028819336845367,0.04392002622091118,0.06965010420094329,0.3271148656576323,0.1568170036288232,0.2156794827387138,0.5234996384671005,0.4537856440511308,0.4650652626960623,0.01020767335445266,0.006091238983929497,0.007504907054612631
"s07_dual_role_credit","Dual-Survival-Credit-AOP","DASCMOP3","DAS-CMOP",100,50000,2,269702,"all",249,400,50000,0.4191758168510697,0.3250276795057194,0.2557965036432109,0.4191758168510697,0.3250276795057196,0.255796503643211,0.3272751054588471,0.3739346852702649,0.2987902092708883,18588,17408,13804,3138,1769,1757,0.1688185926404132,0.1016199448529412,0.1272819472616633,0.3011620400258231,0.2147863051470588,0.2159518980005795,0.7554231868691008,0.6968342004701064,0.7109373713747275,0.7483241796616824,0.7587621225840626,0.7246795311505922,0.09059567132733193,0.0718259364569168,0.08729784895588004,0.2690891234961945,0.1274814894301964,0.1615332885003362,0.5205899253016664,0.4576585486463098,0.4517192651907678,0.01988706113429904,0.003970383088314197,0.01398789509078682
"s07_dual_role_credit","Dual-Survival-Credit-AOP","DASCMOP3","DAS-CMOP",100,50000,3,269703,"all",249,400,50000,0.4432365723737251,0.3233099276098971,0.2334535000163778,0.4432365723737248,0.3233099276098974,0.2334535000163776,0.3749769722269627,0.3518570522335364,0.2731659755395009,20381,16812,12607,3129,1521,1290,0.1535253422305088,0.0904710920770878,0.1023241056555882,0.272999362151023,0.2002736140851772,0.2107559292456572,0.7452985125008375,0.7108439483907196,0.7088077696793529,0.7520765883087656,0.7471268846753918,0.7114661182034099,0.07699972823625328,0.03488516449410304,0.04667585256631071,0.2439520445300792,0.1416010049103574,0.1498309072195265,0.4895370957514268,0.4095592799503414,0.4367895280744058,0.01712695354313851,0.007765216398309923,0.0177915012498162
"s07_dual_role_credit","Dual-Survival-Credit-AOP","DASCMOP3","DAS-CMOP",100,50000,4,269704,"all",249,400,50000,0.4222594007824232,0.2973889349715034,0.2803516642460733,0.4222594007824235,0.2973889349715035,0.2803516642460733,0.3657460819634704,0.3346109901933931,0.2996429278431366,19639,15728,14433,3053,1398,1341,0.1554559804470696,0.08888606307222788,0.09291207649137394,0.2467539080401242,0.1848931841302136,0.2070255664103097,0.7133724401588197,0.7159331025731983,0.705573045130505,0.7510115094931263,0.7980970042173837,0.7395919630495565,0.07934245534017484,0.04284362751723206,0.04586498495055182,0.2433351618211739,0.1297874894945372,0.13693669527897,0.4464082098061574,0.3832950398702528,0.4113515837752616,0.01623697202413604,0.008644495137471486,0.01582618025751073
"s07_dual_role_credit","Dual-Survival-Credit-AOP","DASCMOP3","DAS-CMOP",100,50000,5,269705,"all",249,400,50000,0.4266312588923283,0.3368314610301769,0.2365372800774948,0.4266312588923282,0.3368314610301772,0.2365372800774948,0.3413414003739404,0.3240774010885649,0.3345811985374955,19124,16458,14218,2936,1335,1372,0.1535243672871784,0.08111556689755742,0.09649739766493177,0.2486404517883288,0.1838011909101956,0.1605711070474047,0.7067895912075004,0.7264628399661492,0.663396923807507,0.7538448325623462,0.8111680533819376,0.7557592179718507,0.08471385542168675,0.04174120453190221,0.04600237650653539,0.2395294117647059,0.1220116437507742,0.1322204875705536,0.4284638554216867,0.3518187239117472,0.3670005092514004,0.02388235294117647,0.00929022668153103,0.01453104359313078
"s07_dual_role_credit","Dual-Survival-Credit-AOP","DASCMOP4","DAS-CMOP",100,50000,1,269801,"all",249,400,50000,0.4541045711137167,0.1190951174795884,0.4268003114066949,0.4541045711137164,0.1190951174795883,0.4268003114066951,0.4642230358562626,0.1214553868184712,0.4143215773252664,22852,5993,20955,4640,350,4248,0.2030456852791878,0.0584014683797764,0.2027201145311381,0.1136005601260284,0.03220423827799099,0.1669768551658316,0.3900277953948073,0.1921026977866752,0.4828728875807956,0.7648681094659312,0.5562433231462662,0.743824782870663,0.1824623560673162,0.04407806191117093,0.179639029892837,0.2231447846393358,0.07249255213505462,0.2265193370165746,0.1586359610274579,0.0423956931359354,0.2398947170520775,0.06962463241653694,0.02217808672624959,0.09179024910342154
"s07_dual_role_credit","Dual-Survival-Credit-AOP","DASCMOP4","DAS-CMOP",100,50000,2,269802,"all",249,400,50000,0.4614471127294157,0.1095209906830773,0.4290318965875071,0.4614471127294159,0.1095209906830773,0.4290318965875069,0.4713836581363846,0.1109758728991218,0.4176404689644933,23231,5484,21085,5544,345,4741,0.2386466359605699,0.06291028446389496,0.2248517903723026,0.04545650208772761,0.01513493800145879,0.06393170500355704,0.2618974788873963,0.1053469008652767,0.2877067348944052,0.7627118941847038,0.5595136835206564,0.7358941460856425,0.2404732904123891,0.05953693495038589,0.2302292934019654,0.2368578001192809,0.06623235613463627,0.2193269230769231,0.0614233513137289,0.01580301359794193,0.08610201216658868,0.02982022663372242,0.01447701773434672,0.04115384615384615
"s07_dual_role_credit","Dual-Survival-Credit-AOP","DASCMOP4","DAS-CMOP",100,50000,3,269803,"all",249,400,50000,0.4609918710424352,0.1175249649090599,0.421483164048505,0.4609918710424348,0.1175249649090599,0.4214831640485051,0.4136068240623983,0.1361485054063956,0.4502446705312064,21779,6321,21700,4901,437,4866,0.2250332889480692,0.06913463059642462,0.2242396313364055,0.07406216998025621,0.03069134630596424,0.1190322580645161,0.2858023598754432,0.15505611336921,0.3261274597591791,0.7418629001717761,0.5780540201614246,0.7334889334111436,0.2386096349856259,0.06282007511095937,0.2249332825009531,0.2099029126213592,0.0745872641509434,0.2235902926481085,0.1014896768011151,0.02867872994195971,0.1539268013724743,0.04349514563106796,0.03242924528301887,0.08636688079942897
"s07_dual_role_credit","Dual-Survival-Credit-AOP","DASCMOP4","DAS-CMOP",100,50000,4,269804,"all",249,400,50000,0.4560292745138497,0.1055737079048959,0.4383970175812546,0.45602927451385,0.1055737079048959,0.4383970175812547,0.4510337892354873,0.1310453933423983,0.4179208174221146,22591,5884,21325,5080,391,4495,0.224868310389093,0.06645139360978926,0.2107854630715123,0.07334779336904076,0.0243031951053705,0.1147479484173505,0.3272630987279352,0.1705191631423758,0.3878304824197238,0.7616355781832874,0.5563667659556275,0.7311336165450538,0.2127509686509334,0.04723809523809524,0.1884787984247642,0.2371161548731642,0.08192697146363916,0.2341918124159139,0.1003874603733709,0.02666666666666667,0.1531275757853283,0.04601691143747218,0.0223995090518564,0.07447626369402267
"s07_dual_role_credit","Dual-Survival-Credit-AOP","DASCMOP4","DAS-CMOP",100,50000,5,269805,"all",249,400,50000,0.4483100113597852,0.1177832549620232,0.4339067336781918,0.4483100113597854,0.1177832549620232,0.4339067336781917,0.4312033099934653,0.1471009939286702,0.4216956960778648,21893,6593,21314,4649,462,4328,0.2123509797652218,0.0700743212498104,0.203059022238904,0.08751655780386425,0.02426816320339754,0.1312752181664634,0.3229658032832348,0.1673889400810428,0.4022232305185756,0.751972046276819,0.567082318206611,0.7335554978716772,0.2046574115539633,0.0552901023890785,0.1803794539565016,0.2203579418344519,0.0819000819000819,0.226377390807879,0.1107926556202418,0.02491467576791809,0.1696436834798704,0.06329231916480238,0.02375102375102375,0.09182605385859739
"s07_dual_role_credit","Dual-Survival-Credit-AOP","DASCMOP5","DAS-CMOP",100,50000,1,269901,"all",249,400,50000,0.4444535379427388,0.1088277272902601,0.4467187347670012,0.444453537942739,0.1088277272902601,0.4467187347670012,0.4657721368185305,0.1153539077224897,0.4188739554589798,22655,5590,21555,4633,321,4241,0.2045023173692342,0.05742397137745975,0.1967524936209696,0.06290002207018318,0.02576028622540251,0.1215031315240084,0.2891558471304993,0.148947517436986,0.3671166906431746,0.7828295458538211,0.5531728206024086,0.7461658692304249,0.1970162748643761,0.0471976401179941,0.1833213515456506,0.2116429495472186,0.06706045865184156,0.211086602090726,0.07603978300180832,0.02507374631268437,0.1537562904385334,0.05036653730056059,0.02640722724113968,0.08708161503788242
"s07_dual_role_credit","Dual-Survival-Credit-AOP","DASCMOP5","DAS-CMOP",100,50000,2,269902,"all",249,400,50000,0.4377894373226654,0.1148962022259106,0.4473143604514243,0.4377894373226648,0.1148962022259105,0.447314360451424,0.4395617203922937,0.1214703392690151,0.4389679403386911,21841,5874,22085,4318,346,4275,0.1977015704409139,0.0589036431733061,0.1935702965813901,0.08241380889153427,0.01889683350357508,0.1248811410459588,0.3298510835723495,0.1297527745878594,0.373193414878903,0.7797788232329526,0.5665996166096848,0.7535578961065584,0.1869724770642202,0.0546218487394958,0.1765075376884422,0.2083904579106114,0.06295559973492379,0.2109496389726716,0.1037614678899083,0.02310924369747899,0.1637652548456568,0.06114614751850837,0.01491053677932406,0.08527556896078969
"s07_dual_role_credit","Dual-Survival-Credit-AOP","DASCMOP5","DAS-CMOP",100,50000,3,269903,"all",249,400,50000,0.4810095053322077,0.1098976861400641,0.4090928085277281,0.4810095053322077,0.1098976861400641,0.4090928085277283,0.479808509018734,0.1020536770580129,0.4181378139232532,23936,5269,20595,6145,340,4817,0.2567262700534759,0.06452837350540899,0.2338917212915756,0.01073696524064171,0.001897893338394382,0.01879096868171886,0.2170227970887089,0.1076011991864261,0.24995264152159,0.7805571488865831,0.5585505217900448,0.7480839730035483,0.2617617617617617,0.06766642282370154,0.2384554922381607,0.2516739203213927,0.0611439842209073,0.229432658154939,0.0149315982649316,0.003291880029261156,0.02466103360188642,0.006528289253431537,0.0003944773175542406,0.01305558222136892
"s07_dual_role_credit","Dual-Survival-Credit-AOP","DASCMOP5","DAS-CMOP",100,50000,4,269904,"all",249,400,50000,0.4569261525645321,0.1148880791948174,0.4281857682406506,0.4569261525645324,0.1148880791948174,0.4281857682406509,0.4605187293308461,0.1149897616543918,0.4244915090147626,22847,5713,21240,4766,290,4076,0.2086050684991465,0.05076142131979695,0.1919020715630885,0.1177397470127369,0.03115701032732365,0.1661016949152542,0.3778401390106211,0.1500652422511338,0.4195890601970518,0.7728720869697566,0.5536161024749671,0.753150540199619,0.1933216168717047,0.04197271773347324,0.1727792889972798,0.2237725647510247,0.05956552207428171,0.2111730787409018,0.1482425307557118,0.03567681007345225,0.2005440390207298,0.08746838754687364,0.02662929222144359,0.1313923811324322
"s07_dual_role_credit","Dual-Survival-Credit-AOP","DASCMOP5","DAS-CMOP",100,50000,5,269905,"all",249,400,50000,0.4415665008543231,0.1258312847698097,0.4326022143758674,0.4415665008543231,0.1258312847698097,0.4326022143758671,0.4540938505164205,0.1283680159898673,0.4175381334937121,22308,6327,21165,5019,419,4484,0.2249865519096288,0.0662241188556978,0.2118592015119301,0.05858884705038551,0.01627943733206891,0.09298369950389794,0.2988495834303538,0.1376917723697768,0.3470086307252508,0.7722127307095757,0.5717134144795503,0.7491228047063562,0.2106028916977357,0.05756315957787016,0.1888455827765405,0.2389709132702679,0.0746875,0.2357300991433247,0.07365645175957079,0.02110649184521906,0.1303823311061618,0.04393952789320131,0.0115625,0.05419193377610935
"s07_dual_role_credit","Dual-Survival-Credit-AOP","DASCMOP6","DAS-CMOP",100,50000,1,270001,"all",249,400,50000,0.4453102653857526,0.1202745617902072,0.4344151728240402,0.4453102653857526,0.1202745617902071,0.4344151728240401,0.476747285680063,0.09605534642065151,0.4271973678992854,22969,5388,21443,4831,289,4552,0.2103269624276198,0.053637713437268,0.2122837289558364,0.04558317732596108,0.01373422420193022,0.08179825584106701,0.2906670924398608,0.1339092680606901,0.3623006425297514,0.7698292363444974,0.5607037294889126,0.7380985318063313,0.209335856537803,0.05589022757697457,0.2174757281553398,0.2112533692722372,0.05083333333333333,0.2070003763643207,0.06506262953951518,0.01974564926372155,0.1098474341192788,0.02737533692722372,0.00625,0.05325555137372977
"s07_dual_role_credit","Dual-Survival-Credit-AOP","DASCMOP6","DAS-CMOP",100,50000,2,270002,"all",249,400,50000,0.4617601538442246,0.1131682974413244,0.425071548714451,0.461760153844225,0.1131682974413244,0.4250715487144512,0.4720503308775685,0.1028408693192832,0.4251087998031483,23259,5363,21178,4712,271,4112,0.2025882454103788,0.05053141898191311,0.1941637548399282,0.07468076873468335,0.02181614767853813,0.1258853527245254,0.3393791842086188,0.1524436715529326,0.4224375697730349,0.7759453725866052,0.5517636706061061,0.7430190579669761,0.1898965307364577,0.04875444839857651,0.1723486637076211,0.215002551454329,0.05248726987857422,0.2159788459722354,0.09973045822102426,0.0295373665480427,0.168098970629899,0.05017860180302772,0.01331766549157854,0.08367173481915195
"s07_dual_role_credit","Dual-Survival-Credit-AOP","DASCMOP6","DAS-CMOP",100,50000,3,270003,"all",249,400,50000,0.4332797632545222,0.1226860019260172,0.4440342348194607,0.4332797632545219,0.1226860019260171,0.4440342348194605,0.4796181429752802,0.09602863383692888,0.424353223187791,22745,5434,21621,4660,272,4333,0.2048801934491097,0.05005520794994479,0.2004070117015864,0.05812266432182897,0.0152741994847258,0.09083761158133297,0.2969941662499161,0.1179967897368191,0.3451358028871998,0.7640330631959404,0.5439731562820036,0.7273695621721373,0.1937725882680011,0.05610236220472441,0.1911219600397794,0.2149071440522001,0.04233025984911987,0.2101325757575758,0.07969604299879529,0.02427821522309711,0.1233161558629419,0.0386481512464447,0.003772003352891869,0.05681818181818182
"s07_dual_role_credit","Dual-Survival-Credit-AOP","DASCMOP6","DAS-CMOP",100,50000,4,270004,"all",249,400,50000,0.4374075534253224,0.1296013639115904,0.4329910826630872,0.4374075534253222,0.1296013639115905,0.4329910826630871,0.4842847197956511,0.1098311371820589,0.4058841430222902,22954,5959,20887,5401,429,5206,0.2352966803171561,0.07199194495720758,0.249245942452243,0.02291539600941012,0.009229736532975331,0.0412218126107148,0.2597689554994083,0.1669749472569396,0.3491141442281865,0.7648850860640131,0.5824634532141906,0.7518873597844221,0.2404772831574117,0.08248062015503876,0.2789424860853432,0.2306161373248196,0.05961960497439649,0.2175719798159691,0.03414410279944929,0.01550387596899225,0.06076066790352504,0.0127705448212953,0.00182882223847842,0.02038191352527951
"s07_dual_role_credit","Dual-Survival-Credit-AOP","DASCMOP6","DAS-CMOP",100,50000,5,270005,"all",249,400,50000,0.4656978859060875,0.1179674628282371,0.4163346512656755,0.4656978859060875,0.1179674628282371,0.4163346512656756,0.4902784947442146,0.09829671042232116,0.4114247948334641,23815,5384,20601,5341,311,4207,0.2242704178039051,0.05776374442793462,0.2042133876996262,0.04362796556791938,0.01355869242199109,0.07543323139653414,0.2643584154367714,0.09872082972398437,0.2985877101062846,0.7834618527257154,0.5525518046788597,0.7352833361650449,0.2263711624698172,0.06330837304288632,0.207698244260081,0.2222767820607251,0.05110384300899427,0.2006839276990718,0.0579510175922732,0.01395507147719537,0.1021609106694964,0.03003519109583436,0.01308258381030254,0.04836345872007816
"s07_dual_role_credit","Dual-Survival-Credit-AOP","DASCMOP7","DAS-CMOP",100,50000,1,270101,"all",249,400,50000,0.4881534508686494,0.1034600060409628,0.4083865430903877,0.4881534508686495,0.1034600060409628,0.408386543090388,0.4991215631105863,0.09994016762280923,0.4009382692666042,24586,5058,20156,5511,261,3815,0.22415195639795,0.05160142348754448,0.1892736654098035,0.1099406166110795,0.007315144325820483,0.09992061917047033,0.3281578056584445,0.07778694561723432,0.2964653859486429,0.7404238958637929,0.4549428811274203,0.6746645960665864,0.2309337721102427,0.05320388349514563,0.1966568338249754,0.2175207143431743,0.04993958920660491,0.1817544562387342,0.1277663512957631,0.009320388349514564,0.1222222222222222,0.09251065883677902,0.005235602094240838,0.077208091327859
"s07_dual_role_credit","Dual-Survival-Credit-AOP","DASCMOP7","DAS-CMOP",100,50000,2,270102,"all",249,400,50000,0.4807539178066588,0.1169204015428272,0.402325680650514,0.4807539178066592,0.1169204015428272,0.4023256806505139,0.4574250538360132,0.1230921659045113,0.4194827802594754,23359,5982,20459,4034,287,3393,0.1726957489618562,0.04797726512871949,0.1658438828877267,0.1661886210882315,0.01989301237044467,0.198885576030109,0.3871419927838025,0.1237353392878151,0.4224543260255098,0.722239612165137,0.4664304517993889,0.6848025540011639,0.1738222519211494,0.04565739787161002,0.1615576635047429,0.1715113726178976,0.05017921146953405,0.1699540405974722,0.218927497494153,0.02265705458290422,0.2473290064902646,0.1107403179063845,0.01726946888237211,0.152432018383761
"s07_dual_role_credit","Dual-Survival-Credit-AOP","DASCMOP7","DAS-CMOP",100,50000,3,270103,"all",249,400,50000,0.4885560729906114,0.1093467522292604,0.4020971747801282,0.4885560729906114,0.1093467522292603,0.4020971747801282,0.4495562353225606,0.1212405710940258,0.429203193583414,23358,5749,20693,4703,309,3863,0.2013442931757856,0.05374847799617325,0.186681486493017,0.09384365099751692,0.01182814402504783,0.110955395544387,0.3141256717954499,0.1043359250817889,0.3231306695592703,0.7353565596073097,0.4702955665482541,0.687246762812955,0.2075145934391186,0.04919236417033774,0.182762408868471,0.1946404644930773,0.05785123966942149,0.1903558052434457,0.1169941626243525,0.01651982378854626,0.1412164186557475,0.06869138008039304,0.007603305785123967,0.08258426966292134
"s07_dual_role_credit","Dual-Survival-Credit-AOP","DASCMOP7","DAS-CMOP",100,50000,4,270104,"all",249,400,50000,0.5075324992623993,0.09004936746586069,0.40241813327174,0.5075324992623993,0.09004936746586072,0.40241813327174,0.503729461398306,0.0963967556264744,0.3998737829752195,25183,4638,19979,5263,197,3392,0.2089901917960529,0.04247520482966796,0.1697782671805396,0.1015764603105269,0.008193186718413108,0.1211772360979028,0.3529048447520542,0.07638430394386561,0.3431107558511794,0.7482025825179671,0.4327178320000015,0.6753393613200492,0.2163145818498299,0.04097995545657016,0.1763178913738019,0.2016103316326531,0.04387797743418304,0.1632038542607648,0.1275417358968273,0.009354120267260579,0.145167731629393,0.07541454081632654,0.007104053489343919,0.09705911873933554
"s07_dual_role_credit","Dual-Survival-Credit-AOP","DASCMOP7","DAS-CMOP",100,50000,5,270105,"all",249,400,50000,0.473678694601959,0.1070773812060097,0.4192439241920313,0.4736786946019592,0.1070773812060097,0.4192439241920312,0.4345981777076344,0.1298100892398097,0.4355917330525562,22622,5897,21281,5124,376,4679,0.2265051719565025,0.06376123452603019,0.219867487430102,0.05251525064096896,0.007461421061556723,0.07156618579953949,0.2815291700843162,0.1232580821033882,0.3246881262515752,0.7087184924234726,0.4887301432256375,0.6891051664548552,0.2456140350877193,0.06050357008643367,0.2279693486590038,0.2056731035757184,0.06644004944375773,0.2120653076284476,0.07424357996440377,0.008267568583239383,0.09099616858237548,0.02882749699713573,0.006798516687268232,0.05285490268425422
"s07_dual_role_credit","Dual-Survival-Credit-AOP","DASCMOP8","DAS-CMOP",100,50000,1,270201,"all",249,400,50000,0.4656093812788148,0.1010391234756332,0.4333514952455518,0.4656093812788152,0.1010391234756332,0.4333514952455518,0.455290150722029,0.1239187604471568,0.4207910888308141,22942,5590,21268,4236,309,3741,0.1846395257606137,0.0552772808586762,0.1758980628173782,0.1524278615639439,0.02093023255813953,0.1716663532066955,0.3868886005521576,0.1484286918887808,0.4205088670366333,0.6993732513244234,0.4624685874302563,0.6596072298091273,0.184514571477841,0.0518341307814992,0.1738002594033722,0.1847672778561354,0.05807916937053861,0.1780599579912163,0.1819279186066563,0.01515151515151515,0.2127107652399481,0.1222672778561354,0.02563270603504218,0.1293679587550124
"s07_dual_role_credit","Dual-Survival-Credit-AOP","DASCMOP8","DAS-CMOP",100,50000,2,270202,"all",249,400,50000,0.4786864370095902,0.1098735889867596,0.4114399740036502,0.4786864370095903,0.1098735889867596,0.4114399740036501,0.4591907941996618,0.1151268274909214,0.4256823783094167,23359,5599,20842,5043,328,4151,0.2158910912282204,0.05858188962314699,0.1991651472987237,0.1414872211995377,0.02893373816752992,0.1814125323865272,0.3431887312424085,0.1394274071320491,0.39446846157295,0.7050342482702282,0.4661600833532121,0.6775561561203377,0.2178691275167785,0.05961960497439649,0.1979308998633613,0.2138298802342862,0.05759162303664921,0.2003586258965648,0.1735738255033557,0.02816386247256767,0.2049580324028889,0.1080514030946761,0.02966841186736475,0.158644771611929
"s07_dual_role_credit","Dual-Survival-Credit-AOP","DASCMOP8","DAS-CMOP",100,50000,3,270203,"all",249,400,50000,0.4651527538302934,0.1093100234644254,0.4255372227052812,0.4651527538302933,0.1093100234644253,0.4255372227052814,0.4504870756419716,0.1206058043869614,0.428907119971067,22800,5725,21275,4346,291,3829,0.1906140350877193,0.0508296943231441,0.1799764982373678,0.1453070175438597,0.01414847161572052,0.1524324324324324,0.3552131091311083,0.1178588115923078,0.3564394083624106,0.7010652724290619,0.4679010892665933,0.6610244679735028,0.198567483603728,0.04966887417218543,0.1878421748159335,0.1823938637174456,0.05187894911872298,0.1721748899915738,0.1734552985847428,0.01398086828550405,0.1829337360770247,0.1162147698894042,0.01429996674426339,0.1221795712011984
"s07_dual_role_credit","Dual-Survival-Credit-AOP","DASCMOP8","DAS-CMOP",100,50000,4,270204,"all",249,400,50000,0.4997242059986001,0.0985420914998295,0.4017337025015703,0.4997242059986003,0.09854209149982947,0.4017337025015706,0.4627783374814676,0.1078728753099884,0.4293487872085441,23977,5131,20692,4777,222,3613,0.1992325979063269,0.04326641980120834,0.174608544364972,0.1320432080744046,0.01364256480218281,0.1364778658418712,0.3477495468715123,0.08534513937948426,0.3247846850489178,0.7126748562612935,0.4380042536098082,0.6550115132663743,0.2065060240963855,0.0416156670746634,0.1676167616761676,0.1913767675891385,0.04477611940298507,0.1811465444683438,0.1472289156626506,0.01713586291309669,0.1599159915991599,0.1156415372603453,0.01044776119402985,0.1145609277097166
"s07_dual_role_credit","Dual-Survival-Credit-AOP","DASCMOP8","DAS-CMOP",100,50000,5,270205,"all",249,400,50000,0.47875303851733,0.09369631598666556,0.4275506454960044,0.4787530385173302,0.0936963159866655,0.4275506454960043,0.4528413646088807,0.1066686708222284,0.4404899645688907,23202,4990,21608,4477,234,3975,0.1929575036634773,0.0468937875751503,0.1839596445760829,0.1926558055340057,0.01723446893787575,0.1834042947056646,0.4141575882129289,0.1195048553122965,0.3987293126017121,0.7101905138736913,0.4506080091239867,0.6682023485079271,0.1976022803487592,0.04627249357326478,0.1859372062417748,0.1880432854355154,0.04743975903614458,0.1820419325432999,0.2244299128101945,0.01799485861182519,0.2058657642413988,0.1590384956537165,0.01656626506024097,0.1616226071103008
"s07_dual_role_credit","Dual-Survival-Credit-AOP","DASCMOP9","DAS-CMOP",100,50000,1,270301,"all",249,400,50000,0.4496180212342364,0.2538052920798793,0.2965766866858842,0.4496180212342366,0.2538052920798793,0.2965766866858841,0.2721872046457762,0.4510534750508703,0.2767593203033532,17973,17562,14265,2143,1877,1202,0.119234407166305,0.1068784876437763,0.08426218016123378,0.3252656762922161,0.1046008427286186,0.2406589554854539,0.7545100191317651,0.5946334956485296,0.676395338773463,0.6632878528120506,0.6917547359227615,0.6508176374369861,0.06324251898168826,0.01722775406985933,0.04242342098129574,0.2117143700206551,0.1573653760569649,0.1290837810367359,0.486199196069674,0.2701122174806385,0.4281648143128219,0.05945706698141045,0.0113929684023142,0.03978510236677799
"s07_dual_role_credit","Dual-Survival-Credit-AOP","DASCMOP9","DAS-CMOP",100,50000,2,270302,"all",249,400,50000,0.4707874521679103,0.2300596111044743,0.2991529367276154,0.4707874521679101,0.2300596111044744,0.2991529367276156,0.2596719245543316,0.4603567291113074,0.2799713463343611,18194,17189,14417,2100,1853,1168,0.1154226668132351,0.1078015009599162,0.08101546785045433,0.3118060899197538,0.08581069288498458,0.2350003468127904,0.7461900887716294,0.584681777136412,0.6758956656651023,0.6510495757407432,0.6944112520690801,0.644775300419048,0.06447211325260106,0.01937510909408274,0.03935527199462727,0.2077922077922078,0.1520069808027923,0.1255020080321285,0.4496844618795838,0.2345959155175423,0.4173270651443922,0.06184291898577613,0.01143106457242583,0.04030407343660355
"s07_dual_role_credit","Dual-Survival-Credit-AOP","DASCMOP9","DAS-CMOP",100,50000,3,270303,"all",249,400,50000,0.4645787394502278,0.2543369165225609,0.2810843440272114,0.4645787394502277,0.2543369165225609,0.2810843440272112,0.2490791452174615,0.5129792617924891,0.2379415929900496,17783,19106,12911,1749,2118,902,0.09835235899454535,0.1108552287239611,0.0698629075981721,0.3411685317438002,0.08934366167696012,0.2699248702656649,0.7458358200744668,0.5970604757856002,0.689107507301831,0.640004606915645,0.6989695768071997,0.6382336362444221,0.06349892008639309,0.01957688664351121,0.04062365899013017,0.1633376288659794,0.1561227685562167,0.1043918918918919,0.4838012958963283,0.2309756867698137,0.4375625804605922,0.07522551546391752,0.01910429063576574,0.07195945945945946
"s07_dual_role_credit","Dual-Survival-Credit-AOP","DASCMOP9","DAS-CMOP",100,50000,4,270304,"all",249,400,50000,0.4647965630243663,0.2543584120651073,0.2808450249105264,0.4647965630243666,0.2543584120651073,0.280845024910526,0.2475121799018859,0.511921757576549,0.240566062521565,17736,19081,12983,1953,2264,1013,0.1101150202976996,0.1186520622608878,0.07802510975891551,0.3444406856111863,0.08301451705885436,0.2643456828159901,0.747354931475771,0.5943811779507255,0.6885750584960119,0.6536677374476095,0.7018888834446749,0.65504366207398,0.06982371240926374,0.02492899968444304,0.04892703862660944,0.1857560025957171,0.1652672055246018,0.1119639579509428,0.4924818527480124,0.2212054275796781,0.4367668097281831,0.06651524983776769,0.01428235109471867,0.06324044718838645
"s07_dual_role_credit","Dual-Survival-Credit-AOP","DASCMOP9","DAS-CMOP",100,50000,5,270305,"all",249,400,50000,0.4268217430411095,0.2597346355577129,0.3134436214011774,0.4268217430411099,0.2597346355577131,0.3134436214011775,0.242891793395822,0.4956473713286498,0.2614608352755285,16699,18790,14311,1704,2052,1082,0.1020420384454159,0.109207025013305,0.07560617706659213,0.336906401580933,0.08829164449175093,0.2649011250087345,0.7514573908290303,0.5987649466472239,0.6931674319166256,0.6339320797254079,0.6958286458217703,0.6331619908899873,0.0621415812729153,0.01981424148606811,0.04370114058695374,0.1720554272517321,0.1560421735604217,0.113859864781807,0.4804926200996522,0.2239938080495356,0.4306036139946174,0.08495546024414384,0.01719383617193836,0.06622618315918868
"s07_dual_role_credit","Dual-Survival-Credit-AOP","LIRCMOP10","LIR-CMOP",100,50000,1,269001,"all",249,400,50000,0.3186835834319739,0.3127937090621639,0.3685227075058624,0.3186835834319738,0.312793709062164,0.3685227075058624,0.2376009813962374,0.4253735447391362,0.3370254738646267,13841,18391,17568,1810,2316,2346,0.1307708980564988,0.1259311619814039,0.1335382513661202,0.7282710786792862,0.6646185634277636,0.7370218579234973,0.9396676491325712,0.8979661839951212,0.9295093414006318,0.8194550825675607,0.8612961787939676,0.8421860053796731,0.1282309923086622,0.1198511484665726,0.1409110723626853,0.1341793570219966,0.1304019626344593,0.1254766444232603,0.8101122178792082,0.7239830617220583,0.8182214472537053,0.6184433164128595,0.6209662200415172,0.6482364156339371
"s07_dual_role_credit","Dual-Survival-Credit-AOP","LIRCMOP10","LIR-CMOP",100,50000,2,269002,"all",249,400,50000,0.3273799701470234,0.3170726161822954,0.3555474136706812,0.3273799701470234,0.3170726161822955,0.3555474136706813,0.2479209843049633,0.4169941556268873,0.33508486006815,14333,18266,17201,1977,2294,2429,0.1379334403125654,0.1255885251286543,0.1412127201906866,0.6961557245517338,0.648144092850104,0.7168769257601302,0.9343254358699341,0.8945801950224336,0.9261748073908264,0.7933789039877327,0.815140765729828,0.803889957304166,0.1383917626869331,0.1057034220532319,0.1394035246272029,0.1373279352226721,0.1407093292212799,0.143130913881902,0.7961510174062271,0.7136882129277566,0.7948486217803886,0.5640485829959514,0.5983037779491134,0.6342076895436579
"s07_dual_role_credit","Dual-Survival-Credit-AOP","LIRCMOP10","LIR-CMOP",100,50000,3,269003,"all",249,400,50000,0.2915099397353039,0.3319483921799711,0.3765416680847251,0.2915099397353038,0.3319483921799711,0.376541668084725,0.2616211940188652,0.4154934895210362,0.3228853164600985,13779,18621,17400,1662,2166,2266,0.1206183322447202,0.1163202835508297,0.1302298850574713,0.6816895275419116,0.657000161108426,0.720919540229885,0.9288190308251265,0.8927599642376163,0.9259152548699724,0.7805487773832134,0.8015163778837535,0.7859750182535825,0.1218672541999449,0.108088501994922,0.1379310344827586,0.1192266380236305,0.1228985507246377,0.1212498443918835,0.8041861746075462,0.7265143271672108,0.7943845414753923,0.5451895043731778,0.6014492753623188,0.6352545748786257
"s07_dual_role_credit","Dual-Survival-Credit-AOP","LIRCMOP10","LIR-CMOP",100,50000,4,269004,"all",249,400,50000,0.3241789909158578,0.2924949619431957,0.3833260471409465,0.3241789909158579,0.292494961943196,0.3833260471409464,0.2749872571856462,0.4225860040931878,0.3024267387211663,14916,17803,17081,2150,2309,2333,0.1441405202467149,0.1296972420378588,0.1365845091036824,0.6932823813354787,0.6473066337134191,0.743164920086646,0.9349524144648773,0.8939434313394097,0.9321710136662669,0.8206877627797337,0.8443116599503377,0.8323027413774902,0.136465047099653,0.117195004803074,0.1443687794656889,0.1531834112149533,0.1383605933815139,0.1267250530785563,0.8055280118988597,0.7347330863181007,0.8174960712414877,0.5610397196261683,0.5867249904906808,0.6490180467091295
"s07_dual_role_credit","Dual-Survival-Credit-AOP","LIRCMOP10","LIR-CMOP",100,50000,5,269005,"all",249,400,50000,0.3066296438406816,0.3134365408041053,0.3799338153552131,0.3066296438406816,0.3134365408041053,0.3799338153552131,0.2325355651269309,0.4306820061361815,0.3367824287368878,13420,18522,17858,1709,2249,2445,0.1273472429210134,0.1214231724435806,0.1369134281554485,0.720193740685544,0.6459345643019112,0.7240452458282003,0.9383994921010433,0.8946479771014301,0.9259610392078605,0.813444783372806,0.8509063362319994,0.8340562888925843,0.1266719118804091,0.1130167669269167,0.1480815981397315,0.1282361063168795,0.1275562610888038,0.1243301178992497,0.8067138735903489,0.7208498656086011,0.805094598879611,0.6063168795305488,0.5912783639929031,0.6327259735619865
"s07_dual_role_credit","Dual-Survival-Credit-AOP","LIRCMOP11","LIR-CMOP",100,50000,1,269101,"all",249,400,50000,0.3719916095765506,0.2423993821240936,0.3856090082993559,0.3719916095765503,0.2423993821240936,0.385609008299356,0.2209217860098363,0.4239490816860412,0.3551291323041223,14752,16599,18449,2442,2213,2725,0.1655368763557484,0.1333212844147238,0.1477044826277847,0.6462174620390455,0.325682270016266,0.5350425497316927,0.8831620389553361,0.7491946805344487,0.8342766996038775,0.8179058554882394,0.8664159379072703,0.8352051409086041,0.1666306695464363,0.1150662251655629,0.1675,0.1636926438455936,0.1437636139785965,0.1262289524240027,0.7300215982721382,0.5877483443708609,0.7130208333333333,0.5049162418062637,0.1757742210436594,0.3419595434512374
"s07_dual_role_credit","Dual-Survival-Credit-AOP","LIRCMOP11","LIR-CMOP",100,50000,2,269102,"all",249,400,50000,0.3593043246703993,0.2388144336665813,0.4018812416630195,0.3593043246703995,0.2388144336665813,0.4018812416630195,0.2487168038022125,0.4126340595621812,0.3386491366356061,15144,16218,18438,2617,2414,3148,0.1728077126254622,0.1488469601677149,0.1707343529666992,0.568013734812467,0.3207547169811321,0.5110098709187547,0.8508521093887046,0.7339880860176738,0.820908836574709,0.8196291260392975,0.8480842417789326,0.8280460720176223,0.1729608938547486,0.1246635262449529,0.1917849290425745,0.1725863739102357,0.1628382324313802,0.1457542694497154,0.7185474860335196,0.5984185733512786,0.7314611233260044,0.3505004843396836,0.160112906365583,0.2494070208728653
"s07_dual_role_credit","Dual-Survival-Credit-AOP","LIRCMOP11","LIR-CMOP",100,50000,3,269103,"all",249,400,50000,0.3483514923164366,0.2679142944073424,0.383734213276221,0.3483514923164366,0.2679142944073425,0.3837342132762212,0.2259353986143124,0.4321902952637044,0.3418743061219827,14296,17440,18064,2067,2357,2827,0.1445858981533296,0.1351490825688073,0.1564991142604074,0.54252937884723,0.2980504587155963,0.4910318866253321,0.8436210706239408,0.7261448790686846,0.8166288867517514,0.8239086229929777,0.8556323732120046,0.8328235155841859,0.1484897394512336,0.1261423220973783,0.1745366977279866,0.1385627890430452,0.1407338597306085,0.1362621872430401,0.667512105141803,0.5745318352059925,0.6875719819914146,0.3496976165065813,0.1266140269391547,0.2705274286385528
"s07_dual_role_credit","Dual-Survival-Credit-AOP","LIRCMOP11","LIR-CMOP",100,50000,4,269104,"all",249,400,50000,0.3518387219022973,0.2731395350417722,0.3750217430559306,0.3518387219022971,0.2731395350417721,0.3750217430559306,0.1963174678640841,0.4661104669111133,0.3375720652248027,13658,18408,17734,1888,2501,2331,0.1382340020500805,0.1358648413733159,0.1314424269764295,0.5790745350710207,0.305193394176445,0.4697191834893425,0.8625318652965932,0.7255472637440482,0.8078032523412937,0.7870937525354369,0.8154079087405226,0.7943280486183024,0.1395507923839927,0.1107027344898559,0.1435617025838962,0.1358706773071414,0.1506117525417887,0.1179969073391222,0.6665146505529587,0.5638047633049104,0.6484400128658733,0.4221403724166155,0.1536274340858177,0.2714404662781016
"s07_dual_role_credit","Dual-Survival-Credit-AOP","LIRCMOP11","LIR-CMOP",100,50000,5,269105,"all",249,400,50000,0.3468708912658522,0.2611896357504014,0.3919394729837463,0.3468708912658527,0.2611896357504012,0.3919394729837462,0.2399854296214617,0.4125434890639052,0.347471081314633,14615,16776,18409,2361,2654,2929,0.1615463564830653,0.1582021936099189,0.1591069585528817,0.5779678412589805,0.3333929422985217,0.4926394698245423,0.8555438407939531,0.7488104783876383,0.8150857115223261,0.8160644804443159,0.8588888649508086,0.8315069654739554,0.1565720903300521,0.1211375864719447,0.1649590163934426,0.1687290969899665,0.1816765650861649,0.1525031795583305,0.7090909090909091,0.5906225980015373,0.7005122950819672,0.388628762541806,0.1704799922110797,0.2580645161290323
"s07_dual_role_credit","Dual-Survival-Credit-AOP","LIRCMOP12","LIR-CMOP",100,50000,1,269201,"all",249,400,50000,0.4558458939246378,0.2710499761696534,0.2731041299057087,0.4558458939246379,0.2710499761696533,0.2731041299057087,0.2693118999705806,0.448794128304468,0.2818939717249517,18058,17931,13811,3224,3121,2065,0.1785358289954591,0.1740561039540461,0.1495184997465788,0.5409236903311552,0.3120294462104735,0.4790384476142205,0.8286381684294326,0.726324020965416,0.8032678045272562,0.8424861195258941,0.8743986197982944,0.8549603090042125,0.1660500352360817,0.115521327014218,0.1290464979399647,0.1996719355800775,0.2094105018337955,0.1693513898788311,0.7375792811839323,0.6417357819905213,0.7288110653325486,0.2080226662690128,0.1128902406297522,0.2370634354953671
"s07_dual_role_credit","Dual-Survival-Credit-AOP","LIRCMOP12","LIR-CMOP",100,50000,2,269202,"all",249,400,50000,0.3280755070162558,0.3019098655106706,0.3700146274730737,0.3280755070162558,0.3019098655106703,0.3700146274730736,0.2511378131082015,0.4217564055055684,0.3271057813862305,14429,18016,17355,4381,5410,6474,0.3036246448125303,0.3002886323268206,0.3730337078651685,0.5694781343128422,0.4113010657193606,0.5619706136560069,0.8445065408744329,0.7859168255303867,0.8471052295826614,0.8512913096565812,0.8773556772777428,0.8649900306757937,0.3790362035225049,0.4195524773574854,0.5411241319444444,0.2050215896369743,0.2150742291587362,0.1827005774665192,0.8171477495107632,0.8012786361214704,0.8624131944444444,0.245642091795938,0.1326608298439284,0.2217717164270795
"s07_dual_role_credit","Dual-Survival-Credit-AOP","LIRCMOP12","LIR-CMOP",100,50000,3,269203,"all",249,400,50000,0.4844210575716968,0.2330849143031499,0.2824940281251532,0.4844210575716967,0.23308491430315,0.2824940281251528,0.2580760858243712,0.4379024266376016,0.304021487538027,18482,16707,14611,2697,2553,1929,0.1459257656097825,0.1528101993176513,0.1320238176716173,0.5521588572665296,0.3081343149578021,0.4977756484840189,0.8391862826591658,0.7347712880588495,0.8183169701322509,0.8395588055464561,0.8819278081234545,0.8511230034491972,0.1200232249502323,0.06847188685753708,0.08189043428895827,0.1945222533457828,0.1976349802915024,0.1787177792465301,0.7070338420703384,0.6362538806484995,0.7475163213170594,0.2615935262994086,0.1337427811898433,0.2651685393258427
"s07_dual_role_credit","Dual-Survival-Credit-AOP","LIRCMOP12","LIR-CMOP",100,50000,4,269204,"all",249,400,50000,0.4361879043148905,0.2598122993294883,0.3039997963556214,0.4361879043148905,0.2598122993294883,0.3039997963556212,0.2967184609077077,0.4388657659915643,0.2644157731007281,18237,17405,14158,2709,2810,1868,0.148544168448758,0.1614478598103993,0.1319395394829778,0.4889510336129846,0.2906636024130997,0.4886989687809012,0.8250772347606081,0.734936893596425,0.8259938934411285,0.859577100806002,0.8981068861478223,0.8687339059613677,0.1130250552689757,0.06476043276661515,0.08357538949036177,0.2007858013819266,0.2186556927297668,0.1875759416767922,0.6537398673544583,0.5540958268933539,0.6667546870874043,0.2465790543286817,0.1347965249199817,0.2838699878493317
"s07_dual_role_credit","Dual-Survival-Credit-AOP","LIRCMOP12","LIR-CMOP",100,50000,5,269205,"all",249,400,50000,0.4289853583034181,0.2628327296822202,0.3081819120143617,0.4289853583034183,0.2628327296822202,0.3081819120143616,0.2793477369219936,0.4394031127035042,0.2812491503745023,17638,17480,14682,2667,2637,2013,0.1512076199115546,0.1508581235697941,0.1371066612178177,0.442113618324073,0.2627574370709382,0.4409480997139354,0.812459505217168,0.7268366549913843,0.8105573369144842,0.85645705857251,0.889817519386745,0.8638990931096797,0.1283467515446546,0.07819433817903595,0.09891969282832228,0.1863139735480161,0.1942439470077661,0.1790255750821546,0.5978281220745179,0.509716908951798,0.6261876871013927,0.20299022426682,0.1153037916857012,0.237605372196028
"s07_dual_role_credit","Dual-Survival-Credit-AOP","LIRCMOP13","LIR-CMOP",100,50000,1,269301,"all",249,400,50000,0.4115920755290146,0.2300933617871198,0.3583145626838655,0.4115920755290147,0.2300933617871198,0.3583145626838658,0.4064314365113074,0.2458427920652362,0.3477257714234567,20378,11845,17577,4578,1498,3249,0.224654038669153,0.1264668636555509,0.1848438300051203,0.7360388654431249,0.6780075981426762,0.795642032201172,0.9105921798620726,0.9158791158392008,0.942735873540487,0.4621997485847462,0.4435239348676701,0.4484567145492124,0.203022915650902,0.1121201536849459,0.1733378181410472,0.2465672231551911,0.1398921392384377,0.1966966966966967,0.7820575329107752,0.7099196646873909,0.8320439511155959,0.6894201323718265,0.6481451217519203,0.7581427581427581
"s07_dual_role_credit","Dual-Survival-Credit-AOP","LIRCMOP13","LIR-CMOP",100,50000,2,269302,"all",249,400,50000,0.3983033045423429,0.2403953675754412,0.3613013278822159,0.3983033045423428,0.2403953675754412,0.3613013278822158,0.4090730233038059,0.2472611009070464,0.3436658757891479,20111,12144,17545,4374,1566,3149,0.2174929143254935,0.1289525691699605,0.1794813337133086,0.727810650887574,0.7049571805006588,0.8049586776859504,0.9075121779878877,0.9235812467840323,0.9405211907370921,0.4599143169367964,0.4427600422036845,0.4485083777659797,0.1934736630073522,0.1211159371867691,0.1712854757929883,0.2409153407974857,0.1365703150373498,0.1880841121495327,0.7795346963440427,0.7429001002338791,0.8459654980523094,0.6773718326458457,0.668074050016239,0.7619158878504673
"s07_dual_role_credit","Dual-Survival-Credit-AOP","LIRCMOP13","LIR-CMOP",100,50000,3,269303,"all",249,400,50000,0.4240799620915462,0.2220931029523981,0.3538269349560558,0.424079962091546,0.2220931029523982,0.3538269349560555,0.4061518541467748,0.2443090889718974,0.3495390568813279,20683,11603,17514,4669,1447,3201,0.2257409466711792,0.1247091269499267,0.1827680712572799,0.7302615674708698,0.683874859950013,0.78879753340185,0.9134383577898517,0.9146906310367841,0.9427870470123587,0.4599380771951754,0.4429581078468514,0.4466084890281842,0.2039174867524603,0.10917979359044,0.1716426382109207,0.2485417696490361,0.1388157894736842,0.1940264215967835,0.7877554882664648,0.7206228499004165,0.8272221591554092,0.6701927829955512,0.6504934210526315,0.7499138426191844
"s07_dual_role_credit","Dual-Survival-Credit-AOP","LIRCMOP13","LIR-CMOP",100,50000,4,269304,"all",249,400,50000,0.4274312863991301,0.2350131846918242,0.3375555289090457,0.4274312863991299,0.2350131846918243,0.3375555289090458,0.4060327596261054,0.2466427155518472,0.3473245248220472,20744,12010,17046,4757,1522,3088,0.2293193212495179,0.1267277268942548,0.181156869646838,0.7430100269957578,0.6947543713572023,0.8004810512730259,0.9151062431109487,0.927093402674867,0.943925355359851,0.4606443795101343,0.4411926376290366,0.44776437160981,0.2129699248120301,0.1160607612220515,0.1699797643137722,0.2465360253365004,0.1368883108437652,0.1920185078079815,0.7933270676691729,0.7228195937873357,0.8400190453517439,0.6900237529691211,0.6680214599252154,0.7620589936379411
"s07_dual_role_credit","Dual-Survival-Credit-AOP","LIRCMOP13","LIR-CMOP",100,50000,5,269305,"all",249,400,50000,0.426464105387979,0.225941897482243,0.3475939971297782,0.4264641053879791,0.2259418974822429,0.347593997129778,0.3937876978821947,0.2471915128173009,0.3590207893005042,20413,11793,17594,4545,1464,3190,0.2226522314211532,0.1241414398371916,0.1813118108446061,0.7509430265027188,0.7032137708810311,0.8159031488007276,0.9230759960984086,0.933348418919948,0.9535259109783989,0.4600541609588281,0.4422681773630306,0.4473458337672523,0.2057520037718057,0.1103815439219166,0.1617782909930716,0.2409257748776509,0.1367327054238389,0.2002462502798299,0.797925506836398,0.7474711623779947,0.8463048498845266,0.7001427406199021,0.6627151672620981,0.7864338482202821
"s07_dual_role_credit","Dual-Survival-Credit-AOP","LIRCMOP14","LIR-CMOP",100,50000,1,269401,"all",249,400,50000,0.4521341234388614,0.202391780045499,0.3454740965156395,0.4521341234388614,0.202391780045499,0.3454740965156395,0.4149797477990463,0.2397504213867039,0.3452698308142499,21599,10998,17203,4517,1154,2719,0.2091300523172369,0.104928168757956,0.1580538278207289,0.6159544423352933,0.533096926713948,0.6294832296692437,0.9174118128991396,0.9192019622242027,0.9410958813395052,0.4581305840606216,0.4439465650827933,0.4474200898050298,0.186329338659565,0.08487378254820115,0.1400511390051139,0.2339849041997291,0.1218367688955924,0.1760669845330853,0.6952507767421217,0.5478036175710594,0.6849139934913994,0.5295142248887169,0.5206971677559913,0.5740202349110362
"s07_dual_role_credit","Dual-Survival-Credit-AOP","LIRCMOP14","LIR-CMOP",100,50000,2,269402,"all",249,400,50000,0.4298978803075998,0.2122970102509788,0.3578051094414215,0.4298978803075993,0.2122970102509787,0.3578051094414216,0.4260961360084318,0.2515552820050473,0.3223485819865213,21316,11549,16935,4384,1242,2602,0.2056671045224245,0.1075417785089618,0.1536462946560378,0.61109026083693,0.519871850376656,0.6313551815766165,0.9129771320458925,0.9168457676356901,0.9386669461905293,0.4605150765792849,0.443581680319688,0.4495279901693508,0.1819286114744907,0.08740068104426787,0.1441876122082585,0.2296024119087997,0.1245409548139869,0.1641530599526362,0.6907120164455242,0.5312145289443814,0.6840215439856373,0.5308083663086489,0.510298578955772,0.5728530474884707
"s07_dual_role_credit","Dual-Survival-Credit-AOP","LIRCMOP14","LIR-CMOP",100,50000,3,269403,"all",249,400,50000,0.4372116572384019,0.2165985610493567,0.3461897817122414,0.4372116572384018,0.2165985610493569,0.3461897817122413,0.4308029684442639,0.238988214106207,0.330208817449529,21600,11358,16842,4585,1207,2561,0.2122685185185185,0.1062687092798028,0.1520603253770336,0.6268518518518519,0.5058989258672302,0.6193444959030994,0.916996816401477,0.9007785859163432,0.9359806849233019,0.4625458117717843,0.4442984316650685,0.4477573131228419,0.1853793103448276,0.09013511012400519,0.1383669682208304,0.2395337995337995,0.1209068010075567,0.1664233576642336,0.6985747126436782,0.5186007773459189,0.6701461377870563,0.5541258741258741,0.4943744752308984,0.5660583941605839
"s07_dual_role_credit","Dual-Survival-Credit-AOP","LIRCMOP14","LIR-CMOP",100,50000,4,269404,"all",249,400,50000,0.4286859359801762,0.2152079451266049,0.3561061188932189,0.4286859359801762,0.2152079451266048,0.3561061188932188,0.408538848643774,0.2458123592561468,0.3456487921000789,20838,11486,17476,4282,1218,2754,0.2054899702466647,0.1060421382552673,0.1575875486381323,0.6248680295613782,0.5225491903186488,0.6285763332570382,0.9110372656312828,0.9123527795968868,0.9424177978200738,0.4628623718078805,0.4442934558078171,0.4504153800795709,0.1820652173913044,0.08524529005782504,0.1427765873463404,0.2300806610269526,0.1242448979591837,0.1728423742594959,0.6950899550224887,0.5429957097556426,0.6765535130258261,0.551150895140665,0.5046530612244898,0.5791613427808108
"s07_dual_role_credit","Dual-Survival-Credit-AOP","LIRCMOP14","LIR-CMOP",100,50000,5,269405,"all",249,400,50000,0.4279977968320456,0.2158287802319667,0.3561734229359877,0.4279977968320456,0.2158287802319668,0.3561734229359876,0.4133133885087484,0.248338104409347,0.3383485070819051,20961,11541,17298,4391,1264,2791,0.2094842803301369,0.1095225717008925,0.1613481327321078,0.6305996851295262,0.5147734165150334,0.6363163371488033,0.9147570904175918,0.9228548430832099,0.9485315529867976,0.4604430839074661,0.4427148137383402,0.4485720672451443,0.1892703057587695,0.09284116331096197,0.1503267973856209,0.2304107194873289,0.1240084183260482,0.1729582146248813,0.703338960795348,0.5303877703206562,0.6864998873112463,0.5552966307408487,0.5012141816415736,0.5834520417853751
"s07_dual_role_credit","Dual-Survival-Credit-AOP","LIRCMOP1","LIR-CMOP",100,50000,1,268101,"all",249,400,50000,0.4583378201470599,0.2974921686071357,0.2441700112458044,0.4583378201470597,0.2974921686071358,0.2441700112458044,0.2129540679349241,0.4971853619104395,0.2898605701546363,16721,19785,13294,1493,2116,1082,0.08928891812690629,0.1069497093757897,0.08139010079735219,0.0359428263859817,0.01268637856962345,0.004362870467880246,0.8250291042270378,0.770248514408479,0.7470603168675849,0.6651224564210558,0.7395547249379586,0.6944186978496169,0.06829524560021014,0.03861212366680167,0.05797101449275362,0.1345283018867925,0.1478429471643238,0.1010800332317918,0.05262236231503371,0.03388686377750776,0.009552042160737812,0,0,0
"s07_dual_role_credit","Dual-Survival-Credit-AOP","LIRCMOP1","LIR-CMOP",100,50000,2,268102,"all",249,400,50000,0.4790471303329287,0.2764175158596039,0.2445353538074673,0.4790471303329286,0.2764175158596039,0.2445353538074674,0.221324989675681,0.4907825592088193,0.2878924511154997,17444,19105,13251,1486,1991,967,0.08518688374226095,0.1042135566605601,0.07297562448117123,0.02522357257509746,0.01104422925935619,0.005056222171911554,0.8196384960499552,0.7654629041831067,0.7382742434793981,0.6681787571571096,0.7446466804111566,0.6925279474424492,0.0682979971507584,0.03429235687300203,0.04650780608052588,0.1217564870259481,0.1435817720690502,0.09545073960368407,0.03687253833905975,0.03065969195001453,0.01068200493015612,0,0,0.0002790957298353335
"s07_dual_role_credit","Dual-Survival-Credit-AOP","LIRCMOP1","LIR-CMOP",100,50000,3,268103,"all",249,400,50000,0.4733033875406209,0.2787101299946073,0.2479864824647719,0.4733033875406208,0.2787101299946072,0.2479864824647717,0.2164704095528434,0.4979440942306623,0.2855854962164945,17180,19331,13289,1452,1823,992,0.08451688009313155,0.09430448502405463,0.07464820528256452,0.03015133876600698,0.009001086338006311,0.005117014071788698,0.8318968298473428,0.7786453890672342,0.7595244783637115,0.6537209711929837,0.7396645821410143,0.6852523021712476,0.06534283774609641,0.03541096876349503,0.05462797860269088,0.1263899184581171,0.1273417312661499,0.09199438202247191,0.04395790902919212,0.02490283575644163,0.0110228562165667,0,8.074935400516796e-05,0
"s07_dual_role_credit","Dual-Survival-Credit-AOP","LIRCMOP1","LIR-CMOP",100,50000,4,268104,"all",249,400,50000,0.5225268663239163,0.2418766636607207,0.235596470015363,0.5225268663239162,0.2418766636607208,0.235596470015363,0.2178689094073395,0.5022694422889996,0.2798616483036612,18442,18540,12818,1582,2145,987,0.08578245309619348,0.1156957928802589,0.07700109221407396,0.03633011603947511,0.01154261057173678,0.006553284443750976,0.81700179763988,0.7418879792737821,0.7278057250623089,0.6477698300524593,0.7432395314072491,0.6830323232109372,0.07390335714834448,0.03385330235645536,0.05685504524500597,0.1142857142857143,0.1551062809653188,0.09395201838816263,0.05147115310747484,0.03551277796216395,0.01434181321495646,0,0,0
"s07_dual_role_credit","Dual-Survival-Credit-AOP","LIRCMOP1","LIR-CMOP",100,50000,5,268105,"all",249,400,50000,0.5170858776558773,0.2555902417998758,0.2273238805442468,0.5170858776558773,0.2555902417998759,0.2273238805442469,0.2557688249493862,0.4625073324494109,0.2817238426012031,19240,17884,12676,1966,1772,947,0.1021829521829522,0.09908297919928427,0.07470810981382139,0.03918918918918919,0.01671885484231716,0.008046702429788577,0.8596981417279412,0.7674801068475784,0.7589751805099401,0.6846296839809063,0.7403336934258505,0.6892617098614152,0.07516111499340011,0.04040880503144654,0.04645822292881117,0.1568935701933658,0.131464769177369,0.09750534568781183,0.05854491808370215,0.0470125786163522,0.01801801801801802,0,0,0
"s07_dual_role_credit","Dual-Survival-Credit-AOP","LIRCMOP2","LIR-CMOP",100,50000,1,268201,"all",249,400,50000,0.5168701844176017,0.2465284196539531,0.2366013959284452,0.5168701844176019,0.2465284196539532,0.2366013959284452,0.1728188196058864,0.5184843434774661,0.3086968369166475,17182,19048,13570,1596,2679,1226,0.0928879059480852,0.1406446871062579,0.09034635224760501,0.0286928180654173,0.007822343553128937,0.003168754605747974,0.89995463175979,0.7472307346751532,0.7720650847471845,0.6733293221104705,0.7657746107192497,0.7020530380232197,0.06066490601211744,0.02930164414781052,0.03994560598334183,0.1891829155060353,0.1936458736923673,0.128918954078314,0.03829423644554917,0.02425524987790982,0.007139214686384497,0,0,0.0001300897619357356
"s07_dual_role_credit","Dual-Survival-Credit-AOP","LIRCMOP2","LIR-CMOP",100,50000,2,268202,"all",249,400,50000,0.4982539797034719,0.2946569050303312,0.207089115266197,0.4982539797034722,0.2946569050303312,0.2070891152661972,0.1702606563277552,0.5267333003240371,0.3030060433482073,16650,20445,12705,1505,2566,1048,0.09039039039039039,0.1255074590364392,0.08248720975993704,0.02858858858858859,0.01041819515774028,0.00291223927587564,0.8916900951839257,0.7417982380618444,0.7501518147230136,0.6773735029329017,0.7647163173398561,0.7093404736865767,0.06325543916196616,0.03110504774897681,0.04031007751937984,0.169811320754717,0.1782691574532977,0.1113320079522863,0.03835616438356165,0.02905866302864939,0.006976744186046512,0,0,0.0001325381047051027
"s07_dual_role_credit","Dual-Survival-Credit-AOP","LIRCMOP2","LIR-CMOP",100,50000,3,268203,"all",249,400,50000,0.4694068576655146,0.2769640679459915,0.2536290743884939,0.4694068576655146,0.2769640679459916,0.2536290743884937,0.1409643687142209,0.5446050856286542,0.314430545657125,15195,20464,14141,1368,2840,1181,0.09002961500493584,0.1387802971071149,0.08351601725479103,0.04619940769990128,0.02027951524628616,0.01032458807722226,0.8771341148855117,0.7318417867510102,0.748893629262195,0.6648749529492196,0.7685449545898339,0.7016699342234775,0.07654109589041096,0.04086364295029705,0.04257002690299098,0.134850640113798,0.1886013418860134,0.1165942214267451,0.0601027397260274,0.06013621214316766,0.02310492166482038,0,0,0
"s07_dual_role_credit","Dual-Survival-Credit-AOP","LIRCMOP2","LIR-CMOP",100,50000,4,268204,"all",249,400,50000,0.4663026903096223,0.2962128792282298,0.237484430462148,0.4663026903096223,0.2962128792282296,0.2374844304621481,0.1886795647017621,0.5178635683413807,0.2934568669568571,16306,20266,13228,1634,2723,1046,0.1002085122040967,0.1343629724661995,0.0790746900514061,0.02673862381945296,0.01110233889272673,0.00491381917145449,0.8852095707352923,0.7463130447901795,0.7692870378850314,0.685835949217947,0.7544660526124628,0.6984777297685224,0.06201016277667729,0.02848616386326642,0.03464593544025689,0.1946751863684771,0.1948968512486428,0.1150321433456435,0.03755059857032125,0.03052088985349973,0.01014027378739226,0,0,0.000683900971139379
"s07_dual_role_credit","Dual-Survival-Credit-AOP","LIRCMOP2","LIR-CMOP",100,50000,5,268205,"all",249,400,50000,0.4848852320684108,0.3101007091195306,0.2050140588120586,0.4848852320684107,0.3101007091195305,0.2050140588120585,0.2158179868979263,0.4793646857300474,0.3048173273720267,17458,19652,12690,2072,2315,1106,0.1186848436246993,0.117799715041726,0.08715524034672971,0.02560430748081109,0.01419702829228577,0.004018912529550827,0.8867519033334306,0.7528716695645342,0.7660625588254171,0.6859003174228008,0.7402756063328246,0.7007965842117561,0.06498344370860927,0.03201140487299119,0.03879310344827586,0.2393082930457419,0.1732573726541555,0.1196941734774585,0.0369205298013245,0.03615863141524106,0.009404388714733543,0.0001859427296392711,0,0.0003954653308726602
"s07_dual_role_credit","Dual-Survival-Credit-AOP","LIRCMOP3","LIR-CMOP",100,50000,1,268301,"all",249,400,50000,0.5319439803342049,0.2674738787911378,0.2005821408746574,0.5319439803342045,0.2674738787911378,0.2005821408746573,0.1350454741111773,0.5642383337651864,0.3007161921236363,16609,20699,12492,1584,2916,989,0.09536998013125414,0.140876370839171,0.07917066922830611,0.06014811246914323,0.0192279820281173,0.01144732628882485,0.8673207422164418,0.6248401823545477,0.651955206600923,0.6840328121087261,0.7541701140062022,0.7036477796211246,0.08605722050275534,0.03742110009017133,0.04280856171234247,0.132064247471743,0.1898896404414382,0.1034298678766849,0.07541330112478296,0.0598136459272618,0.02860572114422884,0,0,0
"s07_dual_role_credit","Dual-Survival-Credit-AOP","LIRCMOP3","LIR-CMOP",100,50000,2,268302,"all",249,400,50000,0.5001711971326523,0.2764593901866524,0.2233694126806954,0.5001711971326523,0.2764593901866522,0.2233694126806954,0.1841964710386103,0.5267961340740808,0.2890073948873092,17031,20004,12765,1774,2741,1031,0.1041629968880277,0.1370225954809038,0.08076772424598512,0.03470142680993483,0.01824635072985403,0.008852330591461026,0.8374431936184678,0.6030106293802051,0.6573499704668436,0.6605083858107688,0.7291239657538815,0.676305847291933,0.0766388174807198,0.03326554328878559,0.03789511494252874,0.1789221034257037,0.1914634146341463,0.1139363623732111,0.04747750642673522,0.05302149912841371,0.02029454022988506,0,0,0
"s07_dual_role_credit","Dual-Survival-Credit-AOP","LIRCMOP3","LIR-CMOP",100,50000,3,268303,"all",249,400,50000,0.5084183201532082,0.2709289141353797,0.2206527657114121,0.5084183201532085,0.2709289141353796,0.220652765711412,0.1357353202812777,0.5559599244998679,0.3083047552188543,16053,20587,13160,1329,2755,1075,0.08278826387591104,0.1338223150531889,0.08168693009118541,0.03768765962748396,0.01364939039199495,0.004939209726443769,0.853818461523666,0.5608302733878727,0.6236424260021964,0.6630314615914799,0.741582095017982,0.6892723917309118,0.07072939690558888,0.02787249814677539,0.04246400583196647,0.127917282127031,0.1854500794682849,0.10973543594422,0.04775813072308178,0.04166048925129726,0.01184618188445417,0,0,0
"s07_dual_role_credit","Dual-Survival-Credit-AOP","LIRCMOP3","LIR-CMOP",100,50000,4,268304,"all",249,400,50000,0.4907979861574194,0.2825078748898855,0.2266941389526952,0.4907979861574192,0.2825078748898855,0.2266941389526951,0.161766180682944,0.5381020611164435,0.3001317582006126,16269,20427,13104,1749,2859,1126,0.1075050709939148,0.1399618152445293,0.08592796092796093,0.04271928207019485,0.0210016155088853,0.008547008547008548,0.8268059397849641,0.5846424323950374,0.6303501259178399,0.6621940275201474,0.7342311659681833,0.680794336313014,0.08416489448715851,0.03682115439294854,0.04308510638297872,0.1780855800148405,0.1941312625998656,0.1183011789924973,0.05676427286111566,0.06098947967017344,0.0198581560283688,0.0002473410833539451,0,0
"s07_dual_role_credit","Dual-Survival-Credit-AOP","LIRCMOP3","LIR-CMOP",100,50000,5,268305,"all",249,400,50000,0.4717305955188696,0.2798455362848962,0.248423868196234,0.4717305955188698,0.2798455362848962,0.2484238681962342,0.1652057661137654,0.5390218759744324,0.2957723579118025,15859,20382,13559,1721,2797,1193,0.1085188221199319,0.1372289274850358,0.08798583966369201,0.05529982974966896,0.0275733490334609,0.01947046242348256,0.8431741421603827,0.5742942285676282,0.6547377886446362,0.6704972818836158,0.7430938653112531,0.6863388777166257,0.08479482376979397,0.0384781048097631,0.05380513814832768,0.1762703622659859,0.1884922113736305,0.1166892808683853,0.07466371530733867,0.08068916008614502,0.04265632573921473,0,0,0
"s07_dual_role_credit","Dual-Survival-Credit-AOP","LIRCMOP4","LIR-CMOP",100,50000,1,268401,"all",249,400,50000,0.5070427281606876,0.2496269410140653,0.243330330825247,0.5070427281606874,0.2496269410140654,0.2433303308252469,0.1924998107213443,0.4938555309235165,0.3136446583551394,17423,18522,13855,2042,2486,1277,0.1172014004476841,0.1342187668718281,0.09216889209671598,0.05016357688113413,0.01932836626714178,0.01385781306387586,0.8511486342780774,0.616826931023246,0.6728053690300566,0.6676628019974635,0.7676238276985247,0.7039172348961786,0.08419135118010454,0.03569705740472745,0.05070189925681255,0.2040858870127163,0.1840201576851175,0.1243589743589744,0.06922223982258831,0.05756552500401994,0.03170933113129645,0,0,0
"s07_dual_role_credit","Dual-Survival-Credit-AOP","LIRCMOP4","LIR-CMOP",100,50000,2,268402,"all",249,400,50000,0.5168528832087504,0.2639839453009749,0.2191631714902746,0.5168528832087504,0.2639839453009748,0.2191631714902745,0.1981231604667152,0.4974682343541394,0.3044086051791453,17804,18968,13028,2051,2525,1174,0.1151988317232083,0.1331189371573176,0.09011360147374885,0.043529543922714,0.02045550400674821,0.008903899293828677,0.8316617903085382,0.5729434593596506,0.6417449252030371,0.6714963830848318,0.7629557047096124,0.7038734480869302,0.08203853325046613,0.03330798479087452,0.04566293783238584,0.2017437145174371,0.1860727830226741,0.1221122112211221,0.06020820385332504,0.05901140684410646,0.02127269392994682,0,0,0
"s07_dual_role_credit","Dual-Survival-Credit-AOP","LIRCMOP4","LIR-CMOP",100,50000,3,268403,"all",249,400,50000,0.4833302430326435,0.2799704289148164,0.2366993280525401,0.4833302430326433,0.2799704289148163,0.2366993280525401,0.1702003890398222,0.5236661279618777,0.3061334829983001,16268,20012,13520,1715,2774,1225,0.105421686746988,0.1386168299020588,0.09060650887573965,0.04684042291615442,0.02038776733959624,0.0143491124260355,0.8435285905509511,0.5800029249550422,0.6524635645299859,0.6608445072805859,0.7666924620327921,0.7046029589269938,0.0799667497921862,0.03782234957020057,0.05076400679117148,0.1776781500707881,0.1926028238182934,0.1213630406290957,0.06334164588528678,0.05845272206303725,0.03259762308998302,0,0,0.0002621231979030144
"s07_dual_role_credit","Dual-Survival-Credit-AOP","LIRCMOP4","LIR-CMOP",100,50000,4,268404,"all",249,400,50000,0.4348722766890894,0.2724128121922607,0.29271491111865,0.4348722766890892,0.2724128121922608,0.29271491111865,0.1520527865422454,0.5429209958192521,0.3050262176385026,14625,20297,14878,1425,2838,1247,0.09743589743589744,0.139823619254077,0.0838150289017341,0.06133333333333333,0.02399369364930778,0.03071649415243984,0.8375961674645286,0.5949546519537979,0.6697384143547318,0.6765672127505586,0.7810289578111956,0.7107286872959494,0.08060941828254847,0.03626179245283019,0.05023332418336536,0.1454545454545454,0.1918152889809813,0.1160432033719705,0.08282548476454293,0.07178655660377359,0.06272303046939336,0,0,0
"s07_dual_role_credit","Dual-Survival-Credit-AOP","LIRCMOP4","LIR-CMOP",100,50000,5,268405,"all",249,400,50000,0.4999049753385194,0.2461339778291898,0.2539610468322909,0.4999049753385194,0.2461339778291898,0.253961046832291,0.1574531173603812,0.5269764378025683,0.3155704448370508,16365,19252,14183,1615,2608,1178,0.09868622059272839,0.1354664450446707,0.08305718113234153,0.04754048273754965,0.01360897569083732,0.01325530564760629,0.8487116421691381,0.5827472503478911,0.6577721642204831,0.6511018104350854,0.7711106767059664,0.7002651554931313,0.07448176120842037,0.0299918500407498,0.04510207311283431,0.1755549885174789,0.1847983532820004,0.1135554425228891,0.06242969628796401,0.04270578647106765,0.02975154296565912,0.0002551671344730799,0,0
"s07_dual_role_credit","Dual-Survival-Credit-AOP","LIRCMOP5","LIR-CMOP",100,50000,1,268501,"all",249,400,50000,0.2919928732339127,0.402340806681613,0.3056663200844743,0.2919928732339127,0.402340806681613,0.305666320084474,0.2740245330732136,0.4036202171069521,0.3223552498198343,14096,20064,15640,2456,1939,1689,0.1742338251986379,0.09664074960127592,0.1079923273657289,0.4228149829738933,0.6286881977671451,0.5538363171355499,0.9764605636122919,0.990534350989423,0.9829024460892333,0.7532317167815078,0.8594776407634934,0.7895669116153782,0.1256530107231235,0.09115415335463259,0.0961892247043364,0.2260334212840809,0.102109872611465,0.1191780821917808,0.4682430574649437,0.6657348242811502,0.5972404730617609,0.3743770155379654,0.5917595541401274,0.5127023661270237
"s07_dual_role_credit","Dual-Survival-Credit-AOP","LIRCMOP5","LIR-CMOP",100,50000,2,268502,"all",249,400,50000,0.2907119680695722,0.3579760505204082,0.3513119814100196,0.2907119680695722,0.3579760505204079,0.3513119814100195,0.3010725475272939,0.3633236844549307,0.3356037680177756,14733,17967,17100,2400,1794,1732,0.1628996131134189,0.09984972449490732,0.1012865497076023,0.3420213126993824,0.5942561362497912,0.4632163742690059,0.9696976480210692,0.987930030840741,0.9776682392626024,0.7295214341618586,0.8395447924313434,0.7649102888863532,0.106812215006218,0.09498710328585848,0.08449576949462612,0.2170490928495197,0.1046408839779006,0.1188652142686138,0.3954677352494128,0.6441628350342044,0.5012577178138578,0.2904215581643543,0.5450828729281768,0.4233899928178118
"s07_dual_role_credit","Dual-Survival-Credit-AOP","LIRCMOP5","LIR-CMOP",100,50000,3,268503,"all",249,400,50000,0.2948838025047332,0.4010497271389646,0.3040664703563022,0.2948838025047332,0.4010497271389646,0.3040664703563024,0.2835640433182113,0.4105922877296631,0.3058436689521257,14399,20218,15183,2221,1841,1366,0.1542468226960206,0.09105747353843111,0.0899690443258908,0.3684283630807695,0.5534672074389159,0.461107817954291,0.9693079415310516,0.9851542621818058,0.9758540614006737,0.7394521531038611,0.8698195065785506,0.778720263678834,0.1036643509058711,0.0883059671605927,0.07211728965790516,0.2068574667044489,0.09374389051808407,0.1077246452968996,0.4169731644190165,0.6062274729675611,0.4918768986923788,0.3179370926608104,0.5019550342130987,0.4305044666316343
"s07_dual_role_credit","Dual-Survival-Credit-AOP","LIRCMOP5","LIR-CMOP",100,50000,4,268504,"all",249,400,50000,0.2828523107202985,0.3648975990273245,0.352250090252377,0.2828523107202985,0.3648975990273247,0.3522500902523769,0.2672451104018438,0.4168932127050725,0.3158616768930841,13701,19453,16646,2509,2109,1930,0.1831253193197577,0.1084151544748882,0.1159437702751412,0.5489380337201664,0.7523261193646225,0.6713324522407785,0.9805419924869981,0.9928428983752731,0.9862062994594561,0.7614119510982457,0.8532211999258646,0.8018196974091866,0.1350929473534838,0.09768722466960353,0.1085147611991337,0.2339945897204689,0.1178058420900415,0.1242220246411787,0.5808145310061019,0.7671806167400881,0.6932634218625328,0.5151788397956116,0.7393232430348019,0.6468944493839706
"s07_dual_role_credit","Dual-Survival-Credit-AOP","LIRCMOP5","LIR-CMOP",100,50000,5,268505,"all",249,400,50000,0.3299253457956507,0.3468647019719321,0.3232099522324171,0.3299253457956507,0.346864701971932,0.3232099522324169,0.317768788311837,0.3773668155552873,0.3048643961328757,16117,18036,15647,2389,1829,1415,0.1482285785195756,0.101408294522067,0.09043267079951428,0.3196624682012781,0.4595253936571302,0.3940691506359046,0.9677509932433868,0.9799190055023148,0.9731221519735006,0.7235838875638586,0.8350651205021764,0.7575703638578739,0.09948855333658062,0.09659485753995831,0.07797367767568909,0.1988614800759013,0.1058285471176345,0.1036480969313842,0.3606916707257672,0.5621959694232106,0.459274894462379,0.2770398481973435,0.3652414379919166,0.3249045173185829
"s07_dual_role_credit","Dual-Survival-Credit-AOP","LIRCMOP6","LIR-CMOP",100,50000,1,268601,"all",249,400,50000,0.3196958885210584,0.3836074250088206,0.2966966864701212,0.3196958885210581,0.3836074250088204,0.2966966864701213,0.2849282374063003,0.4208572649292474,0.2942144976644525,15067,20027,14706,1537,1970,1165,0.102011017455366,0.09836720427422979,0.07921936624507003,0.7140107519745138,0.5768212912568034,0.6603427172582619,0.9857850181767082,0.980091982056492,0.9832328028673267,0.7476425731163203,0.8623729339115448,0.7878565449717753,0.07807204719467804,0.07741462392625183,0.06565588195478543,0.1288732394366197,0.1174506249403683,0.09290886733160268,0.7195933224551274,0.5990990990990991,0.6625152294571545,0.7077464788732394,0.5565308653754413,0.6581500204946031
"s07_dual_role_credit","Dual-Survival-Credit-AOP","LIRCMOP6","LIR-CMOP",100,50000,2,268602,"all",249,400,50000,0.3554075233015459,0.3420421207607979,0.3025503559376563,0.3554075233015457,0.3420421207607976,0.3025503559376563,0.3166752031817994,0.3933850339026708,0.2899397629155299,16734,18311,14755,1896,1525,1117,0.1133022588741484,0.08328327234995359,0.07570315147407658,0.5817497310864109,0.4532794495112228,0.5585225347339885,0.9792522908538188,0.9732943481057973,0.9779541844144879,0.738218110393813,0.8514535978129778,0.7714433626151905,0.0805376708460409,0.05881662362056821,0.05711249833975295,0.1501078543332064,0.1045644848361074,0.09507334624965402,0.6119959335818367,0.5309931908898803,0.5784300703944747,0.547773125237914,0.3856836515878689,0.5377802380293385
"s07_dual_role_credit","Dual-Survival-Credit-AOP","LIRCMOP6","LIR-CMOP",100,50000,3,268603,"all",249,400,50000,0.3041400302584093,0.41050848743583,0.2853514823057608,0.3041400302584094,0.4105084874358301,0.285351482305761,0.2696617221589798,0.4472895003761641,0.2830487774648559,14279,21365,14156,1367,2484,1154,0.09573499544786049,0.1162649192604727,0.0815202034473015,0.7049513271237482,0.6196115141586708,0.6808420457756429,0.9848592483492904,0.9825888900668374,0.9842290975332674,0.7724930492849503,0.8759268221275179,0.8185006315568814,0.07697385793504093,0.09433040078201368,0.06482525366403608,0.1169276659209545,0.1364167040862146,0.09830028328611898,0.7226036440454185,0.6533724340175953,0.6855975197294251,0.6850111856823267,0.5885945217781769,0.6760623229461756
"s07_dual_role_credit","Dual-Survival-Credit-AOP","LIRCMOP6","LIR-CMOP",100,50000,4,268604,"all",249,400,50000,0.2794462611361422,0.4149625431101541,0.3055911957537038,0.2794462611361422,0.414962543110154,0.3055911957537039,0.2900249913427019,0.4187668601446333,0.2912081485126649,14180,20757,14863,1742,2045,1296,0.1228490832157969,0.09852098087392205,0.08719639372939514,0.4819464033850493,0.7248639013344895,0.5949673686335195,0.9728501032094039,0.9891936949858455,0.9799754325189775,0.718611162447267,0.812925882719833,0.7483029462893761,0.08559528938675857,0.09090909090909091,0.07741850683491062,0.1587917417209367,0.1060606060606061,0.09745003445899379,0.5094068648571018,0.7358892438764644,0.6100157728706624,0.4554524040460025,0.7139432297660145,0.5791867677463818
"s07_dual_role_credit","Dual-Survival-Credit-AOP","LIRCMOP6","LIR-CMOP",100,50000,5,268605,"all",249,400,50000,0.3520115069748974,0.3353763580370483,0.3126121349880543,0.3520115069748972,0.3353763580370482,0.3126121349880542,0.2715880439686478,0.4372988406547001,0.2911131153766523,15529,19238,15033,1648,2024,1229,0.1061240260158413,0.1052084416259486,0.08175347568682233,0.6593470281408976,0.516997608899054,0.6179737909931484,0.9829649538308189,0.9764702460844275,0.9810777671953568,0.7666963662651032,0.8478692718028519,0.7911312190300883,0.07864144062001367,0.06074038576734156,0.05707674508291554,0.141820873427091,0.1392893214580846,0.1082161566032534,0.6471392751310691,0.5044926320833832,0.6047049749325106,0.6752035529237602,0.5265815811220274,0.6322029225255031
"s07_dual_role_credit","Dual-Survival-Credit-AOP","LIRCMOP7","LIR-CMOP",100,50000,1,268701,"all",249,400,50000,0.4478332518471885,0.2407763427213454,0.3113904054314661,0.4478332518471883,0.2407763427213452,0.3113904054314659,0.3796191310622494,0.3111157065047532,0.3092651624329975,20609,13736,15455,2567,1161,1405,0.1245572322771605,0.08452242283051835,0.09090909090909091,0.3752729390072299,0.2847990681421083,0.3826593335490133,0.9716866848798738,0.9629202128235557,0.9699366590387968,0.746280444052283,0.7875677106501695,0.7381783352307529,0.07200502152080344,0.0302019022192558,0.05286911669890394,0.1865284974093264,0.1265659305178871,0.1292207792207792,0.3963414634146342,0.2656432504588687,0.3476466795615732,0.3504282542032357,0.299625468164794,0.4179220779220779
"s07_dual_role_credit","Dual-Survival-Credit-AOP","LIRCMOP7","LIR-CMOP",100,50000,2,268702,"all",249,400,50000,0.430655388240725,0.2470573916564538,0.3222872201028212,0.4306553882407251,0.2470573916564537,0.3222872201028208,0.4024631024924648,0.2862850872409924,0.3112518102665429,20752,13275,15773,2632,865,1350,0.1268311488049345,0.06516007532956686,0.08558929816775503,0.327920200462606,0.2455743879472693,0.3317694794902682,0.9688563142826512,0.9599399723067475,0.9671157943873681,0.741033082648078,0.75781638101716,0.7274767176603326,0.06967213114754098,0.02731707317073171,0.04829049163963064,0.1880990415335463,0.09782456140350877,0.1241139322077587,0.3549739195230999,0.24,0.3234339905165959,0.2989217252396166,0.2503859649122807,0.3403789148086094
"s07_dual_role_credit","Dual-Survival-Credit-AOP","LIRCMOP7","LIR-CMOP",100,50000,3,268703,"all",249,400,50000,0.3980340184670002,0.2933282415416141,0.3086377399913858,0.3980340184670003,0.2933282415416142,0.3086377399913856,0.3352983672970688,0.3987138658448897,0.2659877668580416,18268,17227,14305,2062,1620,1090,0.1128749726297351,0.09403842804899286,0.07619713386927647,0.5697394350777315,0.3510767980495734,0.5247116392869626,0.9794982195962363,0.9642314446438238,0.9759596278155016,0.7581141397225002,0.8509553653276889,0.7800227658517601,0.07243744955609363,0.03326944140197152,0.0476314419573139,0.160842508377214,0.1387685175854076,0.1093490409303731,0.5456012913640033,0.311473165388828,0.4519781363872983,0.5983724269985639,0.3802277537035171,0.6091224890499924
"s07_dual_role_credit","Dual-Survival-Credit-AOP","LIRCMOP7","LIR-CMOP",100,50000,4,268704,"all",249,400,50000,0.4100441272422499,0.2558185870708345,0.3341372856869156,0.4100441272422499,0.2558185870708346,0.3341372856869155,0.39778292301864,0.3101995830632966,0.2920174939180631,20124,14089,15587,2396,888,1192,0.1190618167362353,0.06302789410178153,0.07647398473086546,0.2571556350626118,0.1673646106891901,0.2658625777891833,0.962449729541096,0.9525221673150951,0.9621183721878946,0.7240650717116701,0.7567431317685216,0.7095982292093747,0.06470242756460454,0.02576995600251414,0.04711538461538461,0.175111021396851,0.09372168284789643,0.1100866932709509,0.3065779169929522,0.215901948460088,0.3015625,0.2061970125151393,0.127378640776699,0.2249896793725059
"s07_dual_role_credit","Dual-Survival-Credit-AOP","LIRCMOP7","LIR-CMOP",100,50000,5,268705,"all",249,400,50000,0.3738667040197864,0.336191795989957,0.2899414999902567,0.3738667040197863,0.3361917959899569,0.2899414999902565,0.3302543227893671,0.4060213029057548,0.2637243743048787,17536,18473,13791,1792,1654,975,0.1021897810218978,0.08953607968386293,0.07069828148792691,0.5900433394160584,0.307475775456071,0.516641287796389,0.9791473199097143,0.9623374169734913,0.9748895508312562,0.7870690248145027,0.8763442017268677,0.8112510545563558,0.06721786749704714,0.04397705544933078,0.04737498268458235,0.1417973975434756,0.1272637308263236,0.09631771150334753,0.6031354021260603,0.331859464627151,0.4978528882116637,0.5752158579593822,0.2872835230084117,0.5372793670115642
"s07_dual_role_credit","Dual-Survival-Credit-AOP","LIRCMOP8","LIR-CMOP",100,50000,1,268801,"all",249,400,50000,0.3872837340930784,0.3123494938946693,0.3003667720122524,0.3872837340930787,0.3123494938946692,0.3003667720122523,0.3694744755187763,0.3711064938188351,0.2594190306623884,18850,17011,13939,1975,1264,952,0.1047745358090186,0.07430486156016695,0.06829758232297869,0.5238726790450928,0.3052730586091353,0.4615826099433245,0.9761693114053904,0.9667978106703105,0.9733666819336037,0.7415626887719163,0.8347128447272254,0.7673514106057159,0.07019908751555372,0.03770913770913771,0.04608602725086829,0.1409950032587443,0.1050752083107889,0.09406477607314427,0.5132725010369141,0.3274131274131274,0.4218541277050494,0.5349771887899196,0.2866572881722757,0.5076708507670851
"s07_dual_role_credit","Dual-Survival-Credit-AOP","LIRCMOP8","LIR-CMOP",100,50000,2,268802,"all",249,400,50000,0.4055482358035123,0.2561672335721358,0.3382845306243517,0.4055482358035128,0.2561672335721359,0.3382845306243517,0.375402399698622,0.3605988622895189,0.2639987380118595,19444,15358,14998,2337,1239,1100,0.1201913186587122,0.08067456700091158,0.07334311241498867,0.4803538366591236,0.3152754264878239,0.4496599546606214,0.9748622402595141,0.9671386526650668,0.9735588885360591,0.7513709297685501,0.8235540282594811,0.7697838529479955,0.08035271970672743,0.0305594734367654,0.04996439591739853,0.1631911025558764,0.1162972039656901,0.1033171028606208,0.4619042901020509,0.2994828396803009,0.3973415618324235,0.5002673510854454,0.3265010582599978,0.516737674984784
"s07_dual_role_credit","Dual-Survival-Credit-AOP","LIRCMOP8","LIR-CMOP",100,50000,3,268803,"all",249,400,50000,0.4317719480674162,0.2880019842523744,0.2802260676802095,0.4317719480674159,0.2880019842523744,0.2802260676802095,0.3192891183500872,0.4007786883185647,0.2799321933313481,18694,17148,13958,1818,1518,1009,0.09725045469134481,0.08852344296710987,0.07228829345178392,0.6108377019364502,0.3882085374387684,0.5483593638057028,0.9814883481930715,0.9696874286923484,0.9777170847179663,0.742951045634063,0.824737102532509,0.7665559157889639,0.07172093023255814,0.04115513392857143,0.048696648524778,0.131797583081571,0.1225450901803607,0.09590022935779817,0.6014883720930233,0.3899274553571428,0.5176167287310226,0.6234894259818731,0.3869739478957916,0.5791284403669725
"s07_dual_role_credit","Dual-Survival-Credit-AOP","LIRCMOP8","LIR-CMOP",100,50000,4,268804,"all",249,400,50000,0.4025082493653652,0.2683206455030461,0.3291711051315886,0.4025082493653654,0.2683206455030461,0.3291711051315885,0.3722260466410443,0.3467821992078604,0.2809917541510952,19298,15313,15189,2352,1158,1232,0.1218779148098248,0.07562202050545289,0.08111133056817434,0.3444916571665457,0.2032260171096454,0.3183883073276713,0.9691593803190142,0.9626216884846402,0.9681604000236804,0.7484160592540444,0.8197449800485959,0.7556983252165123,0.07268195413758724,0.02813950007483909,0.05177677372084503,0.1751186879585671,0.1123725671918443,0.1154285714285714,0.3795613160518445,0.2605897320760365,0.3433874709976798,0.3065386275356064,0.1588276181649676,0.2891428571428571
"s07_dual_role_credit","Dual-Survival-Credit-AOP","LIRCMOP8","LIR-CMOP",100,50000,5,268805,"all",249,400,50000,0.4276349616500748,0.2654356900164734,0.3069293483334519,0.4276349616500749,0.2654356900164734,0.3069293483334518,0.4265531566941184,0.2989151791752384,0.2745316641306434,21270,14044,14486,2675,890,1050,0.1257639868359191,0.06337225861577898,0.07248377744028717,0.3960977903149976,0.2870976929649672,0.3851995029683833,0.9714826528394009,0.9677256427730251,0.970503355738732,0.7497808414911351,0.8011736446226807,0.7530530443909138,0.07650427109734347,0.02801756777222475,0.04225536368393511,0.175190731845154,0.09474532992877302,0.1062554808535516,0.4113395287712381,0.2863849765258216,0.3601517530088958,0.3808043703494396,0.2877301437978766,0.4131832797427653
"s07_dual_role_credit","Dual-Survival-Credit-AOP","LIRCMOP9","LIR-CMOP",100,50000,1,268901,"all",249,400,50000,0.3041866414929388,0.3558878741089746,0.3399254843980867,0.304186641492939,0.3558878741089743,0.3399254843980866,0.2526259793317559,0.4017202171384496,0.3456538035297951,13874,18865,17061,2345,2745,2520,0.169021190716448,0.145507553670819,0.147705292772991,0.6777425400028831,0.6128279883381924,0.6996072914835004,0.9085134041136177,0.8964205112757576,0.9242468139763291,0.8393817480960404,0.8572532364554086,0.8516046227031061,0.1493600738883758,0.1276811921426959,0.1283232896136122,0.1926926131850675,0.1612870990306785,0.1667829727843685,0.83718168623829,0.7528787536689998,0.8511166253101737,0.4857823669579031,0.4888577995403218,0.5504768550825774
"s07_dual_role_credit","Dual-Survival-Credit-AOP","LIRCMOP9","LIR-CMOP",100,50000,2,268902,"all",249,400,50000,0.2926145580171007,0.3508715728690928,0.3565138691138064,0.2926145580171007,0.3508715728690927,0.3565138691138062,0.2492782343193705,0.4260513318282921,0.3246704338523371,13491,19344,16965,2015,2904,2668,0.1493588318138018,0.1501240694789082,0.1572649572649573,0.6747461270476615,0.5993072787427626,0.7108753315649867,0.9108957614448524,0.8958094785350792,0.9306643762936104,0.8456672361527149,0.8702241853950187,0.8591638657530264,0.1504874364959495,0.1338825952626159,0.1496958774498761,0.148034793814433,0.1635077793493635,0.165574378632373,0.8324866126596183,0.7472250829614372,0.8394908763234963,0.4896907216494845,0.4774163130598774,0.5696797329046618
"s07_dual_role_credit","Dual-Survival-Credit-AOP","LIRCMOP9","LIR-CMOP",100,50000,3,268903,"all",249,400,50000,0.2998492824064049,0.3447117001631762,0.3554390174304188,0.2998492824064048,0.3447117001631763,0.3554390174304189,0.2486548409366744,0.4315313310523435,0.3198138280109821,13659,19330,16811,2196,2918,2558,0.1607731166264002,0.1509570615623383,0.1521622747010886,0.6794787319715938,0.6243662700465598,0.7091785140681697,0.9148263611662909,0.8998629569389257,0.9309036768960152,0.8239347271699848,0.8436601848818936,0.8389563735462119,0.1520021427614839,0.130242311276794,0.1532376539722002,0.1713501291989664,0.1675041876046901,0.1509670936950515,0.8317932235168073,0.7685228331780056,0.8354616340829473,0.4958010335917313,0.509212730318258,0.568826927907561
"s07_dual_role_credit","Dual-Survival-Credit-AOP","LIRCMOP9","LIR-CMOP",100,50000,4,268904,"all",249,400,50000,0.2729926483825215,0.3771604504664394,0.3498469011510391,0.2729926483825214,0.3771604504664393,0.3498469011510392,0.2588654432325149,0.4223819077895813,0.3187526489779037,13236,19912,16652,2192,2885,2423,0.1656089453006951,0.1448875050220972,0.1455080470814317,0.7014959202175884,0.6260044194455605,0.7346264712947393,0.9203545380452277,0.9037706375090958,0.9359357651699719,0.8490886669414753,0.8877883389418877,0.8726637323808731,0.1637943732508469,0.1390545144804089,0.1445119853194174,0.1675197766402978,0.1500950570342205,0.1466027984369091,0.8350272499631757,0.7541524701873935,0.8476889551554078,0.5608810299364045,0.5115969581749049,0.6103617799067188
"s07_dual_role_credit","Dual-Survival-Credit-AOP","LIRCMOP9","LIR-CMOP",100,50000,5,268905,"all",249,400,50000,0.2780757219007248,0.3606666292223788,0.3612576488768965,0.2780757219007247,0.3606666292223787,0.3612576488768964,0.230012634325052,0.4033438732182716,0.3666434924566764,12651,19024,18125,1937,2827,2778,0.1531104260532764,0.1486017661900757,0.1532689655172414,0.6706189234052644,0.6247897392767031,0.6950068965517241,0.9119815219830377,0.9046268235506241,0.9267392364346769,0.8615922072766367,0.881880008533516,0.8728643171787211,0.1419904665607396,0.1230375236610622,0.1377278790573588,0.1665502793296089,0.1714627103455143,0.1685836345711469,0.8266647407193414,0.7455739895334595,0.8292574477545576,0.482018156424581,0.516777855222543,0.5627122357322817
"s07_dual_role_credit","Equal-AOP","CF10","CF",100,50000,1,238001,"all",249,400,50000,0.3333333333333332,0.3333333333333332,0.3333333333333332,0.3333333333333329,0.3333333333333329,0.3333333333333329,0.3333333333333329,0.3333333333333329,0.3333333333333329,16932,16434,16434,2138,589,1406,0.1262697850224427,0.03584033102105391,0.08555433856638676,0.3549492085991023,0.302360958987465,0.4330047462577583,0.5310837428137634,0.470616424690094,0.5803038085596015,0.6140741553246083,0.5646005622243511,0.6217071499458217,0.1308764469643279,0.04843616891809663,0.0963855421686747,0.1216631230805575,0.0232444931240112,0.07472313496409883,0.4770848098275455,0.4042838018741633,0.5467932335402215,0.2328136073706591,0.2004381161007667,0.3192162589752951
"s07_dual_role_credit","Equal-AOP","CF10","CF",100,50000,2,238002,"all",249,400,50000,0.3333333333333332,0.3333333333333332,0.3333333333333332,0.3333333333333329,0.3333333333333329,0.3333333333333329,0.3333333333333329,0.3333333333333329,0.3333333333333329,16932,16434,16434,2164,568,1406,0.1278053390030711,0.03456249239381769,0.08555433856638676,0.3856012284431845,0.3187903127662164,0.4277716928319338,0.5559354393615134,0.4798664630074742,0.5831370613177255,0.6612777989226012,0.6151320951193264,0.6636455215535635,0.132057642334042,0.04308141657539248,0.08652792990142388,0.1235530356721002,0.02604356821224291,0.08458074723134965,0.5119300732341129,0.4095168552999878,0.535475234270415,0.2592723836522561,0.2280637702324449,0.3200681513934526
"s07_dual_role_credit","Equal-AOP","CF10","CF",100,50000,3,238003,"all",249,400,50000,0.3333333333333332,0.3333333333333332,0.3333333333333332,0.3333333333333329,0.3333333333333329,0.3333333333333329,0.3333333333333329,0.3333333333333329,0.3333333333333329,16932,16434,16434,3074,1166,2736,0.181549728325065,0.07095046854082998,0.1664841182913472,0.521793054571226,0.4386028964342217,0.6198125836680054,0.6609620294677019,0.5637174278675388,0.7359115280027623,0.5823071677780679,0.5445064436640873,0.592473771402718,0.1789510985116938,0.08141657539247901,0.1730558598028478,0.1841483581384361,0.06048436168918097,0.1599123767798467,0.615520907158044,0.5000608494584399,0.7040282341487161,0.4280652019844082,0.3771449434100037,0.5355969331872946
"s07_dual_role_credit","Equal-AOP","CF10","CF",100,50000,4,238004,"all",249,400,50000,0.3333333333333332,0.3333333333333332,0.3333333333333332,0.3333333333333329,0.3333333333333329,0.3333333333333329,0.3333333333333329,0.3333333333333329,0.3333333333333329,16932,16434,16434,2893,1005,2594,0.1708599102291519,0.06115370573201898,0.1578434951928928,0.6009331443420742,0.5037726664232688,0.6983692345138128,0.685962300572029,0.5826711986174927,0.7641086341417397,0.5901893140347707,0.5495266693386769,0.6061736611072731,0.1638317977793527,0.06097115735669952,0.1546793233540222,0.1778880226789511,0.06133625410733844,0.1610076670317634,0.6641861563902669,0.5419252768650359,0.7456492637215528,0.5376801322938815,0.4656200559815017,0.6510892053060727
"s07_dual_role_credit","Equal-AOP","CF10","CF",100,50000,5,238005,"all",249,400,50000,0.3333333333333332,0.3333333333333332,0.3333333333333332,0.3333333333333329,0.3333333333333329,0.3333333333333329,0.3333333333333329,0.3333333333333329,0.3333333333333329,16932,16434,16434,2023,457,1310,0.1194779116465863,0.02780820250699769,0.07971279055616405,0.3600874084573589,0.2306194474869174,0.3816478033345503,0.5217094428946671,0.3991834522081887,0.5231495239802231,0.6056324522885569,0.5322970597647247,0.5941113086577602,0.1165839829907867,0.03139832055494706,0.08458074723134965,0.122371840302386,0.02421808445904831,0.07484483388097846,0.5008268367587999,0.3242059145673604,0.4983570646221249,0.2193479801559178,0.1370329804064744,0.2649385420469758
"s07_dual_role_credit","Equal-AOP","CF1","CF",100,50000,1,237101,"all",249,400,50000,0.3333333333333332,0.3333333333333332,0.3333333333333332,0.3333333333333329,0.3333333333333329,0.3333333333333329,0.3333333333333329,0.3333333333333329,0.3333333333333329,16932,16434,16434,1382,2886,2060,0.08162060004724782,0.1756115370573202,0.125349884386029,0.2720292936451689,0.1487160764269198,0.2804551539491298,0.788312450189716,0.7527840977669058,0.7842242055250128,0.6056259086692261,0.6520045410949462,0.6183285120901273,0.08965272856130405,0.2121212121212121,0.1799926980649872,0.07358847153319159,0.1391018619934282,0.0707070707070707,0.3785731159933853,0.261165875623707,0.3945478885237921,0.1654854712969525,0.03626627723013265,0.1663624193744676
"s07_dual_role_credit","Equal-AOP","CF1","CF",100,50000,2,237102,"all",249,400,50000,0.3333333333333332,0.3333333333333332,0.3333333333333332,0.3333333333333329,0.3333333333333329,0.3333333333333329,0.3333333333333329,0.3333333333333329,0.3333333333333329,16932,16434,16434,1305,2611,1800,0.07707299787384833,0.1588779359863697,0.1095290251916758,0.2622844318450271,0.1322258731897286,0.254715833029086,0.7826894688321493,0.745423411478089,0.7761183015154841,0.6021884210326284,0.6461302980664362,0.613867144860414,0.07713205764233404,0.1795059023974687,0.1454302056711695,0.07701393810536263,0.1382499695752708,0.07362784471218206,0.3438459721237893,0.2274552756480467,0.3468419131069733,0.1807228915662651,0.03699647073141049,0.1625897529511987
"s07_dual_role_credit","Equal-AOP","CF1","CF",100,50000,3,237103,"all",249,400,50000,0.3333333333333332,0.3333333333333332,0.3333333333333332,0.3333333333333329,0.3333333333333329,0.3333333333333329,0.3333333333333329,0.3333333333333329,0.3333333333333329,16932,16434,16434,1213,2716,1906,0.07163949917316324,0.1652671291225508,0.1159790677862967,0.2616347743916844,0.1397712060362663,0.2571498113666789,0.7816137956130318,0.7435090870489598,0.7740259446227852,0.600726008382643,0.6457673811169367,0.6141509950004193,0.07583274273564848,0.1949616648411829,0.1586953876110503,0.067446255610678,0.1355725934039187,0.07326274796154314,0.3393574297188755,0.2435195326761592,0.3514664719483996,0.1839121190644933,0.03602287939637337,0.162833150784958
"s07_dual_role_credit","Equal-AOP","CF1","CF",100,50000,4,237104,"all",249,400,50000,0.3333333333333332,0.3333333333333332,0.3333333333333332,0.3333333333333329,0.3333333333333329,0.3333333333333329,0.3333333333333329,0.3333333333333329,0.3333333333333329,16932,16434,16434,1327,2575,1759,0.0783723127805339,0.1566873554825362,0.1070341973956432,0.2616347743916844,0.1263234757210661,0.2566021662407205,0.7828409948163916,0.7448975279028029,0.7784871269177039,0.6048982455253323,0.649943204654734,0.615808927844444,0.07973068745570518,0.1698916879639771,0.1465254959230863,0.07701393810536263,0.1434830230010953,0.06754289886820007,0.343491613512875,0.2182061579651941,0.3448947304368991,0.1797779352704937,0.03444079347693806,0.1683096020445418
"s07_dual_role_credit","Equal-AOP","CF1","CF",100,50000,5,237105,"all",249,400,50000,0.3333333333333332,0.3333333333333332,0.3333333333333332,0.3333333333333329,0.3333333333333329,0.3333333333333329,0.3333333333333329,0.3333333333333329,0.3333333333333329,16932,16434,16434,1265,2695,1821,0.07471060713442003,0.1639892904953146,0.110806863818912,0.2640562248995984,0.1373980771571133,0.2659121333820129,0.7817061741467669,0.741076477546005,0.7801133941077603,0.6032803503812015,0.649354890719461,0.6157682729298853,0.07323411292227734,0.1922842886698308,0.1540708287696239,0.07618710134656272,0.1356942923207984,0.06754289886820007,0.3479801559177888,0.2350006084945844,0.3588901058780577,0.180132293881408,0.0397955458196422,0.1729341608859681
"s07_dual_role_credit","Equal-AOP","CF2","CF",100,50000,1,237201,"all",249,400,50000,0.3333333333333332,0.3333333333333332,0.3333333333333332,0.3333333333333329,0.3333333333333329,0.3333333333333329,0.3333333333333329,0.3333333333333329,0.3333333333333329,16932,16434,16434,1368,639,603,0.08079376328844791,0.03888280394304491,0.03669222343921139,0.8027403732577368,0.8865766094681757,0.8493367409030059,0.9913782899349881,0.9948158096515003,0.9930146914046107,0.7364840464536871,0.6311022700426323,0.6967688165561151,0.08823529411764706,0.03955214798588293,0.03723986856516977,0.07335223245924875,0.03821345990020689,0.03614457831325301,0.8814079848806993,0.9319703054642814,0.8747718145308506,0.7240727616347744,0.8411829134720701,0.8239016672751612
"s07_dual_role_credit","Equal-AOP","CF2","CF",100,50000,2,237202,"all",249,400,50000,0.3333333333333332,0.3333333333333332,0.3333333333333332,0.3333333333333329,0.3333333333333329,0.3333333333333329,0.3333333333333329,0.3333333333333329,0.3333333333333329,16932,16434,16434,1276,599,601,0.07536026458776282,0.03644882560545211,0.03657052452233175,0.8398889676352469,0.8859681148837776,0.8717901910672995,0.993020497081514,0.9946724297357354,0.9938716570058524,0.7307797964245821,0.6297597384999314,0.6838672671347916,0.07512402551381998,0.03675307289765121,0.03784836314956797,0.07559650366170564,0.03614457831325301,0.03529268589509554,0.9092841956059532,0.8978946087379822,0.8931483509796763,0.7704937396645405,0.8740416210295728,0.8504320311549227
"s07_dual_role_credit","Equal-AOP","CF2","CF",100,50000,3,237203,"all",249,400,50000,0.3333333333333332,0.3333333333333332,0.3333333333333332,0.3333333333333329,0.3333333333333329,0.3333333333333329,0.3333333333333329,0.3333333333333329,0.3333333333333329,16932,16434,16434,1377,656,721,0.08132530120481928,0.03991724473652185,0.04387245953511014,0.8107134420033073,0.8649750517220397,0.8620542777169283,0.9917464132945926,0.993614508148609,0.9933769631483073,0.7315726928412576,0.6352306223157457,0.6858499829498859,0.08055752421450509,0.04149933065595716,0.04904466350249483,0.08209307819513348,0.03833515881708652,0.03870025556772545,0.8947554925584692,0.8802482657904345,0.8949738347328708,0.7266713914481455,0.8497018376536449,0.8291347207009858
"s07_dual_role_credit","Equal-AOP","CF2","CF",100,50000,4,237204,"all",249,400,50000,0.3333333333333332,0.3333333333333332,0.3333333333333332,0.3333333333333329,0.3333333333333329,0.3333333333333329,0.3333333333333329,0.3333333333333329,0.3333333333333329,16932,16434,16434,1312,675,695,0.07748641625324829,0.04107338444687842,0.04229037361567482,0.7713205764233404,0.8549957405379092,0.8295606669100645,0.9901007488979885,0.9936787680089154,0.992228581900283,0.748232228158213,0.6394391390000659,0.7040279041151891,0.08008504606661943,0.03991724473652185,0.04734087866617987,0.07488778643987716,0.042229524157235,0.03723986856516977,0.8556579258209308,0.9043446513326031,0.8566386759157844,0.6869832270257501,0.8056468297432153,0.8024826579043447
"s07_dual_role_credit","Equal-AOP","CF2","CF",100,50000,5,237205,"all",249,400,50000,0.3333333333333332,0.3333333333333332,0.3333333333333332,0.3333333333333329,0.3333333333333329,0.3333333333333329,0.3333333333333329,0.3333333333333329,0.3333333333333329,16932,16434,16434,1280,629,571,0.07559650366170564,0.03827430935864671,0.03474504076913715,0.8274273564847626,0.8673481806011927,0.8708774491907022,0.9924045567244331,0.9944120940278793,0.9939171277288614,0.7305847804257982,0.6477246597146583,0.6867119074889686,0.07630522088353414,0.03930875015212364,0.03322380430814166,0.07488778643987716,0.03723986856516977,0.03626627723013265,0.9017245452397826,0.889862480223926,0.8953389314835098,0.7531301677297425,0.8448338809784592,0.8464159668978946
"s07_dual_role_credit","Equal-AOP","CF3","CF",100,50000,1,237301,"all",249,400,50000,0.3333333333333332,0.3333333333333332,0.3333333333333332,0.3333333333333329,0.3333333333333329,0.3333333333333329,0.3333333333333329,0.3333333333333329,0.3333333333333329,16932,16434,16434,2175,639,1687,0.1284549964564139,0.03888280394304491,0.1026530363879761,0.9469052681313489,0.9657417548983814,0.9437751004016064,0.9887059141433492,0.9941107212695621,0.9880660087685323,0.8717997731926369,0.7457262093143072,0.8231286271325789,0.1216631230805575,0.03772666423268833,0.09772423025435073,0.1352468698322702,0.04003894365340149,0.1075818425216016,0.9545239782660052,0.9667761956918584,0.9501034440793477,0.9392865579966927,0.9647073141049045,0.9374467567238651
"s07_dual_role_credit","Equal-AOP","CF3","CF",100,50000,2,237302,"all",249,400,50000,0.3333333333333332,0.3333333333333332,0.3333333333333332,0.3333333333333329,0.3333333333333329,0.3333333333333329,0.3333333333333329,0.3333333333333329,0.3333333333333329,16932,16434,16434,2346,572,1810,0.1385542168674699,0.03480589022757698,0.110137519776074,0.9099929128277817,0.9647073141049045,0.8919922112693197,0.980216439930115,0.9918046687524901,0.9749315768145962,0.8723500987221015,0.7306249138157586,0.8221429933836932,0.1293408929836995,0.03103322380430814,0.09735913350371182,0.1477675407512403,0.03857855665084581,0.1229159060484362,0.9273564847625797,0.9777290982110259,0.9230862845320676,0.8926293408929837,0.951685529998783,0.8608981380065718
"s07_dual_role_credit","Equal-AOP","CF3","CF",100,50000,3,237303,"all",249,400,50000,0.3333333333333332,0.3333333333333332,0.3333333333333332,0.3333333333333329,0.3333333333333329,0.3333333333333329,0.3333333333333329,0.3333333333333329,0.3333333333333329,16932,16434,16434,1424,681,754,0.08410111032364753,0.04143848119751734,0.04588049166362419,0.9891330025986298,0.9914810758184253,0.9920895704028234,0.9984995990016984,0.9988791029052174,0.9989536283216003,0.7921911458233363,0.6862333243592185,0.7333831184891091,0.08280179541696196,0.04040404040404041,0.04539369599610563,0.0854004252303331,0.04247292199099428,0.04636728733114275,0.9901960784313726,0.990872581234027,0.992211269319703,0.9880699267658871,0.9920895704028234,0.9919678714859438
"s07_dual_role_credit","Equal-AOP","CF3","CF",100,50000,4,237304,"all",249,400,50000,0.3333333333333332,0.3333333333333332,0.3333333333333332,0.3333333333333329,0.3333333333333329,0.3333333333333329,0.3333333333333329,0.3333333333333329,0.3333333333333329,16932,16434,16434,2353,798,2062,0.1389676352468698,0.04855786783497627,0.1254715833029086,0.9468462083628633,0.9354995740537909,0.9440793476938055,0.9883298394998271,0.9857659757814433,0.9877534464957796,0.8703179491502629,0.7519043408764812,0.834287051449741,0.1354831089062131,0.04429840574418888,0.1216989168796398,0.1424521615875266,0.05281732992576366,0.1292442497261774,0.9538152610441767,0.9358646708044298,0.9546063040038943,0.9398771556815497,0.935134477303152,0.9335523913837167
"s07_dual_role_credit","Equal-AOP","CF3","CF",100,50000,5,237305,"all",249,400,50000,0.3333333333333332,0.3333333333333332,0.3333333333333332,0.3333333333333329,0.3333333333333329,0.3333333333333329,0.3333333333333329,0.3333333333333329,0.3333333333333329,16932,16434,16434,2559,637,1714,0.1511339475549256,0.03876110502616527,0.1042959717658513,0.939818095913064,0.9372033588901059,0.919922112693197,0.9894822059241078,0.9931127928186724,0.9866104115211888,0.8687020105212964,0.7503840302274249,0.8328776492461144,0.132884479092842,0.03772666423268833,0.09103078982597054,0.1693834160170092,0.0397955458196422,0.117561153705732,0.9574769666902906,0.9525374224169405,0.9347693805525131,0.9221592251358375,0.9218692953632712,0.905074844833881
"s07_dual_role_credit","Equal-AOP","CF4","CF",100,50000,1,237401,"all",249,400,50000,0.3333333333333332,0.3333333333333332,0.3333333333333332,0.3333333333333329,0.3333333333333329,0.3333333333333329,0.3333333333333329,0.3333333333333329,0.3333333333333329,16932,16434,16434,1515,566,867,0.08947554925584691,0.03444079347693806,0.05275648046732384,0.7527167493503425,0.8445904831447,0.8159912376779846,0.9888814814649924,0.9932789842705241,0.9917931667881836,0.866498619861014,0.7119248428194966,0.7992503400278559,0.09118828254193244,0.0333455032250213,0.05208713642448582,0.0877628159697614,0.03553608372885481,0.05342582451016186,0.8909756673753839,0.8912011683096021,0.8896190823901667,0.6144578313253012,0.797979797979798,0.7423633929658026
"s07_dual_role_credit","Equal-AOP","CF4","CF",100,50000,2,237402,"all",249,400,50000,0.3333333333333332,0.3333333333333332,0.3333333333333332,0.3333333333333329,0.3333333333333329,0.3333333333333329,0.3333333333333329,0.3333333333333329,0.3333333333333329,16932,16434,16434,1636,627,821,0.09662178124261753,0.03815261044176707,0.04995740537909213,0.7373021497755728,0.6179870999148107,0.7088961908239017,0.9895057048064331,0.9867721018004715,0.9897891988251405,0.8376931587016301,0.6873217273136794,0.7637470945601167,0.09461374911410347,0.03833515881708652,0.04831447000121699,0.09862981337113158,0.03797006206644761,0.05160034075696726,0.8427828962910465,0.6583911403188512,0.7663380795910917,0.6318214032600992,0.5775830595107704,0.6514543020567117
"s07_dual_role_credit","Equal-AOP","CF4","CF",100,50000,3,237403,"all",249,400,50000,0.3333333333333332,0.3333333333333332,0.3333333333333332,0.3333333333333329,0.3333333333333329,0.3333333333333329,0.3333333333333329,0.3333333333333329,0.3333333333333329,16932,16434,16434,1550,639,1016,0.09154264115284669,0.03888280394304491,0.061823049774857,0.7412000944956296,0.8214068394791286,0.8013873676524279,0.9884657349578125,0.9922615599723148,0.9912450982017063,0.8714601712870536,0.7067075643098413,0.796716121420731,0.09083392393101819,0.03857855665084581,0.06596081294876475,0.09225135837467517,0.03918705123524401,0.05768528660094925,0.8577840774864163,0.8661311914323963,0.8599245466715346,0.6246161115048429,0.776682487525861,0.7428501886333212
"s07_dual_role_credit","Equal-AOP","CF4","CF",100,50000,4,237404,"all",249,400,50000,0.3333333333333332,0.3333333333333332,0.3333333333333332,0.3333333333333329,0.3333333333333329,0.3333333333333329,0.3333333333333329,0.3333333333333329,0.3333333333333329,16932,16434,16434,1472,620,690,0.08693597921096149,0.03772666423268833,0.04198612632347572,0.7501771793054571,0.6692223439211391,0.7279420713155653,0.9894246188161576,0.9878353043517248,0.9898836870001995,0.8492769153552706,0.6941580262637198,0.7782343079880856,0.08315615402787621,0.03748326639892905,0.03967384690276256,0.09071580439404678,0.03797006206644761,0.04429840574418888,0.8597921096149304,0.7161981258366801,0.7847146160399172,0.6405622489959839,0.6222465620055981,0.6711695265912133
"s07_dual_role_credit","Equal-AOP","CF4","CF",100,50000,5,237405,"all",249,400,50000,0.3333333333333332,0.3333333333333332,0.3333333333333332,0.3333333333333329,0.3333333333333329,0.3333333333333329,0.3333333333333329,0.3333333333333329,0.3333333333333329,16932,16434,16434,1560,655,688,0.09213323883770376,0.03985639527808203,0.04186442740659608,0.7429718875502008,0.5734452963368626,0.678045515394913,0.9894029321190738,0.9850833338944699,0.9883779611549424,0.8256585359187563,0.715323615131863,0.7647756576350454,0.09036144578313253,0.03991724473652185,0.04101253498843861,0.09390503189227498,0.0397955458196422,0.04271631982475356,0.8581384360973305,0.6076426919800414,0.738834124376293,0.6278053390030711,0.5392479006936838,0.6172569064135329
"s07_dual_role_credit","Equal-AOP","CF5","CF",100,50000,1,237501,"all",249,400,50000,0.3333333333333332,0.3333333333333332,0.3333333333333332,0.3333333333333329,0.3333333333333329,0.3333333333333329,0.3333333333333329,0.3333333333333329,0.3333333333333329,16932,16434,16434,1675,834,1220,0.09892511221356012,0.05074844833880979,0.07423633929658026,0.9110559886605244,0.8579773640014604,0.8875502008032129,0.9883061310424479,0.9737858229620364,0.9774081450190192,0.7272379391737238,0.6638313405548505,0.7162959888378505,0.1007559650366171,0.04940976025313375,0.07776560788608981,0.09709425939050319,0.05208713642448582,0.0707070707070707,0.9525159461374911,0.8758671047827674,0.9017889740781307,0.8695960311835578,0.8400876232201533,0.873311427528295
"s07_dual_role_credit","Equal-AOP","CF5","CF",100,50000,2,237502,"all",249,400,50000,0.3333333333333332,0.3333333333333332,0.3333333333333332,0.3333333333333329,0.3333333333333329,0.3333333333333329,0.3333333333333329,0.3333333333333329,0.3333333333333329,16932,16434,16434,1474,586,940,0.08705409874793291,0.03565778264573445,0.05719849093343069,0.9244034963382943,0.9594134112206402,0.9497383473287088,0.9859328413116157,0.9917296827578577,0.9899741347237523,0.7543636359441278,0.7155822043358209,0.7770774141969471,0.08658162060004725,0.03699647073141049,0.05878057685286601,0.08752657689581857,0.03431909456005842,0.05561640501399538,0.9290101582801795,0.965194109772423,0.9593525617622003,0.9197968343964091,0.9536327126688573,0.9401241328952172
"s07_dual_role_credit","Equal-AOP","CF5","CF",100,50000,3,237503,"all",249,400,50000,0.3333333333333332,0.3333333333333332,0.3333333333333332,0.3333333333333329,0.3333333333333329,0.3333333333333329,0.3333333333333329,0.3333333333333329,0.3333333333333329,16932,16434,16434,1674,769,1357,0.09886605244507442,0.04679323354022149,0.08257271510283558,0.9829317269076305,0.9704880126566874,0.9858829256419618,0.9958473958378237,0.9927861681502803,0.9951593630201055,0.7646298562839303,0.7355507766931022,0.8267925833413645,0.09933853059296008,0.04685408299866131,0.08129487647559937,0.09839357429718876,0.04673238408178167,0.0838505537300718,0.98747932908103,0.9740781307046368,0.9895338931483509,0.9783841247342311,0.966897894608738,0.9822319581355726
"s07_dual_role_credit","Equal-AOP","CF5","CF",100,50000,4,237504,"all",249,400,50000,0.3333333333333332,0.3333333333333332,0.3333333333333332,0.3333333333333329,0.3333333333333329,0.3333333333333329,0.3333333333333329,0.3333333333333329,0.3333333333333329,16932,16434,16434,1528,811,1253,0.09024332624616112,0.04934891079469392,0.07624437142509431,0.9235766595794944,0.8901667275161251,0.9208957040282342,0.9775325735564704,0.9693589887303975,0.9728734339272391,0.7815345345609304,0.7471786548901254,0.7996927768479196,0.09036144578313253,0.04807107216745771,0.07825240355360838,0.09012520670918971,0.05062674942193014,0.07423633929658026,0.9407039924403496,0.9025191675794085,0.9329438967993184,0.9064493267186393,0.8778142874528416,0.9088475112571498
"s07_dual_role_credit","Equal-AOP","CF5","CF",100,50000,5,237505,"all",249,400,50000,0.3333333333333332,0.3333333333333332,0.3333333333333332,0.3333333333333329,0.3333333333333329,0.3333333333333329,0.3333333333333329,0.3333333333333329,0.3333333333333329,16932,16434,16434,1645,736,1089,0.09715331915898889,0.04478520141170744,0.06626506024096386,0.9740137018662887,0.9463916271145186,0.9598393574297188,0.9950429980976983,0.9897485784774259,0.9914017978491347,0.7800795459964017,0.7211972807859565,0.7983998669063076,0.0979210961493031,0.0446635024948278,0.06450042594620908,0.0963855421686747,0.04490690032858707,0.06802969453571864,0.9790928419560595,0.9508336375806256,0.960812948764756,0.9689345617765178,0.9419496166484118,0.9588657660946818
"s07_dual_role_credit","Equal-AOP","CF6","CF",100,50000,1,237601,"all",249,400,50000,0.3333333333333332,0.3333333333333332,0.3333333333333332,0.3333333333333329,0.3333333333333329,0.3333333333333329,0.3333333333333329,0.3333333333333329,0.3333333333333329,16932,16434,16434,1464,573,961,0.08646350106307583,0.03486673968601679,0.05847632956066691,0.8120718166784786,0.8277960326153098,0.8450164293537787,0.9589150670801904,0.9569921358187577,0.9639716431262279,0.7420531544262057,0.7022348770675725,0.727549727954969,0.08870777226553272,0.03784836314956797,0.05926737252038457,0.08421922986061894,0.03188511622246562,0.05768528660094925,0.8988896763524687,0.8671047827674334,0.8936351466471948,0.7252539570044886,0.7884872824631861,0.7963977120603627
"s07_dual_role_credit","Equal-AOP","CF6","CF",100,50000,2,237602,"all",249,400,50000,0.3333333333333332,0.3333333333333332,0.3333333333333332,0.3333333333333329,0.3333333333333329,0.3333333333333329,0.3333333333333329,0.3333333333333329,0.3333333333333329,16932,16434,16434,1381,594,888,0.08156154027876211,0.03614457831325301,0.05403431909456006,0.8316796598157336,0.8675307289765121,0.8642448582207618,0.959529508127449,0.971976739768863,0.9688251263017681,0.7360267275072657,0.7017291401930831,0.7251010002111373,0.07890385069690527,0.03322380430814166,0.05220883534136546,0.08421922986061894,0.03906535231836437,0.05585980284775466,0.8697141507205292,0.8842643300474626,0.8905926737252039,0.7936451689109378,0.8507971279055616,0.8378970427163198
"s07_dual_role_credit","Equal-AOP","CF6","CF",100,50000,3,237603,"all",249,400,50000,0.3333333333333332,0.3333333333333332,0.3333333333333332,0.3333333333333329,0.3333333333333329,0.3333333333333329,0.3333333333333329,0.3333333333333329,0.3333333333333329,16932,16434,16434,1409,556,923,0.08321521379636192,0.03383229889253986,0.05616405013995376,0.8217576187101346,0.8427649993915054,0.8557259340391871,0.9580782399114909,0.9672025260337809,0.9678348222811798,0.7346009637113,0.702957414910574,0.7275586480843288,0.08740845735884716,0.03407569672629913,0.05756358768406961,0.07902197023387668,0.03358890105878058,0.05476451259583789,0.8675879990550437,0.8632104174272849,0.8797614701229159,0.7759272383652256,0.8223195813557259,0.8316903979554582
"s07_dual_role_credit","Equal-AOP","CF6","CF",100,50000,4,237604,"all",249,400,50000,0.3333333333333332,0.3333333333333332,0.3333333333333332,0.3333333333333329,0.3333333333333329,0.3333333333333329,0.3333333333333329,0.3333333333333329,0.3333333333333329,16932,16434,16434,1497,594,950,0.08841247342310418,0.03614457831325301,0.05780698551782889,0.8553626269785023,0.85134477303152,0.8788487282463187,0.9709837721955421,0.9638337443145163,0.9725696235513739,0.7303668117981991,0.6866786142433448,0.7163784740699085,0.09036144578313253,0.03590118047949373,0.05805038335158817,0.08646350106307583,0.03638797614701229,0.05756358768406961,0.8960548074651548,0.8544480954119509,0.8986248022392601,0.8146704464918497,0.8482414506510892,0.8590726542533772
"s07_dual_role_credit","Equal-AOP","CF6","CF",100,50000,5,237605,"all",249,400,50000,0.3333333333333332,0.3333333333333332,0.3333333333333332,0.3333333333333329,0.3333333333333329,0.3333333333333329,0.3333333333333329,0.3333333333333329,0.3333333333333329,16932,16434,16434,1416,578,890,0.08362863217576187,0.03517098697821589,0.0541560180114397,0.8019725962674227,0.847328708774492,0.8483631495679689,0.9509901301190897,0.9687982160687711,0.9642392916225736,0.7364107501400985,0.7052089813643702,0.7253508308391127,0.08504606661941885,0.0357794815626141,0.05476451259583789,0.08221119773210489,0.03456249239381769,0.0535475234270415,0.8541223718403024,0.8713642448582207,0.8798831690397956,0.7498228206945429,0.8232931726907631,0.8168431300961422
"s07_dual_role_credit","Equal-AOP","CF7","CF",100,50000,1,237701,"all",249,400,50000,0.3333333333333332,0.3333333333333332,0.3333333333333332,0.3333333333333329,0.3333333333333329,0.3333333333333329,0.3333333333333329,0.3333333333333329,0.3333333333333329,16932,16434,16434,1733,1067,1258,0.1023505787857312,0.06492637215528782,0.07654861871729342,0.844909047956532,0.8307168066204211,0.8268832907387125,0.9329175336526717,0.9486409933397871,0.9327235531560735,0.7820232308845088,0.7467510420407892,0.7663597196347949,0.09922041105598867,0.06389193136181089,0.07350614579530242,0.1054807465154737,0.06596081294876475,0.07959109163928441,0.8600283486888731,0.8414263113058293,0.8352196665449677,0.8297897472241909,0.8200073019350128,0.8185469149324571
"s07_dual_role_credit","Equal-AOP","CF7","CF",100,50000,2,237702,"all",249,400,50000,0.3333333333333332,0.3333333333333332,0.3333333333333332,0.3333333333333329,0.3333333333333329,0.3333333333333329,0.3333333333333329,0.3333333333333329,0.3333333333333329,16932,16434,16434,2552,951,1442,0.1507205291755256,0.05786783497626871,0.08774491907022028,0.6506024096385542,0.5167336010709505,0.6232810027990751,0.8871878020451581,0.8743475168050862,0.8732914709989668,0.7853246384230161,0.7601713372762371,0.7579312629188308,0.1472950626033546,0.05196543750760618,0.08762322015334063,0.1541459957476967,0.06377023244493124,0.08786661798709991,0.7315142924639736,0.5544602653036388,0.6732384081781673,0.5696905268131349,0.4790069368382621,0.573323597419983
"s07_dual_role_credit","Equal-AOP","CF7","CF",100,50000,3,237703,"all",249,400,50000,0.3333333333333332,0.3333333333333332,0.3333333333333332,0.3333333333333329,0.3333333333333329,0.3333333333333329,0.3333333333333329,0.3333333333333329,0.3333333333333329,16932,16434,16434,1486,978,1189,0.0877628159697614,0.05951077035414385,0.07235000608494585,0.8636309945665013,0.8173299257636607,0.8275526347815504,0.9637649114977931,0.9352136380455669,0.9428270141912367,0.8453288131564731,0.7209411952725794,0.8014262099498421,0.09201511930073233,0.05853717901910673,0.07155896312522819,0.08351051263879046,0.06048436168918097,0.07314104904466351,0.8875502008032129,0.8276743336984301,0.8365583546306438,0.8397117883297898,0.8069855178288913,0.8185469149324571
"s07_dual_role_credit","Equal-AOP","CF7","CF",100,50000,4,237704,"all",249,400,50000,0.3333333333333332,0.3333333333333332,0.3333333333333332,0.3333333333333329,0.3333333333333329,0.3333333333333329,0.3333333333333329,0.3333333333333329,0.3333333333333329,16932,16434,16434,1294,961,1410,0.07642334042050555,0.05847632956066691,0.08579773640014604,0.9321993857784078,0.919922112693197,0.9629426798101497,0.9842655372112487,0.9794742991783626,0.9883515804861323,0.8304520123708656,0.8572032208614202,0.901265949183446,0.07807701393810536,0.05683339418279177,0.08640623098454424,0.07476966690290573,0.06011926493854205,0.08518924181574784,0.9421214268840066,0.9328221978824388,0.9711573566995254,0.9222773446728089,0.9070220275039552,0.954728002920774
"s07_dual_role_credit","Equal-AOP","CF7","CF",100,50000,5,237705,"all",249,400,50000,0.3333333333333332,0.3333333333333332,0.3333333333333332,0.3333333333333329,0.3333333333333329,0.3333333333333329,0.3333333333333329,0.3333333333333329,0.3333333333333329,16932,16434,16434,1545,923,1253,0.09124734231041814,0.05616405013995376,0.07624437142509431,0.8845972123789275,0.8654618473895582,0.9210174029451138,0.973988150943506,0.9634635018126346,0.980155534652574,0.8362840517393446,0.8391705568752625,0.891818521511284,0.08811717458067564,0.05683339418279177,0.07995618838992333,0.09437751004016064,0.05549470609711574,0.0725325544602653,0.9005433498700685,0.8793963733722769,0.9319703054642814,0.8686510748877865,0.8515273214068395,0.9100645004259462
"s07_dual_role_credit","Equal-AOP","CF8","CF",100,50000,1,237801,"all",249,400,50000,0.3333333333333332,0.3333333333333332,0.3333333333333332,0.3333333333333329,0.3333333333333329,0.3333333333333329,0.3333333333333329,0.3333333333333329,0.3333333333333329,16932,16434,16434,2203,615,1138,0.1301086699740137,0.03742241694048923,0.06924668370451503,0.439818095913064,0.3773883412437629,0.3895582329317269,0.5800170318511065,0.5293090305336731,0.5371873730105922,0.7575603754478775,0.7508828832939052,0.7412426145992214,0.1207181667847862,0.03371059997566021,0.06401363027869052,0.1394991731632412,0.04113423390531824,0.07447973713033954,0.5336640680368533,0.4667153462334185,0.4674455397346964,0.3459721237892747,0.2880613362541073,0.3116709261287575
"s07_dual_role_credit","Equal-AOP","CF8","CF",100,50000,2,237802,"all",249,400,50000,0.3333333333333332,0.3333333333333332,0.3333333333333332,0.3333333333333329,0.3333333333333329,0.3333333333333329,0.3333333333333329,0.3333333333333329,0.3333333333333329,16932,16434,16434,2003,562,1068,0.1182967162768722,0.03419739564317877,0.06498722161372764,0.3995393338058115,0.3626627723013265,0.3568820737495436,0.5481230440804242,0.5151379698605527,0.5057986940272939,0.7305005958774283,0.7280196119974414,0.7091444620413466,0.1044176706827309,0.0333455032250213,0.05622489959839357,0.1321757618710135,0.03504928806133625,0.07374954362906171,0.4811008740845736,0.4411585736886942,0.4230254350736278,0.3179777935270494,0.2841669709139589,0.2907387124254594
"s07_dual_role_credit","Equal-AOP","CF8","CF",100,50000,3,237803,"all",249,400,50000,0.3333333333333332,0.3333333333333332,0.3333333333333332,0.3333333333333329,0.3333333333333329,0.3333333333333329,0.3333333333333329,0.3333333333333329,0.3333333333333329,16932,16434,16434,1955,677,1163,0.1154618473895582,0.04119508336375807,0.07076792016551053,0.4510985116938341,0.3971644152367044,0.399659243032737,0.5909518138251453,0.5497779361255206,0.5473084961118697,0.7401320471847075,0.742160758233081,0.7267092053140035,0.106425702811245,0.03845685773396617,0.06291834002677377,0.1244979919678715,0.04393330899354995,0.07861750030424729,0.5226789510985117,0.467567238651576,0.4505293902884264,0.3795180722891566,0.3267615918218328,0.3487890957770476
"s07_dual_role_credit","Equal-AOP","CF8","CF",100,50000,4,237804,"all",249,400,50000,0.3333333333333332,0.3333333333333332,0.3333333333333332,0.3333333333333329,0.3333333333333329,0.3333333333333329,0.3333333333333329,0.3333333333333329,0.3333333333333329,16932,16434,16434,1947,665,1050,0.1149893692416726,0.04046488986248022,0.06389193136181089,0.4481455232695488,0.3917488134355605,0.4014847267859316,0.5866679015426344,0.5491248523358109,0.546570588043891,0.7580180790226997,0.7546484910720186,0.7419835750196008,0.1073706591070163,0.03650967506389193,0.05658999634903249,0.1226080793763288,0.04442010466106851,0.07119386637458927,0.5399244034963383,0.487160764269198,0.4757210660825119,0.3563666430427593,0.2963368626019228,0.3272483874893514
"s07_dual_role_credit","Equal-AOP","CF8","CF",100,50000,5,237805,"all",249,400,50000,0.3333333333333332,0.3333333333333332,0.3333333333333332,0.3333333333333329,0.3333333333333329,0.3333333333333329,0.3333333333333329,0.3333333333333329,0.3333333333333329,16932,16434,16434,2020,649,1083,0.1193007323411292,0.0394912985274431,0.06589996349032494,0.4274746042995511,0.3877327491785323,0.3828039430449069,0.5721962557188311,0.5435273528083755,0.5315351306789534,0.7469048756518654,0.7488097064862619,0.7282718777211338,0.1019371604063312,0.03833515881708652,0.05732018985031033,0.1366643042759272,0.04064743823779968,0.07447973713033954,0.5161823765650838,0.4878909577704759,0.4511378848728246,0.3387668320340184,0.2875745405865888,0.3144700012169891
"s07_dual_role_credit","Equal-AOP","CF9","CF",100,50000,1,237901,"all",249,400,50000,0.3333333333333332,0.3333333333333332,0.3333333333333332,0.3333333333333329,0.3333333333333329,0.3333333333333329,0.3333333333333329,0.3333333333333329,0.3333333333333329,16932,16434,16434,1814,723,1141,0.1071344200330735,0.04399415845198978,0.06942923207983449,0.5495511457595086,0.4986613119143239,0.5164293537787513,0.690663518391806,0.6618958900136285,0.6662514752415197,0.7639746006649524,0.7685911412655436,0.7495453024242902,0.09839357429718876,0.03943044906900329,0.06401363027869052,0.1158752657689582,0.04855786783497627,0.07484483388097846,0.6018190408693598,0.5194109772423026,0.542898868200073,0.4972832506496574,0.4779116465863454,0.4899598393574297
"s07_dual_role_credit","Equal-AOP","CF9","CF",100,50000,2,237902,"all",249,400,50000,0.3333333333333332,0.3333333333333332,0.3333333333333332,0.3333333333333329,0.3333333333333329,0.3333333333333329,0.3333333333333329,0.3333333333333329,0.3333333333333329,16932,16434,16434,1784,703,1005,0.1053626269785022,0.04277716928319338,0.06115370573201898,0.543822348216395,0.4799805281732993,0.5136302786905197,0.6832721148706556,0.6406803236508172,0.6596066840250567,0.7834785457404065,0.7827758238895927,0.7665992318640055,0.09567682494684621,0.03760496531580869,0.05464281367895826,0.1150484290101583,0.04794937325057807,0.06766459778507972,0.5882352941176471,0.5043203115492272,0.5359620299379335,0.4994094023151429,0.4556407447973713,0.4912985274431058
"s07_dual_role_credit","Equal-AOP","CF9","CF",100,50000,3,237903,"all",249,400,50000,0.3333333333333332,0.3333333333333332,0.3333333333333332,0.3333333333333329,0.3333333333333329,0.3333333333333329,0.3333333333333329,0.3333333333333329,0.3333333333333329,16932,16434,16434,1789,653,925,0.1056579258209308,0.03973469636120239,0.0562857490568334,0.5545712260807938,0.5122915906048436,0.5161251064865523,0.6867936081054747,0.6580644178607384,0.6558547399272914,0.7461381014472277,0.7438545546920492,0.730734838421498,0.09827545476021735,0.03736156748204941,0.05074844833880979,0.1130403968816442,0.04210782524035536,0.061823049774857,0.6032364753130167,0.5318242667640258,0.5359620299379335,0.5059059768485707,0.4927589144456614,0.496288183035171
"s07_dual_role_credit","Equal-AOP","CF9","CF",100,50000,4,237904,"all",249,400,50000,0.3333333333333332,0.3333333333333332,0.3333333333333332,0.3333333333333329,0.3333333333333329,0.3333333333333329,0.3333333333333329,0.3333333333333329,0.3333333333333329,16932,16434,16434,1986,643,985,0.1172927002126152,0.03912620177680419,0.05993671656322259,0.5676234349161351,0.5217232566630157,0.5299987830108313,0.7040734898713149,0.6759169014342041,0.6761566125644967,0.7569125482105564,0.762453006687552,0.7459812053523126,0.1118592015119301,0.03687477181453085,0.05805038335158817,0.1227261989133003,0.04137763173907752,0.061823049774857,0.6077250177179305,0.5373007180236096,0.5409516855299988,0.5275218521143397,0.5061457953024218,0.5190458804916637
"s07_dual_role_credit","Equal-AOP","CF9","CF",100,50000,5,237905,"all",249,400,50000,0.3333333333333332,0.3333333333333332,0.3333333333333332,0.3333333333333329,0.3333333333333329,0.3333333333333329,0.3333333333333329,0.3333333333333329,0.3333333333333329,16932,16434,16434,1974,671,1081,0.1165839829907867,0.04082998661311914,0.06577826457344529,0.568450271674935,0.523001095290252,0.5305464281367895,0.6965466939817584,0.6725865118482082,0.6736353465086212,0.7639268606761368,0.7702777685114724,0.7548697853533618,0.1087880935506733,0.03626627723013265,0.05926737252038457,0.1243798724309001,0.04539369599610563,0.07228915662650602,0.6144578313253012,0.545941341122064,0.5573810393087502,0.5224427120245688,0.5000608494584399,0.503711816964829
"s07_dual_role_credit","Equal-AOP","DASCMOP1","DAS-CMOP",100,50000,1,239501,"all",249,400,50000,0.3333333333333332,0.3333333333333332,0.3333333333333332,0.3333333333333329,0.3333333333333329,0.3333333333333329,0.3333333333333329,0.3333333333333329,0.3333333333333329,16932,16434,16434,2074,1551,1649,0.1224899598393574,0.09437751004016064,0.100340756967263,0.2283250649657453,0.2154070828769624,0.2121212121212121,0.7447007286857503,0.7886802173619252,0.7546827260021799,0.7633388410440205,0.7720716263214776,0.7532683302275539,0.06130403968816442,0.03066812705366922,0.04076913715467932,0.1836758799905504,0.1580868930266521,0.1599123767798467,0.4083392393101819,0.4029451137884873,0.3781185347450408,0.04831089062130876,0.02786905196543751,0.04612388949738348
"s07_dual_role_credit","Equal-AOP","DASCMOP1","DAS-CMOP",100,50000,2,239502,"all",249,400,50000,0.3333333333333332,0.3333333333333332,0.3333333333333332,0.3333333333333329,0.3333333333333329,0.3333333333333329,0.3333333333333329,0.3333333333333329,0.3333333333333329,16932,16434,16434,1907,1472,1475,0.1126269785022443,0.08957040282341487,0.08975295119873433,0.2303921568627451,0.2127905561640501,0.2109650724108555,0.7321732881643773,0.7901336122224686,0.7533307788776934,0.7701828451360213,0.7986894298984979,0.7694735015757785,0.06602882116702102,0.03492758914445662,0.04429840574418888,0.1592251358374675,0.1442132165023731,0.1352074966532798,0.39983463264824,0.397955458196422,0.3704515029816234,0.06094968107725018,0.02762565413167823,0.05147864184008762
"s07_dual_role_credit","Equal-AOP","DASCMOP1","DAS-CMOP",100,50000,3,239503,"all",249,400,50000,0.3333333333333332,0.3333333333333332,0.3333333333333332,0.3333333333333329,0.3333333333333329,0.3333333333333329,0.3333333333333329,0.3333333333333329,0.3333333333333329,16932,16434,16434,1588,1382,1284,0.09378691235530356,0.08409395156383108,0.07813070463672873,0.2204701157571462,0.2177193622976756,0.224656200559815,0.7285514779142827,0.796514434937434,0.7752890287539183,0.7918411647498032,0.8411737724640661,0.8111265817709782,0.05031892274982282,0.03310210539126202,0.04101253498843861,0.1372549019607843,0.1350857977364001,0.1152488742850189,0.3609733049846445,0.4022149202872095,0.3747109650724109,0.079966926529648,0.03322380430814166,0.07460143604721918
"s07_dual_role_credit","Equal-AOP","DASCMOP1","DAS-CMOP",100,50000,4,239504,"all",249,400,50000,0.3333333333333332,0.3333333333333332,0.3333333333333332,0.3333333333333329,0.3333333333333329,0.3333333333333329,0.3333333333333329,0.3333333333333329,0.3333333333333329,16932,16434,16434,2011,1393,1539,0.1187691944247578,0.08476329560666911,0.09364731653888281,0.232636428065202,0.2127297067056103,0.2130339539978094,0.7335796583119626,0.7897323968031296,0.7563880891441862,0.775934195511767,0.7980012239198366,0.7744860583025743,0.06425702811244979,0.03005963246927102,0.04880126566873555,0.1732813607370659,0.1394669587440672,0.1384933674090301,0.4110559886605245,0.392235609103079,0.3720335889010588,0.05421686746987952,0.03322380430814166,0.05403431909456006
"s07_dual_role_credit","Equal-AOP","DASCMOP1","DAS-CMOP",100,50000,5,239505,"all",249,400,50000,0.3333333333333332,0.3333333333333332,0.3333333333333332,0.3333333333333329,0.3333333333333329,0.3333333333333329,0.3333333333333329,0.3333333333333329,0.3333333333333329,16932,16434,16434,1476,1486,1280,0.08717221828490432,0.09042229524157235,0.07788730680296946,0.2323411292227734,0.2481440915175855,0.240537909212608,0.7407645461182372,0.810824769879678,0.7795247527842126,0.7979053434187029,0.8532895361677518,0.8175925155464558,0.0556343019135365,0.03225021297310454,0.04295971765851284,0.1187101346562721,0.1485943775100401,0.1128148959474261,0.3884951570989842,0.4574662285505659,0.4008762322015334,0.07618710134656272,0.03882195448460508,0.0801995862236826
"s07_dual_role_credit","Equal-AOP","DASCMOP2","DAS-CMOP",100,50000,1,239601,"all",249,400,50000,0.3333333333333332,0.3333333333333332,0.3333333333333332,0.3333333333333329,0.3333333333333329,0.3333333333333329,0.3333333333333329,0.3333333333333329,0.3333333333333329,16932,16434,16434,1623,1435,1440,0.09585400425230334,0.08731897286114154,0.08762322015334063,0.2226553271911174,0.2267859316052087,0.235487404162103,0.6866133662698513,0.7973277741479103,0.7576024554467949,0.7619411539510902,0.8058484240840165,0.7753144472537903,0.04712969525159461,0.0238529877084094,0.02677376171352075,0.144578313253012,0.1507849580138737,0.1484726785931605,0.3753838884951571,0.4050139953754411,0.3918705123524401,0.06992676588707772,0.04855786783497627,0.07910429597176585
"s07_dual_role_credit","Equal-AOP","DASCMOP2","DAS-CMOP",100,50000,2,239602,"all",249,400,50000,0.3333333333333332,0.3333333333333332,0.3333333333333332,0.3333333333333329,0.3333333333333329,0.3333333333333329,0.3333333333333329,0.3333333333333329,0.3333333333333329,16932,16434,16434,1722,1496,1434,0.1017009213323884,0.09103078982597054,0.08725812340270171,0.2202929364516891,0.2191797493002312,0.2329925763660703,0.6926858059434429,0.7930415312649496,0.7564908556729693,0.7670734710698223,0.8054716301464919,0.7763087549998763,0.05102763997165131,0.02555677254472435,0.03164171838870634,0.1523742026931254,0.1565048071072168,0.1428745284166971,0.3723127805339003,0.3941827917731532,0.3939393939393939,0.06827309236947791,0.04417670682730924,0.07204575879274674
"s07_dual_role_credit","Equal-AOP","DASCMOP2","DAS-CMOP",100,50000,3,239603,"all",249,400,50000,0.3333333333333332,0.3333333333333332,0.3333333333333332,0.3333333333333329,0.3333333333333329,0.3333333333333329,0.3333333333333329,0.3333333333333329,0.3333333333333329,16932,16434,16434,1697,1480,1462,0.1002244271202457,0.09005719849093342,0.08896190823901667,0.2313371131585164,0.2295850066934404,0.2348180601192649,0.7176567519567046,0.797837037961547,0.7657955634539346,0.763076337208194,0.8038765600657318,0.7704109067877006,0.04772029293645169,0.02567847146160399,0.0321285140562249,0.1527285613040397,0.1544359255202629,0.1457953024218084,0.393574297188755,0.4176706827309237,0.3986856516976999,0.06909992912827782,0.04149933065595716,0.07095046854082998
"s07_dual_role_credit","Equal-AOP","DASCMOP2","DAS-CMOP",100,50000,4,239604,"all",249,400,50000,0.3333333333333332,0.3333333333333332,0.3333333333333332,0.3333333333333329,0.3333333333333329,0.3333333333333329,0.3333333333333329,0.3333333333333329,0.3333333333333329,16932,16434,16434,1788,1486,1433,0.1055988660524451,0.09042229524157235,0.0871972739442619,0.2365934325537444,0.2335402214920287,0.2400511135450895,0.7125306022607472,0.7971851396215971,0.7664113820673681,0.7653283413511185,0.79575184122902,0.7693929182050051,0.05244507441530829,0.02433978337592796,0.03371059997566021,0.1587526576895819,0.1565048071072168,0.1406839479128636,0.3995983935742972,0.4231471339905075,0.40878666179871,0.07358847153319159,0.04393330899354995,0.0713155652914689
"s07_dual_role_credit","Equal-AOP","DASCMOP2","DAS-CMOP",100,50000,5,239605,"all",249,400,50000,0.3333333333333332,0.3333333333333332,0.3333333333333332,0.3333333333333329,0.3333333333333329,0.3333333333333329,0.3333333333333329,0.3333333333333329,0.3333333333333329,16932,16434,16434,1700,1378,1497,0.1004016064257028,0.0838505537300718,0.09109163928441037,0.2324001889912592,0.2309236947791165,0.2334793720335889,0.7018921428504993,0.7985179389887154,0.7637309648726854,0.7666294447373849,0.8052775012692009,0.7781382654833727,0.04453106543822348,0.02336619204089084,0.03018133138615066,0.1562721474131821,0.1443349154192528,0.1520019471826701,0.3965272856130404,0.4185225751490812,0.400997931118413,0.06827309236947791,0.04332481440915176,0.06596081294876475
"s07_dual_role_credit","Equal-AOP","DASCMOP3","DAS-CMOP",100,50000,1,239701,"all",249,400,50000,0.3333333333333332,0.3333333333333332,0.3333333333333332,0.3333333333333329,0.3333333333333329,0.3333333333333329,0.3333333333333329,0.3333333333333329,0.3333333333333329,16932,16434,16434,2397,1575,1474,0.141566265060241,0.09583789704271632,0.08969210174029452,0.2311008740845736,0.2053669222343921,0.2080442984057442,0.6970242899018932,0.7250691722675717,0.7108311295182475,0.7577820325733164,0.7528420156664813,0.7319290994569647,0.0744153082919915,0.0309115248874285,0.04575879274674455,0.2087172218284904,0.1607642691980041,0.1336254107338445,0.4427120245688637,0.3968601679445053,0.4005111354508945,0.01948972360028349,0.01387367652427893,0.01557746136059389
"s07_dual_role_credit","Equal-AOP","DASCMOP3","DAS-CMOP",100,50000,2,239702,"all",249,400,50000,0.3333333333333332,0.3333333333333332,0.3333333333333332,0.3333333333333329,0.3333333333333329,0.3333333333333329,0.3333333333333329,0.3333333333333329,0.3333333333333329,16932,16434,16434,2301,1645,1403,0.1358965272856131,0.1000973591335037,0.0853717901910673,0.2307465154736593,0.2121212121212121,0.2119386637458927,0.6887158745457685,0.7396466150591451,0.7155696523229433,0.7680643802115815,0.7906313651884633,0.7626600500653614,0.06921804866524923,0.05001825483753194,0.0440550079104296,0.2025750059059769,0.1501764634294755,0.126688572471705,0.4333805811481219,0.4108555433856639,0.3997809419496167,0.02811244979919679,0.01338688085676037,0.02409638554216868
"s07_dual_role_credit","Equal-AOP","DASCMOP3","DAS-CMOP",100,50000,3,239703,"all",249,400,50000,0.3333333333333332,0.3333333333333332,0.3333333333333332,0.3333333333333329,0.3333333333333329,0.3333333333333329,0.3333333333333329,0.3333333333333329,0.3333333333333329,16932,16434,16434,2369,1519,1586,0.1399125915426412,0.09243032737008641,0.09650724108555434,0.233227025750059,0.2062188146525496,0.2186321041742728,0.6975776245200094,0.7168682424479009,0.7114143186041993,0.7608429993505952,0.7514709720922144,0.7361425667295403,0.07039924403496338,0.02726055738103931,0.04308141657539248,0.2094259390503189,0.1576000973591335,0.1499330655957162,0.4468462083628632,0.4031885116222466,0.4218084459048315,0.0196078431372549,0.009249117682852623,0.01545576244371425
"s07_dual_role_credit","Equal-AOP","DASCMOP3","DAS-CMOP",100,50000,4,239704,"all",249,400,50000,0.3333333333333332,0.3333333333333332,0.3333333333333332,0.3333333333333329,0.3333333333333329,0.3333333333333329,0.3333333333333329,0.3333333333333329,0.3333333333333329,16932,16434,16434,2560,1448,1599,0.1511930073234113,0.0881100158208592,0.09729828404527199,0.2542523033309709,0.2024461482292808,0.2295850066934404,0.726178316950984,0.7088274403085111,0.7215836268293669,0.7531401211660432,0.7095983353390884,0.70879798512382,0.07347035199622018,0.02604356821224291,0.03967384690276256,0.2289156626506024,0.1501764634294755,0.1549227211877814,0.4872430900070872,0.3940610928562736,0.4433491541925277,0.02126151665485471,0.01083120360228794,0.01582085919435317
"s07_dual_role_credit","Equal-AOP","DASCMOP3","DAS-CMOP",100,50000,5,239705,"all",249,400,50000,0.3333333333333332,0.3333333333333332,0.3333333333333332,0.3333333333333329,0.3333333333333329,0.3333333333333329,0.3333333333333329,0.3333333333333329,0.3333333333333329,16932,16434,16434,2457,1484,1516,0.1451098511693834,0.09030059632469271,0.09224777899476695,0.2279707063548311,0.188511622246562,0.2007423633929658,0.6881489754903346,0.7259213486948675,0.7026138194096462,0.7543472595032304,0.7526214479737934,0.731730364454644,0.08008504606661943,0.03614457831325301,0.04417670682730924,0.2101346562721474,0.1444566143361324,0.1403188511622246,0.4343255374438932,0.3615674820494097,0.3832298892539857,0.02161587526576896,0.01545576244371425,0.01825483753194597
"s07_dual_role_credit","Equal-AOP","DASCMOP4","DAS-CMOP",100,50000,1,239801,"all",249,400,50000,0.3333333333333332,0.3333333333333332,0.3333333333333332,0.3333333333333329,0.3333333333333329,0.3333333333333329,0.3333333333333329,0.3333333333333329,0.3333333333333329,16932,16434,16434,3921,880,3771,0.2315733522324593,0.0535475234270415,0.2294633077765608,0.1343019135364989,0.03188511622246562,0.1602774735304856,0.4338373674823682,0.189455943977887,0.4650220746836241,0.7831648385088525,0.5853852590014431,0.7782992026172367,0.2127332860855186,0.0428380187416332,0.202020202020202,0.2504134183794,0.06425702811244979,0.2569064135329195,0.1891093786912355,0.04186442740659608,0.2139466958744067,0.07949444838176234,0.02190580503833516,0.1066082511865644
"s07_dual_role_credit","Equal-AOP","DASCMOP4","DAS-CMOP",100,50000,2,239802,"all",249,400,50000,0.3333333333333332,0.3333333333333332,0.3333333333333332,0.3333333333333329,0.3333333333333329,0.3333333333333329,0.3333333333333329,0.3333333333333329,0.3333333333333329,16932,16434,16434,4111,795,3504,0.2427947082447437,0.04837531945965681,0.2132165023731289,0.04907866761162296,0.009918461725690641,0.06078860898138007,0.2699822623743661,0.1020470294667944,0.2687801499103994,0.7893209845960678,0.5680152888214525,0.7436446400074274,0.242735648476258,0.05062674942193014,0.2165023731288792,0.2428537680132294,0.04612388949738348,0.2099306316173786,0.0689818095913064,0.01569916027747353,0.08725812340270171,0.02917552563193952,0.004137763173907752,0.03431909456005842
"s07_dual_role_credit","Equal-AOP","DASCMOP4","DAS-CMOP",100,50000,3,239803,"all",249,400,50000,0.3333333333333332,0.3333333333333332,0.3333333333333332,0.3333333333333329,0.3333333333333329,0.3333333333333329,0.3333333333333329,0.3333333333333329,0.3333333333333329,16932,16434,16434,4215,1137,4067,0.2489369241672573,0.0691858342460752,0.2474747474747475,0.004488542404913773,0.001521236460995497,0.007788730680296945,0.2303818373774272,0.1210205971416201,0.2529993923772537,0.7728307065459767,0.5916234512162204,0.7512801860889876,0.2619891330025986,0.07082876962395035,0.265547036631374,0.2358847153319159,0.06754289886820007,0.229402458318121,0.007323411292227734,0.002677376171352075,0.01302178410612146,0.001653673517599811,0.0003650967506389193,0.002555677254472435
"s07_dual_role_credit","Equal-AOP","DASCMOP4","DAS-CMOP",100,50000,4,239804,"all",249,400,50000,0.3333333333333332,0.3333333333333332,0.3333333333333332,0.3333333333333329,0.3333333333333329,0.3333333333333329,0.3333333333333329,0.3333333333333329,0.3333333333333329,16932,16434,16434,4248,998,3860,0.2508858965272856,0.06072775952294025,0.2348789095777048,0.04169619655090952,0.01509066569307533,0.06675185590848241,0.2348644259971708,0.1223673731545631,0.2540238907169612,0.7762531342187534,0.5892476176074131,0.7523057217604856,0.2541932435624852,0.05926737252038457,0.2409638554216867,0.247578549492086,0.06218814652549592,0.2287939637337228,0.06366643042759272,0.02360958987465012,0.09967141292442497,0.01972596267422632,0.006571741511500548,0.03383229889253986
"s07_dual_role_credit","Equal-AOP","DASCMOP4","DAS-CMOP",100,50000,5,239805,"all",249,400,50000,0.3333333333333332,0.3333333333333332,0.3333333333333332,0.3333333333333329,0.3333333333333329,0.3333333333333329,0.3333333333333329,0.3333333333333329,0.3333333333333329,16932,16434,16434,3978,910,3828,0.2349397590361446,0.0553730071802361,0.2329317269076305,0.05262225372076541,0.009614214433491542,0.06121455519045881,0.3037056302332278,0.1377662925145114,0.3282797112012037,0.7860585585585761,0.5872125397579891,0.7643534613504703,0.2393101819040869,0.05013995375441158,0.2332968236582695,0.2305693361682022,0.06060606060606061,0.2325666301569916,0.06921804866524923,0.01338688085676037,0.07971279055616405,0.0360264587762816,0.005841548010222709,0.04271631982475356
"s07_dual_role_credit","Equal-AOP","DASCMOP5","DAS-CMOP",100,50000,1,239901,"all",249,400,50000,0.3333333333333332,0.3333333333333332,0.3333333333333332,0.3333333333333329,0.3333333333333329,0.3333333333333329,0.3333333333333329,0.3333333333333329,0.3333333333333329,16932,16434,16434,4371,1072,4026,0.2581502480510277,0.06523061944748691,0.2449799196787149,0.01866288684148358,0.005841548010222709,0.02628696604600219,0.2302171660738544,0.1259283909038579,0.2580108987928767,0.7777681063059833,0.5986478723642806,0.7637000776540521,0.2674226317032837,0.06267494219301448,0.2538639406109285,0.2488778643987715,0.06778629670195935,0.2360958987465012,0.02775809118828254,0.008640623098454423,0.03638797614701229,0.009567682494684621,0.003042472921990994,0.01618595594499209
"s07_dual_role_credit","Equal-AOP","DASCMOP5","DAS-CMOP",100,50000,2,239902,"all",249,400,50000,0.3333333333333332,0.3333333333333332,0.3333333333333332,0.3333333333333329,0.3333333333333329,0.3333333333333329,0.3333333333333329,0.3333333333333329,0.3333333333333329,16932,16434,16434,3509,817,3342,0.2072407276163477,0.04971400754533285,0.2033588901058781,0.07500590597684857,0.01782889132286723,0.0927345746622855,0.3104943437240567,0.1124029788229245,0.3135830793651438,0.7942870084883662,0.578246019251564,0.7631305531381725,0.1905268131348925,0.045271997079226,0.184130461238895,0.223954642097803,0.0541560180114397,0.2225873189728611,0.09425939050318922,0.02068881586953876,0.1214555190458805,0.05575242145050791,0.01496896677619569,0.06401363027869052
"s07_dual_role_credit","Equal-AOP","DASCMOP5","DAS-CMOP",100,50000,3,239903,"all",249,400,50000,0.3333333333333332,0.3333333333333332,0.3333333333333332,0.3333333333333329,0.3333333333333329,0.3333333333333329,0.3333333333333329,0.3333333333333329,0.3333333333333329,16932,16434,16434,4423,839,3797,0.2612213560122844,0.05105269563100889,0.2310453936959961,0.0001181195369714151,0,0,0.1746909032534963,0.06279318348257627,0.1683941990188736,0.801117960582182,0.576064412740541,0.7613689596649781,0.2752185211433971,0.05732018985031033,0.2393817695022514,0.2472241908811718,0.04478520141170744,0.2227090178897408,0.0002362390739428301,0,0,0,0,0
"s07_dual_role_credit","Equal-AOP","DASCMOP5","DAS-CMOP",100,50000,4,239904,"all",249,400,50000,0.3333333333333332,0.3333333333333332,0.3333333333333332,0.3333333333333329,0.3333333333333329,0.3333333333333329,0.3333333333333329,0.3333333333333329,0.3333333333333329,16932,16434,16434,3685,972,3762,0.2176352468698323,0.05914567360350493,0.2289156626506024,0.1122135601228443,0.03133747109650724,0.1393452598271875,0.371428167975963,0.1953810435658629,0.413564106940569,0.7767441448170355,0.594256491818363,0.7678938694523739,0.2064729506260335,0.04551539491298527,0.2095655348667397,0.228797543113631,0.07277595229402459,0.2482657904344651,0.1422159225135838,0.03419739564317877,0.1720822684678106,0.08221119773210489,0.02847754654983571,0.1066082511865644
"s07_dual_role_credit","Equal-AOP","DASCMOP5","DAS-CMOP",100,50000,5,239905,"all",249,400,50000,0.3333333333333332,0.3333333333333332,0.3333333333333332,0.3333333333333329,0.3333333333333329,0.3333333333333329,0.3333333333333329,0.3333333333333329,0.3333333333333329,16932,16434,16434,4112,1131,3956,0.2428537680132294,0.0688207374954363,0.2407204575879275,0.04665721710370895,0.02452233175124741,0.07563587684069611,0.2809822748158051,0.1596511759657222,0.312273184177159,0.7806800434375218,0.602728737038648,0.7625392969759283,0.2452161587526577,0.064865522696848,0.2452233175124741,0.2404913772738011,0.07277595229402459,0.2362175976633808,0.06378454996456413,0.02628696604600219,0.09979311184130461,0.02952988424285377,0.02275769745649264,0.05147864184008762
"s07_dual_role_credit","Equal-AOP","DASCMOP6","DAS-CMOP",100,50000,1,240001,"all",249,400,50000,0.3333333333333332,0.3333333333333332,0.3333333333333332,0.3333333333333329,0.3333333333333329,0.3333333333333329,0.3333333333333329,0.3333333333333329,0.3333333333333329,16932,16434,16434,4168,794,3853,0.246161115048429,0.04831447000121699,0.234452963368626,0.04807465154736593,0.02147985882925642,0.08074723134964099,0.2779587860229158,0.1255796333332206,0.297620027320269,0.7821895799120732,0.571828186057287,0.7558917202450546,0.2530120481927711,0.06413532919557016,0.2553243276134842,0.2393101819040869,0.03249361080686382,0.2135815991237678,0.06685565792582093,0.03225021297310454,0.1120847024461482,0.02929364516891094,0.0107095046854083,0.04940976025313375
"s07_dual_role_credit","Equal-AOP","DASCMOP6","DAS-CMOP",100,50000,2,240002,"all",249,400,50000,0.3333333333333332,0.3333333333333332,0.3333333333333332,0.3333333333333329,0.3333333333333329,0.3333333333333329,0.3333333333333329,0.3333333333333329,0.3333333333333329,16932,16434,16434,4092,911,3914,0.2416725726435152,0.05543385663867591,0.238164780333455,0.04441294590125207,0.01715954728002921,0.05616405013995376,0.2625724585112762,0.1280587256368063,0.2767626640304301,0.7742077881165561,0.5806711533567978,0.751962269873715,0.241318214032601,0.06644760861628332,0.2475355969331873,0.2420269312544295,0.04442010466106851,0.2287939637337228,0.0564611386723364,0.02154070828769624,0.0725325544602653,0.03236475313016773,0.01277838627236218,0.0397955458196422
"s07_dual_role_credit","Equal-AOP","DASCMOP6","DAS-CMOP",100,50000,3,240003,"all",249,400,50000,0.3333333333333332,0.3333333333333332,0.3333333333333332,0.3333333333333329,0.3333333333333329,0.3333333333333329,0.3333333333333329,0.3333333333333329,0.3333333333333329,16932,16434,16434,3892,884,3743,0.2298606189463737,0.05379092126080078,0.2277595229402458,0.05315379163713678,0.01612510648655227,0.0672995010344408,0.2812421142090185,0.1219524696906776,0.2921920344781371,0.7740557697904026,0.57980555254684,0.7479162836787502,0.2305693361682022,0.06462212486308871,0.2342704149933066,0.2291519017245452,0.04295971765851284,0.2212486308871851,0.07087172218284904,0.01922842886698308,0.09030059632469271,0.03543586109142452,0.01302178410612146,0.04429840574418888
"s07_dual_role_credit","Equal-AOP","DASCMOP6","DAS-CMOP",100,50000,4,240004,"all",249,400,50000,0.3333333333333332,0.3333333333333332,0.3333333333333332,0.3333333333333329,0.3333333333333329,0.3333333333333329,0.3333333333333329,0.3333333333333329,0.3333333333333329,16932,16434,16434,4010,769,3619,0.2368296716276872,0.04679323354022149,0.2202141900937082,0.05675643751476494,0.01186564439576488,0.06778629670195935,0.2787949422881972,0.1014957968258213,0.2750786680045137,0.7871231383196029,0.5733819271688069,0.7520699904642993,0.2335223245924876,0.0553730071802361,0.2205184373859073,0.2401370186628868,0.03821345990020689,0.2199099428015091,0.0767776990314198,0.01703784836314957,0.0881100158208592,0.03673517599811009,0.006693440428380187,0.04746257758305951
"s07_dual_role_credit","Equal-AOP","DASCMOP6","DAS-CMOP",100,50000,5,240005,"all",249,400,50000,0.3333333333333332,0.3333333333333332,0.3333333333333332,0.3333333333333329,0.3333333333333329,0.3333333333333329,0.3333333333333329,0.3333333333333329,0.3333333333333329,16932,16434,16434,3992,905,3725,0.2357665957949445,0.05506875988803699,0.2266642326883291,0.04825183085282306,0.0119264938542047,0.06060606060606061,0.2853099261861266,0.1304260474164423,0.3053547535382059,0.8061324354366678,0.5969058630201424,0.7756111566895073,0.2311599338530593,0.06827309236947791,0.2402336619204089,0.2403732577368297,0.04186442740659608,0.2130948034562492,0.06059532246633594,0.01667275161251065,0.07533162954849702,0.03590833923931018,0.007180236095898747,0.04588049166362419
"s07_dual_role_credit","Equal-AOP","DASCMOP7","DAS-CMOP",100,50000,1,240101,"all",249,400,50000,0.3333333333333332,0.3333333333333332,0.3333333333333332,0.3333333333333329,0.3333333333333329,0.3333333333333329,0.3333333333333329,0.3333333333333329,0.3333333333333329,16932,16434,16434,3459,863,3204,0.2042877391920624,0.05251308263356456,0.1949616648411829,0.1407394283014411,0.03249361080686382,0.171960569550931,0.3636118000385866,0.1696478253252045,0.3830594743560394,0.7197639956555738,0.5042278317124206,0.6983019172686047,0.2130876446964328,0.042229524157235,0.1914323962516734,0.1954878336876919,0.06279664110989412,0.1984909334306925,0.180132293881408,0.03200681513934526,0.2001947182670074,0.1013465627214741,0.03298040647438238,0.1437264208348546
"s07_dual_role_credit","Equal-AOP","DASCMOP7","DAS-CMOP",100,50000,2,240102,"all",249,400,50000,0.3333333333333332,0.3333333333333332,0.3333333333333332,0.3333333333333329,0.3333333333333329,0.3333333333333329,0.3333333333333329,0.3333333333333329,0.3333333333333329,16932,16434,16434,3929,710,3388,0.2320458303803449,0.04320311549227212,0.2061579651941098,0.03336876919442476,0.003468419131069734,0.03602287939637337,0.235628864135297,0.06973172388392811,0.2131725735117966,0.7559733912561658,0.4801425764244304,0.6924304602669352,0.2396645405150012,0.04478520141170744,0.2099306316173786,0.2244271202456886,0.0416210295728368,0.2023852987708409,0.04086935979210961,0.003894365340148473,0.04259462090787392,0.0258681785967399,0.003042472921990994,0.02945113788487282
"s07_dual_role_credit","Equal-AOP","DASCMOP7","DAS-CMOP",100,50000,3,240103,"all",249,400,50000,0.3333333333333332,0.3333333333333332,0.3333333333333332,0.3333333333333329,0.3333333333333329,0.3333333333333329,0.3333333333333329,0.3333333333333329,0.3333333333333329,16932,16434,16434,3972,827,3357,0.2345854004252303,0.05032250212973104,0.2042716319824754,0.05451216631230806,0.009005719849093343,0.06462212486308871,0.2798487950556899,0.09500592736819399,0.2669829534864415,0.7475831016470278,0.4899455456289913,0.69052684518179,0.2473423104181432,0.05196543750760618,0.2225873189728611,0.2218284904323175,0.04867956675185591,0.1859559449920896,0.06567446255610677,0.0113179992698065,0.08007788730680297,0.04334987006850933,0.006693440428380187,0.04916636241937447
"s07_dual_role_credit","Equal-AOP","DASCMOP7","DAS-CMOP",100,50000,4,240104,"all",249,400,50000,0.3333333333333332,0.3333333333333332,0.3333333333333332,0.3333333333333329,0.3333333333333329,0.3333333333333329,0.3333333333333329,0.3333333333333329,0.3333333333333329,16932,16434,16434,3902,954,3487,0.2304512166312308,0.05805038335158817,0.2121820615796519,0.1134538152610442,0.02598271875380309,0.1352683461117196,0.3284754565921249,0.1431183806305349,0.3445380679095871,0.7244213855022206,0.5082744244319869,0.7074468133394711,0.2374202693125443,0.0523305342582451,0.2179627601314348,0.2234821639499173,0.06377023244493124,0.206401363027869,0.1384360973304985,0.02811244979919679,0.1646586345381526,0.08847153319158989,0.0238529877084094,0.1058780576852866
"s07_dual_role_credit","Equal-AOP","DASCMOP7","DAS-CMOP",100,50000,5,240105,"all",249,400,50000,0.3333333333333332,0.3333333333333332,0.3333333333333332,0.3333333333333329,0.3333333333333329,0.3333333333333329,0.3333333333333329,0.3333333333333329,0.3333333333333329,16932,16434,16434,4163,920,3707,0.2458658162060005,0.0559815017646343,0.2255689424364123,0.01004016064257028,0.001642935377875137,0.01241328952172326,0.2214809467441,0.07772934895789299,0.2088013109595235,0.741742614772407,0.4988369685822371,0.6997329070396641,0.2616347743916844,0.05926737252038457,0.2364609954971401,0.2300968580203166,0.05269563100888402,0.2146768893756845,0.01311126860382707,0.002190580503833516,0.01582085919435317,0.006969052681313489,0.001095290251916758,0.009005719849093343
"s07_dual_role_credit","Equal-AOP","DASCMOP8","DAS-CMOP",100,50000,1,240201,"all",249,400,50000,0.3333333333333332,0.3333333333333332,0.3333333333333332,0.3333333333333329,0.3333333333333329,0.3333333333333329,0.3333333333333329,0.3333333333333329,0.3333333333333329,16932,16434,16434,3873,741,3358,0.2287384833451453,0.04508944870390653,0.2043324814409152,0.122785258681786,0.01667275161251065,0.1237677984665937,0.3552028644972846,0.1204056164448635,0.3366910139018844,0.7162879852937529,0.4819894596024767,0.6796284487218545,0.2329317269076305,0.04210782524035536,0.2146768893756845,0.2245452397826601,0.04807107216745771,0.1939880735061458,0.1497755728797543,0.02056711695265912,0.1472556894243641,0.09579494448381762,0.01277838627236218,0.1002799075088232
"s07_dual_role_credit","Equal-AOP","DASCMOP8","DAS-CMOP",100,50000,2,240202,"all",249,400,50000,0.3333333333333332,0.3333333333333332,0.3333333333333332,0.3333333333333329,0.3333333333333329,0.3333333333333329,0.3333333333333329,0.3333333333333329,0.3333333333333329,16932,16434,16434,3868,741,3277,0.2284431845027168,0.04508944870390653,0.1994036753072898,0.08669974013701866,0.01216989168796398,0.1042959717658513,0.3127134088863763,0.1146666216567847,0.3188623842622758,0.7230505283350344,0.4765821266282708,0.6837649371299617,0.2362390739428301,0.0440550079104296,0.2083485456979433,0.2206472950626034,0.04612388949738348,0.1904588049166362,0.1074887786439877,0.01229159060484362,0.1291225508092978,0.06591070163004961,0.01204819277108434,0.07946939272240477
"s07_dual_role_credit","Equal-AOP","DASCMOP8","DAS-CMOP",100,50000,3,240203,"all",249,400,50000,0.3333333333333332,0.3333333333333332,0.3333333333333332,0.3333333333333329,0.3333333333333329,0.3333333333333329,0.3333333333333329,0.3333333333333329,0.3333333333333329,16932,16434,16434,3819,853,3397,0.2255492558469171,0.05190458804916636,0.2067056103200682,0.04169619655090952,0.006997687720579287,0.04490690032858707,0.2462828146571891,0.09702072309204562,0.2413411600551478,0.7134861317088941,0.4912622823897593,0.67540900525682,0.2442712024568864,0.05245223317512474,0.2201533406352683,0.2068273092369478,0.05135694292320798,0.193257880004868,0.04831089062130876,0.008762322015334063,0.05196543750760618,0.03508150248051028,0.00523305342582451,0.03784836314956797
"s07_dual_role_credit","Equal-AOP","DASCMOP8","DAS-CMOP",100,50000,4,240204,"all",249,400,50000,0.3333333333333332,0.3333333333333332,0.3333333333333332,0.3333333333333329,0.3333333333333329,0.3333333333333329,0.3333333333333329,0.3333333333333329,0.3333333333333329,16932,16434,16434,3453,986,3535,0.2039333805811481,0.05999756602166241,0.2151028355847633,0.129636191826128,0.04210782524035536,0.1773153218936351,0.3557546302131919,0.1916536033807817,0.402710523783004,0.6977748937577443,0.5101178186652017,0.6930517550070153,0.2091896999763761,0.0517220396738469,0.2156504807107217,0.1986770611859202,0.06827309236947791,0.2145551904588049,0.1556815497283251,0.04295971765851284,0.2061579651941098,0.103590833923931,0.04125593282219788,0.1484726785931605
"s07_dual_role_credit","Equal-AOP","DASCMOP8","DAS-CMOP",100,50000,5,240205,"all",249,400,50000,0.3333333333333332,0.3333333333333332,0.3333333333333332,0.3333333333333329,0.3333333333333329,0.3333333333333329,0.3333333333333329,0.3333333333333329,0.3333333333333329,16932,16434,16434,3548,865,3436,0.2095440585872903,0.0526347815504442,0.2090787391992211,0.1404441294590125,0.01861993428258488,0.1497505172203967,0.3466621849729671,0.1189400650422578,0.341921759540748,0.7139643647845575,0.4862365788429922,0.6820221398154015,0.219111741081975,0.05646829743215286,0.2245345016429354,0.1999763760926057,0.04880126566873555,0.1936229767555069,0.1685565792582093,0.022635998539613,0.179749300231228,0.1123316796598157,0.01460387002555677,0.1197517342095655
"s07_dual_role_credit","Equal-AOP","DASCMOP9","DAS-CMOP",100,50000,1,240301,"all",249,400,50000,0.3333333333333332,0.3333333333333332,0.3333333333333332,0.3333333333333329,0.3333333333333329,0.3333333333333329,0.3333333333333329,0.3333333333333329,0.3333333333333329,16932,16434,16434,1561,1618,1141,0.09219229860618947,0.09845442375562857,0.06942923207983449,0.2790574060949681,0.1305220883534137,0.2461360593890714,0.7010876378271185,0.6266718746828575,0.6785020150132044,0.6400799393753061,0.7052232213719376,0.6533984582366885,0.06909992912827782,0.02178410612145552,0.04259462090787392,0.1152846680841011,0.1751247413898016,0.09626384325179506,0.4859437751004016,0.2334185225751491,0.4299622733357673,0.07217103708953461,0.02762565413167823,0.06230984544237556
"s07_dual_role_credit","Equal-AOP","DASCMOP9","DAS-CMOP",100,50000,2,240302,"all",249,400,50000,0.3333333333333332,0.3333333333333332,0.3333333333333332,0.3333333333333329,0.3333333333333329,0.3333333333333329,0.3333333333333329,0.3333333333333329,0.3333333333333329,16932,16434,16434,1429,1562,1137,0.08439640916607608,0.09504685408299866,0.0691858342460752,0.2824238128986534,0.1277838627236218,0.2494827796032615,0.7003342238140823,0.624010805887567,0.6771920622004248,0.642569436945861,0.7059039943168908,0.6546840434682943,0.07039924403496338,0.01995862236826092,0.03857855665084581,0.09839357429718876,0.1701350857977364,0.09979311184130461,0.4969288920387432,0.2309845442375563,0.4328830473408787,0.06791873375856367,0.02458318120968724,0.0660825118656444
"s07_dual_role_credit","Equal-AOP","DASCMOP9","DAS-CMOP",100,50000,3,240303,"all",249,400,50000,0.3333333333333332,0.3333333333333332,0.3333333333333332,0.3333333333333329,0.3333333333333329,0.3333333333333329,0.3333333333333329,0.3333333333333329,0.3333333333333329,16932,16434,16434,1545,1602,1201,0.09124734231041814,0.09748083242059145,0.07308019958622368,0.2844318450271675,0.1302178410612146,0.2514299622733357,0.7138332083189668,0.6208426700920623,0.6859157121807402,0.6280040639313581,0.6814307462588496,0.6376135721729982,0.06543822348216395,0.02397468662528903,0.04235122307411464,0.1170564611386723,0.1709869782158939,0.1038091760983327,0.5,0.2373128879152976,0.4452963368626019,0.06886369005433499,0.02312279420713156,0.05756358768406961
"s07_dual_role_credit","Equal-AOP","DASCMOP9","DAS-CMOP",100,50000,4,240304,"all",249,400,50000,0.3333333333333332,0.3333333333333332,0.3333333333333332,0.3333333333333329,0.3333333333333329,0.3333333333333329,0.3333333333333329,0.3333333333333329,0.3333333333333329,16932,16434,16434,1366,1631,1114,0.0806756437514765,0.09924546671534623,0.06778629670195935,0.2907512402551382,0.1367895825727151,0.2528294998174516,0.7010217585189202,0.6283492061155416,0.6834745723216181,0.6348672202463171,0.705612037794123,0.6507655470370206,0.06721001653673518,0.02239260070585372,0.04113423390531824,0.09414127096621781,0.1760983327248387,0.09443835949860047,0.5059059768485707,0.2441280272605574,0.4350736278447122,0.07559650366170564,0.02945113788487282,0.07058537179019107
"s07_dual_role_credit","Equal-AOP","DASCMOP9","DAS-CMOP",100,50000,5,240305,"all",249,400,50000,0.3333333333333332,0.3333333333333332,0.3333333333333332,0.3333333333333329,0.3333333333333329,0.3333333333333329,0.3333333333333329,0.3333333333333329,0.3333333333333329,16932,16434,16434,1436,1560,1148,0.08480982754547602,0.09492515516611902,0.06985517828891323,0.2890975667375384,0.1235244006328344,0.2465620055981502,0.6989310132113794,0.62216257573017,0.6796731888409042,0.6312221688288348,0.7052218076171888,0.6515228295304936,0.07228915662650602,0.02190580503833516,0.03991724473652185,0.09733049846444602,0.1679445052939029,0.09979311184130461,0.4962201748169147,0.2211269319703055,0.4239990264086649,0.08197495865816205,0.02592186929536327,0.06912498478763539
"s07_dual_role_credit","Equal-AOP","LIRCMOP10","LIR-CMOP",100,50000,1,239001,"all",249,400,50000,0.3333333333333332,0.3333333333333332,0.3333333333333332,0.3333333333333329,0.3333333333333329,0.3333333333333329,0.3333333333333329,0.3333333333333329,0.3333333333333329,16932,16434,16434,2337,2221,2317,0.1380226789510985,0.13514664719484,0.1409881952050627,0.6859792109614931,0.7046367287331142,0.7513082633564562,0.9226138486886468,0.9078578247151473,0.929980567826469,0.7828002033101592,0.8051644411320742,0.7935402204280123,0.1494212142688401,0.1212121212121212,0.1457953024218084,0.1266241436333569,0.1490811731775587,0.1361810879883169,0.8354594849988188,0.7620786175003043,0.8442253863940611,0.5364989369241673,0.6471948399659243,0.6583911403188512
"s07_dual_role_credit","Equal-AOP","LIRCMOP10","LIR-CMOP",100,50000,2,239002,"all",249,400,50000,0.3333333333333332,0.3333333333333332,0.3333333333333332,0.3333333333333329,0.3333333333333329,0.3333333333333329,0.3333333333333329,0.3333333333333329,0.3333333333333329,16932,16434,16434,2060,2194,2345,0.1216631230805575,0.1335037118169648,0.1426919800413776,0.6741672572643516,0.6903371059997566,0.7342095655348667,0.9196859760111818,0.901715430815855,0.9243790680275358,0.8287422013237269,0.8592864069558518,0.8476146248829405,0.13772738010867,0.1187781428745284,0.1509066569307533,0.1055988660524451,0.1482292807594013,0.134477303152002,0.8284904323175053,0.7450407691371547,0.8357064622124863,0.5198440822111977,0.6356334428623586,0.6327126688572472
"s07_dual_role_credit","Equal-AOP","LIRCMOP10","LIR-CMOP",100,50000,3,239003,"all",249,400,50000,0.3333333333333332,0.3333333333333332,0.3333333333333332,0.3333333333333329,0.3333333333333329,0.3333333333333329,0.3333333333333329,0.3333333333333329,0.3333333333333329,16932,16434,16434,2215,2233,2388,0.1308173871958422,0.1358768406961178,0.1453085067542899,0.7184620836286322,0.6982475355969332,0.7589752951198734,0.9485233335821477,0.9242113149113753,0.9455907591492178,0.7965287724753336,0.8433176817518483,0.8204223840142457,0.1380817387195842,0.1337471096507241,0.1534623341852258,0.1235530356721002,0.1380065717415115,0.137154679323354,0.7870304748405387,0.7848363149567968,0.8363149567968845,0.6498936924167257,0.6116587562370694,0.6816356334428624
"s07_dual_role_credit","Equal-AOP","LIRCMOP10","LIR-CMOP",100,50000,4,239004,"all",249,400,50000,0.3333333333333332,0.3333333333333332,0.3333333333333332,0.3333333333333329,0.3333333333333329,0.3333333333333329,0.3333333333333329,0.3333333333333329,0.3333333333333329,16932,16434,16434,1919,2045,2113,0.1133356957240728,0.1244371425094317,0.1285749056833394,0.6694424757854949,0.6572350006084946,0.7184495557989534,0.9310398761979791,0.9040519694032898,0.9302113068036126,0.8120086251457763,0.8533119705157977,0.8367858862179853,0.1270966217812426,0.1167092612875745,0.1408056468297432,0.0995747696669029,0.1321650237312888,0.1163441645369356,0.7559650366170565,0.723986856516977,0.799683582816113,0.5829199149539334,0.5904831447000122,0.6372155287817939
"s07_dual_role_credit","Equal-AOP","LIRCMOP10","LIR-CMOP",100,50000,5,239005,"all",249,400,50000,0.3333333333333332,0.3333333333333332,0.3333333333333332,0.3333333333333329,0.3333333333333329,0.3333333333333329,0.3333333333333329,0.3333333333333329,0.3333333333333329,16932,16434,16434,2030,2165,2225,0.1198913300259863,0.1317390775222101,0.1353900450285992,0.6579848806992676,0.6724473652184496,0.7157721796276013,0.9144024654249657,0.8961595113907747,0.919362768474254,0.8405120083755931,0.8687637108536594,0.8577585290298544,0.1305220883534137,0.1212121212121212,0.1456736035049288,0.1092605716985589,0.1422660338322989,0.1251064865522697,0.8196314670446492,0.727029329438968,0.8181818181818182,0.4963382943538862,0.6178654009979311,0.6133625410733844
"s07_dual_role_credit","Equal-AOP","LIRCMOP11","LIR-CMOP",100,50000,1,239101,"all",249,400,50000,0.3333333333333332,0.3333333333333332,0.3333333333333332,0.3333333333333329,0.3333333333333329,0.3333333333333329,0.3333333333333329,0.3333333333333329,0.3333333333333329,16932,16434,16434,2503,2456,2499,0.147826600519726,0.1494462699281977,0.1520627966411099,0.6031183557760453,0.4231471339905075,0.5583546306437873,0.8655647707451295,0.8013745564862097,0.8466075798772466,0.8344704094277882,0.8989255206125415,0.8689423247086978,0.152256083156154,0.1075818425216016,0.1471339905074845,0.1433971178832979,0.1913106973347937,0.1569916027747353,0.7284431845027167,0.5960812948764757,0.727029329438968,0.4777935270493739,0.2502129731045394,0.3896799318486066
"s07_dual_role_credit","Equal-AOP","LIRCMOP11","LIR-CMOP",100,50000,2,239102,"all",249,400,50000,0.3333333333333332,0.3333333333333332,0.3333333333333332,0.3333333333333329,0.3333333333333329,0.3333333333333329,0.3333333333333329,0.3333333333333329,0.3333333333333329,16932,16434,16434,2237,2283,2506,0.1321167021025278,0.1389193136181088,0.1524887428501886,0.4300732341129223,0.3467810636485335,0.4453571863210418,0.7938680571422037,0.7494942380492065,0.7954175374846106,0.7564892134170533,0.7749273063204739,0.7610098159697031,0.1462319867706119,0.1063648533528052,0.1593038821954485,0.1180014174344437,0.1714737738834125,0.1456736035049288,0.6139853531774155,0.5203845685773396,0.6448825605452112,0.246161115048429,0.1731775587197274,0.2458318120968723
"s07_dual_role_credit","Equal-AOP","LIRCMOP11","LIR-CMOP",100,50000,3,239103,"all",249,400,50000,0.3333333333333332,0.3333333333333332,0.3333333333333332,0.3333333333333329,0.3333333333333329,0.3333333333333329,0.3333333333333329,0.3333333333333329,0.3333333333333329,16932,16434,16434,2575,2685,2881,0.1520789038506969,0.1633807959109164,0.1753072897651211,0.5235648476257974,0.3948521358159912,0.5088840209322137,0.8303589258006915,0.7804752041726002,0.8275534453462609,0.8262480515518477,0.8687112102163177,0.8500844059185348,0.1673753838884952,0.1265668735548253,0.1857125471583303,0.1367824238128987,0.2001947182670074,0.1649020323719119,0.7312780533900307,0.6099549714007545,0.7410247048801266,0.3158516418615639,0.179749300231228,0.2767433369843008
"s07_dual_role_credit","Equal-AOP","LIRCMOP11","LIR-CMOP",100,50000,4,239104,"all",249,400,50000,0.3333333333333332,0.3333333333333332,0.3333333333333332,0.3333333333333329,0.3333333333333329,0.3333333333333329,0.3333333333333329,0.3333333333333329,0.3333333333333329,16932,16434,16434,2840,2732,2712,0.1677297424994094,0.1662407204575879,0.1650237312887915,0.4999409402315143,0.4028234148716077,0.5165510526956311,0.8229874189364859,0.7811354861059606,0.8255032364564887,0.8422175220335024,0.8756946378861732,0.859514120268583,0.1821403260099221,0.1290008518924182,0.1808445904831447,0.1533191589888968,0.2034805890227577,0.1492028720944384,0.7171037089534609,0.6071558963125229,0.7434586832177194,0.2827781715095677,0.1984909334306925,0.2896434221735427
"s07_dual_role_credit","Equal-AOP","LIRCMOP11","LIR-CMOP",100,50000,5,239105,"all",249,400,50000,0.3333333333333332,0.3333333333333332,0.3333333333333332,0.3333333333333329,0.3333333333333329,0.3333333333333329,0.3333333333333329,0.3333333333333329,0.3333333333333329,16932,16434,16434,2213,2308,2345,0.1306992676588708,0.1404405500791043,0.1426919800413776,0.6065438223482164,0.4148107581842522,0.5484970183765364,0.86775189340193,0.8003767178710003,0.8432049065981954,0.8265296348795874,0.88879972926696,0.8607620626748986,0.1325301204819277,0.1022270901788974,0.1400754533284654,0.1288684148358138,0.1786540099793112,0.1453085067542899,0.7096621781242618,0.591578434951929,0.7126688572471706,0.503425466572171,0.2380430814165754,0.3843251795059024
"s07_dual_role_credit","Equal-AOP","LIRCMOP12","LIR-CMOP",100,50000,1,239201,"all",249,400,50000,0.3333333333333332,0.3333333333333332,0.3333333333333332,0.3333333333333329,0.3333333333333329,0.3333333333333329,0.3333333333333329,0.3333333333333329,0.3333333333333329,16932,16434,16434,2713,2667,2487,0.1602291519017245,0.1622855056589996,0.151332603139832,0.4140089770848098,0.356760374832664,0.4268589509553365,0.795655211119118,0.7664364760042653,0.8030466976482368,0.8540728860891352,0.8849929500813104,0.8657418733457538,0.1506024096385542,0.09748083242059145,0.1224291103809176,0.1698558941648949,0.2270901788974078,0.1802360958987465,0.6546184738955824,0.5651697699890471,0.6683704515029816,0.1733994802740373,0.1483509796762809,0.1853474504076914
"s07_dual_role_credit","Equal-AOP","LIRCMOP12","LIR-CMOP",100,50000,2,239202,"all",249,400,50000,0.3333333333333332,0.3333333333333332,0.3333333333333332,0.3333333333333329,0.3333333333333329,0.3333333333333329,0.3333333333333329,0.3333333333333329,0.3333333333333329,16932,16434,16434,3516,3724,3855,0.2076541459957477,0.2266033832298893,0.2345746622855057,0.4717694306638318,0.4303273700864063,0.5090057198490934,0.8111133601019285,0.7929848146653156,0.8286940134462527,0.8510179294223512,0.8887382796269073,0.8653643771976949,0.230805575242145,0.2146768893756845,0.26688572471705,0.1845027167493503,0.238529877084094,0.2022635998539613,0.731632412000945,0.7079225994888646,0.7974930023122794,0.2119064493267186,0.1527321406839479,0.2205184373859073
"s07_dual_role_credit","Equal-AOP","LIRCMOP12","LIR-CMOP",100,50000,3,239203,"all",249,400,50000,0.3333333333333332,0.3333333333333332,0.3333333333333332,0.3333333333333329,0.3333333333333329,0.3333333333333329,0.3333333333333329,0.3333333333333329,0.3333333333333329,16932,16434,16434,2597,2230,1930,0.1533782187573825,0.1356942923207984,0.1174394547888524,0.5538625088589653,0.4801022270901789,0.6315565291468906,0.83470481678787,0.7967425335152963,0.8620572506713243,0.8452572786280292,0.9157065121903406,0.8717257483611898,0.1207181667847862,0.06912498478763539,0.09553364975051722,0.1860382707299787,0.2022635998539613,0.1393452598271875,0.6843845972123789,0.6736035049288062,0.7574540586588779,0.4233404205055516,0.2866009492515517,0.5056589996349032
"s07_dual_role_credit","Equal-AOP","LIRCMOP12","LIR-CMOP",100,50000,4,239204,"all",249,400,50000,0.3333333333333332,0.3333333333333332,0.3333333333333332,0.3333333333333329,0.3333333333333329,0.3333333333333329,0.3333333333333329,0.3333333333333329,0.3333333333333329,16932,16434,16434,2783,2626,2448,0.1643633356957241,0.159790677862967,0.1489594742606791,0.4815733522324592,0.4056833394182792,0.5159425581112328,0.8206014489694158,0.7778703630866859,0.832994534025943,0.8576398123096204,0.9114998150607035,0.8779033856585384,0.1167021025277581,0.06121455519045881,0.07715711330169162,0.2120245688636901,0.2583668005354752,0.2207618352196666,0.6943066383179778,0.6327126688572472,0.7103565778264573,0.2688400661469407,0.1786540099793112,0.3215285383960083
"s07_dual_role_credit","Equal-AOP","LIRCMOP12","LIR-CMOP",100,50000,5,239205,"all",249,400,50000,0.3333333333333332,0.3333333333333332,0.3333333333333332,0.3333333333333329,0.3333333333333329,0.3333333333333329,0.3333333333333329,0.3333333333333329,0.3333333333333329,16932,16434,16434,4104,4321,4599,0.2423812898653437,0.2629305099184617,0.2798466593647316,0.4865343727852587,0.437507606182305,0.5270780090057199,0.7966132963610717,0.7818978503018446,0.8210932896214129,0.8729609716977925,0.9069974694652554,0.8876876982357883,0.3074651547365934,0.2953632712668857,0.3676524278933918,0.177297424994094,0.2304977485700377,0.1920408908360716,0.744153082919915,0.7160764269198004,0.7770475842764999,0.2289156626506024,0.1589387854448095,0.2771084337349398
"s07_dual_role_credit","Equal-AOP","LIRCMOP13","LIR-CMOP",100,50000,1,239301,"all",249,400,50000,0.3333333333333332,0.3333333333333332,0.3333333333333332,0.3333333333333329,0.3333333333333329,0.3333333333333329,0.3333333333333329,0.3333333333333329,0.3333333333333329,16932,16434,16434,3779,2013,3020,0.2231868651074888,0.1224899598393574,0.1837653644882561,0.7298606189463738,0.6581477424850919,0.7608616283315078,0.9169495924001106,0.9039970028785022,0.9288020931723978,0.4609209424078899,0.4480081318425242,0.4535436030731871,0.2018662886841484,0.1074601436047219,0.1708652792990142,0.2445074415308292,0.1375197760739929,0.1966654496774979,0.7815969761398536,0.6980649872216137,0.8092977972496045,0.678124261752894,0.6182304977485701,0.7124254594134112
"s07_dual_role_credit","Equal-AOP","LIRCMOP13","LIR-CMOP",100,50000,2,239302,"all",249,400,50000,0.3333333333333332,0.3333333333333332,0.3333333333333332,0.3333333333333329,0.3333333333333329,0.3333333333333329,0.3333333333333329,0.3333333333333329,0.3333333333333329,16932,16434,16434,3821,2015,2999,0.2256673753838885,0.1226116587562371,0.1824875258610199,0.73789274746043,0.6682487525861019,0.7819155409516856,0.9195388080679283,0.9082737676645444,0.9359833579279585,0.4618281860193152,0.4493168627112193,0.455289818459031,0.208599102291519,0.1078252403553608,0.1708652792990142,0.242735648476258,0.1373980771571133,0.1941097724230254,0.7884479092841956,0.7048801265668736,0.8299866131191432,0.6873375856366643,0.6316173786053304,0.7338444687842278
"s07_dual_role_credit","Equal-AOP","LIRCMOP13","LIR-CMOP",100,50000,3,239303,"all",249,400,50000,0.3333333333333332,0.3333333333333332,0.3333333333333332,0.3333333333333329,0.3333333333333329,0.3333333333333329,0.3333333333333329,0.3333333333333329,0.3333333333333329,16932,16434,16434,3819,2032,2982,0.2255492558469171,0.123646099549714,0.1814530850675429,0.7287384833451452,0.6565048071072167,0.768893756845564,0.9152143842285293,0.90298249674125,0.929130166589874,0.4616629471617866,0.4488770898923828,0.4543969424976353,0.2026931254429483,0.1085554338566387,0.1680662042107825,0.2484053862508859,0.1387367652427893,0.1948399659243033,0.7743916843845973,0.6873554825362054,0.8124619690884751,0.6830852823056933,0.625654131678228,0.7253255446026531
"s07_dual_role_credit","Equal-AOP","LIRCMOP13","LIR-CMOP",100,50000,4,239304,"all",249,400,50000,0.3333333333333332,0.3333333333333332,0.3333333333333332,0.3333333333333329,0.3333333333333329,0.3333333333333329,0.3333333333333329,0.3333333333333329,0.3333333333333329,16932,16434,16434,3861,2022,3060,0.2280297661233168,0.1230376049653158,0.1861993428258489,0.741908811717458,0.6576000973591335,0.774309358646708,0.9237425959527014,0.9109563612990659,0.9377319374088691,0.4593576222025837,0.44712341367221,0.4530714418645115,0.2088353413654618,0.108433734939759,0.1718388706340513,0.2472241908811718,0.1376414749908726,0.2005598150176463,0.797661233167966,0.6946574175489838,0.8223195813557259,0.6861563902669502,0.6205427771692832,0.7262991359376901
"s07_dual_role_credit","Equal-AOP","LIRCMOP13","LIR-CMOP",100,50000,5,239305,"all",249,400,50000,0.3333333333333332,0.3333333333333332,0.3333333333333332,0.3333333333333329,0.3333333333333329,0.3333333333333329,0.3333333333333329,0.3333333333333329,0.3333333333333329,16932,16434,16434,3793,2040,3069,0.2240137018662887,0.1241328952172326,0.1867469879518072,0.7421450507914009,0.6678228063770233,0.7808202506997688,0.9230909753669171,0.9077514487642347,0.9357101424050548,0.459636796830204,0.4466329638183277,0.453191316909798,0.2061185920151193,0.1126931970305464,0.173299257636607,0.2419088117174581,0.1355725934039187,0.2001947182670074,0.7886841483581384,0.6968479980528173,0.8190337105999757,0.6956059532246633,0.6387976147012292,0.7426067907995619
"s07_dual_role_credit","Equal-AOP","LIRCMOP14","LIR-CMOP",100,50000,1,239401,"all",249,400,50000,0.3333333333333332,0.3333333333333332,0.3333333333333332,0.3333333333333329,0.3333333333333329,0.3333333333333329,0.3333333333333329,0.3333333333333329,0.3333333333333329,16932,16434,16434,3650,1745,2706,0.2155681549728325,0.1061823049774857,0.1646586345381526,0.6263879045594142,0.512839235730802,0.6288183035170987,0.9202121030328185,0.8999630573215484,0.9344415724339341,0.4609791439325104,0.4473723674072046,0.453825320702277,0.1900543349870069,0.08336375806255324,0.1517585493489108,0.2410819749586582,0.1290008518924182,0.1775587197273944,0.7042286794235767,0.5241572350006085,0.6858950955336498,0.5485471296952515,0.5015212364609954,0.5717415115005476
"s07_dual_role_credit","Equal-AOP","LIRCMOP14","LIR-CMOP",100,50000,2,239402,"all",249,400,50000,0.3333333333333332,0.3333333333333332,0.3333333333333332,0.3333333333333329,0.3333333333333329,0.3333333333333329,0.3333333333333329,0.3333333333333329,0.3333333333333329,16932,16434,16434,3463,1666,2681,0.2045239782660052,0.1013751977607399,0.1631373980771571,0.6131585164186156,0.5029816234635511,0.6190823901667275,0.9183172899891019,0.8903619146773007,0.9264839761925886,0.4595438853369601,0.4461231013406288,0.4525357355446519,0.1845027167493503,0.07740051113545089,0.1492028720944384,0.2245452397826601,0.125349884386029,0.1770719240598759,0.6914717694306638,0.515516611902154,0.6829743215285384,0.5348452634065675,0.4904466350249483,0.5551904588049167
"s07_dual_role_credit","Equal-AOP","LIRCMOP14","LIR-CMOP",100,50000,3,239403,"all",249,400,50000,0.3333333333333332,0.3333333333333332,0.3333333333333332,0.3333333333333329,0.3333333333333329,0.3333333333333329,0.3333333333333329,0.3333333333333329,0.3333333333333329,16932,16434,16434,3526,1735,2680,0.2082447436806048,0.1055738103930875,0.1630765486187173,0.6204819277108434,0.507788730680297,0.634112206401363,0.9182938743316084,0.8990575737778177,0.9337753398029518,0.4599577626398071,0.4477074227926878,0.4527995068122193,0.1846208362863218,0.08762322015334063,0.1461603991724474,0.2318686510748878,0.1235244006328344,0.1799926980649872,0.6852114339711788,0.5252525252525253,0.6893026652062797,0.555752421450508,0.4903249361080687,0.5789217475964464
"s07_dual_role_credit","Equal-AOP","LIRCMOP14","LIR-CMOP",100,50000,4,239404,"all",249,400,50000,0.3333333333333332,0.3333333333333332,0.3333333333333332,0.3333333333333329,0.3333333333333329,0.3333333333333329,0.3333333333333329,0.3333333333333329,0.3333333333333329,16932,16434,16434,3509,1660,2753,0.2072407276163477,0.101010101010101,0.1675185590848241,0.6248523505787857,0.5055373007180236,0.6260800778873068,0.9202235424215944,0.8995463750050081,0.9323420388265801,0.4609000876973997,0.4475641012195671,0.4540198572371779,0.181549728325065,0.07861750030424729,0.152367043933309,0.2329317269076305,0.1234027017159547,0.1826700742363393,0.6976139853531774,0.5220883534136547,0.6829743215285384,0.5520907158043941,0.4889862480223926,0.5691858342460752
"s07_dual_role_credit","Equal-AOP","LIRCMOP14","LIR-CMOP",100,50000,5,239405,"all",249,400,50000,0.3333333333333332,0.3333333333333332,0.3333333333333332,0.3333333333333329,0.3333333333333329,0.3333333333333329,0.3333333333333329,0.3333333333333329,0.3333333333333329,16932,16434,16434,3538,1656,2729,0.2089534609024333,0.1007667031763417,0.1660581720822685,0.624202693125443,0.4999391505415602,0.630765486187173,0.9184783094999204,0.8858661505727563,0.9249937530142471,0.4620800491929299,0.4486958308022293,0.4552642606623049,0.1871013465627215,0.08044298405744189,0.1512717536813922,0.230805575242145,0.1210904222952416,0.1808445904831447,0.688400661469407,0.5268346111719606,0.6877205792868444,0.5600047247814789,0.4730436899111598,0.5738103930875015
"s07_dual_role_credit","Equal-AOP","LIRCMOP1","LIR-CMOP",100,50000,1,238101,"all",249,400,50000,0.3333333333333332,0.3333333333333332,0.3333333333333332,0.3333333333333329,0.3333333333333329,0.3333333333333329,0.3333333333333329,0.3333333333333329,0.3333333333333329,16932,16434,16434,1600,1778,1208,0.09449562957713206,0.1081903371059998,0.07350614579530242,0.03330970942593905,0.02494827796032615,0.01502981623463551,0.7527718066315774,0.7695469744503631,0.757986169430571,0.7018155490031917,0.7178215590980653,0.7002192820817958,0.07890385069690527,0.04210782524035536,0.04368991115979068,0.1100874084573588,0.1742728489716442,0.1033223804308142,0.06650129931490668,0.04977485700377267,0.03005963246927102,0.0001181195369714151,0.0001216989168796398,0
"s07_dual_role_credit","Equal-AOP","LIRCMOP1","LIR-CMOP",100,50000,2,238102,"all",249,400,50000,0.3333333333333332,0.3333333333333332,0.3333333333333332,0.3333333333333329,0.3333333333333329,0.3333333333333329,0.3333333333333329,0.3333333333333329,0.3333333333333329,16932,16434,16434,1370,1703,1226,0.08091188282541932,0.1036266277230133,0.07460143604721918,0.01299314906685566,0.0116222465620056,0.006024096385542169,0.7244426912540463,0.7773374934585241,0.7448588431845217,0.7179687387280441,0.7413842555219339,0.7215036945894551,0.06685565792582093,0.03821345990020689,0.04515029816234636,0.09496810772501772,0.1690397955458196,0.104052573932092,0.02598629813371131,0.0232444931240112,0.0119264938542047,0,0,0.0001216989168796398
"s07_dual_role_credit","Equal-AOP","LIRCMOP1","LIR-CMOP",100,50000,3,238103,"all",249,400,50000,0.3333333333333332,0.3333333333333332,0.3333333333333332,0.3333333333333329,0.3333333333333329,0.3333333333333329,0.3333333333333329,0.3333333333333329,0.3333333333333329,16932,16434,16434,1542,1816,1183,0.09107016300496103,0.1105026165267129,0.07198490933430693,0.02769903141979684,0.01655105269563101,0.01290008518924182,0.7592873051579775,0.7703271773793812,0.7567379026046034,0.7130107115079585,0.7310146119306029,0.7084092298359411,0.08291991495393337,0.03517098697821589,0.04502859924546671,0.09922041105598867,0.1858342460752099,0.09894121942314714,0.05527994330262225,0.03310210539126202,0.02580017037848363,0.0001181195369714151,0,0
"s07_dual_role_credit","Equal-AOP","LIRCMOP1","LIR-CMOP",100,50000,4,238104,"all",249,400,50000,0.3333333333333332,0.3333333333333332,0.3333333333333332,0.3333333333333329,0.3333333333333329,0.3333333333333329,0.3333333333333329,0.3333333333333329,0.3333333333333329,16932,16434,16434,1628,1533,1199,0.09614930309473187,0.09328221978824389,0.07295850066934405,0.01381998582565556,0.009309967141292442,0.004076913715467932,0.7987815383399468,0.8085933379521152,0.7887502155436927,0.6995364473946591,0.6981905070576871,0.6817166441117112,0.06697377746279234,0.03407569672629913,0.03650967506389193,0.1253248287266714,0.1524887428501886,0.1094073262747962,0.02763997165131113,0.01861993428258488,0.008153827430935864,0,0,0
"s07_dual_role_credit","Equal-AOP","LIRCMOP1","LIR-CMOP",100,50000,5,238105,"all",249,400,50000,0.3333333333333332,0.3333333333333332,0.3333333333333332,0.3333333333333329,0.3333333333333329,0.3333333333333329,0.3333333333333329,0.3333333333333329,0.3333333333333329,16932,16434,16434,1568,1840,1263,0.09260571698558942,0.1119630035292686,0.07685286600949251,0.02002126151665486,0.01606425702811245,0.005963246927102349,0.7555394269396295,0.7713374042657908,0.752284472969907,0.6984531234216327,0.705987746429363,0.6880820832884901,0.07748641625324829,0.03918705123524401,0.04028234148716076,0.1077250177179305,0.1847389558232932,0.1134233905318243,0.03980628395936688,0.0321285140562249,0.0119264938542047,0.0002362390739428301,0,0
"s07_dual_role_credit","Equal-AOP","LIRCMOP2","LIR-CMOP",100,50000,1,238201,"all",249,400,50000,0.3333333333333332,0.3333333333333332,0.3333333333333332,0.3333333333333329,0.3333333333333329,0.3333333333333329,0.3333333333333329,0.3333333333333329,0.3333333333333329,16932,16434,16434,1074,1824,1159,0.0634301913536499,0.1109894121942315,0.07052452233175124,0.01937160406331207,0.01332603139832056,0.005050505050505051,0.7685958371175227,0.7741182293553885,0.7603925396424479,0.708268472649244,0.7415875773286194,0.7117901382332453,0.07217103708953461,0.03066812705366922,0.03066812705366922,0.05468934561776518,0.1913106973347937,0.1103809176098333,0.03862508858965273,0.02665206279664111,0.009979311184130462,0.0001181195369714151,0,0.0001216989168796398
"s07_dual_role_credit","Equal-AOP","LIRCMOP2","LIR-CMOP",100,50000,2,238202,"all",249,400,50000,0.3333333333333332,0.3333333333333332,0.3333333333333332,0.3333333333333329,0.3333333333333329,0.3333333333333329,0.3333333333333329,0.3333333333333329,0.3333333333333329,16932,16434,16434,1616,2060,1428,0.09544058587290338,0.125349884386029,0.08689302665206279,0.02628159697613985,0.01490811731775587,0.006815139345259827,0.7910516117113771,0.7713969029446053,0.7747082683435347,0.7032639076107975,0.7180024314037819,0.698205803898174,0.08244743680604771,0.03054642813678958,0.03870025556772545,0.108433734939759,0.2201533406352683,0.1350857977364001,0.05256319395227971,0.02981623463551174,0.01363027869051965,0,0,0
"s07_dual_role_credit","Equal-AOP","LIRCMOP2","LIR-CMOP",100,50000,3,238203,"all",249,400,50000,0.3333333333333332,0.3333333333333332,0.3333333333333332,0.3333333333333329,0.3333333333333329,0.3333333333333329,0.3333333333333329,0.3333333333333329,0.3333333333333329,16932,16434,16434,1175,1914,1247,0.06939522797070635,0.1164658634538153,0.07587927467445539,0.02309236947791165,0.01874163319946453,0.01016185955944992,0.7671780838481318,0.7823604220681074,0.7688775936317316,0.7076810458487934,0.7504845223385649,0.7174450807829189,0.07016300496102056,0.03857855665084581,0.03504928806133625,0.06862745098039216,0.1943531702567847,0.1167092612875745,0.04618473895582329,0.03748326639892905,0.0202020202020202,0,0,0.0001216989168796398
"s07_dual_role_credit","Equal-AOP","LIRCMOP2","LIR-CMOP",100,50000,4,238204,"all",249,400,50000,0.3333333333333332,0.3333333333333332,0.3333333333333332,0.3333333333333329,0.3333333333333329,0.3333333333333329,0.3333333333333329,0.3333333333333329,0.3333333333333329,16932,16434,16434,1492,1910,1385,0.08811717458067564,0.116222465620056,0.08427649993915054,0.0164776754075124,0.009675063891931361,0.004807107216745771,0.7900085982302389,0.7671323958568711,0.7733528103897818,0.7065469730610325,0.7159731574307815,0.6993448138310374,0.06520198440822111,0.02738225629791895,0.03237191188998418,0.1110323647531302,0.205062674942193,0.1361810879883169,0.03295535081502481,0.01935012778386272,0.009370816599732263,0,0,0.0002433978337592795
"s07_dual_role_credit","Equal-AOP","LIRCMOP2","LIR-CMOP",100,50000,5,238205,"all",249,400,50000,0.3333333333333332,0.3333333333333332,0.3333333333333332,0.3333333333333329,0.3333333333333329,0.3333333333333329,0.3333333333333329,0.3333333333333329,0.3333333333333329,16932,16434,16434,1433,2007,1231,0.0846326482400189,0.1221248630887185,0.07490568333941829,0.01872194660996929,0.012839235730802,0.004685408299866131,0.7942939935596706,0.7720817814163262,0.7750315076333345,0.7094487554906027,0.7225991700018147,0.700986357346321,0.07028112449799197,0.0339539978094195,0.03261530972374346,0.09898417198204583,0.2102957283680175,0.1171960569550931,0.03744389321993858,0.02567847146160399,0.009249117682852623,0,0,0.0001216989168796398
"s07_dual_role_credit","Equal-AOP","LIRCMOP3","LIR-CMOP",100,50000,1,238301,"all",249,400,50000,0.3333333333333332,0.3333333333333332,0.3333333333333332,0.3333333333333329,0.3333333333333329,0.3333333333333329,0.3333333333333329,0.3333333333333329,0.3333333333333329,16932,16434,16434,1303,1765,1278,0.07695487833687692,0.1073992941462821,0.07776560788608981,0.02598629813371131,0.01052695631008884,0.0101010101010101,0.7114037131849672,0.6583778585699496,0.6867439384039968,0.6977365947369272,0.7208979130361035,0.7001197100015543,0.08811717458067564,0.02506997687720579,0.04624558841426311,0.0657925820930782,0.1897286114153584,0.1092856273579165,0.05197259626742263,0.02105391262017768,0.0202020202020202,0,0,0
"s07_dual_role_credit","Equal-AOP","LIRCMOP3","LIR-CMOP",100,50000,2,238302,"all",249,400,50000,0.3333333333333332,0.3333333333333332,0.3333333333333332,0.3333333333333329,0.3333333333333329,0.3333333333333329,0.3333333333333329,0.3333333333333329,0.3333333333333329,16932,16434,16434,1306,1937,1263,0.07713205764233404,0.1178654009979311,0.07685286600949251,0.03088825891802504,0.022635998539613,0.01290008518924182,0.7131745747022108,0.5904200442752635,0.660199883066103,0.6991725739348118,0.7219556880109244,0.7024617714136343,0.08788093550673282,0.03663137398077157,0.03967384690276256,0.06638317977793527,0.1990994280150907,0.1140318851162225,0.06177651783605008,0.045271997079226,0.02580017037848363,0,0,0
"s07_dual_role_credit","Equal-AOP","LIRCMOP3","LIR-CMOP",100,50000,3,238303,"all",249,400,50000,0.3333333333333332,0.3333333333333332,0.3333333333333332,0.3333333333333329,0.3333333333333329,0.3333333333333329,0.3333333333333329,0.3333333333333329,0.3333333333333329,16932,16434,16434,1098,1943,1162,0.06484762579730688,0.11823049774857,0.0707070707070707,0.01907630522088354,0.01247413898016308,0.006206644760861628,0.6998195976703105,0.5807804702512394,0.6496730732489163,0.7039201195412516,0.7220768672013858,0.7017087588327648,0.07819513347507678,0.03127662163806742,0.03358890105878058,0.05150011811953697,0.2051843738590726,0.1078252403553608,0.03803449090479565,0.02494827796032615,0.01241328952172326,0.0001181195369714151,0,0
"s07_dual_role_credit","Equal-AOP","LIRCMOP3","LIR-CMOP",100,50000,4,238304,"all",249,400,50000,0.3333333333333332,0.3333333333333332,0.3333333333333332,0.3333333333333329,0.3333333333333329,0.3333333333333329,0.3333333333333329,0.3333333333333329,0.3333333333333329,16932,16434,16434,1222,2023,1316,0.07217103708953461,0.1230984544237556,0.08007788730680297,0.03708953460902433,0.03596202993793355,0.02251429962273336,0.699763687041052,0.6043251855356114,0.660017657266918,0.6930414967463772,0.7274508762929045,0.7039771518310591,0.08374675171273328,0.04563709382986492,0.05208713642448582,0.06059532246633594,0.2005598150176463,0.1080686381891201,0.07406094968107725,0.0719240598758671,0.04502859924546671,0.0001181195369714151,0,0
"s07_dual_role_credit","Equal-AOP","LIRCMOP3","LIR-CMOP",100,50000,5,238305,"all",249,400,50000,0.3333333333333332,0.3333333333333332,0.3333333333333332,0.3333333333333329,0.3333333333333329,0.3333333333333329,0.3333333333333329,0.3333333333333329,0.3333333333333329,16932,16434,16434,1520,1928,1313,0.08977084809827546,0.1173177558719727,0.07989533893148351,0.02321048901488306,0.01460387002555677,0.007849580138736765,0.7169596577427608,0.6684708515249138,0.6887645702681677,0.7057462783429994,0.7180022681894462,0.6995522760336254,0.0854004252303331,0.03164171838870634,0.03809176098332725,0.09414127096621781,0.2029937933552391,0.1216989168796398,0.04642097802976612,0.02920774005111355,0.01569916027747353,0,0,0
"s07_dual_role_credit","Equal-AOP","LIRCMOP4","LIR-CMOP",100,50000,1,238401,"all",249,400,50000,0.3333333333333332,0.3333333333333332,0.3333333333333332,0.3333333333333329,0.3333333333333329,0.3333333333333329,0.3333333333333329,0.3333333333333329,0.3333333333333329,16932,16434,16434,1690,2069,1491,0.09981100874084574,0.1258975295119873,0.09072654253377145,0.03118355776045358,0.01916757940854326,0.009309967141292442,0.7127940657721002,0.6243748949939565,0.6732275627205687,0.7061561078322396,0.7224308557425499,0.7041255005454671,0.0916607606898181,0.03249361080686382,0.04089083607155896,0.1079612567918734,0.2193014482171109,0.1405622489959839,0.06236711552090716,0.03833515881708652,0.01861993428258488,0,0,0
"s07_dual_role_credit","Equal-AOP","LIRCMOP4","LIR-CMOP",100,50000,2,238402,"all",249,400,50000,0.3333333333333332,0.3333333333333332,0.3333333333333332,0.3333333333333329,0.3333333333333329,0.3333333333333329,0.3333333333333329,0.3333333333333329,0.3333333333333329,16932,16434,16434,1736,2133,1561,0.1025277580911883,0.1297918948521358,0.09498600462455885,0.02380108669974014,0.01819398807350615,0.007849580138736765,0.7272114270856338,0.6067134756831432,0.672109074417407,0.7047160201304006,0.7085124160881427,0.6906872283670545,0.08362863217576187,0.03346720214190094,0.04101253498843861,0.1214268840066147,0.2261165875623707,0.1489594742606791,0.04760217339948027,0.03638797614701229,0.01569916027747353,0,0,0
"s07_dual_role_credit","Equal-AOP","LIRCMOP4","LIR-CMOP",100,50000,3,238403,"all",249,400,50000,0.3333333333333332,0.3333333333333332,0.3333333333333332,0.3333333333333329,0.3333333333333329,0.3333333333333329,0.3333333333333329,0.3333333333333329,0.3333333333333329,16932,16434,16434,1210,2059,1374,0.07146231986770611,0.1252890349275891,0.08360715589631253,0.04027876210725254,0.04563709382986492,0.03760496531580869,0.714706986691887,0.6993339904583344,0.7091695096718555,0.7086341561660433,0.7396755188479552,0.7185956213637916,0.073706591070163,0.04186442740659608,0.0529390288426433,0.06921804866524923,0.2087136424485822,0.1142752829499818,0.08055752421450509,0.09127418765972983,0.07520993063161738,0,0,0
"s07_dual_role_credit","Equal-AOP","LIRCMOP4","LIR-CMOP",100,50000,4,238404,"all",249,400,50000,0.3333333333333332,0.3333333333333332,0.3333333333333332,0.3333333333333329,0.3333333333333329,0.3333333333333329,0.3333333333333329,0.3333333333333329,0.3333333333333329,16932,16434,16434,1168,1854,1360,0.0689818095913064,0.1128148959474261,0.08275526347815504,0.04122371840302386,0.03437994401849823,0.03717901910672995,0.7081444844668601,0.6899509488518976,0.7031292362073046,0.7178258230973481,0.7572251500839514,0.733028888019492,0.08020316560359084,0.03346720214190094,0.04953145917001339,0.05776045357902197,0.1921625897529512,0.1159790677862967,0.08244743680604771,0.06875988803699647,0.0743580382134599,0,0,0
"s07_dual_role_credit","Equal-AOP","LIRCMOP4","LIR-CMOP",100,50000,5,238405,"all",249,400,50000,0.3333333333333332,0.3333333333333332,0.3333333333333332,0.3333333333333329,0.3333333333333329,0.3333333333333329,0.3333333333333329,0.3333333333333329,0.3333333333333329,16932,16434,16434,1251,1958,1320,0.07388377037562013,0.1191432396251673,0.08032128514056225,0.02191117410819749,0.01436047219179749,0.007241085554338567,0.693274595977011,0.5841920710208334,0.6508303299112991,0.7132181508479427,0.7453266065422988,0.7193305395385106,0.08126624143633357,0.03042472921990994,0.04028234148716076,0.06650129931490668,0.2078617500304247,0.1203602287939637,0.04370422867942358,0.02872094438359499,0.01448217110867713,0.0001181195369714151,0,0
"s07_dual_role_credit","Equal-AOP","LIRCMOP5","LIR-CMOP",100,50000,1,238501,"all",249,400,50000,0.3333333333333332,0.3333333333333332,0.3333333333333332,0.3333333333333329,0.3333333333333329,0.3333333333333329,0.3333333333333329,0.3333333333333329,0.3333333333333329,16932,16434,16434,2293,1831,2192,0.1354240491377274,0.1114153584033102,0.1333820129000852,0.4883652256083156,0.6533406352683461,0.6617378605330413,0.9795284588710047,0.987354217373517,0.9865110410249218,0.7789005019681969,0.8099233385484106,0.8084530567394594,0.1033545948499882,0.1016185955944992,0.12498478763539,0.1674935034254666,0.1212121212121212,0.1417792381647803,0.5087408457358847,0.6782280637702325,0.6861384933674091,0.4679896054807465,0.6284532067664598,0.6373372276986735
"s07_dual_role_credit","Equal-AOP","LIRCMOP5","LIR-CMOP",100,50000,2,238502,"all",249,400,50000,0.3333333333333332,0.3333333333333332,0.3333333333333332,0.3333333333333329,0.3333333333333329,0.3333333333333329,0.3333333333333329,0.3333333333333329,0.3333333333333329,16932,16434,16434,1712,1721,1510,0.1011103236475313,0.10472191797493,0.09188268224412803,0.6819631467044649,0.5377266642326883,0.6731167092612875,0.9844934489081499,0.9757597694337563,0.9838474152237781,0.7750163935711345,0.8368607506821214,0.7962441966022794,0.08315615402787621,0.07058537179019107,0.07326274796154314,0.1190644932671864,0.138858464159669,0.1105026165267129,0.6450507914008977,0.5351101375197761,0.6374589266155531,0.7188755020080321,0.5403431909456006,0.708774491907022
"s07_dual_role_credit","Equal-AOP","LIRCMOP5","LIR-CMOP",100,50000,3,238503,"all",249,400,50000,0.3333333333333332,0.3333333333333332,0.3333333333333332,0.3333333333333329,0.3333333333333329,0.3333333333333329,0.3333333333333329,0.3333333333333329,0.3333333333333329,16932,16434,16434,1929,1750,1605,0.1139262934089298,0.1064865522696848,0.09766338079591091,0.5341956059532247,0.4567360350492881,0.5362662772301326,0.978360880833146,0.9729636991916153,0.9781182956746287,0.7608880050111085,0.7870875540460459,0.7650821850132037,0.08268367587999055,0.07484483388097846,0.0761835219666545,0.1451689109378691,0.1381282706583911,0.1191432396251673,0.5532719111741082,0.4695144213216502,0.5520262869660461,0.5151193007323411,0.4439576487769259,0.5205062674942194
"s07_dual_role_credit","Equal-AOP","LIRCMOP5","LIR-CMOP",100,50000,4,238504,"all",249,400,50000,0.3333333333333332,0.3333333333333332,0.3333333333333332,0.3333333333333329,0.3333333333333329,0.3333333333333329,0.3333333333333329,0.3333333333333329,0.3333333333333329,16932,16434,16434,1918,1729,1873,0.1132766359555871,0.1052087136424486,0.1139710356577826,0.3342782896291047,0.5548253620542777,0.4960447852014117,0.9716266674150774,0.9838948649921626,0.9799176747691921,0.764061489426801,0.8091961695921267,0.7910412601738923,0.07819513347507678,0.09358646708044298,0.09735913350371182,0.1483581384360973,0.1168309602044542,0.1305829378118535,0.3711315851641862,0.5959595959595959,0.5390045028599245,0.2974249940940232,0.5136911281489595,0.4530850675428988
"s07_dual_role_credit","Equal-AOP","LIRCMOP5","LIR-CMOP",100,50000,5,238505,"all",249,400,50000,0.3333333333333332,0.3333333333333332,0.3333333333333332,0.3333333333333329,0.3333333333333329,0.3333333333333329,0.3333333333333329,0.3333333333333329,0.3333333333333329,16932,16434,16434,1688,2057,1465,0.09969288920387433,0.1251673360107095,0.08914445661433613,0.6972596267422632,0.5904222952415723,0.6914932457101132,0.9863659208684917,0.981379976045055,0.9858583273841142,0.7869526929334278,0.8902574201037754,0.8367401136155013,0.08658162060004725,0.108798831690398,0.08555433856638676,0.1128041578077014,0.1415358403310211,0.0927345746622855,0.6952515946137491,0.6445174637945722,0.696969696969697,0.6992676588707772,0.5363271266885725,0.6860167944505294
"s07_dual_role_credit","Equal-AOP","LIRCMOP6","LIR-CMOP",100,50000,1,238601,"all",249,400,50000,0.3333333333333332,0.3333333333333332,0.3333333333333332,0.3333333333333329,0.3333333333333329,0.3333333333333329,0.3333333333333329,0.3333333333333329,0.3333333333333329,16932,16434,16434,1693,1561,1403,0.09998818804630286,0.09498600462455885,0.0853717901910673,0.4965154736593432,0.5007301935012778,0.4974443227455276,0.9737922258128306,0.9746195334965698,0.9742728235621625,0.7463113287965919,0.808699498327841,0.7789705564532393,0.07406094968107725,0.0719240598758671,0.06644760861628332,0.1259154264115285,0.1180479493732506,0.1042959717658513,0.5448854240491378,0.5248874285018863,0.5207496653279786,0.4481455232695488,0.4765729585006693,0.4741389801630765
"s07_dual_role_credit","Equal-AOP","LIRCMOP6","LIR-CMOP",100,50000,2,238602,"all",249,400,50000,0.3333333333333332,0.3333333333333332,0.3333333333333332,0.3333333333333329,0.3333333333333329,0.3333333333333329,0.3333333333333329,0.3333333333333329,0.3333333333333329,16932,16434,16434,1745,1266,1272,0.1030592960075597,0.07703541438481197,0.07740051113545089,0.5588825891802505,0.4362906170135086,0.5440550079104296,0.9774261572005595,0.9706069242824444,0.976568316068163,0.7463545536893482,0.7954571294773184,0.7583999333845274,0.07488778643987716,0.04892296458561519,0.05281732992576366,0.1312308055752421,0.1051478641840088,0.1019836923451381,0.5881171745806757,0.4299622733357673,0.5435073627844712,0.5296480037798252,0.4426189606912498,0.544602653036388
"s07_dual_role_credit","Equal-AOP","LIRCMOP6","LIR-CMOP",100,50000,3,238603,"all",249,400,50000,0.3333333333333332,0.3333333333333332,0.3333333333333332,0.3333333333333329,0.3333333333333329,0.3333333333333329,0.3333333333333329,0.3333333333333329,0.3333333333333329,16932,16434,16434,1932,1622,1471,0.114103472714387,0.09869782158938785,0.08950955336497506,0.508681785967399,0.5310940732627479,0.5540951685529999,0.9744858864358897,0.976909228172771,0.9778506876461569,0.7430405571327772,0.7902560500353654,0.7572086830186663,0.07665957949444838,0.07058537179019107,0.06632590969940368,0.1515473659343256,0.1268102713885846,0.1126931970305464,0.5122844318450271,0.5108920530607277,0.5456979432883048,0.5050791400897708,0.5512960934647682,0.562492393817695
"s07_dual_role_credit","Equal-AOP","LIRCMOP6","LIR-CMOP",100,50000,4,238604,"all",249,400,50000,0.3333333333333332,0.3333333333333332,0.3333333333333332,0.3333333333333329,0.3333333333333329,0.3333333333333329,0.3333333333333329,0.3333333333333329,0.3333333333333329,16932,16434,16434,1955,1285,1334,0.1154618473895582,0.07819155409516855,0.08117317755871972,0.5732341129222773,0.4034319094560058,0.5732018985031033,0.9783336830205861,0.9680137104187383,0.9782850917713259,0.7535321396043538,0.7958603154256161,0.7564902852184258,0.07984880699267659,0.03760496531580869,0.05147864184008762,0.1510748877864399,0.1187781428745284,0.1108677132773518,0.5939050318922749,0.4065960812948765,0.5693075331629549,0.5525631939522797,0.4002677376171352,0.5770962638432517
"s07_dual_role_credit","Equal-AOP","LIRCMOP6","LIR-CMOP",100,50000,5,238605,"all",249,400,50000,0.3333333333333332,0.3333333333333332,0.3333333333333332,0.3333333333333329,0.3333333333333329,0.3333333333333329,0.3333333333333329,0.3333333333333329,0.3333333333333329,16932,16434,16434,1664,1378,1237,0.09827545476021735,0.0838505537300718,0.07527078009005719,0.6696787148594378,0.4742606790799562,0.6132408421565048,0.9839992784211721,0.973425774181197,0.981172981943301,0.7586723108200346,0.8239099190433592,0.7831258805957341,0.0752421450507914,0.04502859924546671,0.0511135450894487,0.1213087644696433,0.1226725082146769,0.09942801509066569,0.6822584455468934,0.4658634538152611,0.5882925641961787,0.6570989841719821,0.4826579043446513,0.6381891201168309
"s07_dual_role_credit","Equal-AOP","LIRCMOP7","LIR-CMOP",100,50000,1,238701,"all",249,400,50000,0.3333333333333332,0.3333333333333332,0.3333333333333332,0.3333333333333329,0.3333333333333329,0.3333333333333329,0.3333333333333329,0.3333333333333329,0.3333333333333329,16932,16434,16434,1379,1983,1122,0.08144342074179069,0.1206644760861628,0.06827309236947791,0.5844554689345618,0.2712060362662772,0.4945235487404162,0.9769969278009925,0.9558465651639266,0.9722591393314041,0.7983538169132681,0.9173444484233729,0.8461244253475158,0.06154027876210725,0.04575879274674455,0.0529390288426433,0.1013465627214741,0.1955701594255811,0.08360715589631253,0.6631230805575242,0.3502494827796033,0.5220883534136547,0.5057878573115994,0.1921625897529512,0.4669587440671778
"s07_dual_role_credit","Equal-AOP","LIRCMOP7","LIR-CMOP",100,50000,2,238702,"all",249,400,50000,0.3333333333333332,0.3333333333333332,0.3333333333333332,0.3333333333333329,0.3333333333333329,0.3333333333333329,0.3333333333333329,0.3333333333333329,0.3333333333333329,16932,16434,16434,1934,1433,1409,0.1142215922513584,0.0871972739442619,0.08573688694170623,0.4997047011575715,0.3453815261044177,0.4567968845077279,0.9757470863151906,0.9662000895647688,0.9726798488357681,0.7682225054994158,0.8070268190580656,0.7756098098109248,0.07382471060713441,0.03444079347693806,0.05087014725568943,0.1546184738955823,0.1399537544115857,0.120603626627723,0.4991731632412001,0.3245710113179993,0.4194961664841183,0.5002362390739429,0.3661920408908361,0.4940976025313375
"s07_dual_role_credit","Equal-AOP","LIRCMOP7","LIR-CMOP",100,50000,3,238703,"all",249,400,50000,0.3333333333333332,0.3333333333333332,0.3333333333333332,0.3333333333333329,0.3333333333333329,0.3333333333333329,0.3333333333333329,0.3333333333333329,0.3333333333333329,16932,16434,16434,1880,1380,1427,0.1110323647531302,0.08397225264695145,0.08683217719362298,0.4098747932908103,0.3085067542898868,0.3886454910551296,0.9715361996357221,0.9646952686425414,0.9697944067435873,0.7529779363381339,0.7845386087686635,0.7535142506882632,0.06827309236947791,0.03371059997566021,0.04770597541681879,0.1537916371367824,0.1342339053182427,0.1259583789704272,0.4274746042995511,0.2997444322745528,0.3661920408908361,0.3922749822820695,0.3172690763052209,0.4110989412194231
"s07_dual_role_credit","Equal-AOP","LIRCMOP7","LIR-CMOP",100,50000,4,238704,"all",249,400,50000,0.3333333333333332,0.3333333333333332,0.3333333333333332,0.3333333333333329,0.3333333333333329,0.3333333333333329,0.3333333333333329,0.3333333333333329,0.3333333333333329,16932,16434,16434,1967,1129,1360,0.1161705646113867,0.06869903857855665,0.08275526347815504,0.4425348452634066,0.3474504076913715,0.4261287574540586,0.9739291675756154,0.9670782668187664,0.9721393971993417,0.749851312628552,0.7678214935163092,0.7487011694192265,0.07488778643987716,0.0309115248874285,0.04661068516490204,0.1574533427828963,0.1064865522696848,0.1188998417914081,0.4444838176234349,0.3126445174637946,0.3867591578434952,0.4405858729033782,0.3822562979189485,0.4654983570646221
"s07_dual_role_credit","Equal-AOP","LIRCMOP7","LIR-CMOP",100,50000,5,238705,"all",249,400,50000,0.3333333333333332,0.3333333333333332,0.3333333333333332,0.3333333333333329,0.3333333333333329,0.3333333333333329,0.3333333333333329,0.3333333333333329,0.3333333333333329,16932,16434,16434,2243,1103,1566,0.132471060713442,0.06711695265912133,0.09529025191675794,0.2745688636900543,0.2240477059754168,0.2756480467323841,0.9598042911738338,0.9530451741792306,0.9588046228558625,0.7517817779943642,0.7380571207490036,0.7332786449138419,0.06980864635010631,0.02823414871607643,0.0523305342582451,0.1951334750767777,0.1059997566021662,0.1382499695752708,0.3381762343491613,0.2436412315930388,0.3206766459778508,0.2109614930309473,0.2044541803577948,0.2306194474869174
"s07_dual_role_credit","Equal-AOP","LIRCMOP8","LIR-CMOP",100,50000,1,238801,"all",249,400,50000,0.3333333333333332,0.3333333333333332,0.3333333333333332,0.3333333333333329,0.3333333333333329,0.3333333333333329,0.3333333333333329,0.3333333333333329,0.3333333333333329,16932,16434,16434,1892,1144,1254,0.1117410819749587,0.06961178045515395,0.07630522088353414,0.5213205764233404,0.3533528051600341,0.4650724108555434,0.9769760077702658,0.96841167138716,0.9738952611226903,0.7562939780446639,0.8124446092373896,0.7766968749480233,0.0767776990314198,0.03663137398077157,0.0535475234270415,0.1467044649184975,0.1025921869295363,0.09906291834002677,0.5022442712024568,0.3389314835097967,0.429718875502008,0.5403968816442239,0.3677741268102714,0.5004259462090788
"s07_dual_role_credit","Equal-AOP","LIRCMOP8","LIR-CMOP",100,50000,2,238802,"all",249,400,50000,0.3333333333333332,0.3333333333333332,0.3333333333333332,0.3333333333333329,0.3333333333333329,0.3333333333333329,0.3333333333333329,0.3333333333333329,0.3333333333333329,16932,16434,16434,1741,1263,1277,0.1028230569336168,0.07685286600949251,0.07770475842765,0.5515001181195369,0.3543263964950712,0.4809541195083364,0.9778600593611422,0.9696092735391447,0.9742563265514024,0.7557148965414642,0.8272582290710129,0.7815688291228583,0.07347035199622018,0.04016064257028112,0.04940976025313375,0.1321757618710135,0.1135450894487039,0.1059997566021662,0.5649657453342782,0.3767798466593648,0.4751125714981136,0.5380344909047956,0.3318729463307776,0.4867956675185591
"s07_dual_role_credit","Equal-AOP","LIRCMOP8","LIR-CMOP",100,50000,3,238803,"all",249,400,50000,0.3333333333333332,0.3333333333333332,0.3333333333333332,0.3333333333333329,0.3333333333333329,0.3333333333333329,0.3333333333333329,0.3333333333333329,0.3333333333333329,16932,16434,16434,1841,1217,1221,0.1087290337821876,0.0740537909212608,0.07429718875502007,0.3310300023623907,0.2709017889740781,0.3198856030181331,0.9673540357825701,0.965849938478115,0.9673498617438039,0.7363632847658474,0.7776474987342206,0.7458443117786219,0.07016300496102056,0.03590118047949373,0.04697578191554095,0.1472950626033546,0.1122064013630279,0.1016185955944992,0.3589652728561304,0.3117926250456371,0.3358890105878058,0.3030947318686511,0.2300109529025192,0.3038821954484605
"s07_dual_role_credit","Equal-AOP","LIRCMOP8","LIR-CMOP",100,50000,4,238804,"all",249,400,50000,0.3333333333333332,0.3333333333333332,0.3333333333333332,0.3333333333333329,0.3333333333333329,0.3333333333333329,0.3333333333333329,0.3333333333333329,0.3333333333333329,16932,16434,16434,1856,1230,1294,0.1096149303094732,0.07484483388097846,0.07873919922112693,0.5183085282305694,0.3724595351101375,0.4816234635511744,0.9762359701726885,0.9690757821089346,0.9742255549266819,0.747853135254359,0.7950233123668689,0.7616770522708532,0.07087172218284904,0.03626627723013265,0.0529390288426433,0.1483581384360973,0.1134233905318243,0.1045393695996106,0.5088589652728561,0.3540221492028721,0.4431057563587684,0.5277580911882825,0.3908969210174029,0.5201411707435803
"s07_dual_role_credit","Equal-AOP","LIRCMOP8","LIR-CMOP",100,50000,5,238805,"all",249,400,50000,0.3333333333333332,0.3333333333333332,0.3333333333333332,0.3333333333333329,0.3333333333333329,0.3333333333333329,0.3333333333333329,0.3333333333333329,0.3333333333333329,16932,16434,16434,2338,1153,1461,0.1380817387195842,0.07015942558111232,0.08890105878057686,0.3568981809591306,0.2808202506997688,0.3364366557137641,0.9722971706892072,0.967040296335599,0.9695578763088154,0.7382900555697521,0.7440662094506323,0.7298423145406376,0.07807701393810536,0.03005963246927102,0.05208713642448582,0.1980864635010631,0.1102592186929536,0.1257149811366679,0.3967635246869832,0.2782037239868565,0.3470853109407326,0.3170328372312781,0.283436777412681,0.3257880004867957
"s07_dual_role_credit","Equal-AOP","LIRCMOP9","LIR-CMOP",100,50000,1,238901,"all",249,400,50000,0.3333333333333332,0.3333333333333332,0.3333333333333332,0.3333333333333329,0.3333333333333329,0.3333333333333329,0.3333333333333329,0.3333333333333329,0.3333333333333329,16932,16434,16434,2530,2956,2894,0.1494212142688401,0.1798709991481076,0.1760983327248387,0.6602882116702102,0.6354508944870391,0.705062674942193,0.9065468804502045,0.9056476456239819,0.9273649206968611,0.8352184631551542,0.8528866858220815,0.8486494265648715,0.1394991731632412,0.1585736886941706,0.1569916027747353,0.1593432553744389,0.2011683096020445,0.1952050626749422,0.8296716276872195,0.7520993063161738,0.8326639892904953,0.4909047956532011,0.5188024826579043,0.5774613605938907
"s07_dual_role_credit","Equal-AOP","LIRCMOP9","LIR-CMOP",100,50000,2,238902,"all",249,400,50000,0.3333333333333332,0.3333333333333332,0.3333333333333332,0.3333333333333329,0.3333333333333329,0.3333333333333329,0.3333333333333329,0.3333333333333329,0.3333333333333329,16932,16434,16434,2708,3257,3067,0.159933853059296,0.1981866861384934,0.1866252890349276,0.6669029057406095,0.6278447121820616,0.7086527929901424,0.9087238203076202,0.9035941246378311,0.9281404468039727,0.8515583160389847,0.8763645763430055,0.8681374942590081,0.1541459957476967,0.1798709991481076,0.188511622246562,0.1657217103708953,0.2165023731288792,0.1847389558232932,0.8251830852823057,0.7458926615553122,0.8338809784592918,0.5086227261989134,0.509796762808811,0.583424607520993
"s07_dual_role_credit","Equal-AOP","LIRCMOP9","LIR-CMOP",100,50000,3,238903,"all",249,400,50000,0.3333333333333332,0.3333333333333332,0.3333333333333332,0.3333333333333329,0.3333333333333329,0.3333333333333329,0.3333333333333329,0.3333333333333329,0.3333333333333329,16932,16434,16434,2444,2665,2562,0.1443420741790692,0.16216380674212,0.1558963125228185,0.6741081974958658,0.6244371425094317,0.7098697821589388,0.9082764467813317,0.9036250413424985,0.9292188195684133,0.8567939762754927,0.8877228514077573,0.8747264387221833,0.1409166076068982,0.1400754533284654,0.1438481197517342,0.1477675407512403,0.1842521601557746,0.1679445052939029,0.8465627214741318,0.7576974564926372,0.8361932578800049,0.5016536735175998,0.4911768285262261,0.5835463064378728
"s07_dual_role_credit","Equal-AOP","LIRCMOP9","LIR-CMOP",100,50000,4,238904,"all",249,400,50000,0.3333333333333332,0.3333333333333332,0.3333333333333332,0.3333333333333329,0.3333333333333329,0.3333333333333329,0.3333333333333329,0.3333333333333329,0.3333333333333329,16932,16434,16434,2229,2524,2489,0.1316442239546421,0.1535840331021054,0.1514543020567117,0.6247342310418144,0.6168309602044542,0.685469149324571,0.8889666759038012,0.8989609461082462,0.9195674309554044,0.7937461698890989,0.8111470580790185,0.8082171910241588,0.1261516654854713,0.1345990020688816,0.1464037970062066,0.1371367824238129,0.1725690641353292,0.1565048071072168,0.8379399952752186,0.7507606182304978,0.8462942679810149,0.4115284668084101,0.4829013021784106,0.524644030668127
"s07_dual_role_credit","Equal-AOP","LIRCMOP9","LIR-CMOP",100,50000,5,238905,"all",249,400,50000,0.3333333333333332,0.3333333333333332,0.3333333333333332,0.3333333333333329,0.3333333333333329,0.3333333333333329,0.3333333333333329,0.3333333333333329,0.3333333333333329,16932,16434,16434,2378,2680,2461,0.1404441294590125,0.1630765486187173,0.1497505172203967,0.6710370895346091,0.6464646464646465,0.7330534258245102,0.9079273242317717,0.9096922292470927,0.9351445500752573,0.8469939253265312,0.87299569019748,0.863794917410614,0.1335931963146705,0.1454302056711695,0.1485943775100401,0.1472950626033546,0.1807228915662651,0.1509066569307533,0.8452634065674463,0.7682852622611659,0.8652792990142387,0.4968107725017718,0.524644030668127,0.6008275526347816
"s07_dual_role_credit","Objective-Credit-AOP","CF10","CF",100,50000,1,258001,"all",249,400,50000,0.3497228785040315,0.3124034523790475,0.3378736691169211,0.3497228785040315,0.3124034523790476,0.3378736691169212,0.3497228785040315,0.3124034523790476,0.3378736691169212,17394,15560,16846,2442,546,1239,0.1403932390479476,0.03508997429305913,0.07354861688234596,0.3107393354030125,0.2065552699228792,0.3244687166092841,0.487194127468192,0.386106498673607,0.4857496340566712,0.6290787868863749,0.5608991076233995,0.6076603211892061,0.1499367598022306,0.04473007712082262,0.08595512287783449,0.1308497182936645,0.02544987146529563,0.06114211088685741,0.4766011268253421,0.329305912596401,0.477264632553722,0.144877543980683,0.08380462724935733,0.1716728006648462
"s07_dual_role_credit","Objective-Credit-AOP","CF10","CF",100,50000,2,258002,"all",249,400,50000,0.3366368221516784,0.3164368382436807,0.3469263396046408,0.3366368221516784,0.3164368382436807,0.3469263396046408,0.3366368221516784,0.3164368382436807,0.3469263396046408,16768,15752,17280,2956,1123,2860,0.1762881679389313,0.07129253428136109,0.1655092592592593,0.5852814885496184,0.4920010157440325,0.6936342592592593,0.6778381148623409,0.5732604853099486,0.7633228341404832,0.5796750204635482,0.5407824416090905,0.5931863385191993,0.1754532442748092,0.07211782630777044,0.1631944444444444,0.1771230916030534,0.07046724225495175,0.1678240740740741,0.6654341603053435,0.5364398171660741,0.7597222222222222,0.5051288167938931,0.4475622143219908,0.6275462962962963
"s07_dual_role_credit","Objective-Credit-AOP","CF10","CF",100,50000,3,258003,"all",249,400,50000,0.346765508303674,0.3125348774608042,0.3406996142355217,0.346765508303674,0.3125348774608044,0.3406996142355218,0.346765508303674,0.3125348774608044,0.3406996142355218,17258,15560,16982,2487,692,1696,0.1441070807741337,0.04447300771208226,0.09987045106583441,0.4579325530188898,0.3327763496143959,0.4814509480626546,0.5926742922393716,0.4692813972286176,0.5984711149868041,0.6082361389717776,0.5466167383359111,0.5954100009982995,0.1448603546181481,0.05038560411311054,0.09563066776586975,0.1433538069301194,0.03856041131105398,0.1041102343657991,0.5467609224707382,0.3876606683804627,0.5450476975621246,0.3691041835670414,0.277892030848329,0.4178541985631846
"s07_dual_role_credit","Objective-Credit-AOP","CF10","CF",100,50000,4,258004,"all",249,400,50000,0.3415852199237467,0.3170017826839098,0.3414129973923437,0.3415852199237469,0.3170017826839098,0.3414129973923436,0.3415852199237469,0.3170017826839098,0.3414129973923436,17044,15780,16976,2843,871,2338,0.1668035672377376,0.05519645120405577,0.1377238454288407,0.4644449659704295,0.3807351077313055,0.55001178133836,0.6108604112332054,0.5168245221125729,0.6712985033900924,0.6550633949885315,0.6009100138481396,0.6471240339756693,0.1621685050457639,0.06273764258555133,0.1458529688972667,0.1714386294297113,0.04765525982256021,0.1295947219604147,0.5590237033560197,0.4571609632446134,0.6530395852968898,0.3698662285848393,0.3043092522179975,0.4469839773798304
"s07_dual_role_credit","Objective-Credit-AOP","CF10","CF",100,50000,5,258005,"all",249,400,50000,0.3367406756692625,0.3161721324035589,0.3470871919271785,0.3367406756692625,0.3161721324035588,0.3470871919271785,0.3367406756692625,0.3161721324035588,0.3470871919271785,16794,15732,17274,2863,1034,2702,0.1704775515064904,0.06572590897533689,0.1564200532592335,0.6009884482553293,0.5112509534706331,0.7050480490911196,0.6736440065758836,0.57372425699476,0.7587302038112028,0.5883307458173572,0.548021327438063,0.6023412057256977,0.1787543170179826,0.07322654462242563,0.1644089382887577,0.1622007859949982,0.05822527332824816,0.1484311682297094,0.6906037870668096,0.5677599796592931,0.7821002662961677,0.5113731094438489,0.454741927281973,0.6279958318860716
"s07_dual_role_credit","Objective-Credit-AOP","CF1","CF",100,50000,1,257101,"all",249,400,50000,0.3235480141736423,0.3466511761186087,0.3298008097077491,0.3235480141736423,0.3466511761186088,0.3298008097077489,0.3235480141736423,0.3466511761186088,0.3298008097077489,16014,17364,16422,1207,2723,1791,0.07537154989384288,0.1568187053674269,0.1090610157106321,0.2549019607843137,0.1300967519004838,0.2442455242966752,0.7811535205547588,0.7409424671913002,0.7723260220906083,0.5992131232617849,0.6427301666054118,0.6108878076578883,0.07743224678406395,0.1747293250403133,0.1409085373279747,0.07331085300362183,0.1389080856945404,0.07721349409328949,0.3344573498189085,0.2213775627735545,0.3328461819510413,0.175346571749719,0.03881594102741304,0.1556448666423091
"s07_dual_role_credit","Objective-Credit-AOP","CF1","CF",100,50000,2,257102,"all",249,400,50000,0.3235003603789638,0.3469398640559925,0.3295597755650437,0.3235003603789638,0.3469398640559923,0.3295597755650438,0.3235003603789638,0.3469398640559923,0.3295597755650438,15998,17376,16426,1259,2673,1785,0.07869733716714589,0.1538328729281768,0.1086691830025569,0.26734591823978,0.128683241252302,0.2613539510532084,0.7831934167082329,0.7434553910825873,0.780283207740624,0.6024396611781213,0.6468296045586303,0.6139387943240799,0.07963495436929616,0.1687384898710866,0.1472056495799343,0.07775971996499563,0.138927255985267,0.0701327164251796,0.3601700212526566,0.2216850828729282,0.3555339096554243,0.1745218152269034,0.03568139963167587,0.1671739924509923
"s07_dual_role_credit","Objective-Credit-AOP","CF1","CF",100,50000,3,257103,"all",249,400,50000,0.3229762177504168,0.3471620464574744,0.3298617357921088,0.322976217750417,0.3471620464574743,0.3298617357921086,0.322976217750417,0.3471620464574743,0.3298617357921086,16004,17364,16432,1334,3151,2003,0.08335416145963509,0.1814674038240037,0.121896299902629,0.2691202199450137,0.1481801428242341,0.2685004868549172,0.7838396819601874,0.7488074461274544,0.7794417193202126,0.602731080443209,0.6486226432002971,0.6156973410685852,0.0921019745063734,0.2203409352683713,0.1724683544303797,0.07460634841289678,0.142593872379636,0.07132424537487829,0.3631592101974506,0.2638792904860631,0.3641674780915287,0.1750812296925769,0.03248099516240498,0.1728334956183057
"s07_dual_role_credit","Objective-Credit-AOP","CF1","CF",100,50000,4,257104,"all",249,400,50000,0.3229574943974771,0.3472459663076601,0.329796539294863,0.3229574943974773,0.3472459663076601,0.3297965392948629,0.3229574943974773,0.3472459663076601,0.3297965392948629,15988,17382,16430,1196,2861,1886,0.07480610457843383,0.1645955586238638,0.1147900182592818,0.263259944958719,0.1358876999194569,0.2615337796713329,0.782337031520236,0.7419332364188574,0.7771140762262778,0.6007928528549982,0.6467376183048912,0.6137004810887088,0.07743307480610458,0.1842135542515246,0.1555690809494827,0.07217913435076308,0.144977562996203,0.07401095556908095,0.348886664998749,0.2333448394891267,0.3438831405964698,0.177633224918689,0.03843056034978714,0.179184418746196
"s07_dual_role_credit","Objective-Credit-AOP","CF1","CF",100,50000,5,257105,"all",249,400,50000,0.3233111349090166,0.347178758747933,0.3295101063430505,0.3233111349090168,0.3471787587479328,0.3295101063430503,0.3233111349090168,0.3471787587479328,0.3295101063430503,16010,17374,16416,1309,2875,1982,0.08176139912554653,0.1654771497640152,0.1207358674463938,0.2645846346033729,0.1396339357660873,0.2671783625730994,0.7821672050575433,0.7500642804980848,0.7796510044918379,0.6033595572362064,0.6486311069583048,0.6150685181266261,0.09444097439100563,0.1947737999309313,0.1665448343079922,0.06908182386008745,0.1361804995970991,0.07492690058479533,0.3437851342910681,0.2384022101991481,0.3645224171539961,0.1853841349156777,0.04086566133302636,0.1698343079922027
"s07_dual_role_credit","Objective-Credit-AOP","CF2","CF",100,50000,1,257201,"all",249,400,50000,0.3572683594692774,0.3053943330700683,0.3373373074606544,0.3572683594692771,0.3053943330700683,0.3373373074606543,0.3572683594692771,0.3053943330700683,0.3373373074606543,17798,15192,16810,1397,575,662,0.07849196538936959,0.03784886782517114,0.03938132064247472,0.7653107090684347,0.864468141126909,0.8245687091017252,0.9898798228707012,0.9940078425222233,0.9919868225351259,0.7529385635364187,0.641989308422619,0.7105226488014468,0.07854815147769412,0.03817798841495524,0.04271267102914932,0.07843577930104506,0.03751974723538705,0.03604997025580012,0.8680750646140015,0.9221958925750395,0.8740035693039857,0.6625463535228677,0.8067403896787783,0.7751338488994646
"s07_dual_role_credit","Objective-Credit-AOP","CF2","CF",100,50000,2,257202,"all",249,400,50000,0.3559103626700413,0.3099616567393852,0.3341279805905736,0.3559103626700413,0.3099616567393851,0.3341279805905738,0.3559103626700413,0.3099616567393851,0.3341279805905738,17744,15426,16630,1259,551,507,0.07095356176735798,0.0357189161156489,0.03048707155742634,0.8270401262398557,0.9007519771813821,0.8671076368009621,0.9924599489294528,0.9954682291354856,0.9936675113808907,0.726701110088265,0.6319762756498433,0.6817281828870023,0.06954463480613166,0.03772851030727344,0.03187011425135298,0.07236248872858431,0.03370932192402437,0.0291040288634997,0.8987826871055005,0.9214313496693893,0.8874323511725797,0.755297565374211,0.8800726046933748,0.8467829224293446
"s07_dual_role_credit","Objective-Credit-AOP","CF2","CF",100,50000,3,257203,"all",249,400,50000,0.3591435411838535,0.3046118748499722,0.3362445839661744,0.3591435411838537,0.3046118748499722,0.3362445839661741,0.3591435411838537,0.3046118748499722,0.3362445839661741,17886,15168,16746,1452,657,687,0.08118081180811808,0.04331487341772152,0.04102472232174847,0.74220060382422,0.841706223628692,0.8195389943867192,0.9887767737356248,0.9931098504338107,0.9918122275108094,0.7654372492295224,0.6479398061580066,0.7159593785574244,0.08610086100861009,0.04364451476793249,0.04371193120745252,0.07626076260762607,0.04298523206751055,0.03833751343604443,0.8550821871855082,0.9090189873417721,0.8681476173414546,0.6293190204629319,0.7743934599156118,0.7709303714319837
"s07_dual_role_credit","Objective-Credit-AOP","CF2","CF",100,50000,4,257204,"all",249,400,50000,0.3535338221205462,0.3093122922649219,0.3371538856145319,0.3535338221205463,0.3093122922649218,0.337153885614532,0.3535338221205463,0.3093122922649218,0.337153885614532,17608,15414,16778,1359,593,643,0.07718082689686506,0.03847151939794992,0.03832399570866611,0.8011699227623807,0.8677825353574672,0.8438431279055907,0.9913620784536104,0.9941858864988959,0.9927753258142067,0.7285346876487626,0.636095384691569,0.6941091191541356,0.08450704225352113,0.04165044764499806,0.03945643104064847,0.069854611540209,0.03529259115090178,0.03719156037668375,0.8657428441617446,0.9033346308550668,0.8759089283585648,0.7365970013630168,0.8322304398598677,0.8117773274526165
"s07_dual_role_credit","Objective-Credit-AOP","CF2","CF",100,50000,5,257205,"all",249,400,50000,0.355833564523927,0.309042612596558,0.335123822879515,0.3558335645239269,0.3090426125965582,0.3351238228795151,0.3558335645239269,0.3090426125965582,0.3351238228795151,17730,15386,16684,1337,627,646,0.07540891144952058,0.04075133238008579,0.03871973147926157,0.7884940778341794,0.856687898089172,0.8421241908415248,0.9908626622815915,0.9939733350785132,0.992732439478451,0.7465381796399198,0.646908226477971,0.7024514859775369,0.07907501410039482,0.04055634992850644,0.04159673939103332,0.07174280879864636,0.04094631483166515,0.03584272356748981,0.8901297236322617,0.908098271155596,0.8819228002877008,0.686858432036097,0.805277525022748,0.8023255813953488
"s07_dual_role_credit","Objective-Credit-AOP","CF3","CF",100,50000,1,257301,"all",249,400,50000,0.3548035422338299,0.3062168667129139,0.3389795910532564,0.3548035422338299,0.306216866712914,0.3389795910532561,0.3548035422338299,0.306216866712914,0.3389795910532561,17664,15262,16874,2646,677,2160,0.1497961956521739,0.04435853754422749,0.1280075856347043,0.953125,0.966125016380553,0.9583975346687211,0.9893096872109178,0.9926141995947005,0.9890077715352775,0.8689008745317822,0.748232568238583,0.8313183011546837,0.1411911231884058,0.04258943781942078,0.1291928410572478,0.158401268115942,0.0461276372690342,0.1268223302121607,0.9567481884057971,0.9676320272572402,0.9653905416617281,0.9495018115942029,0.9646180055038658,0.9514045276757142
"s07_dual_role_credit","Objective-Credit-AOP","CF3","CF",100,50000,2,257302,"all",249,400,50000,0.3571346812485102,0.3030858020289441,0.3397795167225459,0.3571346812485102,0.3030858020289439,0.3397795167225459,0.3571346812485102,0.3030858020289439,0.3397795167225459,17800,15100,16900,2599,729,2145,0.1460112359550562,0.04827814569536424,0.1269230769230769,0.9396629213483146,0.9411920529801324,0.9333136094674557,0.9865440555037358,0.9873591096216646,0.983426095471484,0.8720212752611463,0.7380979538848236,0.8299253244279763,0.1429213483146067,0.04688741721854305,0.1220118343195266,0.1491011235955056,0.04966887417218543,0.1318343195266272,0.9497752808988764,0.9442384105960265,0.9444970414201184,0.9295505617977529,0.9381456953642384,0.9221301775147929
"s07_dual_role_credit","Objective-Credit-AOP","CF3","CF",100,50000,3,257303,"all",249,400,50000,0.3551301136439255,0.3082205896868876,0.336649296669187,0.3551301136439256,0.3082205896868872,0.3366492966691872,0.3551301136439256,0.3082205896868872,0.3366492966691872,17678,15340,16782,2079,745,1215,0.1176038013349927,0.04856584093872229,0.07239899892742224,0.9638533770788551,0.9687092568448501,0.9633535931355023,0.9953953419388952,0.9958683253351542,0.9949645427983845,0.8514751510084638,0.7380916512238623,0.8069253948302509,0.1067994116981559,0.04380704041720991,0.06280538672387082,0.1284081909718294,0.05332464146023468,0.08199261113097366,0.973300147075461,0.9769230769230769,0.9657966869264688,0.9544066070822491,0.9604954367666232,0.9609104993445358
"s07_dual_role_credit","Objective-Credit-AOP","CF3","CF",100,50000,4,257304,"all",249,400,50000,0.3556585645296846,0.3214526758669156,0.3228887596033999,0.3556585645296846,0.3214526758669158,0.3228887596033997,0.3556585645296846,0.3214526758669158,0.3228887596033997,17716,16010,16074,1671,889,1207,0.09432151727252201,0.05552779512804498,0.07509020778897599,0.9661887559268458,0.9675827607745159,0.9659698892621625,0.994285699224827,0.9949488922905655,0.9943642940134951,0.8636058938166257,0.7809116086199582,0.7843530629527031,0.09031384059607135,0.05221736414740787,0.06781137240263781,0.09832919394897267,0.05883822610868207,0.08236904317531417,0.9692932941973358,0.9715178013741411,0.9688938658703496,0.9630842176563559,0.9636477201748906,0.9630459126539753
"s07_dual_role_credit","Objective-Credit-AOP","CF3","CF",100,50000,5,257305,"all",249,400,50000,0.3559436740269032,0.3051878745170238,0.338868451456073,0.3559436740269031,0.3051878745170239,0.338868451456073,0.3559436740269031,0.3051878745170239,0.338868451456073,17756,15188,16856,2148,726,1736,0.1209731921603965,0.0478008954437714,0.1029900332225914,0.936415859427799,0.9483803002370292,0.9263763644992881,0.9858866928249845,0.9895709924243846,0.9835274406773962,0.8682985329493543,0.7425898668188345,0.8266012027553887,0.1093714800630773,0.04490387147748223,0.09800664451827243,0.1325749042577157,0.05069791941006058,0.1079734219269103,0.9552827213336337,0.9585198841190413,0.9481490270526816,0.9175489975219644,0.9382407163550172,0.9046037019458947
"s07_dual_role_credit","Objective-Credit-AOP","CF4","CF",100,50000,1,257401,"all",249,400,50000,0.3579875795673432,0.3064955834921301,0.3355168369405268,0.3579875795673432,0.3064955834921301,0.3355168369405269,0.3579875795673432,0.3064955834921301,0.3355168369405269,17830,15246,16724,1855,600,907,0.104038137969714,0.03935458480913026,0.05423343697679981,0.7376892877173303,0.6822117276662731,0.7351710117196842,0.9893131595387437,0.9883083960301362,0.9900700887499929,0.8334578774892488,0.7122155933738765,0.78062320768348,0.1024116657319125,0.03817394726485636,0.05644582635733078,0.1056646102075154,0.04053522235340417,0.05202104759626883,0.8480089736399327,0.7225501770956316,0.8126046400382684,0.627369601794728,0.6418732782369146,0.6577373834011002
"s07_dual_role_credit","Objective-Credit-AOP","CF4","CF",100,50000,2,257402,"all",249,400,50000,0.3645201501801716,0.2998499721426013,0.3356298776772271,0.3645201501801717,0.2998499721426012,0.335629877677227,0.3645201501801717,0.2998499721426012,0.335629877677227,18136,14946,16718,1672,573,941,0.09219232465813851,0.03833801686069851,0.05628663715755473,0.7630127922364358,0.7826174227217985,0.7807752123459744,0.9895972369549008,0.990878316061697,0.990667577645624,0.8656828695390933,0.7094815620447125,0.7959805703422391,0.09208204675782973,0.03733440385387395,0.05503050604139251,0.09230260255844729,0.03934162986752308,0.05754276827371695,0.8697617997353331,0.8474508229626656,0.8565617896877616,0.6562637847375385,0.7177840224809313,0.7049886350041871
"s07_dual_role_credit","Objective-Credit-AOP","CF4","CF",100,50000,3,257403,"all",249,400,50000,0.3667991281456678,0.2975750536107062,0.335625818243626,0.3667991281456677,0.2975750536107063,0.335625818243626,0.3667991281456677,0.2975750536107063,0.335625818243626,18272,14806,16722,1660,565,783,0.09084938704028021,0.03816020532216669,0.04682454251883746,0.7859566549912435,0.845197892746184,0.8225092692261691,0.9901537532106701,0.9933967758528209,0.9920265354166248,0.8490347129251813,0.6870733599710467,0.7763569705212736,0.08844133099824869,0.03714710252600297,0.045688314794881,0.09325744308231174,0.0391733081183304,0.04796077024279392,0.9133099824868651,0.8861272457111982,0.8845831838296855,0.6586033274956217,0.8042685397811697,0.7604353546226528
"s07_dual_role_credit","Objective-Credit-AOP","CF4","CF",100,50000,4,257404,"all",249,400,50000,0.3586959729878058,0.3077498383768681,0.3335541886353261,0.3586959729878059,0.307749838376868,0.3335541886353262,0.3586959729878059,0.307749838376868,0.3335541886353262,17844,15336,16620,1762,562,727,0.09874467608159605,0.03664580073030777,0.0437424789410349,0.7074086527684376,0.577529994783516,0.6693140794223826,0.9887595477284608,0.9868852993925095,0.989202878017952,0.8334409990453056,0.7130027778396772,0.774358713103982,0.1004259134723156,0.03442879499217527,0.04199759326113117,0.09706343869087648,0.03886280646844027,0.04548736462093863,0.8273929612194575,0.6261085028690663,0.7403128760529483,0.5874243443174176,0.5289514866979655,0.5983152827918171
"s07_dual_role_credit","Objective-Credit-AOP","CF4","CF",100,50000,5,257405,"all",249,400,50000,0.3672388063461646,0.2981185284551432,0.3346426651986922,0.3672388063461645,0.2981185284551431,0.3346426651986923,0.3672388063461645,0.2981185284551431,0.3346426651986923,18306,14840,16654,1567,549,807,0.08560034961214902,0.03699460916442048,0.04845682718866338,0.8185840707964602,0.7603773584905661,0.7854569472799328,0.9922929106832172,0.989767280282872,0.9908236147386579,0.8557502509555818,0.6931283418916019,0.7788511671883678,0.08631049928985032,0.03787061994609164,0.04527440855049838,0.08489019993444773,0.03611859838274933,0.05163924582682839,0.9042936742051786,0.8068733153638814,0.838237060165726,0.7328744673877418,0.7138814016172507,0.7326768343941396
"s07_dual_role_credit","Objective-Credit-AOP","CF5","CF",100,50000,1,257501,"all",249,400,50000,0.3251577953781627,0.31915397008685,0.3556882345349874,0.3251577953781627,0.3191539700868499,0.3556882345349875,0.3251577953781627,0.3191539700868499,0.3556882345349875,16214,15892,17694,1506,861,1419,0.09288269396817565,0.05417820286936824,0.08019667683960664,0.9523251511039842,0.9439340548703751,0.9674465920651069,0.9901661597753496,0.9911815700438888,0.9928522512660864,0.7812946194829709,0.7743016182732608,0.8663743149559838,0.09201924262982608,0.05638056883966776,0.08183565050299536,0.09374614530652522,0.05197583689906871,0.07855770317621792,0.9801406192179598,0.9704253712559778,0.9872273086922121,0.9245096829900087,0.9174427384847722,0.9476658754380016
"s07_dual_role_credit","Objective-Credit-AOP","CF5","CF",100,50000,2,257502,"all",249,400,50000,0.3507573986071764,0.3121906786458071,0.3370519227470165,0.3507573986071763,0.3121906786458073,0.3370519227470166,0.3507573986071763,0.3121906786458073,0.3370519227470166,17480,15538,16782,1778,806,1070,0.1017162471395881,0.05187282790577938,0.06375878917888214,0.9181350114416476,0.8811944909254731,0.9087713025861042,0.9827500334807886,0.9691292085273748,0.976522216741929,0.7504165851366312,0.6709115097428306,0.7247016665501672,0.104233409610984,0.0477538936800103,0.05851507567631987,0.09919908466819222,0.05599176213154846,0.06900250268144441,0.9520594965675058,0.9007594284978762,0.9281372899535216,0.8842105263157894,0.8616295533530699,0.8894053152186867
"s07_dual_role_credit","Objective-Credit-AOP","CF5","CF",100,50000,3,257503,"all",249,400,50000,0.3379582088933235,0.3209758998230567,0.3410658912836199,0.3379582088933236,0.3209758998230565,0.3410658912836196,0.3379582088933236,0.3209758998230565,0.3410658912836196,16828,15996,16976,1421,682,1107,0.08444259567387687,0.04263565891472868,0.06520970782280867,0.8961849298787735,0.8956614153538385,0.9205348727615457,0.9761394884810243,0.974802983917709,0.9774447846221833,0.748798441270429,0.7178488650364475,0.762513327159258,0.08319467554076539,0.04213553388347087,0.06738925541941565,0.08569051580698835,0.04313578394598649,0.0630301602262017,0.9276206322795341,0.9149787446861716,0.9381479736098021,0.8647492274780129,0.8763440860215054,0.9029217719132894
"s07_dual_role_credit","Objective-Credit-AOP","CF5","CF",100,50000,4,257504,"all",249,400,50000,0.3428756969749411,0.3160439029543863,0.3410804000706728,0.3428756969749411,0.3160439029543863,0.3410804000706728,0.3428756969749411,0.3160439029543863,0.3410804000706728,17072,15752,16976,1645,679,1137,0.09635660731021556,0.0431056373793804,0.06697690857681432,0.9632146204311153,0.9285170137125445,0.9451578699340245,0.9927642000523855,0.9846934526954385,0.9868639087670418,0.7349421884476578,0.6837332767270412,0.7374387528130031,0.09582942830365511,0.04177247333671915,0.06621112158341187,0.09688378631677601,0.04443880142204164,0.06774269557021678,0.9777413308341143,0.9352463179278822,0.9561734213006597,0.9486879100281163,0.9217877094972067,0.9341423185673893
"s07_dual_role_credit","Objective-Credit-AOP","CF5","CF",100,50000,5,257505,"all",249,400,50000,0.337556324830497,0.3191956921300379,0.3432479830394652,0.337556324830497,0.3191956921300378,0.3432479830394652,0.337556324830497,0.3191956921300378,0.3432479830394652,16806,15908,17086,1706,910,1226,0.1015113649886945,0.05720392255468947,0.07175465293222522,0.9657265262406284,0.8468694996228313,0.9122088259393656,0.9920772941158275,0.9656640037829149,0.976800171674029,0.7146843148927529,0.6823056581858928,0.7334271240160943,0.09675116029989289,0.05531807895398542,0.0735104764134379,0.1062715696774961,0.05908976615539351,0.06999882945101253,0.9761989765559919,0.8524013075182298,0.9219243825354091,0.9552540759252648,0.8413376917274328,0.902493269343322
"s07_dual_role_credit","Objective-Credit-AOP","CF6","CF",100,50000,1,257601,"all",249,400,50000,0.3413227551022892,0.3219674059254171,0.3367098389722937,0.3413227551022891,0.3219674059254169,0.3367098389722935,0.3413227551022891,0.3219674059254169,0.3367098389722935,17014,16010,16776,1393,540,895,0.08187375102856471,0.03372891942535915,0.05335002384358607,0.795521335370871,0.7524047470331043,0.8203385789222699,0.9587102516092838,0.9265862942554524,0.9539674232998125,0.7339166540157518,0.6917414675197273,0.7238189088885195,0.08557658398965558,0.03422860712054965,0.05555555555555555,0.07817091806747385,0.03322923173016865,0.05114449213161659,0.8782179381685671,0.782261086820737,0.8555078683834049,0.712824732573175,0.7225484072454715,0.785169289461135
"s07_dual_role_credit","Objective-Credit-AOP","CF6","CF",100,50000,2,257602,"all",249,400,50000,0.3416457489631264,0.3226424746646939,0.3357117763721796,0.3416457489631265,0.322642474664694,0.3357117763721796,0.3416457489631265,0.322642474664694,0.3357117763721796,16978,16050,16772,1484,559,1058,0.08740723288962186,0.03482866043613707,0.06308132601955641,0.8267758275415243,0.7892834890965732,0.8432506558549964,0.9652474809340624,0.9434519779509727,0.961614381847413,0.753814136817637,0.7115191099626419,0.7405238998839756,0.09388620567793615,0.04,0.07083233961364178,0.08092826010130758,0.02965732087227414,0.05533031242547103,0.8961008363764872,0.8120872274143303,0.8854042451705223,0.7574508187065614,0.7664797507788162,0.8010970665394705
"s07_dual_role_credit","Objective-Credit-AOP","CF6","CF",100,50000,3,257603,"all",249,400,50000,0.3387600120513208,0.3256142919296371,0.3356256960190421,0.3387600120513207,0.3256142919296371,0.3356256960190423,0.3387600120513207,0.3256142919296371,0.3356256960190423,16884,16204,16712,1409,579,974,0.08345178867566927,0.03573191804492718,0.05828147438966012,0.7940653873489695,0.8682424092816589,0.8560914313068454,0.9500072256711227,0.9751653874206119,0.9672936427758494,0.7366132148956535,0.7076927984001016,0.7298485517940605,0.08434020374318882,0.0360404838311528,0.06103398755385352,0.08256337360814973,0.03542335225870156,0.05552896122546673,0.859511963989576,0.8923722537645026,0.89169459071326,0.728618810708363,0.8441125647988151,0.8204882719004308
"s07_dual_role_credit","Objective-Credit-AOP","CF6","CF",100,50000,4,257604,"all",249,400,50000,0.3426478062725022,0.321316375317534,0.3360358184099637,0.3426478062725022,0.3213163753175338,0.3360358184099638,0.3426478062725022,0.3213163753175338,0.3360358184099638,17020,15996,16784,1421,544,903,0.08349001175088132,0.03400850212553138,0.05380123927550048,0.8554054054054054,0.8744061015253813,0.8872140133460439,0.964381210383824,0.9746647467012748,0.9748953817854317,0.7423416611701927,0.6956927361162764,0.7280043946253822,0.08789659224441833,0.03488372093023256,0.05862726406101049,0.07908343125734429,0.03313328332083021,0.04897521448999047,0.8971797884841363,0.8959739934983746,0.9032411820781697,0.8136310223266745,0.8528382095523881,0.871186844613918
"s07_dual_role_credit","Objective-Credit-AOP","CF6","CF",100,50000,5,257605,"all",249,400,50000,0.3421817304118548,0.3218580664383816,0.3359602031497636,0.3421817304118549,0.3218580664383816,0.3359602031497635,0.3421817304118549,0.3218580664383816,0.3359602031497635,17028,16010,16762,1493,531,904,0.08767911674888419,0.03316677076826983,0.05393151175277413,0.797568710359408,0.8165521549031856,0.8490036988426202,0.9565023493719617,0.9476274456338332,0.9635421998831393,0.7328654018123036,0.68885877936281,0.7192746692116232,0.09408033826638477,0.0334790755777639,0.05703376685359742,0.08127789523138361,0.03285446595877577,0.05082925665195084,0.8856001879257693,0.861211742660837,0.8907051664479179,0.7095372327930467,0.771892567145534,0.8073022312373225
"s07_dual_role_credit","Objective-Credit-AOP","CF7","CF",100,50000,1,257701,"all",249,400,50000,0.3547575981048861,0.3065631993817565,0.3386792025133575,0.3547575981048862,0.3065631993817565,0.3386792025133573,0.3547575981048862,0.3065631993817565,0.3386792025133573,17682,15258,16860,2186,1048,1677,0.1236285488066961,0.06868527985319177,0.09946619217081851,0.6533763148965049,0.4717525232664831,0.6052194543297746,0.9082177221570563,0.7398389020671136,0.8354635509606251,0.8289823414767896,0.7167019992927235,0.7930903818611907,0.1288315801379935,0.06711233451304234,0.103202846975089,0.1184255174753987,0.0702582251933412,0.09572953736654805,0.7925574030087095,0.585659981648971,0.7326215895610914,0.5141952267843004,0.3578450648839953,0.4778173190984579
"s07_dual_role_credit","Objective-Credit-AOP","CF7","CF",100,50000,2,257702,"all",249,400,50000,0.3670575129378467,0.2939614820943245,0.3389810049678287,0.3670575129378466,0.2939614820943245,0.3389810049678288,0.3670575129378466,0.2939614820943245,0.3389810049678288,18286,14638,16876,1932,686,1102,0.1056545991468883,0.04686432572755841,0.06529983408390613,0.8511429508913924,0.8245661975679738,0.8680374496326143,0.9691820061772268,0.9530585371598419,0.9657180973657072,0.8364071936368384,0.6672966348836751,0.7717941192310502,0.1051077326916767,0.05014346222161498,0.06601090305759659,0.1062014656021,0.04358518923350185,0.06458876511021569,0.9010171716066937,0.8543516873889876,0.9013984356482578,0.801268730176091,0.79478070774696,0.8346764636169709
"s07_dual_role_credit","Objective-Credit-AOP","CF7","CF",100,50000,3,257703,"all",249,400,50000,0.3700173502864387,0.2903596678193117,0.3396229818942498,0.3700173502864385,0.2903596678193116,0.3396229818942499,0.3700173502864385,0.2903596678193116,0.3396229818942499,18448,14446,16906,2131,844,1927,0.1155138768430182,0.05842447736397618,0.1139832012303324,0.6750867302688638,0.4049563893119202,0.5677865846445049,0.9280841441001028,0.6615585064240044,0.8013674383603808,0.8464104814876682,0.6621282057665782,0.776969727760998,0.1128577623590633,0.05787069084867783,0.1070625813320715,0.1181699913269731,0.05897826387927454,0.1209038211285934,0.7862098872506504,0.4805482486501454,0.639417958121377,0.5639635732870771,0.3293645299736951,0.4961552111676328
"s07_dual_role_credit","Objective-Credit-AOP","CF7","CF",100,50000,4,257704,"all",249,400,50000,0.3725547199593442,0.289025253376374,0.3384200266642819,0.3725547199593445,0.289025253376374,0.3384200266642818,0.3725547199593445,0.289025253376374,0.3384200266642818,18548,14382,16870,1911,929,1644,0.1030299762777658,0.06459463217911278,0.0974510966212211,0.7960427000215656,0.4883882631066611,0.6653823355068168,0.9426592475779665,0.7715629598566048,0.852184076400169,0.8441915571321449,0.6511187461671382,0.7668334062890556,0.102113435410826,0.06424697538589905,0.0975696502667457,0.1039465171447056,0.06494228897232653,0.0973325429756965,0.8485011861117101,0.5184258100403282,0.7002963841138115,0.7435842139314212,0.458350716172994,0.6304682868998222
"s07_dual_role_credit","Objective-Credit-AOP","CF7","CF",100,50000,5,257705,"all",249,400,50000,0.3287402159520756,0.3221533917469118,0.3491063923010125,0.3287402159520757,0.322153391746912,0.3491063923010125,0.3287402159520757,0.322153391746912,0.3491063923010125,16410,16044,17346,1610,1104,1657,0.09811090798293723,0.068810770381451,0.095526346131673,0.9102985984156002,0.9017078035402643,0.9525539029170991,0.9754451929850201,0.9725788941881072,0.9847172142159752,0.8639705936164744,0.8571621164468578,0.9268074622583019,0.095551492992078,0.06968337073049115,0.09719820131442407,0.1006703229737965,0.06793817003241087,0.09385449094892194,0.926873857404022,0.9085016205435054,0.962642684192321,0.8937233394271785,0.8949139865370231,0.9424651216418771
"s07_dual_role_credit","Objective-Credit-AOP","CF8","CF",100,50000,1,257801,"all",249,400,50000,0.3387050842217225,0.3333514868968607,0.3279434288814169,0.3387050842217225,0.3333514868968608,0.3279434288814166,0.3387050842217225,0.3333514868968608,0.3279434288814166,16864,16610,16326,1927,588,966,0.1142670777988615,0.0354003612281758,0.0591694230062477,0.4217860531309298,0.372787477423239,0.3632855567805954,0.559765458565757,0.5090539856479588,0.5026900991619531,0.7191342301868769,0.70903856646759,0.6970462260014597,0.1059060721062619,0.03311258278145696,0.05169668014210462,0.1226280834914611,0.03768813967489464,0.06664216587039079,0.4998814041745731,0.4358819987959061,0.4196986402058067,0.3436907020872865,0.309692956050572,0.306872473355384
"s07_dual_role_credit","Objective-Credit-AOP","CF8","CF",100,50000,2,257802,"all",249,400,50000,0.336963603179341,0.3345512531064814,0.3284851437141776,0.3369636031793408,0.3345512531064814,0.3284851437141777,0.3369636031793408,0.3345512531064814,0.3284851437141777,16790,16658,16352,1904,675,1048,0.1134008338296605,0.04052107095689759,0.06409001956947162,0.4310303752233473,0.3906231240244927,0.3922455968688845,0.5637571598664644,0.5363141604776506,0.5323789238042254,0.7583366877381948,0.7536722963719015,0.7395238724262994,0.1005360333531864,0.03529835514467523,0.05467221135029354,0.1262656343061346,0.04574378676911994,0.07350782778864971,0.507921381774866,0.4569576179613399,0.451320939334638,0.3541393686718285,0.3242886300876456,0.3331702544031311
"s07_dual_role_credit","Objective-Credit-AOP","CF8","CF",100,50000,3,257803,"all",249,400,50000,0.3358135284013689,0.3354195349932373,0.3287669366053937,0.3358135284013691,0.3354195349932375,0.3287669366053937,0.3358135284013691,0.3354195349932375,0.3287669366053937,16694,16722,16384,1889,596,1022,0.1131544267401462,0.03564166965673962,0.0623779296875,0.4719060740385768,0.4382250926922617,0.43243408203125,0.596709233582043,0.5753772408888009,0.5624784553974355,0.7547900111465443,0.7555767174614358,0.739571861240736,0.1042290643344914,0.03145556751584739,0.0582275390625,0.1220797891458009,0.03982777179763186,0.0665283203125,0.5506169881394513,0.5290037076904677,0.5059814453125,0.3931951599377022,0.3474464776940557,0.35888671875
"s07_dual_role_credit","Objective-Credit-AOP","CF8","CF",100,50000,4,257804,"all",249,400,50000,0.3366086444903947,0.3356154776017314,0.3277758779078737,0.3366086444903948,0.3356154776017315,0.3277758779078737,0.3366086444903948,0.3356154776017315,0.3277758779078737,16726,16752,16322,1801,586,1050,0.1076766710510582,0.03498089780324738,0.06433035167258914,0.4730957790266651,0.4336198662846227,0.4292366131601519,0.6028679164709007,0.5763276958186455,0.5636859808269515,0.7442732248818221,0.7438302511703055,0.7252815703459161,0.09829008728925027,0.03307067812798472,0.05906138953559613,0.1170632548128662,0.03689111747851003,0.06959931380958216,0.5419107975606839,0.5095510983763133,0.487317730670261,0.4042807604926462,0.3576886341929322,0.3711554956500429
"s07_dual_role_credit","Objective-Credit-AOP","CF8","CF",100,50000,5,257805,"all",249,400,50000,0.3388470135290815,0.3331223800910882,0.3280306063798304,0.3388470135290814,0.3331223800910883,0.3280306063798302,0.3388470135290814,0.3331223800910883,0.3280306063798302,16898,16590,16312,1928,605,1100,0.1140963427624571,0.03646775165762507,0.0674350171652771,0.40016570008285,0.3111512959614225,0.3433055419323198,0.5544133912052268,0.4725570929803353,0.4991354590476645,0.7605849925821329,0.7491171807948391,0.7364427597726388,0.09539590484080956,0.03182640144665461,0.05627758705247671,0.1327967806841046,0.04110910186859554,0.07859244727807749,0.4776896674162623,0.3751657625075346,0.4016674840608142,0.3226417327494378,0.2471368294153104,0.2849435998038254
"s07_dual_role_credit","Objective-Credit-AOP","CF9","CF",100,50000,1,257901,"all",249,400,50000,0.3348563179328604,0.3356766398442786,0.3294670422228611,0.3348563179328602,0.3356766398442788,0.3294670422228611,0.3348563179328602,0.3356766398442788,0.3294670422228611,16658,16738,16404,1976,699,1031,0.1186216832753032,0.04176126179949815,0.06285052426237503,0.5520470644735262,0.4808220814912176,0.5135942453060229,0.6905617552216345,0.6452196826255653,0.6663004267233548,0.7567568553646831,0.7609514152644867,0.7456937923483564,0.1012126305678953,0.03728043971800693,0.05961960497439649,0.136030735982711,0.04624208388098937,0.06608144355035357,0.5857846079961581,0.5024495160712152,0.5425505974152646,0.5183095209508944,0.45919464691122,0.4846378931967813
"s07_dual_role_credit","Objective-Credit-AOP","CF9","CF",100,50000,2,257902,"all",249,400,50000,0.3338621306881664,0.3361351405225224,0.3300027287893113,0.3338621306881666,0.3361351405225224,0.3300027287893109,0.3338621306881666,0.3361351405225224,0.3300027287893109,16610,16766,16424,1909,696,1032,0.1149307645996388,0.0415125849934391,0.06283487579152459,0.5753762793497893,0.5213527376834068,0.5393935703848027,0.7047163757816972,0.6755517107077417,0.6810177647572843,0.757570106847764,0.7636717401302241,0.7491176579857327,0.1064419024683925,0.03888822617201479,0.05869459327812956,0.123419626730885,0.04413694381486341,0.06697515830491962,0.6080674292594822,0.5500417511630681,0.5642961519727229,0.5426851294400963,0.4926637242037457,0.5144909887968826
"s07_dual_role_credit","Objective-Credit-AOP","CF9","CF",100,50000,3,257903,"all",249,400,50000,0.3349422496317038,0.3362099742124585,0.3288477761558377,0.3349422496317036,0.3362099742124584,0.3288477761558377,0.3349422496317036,0.3362099742124584,0.3288477761558377,16650,16760,16390,1787,671,1025,0.1073273273273273,0.04003579952267303,0.06253813300793166,0.5721321321321321,0.5223747016706444,0.5287370347773033,0.7033565977262077,0.6757475443435251,0.6731196116333996,0.7708856342707852,0.7747642204040984,0.7571232818993671,0.101021021021021,0.03782816229116945,0.05784014643075046,0.1136336336336336,0.04224343675417661,0.06723611958511287,0.6156156156156156,0.55,0.5546064673581452,0.5286486486486487,0.4947494033412888,0.5028676021964612
"s07_dual_role_credit","Objective-Credit-AOP","CF9","CF",100,50000,4,257904,"all",249,400,50000,0.3352394240462684,0.335849440336794,0.3289111356169377,0.3352394240462684,0.335849440336794,0.3289111356169376,0.3352394240462684,0.335849440336794,0.3289111356169376,16690,16728,16382,1818,603,959,0.1089275014979029,0.03604734576757532,0.05853986082285435,0.5627321749550629,0.5153036824485892,0.5216701257477719,0.6990009668180031,0.6726098287161412,0.6695860198051861,0.7715091293714106,0.7741669518106827,0.7574955176876295,0.09946075494307968,0.03072692491630799,0.05213038701013308,0.1183942480527262,0.04136776661884266,0.06494933463557563,0.6174955062911923,0.5455523672883787,0.5464534244902942,0.5079688436189335,0.4850549976087996,0.4968868270052497
"s07_dual_role_credit","Objective-Credit-AOP","CF9","CF",100,50000,5,257905,"all",249,400,50000,0.3354337646571706,0.3355034886997914,0.329062746643038,0.3354337646571706,0.3355034886997915,0.3290627466430381,0.3354337646571706,0.3355034886997915,0.3290627466430381,16706,16718,16376,1764,651,1014,0.1055908056985514,0.03894006460102883,0.06191988275525159,0.5399856339039866,0.4798420863739682,0.5054958475818271,0.6841818245141597,0.6451467618333697,0.6600621879703757,0.7820318797725833,0.7830068006914847,0.7675643307117277,0.09756973542439842,0.03385572436894365,0.05740107474352711,0.1136118759727044,0.04402440483311401,0.06643869076697606,0.5832634981443793,0.5019739203253978,0.5302882266731803,0.4967077696635939,0.4577102524225386,0.4807034684904739
"s07_dual_role_credit","Objective-Credit-AOP","DASCMOP1","DAS-CMOP",100,50000,1,259501,"all",249,400,50000,0.3365226045906831,0.3347097743657013,0.3287676210436158,0.3365226045906831,0.3347097743657017,0.3287676210436156,0.3365226045906831,0.3347097743657017,0.3287676210436156,16780,16668,16352,2107,1629,1606,0.1255661501787843,0.09773218142548597,0.09821428571428571,0.2488676996424315,0.2237221022318215,0.2243762230919765,0.7685902386467203,0.7911531117702046,0.7647640099235244,0.7619984845148288,0.770768503662801,0.7497796085211919,0.0630512514898689,0.03191744660427166,0.03864970645792563,0.1880810488676996,0.1635469162467003,0.1577788649706458,0.4554231227651966,0.4212862970962323,0.4026418786692759,0.04231227651966627,0.02615790736741061,0.0461105675146771
"s07_dual_role_credit","Objective-Credit-AOP","DASCMOP1","DAS-CMOP",100,50000,2,259502,"all",249,400,50000,0.3303792329542864,0.3398424146919616,0.329778352353752,0.3303792329542865,0.3398424146919612,0.3297783523537519,0.3303792329542865,0.3398424146919612,0.3297783523537519,16450,16982,16368,1689,1457,1343,0.1026747720364742,0.08579672594511836,0.08205034213098729,0.2416413373860182,0.219879872806501,0.2235459433040078,0.7595951637247869,0.7978391866977358,0.7768213130761022,0.7796585526820207,0.8152376678965856,0.7855078113525609,0.06358662613981762,0.02861853727476151,0.04191104594330401,0.1417629179331307,0.1429749146154752,0.1221896383186706,0.4149544072948328,0.4112589800965729,0.3890518084066471,0.06832826747720365,0.02850076551642916,0.05804007820136852
"s07_dual_role_credit","Objective-Credit-AOP","DASCMOP1","DAS-CMOP",100,50000,3,259503,"all",249,400,50000,0.3300988943175197,0.3406696405769403,0.3292314651055401,0.3300988943175195,0.3406696405769403,0.32923146510554,0.3300988943175195,0.3406696405769403,0.32923146510554,16444,17002,16354,1700,1362,1318,0.1033811724641207,0.08010822256205152,0.08059190412131588,0.236803697397227,0.2069756499235384,0.2187232481350128,0.7546762404142849,0.7935360862945475,0.7693768902705955,0.7802744259220019,0.8184664153591816,0.7856594854486947,0.06579907565069326,0.02999647100341136,0.04500428029839795,0.140963269277548,0.1302199741206917,0.1161795279442338,0.4140111894916079,0.3881896247500294,0.3796013207777914,0.05959620530284603,0.02576167509704741,0.05784517549223431
"s07_dual_role_credit","Objective-Credit-AOP","DASCMOP1","DAS-CMOP",100,50000,4,259504,"all",249,400,50000,0.3175691107440613,0.3509731831396735,0.3314577061162653,0.3175691107440614,0.3509731831396736,0.3314577061162654,0.3175691107440614,0.3509731831396736,0.3314577061162654,15792,17528,16480,1333,1528,1165,0.08440982776089159,0.08717480602464628,0.07069174757281553,0.1702127659574468,0.1547809219534459,0.1601941747572816,0.6550026711286155,0.7659995474665044,0.7132176454148257,0.7704397721351278,0.8614830217111585,0.8088140384250927,0.05901722391084093,0.03331811958010041,0.04101941747572815,0.1098024316109422,0.1410314924691921,0.1003640776699029,0.2622847011144884,0.282405294386125,0.250121359223301,0.07814083080040526,0.02715654952076677,0.07026699029126214
"s07_dual_role_credit","Objective-Credit-AOP","DASCMOP1","DAS-CMOP",100,50000,5,259505,"all",249,400,50000,0.3313962486464925,0.3392723779621593,0.3293313733913483,0.3313962486464926,0.3392723779621594,0.3293313733913483,0.3313962486464926,0.3392723779621594,0.3293313733913483,16510,16888,16402,2039,1474,1540,0.1235009085402786,0.08728090952155376,0.09389098890379222,0.2310115081768625,0.213879677877783,0.2086940616997927,0.7383729436373447,0.7942968925922542,0.7527024333254496,0.7690104976298087,0.8016451709346025,0.7714755506106763,0.07147183525136282,0.03529133112269067,0.04036093159370809,0.1755299818291944,0.1392704879204169,0.1474210462138764,0.401817080557238,0.3994552344860256,0.3575173759297647,0.06020593579648698,0.0283041212695405,0.05987074746982075
"s07_dual_role_credit","Objective-Credit-AOP","DASCMOP2","DAS-CMOP",100,50000,1,259601,"all",249,400,50000,0.3258279820391758,0.3436657949301479,0.3305062230306763,0.3258279820391757,0.3436657949301477,0.3305062230306763,0.3258279820391757,0.3436657949301477,0.3305062230306763,16232,17148,16420,1473,1476,1321,0.0907466732380483,0.086074177746676,0.08045066991473812,0.2265894529324791,0.2261488220200606,0.2311205846528624,0.6882057677159124,0.7927987370415411,0.7462362232079022,0.7646974476753408,0.8214740789628669,0.7819323150720845,0.04953178905864958,0.02425938885001166,0.03032886723507917,0.131961557417447,0.1478889666433403,0.1305724725943971,0.3707491375061607,0.3978306508047585,0.3823386114494519,0.08242976835879744,0.05446699323536273,0.07990255785627284
"s07_dual_role_credit","Objective-Credit-AOP","DASCMOP2","DAS-CMOP",100,50000,2,259602,"all",249,400,50000,0.3275813434477526,0.3435071462545917,0.3289115102976558,0.3275813434477524,0.3435071462545917,0.3289115102976558,0.3275813434477524,0.3435071462545917,0.3289115102976558,16324,17130,16346,1531,1432,1346,0.0937882871845136,0.08359603035610041,0.08234430441698275,0.2376255819652046,0.2304144775248103,0.2370610546922794,0.7171787645857466,0.7991576137177097,0.7597634498904684,0.7583037366989894,0.808786922660931,0.7686338206677653,0.04925263415829453,0.02463514302393462,0.02985439862963416,0.1383239402107327,0.1425569176882662,0.1348342102043313,0.3898554275912767,0.4054874489200234,0.3883518903707329,0.08539573633913257,0.0553415061295972,0.08577021901382602
"s07_dual_role_credit","Objective-Credit-AOP","DASCMOP2","DAS-CMOP",100,50000,3,259603,"all",249,400,50000,0.3302934757642593,0.3393809333997224,0.3303255908360183,0.3302934757642592,0.3393809333997225,0.3303255908360183,0.3302934757642592,0.3393809333997225,0.3303255908360183,16450,16910,16440,1858,1545,1522,0.1129483282674772,0.09136605558840923,0.09257907542579076,0.2499088145896657,0.2357776463630988,0.2435523114355231,0.7378768667494765,0.7984707628437359,0.7737403188911398,0.7600681119733173,0.7952625668823503,0.7666460361044004,0.05240121580547112,0.02708456534594914,0.03126520681265207,0.1734954407294833,0.1556475458308693,0.1538929440389294,0.4227355623100304,0.4296865759905382,0.4138686131386861,0.07708206686930091,0.04186871673565937,0.07323600973236009
"s07_dual_role_credit","Objective-Credit-AOP","DASCMOP2","DAS-CMOP",100,50000,4,259604,"all",249,400,50000,0.3295544894786629,0.3402083993272763,0.330237111194061,0.3295544894786625,0.3402083993272759,0.330237111194061,0.3295544894786625,0.3402083993272759,0.330237111194061,16400,16952,16448,1805,1467,1419,0.1100609756097561,0.08653846153846154,0.08627188715953307,0.2379878048780488,0.2313591316658801,0.241488326848249,0.7178576875555616,0.7973545030011265,0.7669808871595652,0.7617141309859455,0.8028610454261162,0.7708362982825196,0.05780487804878049,0.02288815478999528,0.02906128404669261,0.1623170731707317,0.1501887682869278,0.1434824902723735,0.4082926829268292,0.419419537517697,0.4073443579766537,0.0676829268292683,0.04329872581406324,0.07563229571984435
"s07_dual_role_credit","Objective-Credit-AOP","DASCMOP2","DAS-CMOP",100,50000,5,259605,"all",249,400,50000,0.333208307504381,0.3379538816877595,0.3288378108078595,0.3332083075043811,0.3379538816877594,0.3288378108078595,0.3332083075043811,0.3379538816877594,0.3288378108078595,16594,16830,16376,1855,1587,1458,0.1117873930336266,0.09429590017825312,0.08903273082559844,0.2450885862359889,0.2370766488413547,0.2478627259404006,0.7473066930675486,0.8002095325774318,0.7800752415212406,0.7634801768447096,0.7875367486572564,0.7590546174921066,0.0490538748945402,0.02364824717765894,0.03138739618954568,0.174520911172713,0.1649435531788473,0.1466780654616512,0.4307581053392793,0.4325609031491384,0.4346604787493893,0.05941906713269857,0.041592394533571,0.06106497313141182
"s07_dual_role_credit","Objective-Credit-AOP","DASCMOP3","DAS-CMOP",100,50000,1,259701,"all",249,400,50000,0.3419950936400977,0.3316070015883052,0.326397904771597,0.3419950936400977,0.3316070015883052,0.326397904771597,0.3419950936400977,0.3316070015883052,0.326397904771597,17024,16522,16254,2485,1603,1505,0.1459703947368421,0.09702215228180608,0.09259259259259259,0.2427749060150376,0.1922285437598354,0.2165620770271933,0.7089149912841394,0.7135690381063301,0.7161284288422142,0.7461965703522658,0.7350107155654024,0.7180580167799918,0.08634868421052631,0.03958358552233386,0.04614248800295312,0.2055921052631579,0.1544607190412783,0.1390426971822321,0.4651080827067669,0.374167776298269,0.419342930970838,0.02044172932330827,0.01028931122140177,0.01378122308354866
"s07_dual_role_credit","Objective-Credit-AOP","DASCMOP3","DAS-CMOP",100,50000,2,259702,"all",249,400,50000,0.3405171177704964,0.332444030074196,0.3270388521553077,0.3405171177704963,0.3324440300741958,0.327038852155308,0.3405171177704963,0.3324440300741958,0.327038852155308,16964,16550,16286,2451,1550,1566,0.1444824333883518,0.09365558912386707,0.09615620778582831,0.2270101391181325,0.2056797583081571,0.2130664374309223,0.697107902765522,0.7152649334554464,0.7103498227038826,0.7594086244586726,0.7542463078536957,0.7346366707917453,0.07026644659278472,0.03093655589123867,0.04396414097998281,0.2186984201839189,0.1563746223564955,0.1483482745916738,0.4330346616364065,0.4009667673716012,0.410291047525482,0.02098561659985852,0.01039274924471299,0.01584182733636252
"s07_dual_role_credit","Objective-Credit-AOP","DASCMOP3","DAS-CMOP",100,50000,3,259703,"all",249,400,50000,0.3354565189337354,0.3328693418600561,0.3316741392062086,0.3354565189337352,0.3328693418600559,0.3316741392062083,0.3354565189337352,0.3328693418600559,0.3316741392062083,16722,16558,16520,2979,1727,2023,0.1781485468245425,0.1043000362362604,0.1224576271186441,0.2116373639516804,0.2132503925594879,0.188317191283293,0.7223114968510358,0.736242461062935,0.712726286151589,0.7701769882618162,0.7693995823805074,0.7634479965897072,0.09879201052505682,0.04481217538350042,0.04443099273607748,0.2575050831240282,0.1637878970890204,0.2004842615012107,0.409520392297572,0.4168377823408624,0.3654963680387409,0.01375433560578878,0.009663002778113298,0.01113801452784504
"s07_dual_role_credit","Objective-Credit-AOP","DASCMOP3","DAS-CMOP",100,50000,4,259704,"all",249,400,50000,0.3354991522331957,0.3367238522472517,0.3277769955195526,0.3354991522331959,0.3367238522472517,0.3277769955195522,0.3354991522331959,0.3367238522472517,0.3277769955195522,16740,16750,16310,2549,1695,1568,0.1522700119474313,0.1011940298507463,0.096137339055794,0.2218040621266428,0.1871641791044776,0.2033721643163703,0.6783998620185471,0.7247250341565973,0.700139482749716,0.7545920498929835,0.7751997288847803,0.7451636490139236,0.08912783751493429,0.05743283582089552,0.05321888412017167,0.2154121863799283,0.144955223880597,0.1390557939914163,0.4256869772998805,0.3613134328358209,0.3900674432863274,0.01792114695340502,0.01301492537313433,0.01667688534641324
"s07_dual_role_credit","Objective-Credit-AOP","DASCMOP3","DAS-CMOP",100,50000,5,259705,"all",249,400,50000,0.3420857271037844,0.3319713479791869,0.3259429249170288,0.3420857271037845,0.3319713479791867,0.3259429249170288,0.3420857271037845,0.3319713479791867,0.3259429249170288,17022,16560,16218,2509,1530,1394,0.1473974856068617,0.09239130434782608,0.08595387840670859,0.2411585007637175,0.1864734299516908,0.2128499198421507,0.7110892917741886,0.713094614078204,0.714967837213503,0.7512953336230295,0.7390256984816758,0.7205587880833539,0.08565385971096229,0.04094202898550724,0.04316191885559255,0.2091411115027611,0.1438405797101449,0.1287458379578246,0.4643402655387146,0.3655797101449275,0.4101615488962881,0.01797673598872048,0.007367149758454106,0.01553829078801332
"s07_dual_role_credit","Objective-Credit-AOP","DASCMOP4","DAS-CMOP",100,50000,1,259801,"all",249,400,50000,0.3670376828684122,0.2785675072271387,0.3543948099044492,0.367037682868412,0.2785675072271389,0.3543948099044491,0.367037682868412,0.2785675072271389,0.3543948099044491,18288,13858,17654,4727,891,4353,0.2584755030621173,0.06429499206234666,0.2465730146142517,0.01000656167979003,0.002525616972146053,0.01285827574487368,0.2187839236921088,0.104327933275725,0.2329656907605991,0.7769067371233428,0.5874783407657919,0.7508304486003147,0.2679352580927384,0.06855246067253572,0.2567123598051433,0.2490157480314961,0.0600375234521576,0.2364336694233601,0.01531058617672791,0.004329629095107519,0.02197802197802198,0.004702537182852144,0.0007216048491845865,0.003738529511725388
"s07_dual_role_credit","Objective-Credit-AOP","DASCMOP4","DAS-CMOP",100,50000,2,259802,"all",249,400,50000,0.3828577399839731,0.2622699899959153,0.3548722700201116,0.3828577399839733,0.2622699899959151,0.3548722700201117,0.3828577399839733,0.2622699899959151,0.3548722700201117,19062,13074,17664,4819,506,3683,0.2528066309935998,0.03870276885421447,0.2085031702898551,0.02365963697408457,0.00566008872571516,0.02921195652173913,0.2081086709372841,0.05978389181105963,0.1887599954324108,0.8006753317761877,0.5443609686042767,0.7416691347942125,0.2619871996642535,0.04298607924124216,0.2192028985507246,0.2436260623229462,0.03441945846718678,0.1978034420289855,0.03766656174588186,0.008872571515985927,0.04461050724637681,0.009652712202287273,0.002447605935444394,0.01381340579710145
"s07_dual_role_credit","Objective-Credit-AOP","DASCMOP4","DAS-CMOP",100,50000,3,259803,"all",249,400,50000,0.3727502213613675,0.2721116901704395,0.3551380884681931,0.3727502213613673,0.2721116901704395,0.3551380884681931,0.3727502213613673,0.2721116901704395,0.3551380884681931,18558,13550,17692,4515,683,3947,0.2432913029421274,0.05040590405904059,0.2230951842640742,0.008783274059704709,0.002952029520295203,0.01254804431381415,0.2194075487733061,0.085823286352552,0.2244306119796614,0.7895349452229492,0.57442220938221,0.7538843599117537,0.2598340338398534,0.0552029520295203,0.2325344788605019,0.2267485720444013,0.04560885608856088,0.2136558896676464,0.01390236016812156,0.005018450184501845,0.02000904363554149,0.003664187951287854,0.0008856088560885609,0.005087044992086819
"s07_dual_role_credit","Objective-Credit-AOP","DASCMOP4","DAS-CMOP",100,50000,4,259804,"all",249,400,50000,0.3631502083853176,0.2813859262055059,0.3554638654091766,0.3631502083853176,0.281385926205506,0.3554638654091763,0.3631502083853176,0.281385926205506,0.3554638654091763,18090,14008,17702,4108,805,4024,0.2270867882808181,0.05746716162193032,0.2273189470116371,0.05074626865671641,0.01749000571102227,0.08338040899333408,0.3029283525226139,0.1679474615621764,0.3618181440716905,0.7640082897152936,0.5908553199506403,0.7503024309969591,0.2386954118297402,0.04982866933181039,0.2342108236357474,0.2154781647318961,0.06510565391205025,0.2204270703875268,0.07219458264234384,0.02341519131924615,0.1133205287538131,0.029297954671089,0.0115648201027984,0.05344028923285504
"s07_dual_role_credit","Objective-Credit-AOP","DASCMOP4","DAS-CMOP",100,50000,5,259805,"all",249,400,50000,0.3691672540964943,0.2729995215843929,0.3578332243191129,0.3691672540964941,0.2729995215843927,0.3578332243191131,0.3691672540964941,0.2729995215843927,0.3578332243191131,18392,13586,17822,4312,788,4006,0.2344497607655502,0.05800088326218165,0.2247783638199977,0.0875380600260983,0.02384807890475489,0.1091908876669285,0.3457525132479856,0.1583774397420203,0.3780967161125062,0.775042512660656,0.5705447301251431,0.7513841004148957,0.2267290126141801,0.04916826144560577,0.2092918864324992,0.2421705089169204,0.06683350507875754,0.2402648412074964,0.123640713353632,0.02900044163109083,0.1484681853888452,0.05143540669856459,0.01869571617841896,0.06991358994501179
"s07_dual_role_credit","Objective-Credit-AOP","DASCMOP5","DAS-CMOP",100,50000,1,259901,"all",249,400,50000,0.3745869517910173,0.2680555313711739,0.3573575168378089,0.3745869517910169,0.2680555313711738,0.3573575168378091,0.3745869517910169,0.2680555313711738,0.3573575168378091,18676,13334,17790,3921,600,3541,0.2099485971300064,0.04499775011249438,0.199044406970208,0.06859070464767617,0.01642417879106045,0.09376053962900506,0.2950235270722614,0.1052979746291154,0.3129255893783509,0.7886750098899218,0.5622570312993553,0.753839200569275,0.199935746412508,0.03779811009449528,0.1896571107363687,0.2199614478475048,0.05219739013049347,0.2084317032040472,0.08181623473977297,0.01574921253937303,0.1156829679595278,0.05536517455557936,0.01709914504274786,0.07183811129848229
"s07_dual_role_credit","Objective-Credit-AOP","DASCMOP5","DAS-CMOP",100,50000,2,259902,"all",249,400,50000,0.3762894645242704,0.2687361206100368,0.354974414865693,0.37628946452427,0.2687361206100369,0.3549744148656931,0.37628946452427,0.2687361206100369,0.3549744148656931,18740,13384,17676,4597,611,3828,0.2453041622198506,0.04565152420800957,0.2165648336727767,0.01643543223052294,0.003063359234907352,0.02064946820547635,0.2127433342215664,0.07509628211146607,0.2172902221904768,0.7977615609103537,0.5659739525398917,0.7527350931197169,0.252187833511206,0.04662283323371189,0.2273138719167233,0.2384204909284952,0.04468021518230723,0.2058157954288301,0.02230522945570971,0.004632396891811118,0.02738176057931659,0.01056563500533618,0.001494321578003586,0.01391717583163612
"s07_dual_role_credit","Objective-Credit-AOP","DASCMOP5","DAS-CMOP",100,50000,3,259903,"all",249,400,50000,0.3746946084685058,0.2704666306299047,0.3548387609015896,0.3746946084685057,0.2704666306299047,0.3548387609015894,0.3746946084685057,0.2704666306299047,0.3548387609015894,18662,13456,17682,4367,652,3750,0.2340049298038795,0.04845422116527943,0.2120800814387513,0.04629728860786625,0.01523483947681332,0.07103268860988576,0.2466934547752477,0.105730525419665,0.2702825957349496,0.7973846545404819,0.5735375377251787,0.7565648156077671,0.2401671846533062,0.0512782401902497,0.21977151905893,0.2278426749544529,0.04563020214030915,0.2043886438185726,0.06065802164826921,0.01932223543400714,0.08765976699468386,0.0319365555674633,0.0111474435196195,0.05440561022508766
"s07_dual_role_credit","Objective-Credit-AOP","DASCMOP5","DAS-CMOP",100,50000,4,259904,"all",249,400,50000,0.3673081613797523,0.2793335323153739,0.3533583063048736,0.3673081613797528,0.2793335323153741,0.3533583063048737,0.3673081613797528,0.2793335323153741,0.3533583063048737,18288,13914,17598,3726,865,3597,0.203740157480315,0.0621676009774328,0.2043982270712581,0.08934820647419073,0.02580135115710795,0.1143879986362087,0.3140098491378023,0.1449583218343414,0.3482534432296996,0.7772808867596298,0.5877303174996432,0.74837309398545,0.1819772528433946,0.05663360643955728,0.1769519263552676,0.2255030621172353,0.06770159551530833,0.2318445277872485,0.1129702537182852,0.0298979445163145,0.1386521195590408,0.06572615923009624,0.0217047577979014,0.09012387771337652
"s07_dual_role_credit","Objective-Credit-AOP","DASCMOP5","DAS-CMOP",100,50000,5,259905,"all",249,400,50000,0.3772287584132406,0.2660741670266622,0.3566970745600972,0.3772287584132408,0.2660741670266621,0.3566970745600976,0.3772287584132408,0.2660741670266621,0.3566970745600976,18788,13244,17768,4064,626,3595,0.2163082818820524,0.04726668680157052,0.2023300315173345,0.0487012987012987,0.01034430685593476,0.06787483115713643,0.2909759662820489,0.09683635768792104,0.3002070616649629,0.797165035017944,0.5594809239357638,0.7542944893875431,0.2180114967000213,0.04787073391724554,0.2064385411976587,0.2146050670640835,0.0466626396858955,0.1982215218370104,0.06525441771343411,0.01298701298701299,0.09083746060333184,0.03214817968916329,0.007701600724856539,0.04491220171094102
"s07_dual_role_credit","Objective-Credit-AOP","DASCMOP6","DAS-CMOP",100,50000,1,260001,"all",249,400,50000,0.3795004344085082,0.2670865290016542,0.3534130365898377,0.3795004344085082,0.2670865290016541,0.3534130365898376,0.3795004344085082,0.2670865290016541,0.3534130365898376,18888,13312,17600,4419,605,3595,0.2339580686149937,0.04544771634615385,0.2042613636363636,0.03340745446844558,0.006535456730769231,0.03835227272727273,0.2292262292397163,0.07548565464424632,0.2211768373789402,0.8023008604273785,0.5606020699921552,0.7471800890088149,0.2334815756035578,0.05739182692307692,0.2142045454545455,0.2344345616264295,0.03350360576923077,0.1943181818181818,0.04235493434985176,0.00946514423076923,0.04897727272727273,0.02445997458703939,0.003605769230769231,0.02772727272727273
"s07_dual_role_credit","Objective-Credit-AOP","DASCMOP6","DAS-CMOP",100,50000,2,260002,"all",249,400,50000,0.3771265434150495,0.2685377036768913,0.3543357529080593,0.377126543415049,0.2685377036768916,0.3543357529080593,0.377126543415049,0.2685377036768916,0.3543357529080593,18784,13378,17638,4075,608,3721,0.2169399488926746,0.04544775003737479,0.2109649620138338,0.05270442930153322,0.01532366571983854,0.07631250708697131,0.2738654841903166,0.1054999621451814,0.288360352817529,0.8057613136286309,0.5698024831569933,0.7578659999019364,0.2168867120954003,0.05561369412468231,0.2168046263748724,0.2169931856899489,0.03528180595006727,0.2051252976527951,0.06952725724020443,0.02048138735236956,0.1021657784329289,0.03588160136286201,0.01016594408730752,0.05045923574101372
"s07_dual_role_credit","Objective-Credit-AOP","DASCMOP6","DAS-CMOP",100,50000,3,260003,"all",249,400,50000,0.3708908758634825,0.2712945213088515,0.3578146028276659,0.3708908758634827,0.2712945213088517,0.3578146028276661,0.3708908758634827,0.2712945213088517,0.3578146028276661,18466,13506,17828,4027,614,3810,0.2180764648543269,0.04546127646971716,0.2137087727170743,0.09888443626123687,0.0301347549237376,0.1292910029167602,0.3908026068041783,0.1726969261268672,0.4176103347832913,0.7796743264360048,0.5690672037866443,0.7544032373242798,0.2041589949095635,0.04931141714793425,0.1984518734574826,0.2319939347990902,0.04161113579150007,0.2289656719766659,0.1389580851294271,0.04205538279283282,0.1810634956248598,0.05881078739304668,0.01821412705464238,0.07751851020866053
"s07_dual_role_credit","Objective-Credit-AOP","DASCMOP6","DAS-CMOP",100,50000,4,260004,"all",249,400,50000,0.3689435550743159,0.2756655279667459,0.3553909169589383,0.368943555074316,0.275665527966746,0.3553909169589385,0.368943555074316,0.275665527966746,0.3553909169589385,18354,13740,17706,4637,820,4222,0.2526424757546039,0.05967976710334789,0.2384502428555292,0,0,0,0.1289140977126704,0.06865817023703363,0.135781745452227,0.772742378501263,0.5761238809356368,0.7451716697220118,0.2635937670262613,0.07409024745269287,0.252343838246922,0.2416911844829465,0.04526928675400291,0.2245566474641364,0,0,0,0,0,0
"s07_dual_role_credit","Objective-Credit-AOP","DASCMOP6","DAS-CMOP",100,50000,5,260005,"all",249,400,50000,0.3735789051281547,0.2697790066814735,0.3566420881903717,0.3735789051281544,0.2697790066814735,0.3566420881903715,0.3735789051281544,0.2697790066814735,0.3566420881903715,18600,13430,17770,4855,671,4162,0.2610215053763441,0.04996276991809382,0.2342149690489589,0.01376344086021505,0.002680565897244974,0.01643218908272369,0.2660955664715171,0.1066280015402515,0.2781904999477326,0.7923531415813202,0.5684843326130656,0.7561236432462486,0.2702150537634408,0.0631422189128816,0.2526730444569499,0.2518279569892473,0.03678332092330603,0.2157568936409679,0.0178494623655914,0.00372300819061802,0.02037141249296567,0.00967741935483871,0.001638123603871929,0.01249296567248171
"s07_dual_role_credit","Objective-Credit-AOP","DASCMOP7","DAS-CMOP",100,50000,1,260101,"all",249,400,50000,0.3831854427738315,0.2565843123720543,0.3602302448541143,0.3831854427738314,0.2565843123720542,0.3602302448541142,0.3831854427738314,0.2565843123720542,0.3602302448541142,19080,12782,17938,5050,756,4055,0.2646750524109014,0.05914567360350493,0.2260564165458803,0.01588050314465409,0.001486465341887029,0.01588805886943918,0.2003451421192733,0.07047650387943144,0.187797999259138,0.742804382380176,0.4955565552069935,0.6985738540099607,0.2780922431865828,0.05304334219996871,0.2374846694168804,0.2512578616352201,0.06524800500704116,0.2146281636748801,0.01939203354297694,0.002034110467845408,0.01705875794402944,0.01236897274633124,0.0009388202159286497,0.01471735979484892
"s07_dual_role_credit","Objective-Credit-AOP","DASCMOP7","DAS-CMOP",100,50000,2,260102,"all",249,400,50000,0.3830685348196234,0.2527765615834746,0.3641549035969021,0.3830685348196235,0.2527765615834746,0.3641549035969019,0.3830685348196235,0.2527765615834746,0.3641549035969019,19070,12594,18136,4094,609,3667,0.2146827477713686,0.04835636017151024,0.2021945302161447,0.1044572627163083,0.01762744163887565,0.111104984561094,0.3270694182884215,0.1048534689656907,0.3136631555280794,0.7376869763398829,0.4859884159398526,0.7032803682997033,0.2224436287362349,0.04700651103700175,0.2094177326863697,0.2069218668065023,0.04970620930601874,0.1949713277459197,0.119140010487677,0.01985072256630141,0.1267093074547861,0.0897745149449397,0.0154041607114499,0.09550066166740186
"s07_dual_role_credit","Objective-Credit-AOP","DASCMOP7","DAS-CMOP",100,50000,3,260103,"all",249,400,50000,0.383071050895918,0.2587228213996495,0.3582061277044324,0.3830710508959183,0.2587228213996496,0.3582061277044324,0.3830710508959183,0.2587228213996496,0.3582061277044324,19086,12892,17822,4698,804,4068,0.2461490097453631,0.06236425690350605,0.2282572101896532,0.004820287121450277,0.002094322060192367,0.007462686567164179,0.2535513308081243,0.1136487544415517,0.2696314265861635,0.751546085168363,0.5054482364841304,0.7055232280051096,0.2677355129414231,0.06267452683834937,0.2499158343620245,0.2245625065493032,0.06205398696866274,0.206598586017282,0.00817353033637221,0.003412969283276451,0.01167096846594097,0.001467043906528345,0.0007756748371082842,0.003254404668387386
"s07_dual_role_credit","Objective-Credit-AOP","DASCMOP7","DAS-CMOP",100,50000,4,260104,"all",249,400,50000,0.3916260819388125,0.2480745648785771,0.3602993531826104,0.3916260819388124,0.2480745648785772,0.3602993531826105,0.3916260819388124,0.2480745648785772,0.3602993531826105,19518,12350,17932,4071,460,3113,0.2085766984322164,0.03724696356275304,0.1736002676778943,0.1191720463162209,0.008582995951417004,0.1109190274369842,0.3607578770220848,0.09264908246938378,0.3305878550516794,0.7454160945304048,0.4689247790735036,0.6872391552478372,0.2126242442873245,0.03643724696356275,0.1732099040820879,0.2045291525771083,0.03805668016194332,0.1739906312737007,0.1398708884106978,0.01020242914979757,0.1283738567923266,0.09847320422174403,0.006963562753036437,0.09346419808164176
"s07_dual_role_credit","Objective-Credit-AOP","DASCMOP7","DAS-CMOP",100,50000,5,260105,"all",249,400,50000,0.3906590087446736,0.2467184879968607,0.3626225032584657,0.3906590087446735,0.2467184879968607,0.3626225032584657,0.3906590087446735,0.2467184879968607,0.3626225032584657,19444,12284,18072,4017,434,3210,0.2065932935609957,0.03533051123412569,0.1776228419654715,0.1253342933552767,0.02222403126017584,0.1522797698096503,0.3348702677814842,0.10971651529822,0.3437969901639761,0.7515728159217916,0.4708610417016714,0.6983848605543567,0.2047932524171981,0.03272549658091826,0.1750774679061532,0.2083933347047933,0.03793552588733311,0.1801682160247897,0.1509977370911335,0.02507326603712146,0.1826029216467464,0.09967084961941987,0.01937479648323022,0.1219566179725542
"s07_dual_role_credit","Objective-Credit-AOP","DASCMOP8","DAS-CMOP",100,50000,1,260201,"all",249,400,50000,0.3820422398012135,0.2586475899287577,0.3593101702700289,0.3820422398012132,0.2586475899287578,0.3593101702700289,0.3820422398012132,0.2586475899287578,0.3593101702700289,19020,12884,17896,3459,562,2962,0.1818611987381704,0.04361999379074821,0.1655118462226196,0.1586225026288118,0.03477180999689537,0.1994859186410371,0.3713808311474303,0.1525819222965321,0.3994955245438137,0.7171613272440982,0.4831236574988041,0.6753572047233083,0.1911671924290221,0.04129152437131325,0.1642825212337952,0.1725552050473186,0.04594846321018317,0.1667411712114439,0.1885383806519453,0.04004967401428128,0.233907018328118,0.1287066246056782,0.02949394597950947,0.1650648189539562
"s07_dual_role_credit","Objective-Credit-AOP","DASCMOP8","DAS-CMOP",100,50000,2,260202,"all",249,400,50000,0.3856137766656337,0.2520260746005317,0.3623601487338347,0.3856137766656338,0.2520260746005317,0.3623601487338346,0.3856137766656338,0.2520260746005317,0.3623601487338346,19190,12552,18058,3887,508,3211,0.2025534132360604,0.04047163798597833,0.1778159264591871,0.1450234497133924,0.02565328234544296,0.1640270240336693,0.3647605263183425,0.1248407444502591,0.3738615504281979,0.7170324005485069,0.465644879006316,0.6753859902481248,0.2042730588848359,0.03616953473550032,0.170118507032894,0.2008337675872851,0.04477374123645634,0.1855133458854801,0.170088587806149,0.03027405991077119,0.1937091593753461,0.1199583116206357,0.02103250478011472,0.1343448886919925
"s07_dual_role_credit","Objective-Credit-AOP","DASCMOP8","DAS-CMOP",100,50000,3,260203,"all",249,400,50000,0.3631286020203273,0.2664827948716528,0.3703886031080199,0.3631286020203275,0.2664827948716528,0.3703886031080199,0.3631286020203275,0.2664827948716528,0.3703886031080199,18086,13268,18446,4075,814,4290,0.225312396328652,0.06135061802833886,0.2325707470454299,0.1966714585867522,0.05532107325896895,0.260002168491814,0.4348534523493864,0.2387900848483746,0.5215526410132093,0.6926049525039716,0.50990424468916,0.7112879029644499,0.2232666150613734,0.04748266505878806,0.2237883551989591,0.2273581775959305,0.07521857099788966,0.2413531388919007,0.2402963618268274,0.06150135664757311,0.3116122736636669,0.153046555346677,0.04914078987036478,0.208392063319961
"s07_dual_role_credit","Objective-Credit-AOP","DASCMOP8","DAS-CMOP",100,50000,4,260204,"all",249,400,50000,0.3782351730555872,0.2616332403003372,0.3601315866440756,0.3782351730555869,0.2616332403003372,0.3601315866440755,0.3782351730555869,0.2616332403003372,0.3601315866440755,18828,13026,17946,4534,736,4164,0.2408115572551519,0.05650237985567327,0.2320294215981277,0.008710431272572764,0.003070781513895286,0.01376351276050373,0.2122025212145542,0.1030218487949651,0.2316413434413536,0.7137482391604755,0.4915408966103688,0.6802340550573213,0.2643934565540684,0.05650237985567327,0.2504179204279505,0.2172296579562354,0.05650237985567327,0.2136409227683049,0.01083492670490758,0.004299094119453401,0.01671681711802073,0.006585935840237944,0.001842468908337172,0.01081020840298674
"s07_dual_role_credit","Objective-Credit-AOP","DASCMOP8","DAS-CMOP",100,50000,5,260205,"all",249,400,50000,0.3808141903256448,0.2585584004792936,0.3606274091950616,0.3808141903256449,0.2585584004792936,0.3606274091950619,0.3808141903256449,0.2585584004792936,0.3606274091950619,18984,12860,17956,4900,706,4174,0.2581120943952802,0.05489891135303266,0.2324571173980842,0.01322166034555415,0.002099533437013997,0.0197705502339051,0.2329710228295438,0.08808125920287481,0.2351398090718386,0.7217585616949224,0.4866745746036683,0.6848256507904545,0.2700168563000421,0.05241057542768274,0.2451548229004233,0.2462073324905183,0.05738724727838258,0.2197594118957452,0.01780446691951117,0.003732503888024884,0.02695477834707062,0.008638853771597134,0.0004665629860031104,0.01258632212073959
"s07_dual_role_credit","Objective-Credit-AOP","DASCMOP9","DAS-CMOP",100,50000,1,260301,"all",249,400,50000,0.3211197238795451,0.3512808360543977,0.3275994400660571,0.3211197238795453,0.3512808360543979,0.3275994400660571,0.3211197238795453,0.3512808360543979,0.3275994400660571,15972,17506,16322,1423,1652,1121,0.08909341347357877,0.0943676453787273,0.06868030878568802,0.2838717756073128,0.1324117445447275,0.2507658375199118,0.7054588387957884,0.6266394573183601,0.6802014424317908,0.6258949534363145,0.6867137690413971,0.638847713261425,0.06962183821687953,0.02033588483948361,0.0408038230608994,0.108564988730278,0.168399405917971,0.09655679451047666,0.4931129476584022,0.2415171941048783,0.439774537434138,0.07463060355622339,0.02330629498457672,0.06175713760568557
"s07_dual_role_credit","Objective-Credit-AOP","DASCMOP9","DAS-CMOP",100,50000,2,260302,"all",249,400,50000,0.3230935642082962,0.3503696275351335,0.3265368082565706,0.3230935642082964,0.3503696275351331,0.3265368082565706,0.3230935642082964,0.3503696275351331,0.3265368082565706,16084,17426,16290,1601,1711,1184,0.09953991544391942,0.0981866176976931,0.07268262737875998,0.2673464312360109,0.1269367611614828,0.2402087170042971,0.7073531774287608,0.6289961737712078,0.6788334312406664,0.6384446116336053,0.6948649484464244,0.6452594425167282,0.0727430987316588,0.02329851945368989,0.04198895027624309,0.12633673215618,0.1730747159416963,0.1033763044812769,0.4721462322805272,0.2373464937449788,0.4281154082259054,0.06254663019149466,0.01652702857798691,0.05230202578268876
"s07_dual_role_credit","Objective-Credit-AOP","DASCMOP9","DAS-CMOP",100,50000,3,260303,"all",249,400,50000,0.3204773604540186,0.3524294336099417,0.3270932059360397,0.3204773604540188,0.3524294336099417,0.3270932059360397,0.3204773604540188,0.3524294336099417,0.3270932059360397,15952,17550,16298,1449,1722,1168,0.09083500501504514,0.09811965811965812,0.07166523499815929,0.2820962888665998,0.1270655270655271,0.2429745981101976,0.6989313582501809,0.6225908066060961,0.6743435018299254,0.6364538777768987,0.7024481030590181,0.650225918911211,0.07560180541624875,0.02404558404558405,0.04417719965639956,0.1060682046138415,0.1721937321937322,0.09915327033991901,0.4938565697091274,0.2268945868945869,0.4229966867100258,0.07033600802407222,0.02723646723646723,0.06295250951036938
"s07_dual_role_credit","Objective-Credit-AOP","DASCMOP9","DAS-CMOP",100,50000,4,260304,"all",249,400,50000,0.3246152686371089,0.3474268802700148,0.3279578510928764,0.3246152686371088,0.3474268802700149,0.3279578510928763,0.3246152686371088,0.3474268802700149,0.3279578510928763,16174,17278,16348,1708,1693,1296,0.1056015827871893,0.09798587799513833,0.07927575238561292,0.2644985779646346,0.1221206158120153,0.2356251529239051,0.6984849197238688,0.6163902190449073,0.6720616807130052,0.6477146505921445,0.6958931765981192,0.6547542783629967,0.07122542351922839,0.02187753212177335,0.04281869341815513,0.1399777420551502,0.1740942238685033,0.1157328113530707,0.4778038827748238,0.2256048153721495,0.4259848299486176,0.05119327315444541,0.01863641625188101,0.04526547589919256
"s07_dual_role_credit","Objective-Credit-AOP","DASCMOP9","DAS-CMOP",100,50000,5,260305,"all",249,400,50000,0.3267122930852129,0.3458304180817476,0.3274572888330395,0.3267122930852129,0.3458304180817478,0.3274572888330395,0.3267122930852129,0.3458304180817478,0.3274572888330395,16244,17236,16320,1820,1559,1238,0.1120413691209062,0.09045022046878626,0.0758578431372549,0.2739473036197981,0.1278718960315618,0.2414828431372549,0.7127603197799598,0.613527462177569,0.6787092499884044,0.6402934408686477,0.679305084392111,0.6418304906251046,0.07399655257325782,0.01868182873056394,0.0383578431372549,0.1500861856685546,0.1622186122070086,0.1133578431372549,0.4880571287860133,0.2362497099094918,0.4325980392156863,0.05983747845358286,0.01949408215363193,0.05036764705882353
"s07_dual_role_credit","Objective-Credit-AOP","LIRCMOP10","LIR-CMOP",100,50000,1,259001,"all",249,400,50000,0.327434532415271,0.3386971820661125,0.3338682855186165,0.3274345324152709,0.3386971820661126,0.3338682855186165,0.3274345324152709,0.3386971820661126,0.3338682855186165,16322,16894,16584,1984,2215,2298,0.121553731160397,0.131111637267669,0.1385672937771346,0.673324347506433,0.6792352314431159,0.7335383502170767,0.920476298225254,0.8987109278474076,0.9257698551557838,0.824745892903434,0.8548484254451058,0.8418462316791531,0.1286607033451783,0.1266721913105245,0.1490593342981187,0.1144467589756157,0.1355510832248135,0.1280752532561505,0.8045582649185149,0.7280691369717059,0.8182585624698504,0.5420904300943512,0.6304013259145259,0.648818137964303
"s07_dual_role_credit","Objective-Credit-AOP","LIRCMOP10","LIR-CMOP",100,50000,2,259002,"all",249,400,50000,0.3285187314746189,0.3380555743455137,0.3334256941798675,0.3285187314746189,0.3380555743455135,0.3334256941798676,0.3285187314746189,0.3380555743455135,0.3334256941798676,16378,16860,16562,2112,2263,2424,0.1289534741726707,0.1342230130486358,0.1463591353701244,0.6758456465990963,0.6862989323843416,0.7443545465523488,0.9229936898749809,0.9054101662909678,0.9298575088066201,0.8198207806522347,0.8458775809905595,0.8333625814054185,0.1327390401758456,0.1245551601423488,0.1589180050718512,0.1251679081694957,0.1438908659549229,0.1338002656683975,0.8279399194040786,0.7398576512455516,0.8311798092017872,0.5237513737941141,0.6327402135231317,0.6575292839029103
"s07_dual_role_credit","Objective-Credit-AOP","LIRCMOP10","LIR-CMOP",100,50000,3,259003,"all",249,400,50000,0.3277420416336964,0.3388765132556669,0.3333814451106368,0.3277420416336962,0.3388765132556667,0.3333814451106366,0.3277420416336962,0.3388765132556667,0.3333814451106366,16360,16890,16550,1665,2138,1956,0.1017726161369193,0.1265837773830669,0.1181873111782477,0.6189486552567237,0.6541740674955595,0.6861027190332326,0.9174608928794726,0.8932396628149581,0.917314367960423,0.7969840116588055,0.8264080911577747,0.8120197915323168,0.1119804400977995,0.113084665482534,0.1222960725075529,0.09156479217603912,0.1400828892835998,0.1140785498489426,0.7386308068459657,0.7071640023682653,0.7691842900302115,0.4992665036674817,0.6011841326228538,0.6030211480362537
"s07_dual_role_credit","Objective-Credit-AOP","LIRCMOP10","LIR-CMOP",100,50000,4,259004,"all",249,400,50000,0.3289229823786983,0.3375949672528162,0.3334820503684854,0.3289229823786981,0.3375949672528165,0.3334820503684854,0.3289229823786981,0.3375949672528165,0.3334820503684854,16384,16860,16556,2039,2184,2373,0.12445068359375,0.1295373665480427,0.1433317226383184,0.66082763671875,0.6862989323843416,0.7298260449383909,0.9198041320589585,0.9036877686036323,0.9261079153474572,0.7837792615534747,0.8063531977301752,0.796202931152031,0.1298828125,0.1131672597864769,0.1606668277361682,0.1190185546875,0.1459074733096085,0.1259966175404687,0.8258056640625,0.7499406880189798,0.8287025851654989,0.495849609375,0.6226571767497034,0.630949504711283
"s07_dual_role_credit","Objective-Credit-AOP","LIRCMOP10","LIR-CMOP",100,50000,5,259005,"all",249,400,50000,0.3256048911271394,0.3398105033179803,0.3345846055548803,0.3256048911271394,0.3398105033179803,0.3345846055548805,0.3256048911271394,0.3398105033179803,0.3345846055548805,16236,16930,16634,2004,2286,2251,0.1234294161123429,0.13502658003544,0.1353252374654322,0.6691919191919192,0.6723567631423508,0.7202116147649393,0.9256847776811514,0.901728686463545,0.926640057428739,0.823554587473088,0.8614927952314565,0.8477266510641185,0.1242916974624292,0.119314825753101,0.1466875075147289,0.1225671347622567,0.1507383343177791,0.1239629674161356,0.7999507267799951,0.7265209686946249,0.8124323674401828,0.5384331116038433,0.6181925575900767,0.6279908620896958
"s07_dual_role_credit","Objective-Credit-AOP","LIRCMOP11","LIR-CMOP",100,50000,1,259101,"all",249,400,50000,0.3226093256344061,0.3428487847850701,0.3345418895805238,0.3226093256344062,0.3428487847850701,0.3345418895805242,0.3226093256344062,0.3428487847850701,0.3345418895805242,16050,17056,16694,2311,2656,2733,0.14398753894081,0.1557223264540338,0.1637115131184857,0.574392523364486,0.4008560037523452,0.5300107823170002,0.8535239108962255,0.7854888622745769,0.834884703131529,0.8343517652183423,0.8895861701740722,0.8668406861984607,0.1526479750778816,0.1166744840525328,0.1757517671019528,0.1353271028037383,0.1947701688555347,0.1516712591350186,0.718006230529595,0.5787992495309568,0.7157062417635078,0.430778816199377,0.2229127579737336,0.3443153228704924
"s07_dual_role_credit","Objective-Credit-AOP","LIRCMOP11","LIR-CMOP",100,50000,2,259102,"all",249,400,50000,0.3231425214085807,0.3427697593447983,0.3340877192466209,0.3231425214085805,0.3427697593447985,0.3340877192466208,0.3231425214085805,0.3427697593447985,0.3340877192466208,16074,17066,16660,2538,2707,2697,0.1578947368421053,0.158619477323333,0.1618847539015606,0.6068184646012194,0.4304465018164772,0.5525210084033614,0.8645681893612824,0.8021198120037305,0.8414131361023309,0.8234969039415884,0.8764079591844555,0.8528508477546499,0.1664800298618888,0.1205906480721903,0.1633853541416567,0.1493094438223218,0.1966483065744756,0.1603841536614646,0.7433121811621252,0.62322746982304,0.7325330132052821,0.4703247480403135,0.2376655338099145,0.3725090036014406
"s07_dual_role_credit","Objective-Credit-AOP","LIRCMOP11","LIR-CMOP",100,50000,3,259103,"all",249,400,50000,0.3269347658269429,0.3398037660658186,0.3332614681072384,0.3269347658269427,0.3398037660658189,0.3332614681072384,0.3269347658269427,0.3398037660658189,0.3332614681072384,16274,16984,16542,2283,2583,2702,0.1402851173651223,0.1520843146490815,0.1633417966388587,0.4945926016959568,0.3941945360339142,0.5048361745859026,0.818183459446161,0.7783769887774442,0.8178403017977868,0.8093527750353946,0.8444918663256885,0.8270813354588344,0.1525132112572201,0.1050400376825247,0.1747068069157297,0.1280570234730244,0.1991285916156383,0.1519767863619877,0.7172176477817377,0.5973857748469148,0.745012694958288,0.2719675556101757,0.1910032972209138,0.2646596542135171
"s07_dual_role_credit","Objective-Credit-AOP","LIRCMOP11","LIR-CMOP",100,50000,4,259104,"all",249,400,50000,0.3272702104445228,0.339188665608713,0.3335411239467643,0.3272702104445231,0.339188665608713,0.3335411239467643,0.3272702104445231,0.339188665608713,0.3335411239467643,16354,16920,16526,2813,2702,2777,0.1720068484774367,0.1596926713947991,0.1680382427689701,0.514308426073132,0.4052009456264775,0.5064141353019485,0.8215480696469813,0.7850965309270491,0.822370080902559,0.8371163561093515,0.8689810301962111,0.8541637139826204,0.1868655986303045,0.1281323877068558,0.1763282100931865,0.1571480983245689,0.1912529550827423,0.1597482754447537,0.7401247401247402,0.5957446808510638,0.7308483601597483,0.2884921120215238,0.2146572104018913,0.2819799104441486
"s07_dual_role_credit","Objective-Credit-AOP","LIRCMOP11","LIR-CMOP",100,50000,5,259105,"all",249,400,50000,0.3241298118374551,0.3417814516700424,0.3340887364925024,0.3241298118374552,0.3417814516700423,0.3340887364925026,0.3241298118374552,0.3417814516700423,0.3340887364925026,16142,16980,16678,2767,2917,3034,0.1714161813901623,0.1717903415783275,0.1819162969180957,0.577623590633131,0.4240282685512368,0.5503057920613983,0.8487747158236171,0.7970085844655045,0.8391357058356439,0.8359243247514994,0.8834999406509023,0.8624317042302949,0.1779209515549498,0.1341578327444052,0.1847943398489028,0.1649114112253748,0.2094228504122497,0.1790382539872886,0.7752447032585801,0.6343934040047114,0.7830675140904185,0.3800024780076818,0.2136631330977621,0.317544070032378
"s07_dual_role_credit","Objective-Credit-AOP","LIRCMOP12","LIR-CMOP",100,50000,1,259201,"all",249,400,50000,0.3265591087869166,0.3408059298045871,0.3326349614084963,0.3265591087869166,0.3408059298045872,0.3326349614084966,0.3265591087869166,0.3408059298045872,0.3326349614084966,16286,16952,16562,2764,2908,2745,0.1697163207663024,0.1715431807456347,0.1657408525540394,0.4085717794424659,0.3320552147239264,0.4373264098538824,0.7851713438600549,0.7502010734852059,0.7981790256951066,0.849907427116574,0.8885582827385848,0.8665841670801395,0.1790494903598182,0.1291882963662105,0.1707523245984784,0.1603831511727865,0.213898065125059,0.1607293805096003,0.6362519955790249,0.5222982538933459,0.6654993358290061,0.1808915633059069,0.1418121755545068,0.2091534838787586
"s07_dual_role_credit","Objective-Credit-AOP","LIRCMOP12","LIR-CMOP",100,50000,2,259202,"all",249,400,50000,0.3273234787756482,0.3413878061235086,0.3312887151008432,0.3273234787756484,0.3413878061235088,0.3312887151008432,0.3273234787756484,0.3413878061235088,0.3312887151008432,16336,16982,16482,2602,2579,2403,0.1592801175318315,0.1518666823695678,0.1457954131780124,0.4480288932419197,0.3752208220468732,0.4841038708894552,0.7933107893092828,0.7623018475315958,0.8130559690154445,0.8446025892859929,0.8821869770112517,0.8550748511489362,0.1404260528893242,0.08514898127429042,0.113578449217328,0.1781341821743389,0.2185843834648451,0.1780123771386967,0.7022526934378061,0.6020492285949829,0.7084091736439753,0.1938050930460333,0.1483924154987634,0.2597985681349351
"s07_dual_role_credit","Objective-Credit-AOP","LIRCMOP12","LIR-CMOP",100,50000,3,259203,"all",249,400,50000,0.3240524647474122,0.3446281364568698,0.331319398795718,0.3240524647474121,0.3446281364568698,0.331319398795718,0.3240524647474121,0.3446281364568698,0.331319398795718,16124,17180,16496,2787,2871,2447,0.1728479285537088,0.1671129220023283,0.1483389912706111,0.5179856115107914,0.4214202561117579,0.5761396702230844,0.8337758353741261,0.7806274106621081,0.8502470934411656,0.8530902069981128,0.9101346604211252,0.8731953243780611,0.1515752914909452,0.08952270081490105,0.120635305528613,0.1941205656164723,0.2447031431897555,0.1760426770126091,0.7226494666335896,0.6413271245634459,0.7457565470417071,0.313321756387993,0.2015133876600698,0.4065227934044617
"s07_dual_role_credit","Objective-Credit-AOP","LIRCMOP12","LIR-CMOP",100,50000,4,259204,"all",249,400,50000,0.325999658055724,0.3429749874912019,0.3310253544530743,0.3259996580557239,0.3429749874912021,0.3310253544530743,0.3259996580557239,0.3429749874912021,0.3310253544530743,16262,17042,16496,2719,2769,2327,0.1671996064444718,0.1624809294683723,0.141064500484966,0.450744065920551,0.3899777021476353,0.498484481086324,0.8101513105112627,0.7794006389922237,0.8252879557503797,0.8542821983860908,0.9006470221809946,0.8684348524125755,0.1405731152379781,0.08426241051519774,0.09093113482056256,0.1938260976509655,0.2406994484215468,0.1911978661493695,0.7206985610625999,0.6471071470484685,0.7506062075654704,0.180789570778502,0.132848257246802,0.2463627546071775
"s07_dual_role_credit","Objective-Credit-AOP","LIRCMOP12","LIR-CMOP",100,50000,5,259205,"all",249,400,50000,0.3244275717553501,0.3434779251498458,0.3320945030948041,0.32442757175535,0.3434779251498456,0.3320945030948043,0.32442757175535,0.3434779251498456,0.3320945030948043,16172,17080,16548,2431,2395,2273,0.1503215434083601,0.1402224824355972,0.1373579888808315,0.4887459807073955,0.4439695550351288,0.5349891225525744,0.8252626509458778,0.7944034410122799,0.8381001724020919,0.8509877942424752,0.9032606454184732,0.8723809311538504,0.1129112045510759,0.06147540983606557,0.07469180565627266,0.1877318822656443,0.2189695550351288,0.2000241721053904,0.6673262428889438,0.666744730679157,0.7360406091370558,0.3101657185258471,0.2211943793911007,0.3339376359680928
"s07_dual_role_credit","Objective-Credit-AOP","LIRCMOP13","LIR-CMOP",100,50000,1,259301,"all",249,400,50000,0.3377502976369872,0.328789683174407,0.3334600191886059,0.3377502976369871,0.3287896831744069,0.333460019188606,0.3377502976369871,0.3287896831744069,0.333460019188606,16834,16338,16628,3807,2037,3185,0.2261494594273494,0.1246786632390745,0.1915443829684869,0.7396934774860402,0.6623209695189129,0.7741159490016839,0.9152885597318684,0.8985310764832464,0.9267257493284285,0.463199857640731,0.4483341686261866,0.4556446559553372,0.2149221812997505,0.1106622597625168,0.1796968968005773,0.2373767375549483,0.1386950667156323,0.2033918691363965,0.7841273612926221,0.7015546578528584,0.8188597546307433,0.6952595936794582,0.6230872811849676,0.7293721433726245
"s07_dual_role_credit","Objective-Credit-AOP","LIRCMOP13","LIR-CMOP",100,50000,2,259302,"all",249,400,50000,0.3374139383545413,0.3290833025095329,0.3335027591359256,0.3374139383545413,0.3290833025095331,0.3335027591359256,0.3374139383545413,0.3290833025095331,0.3335027591359256,16818,16358,16624,3852,2025,3044,0.22904031394934,0.1237926396870033,0.1831087584215592,0.7409917945058866,0.6544809878958308,0.7808589990375361,0.9209960942129954,0.9007571648996756,0.934141689272587,0.4611901172373879,0.4472968347859587,0.4537944980410741,0.2104887620406707,0.1104046949504829,0.1728825794032724,0.2475918658580093,0.1371805844235237,0.193334937439846,0.7866571530503033,0.6921384032277784,0.8304860442733397,0.6953264359614698,0.6168235725638831,0.7312319538017324
"s07_dual_role_credit","Objective-Credit-AOP","LIRCMOP13","LIR-CMOP",100,50000,3,259303,"all",249,400,50000,0.3372704792107649,0.3289743948780627,0.3337551259111723,0.3372704792107651,0.3289743948780627,0.3337551259111723,0.3372704792107651,0.3289743948780627,0.3337551259111723,16800,16354,16646,3799,1979,3102,0.2261309523809524,0.1210101504219151,0.1863510753334134,0.7274404761904761,0.6439403204109087,0.7687132043734231,0.9179191973189663,0.9039575164842367,0.9342063530841583,0.4607595167803914,0.447062277456779,0.4543715538446209,0.2094047619047619,0.1038278097101627,0.1815451159437703,0.2428571428571429,0.1381924911336676,0.1911570347230566,0.7777380952380952,0.675797969915617,0.8216989066442388,0.6771428571428572,0.6120826709062003,0.7157275021026073
"s07_dual_role_credit","Objective-Credit-AOP","LIRCMOP13","LIR-CMOP",100,50000,4,259304,"all",249,400,50000,0.3371438091160519,0.3288697390361089,0.333986451847839,0.3371438091160519,0.328869739036109,0.3339864518478388,0.3371438091160519,0.328869739036109,0.3339864518478388,16816,16342,16642,3751,2001,3020,0.2230613701236917,0.1224452331415983,0.1814685734887634,0.7352521408182683,0.6694407049320769,0.7899290950606899,0.9241556463933724,0.9103046921353176,0.9380699352454561,0.4600362608126904,0.4462215641151891,0.4539786271377974,0.2017126546146527,0.1095337168033289,0.1716139887032808,0.2444100856327307,0.1353567494798678,0.1913231582742459,0.7818744053282588,0.6936727450740423,0.8293474342026199,0.6886298763082779,0.6452086647901114,0.7505107559187598
"s07_dual_role_credit","Objective-Credit-AOP","LIRCMOP13","LIR-CMOP",100,50000,5,259305,"all",249,400,50000,0.3374969504989224,0.3288761714675114,0.3336268780335663,0.3374969504989223,0.3288761714675115,0.3336268780335663,0.3374969504989223,0.3288761714675115,0.3336268780335663,16828,16370,16602,3800,1931,3009,0.2258141193249346,0.1179596823457544,0.181243223707987,0.7301521274067031,0.652351863164325,0.7609926514877725,0.9233919891977453,0.9030272936835094,0.9350341377170982,0.4605576078770754,0.446476760407545,0.4535664525836258,0.2027573092464939,0.1018937080024435,0.1688953138176123,0.2488709294033753,0.1340256566890654,0.1935911335983616,0.7777513667696696,0.6817348808796579,0.8114684977713529,0.6825528880437366,0.622968845448992,0.7105168052041922
"s07_dual_role_credit","Objective-Credit-AOP","LIRCMOP14","LIR-CMOP",100,50000,1,259401,"all",249,400,50000,0.3378652855056505,0.328673298678421,0.3334614158159285,0.3378652855056503,0.3286732986784212,0.3334614158159284,0.3378652855056503,0.3286732986784212,0.3334614158159284,16886,16356,16558,3636,1665,2761,0.2153263058154684,0.1017975055025679,0.1667471916898176,0.6289233684709227,0.50654194179506,0.6320207754559729,0.9101831485605251,0.8909733710121833,0.9255347341675711,0.4623065807249981,0.4472319956901301,0.4545718780811768,0.1908089541632121,0.07850330154071901,0.1492933929218505,0.2398436574677247,0.1250917094644167,0.1842009904577848,0.7010541276797347,0.5270237221814624,0.6912670612392801,0.5567926092621106,0.4860601614086574,0.5727744896726658
"s07_dual_role_credit","Objective-Credit-AOP","LIRCMOP14","LIR-CMOP",100,50000,2,259402,"all",249,400,50000,0.3376280142899524,0.329129221570666,0.3332427641393815,0.3376280142899524,0.3291292215706658,0.3332427641393813,0.3376280142899524,0.3291292215706658,0.3332427641393813,16848,16370,16582,3557,1742,2726,0.2111229819563153,0.1064141722663409,0.1643951272464118,0.6252967711301045,0.5122174709835065,0.6342419491014353,0.9163919288496921,0.8963519084180918,0.9316320874165791,0.4622669321592699,0.4483038673514678,0.4546744699527879,0.1879154795821462,0.08674404398289554,0.1501628271619829,0.2343304843304843,0.1260843005497862,0.1786274273308407,0.6917141500474834,0.5381795968234575,0.6919551320709203,0.5588793922127255,0.4862553451435553,0.5765287661319503
"s07_dual_role_credit","Objective-Credit-AOP","LIRCMOP14","LIR-CMOP",100,50000,3,259403,"all",249,400,50000,0.3376824996155986,0.3290973562714868,0.3332201441129146,0.3376824996155987,0.329097356271487,0.3332201441129147,0.3376824996155987,0.329097356271487,0.3332201441129147,16848,16388,16564,3473,1727,2659,0.2061372269705603,0.1053819868196241,0.1605288577638252,0.6156220322886989,0.4970100073224311,0.6233397730016904,0.9126520272160467,0.8843417098439063,0.9229625861554457,0.460992150110808,0.4471973200873184,0.4532128630366064,0.1856600189933523,0.08201122772760557,0.1433228688722531,0.2266144349477683,0.1287527459116427,0.1777348466553972,0.6843542260208927,0.5187942396875763,0.6818401352330355,0.5468898385565052,0.4752257749572858,0.5648394107703453
"s07_dual_role_credit","Objective-Credit-AOP","LIRCMOP14","LIR-CMOP",100,50000,4,259404,"all",249,400,50000,0.3380328861521823,0.3289665157377494,0.3330005981100682,0.338032886152182,0.3289665157377494,0.3330005981100682,0.338032886152182,0.3289665157377494,0.3330005981100682,16860,16382,16558,3624,1732,2743,0.2149466192170819,0.105725796606031,0.1656601038772799,0.6179122182680902,0.5033573434257111,0.6156540645005435,0.9053476271935539,0.8770454576780876,0.9113263130687588,0.4627751020959814,0.4483278115643325,0.4544913161723571,0.1930011862396204,0.08692467342204858,0.1457905544147844,0.2368920521945433,0.1245269197900134,0.1855296533397753,0.6930011862396204,0.53314613600293,0.6836574465515158,0.5428232502965599,0.4735685508484923,0.5476506824495712
"s07_dual_role_credit","Objective-Credit-AOP","LIRCMOP14","LIR-CMOP",100,50000,5,259405,"all",249,400,50000,0.3373465472306412,0.3292191060254752,0.3334343467438837,0.3373465472306411,0.3292191060254753,0.3334343467438834,0.3373465472306411,0.3292191060254753,0.3334343467438834,16858,16364,16578,3538,1607,2712,0.209870684541464,0.09820337325837204,0.163590300398118,0.6261715505991221,0.5032999266682963,0.6296296296296297,0.9244249949340932,0.8971516867668237,0.9326970904849952,0.4603207368810584,0.4469027304736257,0.4534549979253594,0.1864989915766995,0.0755316548521144,0.1503197008083001,0.2332423775062285,0.1208750916646297,0.1768608999879358,0.6943884209277494,0.5173551698851137,0.6817468934732779,0.5579546802704948,0.4892446834514789,0.5775123657859814
"s07_dual_role_credit","Objective-Credit-AOP","LIRCMOP1","LIR-CMOP",100,50000,1,258101,"all",249,400,50000,0.3291533006356653,0.3391330820649258,0.331713617299409,0.3291533006356654,0.3391330820649258,0.3317136172994088,0.3291533006356654,0.3391330820649258,0.3317136172994088,16408,16876,16516,1430,1777,1295,0.0871526084836665,0.1052974638539938,0.0784088156938726,0.02974158946855193,0.0261910405309315,0.02088883506902398,0.7449946307121365,0.7902408533709087,0.7661815448706957,0.7020325686954242,0.7264341760909858,0.7085831332477635,0.0780107264748903,0.0449158568381133,0.05146524582223298,0.09629449049244271,0.1656790708698744,0.1053523855655122,0.05948317893710385,0.052382081061863,0.04177767013804795,0,0,0
"s07_dual_role_credit","Objective-Credit-AOP","LIRCMOP1","LIR-CMOP",100,50000,2,258102,"all",249,400,50000,0.329714387850198,0.339546532348428,0.330739079801374,0.3297143878501977,0.3395465323484278,0.330739079801374,0.3297143878501977,0.3395465323484278,0.330739079801374,16470,16872,16458,1378,1583,1176,0.08366727383120826,0.09382408724513988,0.07145461173897193,0.01894353369763206,0.01469890943575154,0.008931826467371491,0.7522342132683864,0.7997387675824177,0.7684614400191874,0.6995159951144123,0.7225237910232047,0.7023064885856526,0.08075288403157256,0.03639165481270745,0.04544902175233929,0.08658166363084396,0.1512565196775723,0.09746020172560457,0.03788706739526412,0.02927927927927928,0.01786365293474298,0,0.0001185395922238028,0
"s07_dual_role_credit","Objective-Credit-AOP","LIRCMOP1","LIR-CMOP",100,50000,3,258103,"all",249,400,50000,0.3255084328160717,0.3450955177262664,0.3293960494576619,0.3255084328160717,0.3450955177262666,0.329396049457662,0.3255084328160717,0.3450955177262666,0.329396049457662,16184,17216,16400,1348,1742,1058,0.083292140385566,0.1011849442379182,0.06451219512195122,0.02100840336134454,0.01365009293680297,0.006463414634146341,0.738609267219441,0.8052224801774853,0.7567965833710214,0.7088065289031915,0.7534887812084983,0.7178469885005024,0.08032624814631735,0.04251858736059479,0.04158536585365854,0.08625803262481463,0.1598513011152416,0.0874390243902439,0.04201680672268908,0.02730018587360595,0.01292682926829268,0,0,0
"s07_dual_role_credit","Objective-Credit-AOP","LIRCMOP1","LIR-CMOP",100,50000,4,258104,"all",249,400,50000,0.3303510951925013,0.3395061378161408,0.3301427669913579,0.3303510951925011,0.3395061378161408,0.330142766991358,0.3303510951925011,0.3395061378161408,0.330142766991358,16480,16882,16438,1332,1678,1173,0.0808252427184466,0.0993958061841014,0.07135904611266577,0.01668689320388349,0.01054377443430873,0.00602263049032729,0.7349071420891278,0.7769652876363095,0.7483887930480182,0.699411143710125,0.720112408195189,0.6993367000878874,0.07961165048543689,0.038857955218576,0.04392261832339701,0.08203883495145631,0.1599336571496268,0.09879547390193454,0.03337378640776699,0.02096907949295107,0.01204526098065458,0,0.0001184693756663902,0
"s07_dual_role_credit","Objective-Credit-AOP","LIRCMOP1","LIR-CMOP",100,50000,5,258105,"all",249,400,50000,0.3314416164270957,0.3391559042845862,0.3294024792883181,0.3314416164270958,0.3391559042845863,0.3294024792883181,0.3314416164270958,0.3391559042845863,0.3294024792883181,16524,16866,16410,1507,1631,1060,0.09120067780198499,0.09670342701292541,0.06459475929311395,0.01633986928104575,0.01393335704968576,0.007861060329067643,0.7541529128406373,0.7787276974686086,0.7539985615504835,0.7026810340288737,0.7215849834685927,0.6990974914855012,0.07976276930525296,0.03521878335112059,0.04095063985374772,0.102638586298717,0.1581880706747302,0.08823887873248019,0.03267973856209151,0.02786671409937152,0.01572212065813529,0,0,0
"s07_dual_role_credit","Objective-Credit-AOP","LIRCMOP2","LIR-CMOP",100,50000,1,258201,"all",249,400,50000,0.3309183430237517,0.3396542951426101,0.3294273618336382,0.3309183430237516,0.3396542951426103,0.3294273618336383,0.3309183430237516,0.3396542951426103,0.3294273618336383,16502,16888,16410,1343,2002,1353,0.08138407465761725,0.1185457129322596,0.08244972577696527,0.02023997091261665,0.01314542870677404,0.00603290676416819,0.7710541978362614,0.7563877990008394,0.7576146242779326,0.7093888454863366,0.7322845527172436,0.7079659469476723,0.0739304326748273,0.03244907626717196,0.03363802559414991,0.08883771664040722,0.2046423495973472,0.1312614259597806,0.04035874439461883,0.02629085741354808,0.01206581352833638,0.000121197430614471,0,0
"s07_dual_role_credit","Objective-Credit-AOP","LIRCMOP2","LIR-CMOP",100,50000,2,258202,"all",249,400,50000,0.3293232815449846,0.3404256829831014,0.3302510354719141,0.3293232815449844,0.3404256829831018,0.3302510354719143,0.3293232815449844,0.3404256829831018,0.3302510354719143,16374,16994,16432,1628,1943,1469,0.09942591914010016,0.1143344709897611,0.08939873417721519,0.02565042139978014,0.01229845827939273,0.01058909444985394,0.7947478456917492,0.7834213585480939,0.787864387767689,0.6929414229286984,0.7204965284606579,0.6964213448322595,0.07829485770123366,0.0254207367306108,0.04199123661148978,0.1205569805789667,0.2032482052489114,0.1368062317429406,0.0511786979357518,0.02459691655878546,0.02117818889970789,0.0001221448638084768,0,0
"s07_dual_role_credit","Objective-Credit-AOP","LIRCMOP2","LIR-CMOP",100,50000,3,258203,"all",249,400,50000,0.3315428077758302,0.3379667885210493,0.3304904037031206,0.3315428077758302,0.3379667885210492,0.3304904037031205,0.3315428077758302,0.3379667885210492,0.3304904037031205,16544,16792,16464,1275,1792,1272,0.07706721470019343,0.1067174845164364,0.07725947521865889,0.01843568665377176,0.01316102906145784,0.005952380952380952,0.7974884085258747,0.7879663913069904,0.7935038165565732,0.707627493466718,0.7245238264068045,0.7068217131211338,0.06612669245647969,0.02870414483087184,0.03049076773566569,0.08800773694390715,0.184730824202001,0.1240281827016521,0.03687137330754352,0.02632205812291567,0.01178328474246842,0,0,0.0001214771622934888
"s07_dual_role_credit","Objective-Credit-AOP","LIRCMOP2","LIR-CMOP",100,50000,4,258204,"all",249,400,50000,0.3346719588667174,0.3362613938443305,0.3290666472889521,0.3346719588667172,0.3362613938443305,0.329066647288952,0.3346719588667172,0.3362613938443305,0.329066647288952,16694,16718,16388,1463,1956,1341,0.08763627650652929,0.1169996411053954,0.08182816695142787,0.01892895651132143,0.01292020576623998,0.006041005613863803,0.7987332984402199,0.770279725856952,0.7782963108325028,0.7146462886003336,0.7223826050215981,0.7049832816996736,0.06900682880076674,0.03038640985763847,0.03319502074688797,0.1062657242122918,0.2036128723531523,0.1304613131559678,0.03785791302264287,0.02584041153247996,0.01208201122772761,0,0,0
"s07_dual_role_credit","Objective-Credit-AOP","LIRCMOP2","LIR-CMOP",100,50000,5,258205,"all",249,400,50000,0.3301555801200992,0.3399157827554943,0.3299286371244066,0.3301555801200993,0.3399157827554944,0.3299286371244065,0.3301555801200993,0.3399157827554944,0.3299286371244065,16440,16948,16412,1399,2029,1375,0.08509732360097323,0.1197191409015813,0.08378016085790885,0.02554744525547445,0.01362992683502478,0.009261515963928832,0.7945596245018317,0.7758547955247973,0.7818566707868471,0.7058475830134865,0.7307289305918525,0.7068330443685866,0.07773722627737226,0.03068208638187397,0.04009261515963929,0.09245742092457421,0.2087561954212886,0.1274677065561784,0.05109489051094891,0.02725985367004956,0.01840116987570071,0,0,0.0001218620521569583
"s07_dual_role_credit","Objective-Credit-AOP","LIRCMOP3","LIR-CMOP",100,50000,1,258301,"all",249,400,50000,0.3266836566275481,0.342675024947988,0.3306413184244639,0.3266836566275481,0.3426750249479882,0.330641318424464,0.3266836566275481,0.3426750249479882,0.330641318424464,16252,17106,16442,1211,1990,1245,0.07451390598080236,0.1163334502513738,0.07572071524145481,0.02288949052424317,0.02151291944347013,0.01307626809390585,0.7053500049708152,0.6246611578743433,0.665334172052525,0.6884274391985634,0.7240933208622694,0.6972366988226292,0.08392813192222495,0.03776452706652637,0.04464177107407858,0.06509968003937977,0.1949023734362212,0.106799659408831,0.04565591927147428,0.04302583888694025,0.0261525361878117,0.00012306177701206,0,0
"s07_dual_role_credit","Objective-Credit-AOP","LIRCMOP3","LIR-CMOP",100,50000,2,258302,"all",249,400,50000,0.3295502610045437,0.3405678108838812,0.329881928111575,0.3295502610045437,0.3405678108838813,0.3298819281115752,0.3295502610045437,0.3405678108838813,0.3298819281115752,16422,16948,16430,1278,1932,1242,0.07782243332115454,0.1139957517111164,0.07559342665855143,0.02521008403361345,0.01652112343639367,0.00699939135727328,0.7060297487745657,0.5964253565958073,0.6581285265471625,0.6852348703650305,0.7104218716086698,0.6867351840566949,0.08768724881256851,0.03139013452914798,0.03761412051125989,0.06795761782974059,0.1966013688930847,0.113572732805843,0.05042016806722689,0.03304224687278735,0.01399878271454656,0,0,0
"s07_dual_role_credit","Objective-Credit-AOP","LIRCMOP3","LIR-CMOP",100,50000,3,258303,"all",249,400,50000,0.3299206618538829,0.3399020231914812,0.3301773149546361,0.3299206618538824,0.3399020231914812,0.3301773149546361,0.3299206618538824,0.3399020231914812,0.3301773149546361,16402,16962,16436,1238,1999,1292,0.07547860017071088,0.117851668435326,0.07860793380384522,0.02127789293988538,0.01692017450772314,0.007726940861523485,0.693512036053179,0.6751353968678098,0.6701153144060311,0.6884132848762753,0.7114438211565635,0.6894469739829856,0.08498963541031582,0.0317179577879967,0.04027743976636651,0.06596756493110596,0.2039853790826553,0.1169384278413239,0.04255578587977076,0.03372243839169909,0.01533219761499148,0,0.0001179106237471996,0.0001216841080554879
"s07_dual_role_credit","Objective-Credit-AOP","LIRCMOP3","LIR-CMOP",100,50000,4,258304,"all",249,400,50000,0.3287546976514855,0.3402402676965451,0.3310050346519696,0.3287546976514852,0.3402402676965454,0.3310050346519695,0.3287546976514852,0.3402402676965454,0.3310050346519695,16376,16966,16458,1410,2216,1425,0.08610161211529067,0.1306141695155016,0.08658403208166242,0.03938690766976063,0.03436284333372627,0.02551950419248997,0.7025359443372031,0.6770556259804265,0.694425176276098,0.6850739089760426,0.7129163584663559,0.6911050709785321,0.09000977039570103,0.03736885535777437,0.05128205128205128,0.08219345383488032,0.2238594836732288,0.1218860128812735,0.07877381533952126,0.06872568666745255,0.05103900838497995,0,0,0
"s07_dual_role_credit","Objective-Credit-AOP","LIRCMOP3","LIR-CMOP",100,50000,5,258305,"all",249,400,50000,0.333478410879677,0.3376300691384239,0.328891519981899,0.3334784108796772,0.3376300691384237,0.328891519981899,0.3334784108796772,0.3376300691384237,0.328891519981899,16616,16782,16402,1325,1926,1273,0.07974241694752046,0.1147658205219878,0.07761248628216071,0.01624939817043813,0.01179835538076511,0.004572613095963907,0.7159632023563874,0.5968815991000049,0.6627911175658822,0.6964753333658406,0.7076863686237835,0.6877754056553204,0.07715454983148773,0.02514598975092361,0.03584928667235703,0.08233028406355321,0.2043856512930521,0.1193756858919644,0.03237843042850265,0.02359671076153021,0.009145226191927813,0.0001203659123736158,0,0
"s07_dual_role_credit","Objective-Credit-AOP","LIRCMOP4","LIR-CMOP",100,50000,1,258401,"all",249,400,50000,0.3327663754833727,0.3371255285725667,0.3301080959440607,0.3327663754833725,0.3371255285725666,0.330108095944061,0.3327663754833725,0.3371255285725666,0.330108095944061,16566,16802,16432,1630,1859,1325,0.09839430158155257,0.1106415902868706,0.08063534566699124,0.02523240371845949,0.01743840019045352,0.009371957156767283,0.7114026431457637,0.6750990706352487,0.6890562550938155,0.7054191893771964,0.7194142484945126,0.7014986160276333,0.08885669443438368,0.03309129865492203,0.03931353456669912,0.1079319087287215,0.1881918819188192,0.1219571567672833,0.05046480743691899,0.03487680038090703,0.01874391431353457,0,0,0
"s07_dual_role_credit","Objective-Credit-AOP","LIRCMOP4","LIR-CMOP",100,50000,2,258402,"all",249,400,50000,0.3320487016739985,0.3376855696677385,0.3302657286582631,0.3320487016739983,0.3376855696677384,0.3302657286582627,0.3320487016739983,0.3376855696677384,0.3302657286582627,16540,16828,16432,1647,2017,1473,0.09957678355501814,0.1198597575469456,0.08964216163583252,0.02001209189842805,0.01396482053719991,0.00748539435248296,0.7209984427392422,0.6633537177237875,0.6965260247469329,0.7055680468799922,0.721751596296473,0.7036362539506633,0.08186215235792019,0.02828618968386023,0.03736611489776047,0.1172914147521161,0.2114333254100309,0.1419182083739046,0.04002418379685611,0.02792964107439981,0.01497078870496592,0,0,0
"s07_dual_role_credit","Objective-Credit-AOP","LIRCMOP4","LIR-CMOP",100,50000,3,258403,"all",249,400,50000,0.3330305803638104,0.3377502925351826,0.3292191271010069,0.3330305803638107,0.3377502925351826,0.3292191271010071,0.3330305803638107,0.3377502925351826,0.3292191271010071,16566,16822,16412,1517,1820,1360,0.0915731015332609,0.1081916537867079,0.08286619546673166,0.02058432934926959,0.01254309832362383,0.007311723129417499,0.7114645030847807,0.6170869844040312,0.666371535062086,0.7079040388392172,0.7212750228345488,0.7009131674005752,0.08402752625860195,0.02615622399239092,0.04179868388983671,0.09911867680791983,0.1902270835810249,0.1239337070436266,0.04116865869853917,0.02508619664724765,0.014623446258835,0,0,0
"s07_dual_role_credit","Objective-Credit-AOP","LIRCMOP4","LIR-CMOP",100,50000,4,258404,"all",249,400,50000,0.3308732004778585,0.3393521380335083,0.3297746614886332,0.3308732004778584,0.3393521380335082,0.3297746614886332,0.3308732004778584,0.3393521380335082,0.3297746614886332,16492,16894,16414,1329,2188,1459,0.0805845258307058,0.129513436723097,0.08888753503107104,0.02686150861023526,0.02225642239848467,0.01127086633361764,0.7026826516939271,0.5953938714430744,0.6646859162930516,0.7103869082917625,0.7323694689401747,0.7091592910290329,0.08016007761338831,0.03480525630401326,0.04276836846594371,0.08100897404802328,0.2242216171421807,0.1350067015961984,0.05372301722047053,0.04451284479696934,0.02254173266723529,0,0,0
"s07_dual_role_credit","Objective-Credit-AOP","LIRCMOP4","LIR-CMOP",100,50000,5,258405,"all",249,400,50000,0.3315995273704893,0.3385140755932259,0.3298863970362847,0.3315995273704893,0.3385140755932259,0.3298863970362848,0.3315995273704893,0.3385140755932259,0.3298863970362848,16500,16878,16422,1710,2295,1493,0.1036363636363636,0.1359758265197298,0.09091462672025331,0.03315151515151515,0.02518070861476478,0.01601510169285105,0.7041538088394825,0.6612161369065837,0.6842104441536458,0.6964637981992904,0.7172427259355399,0.6952397315360674,0.08993939393939394,0.02891337836236521,0.04396541225185727,0.1173333333333333,0.2430382746770944,0.1378638411886494,0.06630303030303031,0.05036141722952957,0.03203020338570211,0,0,0
"s07_dual_role_credit","Objective-Credit-AOP","LIRCMOP5","LIR-CMOP",100,50000,1,258501,"all",249,400,50000,0.328296106081964,0.3392599134675853,0.3324439804504506,0.328296106081964,0.3392599134675854,0.3324439804504505,0.328296106081964,0.3392599134675854,0.3324439804504505,16338,16910,16552,2024,1466,1638,0.1238829722120211,0.08669426374926079,0.09896085065248912,0.3998041375933407,0.4031342400946186,0.4212179797003383,0.9715361967571793,0.974092245215019,0.9741314894571126,0.7430858223313005,0.7798788330738907,0.7594836349452239,0.09511568123393316,0.06505026611472502,0.07153214113098115,0.1526502631901089,0.1083382613837966,0.1263895601739971,0.4600318276410821,0.4471910112359551,0.4682213629772837,0.3395764475455992,0.3590774689532821,0.3742145964233929
"s07_dual_role_credit","Objective-Credit-AOP","LIRCMOP5","LIR-CMOP",100,50000,2,258502,"all",249,400,50000,0.327213998906592,0.3389760836435491,0.3338099174498589,0.3272139989065918,0.3389760836435495,0.3338099174498589,0.3272139989065918,0.3389760836435495,0.3338099174498589,16310,16876,16614,2134,1646,1617,0.1308399754751686,0.09753496089120645,0.09732755507403394,0.3847946045370938,0.4544323299360038,0.4483568075117371,0.9726384778754698,0.9777317779659639,0.9772579951515815,0.7671566018215255,0.8092026796555348,0.7904306795175007,0.096137339055794,0.08639488030338943,0.0833032382328157,0.1655426118945432,0.1086750414790235,0.1113518719152522,0.4407112201103617,0.5195543967764873,0.5069218731190562,0.3288779889638259,0.3893102630955202,0.389791741904418
"s07_dual_role_credit","Objective-Credit-AOP","LIRCMOP5","LIR-CMOP",100,50000,3,258503,"all",249,400,50000,0.3276852470858758,0.3431284659116692,0.329186287002455,0.3276852470858759,0.3431284659116694,0.3291862870024552,0.3276852470858759,0.3431284659116694,0.3291862870024552,16326,17056,16418,1735,1241,1234,0.106272203846625,0.07276031894934334,0.07516140821050067,0.6252603209604312,0.4450046904315197,0.596844926300402,0.9817056999980882,0.970806741456224,0.9801191341380844,0.7590711917160572,0.8019505850317967,0.7656547607618277,0.07889256400833027,0.03623358348968105,0.05213789742965038,0.1336518436849198,0.1092870544090056,0.09818491899135096,0.5831189513659194,0.3965759849906191,0.5394079668656353,0.667401690554943,0.4934333958724202,0.6542818857351688
"s07_dual_role_credit","Objective-Credit-AOP","LIRCMOP5","LIR-CMOP",100,50000,4,258504,"all",249,400,50000,0.3178407837427262,0.3509267225684983,0.3312324936887756,0.3178407837427262,0.3509267225684985,0.3312324936887756,0.3178407837427262,0.3509267225684985,0.3312324936887756,15824,17456,16520,1422,2248,1522,0.08986349848331648,0.1287809349220898,0.09213075060532688,0.7084807886754297,0.5818629697525206,0.6930992736077481,0.9858930242269046,0.9796681665111606,0.9855288988201482,0.7782933648444516,0.8676219707335842,0.8159750450199562,0.07684529828109202,0.1040329972502291,0.08849878934624697,0.102881698685541,0.1535288725939505,0.09576271186440678,0.6831395348837209,0.6270623281393217,0.6972154963680387,0.7338220424671386,0.5366636113657195,0.6889830508474576
"s07_dual_role_credit","Objective-Credit-AOP","LIRCMOP5","LIR-CMOP",100,50000,5,258505,"all",249,400,50000,0.3321371616317773,0.3378372922729799,0.3300255460952427,0.3321371616317773,0.3378372922729798,0.3300255460952426,0.3321371616317773,0.3378372922729798,0.3300255460952426,16546,16804,16450,1888,1492,1424,0.1141061283693944,0.08878838371816235,0.08656534954407295,0.5022361900157137,0.4344203761009284,0.5149544072948328,0.977148507651452,0.9723526759634236,0.9776620904358985,0.7718750477212037,0.7954252537493224,0.7720381521128358,0.08146984165357186,0.0558200428469412,0.06662613981762917,0.146742415085217,0.1217567245893835,0.1065045592705167,0.4635561465006648,0.4071649607236372,0.4834042553191489,0.5409162335307627,0.4616757914782195,0.5465045592705167
"s07_dual_role_credit","Objective-Credit-AOP","LIRCMOP6","LIR-CMOP",100,50000,1,258601,"all",249,400,50000,0.3183670494664215,0.3511013547787499,0.3305315957548286,0.3183670494664214,0.3511013547787498,0.3305315957548283,0.3183670494664214,0.3511013547787498,0.3305315957548283,15844,17504,16452,1596,1439,1194,0.1007321383489018,0.08220978062157221,0.07257476294675419,0.5717621812673567,0.4861174588665448,0.5469243860928762,0.9775434200276386,0.9749556580794748,0.9768848414920032,0.7513243131367382,0.839042710300031,0.7860135267317987,0.08268114112597828,0.05941499085923217,0.05409676635059568,0.1187831355718253,0.1050045703839123,0.09105275954291271,0.6288815955566776,0.4936014625228519,0.5650376853877948,0.5146427669780359,0.4786334552102376,0.5288110867979577
"s07_dual_role_credit","Objective-Credit-AOP","LIRCMOP6","LIR-CMOP",100,50000,2,258602,"all",249,400,50000,0.3267331373982322,0.3429963571083012,0.3302705054934665,0.3267331373982323,0.3429963571083015,0.3302705054934665,0.3267331373982323,0.3429963571083015,0.3302705054934665,16264,17090,16446,1832,1432,1428,0.1126414166256763,0.08379169104739614,0.0868296242247355,0.4736227250368913,0.4597425394967817,0.5007296607077709,0.9730319093835852,0.9730905532418684,0.9748783271997342,0.7300892500638734,0.7776287179182573,0.744608518666715,0.08066896212493851,0.05652428320655354,0.06506141310957071,0.1446138711264142,0.1110590988882387,0.1085978353399003,0.5125430398425972,0.4610883557636045,0.5114921561473914,0.4347024102311854,0.4583967232299591,0.4899671652681503
"s07_dual_role_credit","Objective-Credit-AOP","LIRCMOP6","LIR-CMOP",100,50000,3,258603,"all",249,400,50000,0.3183868976936721,0.3497291967440715,0.3318839055622563,0.3183868976936725,0.3497291967440718,0.3318839055622564,0.3183868976936725,0.3497291967440718,0.3318839055622564,15872,17398,16530,1417,1987,1403,0.08927671370967742,0.1142085297160593,0.08487598306110103,0.6430191532258065,0.5713300379353948,0.6484573502722323,0.9814982456494291,0.9792254271480819,0.9824376768504338,0.7897456517293245,0.874211766821313,0.8270442620173051,0.07358870967741936,0.09253937234164847,0.07344222625529341,0.1049647177419355,0.1358776870904702,0.09630973986690865,0.6655745967741935,0.6169674675250029,0.666908650937689,0.6204637096774194,0.5256926083457869,0.6300060496067755
"s07_dual_role_credit","Objective-Credit-AOP","LIRCMOP6","LIR-CMOP",100,50000,4,258604,"all",249,400,50000,0.3155251560167629,0.3486132471239157,0.3358615968593214,0.3155251560167628,0.3486132471239158,0.3358615968593215,0.3155251560167628,0.3486132471239158,0.3358615968593215,15724,17346,16730,1172,2075,1625,0.07453574154159247,0.1196241208347746,0.09713090257023312,0.6016280844568812,0.7125562089242476,0.6688583383144052,0.9791516703435106,0.985313018667197,0.9830039577006355,0.7536759690744407,0.8381055260131435,0.8054399725278342,0.06639531925718646,0.1105730427764326,0.09121338912133892,0.08267616382599847,0.1286751988931166,0.1030484160191273,0.6531416942253879,0.7501441254467889,0.6918111177525403,0.5501144746883745,0.6749682924017064,0.6459055588762702
"s07_dual_role_credit","Objective-Credit-AOP","LIRCMOP6","LIR-CMOP",100,50000,5,258605,"all",249,400,50000,0.3200725436287868,0.3502040132129906,0.3297234431582226,0.3200725436287868,0.3502040132129907,0.3297234431582224,0.3200725436287868,0.3502040132129907,0.3297234431582224,15914,17444,16442,1695,1443,1256,0.1065099912027146,0.08272185278605824,0.07638973360904999,0.6309538770893552,0.4311511121302454,0.5627660868507481,0.9811472704694135,0.9694983137790764,0.9774419310669971,0.7368210137219222,0.8147666155688685,0.7631576614338162,0.08018097272841523,0.05423068103645953,0.05692738109719012,0.132839009677014,0.111213024535657,0.09585208612090987,0.6619328892798794,0.4470304975922954,0.5766938328670478,0.5999748648988312,0.4152717266681954,0.5488383408344484
"s07_dual_role_credit","Objective-Credit-AOP","LIRCMOP7","LIR-CMOP",100,50000,1,258701,"all",249,400,50000,0.3347914633471781,0.3366092922502056,0.3285992444026164,0.3347914633471785,0.3366092922502055,0.3285992444026164,0.3347914633471785,0.3366092922502055,0.3285992444026164,16662,16776,16362,2059,1199,1277,0.1235746008882487,0.07147114926084883,0.07804669355824471,0.3705437522506302,0.295481640438722,0.3682312675712016,0.9704195424870676,0.9638381863823167,0.9691918572255422,0.7562598743575232,0.7660704340158769,0.744392283411029,0.07754171167927019,0.03361945636623748,0.05109399828871776,0.1696074900972272,0.1093228421554602,0.1049993888277717,0.3940703396951146,0.2755126371006199,0.3489793423786823,0.3470171648061457,0.315450643776824,0.3874831927637208
"s07_dual_role_credit","Objective-Credit-AOP","LIRCMOP7","LIR-CMOP",100,50000,2,258702,"all",249,400,50000,0.3319381703673682,0.3383660710085136,0.3296957586241182,0.3319381703673683,0.3383660710085134,0.329695758624118,0.3319381703673683,0.3383660710085134,0.329695758624118,16528,16842,16430,1763,1023,1244,0.1066674733785092,0.06074100463127895,0.07571515520389531,0.4140246853823814,0.3396271226695167,0.4062081558125381,0.9722073968428456,0.9673979491605481,0.9712540004633602,0.7430881376813017,0.7610825495762349,0.7393641127205072,0.07054695062923523,0.03075644222776392,0.04954351795496044,0.1427879961277831,0.09072556703479397,0.1018867924528302,0.4021055179090029,0.3015081344258402,0.3711503347534997,0.4259438528557599,0.3777461109131932,0.4412659768715764
"s07_dual_role_credit","Objective-Credit-AOP","LIRCMOP7","LIR-CMOP",100,50000,3,258703,"all",249,400,50000,0.3285639954325636,0.3413891007488254,0.3300469038186108,0.3285639954325638,0.3413891007488256,0.3300469038186108,0.3285639954325638,0.3413891007488256,0.3300469038186108,16356,17006,16438,1908,1339,1306,0.1166544387380778,0.07873691638245325,0.07945005475118627,0.4730985571044265,0.3200047042220393,0.4291276310986738,0.9751141719937012,0.9654158618437789,0.9718429810217447,0.7636123668669393,0.8042487459576561,0.7719376407012496,0.07984837368549767,0.03669293190638598,0.05024942207081153,0.1534605037906579,0.1207809008585205,0.108650687431561,0.4864269992663243,0.3063624603081265,0.4009003528409782,0.4597701149425287,0.333646948135952,0.4573549093563694
"s07_dual_role_credit","Objective-Credit-AOP","LIRCMOP7","LIR-CMOP",100,50000,4,258704,"all",249,400,50000,0.3304662940922646,0.340281424498901,0.3292522814088343,0.3304662940922647,0.3402814244989014,0.3292522814088345,0.3304662940922647,0.3402814244989014,0.3292522814088345,16470,16930,16400,1832,1103,1249,0.1112325440194293,0.06515062020082693,0.07615853658536585,0.3797207043108682,0.2828115770821027,0.3701829268292683,0.9694236668020583,0.9630289068008331,0.9686791786307443,0.7509807041263568,0.7811552118033662,0.7514762180834206,0.07079538554948391,0.02870643827525103,0.05036585365853659,0.1516697024893746,0.1015948021264028,0.1019512195121951,0.3822707953855495,0.2789131718842292,0.3563414634146341,0.377170613236187,0.2867099822799763,0.3840243902439024
"s07_dual_role_credit","Objective-Credit-AOP","LIRCMOP7","LIR-CMOP",100,50000,5,258705,"all",249,400,50000,0.3336777852224884,0.3358429364577633,0.3304792783197484,0.3336777852224884,0.3358429364577635,0.3304792783197487,0.3336777852224884,0.3358429364577635,0.3304792783197487,16626,16686,16488,2016,1315,1461,0.1212558643089137,0.078808582044828,0.0886098981077147,0.4527847948995549,0.3790003595828839,0.4354075691411936,0.9743236428097301,0.9680776953874815,0.972109959289582,0.7627550039675403,0.7727978806890595,0.757750224276702,0.07494286057981475,0.03463981781133885,0.0549490538573508,0.1675688680380127,0.1229773462783171,0.1222707423580786,0.4515818597377602,0.3471173438810979,0.4032023289665211,0.4539877300613497,0.4108833752846698,0.4676128093158661
"s07_dual_role_credit","Objective-Credit-AOP","LIRCMOP8","LIR-CMOP",100,50000,1,258801,"all",249,400,50000,0.3249775371802757,0.3461112935456453,0.328911169274079,0.3249775371802758,0.3461112935456453,0.328911169274079,0.3249775371802758,0.3461112935456453,0.328911169274079,16182,17244,16374,1779,1207,1184,0.1099369670003708,0.06999536070517282,0.0723097593746183,0.4218885181065381,0.308803061934586,0.3949554171247099,0.9717454549770171,0.9680376864838695,0.9708607145423213,0.7338471861547664,0.788961926328415,0.7457159747217917,0.07329131133358052,0.03676641150545117,0.05020153902528399,0.146582622667161,0.1032243099048945,0.09441797972395261,0.4330737856878012,0.3420320111343076,0.3924514474166361,0.410703250525275,0.2755741127348643,0.3974593868327837
"s07_dual_role_credit","Objective-Credit-AOP","LIRCMOP8","LIR-CMOP",100,50000,2,258802,"all",249,400,50000,0.326788195440361,0.3443163154024563,0.3288954891571827,0.3267881954403608,0.3443163154024565,0.3288954891571828,0.3267881954403608,0.3443163154024565,0.3288954891571828,16298,17120,16382,1941,1175,1285,0.1190943674070438,0.06863317757009346,0.07843975094616042,0.4520186525954105,0.3186915887850467,0.4096569405445001,0.9734779866129385,0.9676536269424334,0.9711948464592561,0.7448692946884461,0.7932120113345121,0.7528373179453829,0.08123696159037919,0.02967289719626168,0.04920034183860335,0.1569517732237084,0.1075934579439252,0.1076791600537175,0.4593201619830654,0.3133177570093458,0.38554511048712,0.4447171432077556,0.3240654205607477,0.4337687706018801
"s07_dual_role_credit","Objective-Credit-AOP","LIRCMOP8","LIR-CMOP",100,50000,3,258803,"all",249,400,50000,0.3295730661220251,0.3415380150819442,0.3288889187960308,0.3295730661220249,0.3415380150819441,0.3288889187960309,0.3295730661220249,0.3415380150819441,0.3288889187960309,16392,17012,16396,1934,1397,1492,0.1179843826256711,0.08211850458499882,0.09099780434252257,0.3426671547096145,0.2431225017634611,0.3153818004391315,0.9682829725592978,0.9621366606158771,0.9663323399960613,0.7456135468640178,0.7829074740627485,0.7475193242742671,0.07076622742801367,0.03268281213261227,0.05208587460356184,0.1652025378233284,0.1315541970373854,0.1299097340814833,0.4109321620302587,0.292264284034799,0.3514271773603318,0.2744021473889702,0.1939807194921232,0.2793364235179312
"s07_dual_role_credit","Objective-Credit-AOP","LIRCMOP8","LIR-CMOP",100,50000,4,258804,"all",249,400,50000,0.3212471625342438,0.3472861715791768,0.3314666658865796,0.3212471625342435,0.3472861715791766,0.33146666588658,0.3212471625342435,0.3472861715791766,0.33146666588658,15984,17310,16506,1644,1390,1233,0.1028528528528529,0.0803004043905257,0.07470010905125408,0.6345720720720721,0.4232813402657423,0.5569489882466981,0.9820216694328119,0.971723993645442,0.978000790072565,0.7572577923011755,0.8285523217279472,0.7853313807046561,0.0711961961961962,0.0414789139225881,0.05161759360232643,0.1345095095095095,0.1191218948584633,0.09778262450018176,0.6167417417417418,0.4011554015020219,0.5119350539197868,0.6524024024024024,0.4454072790294628,0.6019629225736096
"s07_dual_role_credit","Objective-Credit-AOP","LIRCMOP8","LIR-CMOP",100,50000,5,258805,"all",249,400,50000,0.3214326779265196,0.3472997342142679,0.3312675878592126,0.3214326779265196,0.3472997342142682,0.3312675878592126,0.3214326779265196,0.3472997342142682,0.3312675878592126,16006,17314,16480,1627,1480,1163,0.1016493814819443,0.08547995841515536,0.07057038834951457,0.6292015494189679,0.4287859535635902,0.5544296116504854,0.981368631253112,0.972087489238939,0.9780097610746474,0.7683561780826262,0.8391155029567275,0.7961577188712259,0.0728476821192053,0.04909321936005544,0.0516990291262136,0.1304510808446832,0.1218666974702553,0.08944174757281553,0.6588779207797076,0.4278618459050479,0.5401699029126213,0.5995251780582281,0.4297100612221324,0.5686893203883495
"s07_dual_role_credit","Objective-Credit-AOP","LIRCMOP9","LIR-CMOP",100,50000,1,258901,"all",249,400,50000,0.3278718854114053,0.3376482018446818,0.334479912743913,0.3278718854114054,0.3376482018446818,0.3344799127439129,0.3278718854114054,0.3376482018446818,0.3344799127439129,16350,16860,16590,2042,2707,2645,0.1248929663608563,0.1605575326215896,0.1594333936106088,0.671743119266055,0.6469750889679715,0.7288728149487643,0.9123692524037897,0.9148202762311732,0.9364904544920251,0.8471151090100717,0.8733119899501013,0.8647385878947359,0.1158409785932722,0.1376037959667853,0.1505726341169379,0.1339449541284404,0.1835112692763938,0.1682941531042797,0.8436697247706422,0.7571767497034401,0.8552139843279084,0.4998165137614679,0.536773428232503,0.6025316455696202
"s07_dual_role_credit","Objective-Credit-AOP","LIRCMOP9","LIR-CMOP",100,50000,2,258902,"all",249,400,50000,0.3262884904180783,0.3398574260562116,0.33385408352571,0.3262884904180783,0.3398574260562118,0.3338540835257099,0.3262884904180783,0.3398574260562118,0.3338540835257099,16232,16942,16626,2072,2782,2409,0.1276490882207984,0.164207295478692,0.1448935402381812,0.6891325776244456,0.641010506433715,0.7306026705160592,0.9199844504811159,0.912716306422478,0.9383027053226201,0.8517626917765981,0.8887992734852614,0.8724089901450797,0.1168063085263677,0.1388265848187935,0.1355707927342716,0.1384918679152292,0.1895880061385905,0.1542162877420907,0.8416707737801873,0.7590603234564987,0.8503548658727295,0.5365943814687038,0.5229606894109314,0.610850475159389
"s07_dual_role_credit","Objective-Credit-AOP","LIRCMOP9","LIR-CMOP",100,50000,3,258903,"all",249,400,50000,0.3293703145660174,0.3366248004510668,0.3340048849829159,0.3293703145660175,0.3366248004510665,0.3340048849829159,0.3293703145660175,0.3366248004510665,0.3340048849829159,16438,16760,16602,2380,2800,2687,0.1447864703735248,0.1670644391408115,0.1618479701240814,0.6685119844263292,0.6551909307875895,0.7272015419828937,0.9124803108288289,0.9146574436366594,0.936297976191426,0.8194584315505324,0.8390764602935644,0.8324698658891864,0.1395546903516243,0.1447494033412888,0.1532345500542103,0.1500182503954252,0.1893794749403341,0.1704613901939525,0.8511984426329238,0.768854415274463,0.8541139621732321,0.4858255262197347,0.541527446300716,0.6002891217925551
"s07_dual_role_credit","Objective-Credit-AOP","LIRCMOP9","LIR-CMOP",100,50000,4,258904,"all",249,400,50000,0.3284839566046121,0.3375807146212361,0.3339353287741518,0.328483956604612,0.3375807146212363,0.3339353287741518,0.328483956604612,0.3375807146212363,0.3339353287741518,16388,16850,16562,2405,2790,2702,0.1467537222357823,0.1655786350148368,0.1631445477599324,0.6612155235538199,0.6289020771513353,0.7081874169786258,0.9075947310705414,0.9056597483865503,0.9285882316152267,0.8444741577210381,0.8695926806986899,0.8592414441304261,0.1442518916280205,0.1480118694362018,0.1563820794590025,0.1492555528435441,0.1831454005934718,0.1699070160608622,0.8431779350744447,0.7571513353115727,0.8375800024151673,0.479253112033195,0.5006528189910979,0.5787948315420843
"s07_dual_role_credit","Objective-Credit-AOP","LIRCMOP9","LIR-CMOP",100,50000,5,258905,"all",249,400,50000,0.3268937649028,0.3386723106109772,0.3344339244862227,0.3268937649027999,0.3386723106109772,0.3344339244862227,0.3268937649027999,0.3386723106109772,0.3344339244862227,16308,16908,16584,2186,2587,2288,0.1340446406671572,0.1530044949136503,0.1379643029425953,0.6641525631591857,0.6370948663354625,0.7136999517607332,0.8999154447970212,0.9011769981640519,0.9243789564367402,0.8511106408326145,0.883317810411564,0.8717785907013486,0.1257051753740495,0.1349656967116158,0.1330197780993729,0.1423841059602649,0.1710432931156849,0.1429088277858176,0.8486632327691931,0.7610598533238704,0.8560057887120116,0.4796418935491783,0.5131298793470547,0.5713941148094549
"s07_dual_role_credit","Survival-Credit-AOP","CF10","CF",100,50000,1,248001,"all",249,400,50000,0.4843023190016085,0.1535989851700626,0.3620986958283289,0.4843023190016085,0.1535989851700626,0.3620986958283289,0.4843023190016085,0.1535989851700626,0.3620986958283289,24126,7636,18038,3453,408,2011,0.1431236010942551,0.0534311157674175,0.1114868610710722,0.4926220674790682,0.4190675746464118,0.5770595409690653,0.6263781769434056,0.5241891836101026,0.6774337664976494,0.5721051074853341,0.5260564742912125,0.5758679507462879,0.1486363259554008,0.05840754321634364,0.1161991351591086,0.1376108762331095,0.04845468831849135,0.1067745869830358,0.609218270745254,0.4850707176532216,0.6734671249584211,0.3760258642128824,0.3530644316396019,0.4806519569797095
"s07_dual_role_credit","Survival-Credit-AOP","CF10","CF",100,50000,2,248002,"all",249,400,50000,0.5306194267349967,0.1444759722780562,0.3249046009869471,0.5306194267349968,0.144475972278056,0.324904600986947,0.5306194267349968,0.144475972278056,0.324904600986947,26434,7188,16178,3453,315,1652,0.1306272225164561,0.04382303839732888,0.1021139819507974,0.4442763108118332,0.3132999443516973,0.4820126097168995,0.5737746439414083,0.4443366782332467,0.596911956219304,0.6142744661965001,0.5709943546479017,0.6047926509337541,0.1284709086782174,0.04340567612687813,0.1100259611818519,0.1327835363546947,0.04424040066777963,0.09420200271974286,0.5379435575395324,0.3586533110740122,0.567808134503647,0.3506090640841341,0.2679465776293823,0.3962170849301521
"s07_dual_role_credit","Survival-Credit-AOP","CF10","CF",100,50000,3,248003,"all",249,400,50000,0.4024952741462623,0.1883545238068913,0.4091502020468465,0.4024952741462622,0.1883545238068914,0.4091502020468465,0.4024952741462622,0.1883545238068914,0.4091502020468465,20064,9378,20358,3625,770,3503,0.1806718500797448,0.08210705907442951,0.1720699479320169,0.5748604465709729,0.5175943698016635,0.7396600844876707,0.6774783637628483,0.591458501837941,0.7974432371790597,0.5642027156727197,0.5254237196470627,0.5722848505506275,0.1773325358851675,0.08743868628705481,0.1737891737891738,0.1840111642743222,0.07677543186180422,0.17035072207486,0.6464314194577353,0.5670718703348262,0.7929069653207584,0.5032894736842105,0.4681168692685008,0.6864132036545829
"s07_dual_role_credit","Survival-Credit-AOP","CF10","CF",100,50000,4,248004,"all",249,400,50000,0.3772291582453767,0.1969580281927305,0.4258128135618927,0.3772291582453767,0.1969580281927305,0.4258128135618924,0.3772291582453767,0.1969580281927305,0.4258128135618924,18782,9812,21206,3373,893,4047,0.1795868384623576,0.09101100693028945,0.1908422144676035,0.6287935257161111,0.5775580921320832,0.7760539469961332,0.7003968731475498,0.6230254250606926,0.8134548404727882,0.5607654260949662,0.5194862562134893,0.5715066140591955,0.1779363220104355,0.09294741133306156,0.1941903234933509,0.1812373549142796,0.08907460252751732,0.1874941054418561,0.6936428495367906,0.6025275173257236,0.8212769970762992,0.5639442018954318,0.5525886669384428,0.7308308969159671
"s07_dual_role_credit","Survival-Credit-AOP","CF10","CF",100,50000,5,248005,"all",249,400,50000,0.4118100032623671,0.1792323838386238,0.4089576128990092,0.4118100032623668,0.1792323838386238,0.4089576128990094,0.4118100032623668,0.1792323838386238,0.4089576128990094,20506,8932,20362,3601,660,3337,0.1756071393738418,0.07389162561576355,0.1638837049405756,0.5439383595045353,0.5298925212718316,0.7145172379923387,0.6729975052802798,0.6131120803469735,0.7890898688352014,0.5785262625332959,0.5356788070258806,0.5843080368472354,0.1710718814005657,0.07165248544558889,0.1693350358510952,0.1801423973471179,0.07613076578593821,0.158432374030056,0.6099678142982542,0.5703090013434841,0.7695707690796582,0.4779089047108164,0.4894760412001791,0.6594637069050191
"s07_dual_role_credit","Survival-Credit-AOP","CF1","CF",100,50000,1,247101,"all",249,400,50000,0.2222674308639332,0.468366805298484,0.3093657638375828,0.2222674308639331,0.4683668052984838,0.3093657638375829,0.2222674308639331,0.4683668052984838,0.3093657638375829,11064,23326,15410,949,3672,1678,0.08577368040491684,0.1574209037125954,0.108890330953926,0.2727765726681128,0.131012603961245,0.255094094743673,0.7844452739094865,0.7368606965010386,0.7741190420209538,0.5932231185543649,0.6384708584067278,0.6060395818153061,0.09056399132321041,0.1858869930549601,0.1445814406229721,0.08098336948662328,0.1289548143702307,0.07319922128487995,0.3559291395516992,0.2286718683014662,0.3422452952628163,0.1896240057845264,0.03335333962102375,0.1679428942245295
"s07_dual_role_credit","Survival-Credit-AOP","CF1","CF",100,50000,2,247102,"all",249,400,50000,0.2138821935202304,0.4791995757471553,0.3069182307326142,0.2138821935202303,0.4791995757471554,0.3069182307326146,0.2138821935202303,0.4791995757471554,0.3069182307326146,10654,23868,15278,856,3556,1616,0.08034541017458231,0.1489860901625608,0.1057730069380809,0.2636568425004693,0.1298391151332328,0.2622725487629271,0.7848204497643202,0.7402105198388184,0.7761422662035456,0.5951169281175919,0.639130878541619,0.6050580084750673,0.08841749577623428,0.1683425506954919,0.1424270192433565,0.07227332457293036,0.1296296296296296,0.06911899463280534,0.3365871972967899,0.2269984917043741,0.3559366409215866,0.1907264877041487,0.03267973856209151,0.1686084566042676
"s07_dual_role_credit","Survival-Credit-AOP","CF1","CF",100,50000,3,247103,"all",249,400,50000,0.2240132559611938,0.4838007524346005,0.2921859916042058,0.2240132559611937,0.4838007524346006,0.2921859916042058,0.2240132559611937,0.4838007524346006,0.2921859916042058,11156,24092,14552,931,3683,1496,0.08345285048404447,0.1528723227627428,0.102803738317757,0.2605772678379347,0.1260999501909348,0.2557724024189115,0.7812451815632068,0.7426338536119451,0.7776985580924765,0.5933296009881662,0.635774442134921,0.6031447645741116,0.0797776980996773,0.1748298190270629,0.1322155030236394,0.08712800286841162,0.1309148264984227,0.07339197361187466,0.344747221226246,0.2190768719907023,0.3422210005497526,0.1764073144496235,0.03312302839116719,0.1693238042880704
"s07_dual_role_credit","Survival-Credit-AOP","CF1","CF",100,50000,4,247104,"all",249,400,50000,0.2297147712019637,0.4636753064561817,0.3066099223418546,0.2297147712019637,0.4636753064561816,0.3066099223418546,0.2297147712019637,0.4636753064561816,0.3066099223418546,11434,23104,15262,945,3327,1540,0.08264824208500962,0.1440010387811634,0.1009042065260123,0.2721707189085185,0.1223164819944598,0.2540951382518674,0.785952128027242,0.7334395079438949,0.7733041682399281,0.592618008607512,0.6373108078098856,0.6044677096676994,0.08535945425922686,0.1602319944598338,0.1361551565980867,0.07993702991079238,0.1277700831024931,0.06565325645393788,0.3587545915690047,0.2117382271468144,0.3445157908530992,0.1855868462480322,0.03289473684210526,0.1636744856506356
"s07_dual_role_credit","Survival-Credit-AOP","CF1","CF",100,50000,5,247105,"all",249,400,50000,0.2146270656786228,0.4663308730949985,0.3190420612263787,0.2146270656786228,0.4663308730949984,0.3190420612263785,0.2146270656786228,0.4663308730949984,0.3190420612263785,10700,23220,15880,891,3645,1852,0.08327102803738318,0.1569767441860465,0.116624685138539,0.2753271028037383,0.1344530577088717,0.2568010075566751,0.7856457057537352,0.7444512769974861,0.775939092195141,0.5909700026407846,0.6381818767038889,0.6063326081479152,0.08149532710280374,0.1844099913867356,0.159823677581864,0.08504672897196262,0.1295434969853574,0.07342569269521411,0.3650467289719626,0.2338501291989664,0.3530226700251889,0.185607476635514,0.03505598621877692,0.1605793450881612
"s07_dual_role_credit","Survival-Credit-AOP","CF2","CF",100,50000,1,247201,"all",249,400,50000,0.5350531004683076,0.2364612792272708,0.2284856203044217,0.5350531004683077,0.2364612792272709,0.2284856203044218,0.5350531004683077,0.2364612792272709,0.2284856203044218,26652,11766,11382,1967,454,492,0.07380309170043524,0.03858575556688764,0.04322614654717976,0.8136349992495873,0.8404725480197178,0.8719908627657705,0.9919140953311103,0.99348683261916,0.9939710904338165,0.7393217336602486,0.6586180641529444,0.6888825423204155,0.07406573615488518,0.03875573686894442,0.04269899841855562,0.0735404472459853,0.03841577426483087,0.0437532946758039,0.8987693231277203,0.8590855005949346,0.9026533122474082,0.7285006753714544,0.8218595954445012,0.8413284132841329
"s07_dual_role_credit","Survival-Credit-AOP","CF2","CF",100,50000,2,247202,"all",249,400,50000,0.4836104071931722,0.2705332837992068,0.2458563090076212,0.4836104071931719,0.2705332837992067,0.2458563090076211,0.4836104071931719,0.2705332837992067,0.2458563090076211,24086,13484,12230,1853,583,643,0.07693265797558747,0.04323642835953723,0.05257563368765331,0.7423814664120236,0.8025066745772768,0.8103025347506132,0.98915568087867,0.9918881885839367,0.9915989207529644,0.7625122963433325,0.6647535030834334,0.7132070446128769,0.08112596529104044,0.04434885790566597,0.05527391659852821,0.07273935066013452,0.04212399881340848,0.04987735077677841,0.8619114838495392,0.870513200830614,0.8645952575633687,0.6228514489745081,0.7345001483239395,0.7560098119378578
"s07_dual_role_credit","Survival-Credit-AOP","CF2","CF",100,50000,3,247203,"all",249,400,50000,0.5580779793859795,0.2337778133822894,0.2081442072317312,0.5580779793859797,0.2337778133822894,0.2081442072317312,0.5580779793859797,0.2337778133822894,0.2081442072317312,27770,11658,10372,1927,447,525,0.06939142960028809,0.03834276891405044,0.05061704589278827,0.8201296362981635,0.8794819008406245,0.8605861935981488,0.992149901600715,0.9945598975320452,0.9934778280093274,0.7211718624477114,0.6339563677902001,0.6867858267172661,0.06993158084263594,0.0391147709727226,0.05109911299652912,0.06885127835794022,0.03757076685537828,0.05013497878904744,0.8969391429600289,0.9157659975982159,0.8929811029695334,0.7433201296362981,0.8431978040830331,0.8281912842267644
"s07_dual_role_credit","Survival-Credit-AOP","CF2","CF",100,50000,4,247204,"all",249,400,50000,0.5338636805301415,0.2507071820970838,0.2154291373727747,0.5338636805301418,0.2507071820970838,0.2154291373727747,0.5338636805301418,0.2507071820970838,0.2154291373727747,26588,12488,10724,2021,457,507,0.0760117346171205,0.03659513132607303,0.04727713539723984,0.7940800361065142,0.8617873158231902,0.8618052965311451,0.9911365201953327,0.9939864901064269,0.9935736468777895,0.729510528751996,0.6407291354189383,0.6849008713138763,0.08394764555438544,0.03875720691864189,0.05035434539350989,0.06807582367985557,0.03443305573350416,0.04419992540096979,0.8932601173461712,0.8987828315182576,0.8841850055949273,0.6948999548668572,0.824791800128123,0.839425587467363
"s07_dual_role_credit","Survival-Credit-AOP","CF2","CF",100,50000,5,247205,"all",249,400,50000,0.5037455875512326,0.2579983499247362,0.2382560625240313,0.5037455875512326,0.2579983499247364,0.2382560625240313,0.5037455875512326,0.2579983499247364,0.2382560625240313,25076,12868,11856,1810,522,576,0.07218057106396554,0.04056574448243706,0.048582995951417,0.7461716382198118,0.842943736400373,0.8165485829959515,0.9889537718226863,0.9931633421314173,0.9916111223008455,0.7587847672720903,0.6493205204974354,0.7108282065382721,0.08047535492104003,0.03963319863226609,0.05431848852901484,0.06388578720689105,0.04149829033260802,0.04284750337381917,0.8514914659435316,0.8974199564811937,0.8540823211875843,0.6408518104960919,0.7884675163195524,0.7790148448043185
"s07_dual_role_credit","Survival-Credit-AOP","CF3","CF",100,50000,1,247301,"all",249,400,50000,0.5138218748466692,0.2094181337293914,0.2767599914239394,0.5138218748466692,0.2094181337293914,0.2767599914239391,0.5138218748466692,0.2094181337293914,0.2767599914239391,25596,10404,13800,2722,448,837,0.1063447413658384,0.04306036139946175,0.06065217391304348,0.9573761525238319,0.9632833525567089,0.9506521739130435,0.9918190183257383,0.9939457531258314,0.9911953147393828,0.8321801080703261,0.7672601670546034,0.7931824992747729,0.1014220972026879,0.03979238754325259,0.05971014492753624,0.1112673855289889,0.04632833525567089,0.06159420289855073,0.9664791373652133,0.9702037677816224,0.9510144927536232,0.9482731676824504,0.9563629373317954,0.9502898550724638
"s07_dual_role_credit","Survival-Credit-AOP","CF3","CF",100,50000,2,247302,"all",249,400,50000,0.4783907546378139,0.2472011554181759,0.2744080899440101,0.4783907546378141,0.247201155418176,0.2744080899440101,0.4783907546378141,0.247201155418176,0.2744080899440101,23806,12314,13680,2683,744,978,0.1127026799966395,0.06041903524443722,0.07149122807017544,0.9686213559606822,0.9723079421796329,0.9818713450292398,0.9939837142480933,0.9952023984482841,0.9969851652898496,0.840827534749218,0.8094536750652835,0.774916064330339,0.1089641266907502,0.06041903524443722,0.06359649122807018,0.1164412333025288,0.06041903524443722,0.0793859649122807,0.9710997227589683,0.9717394835146987,0.9814327485380117,0.966142989162396,0.9728764008445672,0.9823099415204678
"s07_dual_role_credit","Survival-Credit-AOP","CF3","CF",100,50000,3,247303,"all",249,400,50000,0.4340709372627534,0.1762997553582678,0.3896293073789788,0.4340709372627531,0.1762997553582678,0.3896293073789788,0.4340709372627531,0.1762997553582678,0.3896293073789788,21630,8774,19396,3063,477,2224,0.1416088765603329,0.0543651698199225,0.1146628170756857,0.8928340268146093,0.9076817870982448,0.8451742627345844,0.9772691594039614,0.9760073201243138,0.9644130525086012,0.8758566417977836,0.7318094601642824,0.8352882570025124,0.1248266296809986,0.04946432641896512,0.0984739121468344,0.1583911234396671,0.05926601322087987,0.130851722004537,0.9150254276467868,0.9263733758832915,0.8931738502784079,0.8706426259824318,0.888990198313198,0.797174675190761
"s07_dual_role_credit","Survival-Credit-AOP","CF3","CF",100,50000,4,247304,"all",249,400,50000,0.4913892301045931,0.2236483113348681,0.2849624585605388,0.4913892301045933,0.2236483113348681,0.2849624585605388,0.4913892301045933,0.2236483113348681,0.2849624585605388,24464,11154,14182,2524,538,968,0.1031720078482668,0.04823381746458669,0.06825553518544634,0.9589192282537606,0.9755244755244755,0.9492314201099986,0.9920522018987626,0.9957673585108929,0.9895542112200131,0.8408366504906539,0.7466264483533034,0.7981473513401608,0.1015369522563767,0.04536489151873768,0.0638837963615851,0.104807063440157,0.05110274341043572,0.07262727400930757,0.9642740353172008,0.9770485924332079,0.9496544916090819,0.9535644211903205,0.9740003586157432,0.9488083486109152
"s07_dual_role_credit","Survival-Credit-AOP","CF3","CF",100,50000,5,247305,"all",249,400,50000,0.4997654480879957,0.2286442234289681,0.2715903284830362,0.4997654480879957,0.2286442234289682,0.2715903284830362,0.4997654480879957,0.2286442234289682,0.2715903284830362,24880,11378,13542,2410,515,886,0.09686495176848875,0.04526278783617507,0.06542608181952445,0.9730305466237942,0.9790824397960978,0.9786589868557082,0.9961641595641397,0.996947171491863,0.996848031773469,0.827333212299907,0.7405379931484051,0.7683658276210784,0.09461414790996785,0.04359289857619968,0.06335844040762073,0.09911575562700965,0.04693267709615047,0.06749372323142815,0.9745980707395498,0.9820706626823695,0.9803574065869148,0.9714630225080386,0.976094216909826,0.9769605671245015
"s07_dual_role_credit","Survival-Credit-AOP","CF4","CF",100,50000,1,247401,"all",249,400,50000,0.4412282638377835,0.2512305699216704,0.3075411662405461,0.4412282638377835,0.2512305699216703,0.3075411662405461,0.4412282638377835,0.2512305699216703,0.3075411662405461,21968,12508,15324,2152,520,1207,0.09796067006554988,0.04157339302846178,0.07876533542156094,0.7245083758193737,0.7611928365845859,0.7599190811798486,0.9876035715647036,0.989151661543589,0.989122207061901,0.8698454619800055,0.7077077613733654,0.7980931997272364,0.101693372177713,0.0404541093700032,0.08431219002871312,0.09422796795338674,0.04269267668692037,0.07321848081440877,0.851693372177713,0.8348257115446115,0.8531714956930305,0.5973233794610342,0.6875599616245602,0.6666666666666666
"s07_dual_role_credit","Survival-Credit-AOP","CF4","CF",100,50000,2,247402,"all",249,400,50000,0.4667870030713184,0.2496885045672299,0.2835244923614516,0.4667870030713181,0.24968850456723,0.2835244923614516,0.4667870030713181,0.24968850456723,0.2835244923614516,23246,12442,14112,2122,524,919,0.09128452206831283,0.04211541552805016,0.0651218820861678,0.7310935214660587,0.7687670792477094,0.770124716553288,0.987685271657078,0.9898789035305746,0.9897183258294083,0.8711382272030901,0.7117022037304392,0.7983109496349988,0.0898219048438441,0.04275839897122649,0.06646825396825397,0.09274713929278156,0.04147243208487381,0.06377551020408163,0.8649229975049471,0.8593473718051761,0.8538832199546486,0.5972640454271703,0.6781867866902427,0.6863662131519275
"s07_dual_role_credit","Survival-Credit-AOP","CF4","CF",100,50000,3,247403,"all",249,400,50000,0.5001021718789802,0.2466650223870363,0.2532328057339835,0.5001021718789803,0.2466650223870364,0.2532328057339837,0.5001021718789803,0.2466650223870364,0.2532328057339837,24924,12272,12604,2163,440,723,0.08678382282137699,0.03585397653194263,0.0573627419866709,0.7395682875942866,0.7113754889178618,0.7624563630593463,0.9889801493437999,0.988868999486514,0.9901314680786767,0.8507955474482772,0.6960469631996218,0.7768326646167082,0.08714492055849783,0.03259452411994785,0.05934623928911457,0.08642272508425614,0.03911342894393742,0.05537924468422723,0.8588509067565399,0.7824315514993481,0.8406854966677245,0.6202856684320334,0.6403194263363755,0.6842272294509679
"s07_dual_role_credit","Survival-Credit-AOP","CF4","CF",100,50000,4,247404,"all",249,400,50000,0.4490335053273556,0.2423458241828314,0.308620670489813,0.4490335053273553,0.2423458241828316,0.3086206704898129,0.4490335053273553,0.2423458241828316,0.3086206704898129,22376,12064,15360,2128,494,1074,0.09510189488737933,0.04094827586206896,0.06992187499999999,0.714694315337862,0.7772712201591512,0.7729166666666667,0.9869802546255573,0.9903991371682127,0.9898715098613432,0.8690774283750177,0.6984019625539994,0.7973083472411872,0.09545942080800858,0.03995358090185677,0.06822916666666666,0.09474436896675009,0.04194297082228117,0.07161458333333333,0.85305684662138,0.8425066312997348,0.8541666666666666,0.5763317840543439,0.7120358090185677,0.6916666666666667
"s07_dual_role_credit","Survival-Credit-AOP","CF4","CF",100,50000,5,247405,"all",249,400,50000,0.5292432717908426,0.2043208343961666,0.2664358938129908,0.5292432717908429,0.2043208343961664,0.2664358938129907,0.5292432717908429,0.2043208343961664,0.2664358938129907,26352,10168,13280,2181,338,676,0.08276411657559199,0.03324154209284028,0.05090361445783133,0.7787264723740134,0.806648308418568,0.8155873493975904,0.9901716300978127,0.9914454664993759,0.9917956953878553,0.8582244542511419,0.6975652654820613,0.7810160012394973,0.08363691560412873,0.03383162863886703,0.05421686746987952,0.08189131754705525,0.03265145554681353,0.04759036144578313,0.8950364298724954,0.8705743509047994,0.8867469879518072,0.6624165148755312,0.7427222659323367,0.7444277108433734
"s07_dual_role_credit","Survival-Credit-AOP","CF5","CF",100,50000,1,247501,"all",249,400,50000,0.4148527688534921,0.2845531905705991,0.3005940405759087,0.4148527688534921,0.284553190570599,0.3005940405759087,0.4148527688534921,0.284553190570599,0.3005940405759087,20644,14168,14988,1973,612,939,0.09557256345669445,0.04319593450028233,0.06265012009607686,0.9039430342956791,0.9019621682665161,0.9304109954630371,0.9837139003769027,0.9843350769382209,0.9864734671453415,0.7239983258375841,0.7085631076422821,0.7249256746124629,0.09523348188335594,0.04376058723884811,0.06431812116359754,0.09591164503003294,0.04263128176171654,0.06098211902855618,0.9408060453400504,0.9179841897233202,0.9543634907926342,0.8670800232513078,0.885940146809712,0.9064585001334401
"s07_dual_role_credit","Survival-Credit-AOP","CF5","CF",100,50000,2,247502,"all",249,400,50000,0.4758974149350803,0.2350434896534283,0.2890590954114914,0.4758974149350805,0.2350434896534282,0.2890590954114916,0.4758974149350805,0.2350434896534282,0.2890590954114916,23698,11710,14392,2130,400,899,0.08988100261625454,0.03415883859948762,0.06246525847693163,0.9266182800236307,0.9642186165670367,0.9487909949972206,0.9884270887787647,0.9920285560144531,0.9896665629851836,0.7371283118197528,0.6720890958718594,0.7208579555766914,0.08827749177145751,0.03279248505550812,0.06364647026125625,0.09148451346105156,0.03552519214346712,0.061284046692607,0.9290235462908263,0.966865926558497,0.9549749861033908,0.9242130137564352,0.9615713065755764,0.9426070038910506
"s07_dual_role_credit","Survival-Credit-AOP","CF5","CF",100,50000,3,247503,"all",249,400,50000,0.3577907135902246,0.2921230603693339,0.3500862260404417,0.3577907135902249,0.2921230603693339,0.3500862260404416,0.3577907135902249,0.2921230603693339,0.3500862260404416,17822,14530,17448,1768,647,1134,0.09920323196049827,0.04452856159669649,0.06499312242090784,0.9286275389967455,0.9180316586373022,0.9352934433745989,0.9834224574227466,0.9821080433475194,0.9812360148028321,0.7721491846228106,0.7763392078431344,0.8221344435203825,0.09572438559084277,0.04253269098417068,0.05972031178358551,0.1026820783301537,0.0465244322092223,0.07026593305823017,0.9469195376500954,0.9145216792842396,0.9355800091701054,0.9103355403433958,0.9215416379903648,0.9350068775790922
"s07_dual_role_credit","Survival-Credit-AOP","CF5","CF",100,50000,4,247504,"all",249,400,50000,0.4123817608158096,0.2447961389078409,0.3428221002763494,0.4123817608158097,0.244796138907841,0.3428221002763495,0.4123817608158097,0.244796138907841,0.3428221002763495,20540,12182,17078,1941,409,1044,0.0944985394352483,0.03357412575931702,0.06113128000936878,0.9742940603700098,0.9596946314234116,0.9761681695748917,0.9943798399083001,0.9904741720706952,0.9928385577605581,0.7663407538620541,0.7716439923085342,0.8493331740827625,0.09425511197663096,0.03595468724347398,0.05843775617753835,0.09474196689386563,0.03119356427516007,0.06382480384119921,0.9845180136319377,0.9650303726810048,0.9816137721044619,0.9640701071080818,0.9543588901658184,0.9707225670453214
"s07_dual_role_credit","Survival-Credit-AOP","CF5","CF",100,50000,5,247505,"all",249,400,50000,0.3547180422735981,0.2963338375454482,0.3489481201809537,0.3547180422735981,0.2963338375454482,0.3489481201809532,0.3547180422735981,0.2963338375454482,0.3489481201809532,17660,14756,17384,1730,753,1326,0.09796149490373726,0.05103008945513689,0.07627703635526921,0.980634201585504,0.9575088099756032,0.976932811780948,0.9959471391585306,0.9893568723305823,0.9922932979066572,0.7879753953371201,0.7908004633325879,0.8901220202074575,0.10079275198188,0.04960693955001355,0.07455131155085136,0.09513023782559456,0.05245323936026023,0.07800276115968707,0.9866364665911664,0.9604228788289509,0.9796364473078693,0.9746319365798415,0.9545947411222554,0.9742291762540267
"s07_dual_role_credit","Survival-Credit-AOP","CF6","CF",100,50000,1,247601,"all",249,400,50000,0.4594392231614143,0.2058861666247007,0.3346746102138851,0.4594392231614146,0.2058861666247007,0.3346746102138847,0.4594392231614146,0.2058861666247007,0.3346746102138847,22882,10242,16676,1839,390,927,0.08036884887684644,0.03807850029291154,0.0555888702326697,0.8306966174285465,0.8284514743214216,0.8584792516190933,0.9650624600778599,0.9531946894657007,0.9659237029175474,0.7153193503508302,0.6727110265001434,0.7033588593406157,0.08058736124464645,0.03925014645577036,0.05612856800191893,0.08015033650904642,0.03690685413005272,0.05504917246342048,0.9146927716108731,0.8724858426088654,0.9030942672103622,0.7467004632462197,0.7844171060339777,0.8138642360278244
"s07_dual_role_credit","Survival-Credit-AOP","CF6","CF",100,50000,2,247602,"all",249,400,50000,0.4378970842648163,0.2195862307795731,0.3425166849556106,0.4378970842648163,0.2195862307795733,0.3425166849556107,0.4378970842648163,0.2195862307795733,0.3425166849556107,21792,10948,17060,1808,431,1028,0.08296622613803231,0.03936792108147607,0.06025791324736225,0.8551762114537445,0.8385093167701864,0.8748534583821805,0.971166529998467,0.9597283427569417,0.9720060490957374,0.7052012290966867,0.6662873293240923,0.6951982206418124,0.08581130690161527,0.04219948849104859,0.06565064478311841,0.08012114537444934,0.03653635367190355,0.0548651817116061,0.922173274596182,0.866276945560833,0.9118405627198124,0.7881791483113069,0.8107416879795396,0.8378663540445487
"s07_dual_role_credit","Survival-Credit-AOP","CF6","CF",100,50000,3,247603,"all",249,400,50000,0.4545453398438671,0.2154407599931575,0.3300139001629754,0.454545339843867,0.2154407599931575,0.3300139001629755,0.454545339843867,0.2154407599931575,0.3300139001629755,22630,10734,16436,1791,370,1025,0.07914273088820151,0.0344699087013229,0.06236310537843757,0.8883340698188246,0.8670579467113844,0.8941956680457532,0.9788507188677402,0.9700150069293884,0.9774562946744505,0.7013030256800913,0.6645642640292442,0.6863594472913126,0.07980556783031374,0.03670579467113844,0.060598685811633,0.07847989394608926,0.03223402273150736,0.06412752494524215,0.94025629695095,0.893422768772126,0.9229739596008761,0.8364118426866991,0.8406931246506428,0.8654173764906303
"s07_dual_role_credit","Survival-Credit-AOP","CF6","CF",100,50000,4,247604,"all",249,400,50000,0.4751667521411449,0.2298073214151746,0.2950259264436806,0.4751667521411447,0.2298073214151744,0.2950259264436809,0.4751667521411447,0.2298073214151744,0.2950259264436809,23664,11438,14698,1918,420,810,0.08105138607167005,0.03671970624235006,0.05510953871275003,0.8420807978363759,0.8509354782304599,0.8731800244931284,0.9662930648296243,0.9626670785340034,0.9704852112280035,0.7040618274989122,0.6616720518839287,0.6888376764984168,0.08105138607167005,0.04283965728274174,0.06028031024629201,0.08105138607167005,0.03059975520195838,0.04993876717920805,0.9239350912778904,0.8929882846651512,0.9171315825282351,0.7602265043948614,0.8088826717957684,0.8292284664580215
"s07_dual_role_credit","Survival-Credit-AOP","CF6","CF",100,50000,5,247605,"all",249,400,50000,0.4598618046381422,0.2207069537122003,0.3194312416496576,0.459861804638142,0.2207069537122003,0.3194312416496577,0.459861804638142,0.2207069537122003,0.3194312416496577,22904,10980,15916,1789,378,807,0.07810862731400629,0.03442622950819672,0.05070369439557678,0.7896873908487601,0.7808743169398907,0.8331867303342548,0.96283096816186,0.9321856514579687,0.9570391205549253,0.7264137418333254,0.6906269773917373,0.713774232087983,0.07544533705902899,0.03406193078324226,0.05529027393817542,0.08077191756898358,0.03479052823315119,0.04611711485297813,0.8697170799860287,0.8080145719489982,0.8703191756722795,0.7096577017114915,0.7537340619307833,0.7960542849962302
"s07_dual_role_credit","Survival-Credit-AOP","CF7","CF",100,50000,1,247701,"all",249,400,50000,0.3181246849883181,0.3178798333562282,0.3639954816554538,0.3181246849883179,0.3178798333562282,0.3639954816554537,0.3181246849883179,0.3178798333562282,0.3639954816554537,15834,15840,18126,2131,924,1914,0.1345838069976001,0.05833333333333333,0.1055941741145316,0.7915245673866363,0.8692550505050505,0.8418294163080657,0.9656032055788599,0.9782143775074085,0.9730312410279122,0.8367670281176627,0.6982910047271922,0.8090678968400743,0.129973474801061,0.05732323232323232,0.1027253668763103,0.1391941391941392,0.05934343434343434,0.108462981352753,0.8730579765062524,0.9179292929292929,0.8969436169038949,0.7099911582670203,0.8205808080808081,0.7867152157122366
"s07_dual_role_credit","Survival-Credit-AOP","CF7","CF",100,50000,2,247702,"all",249,400,50000,0.3002336344252193,0.3423829892450542,0.3573833763297265,0.3002336344252189,0.3423829892450541,0.3573833763297268,0.3002336344252189,0.3423829892450541,0.3573833763297268,14956,17042,17802,1954,971,1687,0.1306499063920834,0.05697688064781129,0.09476463318728233,0.8210751537844343,0.8674451355474709,0.8561397595775756,0.9702494392525519,0.9781327261937968,0.9758621277515419,0.8294583338927189,0.7037100946325742,0.8077933323565452,0.1287777480609789,0.05856120173688534,0.09987641837995731,0.132522064723188,0.05539255955873724,0.08965284799460735,0.9079967905857181,0.9139772327191644,0.9051791933490619,0.7341535169831506,0.8209130383757774,0.8071003258060893
"s07_dual_role_credit","Survival-Credit-AOP","CF7","CF",100,50000,3,247703,"all",249,400,50000,0.3504068164770289,0.3295727577523325,0.3200204257706387,0.3504068164770289,0.3295727577523326,0.3200204257706384,0.3504068164770289,0.3295727577523326,0.3200204257706384,17464,16390,15946,1981,858,1068,0.1134333486028401,0.05234899328859061,0.06697604414900288,0.918918918918919,0.924588163514338,0.9439357832685313,0.973445003771451,0.9730822882343541,0.9820200043620469,0.8126364803866801,0.8613782144003512,0.8467045760001631,0.1160100778744847,0.05222696766320927,0.06509469459425561,0.1108566193311956,0.05247101891397193,0.06885739370375016,0.9342647732478241,0.9323978035387431,0.9535933776495673,0.9035730645900137,0.9167785234899329,0.9342781888874953
"s07_dual_role_credit","Survival-Credit-AOP","CF7","CF",100,50000,4,247704,"all",249,400,50000,0.2951447966053586,0.3556091145070099,0.3492460888876316,0.2951447966053586,0.35560911450701,0.3492460888876317,0.2951447966053586,0.35560911450701,0.3492460888876317,14704,17708,17388,1624,1057,1344,0.1104461371055495,0.05969053535125367,0.07729468599033816,0.7556447225244831,0.4937316467133499,0.6410743041177823,0.946063736900579,0.7135600541076026,0.8357172242007938,0.8286421289091037,0.7103536475666898,0.791565695891784,0.1088139281828074,0.06313530607634968,0.07809983896940419,0.1120783460282916,0.05624576462615767,0.07648953301127215,0.8729597388465724,0.6225434831714479,0.7367149758454107,0.6383297062023939,0.3649198102552519,0.5454336323901541
"s07_dual_role_credit","Survival-Credit-AOP","CF7","CF",100,50000,5,247705,"all",249,400,50000,0.320216809491935,0.3284780433511211,0.3513051471569438,0.320216809491935,0.3284780433511214,0.3513051471569438,0.320216809491935,0.3284780433511214,0.3513051471569438,15936,16368,17496,1779,750,1392,0.1116340361445783,0.04582111436950147,0.07956104252400549,0.8425577309236948,0.7850073313782991,0.7693758573388203,0.961641462521893,0.9493929837952536,0.9416325378226803,0.8538860030602269,0.6603846375160073,0.7890401785608837,0.1124497991967871,0.04826490713587488,0.08104709647919524,0.1108182730923695,0.04337732160312806,0.07807498856881573,0.9366214859437751,0.8380987292277615,0.828989483310471,0.7484939759036144,0.7319159335288368,0.7097622313671696
"s07_dual_role_credit","Survival-Credit-AOP","CF8","CF",100,50000,1,247801,"all",249,400,50000,0.552976873879135,0.1681186385028281,0.2789044876180369,0.5529768738791349,0.1681186385028281,0.2789044876180368,0.5529768738791349,0.1681186385028281,0.2789044876180368,27534,8386,13880,2962,353,884,0.1075760877460594,0.04209396613403291,0.06368876080691642,0.4275078085276385,0.3512997853565466,0.3706051873198847,0.5657682813916441,0.5012852736723088,0.5143393015084773,0.7582726816047675,0.7467404410305993,0.7365239434102491,0.09348441926345609,0.03911280705938469,0.0553314121037464,0.1216677562286627,0.04507512520868114,0.07204610951008646,0.5134016125517542,0.4204626758883854,0.4322766570605187,0.3416140045035229,0.2821368948247078,0.3089337175792507
"s07_dual_role_credit","Survival-Credit-AOP","CF8","CF",100,50000,2,247802,"all",249,400,50000,0.513936901337691,0.1706113690982871,0.3154517295640219,0.5139369013376909,0.1706113690982872,0.3154517295640218,0.5139369013376909,0.1706113690982872,0.3154517295640218,25592,8502,15706,2809,418,1121,0.1097608627696155,0.04916490237591155,0.07137399719852286,0.4971475461081588,0.4051987767584098,0.4225773589710938,0.6247560202324576,0.5535514124709446,0.5633170399995995,0.7271001265803757,0.722213944159627,0.7135288861926231,0.1039387308533917,0.04422488826158551,0.06799949064051955,0.1155829946858393,0.05410491649023759,0.07474850375652617,0.576351984995311,0.4949423665019995,0.4865656437030434,0.4179431072210066,0.3154551870148201,0.3585890742391443
"s07_dual_role_credit","Survival-Credit-AOP","CF8","CF",100,50000,3,247803,"all",249,400,50000,0.4724728025799955,0.2030782232220294,0.3244489741979751,0.4724728025799956,0.2030782232220293,0.3244489741979752,0.4724728025799956,0.2030782232220293,0.3244489741979752,23532,10112,16156,3247,701,1672,0.1379823219445861,0.06932357594936708,0.1034909631096806,0.5736868944416115,0.5323378164556962,0.5624535776182223,0.6612319468220448,0.6102239654413997,0.6462259647569505,0.6711136794401535,0.6531087344139,0.6532315121432632,0.1330103688594255,0.0658623417721519,0.1003961376578361,0.1429542750297467,0.07278481012658228,0.1065857885615251,0.6377698453170151,0.5814873417721519,0.6157464718989849,0.5096039435662078,0.4831882911392405,0.5091606833374598
"s07_dual_role_credit","Survival-Credit-AOP","CF8","CF",100,50000,4,247804,"all",249,400,50000,0.5339251951272098,0.1640030993422937,0.3020717055304965,0.5339251951272095,0.1640030993422937,0.3020717055304964,0.5339251951272095,0.1640030993422937,0.3020717055304964,26588,8164,15048,2700,350,947,0.1015495712351437,0.04287114159725625,0.06293195108984583,0.5030464871370544,0.4682753552180304,0.4554093567251462,0.6165074756375588,0.5954111916809651,0.5804427671310536,0.7376817664885061,0.7341348479631232,0.7245522296880738,0.1010230179028133,0.04042136207741303,0.05422647527910686,0.102076124567474,0.04532092111709946,0.07163742690058479,0.5777794493756582,0.5558549730524253,0.5267145135566188,0.4283135248984504,0.3806957373836355,0.3841041998936736
"s07_dual_role_credit","Survival-Credit-AOP","CF8","CF",100,50000,5,247805,"all",249,400,50000,0.4917620997658548,0.1824009511968385,0.3258369490373067,0.4917620997658549,0.1824009511968385,0.3258369490373065,0.4917620997658549,0.1824009511968385,0.3258369490373065,24494,9076,16230,3218,550,1509,0.131379113252225,0.06059938298810048,0.09297597042513864,0.5000408263248143,0.4396209784045835,0.4502772643253235,0.6201262520677487,0.5584416593176091,0.5727550395404528,0.7079254597429068,0.6935823737966219,0.6898919548046483,0.1223973217930922,0.05685323931247246,0.08096118299445472,0.1403609047113579,0.06434552666372852,0.1049907578558226,0.5812035600555238,0.5099162626707801,0.5097966728280962,0.4188780925941047,0.369325694138387,0.3907578558225508
"s07_dual_role_credit","Survival-Credit-AOP","CF9","CF",100,50000,1,247901,"all",249,400,50000,0.5277744700621753,0.1788695611133627,0.2933559688244621,0.5277744700621753,0.1788695611133627,0.2933559688244621,0.5277744700621753,0.1788695611133627,0.2933559688244621,26274,8908,14618,2751,366,892,0.1047042703813656,0.04108666367310283,0.06102065946093857,0.5543503082895638,0.4858554108666367,0.5136133533999179,0.6953342106488865,0.6430032058497436,0.6631800563000454,0.7544652525176977,0.7502186150796554,0.7394534534755985,0.09362868234756794,0.03771890435563539,0.05459023122178137,0.1157798584151633,0.04445442299057027,0.06745108770009577,0.5909263911090812,0.5011225864391559,0.5342728143384868,0.5177742254700465,0.4705882352941176,0.492953892461349
"s07_dual_role_credit","Survival-Credit-AOP","CF9","CF",100,50000,2,247902,"all",249,400,50000,0.5132926307672132,0.1929430993121066,0.2937642699206802,0.513292630767213,0.1929430993121068,0.29376426992068,0.513292630767213,0.1929430993121068,0.29376426992068,25558,9620,14622,2906,484,1006,0.1137021676187495,0.05031185031185031,0.06880043769662153,0.5849440488301119,0.5183991683991684,0.5368622623444125,0.7161918320785238,0.6687282862045512,0.6808492648686516,0.7500453698706461,0.7546069069677626,0.7373594103683959,0.1017293997965412,0.04490644490644491,0.06592805361783614,0.1256749354409578,0.05571725571725572,0.07167282177540692,0.6230534470615854,0.5351351351351351,0.5599781151689235,0.5468346505986383,0.5016632016632017,0.5137464095199015
"s07_dual_role_credit","Survival-Credit-AOP","CF9","CF",100,50000,3,247903,"all",249,400,50000,0.5154228927657256,0.19606983041045,0.2885072768238244,0.5154228927657256,0.1960698304104499,0.2885072768238244,0.5154228927657256,0.1960698304104499,0.2885072768238244,25662,9776,14362,2720,438,915,0.1059932974826592,0.04480360065466448,0.06370978972287983,0.5802353674694101,0.5167757774140753,0.5335607854059323,0.7145714438318855,0.6671820106124076,0.6751867872639328,0.7363942484450333,0.7400327135150928,0.719067456665981,0.09983633387888707,0.03907528641571194,0.05765213758529453,0.1121502610864313,0.05053191489361702,0.06976744186046512,0.6204504715143013,0.532733224222586,0.5508982035928144,0.5400202634245187,0.5008183306055647,0.5162233672190503
"s07_dual_role_credit","Survival-Credit-AOP","CF9","CF",100,50000,4,247904,"all",249,400,50000,0.5191171593358767,0.1834367900535059,0.2974460506106175,0.5191171593358767,0.1834367900535057,0.2974460506106175,0.5191171593358767,0.1834367900535057,0.2974460506106175,25858,9132,14810,2608,433,894,0.1008585350761853,0.04741568112133158,0.06036461850101283,0.5570036352386109,0.5116075339465616,0.5197839297771776,0.691148228308969,0.665128865608052,0.6663321971447649,0.7563969376200824,0.7577479993153765,0.7431885492720472,0.09838347900069611,0.04051686377573369,0.05415259959486833,0.1033335911516745,0.05431449846692948,0.06657663740715733,0.605151210457112,0.5451160753394656,0.5461174881836597,0.5088560600201099,0.4780989925536575,0.4934503713706955
"s07_dual_role_credit","Survival-Credit-AOP","CF9","CF",100,50000,5,247905,"all",249,400,50000,0.5320105447296691,0.1879997826721364,0.2799896725981945,0.5320105447296696,0.1879997826721365,0.2799896725981942,0.5320105447296696,0.1879997826721365,0.2799896725981942,26494,9354,13952,2646,411,826,0.09987166905714501,0.04393842206542656,0.05920298165137615,0.5729599154525553,0.460979260209536,0.4944810779816514,0.6971075484398992,0.611280452652462,0.6370160048060861,0.7575023786244408,0.749019078327434,0.7366135604875772,0.09647467351098361,0.03870002138122728,0.05418577981651376,0.1032686646033064,0.04917682274962583,0.06422018348623854,0.6090435570317808,0.4830019243104554,0.5192087155963303,0.5368762738733298,0.4389565961086166,0.4697534403669725
"s07_dual_role_credit","Survival-Credit-AOP","DASCMOP1","DAS-CMOP",100,50000,1,249501,"all",249,400,50000,0.3144799054770933,0.3683125024504442,0.3172075920724626,0.3144799054770933,0.3683125024504439,0.3172075920724626,0.3144799054770933,0.3683125024504439,0.3172075920724626,15676,18320,15804,2477,1643,1506,0.1580122480224547,0.08968340611353712,0.095292331055429,0.2415156927787701,0.20867903930131,0.2043786383194128,0.7439582651744627,0.7844479145206066,0.7453940908475412,0.7547091904835451,0.8112192659306136,0.7589024311719094,0.08356723653993366,0.0341703056768559,0.04479878511769173,0.2324572595049758,0.1451965065502183,0.1457858769931663,0.4336565450369992,0.396943231441048,0.362060237914452,0.04937484052054095,0.02041484716157205,0.04669703872437358
"s07_dual_role_credit","Survival-Credit-AOP","DASCMOP1","DAS-CMOP",100,50000,2,249502,"all",249,400,50000,0.3035561700688518,0.3816971300611112,0.3147466998700371,0.3035561700688514,0.381697130061111,0.3147466998700367,0.3035561700688514,0.381697130061111,0.3147466998700367,15108,19012,15680,2134,1634,1343,0.1412496690495102,0.085945718493583,0.08565051020408163,0.2386153031506487,0.196454870608037,0.2002551020408163,0.7386763354640693,0.7846880254012583,0.7365291941405148,0.7542640613703752,0.820715690464759,0.7634400968881436,0.07770717500661901,0.03166421207658321,0.04081632653061224,0.2047921630924014,0.1402272249105828,0.130484693877551,0.4245432883240667,0.3696612665684831,0.3413265306122449,0.05268731797723061,0.023248474647591,0.05918367346938776
"s07_dual_role_credit","Survival-Credit-AOP","DASCMOP1","DAS-CMOP",100,50000,3,249503,"all",249,400,50000,0.3215553731223394,0.3565550109212416,0.3218896159564192,0.3215553731223393,0.3565550109212415,0.321889615956419,0.3215553731223393,0.3565550109212415,0.321889615956419,16026,17734,16040,2389,1518,1393,0.1490702608261575,0.08559828577873012,0.08684538653366583,0.2526519405965306,0.211627382429232,0.2148379052369077,0.756288069798518,0.7845130118405137,0.7524533158248715,0.7612311119772349,0.8014584742034401,0.7631418376490464,0.07387994508923,0.0295477613623548,0.04002493765586035,0.224260576563085,0.1416488101951054,0.1336658354114713,0.4566329714214402,0.4002481109732717,0.3791770573566085,0.04867090977162111,0.02300665388519229,0.05049875311720698
"s07_dual_role_credit","Survival-Credit-AOP","DASCMOP1","DAS-CMOP",100,50000,4,249504,"all",249,400,50000,0.310387524593891,0.362035378455038,0.327577096951071,0.3103875245938909,0.3620353784550381,0.3275770969510712,0.3103875245938909,0.3620353784550381,0.3275770969510712,15470,18028,16302,2580,1569,1497,0.1667744020685197,0.08703128466829377,0.09182922340817078,0.2529411764705882,0.2220989571777235,0.2217519322782481,0.7622630449637494,0.790913831070995,0.7568605210706513,0.75189181560221,0.8071468114293947,0.7569811405329963,0.08429217840982547,0.03561127135566896,0.03999509262667157,0.249256625727214,0.1384512979809186,0.14366335418967,0.4615384615384616,0.4238961615265143,0.3945528156054472,0.04434389140271493,0.02030175282893277,0.04895104895104895
"s07_dual_role_credit","Survival-Credit-AOP","DASCMOP1","DAS-CMOP",100,50000,5,249505,"all",249,400,50000,0.3138163521674612,0.3805770950364512,0.3056065527960876,0.3138163521674613,0.3805770950364514,0.3056065527960875,0.3138163521674613,0.3805770950364514,0.3056065527960875,15624,18958,15218,2263,1653,1387,0.1448412698412699,0.08719274185040617,0.09114206860297017,0.2339989759344598,0.2077223335794915,0.2065317387304508,0.7432911401418462,0.7883242904385483,0.7461059462728415,0.7621945841584665,0.8239480280854465,0.7675926865494752,0.07155657962109575,0.03607975524844393,0.04152976738073334,0.2181259600614439,0.1383057284523684,0.140754369825207,0.4160266257040451,0.3897035552273447,0.359705611775529,0.05197132616487455,0.02574111193163836,0.05335786568537258
"s07_dual_role_credit","Survival-Credit-AOP","DASCMOP2","DAS-CMOP",100,50000,1,249601,"all",249,400,50000,0.2547930737646425,0.3994541704488704,0.3457527557864873,0.2547930737646425,0.3994541704488703,0.3457527557864873,0.2547930737646425,0.3994541704488703,0.3457527557864873,12684,19900,17216,1993,1618,1310,0.1571270892462945,0.08130653266331658,0.07609200743494424,0.2576474298328603,0.2338693467336684,0.2409386617100372,0.7725508318724759,0.8000976784720013,0.7702664435936017,0.7438130711351748,0.7962941999802813,0.7572214117366221,0.07379375591296121,0.01728643216080402,0.02509293680297398,0.2404604225796279,0.1453266331658291,0.1270910780669145,0.4522232734153264,0.434572864321608,0.4122908921933086,0.0630715862503942,0.03316582914572865,0.0695864312267658
"s07_dual_role_credit","Survival-Credit-AOP","DASCMOP2","DAS-CMOP",100,50000,2,249602,"all",249,400,50000,0.2510421202482327,0.403929280504428,0.3450285992473393,0.2510421202482329,0.4039292805044282,0.3450285992473394,0.2510421202482329,0.4039292805044282,0.3450285992473394,12498,20110,17192,1929,1532,1249,0.1543446951512242,0.07618100447538538,0.07265006979990693,0.2425188030084814,0.2208354052710094,0.2231270358306189,0.7494467744533296,0.7949752500908932,0.7456681888261936,0.7554798084979387,0.8237450694386728,0.7763315654954736,0.07377180348855816,0.02108403779214321,0.02745463006049325,0.2349175868138902,0.1312779711586275,0.1178455095393206,0.4210273643783005,0.4089507707608155,0.3734295020939972,0.06401024163866219,0.03272003978120338,0.07282456956724058
"s07_dual_role_credit","Survival-Credit-AOP","DASCMOP2","DAS-CMOP",100,50000,3,249603,"all",249,400,50000,0.2665402765577191,0.3942241017288234,0.3392356217134576,0.2665402765577192,0.3942241017288234,0.3392356217134577,0.2665402765577192,0.3942241017288234,0.3392356217134577,13288,19632,16880,2101,1606,1391,0.158112582781457,0.08180521597392013,0.08240521327014218,0.2439042745334136,0.2293704156479218,0.2359597156398104,0.7589798613624422,0.7968112556325658,0.7673429943208973,0.7513105990892984,0.8007234671616432,0.7593410575698449,0.06652618904274533,0.01619804400977995,0.02890995260663507,0.2496989765201686,0.1474123879380603,0.1359004739336493,0.4256472004816376,0.4296047269763651,0.4061611374407583,0.06216134858518964,0.0291361043194784,0.06575829383886256
"s07_dual_role_credit","Survival-Credit-AOP","DASCMOP2","DAS-CMOP",100,50000,4,249604,"all",249,400,50000,0.2517547586860036,0.3924953042699572,0.3557499370440392,0.2517547586860034,0.392495304269957,0.3557499370440393,0.2517547586860034,0.392495304269957,0.3557499370440393,12552,19550,17698,1948,1383,1272,0.1551943913320586,0.07074168797953964,0.07187252796926206,0.2457775653282346,0.2310997442455243,0.2234715787094587,0.7419090212855618,0.7972416977338442,0.7465322806420411,0.7487244631079011,0.8239554771830953,0.7746647865310931,0.07472912683237731,0.0218925831202046,0.02418352356198441,0.23565965583174,0.1195907928388747,0.1195615323765397,0.4208094327597195,0.4218925831202046,0.3717934229856481,0.07074569789674952,0.04030690537084399,0.07514973443326929
"s07_dual_role_credit","Survival-Credit-AOP","DASCMOP2","DAS-CMOP",100,50000,5,249605,"all",249,400,50000,0.2541859592991704,0.4141489959935941,0.3316650447072356,0.2541859592991703,0.4141489959935939,0.3316650447072359,0.2541859592991703,0.4141489959935939,0.3316650447072359,12660,20624,16516,2006,1689,1306,0.1584518167456556,0.08189487975174554,0.07907483652216032,0.2535545023696683,0.2483029480217223,0.2460644223782998,0.7651002088528913,0.8016571172455337,0.766337418840824,0.7451857175059329,0.8091056166314695,0.7638688090551934,0.07156398104265403,0.02152831652443755,0.02276580285783483,0.2453396524486572,0.1422614429790535,0.1353838701864858,0.4480252764612954,0.4632467028704422,0.4279486558488738,0.05908372827804107,0.03335919317300233,0.06418018890772584
"s07_dual_role_credit","Survival-Credit-AOP","DASCMOP3","DAS-CMOP",100,50000,1,249701,"all",249,400,50000,0.3778228752956476,0.3636428700779427,0.2585342546264097,0.3778228752956475,0.3636428700779429,0.2585342546264096,0.3778228752956475,0.3636428700779429,0.2585342546264096,18826,18114,12860,2849,1529,1110,0.1513332625092957,0.08440984873578447,0.08631415241057543,0.2445554021034739,0.1987965109859777,0.2157076205287714,0.7167796791908215,0.7283027224862412,0.7176013901539237,0.7493844413517015,0.7893611603125481,0.7307480977563956,0.0799957505577393,0.0386441426520923,0.04121306376360809,0.222670774460852,0.1301755548194767,0.1314152410575428,0.4657388717730798,0.3896433697692392,0.4150855365474339,0.02337193243386805,0.007949652202716132,0.01632970451010887
"s07_dual_role_credit","Survival-Credit-AOP","DASCMOP3","DAS-CMOP",100,50000,2,249702,"all",249,400,50000,0.3900307462035607,0.3550262030343029,0.2549430507621365,0.3900307462035607,0.3550262030343028,0.2549430507621366,0.3900307462035607,0.3550262030343028,0.2549430507621366,19428,17692,12680,2859,1367,1028,0.1471587399629401,0.07726656115758535,0.08107255520504732,0.2417644636606959,0.2228125706534027,0.2126182965299684,0.7173381209424142,0.7276731854642839,0.7130392861345681,0.7478712919526234,0.7820305451984385,0.7337214913267184,0.07473749227918468,0.02747004295726882,0.04037854889589906,0.2195799876466955,0.1270630793579019,0.1217665615141956,0.4611900350010295,0.4394076418720326,0.4088328075709779,0.02233889232036236,0.006217499434772779,0.01640378548895899
"s07_dual_role_credit","Survival-Credit-AOP","DASCMOP3","DAS-CMOP",100,50000,3,249703,"all",249,400,50000,0.3739147820003931,0.3579554401733062,0.2681297778263007,0.3739147820003934,0.3579554401733062,0.2681297778263007,0.3739147820003934,0.3579554401733062,0.2681297778263007,18616,17832,13352,2784,1427,1277,0.1495487752470993,0.08002467474203678,0.09564110245656081,0.2390416845724108,0.2160722296994168,0.2178699820251648,0.7182559234037292,0.731455537961416,0.7151214346904677,0.74126051786247,0.7778381956885155,0.7209890271249368,0.07294800171895144,0.02972184836249439,0.04823247453565009,0.2261495487752471,0.1303275011215792,0.1430497303774715,0.455199828104856,0.4235082996859578,0.4165668064709407,0.02288354103996562,0.00863615971287573,0.01917315757938886
"s07_dual_role_credit","Survival-Credit-AOP","DASCMOP3","DAS-CMOP",100,50000,4,249704,"all",249,400,50000,0.3659373009146297,0.3328690007036535,0.3011936983817168,0.3659373009146298,0.3328690007036533,0.3011936983817166,0.3659373009146298,0.3328690007036533,0.3011936983817166,18204,16584,15012,3044,1275,1545,0.1672159964842892,0.07688133140376266,0.1029176658673061,0.2600527356624918,0.2064037626628075,0.2332134292565947,0.7384611583148697,0.7106348471630636,0.7327508308796137,0.7441826099636638,0.7107708067936305,0.7038910376795502,0.07492858712370908,0.02484322238301978,0.03397282174260591,0.2595034058448693,0.1289194404245055,0.1718625099920064,0.494286969896726,0.4071394114809455,0.4524380495603517,0.02581850142825753,0.005668113844669561,0.01398880895283773
"s07_dual_role_credit","Survival-Credit-AOP","DASCMOP3","DAS-CMOP",100,50000,5,249705,"all",249,400,50000,0.3487903028220873,0.3715882841632752,0.2796214130146374,0.348790302822087,0.3715882841632752,0.2796214130146372,0.348790302822087,0.3715882841632752,0.2796214130146372,17364,18504,13932,2781,1554,1393,0.1601589495507947,0.08398184176394292,0.09998564455928798,0.2683713430085234,0.2836683960224816,0.2653603215618719,0.7364921617995939,0.7181139499105581,0.7341781877706748,0.7335097261896718,0.716709706839227,0.6985372394537465,0.07429163787145819,0.02810203199308258,0.03890324432960092,0.2460262612301313,0.1398616515348033,0.161068044788975,0.5137065192351993,0.5626891482922611,0.5147861039333907,0.0230361667818475,0.004647643752702118,0.01593453919035314
"s07_dual_role_credit","Survival-Credit-AOP","DASCMOP4","DAS-CMOP",100,50000,1,249801,"all",249,400,50000,0.4576380646054753,0.1119246098469438,0.4304373255475808,0.4576380646054757,0.1119246098469438,0.4304373255475809,0.4576380646054757,0.1119246098469438,0.4304373255475809,22786,5568,21446,4767,299,4351,0.2092074080575792,0.05369971264367816,0.2028816562529143,0.08992363732116211,0.01526580459770115,0.1167583698591812,0.34192444913452,0.1321041571692316,0.3749451019000548,0.7628263443776632,0.5489826948729937,0.7320841501576135,0.2022294391292899,0.05136494252873564,0.1965867760887811,0.2161853769858685,0.05603448275862069,0.2091765364170475,0.1199859562889494,0.01760057471264368,0.1561130280705026,0.05986131835337488,0.01293103448275862,0.07740371164785974
"s07_dual_role_credit","Survival-Credit-AOP","DASCMOP4","DAS-CMOP",100,50000,2,249802,"all",249,400,50000,0.4586746431428306,0.1127086569994638,0.4286166998577055,0.4586746431428306,0.1127086569994639,0.4286166998577056,0.4586746431428306,0.1127086569994639,0.4286166998577056,22824,5622,21354,5211,343,4740,0.2283123028391167,0.06101031661330487,0.2219724641753301,0.05888538380651945,0.01565279260049804,0.09384658611969654,0.2951533700929588,0.1418513324473784,0.3545932475527349,0.7512580399307733,0.5661726938323148,0.7359999981348986,0.2287942516649141,0.0608324439701174,0.2254378570759577,0.2278303540133193,0.06118818925649235,0.2185070712747026,0.07781282860147214,0.02098897189612238,0.1224126627329774,0.03995793901156677,0.01031661330487371,0.06528050950641566
"s07_dual_role_credit","Survival-Credit-AOP","DASCMOP4","DAS-CMOP",100,50000,3,249803,"all",249,400,50000,0.4770495580848119,0.114848820702523,0.4081016212126652,0.477049558084812,0.114848820702523,0.4081016212126649,0.477049558084812,0.114848820702523,0.4081016212126649,23756,5718,20326,5574,348,4291,0.2346354605152383,0.0608604407135362,0.2111089245301584,0.04091597912106415,0.005246589716684155,0.04757453507822493,0.2469098404730473,0.07600586259723295,0.2563674947852593,0.7806392296713415,0.5611101840336999,0.7272918176844166,0.2403603300218892,0.06575725778244142,0.2147003837449572,0.2289105910085873,0.05596362364463099,0.2075174653153596,0.05177639333221081,0.008394543546694649,0.06012004329430286,0.0300555649099175,0.002098635886673662,0.035029026862147
"s07_dual_role_credit","Survival-Credit-AOP","DASCMOP4","DAS-CMOP",100,50000,4,249804,"all",249,400,50000,0.45794261797967,0.1144358697563335,0.4276215122639966,0.4579426179796701,0.1144358697563336,0.4276215122639965,0.4579426179796701,0.1144358697563336,0.4276215122639965,22828,5682,21290,4898,346,4537,0.2145610653583319,0.06089405139035551,0.2131047440112729,0.06132819344664447,0.02076733544526575,0.1056834194457492,0.294250790950535,0.1339293712362711,0.3469537737364309,0.7670046549767828,0.5581631044563325,0.7349528733794373,0.2165761345715788,0.06230200633579725,0.2208548614372945,0.212545996145085,0.05948609644491376,0.2053546265852513,0.08296828456281759,0.02780711017247448,0.1417566932832316,0.03968810233047135,0.01372756071805702,0.0696101456082668
"s07_dual_role_credit","Survival-Credit-AOP","DASCMOP4","DAS-CMOP",100,50000,5,249805,"all",249,400,50000,0.4495233775675239,0.1280471475544848,0.4224294748779912,0.4495233775675244,0.1280471475544848,0.4224294748779911,0.4495233775675244,0.1280471475544848,0.4224294748779911,22394,6360,21046,4677,421,4540,0.2088505849781191,0.06619496855345912,0.2157179511546137,0.09359649906224882,0.04355345911949685,0.1668250498907156,0.3411058946664567,0.2013376464401021,0.4292753124349982,0.7524132914330565,0.5684416337273388,0.736057383522551,0.2037152808788068,0.0610062893081761,0.20754537679369,0.2139858890774315,0.07138364779874214,0.2238905255155374,0.1268196838438868,0.05314465408805032,0.221039627482657,0.06037331428061088,0.0339622641509434,0.1126104722987741
"s07_dual_role_credit","Survival-Credit-AOP","DASCMOP5","DAS-CMOP",100,50000,1,249901,"all",249,400,50000,0.4420092818573599,0.1215316073352054,0.4364591108074345,0.4420092818573602,0.1215316073352055,0.4364591108074345,0.4420092818573602,0.1215316073352055,0.4364591108074345,21998,6048,21754,4686,446,4873,0.2130193653968543,0.07374338624338625,0.2240047807299807,0.04395854168560778,0.01785714285714286,0.07819251631883792,0.2559425573805737,0.1467529906746954,0.3211087396981031,0.75956084748494,0.5804964722426623,0.746124596407317,0.2128375306846077,0.06712962962962964,0.2223039441022341,0.2132012001091008,0.08035714285714286,0.2257056173577273,0.05682334757705246,0.02017195767195767,0.09598234807391744,0.0310937357941631,0.01554232804232804,0.06040268456375839
"s07_dual_role_credit","Survival-Credit-AOP","DASCMOP5","DAS-CMOP",100,50000,2,249902,"all",249,400,50000,0.4575608393762353,0.11962177074632,0.4228173898774448,0.4575608393762353,0.1196217707463199,0.4228173898774446,0.4575608393762353,0.1196217707463199,0.4228173898774446,22804,5934,21062,4794,370,4446,0.2102262760919137,0.06235254465790361,0.211091064476308,0.07060164883353798,0.03859116953151331,0.1389231791852626,0.3125776334603692,0.2062807791503118,0.4318379114805364,0.7650568359630104,0.5783336996159248,0.7521461671253884,0.2000526223469567,0.04280417930569599,0.1883012059633463,0.2203999298368707,0.08190091001011122,0.2338809229892698,0.09586037537274163,0.04044489383215369,0.1802297977400057,0.04534292229433433,0.03673744523087293,0.09761656063051942
"s07_dual_role_credit","Survival-Credit-AOP","DASCMOP5","DAS-CMOP",100,50000,3,249903,"all",249,400,50000,0.4443251576660857,0.121076687028601,0.4345981553053134,0.4443251576660858,0.121076687028601,0.4345981553053133,0.4443251576660858,0.121076687028601,0.4345981553053133,22114,6044,21642,4843,403,4844,0.2190015374875644,0.06667769688947717,0.2238240458367988,0.08117029935787284,0.0329252150893448,0.1327511320580353,0.3370551285551477,0.1844298236839963,0.4136890789770834,0.7701705715979906,0.584827086007327,0.7530939632272927,0.2150673781315004,0.06022501654533421,0.2081138526938361,0.2229356968436285,0.07313037723362012,0.2395342389797616,0.1034638690422357,0.03606882859033753,0.1624618796784031,0.05887672967350999,0.02978160158835208,0.1030403844376675
"s07_dual_role_credit","Survival-Credit-AOP","DASCMOP5","DAS-CMOP",100,50000,4,249904,"all",249,400,50000,0.4631432027840357,0.1174032660331724,0.4194535311827919,0.4631432027840354,0.1174032660331725,0.4194535311827919,0.4631432027840354,0.1174032660331725,0.4194535311827919,23048,5854,20898,5689,396,4965,0.2468326969802152,0.06764605398018449,0.2375825437840942,0.001128080527594585,0.0001708233686368295,0.001435544071202986,0.1956225960297256,0.1089200590699601,0.2374328630289357,0.766899629601974,0.5746488181035069,0.7455911738130043,0.2574626865671642,0.06320464639562692,0.2448081156091492,0.2362027073932662,0.07208746156474205,0.2303569719590391,0.001648733078792086,0.000341646737273659,0.001914058761603981,0.0006074279763970844,0,0.0009570293808019906
"s07_dual_role_credit","Survival-Credit-AOP","DASCMOP5","DAS-CMOP",100,50000,5,249905,"all",249,400,50000,0.4546634834982888,0.1202292403166657,0.4251072761850455,0.4546634834982887,0.1202292403166657,0.4251072761850456,0.4546634834982887,0.1202292403166657,0.4251072761850456,22644,5988,21168,4909,367,4466,0.2167903197314962,0.06128924515698063,0.210978835978836,0.0628864158275923,0.02371409485637943,0.1069538926681784,0.3030730329839154,0.1529051062780855,0.3752286035598889,0.7801075040895206,0.570807604227802,0.752152251972223,0.2064122946475888,0.05210420841683366,0.2037981859410431,0.2271683448154036,0.07047428189712759,0.2181594860166289,0.07781310722487193,0.02404809619238477,0.1321806500377929,0.04795972443031266,0.02338009352037408,0.08172713529856387
"s07_dual_role_credit","Survival-Credit-AOP","DASCMOP6","DAS-CMOP",100,50000,1,250001,"all",249,400,50000,0.4588943822725646,0.104362600446476,0.4367430172809595,0.4588943822725646,0.1043626004464759,0.4367430172809594,0.4588943822725646,0.1043626004464759,0.4367430172809594,22840,5200,21760,5004,289,4662,0.2190893169877408,0.05557692307692308,0.2142463235294118,0.05179509632224168,0.01961538461538461,0.08170955882352941,0.3236842322379397,0.1682577642546811,0.3912693855684488,0.76589038825908,0.5634072482467655,0.7443653561107123,0.2153239929947461,0.065,0.2154411764705882,0.2228546409807355,0.04615384615384616,0.2130514705882353,0.07898423817863398,0.03038461538461538,0.1227022058823529,0.02460595446584939,0.008846153846153846,0.04071691176470588
"s07_dual_role_credit","Survival-Credit-AOP","DASCMOP6","DAS-CMOP",100,50000,2,250002,"all",249,400,50000,0.4632718435855006,0.109818053757971,0.4269101026565283,0.4632718435855006,0.109818053757971,0.4269101026565283,0.4632718435855006,0.109818053757971,0.4269101026565283,23078,5478,21244,5495,333,4927,0.2381055550740965,0.06078860898138007,0.2319243080399171,0.05108761591125748,0.03924790069368383,0.1061476181510073,0.2701390764609715,0.1639616382534844,0.3421036038326229,0.7594973180884325,0.572235906449643,0.7421789019460064,0.2346823814888639,0.06717780211756115,0.2338542647335718,0.2415287286593292,0.05439941584519898,0.2299943513462625,0.06863679694947569,0.05549470609711574,0.1342496704951986,0.03353843487303926,0.02300109529025192,0.07804556580681604
"s07_dual_role_credit","Survival-Credit-AOP","DASCMOP6","DAS-CMOP",100,50000,3,250003,"all",249,400,50000,0.4594553175200746,0.1108800818351056,0.42966460064482,0.4594553175200743,0.1108800818351056,0.4296646006448199,0.4594553175200743,0.1108800818351056,0.4296646006448199,22892,5510,21398,4922,319,4782,0.2150096103442251,0.05789473684210526,0.2234788297971773,0.09553555827363271,0.02994555353901996,0.1526310870174783,0.3542757128644193,0.2061296622373684,0.4678859038875547,0.7595532389077209,0.5768917585905246,0.7440586235556794,0.2088939367464616,0.06460980036297641,0.2221702962893728,0.2211252839419885,0.05117967332123412,0.2247873633049818,0.1249344749257383,0.04210526315789474,0.2036638938218525,0.06613664162152717,0.01778584392014519,0.101598280213104
"s07_dual_role_credit","Survival-Credit-AOP","DASCMOP6","DAS-CMOP",100,50000,4,250004,"all",249,400,50000,0.4717034592195046,0.1064288198446333,0.4218677209358619,0.471703459219505,0.1064288198446333,0.4218677209358618,0.471703459219505,0.1064288198446333,0.4218677209358618,23488,5292,21020,5467,304,4513,0.2327571525885559,0.05744520030234316,0.2147002854424358,0.03380449591280654,0.009826152683295541,0.04619410085632731,0.2573158377915596,0.09542552334758875,0.2787435895895031,0.7851100752333871,0.5510893414731743,0.7403728357713183,0.2436989100817439,0.0653817082388511,0.2421503330161751,0.2218153950953679,0.04950869236583522,0.1872502378686965,0.04351158038147139,0.01322751322751323,0.06184586108468126,0.02409741144414169,0.006424792139077854,0.03054234062797336
"s07_dual_role_credit","Survival-Credit-AOP","DASCMOP6","DAS-CMOP",100,50000,5,250005,"all",249,400,50000,0.4623917227922082,0.1221590103282034,0.4154492668795886,0.4623917227922082,0.1221590103282034,0.4154492668795886,0.4623917227922082,0.1221590103282034,0.4154492668795886,23040,6086,20674,6076,463,5100,0.2637152777777778,0.07607624055208675,0.2466866595724098,0.02530381944444444,0.008872822872165627,0.04019541453032795,0.2279937015503047,0.123250829973155,0.2759156525227184,0.7712217486879328,0.5715091916368918,0.7483282279369631,0.271875,0.08774235951363786,0.2612943794137564,0.2555555555555555,0.06441012159053565,0.2320789397310632,0.03315972222222222,0.01248767663489977,0.05040147044597078,0.01744791666666667,0.005257969109431482,0.02998935861468511
"s07_dual_role_credit","Survival-Credit-AOP","DASCMOP7","DAS-CMOP",100,50000,1,250101,"all",249,400,50000,0.4809499159025122,0.09850100483250533,0.4205490792649825,0.4809499159025123,0.09850100483250535,0.4205490792649827,0.4809499159025123,0.09850100483250535,0.4205490792649827,23952,4900,20948,4716,231,3703,0.1968937875751503,0.04714285714285715,0.1767710521290815,0.12437374749499,0.01428571428571429,0.1752911972503342,0.3513980478768009,0.1183907031281135,0.3860767159038279,0.727894984654604,0.4511063307708252,0.6787161286574603,0.2001503006012024,0.0473469387755102,0.1790147030742792,0.1936372745490982,0.04693877551020408,0.1745274011838839,0.1577321309285237,0.01714285714285714,0.2166316593469544,0.09101536406145624,0.01142857142857143,0.1339507351537139
"s07_dual_role_credit","Survival-Credit-AOP","DASCMOP7","DAS-CMOP",100,50000,2,250102,"all",249,400,50000,0.4601657744359029,0.1305876855429105,0.4092465400211867,0.4601657744359032,0.1305876855429106,0.4092465400211863,0.4601657744359032,0.1305876855429106,0.4092465400211863,22920,6496,20384,4665,412,3800,0.2035340314136126,0.06342364532019705,0.1864207221350078,0.07478184991273996,0.01570197044334976,0.08864795918367346,0.3081095255236424,0.1165715220719837,0.3248272145635115,0.7229571084571077,0.4927558374988004,0.6743167520950684,0.2111692844677138,0.05818965517241379,0.1976059654631083,0.1958987783595113,0.0686576354679803,0.1752354788069074,0.08848167539267016,0.01785714285714286,0.1045918367346939,0.06108202443280977,0.01354679802955665,0.07270408163265306
"s07_dual_role_credit","Survival-Credit-AOP","DASCMOP7","DAS-CMOP",100,50000,3,250103,"all",249,400,50000,0.4727167304627075,0.1162820500565135,0.4110012194807791,0.4727167304627073,0.1162820500565135,0.4110012194807793,0.4727167304627073,0.1162820500565135,0.4110012194807793,23522,5800,20478,4684,326,3628,0.1991327268089448,0.05620689655172414,0.1771657388416838,0.1514752146926282,0.01155172413793103,0.1569489207930462,0.3735486239114018,0.1100361210152837,0.3713248268166078,0.7210099005497501,0.4881256266779781,0.6792853330731331,0.200238074993623,0.04655172413793104,0.1775564019923821,0.1980273786242666,0.06586206896551725,0.1767750756909854,0.1769407363319446,0.01137931034482759,0.1841000097665788,0.1260096930533118,0.01172413793103448,0.1297978318195136
"s07_dual_role_credit","Survival-Credit-AOP","DASCMOP7","DAS-CMOP",100,50000,4,250104,"all",249,400,50000,0.472849681179257,0.1150243742324554,0.4121259445882877,0.4728496811792567,0.1150243742324555,0.4121259445882877,0.4728496811792567,0.1150243742324555,0.4121259445882877,23560,5720,20520,5578,372,4456,0.2367572156196944,0.06503496503496503,0.2171539961013645,0.02572156196943973,0.006643356643356644,0.0351364522417154,0.2574056900829113,0.1286139001179789,0.2932553346470515,0.7237719752579924,0.4848761764977648,0.687650449200915,0.2551782682512733,0.06048951048951049,0.2237816764132554,0.2183361629881155,0.06958041958041958,0.2105263157894737,0.03455008488964346,0.01013986013986014,0.04639376218323587,0.01689303904923599,0.003146853146853147,0.02387914230019493
"s07_dual_role_credit","Survival-Credit-AOP","DASCMOP7","DAS-CMOP",100,50000,5,250105,"all",249,400,50000,0.4803800012874452,0.09644878514484199,0.4231712135677129,0.480380001287445,0.09644878514484194,0.4231712135677131,0.480380001287445,0.09644878514484194,0.4231712135677131,23930,4808,21062,4986,220,3916,0.2083577099874634,0.04575707154742097,0.1859272623682461,0.1232344337651484,0.007071547420965058,0.1262463203874276,0.3556538720575899,0.1027337988503575,0.3478123883253742,0.7137601713300891,0.4567895490148156,0.6805551859987862,0.2156289176765566,0.03993344425956739,0.1910549805336625,0.2010865022983702,0.05158069883527455,0.1807995442028297,0.1506895110739657,0.009151414309484194,0.1493685310037033,0.09577935645633097,0.004991680532445923,0.1031241097711518
"s07_dual_role_credit","Survival-Credit-AOP","DASCMOP8","DAS-CMOP",100,50000,1,250201,"all",249,400,50000,0.4802516859773088,0.1109168509042538,0.4088314631184375,0.4802516859773087,0.1109168509042538,0.4088314631184376,0.4802516859773087,0.1109168509042538,0.4088314631184376,23916,5520,20364,5204,317,3920,0.2175949155377153,0.05742753623188405,0.1924965625613828,0.113020572002007,0.01648550724637681,0.1174130819092516,0.3405180769302477,0.123978158557252,0.3491093428114215,0.7151696220254531,0.4673384284406361,0.6697107647885009,0.2222779729051681,0.05471014492753623,0.1976036142211746,0.2129118581702626,0.06014492753623189,0.187389510901591,0.135725037631711,0.01884057971014493,0.1379886073462974,0.09031610637230306,0.0141304347826087,0.09683755647220585
"s07_dual_role_credit","Survival-Credit-AOP","DASCMOP8","DAS-CMOP",100,50000,2,250202,"all",249,400,50000,0.4689590164037766,0.111960919168072,0.4190800644281514,0.4689590164037765,0.1119609191680719,0.4190800644281515,0.4689590164037765,0.1119609191680719,0.4190800644281515,23354,5574,20872,5163,341,4383,0.2210756187376895,0.06117689271618228,0.2099942506707551,0.1040078787359767,0.007534983853606028,0.09740321962437716,0.3340795231645813,0.1202320926909329,0.3444494469614299,0.6975806609384831,0.4798538396894297,0.6690703632106579,0.2253147212468956,0.05418012199497668,0.2080298965120736,0.2168365162284834,0.06817366343738787,0.2119586048294366,0.1211783848591248,0.01040545389307499,0.1109620544269835,0.08683737261282863,0.004664513814137065,0.0838443848217708
"s07_dual_role_credit","Survival-Credit-AOP","DASCMOP8","DAS-CMOP",100,50000,3,250203,"all",249,400,50000,0.4584570733045074,0.1307092799931919,0.4108336467023008,0.4584570733045071,0.1307092799931919,0.4108336467023009,0.4584570733045071,0.1307092799931919,0.4108336467023009,22840,6504,20456,4686,441,4230,0.2051663747810858,0.06780442804428044,0.206785295267892,0.1658056042031524,0.07272447724477245,0.2609503324208056,0.3744027209185736,0.2245215855905114,0.4816364376839951,0.696900022313943,0.4961938873718138,0.6860302294024384,0.2080560420315236,0.05688806888068881,0.2018967540086038,0.202276707530648,0.07872078720787208,0.2116738365271803,0.1902802101576182,0.07872078720787208,0.2953656628861948,0.1413309982486865,0.06672816728167281,0.2265350019554165
"s07_dual_role_credit","Survival-Credit-AOP","DASCMOP8","DAS-CMOP",100,50000,4,250204,"all",249,400,50000,0.4722574195480609,0.1096380951396458,0.4181044853122932,0.4722574195480613,0.1096380951396459,0.418104485312293,0.4722574195480613,0.1096380951396459,0.418104485312293,23508,5460,20832,4775,288,3868,0.2031223413306109,0.05274725274725275,0.1856758832565284,0.1503743406499915,0.01080586080586081,0.1404569892473118,0.3591649655901809,0.08742035136733922,0.3416883230816485,0.7140299358873839,0.4548677079956147,0.6601032210346425,0.2115875446656457,0.04652014652014652,0.1890360983102919,0.194657137995576,0.05897435897435897,0.182315668202765,0.1757699506550961,0.01172161172161172,0.1640745007680492,0.1249787306448868,0.00989010989010989,0.1168394777265745
"s07_dual_role_credit","Survival-Credit-AOP","DASCMOP8","DAS-CMOP",100,50000,5,250205,"all",249,400,50000,0.4777391703477765,0.1126529629965484,0.4096078666556752,0.4777391703477769,0.1126529629965484,0.409607866655675,0.4777391703477769,0.1126529629965484,0.409607866655675,23804,5602,20394,6023,356,4508,0.2530247017308015,0.0635487325955016,0.2210454055114249,0.05301629978154932,0.02070689039628704,0.08203393154849466,0.2388822605584924,0.1083847232324394,0.2700699708393014,0.7103484571145496,0.4761429451134684,0.671824037125433,0.2589480759536212,0.06818993216708319,0.2243797195253506,0.2471013275079819,0.05890753302392003,0.2177110914974993,0.0617543270038649,0.0217779364512674,0.09188977150142198,0.04427827255923374,0.01963584434130668,0.07217809159556732
"s07_dual_role_credit","Survival-Credit-AOP","DASCMOP9","DAS-CMOP",100,50000,1,250301,"all",249,400,50000,0.2924182145065132,0.444691775572861,0.2628900099206257,0.2924182145065132,0.4446917755728611,0.2628900099206256,0.2924182145065132,0.4446917755728611,0.2628900099206256,14562,22156,13082,1748,1945,1022,0.1200384562560088,0.08778660408015887,0.07812261122152576,0.2672709792610905,0.1279111753024011,0.229475615349335,0.692924857072977,0.6247834648122569,0.666596869613446,0.6507402809679446,0.6988164533086895,0.6492019325990609,0.080758137618459,0.01850514533309262,0.04250114661366763,0.1593187748935586,0.1570680628272251,0.1137440758293839,0.4683422606784782,0.2414695793464524,0.406818529276869,0.06619969784370279,0.01435277125834988,0.05213270142180094
"s07_dual_role_credit","Survival-Credit-AOP","DASCMOP9","DAS-CMOP",100,50000,2,250302,"all",249,400,50000,0.2948318483017348,0.448909841429563,0.256258310268702,0.2948318483017348,0.4489098414295633,0.256258310268702,0.2948318483017348,0.4489098414295633,0.256258310268702,14676,22358,12766,1683,1997,944,0.1146770237121832,0.08931925932552107,0.0739464201785994,0.2953120741346416,0.1307362018069595,0.2511358295472348,0.715875505385338,0.6269994684006838,0.6812278183355085,0.6212740751821429,0.6794178271164506,0.622429916995753,0.08490051785227583,0.01869576885231237,0.04449318502271659,0.1444535295720905,0.1599427497987298,0.1033996553344822,0.50626873807577,0.24510242418821,0.4283252389158703,0.08435541019351323,0.01636997942570892,0.0739464201785994
"s07_dual_role_credit","Survival-Credit-AOP","DASCMOP9","DAS-CMOP",100,50000,3,250303,"all",249,400,50000,0.3030365591290244,0.4046827088239625,0.2922807320470132,0.3030365591290246,0.4046827088239626,0.2922807320470133,0.3030365591290246,0.4046827088239626,0.2922807320470133,15078,20156,14566,2100,1764,1279,0.1392757660167131,0.08751736455645961,0.08780722229850337,0.2722509616660034,0.1259674538598928,0.2362350679664973,0.7125795134177328,0.6163858320921806,0.6781372064162803,0.6534762840951808,0.6804241122388633,0.6492294074518737,0.08170844939647168,0.01835681682873586,0.04146642866950433,0.1968430826369545,0.1566779122841834,0.1341480159275024,0.485475527258257,0.24072236554872,0.4282575861595496,0.05902639607374983,0.01121254217106569,0.04421254977344501
"s07_dual_role_credit","Survival-Credit-AOP","DASCMOP9","DAS-CMOP",100,50000,4,250304,"all",249,400,50000,0.2302002702138088,0.5120623780573474,0.2577373517288439,0.2302002702138087,0.5120623780573474,0.2577373517288438,0.2302002702138087,0.5120623780573474,0.2577373517288438,11460,25504,12836,977,2354,826,0.08525305410122164,0.09229924717691343,0.06435026488002493,0.2753926701570681,0.1215887703889586,0.2447023995014023,0.685817849001348,0.6243238017176119,0.6695702806077236,0.618966326210391,0.6987347285067571,0.6342815685556803,0.07835951134380453,0.02132998745294856,0.04300405110626363,0.09214659685863874,0.1632685069008783,0.08569647865378623,0.4631762652705061,0.2212986198243413,0.4169523215955126,0.08760907504363001,0.02187892095357591,0.07245247740729199
"s07_dual_role_credit","Survival-Credit-AOP","DASCMOP9","DAS-CMOP",100,50000,5,250305,"all",249,400,50000,0.2903119706941867,0.4432777607812304,0.2664102685245828,0.2903119706941866,0.4432777607812303,0.2664102685245828,0.2903119706941866,0.4432777607812303,0.2664102685245828,14462,22084,13254,1954,1931,1098,0.1351127091688563,0.0874388697699692,0.08284291534631055,0.2731987277001798,0.1264716536859265,0.2388712841406368,0.7088621028472787,0.6139785537176388,0.675002531439872,0.6376973598096161,0.6742993467972865,0.6307555015172037,0.09030562854376988,0.01693533780112299,0.04194960012071827,0.1799197897939427,0.1579424017388154,0.1237362305719028,0.493984234545706,0.242800217351929,0.4285498717368342,0.05241322085465357,0.01014309001992393,0.04919269654443941
"s07_dual_role_credit","Survival-Credit-AOP","LIRCMOP10","LIR-CMOP",100,50000,1,249001,"all",249,400,50000,0.2933852018916175,0.3609287545925348,0.3456860435158478,0.2933852018916174,0.3609287545925349,0.3456860435158478,0.2933852018916174,0.3609287545925349,0.3456860435158478,14610,17968,17222,1950,2270,2296,0.1334702258726899,0.1263357079252004,0.1333178492625711,0.6883641341546886,0.6691340160284951,0.729880385553362,0.9272852436157489,0.8981297673642765,0.9269833895697119,0.8156337637541197,0.8456513584885854,0.8339549132347143,0.142094455852156,0.1097506678539626,0.1466728602949715,0.1248459958932238,0.1429207479964381,0.1199628382301707,0.8225872689938398,0.7203918076580588,0.816978283590756,0.5541409993155373,0.6178762243989314,0.6427824875159679
"s07_dual_role_credit","Survival-Credit-AOP","LIRCMOP10","LIR-CMOP",100,50000,2,249002,"all",249,400,50000,0.2694096280927719,0.3899009884028789,0.3406893835043492,0.269409628092772,0.3899009884028789,0.340689383504349,0.269409628092772,0.3899009884028789,0.340689383504349,13416,19414,16970,1470,2276,2158,0.1095706618962433,0.1172349850623262,0.1271655863288156,0.6587656529516994,0.6444833625218914,0.7034177961107837,0.92339810102534,0.8902673789378801,0.92173018902492,0.8319798804281116,0.8661745961751146,0.8497949501709532,0.118366129994037,0.106830122591944,0.1410724808485563,0.1007751937984496,0.1276398475327084,0.1132586918090748,0.7935301132975552,0.7012465231276398,0.7901001767825575,0.5240011926058438,0.5877202019161429,0.61673541543901
"s07_dual_role_credit","Survival-Credit-AOP","LIRCMOP10","LIR-CMOP",100,50000,3,249003,"all",249,400,50000,0.2700294050732266,0.3741892242586261,0.3557813706681473,0.2700294050732269,0.3741892242586261,0.355781370668147,0.2700294050732269,0.3741892242586261,0.355781370668147,13450,18640,17710,1530,2403,2386,0.1137546468401487,0.1289163090128755,0.1347261434217956,0.6736802973977695,0.6533798283261802,0.7238848108413326,0.9197805881121671,0.8911550591340439,0.9218060534118725,0.8122753114965785,0.8399207942772929,0.8279578758826377,0.1256505576208178,0.1137339055793991,0.1447769621682665,0.1018587360594796,0.1440987124463519,0.1246753246753247,0.8249814126394052,0.7051502145922747,0.8190852625635234,0.5223791821561339,0.6016094420600858,0.6286843591191418
"s07_dual_role_credit","Survival-Credit-AOP","LIRCMOP10","LIR-CMOP",100,50000,4,249004,"all",249,400,50000,0.2734439765532757,0.3770367454346299,0.3495192780120944,0.2734439765532758,0.3770367454346298,0.3495192780120945,0.2734439765532758,0.3770367454346298,0.3495192780120945,13612,18778,17410,1746,2337,2352,0.1282691742580076,0.1244541484716157,0.1350947731188972,0.6614017043784896,0.6479923314516988,0.708443423319931,0.9204147896495414,0.8889159730844388,0.9193525878662124,0.7812082458230264,0.7967856636291997,0.7871780571636664,0.1387011460476051,0.1142826712109916,0.1391154508902929,0.1178372024684102,0.1346256257322399,0.1310740953475014,0.8141345871290038,0.7068910427095537,0.8049396898334291,0.5086688216279753,0.5890936201938438,0.6119471568064331
"s07_dual_role_credit","Survival-Credit-AOP","LIRCMOP10","LIR-CMOP",100,50000,5,249005,"all",249,400,50000,0.250226439386767,0.3994782790426637,0.3502952815705693,0.250226439386767,0.399478279042664,0.3502952815705694,0.250226439386767,0.399478279042664,0.3502952815705694,12472,19884,17444,1288,2358,2149,0.1032713277742142,0.1185878092939047,0.1231942215088282,0.6254008980115459,0.6268356467511567,0.6688832836505388,0.9175842199635164,0.8847282244304793,0.9142049354629329,0.7640714049764586,0.7906569550657909,0.7750525939880101,0.1173829377806286,0.1053108026554013,0.1324237560192616,0.08915971776779986,0.131864815932408,0.1139646869983949,0.7734124438742784,0.6829611748139207,0.7647328594359092,0.4773893521488133,0.5707101186883927,0.5730337078651685
"s07_dual_role_credit","Survival-Credit-AOP","LIRCMOP11","LIR-CMOP",100,50000,1,249101,"all",249,400,50000,0.3163604927571568,0.3306423278068424,0.352997179436001,0.3163604927571569,0.3306423278068421,0.352997179436001,0.3163604927571569,0.3306423278068421,0.352997179436001,15760,16468,17572,2714,2564,2948,0.1722081218274112,0.1556958950692252,0.1677669018893695,0.5430837563451777,0.4124362399805684,0.5083086728886865,0.8366280923942875,0.7880546974774479,0.8216639115787443,0.8114275281337426,0.837196965238824,0.8187850349830823,0.1823604060913706,0.1198688365314549,0.1915547461871159,0.1620558375634518,0.1915229536069954,0.143979057591623,0.725,0.5958222006315278,0.7345777373093558,0.3611675126903554,0.2290502793296089,0.2820396084680173
"s07_dual_role_credit","Survival-Credit-AOP","LIRCMOP11","LIR-CMOP",100,50000,2,249102,"all",249,400,50000,0.2895611213890303,0.3423179741786007,0.368120904432369,0.2895611213890302,0.3423179741786008,0.368120904432369,0.2895611213890302,0.3423179741786008,0.368120904432369,14422,17046,18332,2400,2621,2988,0.1664124254611011,0.1537604130001173,0.162993672267074,0.4848148661766745,0.3386131643787399,0.4614881082260528,0.8133233819264836,0.753167128098443,0.8002323844704708,0.8344942295942184,0.8695597672196238,0.8556750584556685,0.1793093884343364,0.1143963393171419,0.1780493126772856,0.1535154624878658,0.1931244866830928,0.1479380318568623,0.7226459575648315,0.532793617270914,0.703142046694305,0.2469837747885175,0.1444327114865658,0.2198341697578006
"s07_dual_role_credit","Survival-Credit-AOP","LIRCMOP11","LIR-CMOP",100,50000,3,249103,"all",249,400,50000,0.2622958875352259,0.3808619112428192,0.356842201221955,0.2622958875352259,0.380861911242819,0.3568422012219551,0.2622958875352259,0.380861911242819,0.3568422012219551,13060,18960,17780,1560,2503,2193,0.1194486983154671,0.1320147679324895,0.1233408323959505,0.500229709035222,0.2986286919831224,0.4124859392575928,0.8193062226118871,0.7365322712569219,0.7813176849595405,0.808960978231531,0.8582378534039623,0.8302750670688714,0.122052067381317,0.09968354430379747,0.1222722159730034,0.1168453292496172,0.1643459915611814,0.1244094488188976,0.7073506891271056,0.4896624472573839,0.6258717660292463,0.2931087289433384,0.1075949367088608,0.1991001124859393
"s07_dual_role_credit","Survival-Credit-AOP","LIRCMOP11","LIR-CMOP",100,50000,4,249104,"all",249,400,50000,0.28996922089045,0.3454194626150294,0.3646113164945205,0.2899692208904501,0.3454194626150295,0.3646113164945207,0.2899692208904501,0.3454194626150295,0.3646113164945207,14450,17202,18148,2036,2359,2637,0.1408996539792388,0.1371352168352517,0.1453052677981045,0.4744636678200692,0.3502499709336124,0.4430240246859158,0.7989252060366653,0.7534564905605635,0.7882701828039131,0.8026959210169665,0.8257344453932044,0.8106660516564669,0.1515570934256055,0.1011510289501221,0.1514216442583205,0.130242214532872,0.1731194047203813,0.1391888913378885,0.6768166089965398,0.5467968840832461,0.6757769451179193,0.2721107266435986,0.1537030577839786,0.2102711042539123
"s07_dual_role_credit","Survival-Credit-AOP","LIRCMOP11","LIR-CMOP",100,50000,5,249105,"all",249,400,50000,0.3181247120170226,0.3170779921707292,0.3647972958122483,0.3181247120170226,0.3170779921707291,0.3647972958122481,0.3181247120170226,0.3170779921707291,0.3647972958122481,15848,15788,18164,2531,2175,2867,0.1597046945986875,0.1377628578667342,0.1578396828892314,0.6364840989399293,0.4237395490245756,0.5432724069588196,0.880615367844908,0.8014956378223766,0.8440462769488839,0.8265336028411339,0.8761063869291074,0.8516219373102785,0.1485360928823826,0.1048897897137066,0.1540409601409381,0.1708732963149924,0.1706359260197619,0.1616384056375248,0.7473498233215548,0.6041297187737522,0.7274829332746091,0.5256183745583038,0.243349379275399,0.3590618806430302
"s07_dual_role_credit","Survival-Credit-AOP","LIRCMOP12","LIR-CMOP",100,50000,1,249201,"all",249,400,50000,0.325036931364612,0.3463512988053519,0.3286117698300359,0.325036931364612,0.346351298805352,0.3286117698300361,0.325036931364612,0.346351298805352,0.3286117698300361,16180,17240,16380,3052,3348,3421,0.188627935723115,0.194199535962877,0.2088522588522589,0.484610630407911,0.4302204176334107,0.5263125763125763,0.8205906697895409,0.7931505708300768,0.8343093111685067,0.866052159222456,0.9173725800256757,0.8905185585485743,0.1641532756489493,0.13584686774942,0.1866910866910867,0.2131025957972806,0.2525522041763341,0.231013431013431,0.6997527812113721,0.701276102088167,0.7700854700854701,0.2694684796044499,0.1591647331786543,0.2825396825396825
"s07_dual_role_credit","Survival-Credit-AOP","LIRCMOP12","LIR-CMOP",100,50000,2,249202,"all",249,400,50000,0.3184135509833598,0.3517587721207082,0.3298276768959319,0.3184135509833598,0.3517587721207083,0.3298276768959318,0.3184135509833598,0.3517587721207083,0.3298276768959318,15870,17518,16412,2609,2654,2503,0.1643982356647763,0.1515013129352666,0.1525103582744333,0.3986137366099559,0.3263500399588994,0.410857908847185,0.7810956816160927,0.7398517982540577,0.7882001826203955,0.8385218903183898,0.8714772419911416,0.8508954708861106,0.1402646502835539,0.07729192830231761,0.1126005361930295,0.1885318210459987,0.2257106975682155,0.1924201803558372,0.6303717706364209,0.5413860029683754,0.6643919083597368,0.1668557025834909,0.1113140769494235,0.1573239093346332
"s07_dual_role_credit","Survival-Credit-AOP","LIRCMOP12","LIR-CMOP",100,50000,3,249203,"all",249,400,50000,0.3413821710728041,0.3472920708306131,0.3113257580965829,0.3413821710728041,0.3472920708306131,0.3113257580965828,0.3413821710728041,0.3472920708306131,0.3113257580965828,16996,17292,15512,3374,3538,3245,0.1985172981878089,0.2046032847559565,0.209192882929345,0.470993174864674,0.4151630811936156,0.514633831872099,0.7961046528671515,0.7724105636479556,0.8152462560054952,0.8500600013802504,0.8849715500860513,0.8584439728276642,0.2067545304777595,0.1786953504510757,0.2457452294997421,0.1902800658978583,0.2305112190608374,0.1726405363589479,0.7326429748176041,0.6712930835068239,0.7839092315626611,0.2093433749117439,0.1590330788804071,0.2453584321815369
"s07_dual_role_credit","Survival-Credit-AOP","LIRCMOP12","LIR-CMOP",100,50000,4,249204,"all",249,400,50000,0.3419129056867252,0.3400809151932372,0.3180061791200377,0.3419129056867252,0.3400809151932375,0.3180061791200377,0.3419129056867252,0.3400809151932375,0.3180061791200377,17038,16930,15832,3360,3164,3044,0.1972062448644207,0.1868871825162434,0.1922688226376958,0.4607935203662402,0.4129356172474897,0.4895149065184436,0.7949278425876577,0.7747731386800306,0.8146608630185008,0.8469052336483053,0.8878442842590515,0.8622758088971372,0.1834722385256486,0.1297105729474306,0.1615715007579586,0.2109402512031929,0.2440637920850561,0.222966144517433,0.7547834252846578,0.6999409332545776,0.7963617988883275,0.1668036154478225,0.1259303012404017,0.1826680141485599
"s07_dual_role_credit","Survival-Credit-AOP","LIRCMOP12","LIR-CMOP",100,50000,5,249205,"all",249,400,50000,0.3202881947485344,0.3293314846464483,0.3503803206050172,0.3202881947485345,0.3293314846464483,0.3503803206050171,0.3202881947485345,0.3293314846464483,0.3503803206050171,15942,16398,17460,3888,4256,5165,0.243884079789236,0.2595438468105867,0.2958190148911798,0.4523899134362063,0.4040126844737163,0.4676975945017182,0.7903774366829083,0.7751353883743984,0.8072579937222594,0.8485856757595166,0.8779515705814549,0.864977916683394,0.2951950821728767,0.2991828271740456,0.4100801832760596,0.1925730774055953,0.2199048664471277,0.1815578465063001,0.7430686237611341,0.6927674106598366,0.7816723940435281,0.1617112031112784,0.1152579582875961,0.1537227949599084
"s07_dual_role_credit","Survival-Credit-AOP","LIRCMOP13","LIR-CMOP",100,50000,1,249301,"all",249,400,50000,0.4161107339321979,0.2372946051629091,0.346594660904893,0.4161107339321981,0.2372946051629092,0.3465946609048931,0.4161107339321981,0.2372946051629092,0.3465946609048931,20738,11800,17262,4632,1435,3087,0.2233580866043013,0.1216101694915254,0.1788321167883212,0.723840293181599,0.6597457627118644,0.7894218514656471,0.9149820506798115,0.9074683537809857,0.9413751574083431,0.4593480768589636,0.4417092574762328,0.4485219865770965,0.1989584337930369,0.1071186440677966,0.1706638859923532,0.2477577394155656,0.1361016949152542,0.1870003475842892,0.7776063265502942,0.6861016949152542,0.829683698296837,0.6700742598129038,0.6333898305084745,0.7491600046344572
"s07_dual_role_credit","Survival-Credit-AOP","LIRCMOP13","LIR-CMOP",100,50000,2,249302,"all",249,400,50000,0.4124469874215818,0.233965618480855,0.3535873940975631,0.4124469874215818,0.233965618480855,0.3535873940975635,0.4124469874215818,0.233965618480855,0.3535873940975635,20548,11646,17606,4649,1435,3210,0.2262507299980533,0.1232182723681951,0.1823242076564807,0.7487833365777691,0.6968916366134295,0.800806543223901,0.9235107968298366,0.9245676350393628,0.9467448936075192,0.4591330942650775,0.4400086083909604,0.4455704782648919,0.2099474401401596,0.1097372488408037,0.165511757355447,0.242554019855947,0.1366992958955865,0.1991366579575145,0.7964765427292194,0.7138931822084836,0.8343746450073839,0.7010901304263188,0.6798900910183754,0.7672384414404181
"s07_dual_role_credit","Survival-Credit-AOP","LIRCMOP13","LIR-CMOP",100,50000,3,249303,"all",249,400,50000,0.4136397555222001,0.2363932782054816,0.3499669662723182,0.4136397555222003,0.2363932782054816,0.3499669662723182,0.4136397555222003,0.2363932782054816,0.3499669662723182,20598,11774,17428,4610,1460,3135,0.2238081367123022,0.1240020383896722,0.1798829469818683,0.7556558889212545,0.7026499065738067,0.8068051411521689,0.9251683534744292,0.9331890901618469,0.9519988692156121,0.4611944899162118,0.4418077379721332,0.4462515729360704,0.2031265171375862,0.1116018345507049,0.1755795271976131,0.2444897562870182,0.1364022422286394,0.1841863667661235,0.8011457423050782,0.7246475284525226,0.8415193940784944,0.7101660355374309,0.6806522846950909,0.7720908882258435
"s07_dual_role_credit","Survival-Credit-AOP","LIRCMOP13","LIR-CMOP",100,50000,4,249304,"all",249,400,50000,0.4024272619426331,0.2384929973555849,0.3590797407017821,0.4024272619426328,0.2384929973555849,0.3590797407017819,0.4024272619426328,0.2384929973555849,0.3590797407017819,20052,11884,17864,4424,1489,3336,0.2206263714342709,0.1252945136317738,0.1867442901925661,0.7508477957310992,0.7032144059239314,0.8145432154052844,0.9282077185696457,0.928984874704337,0.9551681029419011,0.4605299582143167,0.4427423362341454,0.4488155333548738,0.2078595651306603,0.1134298216088859,0.1739811912225705,0.2333931777378815,0.1371592056546617,0.1995073891625616,0.7949331737482546,0.7202961965668125,0.846730855351545,0.7067624177139438,0.6861326152810502,0.7823555754590238
"s07_dual_role_credit","Survival-Credit-AOP","LIRCMOP13","LIR-CMOP",100,50000,5,249305,"all",249,400,50000,0.411861631843731,0.2355558847790901,0.3525824833771788,0.4118616318437311,0.2355558847790901,0.3525824833771788,0.4118616318437311,0.2355558847790901,0.3525824833771788,20508,11740,17552,4623,1455,3201,0.2254242246928028,0.1239352640545145,0.1823723792160438,0.7492198166569144,0.6957410562180579,0.8102210574293528,0.9200121116061712,0.925649198271958,0.9503890919055633,0.4617372207506709,0.4419221697842254,0.4474651543736137,0.2070411546713478,0.1074957410562181,0.1750227894257065,0.2438072947142579,0.1403747870528109,0.1897219690063811,0.7977374683050517,0.7160136286201022,0.8494758432087511,0.700702165008777,0.6754684838160137,0.7709662716499545
"s07_dual_role_credit","Survival-Credit-AOP","LIRCMOP14","LIR-CMOP",100,50000,1,249401,"all",249,400,50000,0.4271667228418357,0.2303033351194178,0.3425299420387464,0.4271667228418358,0.2303033351194178,0.3425299420387465,0.4271667228418358,0.2303033351194178,0.3425299420387465,21266,11466,17068,4441,1204,2682,0.2088309978369228,0.105006105006105,0.1571361612374033,0.6169942631430453,0.5249433106575964,0.6205179282868526,0.9073508330073259,0.9074016412898734,0.9323537147159254,0.4620616271090575,0.4424519703717916,0.4481683944424953,0.1819806263519232,0.08634222919937205,0.1389735176939302,0.2356813693219223,0.123669980812838,0.1752988047808765,0.6966989560801279,0.5281702424559568,0.6761190531989688,0.5372895702059626,0.5217163788592361,0.5649168033747364
"s07_dual_role_credit","Survival-Credit-AOP","LIRCMOP14","LIR-CMOP",100,50000,2,249402,"all",249,400,50000,0.423917732593273,0.2347282670373419,0.3413540003693851,0.4239177325932726,0.234728267037342,0.3413540003693855,0.4239177325932726,0.234728267037342,0.3413540003693855,21128,11672,17000,4404,1280,2670,0.2084437712987505,0.1096641535298149,0.1570588235294118,0.6200302915562287,0.521932830705963,0.625,0.9086713948084527,0.9025664259271938,0.92838035800997,0.4641040958827647,0.4474944978576279,0.4522464519331164,0.1884702764104506,0.09407128169979438,0.1404705882352941,0.2284172661870504,0.1252570253598355,0.1736470588235294,0.6950018932222642,0.5352981494174092,0.6754117647058824,0.5450586898901931,0.5085675119945168,0.5745882352941176
"s07_dual_role_credit","Survival-Credit-AOP","LIRCMOP14","LIR-CMOP",100,50000,3,249403,"all",249,400,50000,0.4195451231980212,0.2313400994216019,0.3491147773803769,0.4195451231980212,0.2313400994216021,0.3491147773803769,0.4195451231980212,0.2313400994216021,0.3491147773803769,20896,11522,17382,4272,1231,2786,0.2044410413476263,0.1068390904356882,0.1602807502013577,0.6167209035222052,0.5226523173060232,0.6320331377286849,0.9204230069419327,0.9163618036969309,0.9428948850058024,0.4599447710433829,0.4425883279550585,0.4501344115824853,0.182905819295559,0.08852629751779205,0.1408353469105972,0.2259762633996937,0.1251518833535845,0.1797261534921183,0.6954441041347627,0.5342822426662038,0.6884133011160971,0.5379977029096478,0.5110223919458428,0.5756529743412726
"s07_dual_role_credit","Survival-Credit-AOP","LIRCMOP14","LIR-CMOP",100,50000,4,249404,"all",249,400,50000,0.4321712177710734,0.2237458637198282,0.3440829185090985,0.4321712177710735,0.2237458637198283,0.3440829185090983,0.4321712177710735,0.2237458637198283,0.3440829185090983,21518,11140,17142,4560,1173,2712,0.2119156055395483,0.1052962298025135,0.1582079103955198,0.6246863091365369,0.5173249551166966,0.6347567378368918,0.9102543858000157,0.9041519222954228,0.936727368999701,0.4625780151827725,0.4450253557114622,0.4495064990234458,0.1868203364624965,0.0843806104129264,0.1449072453622681,0.2370108746166001,0.1262118491921005,0.1715085754287714,0.6993214982805094,0.5240574506283663,0.6823007817057519,0.5500511199925644,0.510592459605027,0.5872126939680318
"s07_dual_role_credit","Survival-Credit-AOP","LIRCMOP14","LIR-CMOP",100,50000,5,249405,"all",249,400,50000,0.4273940104037717,0.2267773064207871,0.3458286831754413,0.4273940104037715,0.2267773064207871,0.3458286831754412,0.4273940104037715,0.2267773064207871,0.3458286831754412,21290,11282,17228,4506,1204,2738,0.2116486613433537,0.1067186669030314,0.1589273276062224,0.6140911225927665,0.5197659989363588,0.633851869050383,0.9060470420936495,0.9010072530662965,0.9361284243211627,0.4613599432400281,0.4427708186154546,0.4472385974718985,0.1853452325035228,0.08420492820421911,0.1441838866960762,0.2379520901831846,0.1292324056018437,0.1736707685163687,0.6945984030061062,0.5380251728416947,0.688762479684235,0.533583842179427,0.5015068250310228,0.5789412584165312
"s07_dual_role_credit","Survival-Credit-AOP","LIRCMOP1","LIR-CMOP",100,50000,1,248101,"all",249,400,50000,0.2958062832654752,0.460386797850683,0.2438069188838418,0.2958062832654753,0.4603867978506829,0.2438069188838417,0.2958062832654753,0.4603867978506829,0.2438069188838417,14732,22930,12138,1520,2243,892,0.1031767580776541,0.09781945050152638,0.07348821881693854,0.01513711648112951,0.01142607937200174,0.004119294776734223,0.7561802124282029,0.7777029993498155,0.7427166921653515,0.6889071800224946,0.7003958893379092,0.6758124330999263,0.0881075210426283,0.0307021369385085,0.0434997528423134,0.1182459951126799,0.1649367640645443,0.1034766847915637,0.03027423296225903,0.02285215874400349,0.008238589553468446,0,0,0
"s07_dual_role_credit","Survival-Credit-AOP","LIRCMOP1","LIR-CMOP",100,50000,2,248102,"all",249,400,50000,0.2923909829485877,0.4558133592542468,0.2517956577971655,0.2923909829485878,0.4558133592542468,0.2517956577971654,0.2923909829485878,0.4558133592542468,0.2517956577971654,14580,22700,12520,1460,1913,908,0.1001371742112483,0.08427312775330396,0.07252396166134185,0.01563786008230453,0.01343612334801762,0.007028753993610224,0.7902487799183889,0.808773537385547,0.7813514133705209,0.6804608850987829,0.7082431458170005,0.6754571888028168,0.08463648834019204,0.03030837004405286,0.04680511182108626,0.1156378600823045,0.1382378854625551,0.09824281150159744,0.03127572016460906,0.02687224669603524,0.01405750798722045,0,0,0
"s07_dual_role_credit","Survival-Credit-AOP","LIRCMOP1","LIR-CMOP",100,50000,3,248103,"all",249,400,50000,0.2700369743998967,0.4771145064038179,0.2528485191962854,0.2700369743998968,0.4771145064038182,0.2528485191962852,0.2700369743998968,0.4771145064038182,0.2528485191962852,13426,23768,12606,1281,2121,950,0.0954118873826903,0.08923763042746551,0.07536093923528478,0.01176821093400864,0.008456748569505217,0.002935110264953197,0.7209597513220735,0.7960104658429319,0.7300637936106131,0.6956759033328408,0.7306657300216733,0.6949640932750999,0.08759124087591241,0.02490743857287109,0.04378867206092337,0.1032325338894682,0.1535678222820599,0.1069332064096462,0.02353642186801728,0.01691349713901043,0.005870220529906394,0,0,0
"s07_dual_role_credit","Survival-Credit-AOP","LIRCMOP1","LIR-CMOP",100,50000,4,248104,"all",249,400,50000,0.3033125643381082,0.4486339669393556,0.2480534687225362,0.303312564338108,0.4486339669393557,0.2480534687225362,0.303312564338108,0.4486339669393557,0.2480534687225362,15104,22334,12362,1600,1837,894,0.1059322033898305,0.08225127608131101,0.07231839508170199,0.01204978813559322,0.008417659174353005,0.005015369681281346,0.7569028128163632,0.7866106796572486,0.7470634532928742,0.693285518590772,0.7076636901848409,0.6824609172061694,0.08540783898305085,0.02489477926032059,0.04384403818152403,0.1264565677966102,0.1396077729023014,0.10079275198188,0.02409957627118644,0.01683531834870601,0.01003073936256269,0,0,0
"s07_dual_role_credit","Survival-Credit-AOP","LIRCMOP1","LIR-CMOP",100,50000,5,248105,"all",249,400,50000,0.3006168694236745,0.445759708957159,0.2536234216191666,0.3006168694236747,0.4457597089571586,0.2536234216191667,0.3006168694236747,0.4457597089571586,0.2536234216191667,14980,22184,12636,1582,2162,966,0.105607476635514,0.09745762711864407,0.07644824311490978,0.02129506008010681,0.01568698160836639,0.006093700538144982,0.7717534231527087,0.7918680350161185,0.7609303231411731,0.6848016169512938,0.7043477964926893,0.6772152453477032,0.08558077436582109,0.03029210241615579,0.04621715732826844,0.125634178905207,0.1646231518211324,0.1066793289015511,0.042456608811749,0.03137396321673278,0.01202912314023425,0.0001335113484646195,0,0.0001582779360557138
"s07_dual_role_credit","Survival-Credit-AOP","LIRCMOP2","LIR-CMOP",100,50000,1,248201,"all",249,400,50000,0.2207404461595826,0.4753250663960109,0.3039344874444064,0.2207404461595827,0.4753250663960109,0.3039344874444063,0.2207404461595827,0.4753250663960109,0.3039344874444063,10998,23678,15124,1156,2649,1199,0.105110020003637,0.1118760030407974,0.07927796879132505,0.0149118021458447,0.009798124841625138,0.007273208145993124,0.7793184059371596,0.7968189362575357,0.7831112250253809,0.6808038539100286,0.7252639053816026,0.692281568563675,0.09419894526277504,0.02272151364135484,0.03610156043374769,0.116021094744499,0.2010304924402399,0.1224543771489024,0.0298236042916894,0.01959624968325028,0.01441417614387728,0,0,0.0001322401481089659
"s07_dual_role_credit","Survival-Credit-AOP","LIRCMOP2","LIR-CMOP",100,50000,2,248202,"all",249,400,50000,0.2615333838499148,0.4559998675139128,0.2824667486361726,0.2615333838499147,0.455999867513913,0.2824667486361724,0.2615333838499147,0.455999867513913,0.2824667486361724,13014,22710,14076,1722,2309,1041,0.132319041032734,0.1016732716864817,0.07395566922421143,0.01690487167665591,0.01919859092910612,0.00646490480250071,0.8256985175672498,0.7782488441995968,0.7880604012198744,0.6884973830133604,0.7247770484590103,0.6828333945658742,0.08529276164130936,0.02906208718626156,0.03083262290423416,0.1793453204241586,0.1742844561867019,0.1170787155441887,0.03380974335331182,0.03839718185821224,0.01278772378516624,0,0,0.0001420858198351804
"s07_dual_role_credit","Survival-Credit-AOP","LIRCMOP2","LIR-CMOP",100,50000,3,248203,"all",249,400,50000,0.2329993986923879,0.4744621348972399,0.2925384664103721,0.2329993986923879,0.4744621348972399,0.2925384664103721,0.2329993986923879,0.4744621348972399,0.2925384664103721,11620,23610,14570,1397,2744,1207,0.120223752151463,0.1162219398559932,0.08284145504461221,0.01506024096385542,0.01545955103769589,0.004941660947151681,0.7949503115793388,0.7732575615613028,0.7703603588526,0.698661045728336,0.7304600944627158,0.6999784146639912,0.09018932874354561,0.02947903430749682,0.03321894303363074,0.1502581755593804,0.2029648454044896,0.1324639670555937,0.02994836488812392,0.03091910207539178,0.009883321894303363,0.0001721170395869191,0,0
"s07_dual_role_credit","Survival-Credit-AOP","LIRCMOP2","LIR-CMOP",100,50000,4,248204,"all",249,400,50000,0.2395905072653401,0.4617023286968339,0.2987071640378261,0.23959050726534,0.4617023286968338,0.2987071640378261,0.23959050726534,0.4617023286968338,0.2987071640378261,11950,22980,14870,1334,2496,1220,0.1116317991631799,0.1086161879895561,0.082044384667115,0.02418410041841004,0.02336814621409922,0.01439139206455952,0.8037141912186928,0.771643316182127,0.7783591038277126,0.6888482977743167,0.7355024687307411,0.697241286510056,0.0905439330543933,0.02750217580504787,0.04169468728984533,0.1327196652719665,0.1897302001740644,0.1223940820443847,0.04836820083682009,0.04673629242819843,0.02878278412911903,0,0,0
"s07_dual_role_credit","Survival-Credit-AOP","LIRCMOP2","LIR-CMOP",100,50000,5,248205,"all",249,400,50000,0.2391478438169342,0.4694723909271016,0.2913797652559642,0.239147843816934,0.4694723909271014,0.2913797652559643,0.239147843816934,0.4694723909271014,0.2913797652559643,11902,23370,14528,1575,2413,1097,0.1323307007225676,0.1032520325203252,0.07550936123348018,0.01386321626617375,0.01262302096705178,0.007020925110132159,0.8170666447512378,0.7957943835579018,0.7938851975245322,0.6973272953769231,0.7334925244458267,0.6964884897050746,0.09141320786422449,0.02618741976893453,0.0322136563876652,0.1732481935809108,0.1803166452717159,0.1188050660792952,0.02772643253234751,0.0251604621309371,0.01376651982378855,0,8.557980316645271e-05,0.000275330396475771
"s07_dual_role_credit","Survival-Credit-AOP","LIRCMOP3","LIR-CMOP",100,50000,1,248301,"all",249,400,50000,0.2464339535760498,0.4784612634472449,0.2751047829767054,0.2464339535760497,0.4784612634472447,0.2751047829767054,0.2464339535760497,0.4784612634472447,0.2751047829767054,12278,23832,13690,1647,2526,1015,0.1341423684639192,0.1059919436052367,0.07414170927684441,0.01107672259325623,0.01313360187982545,0.00635500365230095,0.7418842493010365,0.6228697687303577,0.6735341994578576,0.693958124139847,0.7127673790849461,0.6804671764267465,0.1024596839876201,0.02391742195367573,0.03214024835646457,0.1658250529402183,0.1880664652567976,0.1161431701972243,0.02215344518651246,0.02626720375965089,0.0127100073046019,0,0,0
"s07_dual_role_credit","Survival-Credit-AOP","LIRCMOP3","LIR-CMOP",100,50000,2,248302,"all",249,400,50000,0.2459311056464402,0.4799517542265346,0.2741171401270252,0.2459311056464403,0.4799517542265343,0.2741171401270254,0.2459311056464403,0.4799517542265343,0.2741171401270254,12240,23906,13654,1361,2637,1044,0.1111928104575163,0.1103070358905714,0.07646111029734876,0.02009803921568628,0.01756881117711035,0.006444997802841658,0.7124528055722915,0.5863465074543083,0.6577435308176718,0.6915928484502791,0.7172906335524538,0.6893279636049271,0.1016339869281046,0.03087091106835104,0.03837703237146624,0.1207516339869281,0.1897431607127918,0.1145451882232313,0.04019607843137255,0.03513762235422069,0.01274351838289146,0,0,0.0001464772227918559
"s07_dual_role_credit","Survival-Credit-AOP","LIRCMOP3","LIR-CMOP",100,50000,3,248303,"all",249,400,50000,0.2400729454433715,0.455189049440442,0.3047380051161865,0.2400729454433718,0.4551890494404419,0.3047380051161866,0.2400729454433718,0.4551890494404419,0.3047380051161866,11948,22680,15172,1675,2520,1357,0.1401908269166388,0.1111111111111111,0.08944107566569998,0.0286240374958152,0.03527336860670194,0.03163722646981281,0.7419842049088299,0.6921984727193029,0.7112117109102746,0.6823519719848163,0.7168703263382454,0.6822555016063575,0.1069635085369936,0.02998236331569665,0.05127867123648827,0.1734181452962839,0.1922398589065256,0.1276034800949117,0.0572480749916304,0.07054673721340388,0.06314263116266808,0,0,0.0001318217769575534
"s07_dual_role_credit","Survival-Credit-AOP","LIRCMOP3","LIR-CMOP",100,50000,4,248304,"all",249,400,50000,0.23577299052075,0.4763496384966253,0.2878773709826247,0.2357729905207501,0.476349638496625,0.2878773709826247,0.2357729905207501,0.476349638496625,0.2878773709826247,11736,23726,14338,1546,2584,1078,0.13173142467621,0.1089100564781253,0.07518482354582229,0.02062031356509884,0.02844980190508303,0.01499511786860092,0.7295205071258952,0.6290259704694479,0.6837804667362256,0.6802238057263744,0.7108297198465445,0.6753688567179225,0.1022494887525562,0.031863778133693,0.03668573022736783,0.1612133605998637,0.1859563348225575,0.1136839168642767,0.04124062713019768,0.05689960381016606,0.02999023573720184,0,0,0
"s07_dual_role_credit","Survival-Credit-AOP","LIRCMOP3","LIR-CMOP",100,50000,5,248305,"all",249,400,50000,0.2269661374192257,0.4937560383592241,0.2792778242215503,0.2269661374192255,0.4937560383592239,0.2792778242215503,0.2269661374192255,0.4937560383592239,0.2792778242215503,11304,24592,13904,1227,2780,1122,0.1085456475583864,0.1130448926480156,0.08069620253164557,0.02291224345364473,0.0225683148991542,0.01287399309551208,0.7104478211498628,0.5929867379787315,0.6656661851031901,0.6837916246836592,0.7211136513253333,0.6882388983426984,0.1160651096956829,0.03098568640208198,0.04559838895281933,0.1010261854210899,0.1951040988939493,0.1157940161104718,0.04582448690728946,0.0451366297983084,0.02574798619102417,0,0,0
"s07_dual_role_credit","Survival-Credit-AOP","LIRCMOP4","LIR-CMOP",100,50000,1,248401,"all",249,400,50000,0.2261187765854944,0.4705353653677826,0.303345858046723,0.2261187765854945,0.4705353653677825,0.3033458580467232,0.2261187765854945,0.4705353653677825,0.3033458580467232,11266,23420,15114,1549,2611,1257,0.1374933428013492,0.1114859094790777,0.08316792377927749,0.0121604828688088,0.01660973526900085,0.005756252481143311,0.7363170554687253,0.6118149307728703,0.6651757374186552,0.6822180002575389,0.7184035234567923,0.6813780372036269,0.1029646724658264,0.03014517506404782,0.03255260023818976,0.172022013136872,0.1928266438941076,0.1337832473203652,0.02432096573761761,0.03321947053800171,0.01151250496228662,0,0,0
"s07_dual_role_credit","Survival-Credit-AOP","LIRCMOP4","LIR-CMOP",100,50000,2,248402,"all",249,400,50000,0.2646989890946536,0.4255884282520036,0.3097125826533428,0.2646989890946537,0.4255884282520037,0.3097125826533428,0.2646989890946537,0.4255884282520037,0.3097125826533428,13190,21194,15416,1986,2354,1412,0.1505686125852919,0.1110691705199585,0.09159314997405293,0.03025018953752843,0.02217608757195433,0.02633627400103788,0.7471591778194391,0.6793190910957363,0.7126636897654459,0.6805614766224058,0.7249965982645928,0.6886472206744815,0.1109931766489765,0.02680003774653204,0.0481318111053451,0.1901440485216073,0.1953383032933849,0.1350544888427608,0.06050037907505686,0.04435217514390866,0.05267254800207576,0,0,0
"s07_dual_role_credit","Survival-Credit-AOP","LIRCMOP4","LIR-CMOP",100,50000,3,248403,"all",249,400,50000,0.2395923673429581,0.4670062373730868,0.2934013952839553,0.239592367342958,0.4670062373730867,0.2934013952839554,0.239592367342958,0.4670062373730867,0.2934013952839554,11928,23246,14626,1814,2654,1236,0.1520791415157612,0.1141701798158823,0.08450704225352113,0.02808517773306506,0.04099630043878517,0.02304115957883222,0.7493760742228038,0.6361112852861731,0.689913378717856,0.6862866609978991,0.7362169058929889,0.6991329099951809,0.1170355466130114,0.03596317646046632,0.04143306440585259,0.1871227364185111,0.1923771831712983,0.1275810201011897,0.05617035546613011,0.08199260087757033,0.04608231915766443,0,0,0
"s07_dual_role_credit","Survival-Credit-AOP","LIRCMOP4","LIR-CMOP",100,50000,4,248404,"all",249,400,50000,0.2406873360624416,0.4734420001178328,0.2858706638197255,0.2406873360624416,0.4734420001178331,0.2858706638197256,0.2406873360624416,0.4734420001178331,0.2858706638197256,11994,23566,14240,1374,2632,1129,0.1145572786393197,0.1116863277603327,0.07928370786516854,0.01717525429381358,0.01417296104557413,0.00625,0.7008902259448143,0.5804845131731879,0.6499497152186116,0.7019093075466868,0.7316741221335445,0.7011929863137148,0.1082207770551943,0.02656369345667487,0.03553370786516854,0.1208937802234451,0.1968089620639905,0.1230337078651685,0.03435050858762715,0.02834592209114827,0.0125,0,0,0
"s07_dual_role_credit","Survival-Credit-AOP","LIRCMOP4","LIR-CMOP",100,50000,5,248405,"all",249,400,50000,0.2463588691115389,0.4597103585611512,0.2939307723273101,0.2463588691115388,0.4597103585611509,0.2939307723273101,0.2463588691115388,0.4597103585611509,0.2939307723273101,12278,22890,14632,1511,2577,1236,0.123065645870663,0.1125819134993447,0.08447238928376162,0.01783678123472878,0.01529051987767584,0.006971022416621104,0.7280792866719989,0.5874365579373224,0.6584343397696039,0.6936739160682328,0.7261801143539212,0.6944544010197067,0.1039257208014335,0.0271734381826125,0.03471842536905412,0.1422055709398925,0.1979903888160769,0.1342263531984691,0.03567356246945757,0.03058103975535168,0.01394204483324221,0,0,0
"s07_dual_role_credit","Survival-Credit-AOP","LIRCMOP5","LIR-CMOP",100,50000,1,248501,"all",249,400,50000,0.2656051815857668,0.4347537291262941,0.299641089287939,0.2656051815857671,0.4347537291262942,0.2996410892879389,0.2656051815857671,0.4347537291262942,0.2996410892879389,13228,21652,14920,1375,2345,1307,0.1039461747807681,0.108304082763717,0.08760053619302949,0.7043392803144845,0.5674764455939405,0.6758713136729223,0.9864542835376702,0.9799298590497886,0.9850729125775078,0.7647084776538241,0.8785341730924674,0.8092165658710128,0.0790746900514061,0.08904489192684278,0.07184986595174263,0.12881765951013,0.1275632736005912,0.1033512064343163,0.7121257937707892,0.6009606502863477,0.6919571045576407,0.6965527668581796,0.5339922409015333,0.6597855227882038
"s07_dual_role_credit","Survival-Credit-AOP","LIRCMOP5","LIR-CMOP",100,50000,2,248502,"all",249,400,50000,0.3874695477487549,0.3157467016120699,0.2967837506391753,0.3874695477487548,0.3157467016120699,0.2967837506391754,0.3874695477487548,0.3157467016120699,0.2967837506391754,19300,15704,14796,2278,1175,1207,0.1180310880829016,0.07482170147733061,0.08157610164909435,0.4838860103626943,0.3437977585328579,0.4897269532306029,0.9755291310639187,0.9676263926760102,0.9757278714238012,0.7308252545481925,0.7791365353947026,0.7274715463437994,0.0805181347150259,0.0390983188996434,0.05177074885104082,0.1555440414507772,0.1105450840550178,0.1113814544471479,0.4806217616580311,0.3180081507896078,0.4635036496350365,0.4871502590673575,0.369587366276108,0.5159502568261692
"s07_dual_role_credit","Survival-Credit-AOP","LIRCMOP5","LIR-CMOP",100,50000,3,248503,"all",249,400,50000,0.3060230718966481,0.363997335225629,0.3299795928777229,0.3060230718966483,0.3639973352256292,0.3299795928777228,0.3060230718966483,0.3639973352256292,0.3299795928777228,15238,18134,16428,2463,2137,1892,0.1616353852211576,0.1178449321716113,0.1151692232773314,0.5216563853524084,0.6603066063747657,0.6283783783783784,0.9787638563279227,0.9878295503500349,0.9844865147025458,0.7712449238753691,0.8373604655767084,0.8019597768774531,0.1229820186376165,0.1098489026138745,0.0976381787192598,0.2002887518046988,0.1258409617293482,0.132700267835403,0.5589972437327734,0.6897540531598103,0.6462137813489165,0.4843155269720436,0.6308591595897209,0.6105429754078403
"s07_dual_role_credit","Survival-Credit-AOP","LIRCMOP5","LIR-CMOP",100,50000,4,248504,"all",249,400,50000,0.3452728278443647,0.3639663780852706,0.2907607940703647,0.3452728278443647,0.3639663780852706,0.2907607940703644,0.3452728278443647,0.3639663780852706,0.2907607940703644,17196,18122,14482,2067,1732,1265,0.1202023726448011,0.095574439907295,0.08734981356166276,0.5994417306350314,0.4444873634256705,0.5954288081756663,0.9813911251307796,0.9712743331664067,0.9805482433395519,0.7579820036605877,0.8270776555628842,0.765208034395829,0.0916492207490114,0.05981679726299526,0.05676011600607651,0.1487555245405908,0.1313320825515948,0.117939511117249,0.5685043033263549,0.4326233307581945,0.5399806656539152,0.6303791579437078,0.4563513960931465,0.6508769506974175
"s07_dual_role_credit","Survival-Credit-AOP","LIRCMOP5","LIR-CMOP",100,50000,5,248505,"all",249,400,50000,0.3817514026014506,0.3159760297165273,0.3022725676820221,0.3817514026014506,0.3159760297165273,0.3022725676820222,0.3817514026014506,0.3159760297165273,0.3022725676820222,19014,15744,15042,2356,1208,1327,0.1239086988534764,0.07672764227642276,0.08821965164206888,0.4601346376354265,0.2845528455284553,0.4801223241590214,0.9744022116085553,0.9622976260431859,0.9743465185305999,0.73200511002405,0.7984213540380208,0.7286221461019977,0.08330703692016408,0.02870934959349594,0.05504587155963303,0.1645103607867887,0.1247459349593496,0.1213934317245047,0.4638687283054591,0.2723577235772358,0.4632362717723707,0.4564005469653939,0.2967479674796748,0.4970083765456721
"s07_dual_role_credit","Survival-Credit-AOP","LIRCMOP6","LIR-CMOP",100,50000,1,248601,"all",249,400,50000,0.3801778867968701,0.3420478398996326,0.2777742733034974,0.3801778867968701,0.3420478398996324,0.2777742733034972,0.3801778867968701,0.3420478398996324,0.2777742733034972,18954,17014,13832,2329,1232,1101,0.1228764376912525,0.07241095568355473,0.07959803354540197,0.5794555238999683,0.4610320912189961,0.5514748409485252,0.9783980586677445,0.9726789756443349,0.9772336296456049,0.7380048253184948,0.8355506096574224,0.7636150604904406,0.08831908831908832,0.05160456094980604,0.05928282244071718,0.1574337870634167,0.09321735041730339,0.09991324465008676,0.5974464492983012,0.4678500058775126,0.5451127819548872,0.5614645985016355,0.4542141765604796,0.5578368999421631
"s07_dual_role_credit","Survival-Credit-AOP","LIRCMOP6","LIR-CMOP",100,50000,2,248602,"all",249,400,50000,0.2817999656572611,0.4131436704792046,0.3050563638635345,0.2817999656572611,0.4131436704792044,0.3050563638635342,0.2817999656572611,0.4131436704792044,0.3050563638635342,14022,20586,15192,2124,1967,1453,0.1514762516046213,0.09555037404061012,0.09564244339125856,0.4184852374839538,0.4812979694938307,0.4482622432859399,0.9717322807024869,0.9817566994689594,0.975389544563724,0.7435473305105427,0.8605433528192821,0.7797016359782478,0.1008415347311368,0.08228893422714466,0.08122696155871512,0.2021109684781058,0.1088118138540756,0.110057925223802,0.4812437598060191,0.5205479452054794,0.4982885729331227,0.3557267151618885,0.4420479937821821,0.3982359136387573
"s07_dual_role_credit","Survival-Credit-AOP","LIRCMOP6","LIR-CMOP",100,50000,3,248603,"all",249,400,50000,0.3272546493459711,0.3767992498632287,0.2959461007908002,0.3272546493459711,0.3767992498632287,0.2959461007908,0.3272546493459711,0.3767992498632287,0.2959461007908,16296,18758,14746,2096,1465,1220,0.1286205203730977,0.0781000106621175,0.08273430082734301,0.5816151202749141,0.5477129757969933,0.5693069306930693,0.9783614395056905,0.9793219831306887,0.9783698977381412,0.7271919583682996,0.844199574232031,0.766783076608936,0.1017427589592538,0.06567864377865444,0.07229079072290791,0.1554982817869416,0.09052137754558055,0.09317781093177811,0.6027245949926362,0.5833244482354195,0.57954699579547,0.560505645557192,0.512101503358567,0.5590668655906686
"s07_dual_role_credit","Survival-Credit-AOP","LIRCMOP6","LIR-CMOP",100,50000,4,248604,"all",249,400,50000,0.3821296592280728,0.3306424068425475,0.2872279339293794,0.3821296592280728,0.3306424068425475,0.2872279339293795,0.3821296592280728,0.3306424068425475,0.2872279339293795,19044,16454,14302,2113,1342,1190,0.1109535811804243,0.08156071471982497,0.08320514613340792,0.6792690611216131,0.479457882581743,0.6490001398405817,0.9843140492947858,0.9732690874053225,0.9826359140794847,0.7474864519574345,0.8261394903596444,0.7662833170375062,0.08422600294055871,0.04898504922815121,0.06460634876241085,0.1376811594202899,0.1141363802114987,0.101803943504405,0.6731779038017224,0.4566670718366355,0.6278842119983219,0.6853602184415039,0.5022486933268506,0.6701160676828416
"s07_dual_role_credit","Survival-Credit-AOP","LIRCMOP6","LIR-CMOP",100,50000,5,248605,"all",249,400,50000,0.4104051117964561,0.319646220967734,0.2699486672358098,0.4104051117964562,0.3196462209677343,0.26994866723581,0.4104051117964562,0.3196462209677343,0.26994866723581,20420,15916,13464,2192,1144,1068,0.1073457394711068,0.07187735611962805,0.07932263814616755,0.5806072477962781,0.3933149032420206,0.56558229352347,0.9794915886987243,0.9668556300529614,0.9780160533794489,0.7235611493187492,0.7766023956452335,0.723130588455043,0.07012732615083252,0.0446091982910279,0.05258467023172905,0.144564152791381,0.09914551394822819,0.1060606060606061,0.5917727717923604,0.3963307363659211,0.5634284016636958,0.5694417238001959,0.3902990701181202,0.5677361853832442
"s07_dual_role_credit","Survival-Credit-AOP","LIRCMOP7","LIR-CMOP",100,50000,1,248701,"all",249,400,50000,0.4291383064818558,0.2810257865520953,0.2898359069660489,0.4291383064818559,0.2810257865520953,0.2898359069660487,0.4291383064818559,0.2810257865520953,0.2898359069660487,21376,13990,14434,2687,786,1146,0.1257017215568862,0.05618298784846319,0.07939587086046834,0.3711171407185629,0.2323802716225876,0.3760565331855342,0.9693919603490083,0.9579044899478263,0.9684048047145227,0.7639924026922316,0.7907550869712719,0.7504050184774814,0.07372754491017965,0.02230164403145104,0.05126783982264099,0.1776758982035928,0.09006433166547534,0.1075239018982957,0.3797717065868264,0.2067190850607577,0.3475128169599557,0.3624625748502994,0.2580414581844174,0.4046002494111127
"s07_dual_role_credit","Survival-Credit-AOP","LIRCMOP7","LIR-CMOP",100,50000,2,248702,"all",249,400,50000,0.3723404606415799,0.351863805806189,0.2757957335522311,0.3723404606415801,0.3518638058061891,0.2757957335522312,0.3723404606415801,0.3518638058061891,0.2757957335522312,18560,17520,13720,2317,1322,1063,0.1248383620689655,0.07545662100456621,0.07747813411078718,0.4775323275862069,0.2930936073059361,0.4451166180758018,0.9751936085072077,0.9641418964444576,0.9724609932424978,0.7454198073033343,0.8319177096051986,0.7573172901131445,0.08362068965517241,0.02454337899543379,0.04941690962099125,0.1660560344827586,0.1263698630136986,0.1055393586005831,0.4789870689655172,0.2704337899543379,0.4014577259475219,0.4760775862068966,0.3157534246575343,0.4887755102040816
"s07_dual_role_credit","Survival-Credit-AOP","LIRCMOP7","LIR-CMOP",100,50000,3,248703,"all",249,400,50000,0.3856213470337374,0.2979549745285266,0.3164236784377359,0.3856213470337374,0.2979549745285264,0.3164236784377357,0.3856213470337374,0.2979549745285264,0.3164236784377357,19220,14830,15750,2886,996,1464,0.150156087408949,0.06716115981119353,0.09295238095238095,0.2832466181061394,0.2026298044504383,0.2792380952380952,0.9601131896122,0.9518106484507725,0.9588690583194723,0.7458415169281502,0.7615542160060769,0.727893024903647,0.07960457856399583,0.02252191503708699,0.04698412698412698,0.2207075962539022,0.1118004045853001,0.1389206349206349,0.3661810613943808,0.216857720836143,0.3233015873015873,0.200312174817898,0.1884018880647337,0.2351746031746032
"s07_dual_role_credit","Survival-Credit-AOP","LIRCMOP7","LIR-CMOP",100,50000,4,248704,"all",249,400,50000,0.3522674700570148,0.3584449441546017,0.2892875857883836,0.3522674700570145,0.3584449441546014,0.2892875857883837,0.3522674700570145,0.3584449441546014,0.2892875857883837,17558,17836,14406,2618,1295,1119,0.1491058207085089,0.07260596546310832,0.07767596834652228,0.3176899419068231,0.1470621215519175,0.2984173261141191,0.9641017827709456,0.9458916599619107,0.9610898144172618,0.7412909539467233,0.8008872060211266,0.7357447741911403,0.08793712267912063,0.02052029603050011,0.04275996112730807,0.2102745187378973,0.1246916348957165,0.1125919755657365,0.3646201161863538,0.1710024669208343,0.3148688046647231,0.2707597676272924,0.1231217761830007,0.2819658475635152
"s07_dual_role_credit","Survival-Credit-AOP","LIRCMOP7","LIR-CMOP",100,50000,5,248705,"all",249,400,50000,0.3321803394908823,0.3689490587780222,0.2988706017310956,0.3321803394908823,0.3689490587780223,0.2988706017310954,0.3321803394908823,0.3689490587780223,0.2988706017310954,16546,18390,14864,1748,1336,1109,0.1056448688504775,0.07264817835780316,0.07460979547900969,0.5349329142995286,0.268515497553018,0.4672362755651238,0.9767788608690323,0.9618523748163736,0.9726789136725512,0.7617417985256278,0.8711297480310954,0.7977230079259113,0.07615133567025263,0.02773246329526917,0.04480624327233584,0.1351384020307023,0.1175638934203371,0.1044133476856835,0.52882871993231,0.2724306688417618,0.4321851453175458,0.5410371086667473,0.264600326264274,0.5022874058127018
"s07_dual_role_credit","Survival-Credit-AOP","LIRCMOP8","LIR-CMOP",100,50000,1,248801,"all",249,400,50000,0.3444236207472762,0.3822833316941792,0.2732930475585448,0.3444236207472763,0.3822833316941792,0.2732930475585445,0.3444236207472763,0.3822833316941792,0.2732930475585445,17140,19056,13604,1826,1324,1135,0.106534422403734,0.06947942905121747,0.08343134372243458,0.4845974329054842,0.223551637279597,0.4322258159364893,0.9741583308921121,0.9617257732438755,0.9711877769441555,0.752258272809848,0.8576912810501333,0.7709134126856156,0.07467911318553092,0.02896725440806045,0.05968832696265804,0.138389731621937,0.1099916036943745,0.1071743604822111,0.5108518086347724,0.2582913518052057,0.4417818288738606,0.4583430571761961,0.1888119227539883,0.4226698029991179
"s07_dual_role_credit","Survival-Credit-AOP","LIRCMOP8","LIR-CMOP",100,50000,2,248802,"all",249,400,50000,0.2978725466590471,0.4098200769109655,0.2923073764299876,0.2978725466590468,0.4098200769109656,0.2923073764299874,0.2978725466590468,0.4098200769109656,0.2923073764299874,14846,20388,14566,1663,2025,1345,0.1120167048363195,0.09932313125367863,0.09233832212000549,0.5770577933450087,0.312831077104179,0.484072497597144,0.9803432648161862,0.964264051582344,0.9750916766661353,0.7513852969252893,0.8480917353244641,0.7808795919541487,0.0881045399434191,0.04110260937806553,0.0630234793354387,0.13592886972922,0.1575436531292917,0.1216531649045723,0.6320894517041628,0.3641357661369433,0.4893587807222298,0.5220261349858548,0.2615263880714145,0.4787862144720582
"s07_dual_role_credit","Survival-Credit-AOP","LIRCMOP8","LIR-CMOP",100,50000,3,248803,"all",249,400,50000,0.397372072654852,0.3052552648963478,0.2973726624488003,0.3973720726548522,0.3052552648963475,0.2973726624488005,0.3973720726548522,0.3052552648963475,0.2973726624488005,19802,15200,14798,2334,978,1166,0.1178668821331179,0.06434210526315789,0.07879443167995676,0.4490960509039491,0.2807894736842105,0.4212731450195972,0.9732579999112208,0.9663716030291926,0.9716632947165571,0.7443857364810386,0.8244398488040597,0.7549295875087434,0.08211291788708211,0.03355263157894737,0.05257467225300716,0.1536208463791536,0.09513157894736841,0.1050141911069063,0.4476315523684476,0.289078947368421,0.4012704419516151,0.4505605494394506,0.2725,0.4412758480875794
"s07_dual_role_credit","Survival-Credit-AOP","LIRCMOP8","LIR-CMOP",100,50000,4,248804,"all",249,400,50000,0.411172019515617,0.3219908765877382,0.2668371038966447,0.4111720195156167,0.3219908765877384,0.2668371038966449,0.4111720195156167,0.3219908765877384,0.2668371038966449,20484,16032,13284,2310,1029,1076,0.1127709431751611,0.06418413173652694,0.08099969888587774,0.35398359695372,0.2296656686626747,0.3611863896416742,0.9682117516813287,0.9631911305401096,0.9687133717134635,0.7344463976821074,0.807608102356855,0.7372702150173581,0.06873657488771724,0.03043912175648703,0.05435109906654622,0.156805311462605,0.09792914171656687,0.1076482987052093,0.3767818785393478,0.2674650698602795,0.3622402890695574,0.3311853153680921,0.1918662674650699,0.360132490213791
"s07_dual_role_credit","Survival-Credit-AOP","LIRCMOP8","LIR-CMOP",100,50000,5,248805,"all",249,400,50000,0.3769347896598095,0.3383679656913889,0.2846972446488016,0.3769347896598091,0.3383679656913888,0.2846972446488016,0.3769347896598091,0.3383679656913888,0.2846972446488016,18776,16844,14180,2476,1187,1256,0.1318704729441841,0.07047019710282593,0.08857545839210156,0.2874946740519813,0.1852885300403705,0.2883638928067701,0.9660726600966667,0.9578301160925956,0.9648001410096081,0.723604726599987,0.7435872268390772,0.7068387438350204,0.07051555176821474,0.022322488720019,0.05190409026798307,0.1932253941201534,0.1186179054856329,0.12524682651622,0.36994034938219,0.2227499406316789,0.3403385049365303,0.2050489987217725,0.147827119449062,0.2363892806770099
"s07_dual_role_credit","Survival-Credit-AOP","LIRCMOP9","LIR-CMOP",100,50000,1,248901,"all",249,400,50000,0.2747319355800383,0.392661635095147,0.3326064293248147,0.2747319355800384,0.392661635095147,0.3326064293248147,0.2747319355800384,0.392661635095147,0.3326064293248147,13674,19566,16560,2306,3118,2668,0.1686412169080006,0.1593580701216396,0.1611111111111111,0.6533567354102676,0.6394255340897476,0.7251207729468599,0.9053905840023767,0.9087441685598516,0.9339934547804755,0.8424915374476012,0.8565400771281604,0.853510066012316,0.152259763053971,0.1406521516917101,0.1573671497584541,0.1850226707620301,0.178063988551569,0.1648550724637681,0.8361854614597045,0.7573341510784013,0.8543478260869565,0.4705280093608308,0.5215169171010937,0.5958937198067633
"s07_dual_role_credit","Survival-Credit-AOP","LIRCMOP9","LIR-CMOP",100,50000,2,248902,"all",249,400,50000,0.2701234999118279,0.3857978377553926,0.3440786623327795,0.2701234999118279,0.3857978377553929,0.3440786623327794,0.2701234999118279,0.3857978377553929,0.3440786623327794,13458,19200,17142,2470,3124,2707,0.1835339574973993,0.1627083333333333,0.1579162291447906,0.6701590132263338,0.6348958333333333,0.7146774005366935,0.9135384706705183,0.909561285825619,0.9326183868358943,0.8497804331458927,0.879261390475912,0.8694064162549607,0.1558924060038639,0.1320833333333333,0.1362734803406837,0.2111755089909348,0.1933333333333333,0.1795589779488974,0.8317729231683757,0.7533333333333333,0.8484424221211061,0.5085451032842919,0.5164583333333334,0.580912378952281
"s07_dual_role_credit","Survival-Credit-AOP","LIRCMOP9","LIR-CMOP",100,50000,3,248903,"all",249,400,50000,0.2886119672432372,0.3587412213708857,0.3526468113858771,0.2886119672432373,0.3587412213708857,0.3526468113858771,0.2886119672432373,0.3587412213708857,0.3526468113858771,14354,17886,17560,2637,2906,2999,0.1837118573220008,0.1624734429162474,0.1707858769931663,0.6717291347359621,0.6359163591635917,0.708997722095672,0.9148730314361286,0.9108340831728694,0.9335220140696392,0.8328456906992179,0.8466933243268313,0.8406389911693227,0.1719381357113,0.1441350777144135,0.1643507972665148,0.1954855789327017,0.1808118081180812,0.1772209567198178,0.8240211787655009,0.7495247679749525,0.8457858769931663,0.5194370907064233,0.5223079503522308,0.5722095671981777
"s07_dual_role_credit","Survival-Credit-AOP","LIRCMOP9","LIR-CMOP",100,50000,4,248904,"all",249,400,50000,0.2487071168274536,0.3944752904677432,0.356817592704803,0.2487071168274537,0.3944752904677434,0.3568175927048027,0.2487071168274537,0.3944752904677434,0.3568175927048027,12394,19644,17762,1889,2892,2702,0.1524124576407939,0.1472205253512523,0.1521225087264948,0.6699209294820074,0.6507330482590103,0.7205832676500394,0.9090269917830058,0.9130492843116806,0.9318629096677402,0.8435222193361981,0.8688716613418962,0.8637192080682327,0.1287719864450541,0.1338831195275911,0.1430019141988515,0.1760529288365338,0.1605579311749135,0.161243103254138,0.8360497014684525,0.7618611280798208,0.8572232856660286,0.5037921574955624,0.5396049684381999,0.5839432496340502
"s07_dual_role_credit","Survival-Credit-AOP","LIRCMOP9","LIR-CMOP",100,50000,5,248905,"all",249,400,50000,0.2797473708347967,0.3946123949127709,0.3256402342524324,0.2797473708347968,0.3946123949127709,0.3256402342524324,0.2797473708347968,0.3946123949127709,0.3256402342524324,13938,19644,16218,2117,2866,2145,0.1518869278232171,0.1458969659947058,0.1322604513503515,0.700243937437222,0.6232946446752189,0.725736835614749,0.9184934231819005,0.9052761426918046,0.9338444804433935,0.8482072350579346,0.8988915900892487,0.8770001710300978,0.1414837135887502,0.129505192425168,0.1244296460722654,0.162290142057684,0.1622887395642435,0.1400912566284375,0.8352704835700961,0.7345754428833231,0.8320384757676655,0.5652173913043478,0.5120138464671147,0.6194351954618326
