config,algorithm,problem,suite,N,maxFE,run,seed,finishedFE,runtime,IGD,HV,Feasible_rate,file
"s05_confirmation","CMOEA-AOP","CF10","CF",100,50000,1,226001,50072,83.5006,0.3510943002417757,0.1695891747114863,1,"CMOEA_AOP_CF10_N100_FE50000_run1_seed226001.mat"
"s05_confirmation","CMOEA-AOP","CF10","CF",100,50000,2,226002,50138,66.8375,0.4014976046957381,0.1814717159180996,1,"CMOEA_AOP_CF10_N100_FE50000_run2_seed226002.mat"
"s05_confirmation","CMOEA-AOP","CF10","CF",100,50000,3,226003,50024,40.6168,0.3143728850819757,0.1626350466059569,1,"CMOEA_AOP_CF10_N100_FE50000_run3_seed226003.mat"
"s05_confirmation","CMOEA-AOP","CF10","CF",100,50000,4,226004,50004,52.7444,0.3735823184148261,0.14092618615455,1,"CMOEA_AOP_CF10_N100_FE50000_run4_seed226004.mat"
"s05_confirmation","CMOEA-AOP","CF10","CF",100,50000,5,226005,50156,47.0673,0.415154919565151,0.09584594413389293,1,"CMOEA_AOP_CF10_N100_FE50000_run5_seed226005.mat"
"s05_confirmation","CMOEA-AOP","CF1","CF",100,50000,1,225101,50008,26.3921,0.007343662098113914,0.5573400249882737,1,"CMOEA_AOP_CF1_N100_FE50000_run1_seed225101.mat"
"s05_confirmation","CMOEA-AOP","CF1","CF",100,50000,2,225102,50008,24.3429,0.007919789739010981,0.5564883932983917,1,"CMOEA_AOP_CF1_N100_FE50000_run2_seed225102.mat"
"s05_confirmation","CMOEA-AOP","CF1","CF",100,50000,3,225103,50054,29.1974,0.008298604380206749,0.5561384316122344,1,"CMOEA_AOP_CF1_N100_FE50000_run3_seed225103.mat"
"s05_confirmation","CMOEA-AOP","CF1","CF",100,50000,4,225104,50148,29.0871,0.007036562847975037,0.5575588574082703,1,"CMOEA_AOP_CF1_N100_FE50000_run4_seed225104.mat"
"s05_confirmation","CMOEA-AOP","CF1","CF",100,50000,5,225105,50020,29.8295,0.006051799123089674,0.5587707134888632,1,"CMOEA_AOP_CF1_N100_FE50000_run5_seed225105.mat"
"s05_confirmation","CMOEA-AOP","CF2","CF",100,50000,1,225201,50032,29.7415,0.01570568177529679,0.6636981779095026,1,"CMOEA_AOP_CF2_N100_FE50000_run1_seed225201.mat"
"s05_confirmation","CMOEA-AOP","CF2","CF",100,50000,2,225202,50138,19.8085,0.0269625452854223,0.6564531112583594,1,"CMOEA_AOP_CF2_N100_FE50000_run2_seed225202.mat"
"s05_confirmation","CMOEA-AOP","CF2","CF",100,50000,3,225203,50066,18.8202,0.05432217299368186,0.6114583851716676,1,"CMOEA_AOP_CF2_N100_FE50000_run3_seed225203.mat"
"s05_confirmation","CMOEA-AOP","CF2","CF",100,50000,4,225204,50072,19.6761,0.01669003241920725,0.6597254347706878,1,"CMOEA_AOP_CF2_N100_FE50000_run4_seed225204.mat"
"s05_confirmation","CMOEA-AOP","CF2","CF",100,50000,5,225205,50052,18.7038,0.01525874161127911,0.6544850762186867,1,"CMOEA_AOP_CF2_N100_FE50000_run5_seed225205.mat"
"s05_confirmation","CMOEA-AOP","CF3","CF",100,50000,1,225301,50170,18.7789,0.3421370851687391,0.1413519222001097,1,"CMOEA_AOP_CF3_N100_FE50000_run1_seed225301.mat"
"s05_confirmation","CMOEA-AOP","CF3","CF",100,50000,2,225302,50166,9.7284,0.2971677712142575,0.1923039507856987,1,"CMOEA_AOP_CF3_N100_FE50000_run2_seed225302.mat"
"s05_confirmation","CMOEA-AOP","CF3","CF",100,50000,3,225303,50018,17.5216,0.1258306173690542,0.1935284893623089,1,"CMOEA_AOP_CF3_N100_FE50000_run3_seed225303.mat"
"s05_confirmation","CMOEA-AOP","CF3","CF",100,50000,4,225304,50196,16.2588,0.1007994471394844,0.2379210326151907,1,"CMOEA_AOP_CF3_N100_FE50000_run4_seed225304.mat"
"s05_confirmation","CMOEA-AOP","CF3","CF",100,50000,5,225305,50080,18.1638,0.2818946448928975,0.1285507457393374,1,"CMOEA_AOP_CF3_N100_FE50000_run5_seed225305.mat"
"s05_confirmation","CMOEA-AOP","CF4","CF",100,50000,1,225401,50042,21.3268,0.05123970752347329,0.463690386689032,1,"CMOEA_AOP_CF4_N100_FE50000_run1_seed225401.mat"
"s05_confirmation","CMOEA-AOP","CF4","CF",100,50000,2,225402,50192,18.2604,0.03542323496100346,0.4837132759313205,1,"CMOEA_AOP_CF4_N100_FE50000_run2_seed225402.mat"
"s05_confirmation","CMOEA-AOP","CF4","CF",100,50000,3,225403,50178,17.9012,0.04589347908405411,0.4769171858861613,1,"CMOEA_AOP_CF4_N100_FE50000_run3_seed225403.mat"
"s05_confirmation","CMOEA-AOP","CF4","CF",100,50000,4,225404,50032,17.6794,0.03518654059390143,0.4867324725595303,1,"CMOEA_AOP_CF4_N100_FE50000_run4_seed225404.mat"
"s05_confirmation","CMOEA-AOP","CF4","CF",100,50000,5,225405,50024,17.5009,0.05887710633959317,0.4569486218346567,1,"CMOEA_AOP_CF4_N100_FE50000_run5_seed225405.mat"
"s05_confirmation","CMOEA-AOP","CF5","CF",100,50000,1,225501,50022,18.0289,0.1425890766682285,0.3531804912901346,1,"CMOEA_AOP_CF5_N100_FE50000_run1_seed225501.mat"
"s05_confirmation","CMOEA-AOP","CF5","CF",100,50000,2,225502,50044,18.0728,0.08605528083678848,0.4337489265134409,1,"CMOEA_AOP_CF5_N100_FE50000_run2_seed225502.mat"
"s05_confirmation","CMOEA-AOP","CF5","CF",100,50000,3,225503,50118,17.4505,0.1978792177402694,0.3507192954948297,1,"CMOEA_AOP_CF5_N100_FE50000_run3_seed225503.mat"
"s05_confirmation","CMOEA-AOP","CF5","CF",100,50000,4,225504,50028,16.7794,0.08533492426185361,0.4255437773014393,1,"CMOEA_AOP_CF5_N100_FE50000_run4_seed225504.mat"
"s05_confirmation","CMOEA-AOP","CF5","CF",100,50000,5,225505,50154,17.5758,0.2075559772649968,0.2803446034467825,1,"CMOEA_AOP_CF5_N100_FE50000_run5_seed225505.mat"
"s05_confirmation","CMOEA-AOP","CF6","CF",100,50000,1,225601,50006,19.4204,0.04099431695520186,0.6636481690235835,1,"CMOEA_AOP_CF6_N100_FE50000_run1_seed225601.mat"
"s05_confirmation","CMOEA-AOP","CF6","CF",100,50000,2,225602,50148,20.2992,0.03613251475866442,0.6600188181290861,1,"CMOEA_AOP_CF6_N100_FE50000_run2_seed225602.mat"
"s05_confirmation","CMOEA-AOP","CF6","CF",100,50000,3,225603,50062,20.4216,0.03408250201929924,0.6654918691621301,1,"CMOEA_AOP_CF6_N100_FE50000_run3_seed225603.mat"
"s05_confirmation","CMOEA-AOP","CF6","CF",100,50000,4,225604,50072,19.5934,0.04506086496706228,0.6514923956754384,1,"CMOEA_AOP_CF6_N100_FE50000_run4_seed225604.mat"
"s05_confirmation","CMOEA-AOP","CF6","CF",100,50000,5,225605,50030,19.6011,0.05262569053771713,0.6426075050655328,1,"CMOEA_AOP_CF6_N100_FE50000_run5_seed225605.mat"
"s05_confirmation","CMOEA-AOP","CF7","CF",100,50000,1,225701,50096,15.6871,0.2910205112083272,0.4115320571481383,1,"CMOEA_AOP_CF7_N100_FE50000_run1_seed225701.mat"
"s05_confirmation","CMOEA-AOP","CF7","CF",100,50000,2,225702,50162,17.3197,0.1040638760601883,0.5600301675776397,1,"CMOEA_AOP_CF7_N100_FE50000_run2_seed225702.mat"
"s05_confirmation","CMOEA-AOP","CF7","CF",100,50000,3,225703,50060,12.695,0.1828300614798707,0.516305946866372,1,"CMOEA_AOP_CF7_N100_FE50000_run3_seed225703.mat"
"s05_confirmation","CMOEA-AOP","CF7","CF",100,50000,4,225704,50062,13.192,0.1886560697048152,0.477749032728965,1,"CMOEA_AOP_CF7_N100_FE50000_run4_seed225704.mat"
"s05_confirmation","CMOEA-AOP","CF7","CF",100,50000,5,225705,50192,13.9316,0.1103546605504173,0.5566316689265435,1,"CMOEA_AOP_CF7_N100_FE50000_run5_seed225705.mat"
"s05_confirmation","CMOEA-AOP","CF8","CF",100,50000,1,225801,50190,54.9457,0.2450697406139339,0.2519195330751593,1,"CMOEA_AOP_CF8_N100_FE50000_run1_seed225801.mat"
"s05_confirmation","CMOEA-AOP","CF8","CF",100,50000,2,225802,50184,46.3604,0.1945701713683137,0.2753794809355772,1,"CMOEA_AOP_CF8_N100_FE50000_run2_seed225802.mat"
"s05_confirmation","CMOEA-AOP","CF8","CF",100,50000,3,225803,50020,60.7751,0.1712207823069823,0.3515905259043938,1,"CMOEA_AOP_CF8_N100_FE50000_run3_seed225803.mat"
"s05_confirmation","CMOEA-AOP","CF8","CF",100,50000,4,225804,50126,58.4723,0.1667370440606868,0.3353687539867651,1,"CMOEA_AOP_CF8_N100_FE50000_run4_seed225804.mat"
"s05_confirmation","CMOEA-AOP","CF8","CF",100,50000,5,225805,50140,58.8058,0.2125542742113599,0.2868898105640634,1,"CMOEA_AOP_CF8_N100_FE50000_run5_seed225805.mat"
"s05_confirmation","CMOEA-AOP","CF9","CF",100,50000,1,225901,50112,62.4144,0.09395716575246409,0.4285318614448802,1,"CMOEA_AOP_CF9_N100_FE50000_run1_seed225901.mat"
"s05_confirmation","CMOEA-AOP","CF9","CF",100,50000,2,225902,50040,61.4168,0.09582136108755961,0.4261343127680656,1,"CMOEA_AOP_CF9_N100_FE50000_run2_seed225902.mat"
"s05_confirmation","CMOEA-AOP","CF9","CF",100,50000,3,225903,50136,62.0814,0.09142062829484153,0.423674301208721,1,"CMOEA_AOP_CF9_N100_FE50000_run3_seed225903.mat"
"s05_confirmation","CMOEA-AOP","CF9","CF",100,50000,4,225904,50198,75.3721,0.1033519924551938,0.420115819959896,1,"CMOEA_AOP_CF9_N100_FE50000_run4_seed225904.mat"
"s05_confirmation","CMOEA-AOP","CF9","CF",100,50000,5,225905,50134,66.0347,0.1029894934738552,0.4049093449328115,1,"CMOEA_AOP_CF9_N100_FE50000_run5_seed225905.mat"
"s05_confirmation","CMOEA-AOP","DASCMOP1","DAS-CMOP",100,50000,1,227501,50014,13.0439,0.006094713245763898,0.2096811714606074,1,"CMOEA_AOP_DASCMOP1_N100_FE50000_run1_seed227501.mat"
"s05_confirmation","CMOEA-AOP","DASCMOP1","DAS-CMOP",100,50000,2,227502,50104,14.6515,0.007038408848105707,0.2098656220324786,1,"CMOEA_AOP_DASCMOP1_N100_FE50000_run2_seed227502.mat"
"s05_confirmation","CMOEA-AOP","DASCMOP1","DAS-CMOP",100,50000,3,227503,50028,12.3983,0.009982043273858402,0.2089339953708846,1,"CMOEA_AOP_DASCMOP1_N100_FE50000_run3_seed227503.mat"
"s05_confirmation","CMOEA-AOP","DASCMOP1","DAS-CMOP",100,50000,4,227504,50042,10.3653,0.01025626518465957,0.2102345177935534,1,"CMOEA_AOP_DASCMOP1_N100_FE50000_run4_seed227504.mat"
"s05_confirmation","CMOEA-AOP","DASCMOP1","DAS-CMOP",100,50000,5,227505,50128,12.9273,0.7209737580854004,0.008605078114463241,1,"CMOEA_AOP_DASCMOP1_N100_FE50000_run5_seed227505.mat"
"s05_confirmation","CMOEA-AOP","DASCMOP2","DAS-CMOP",100,50000,1,227601,50012,12.8827,0.01111228792459148,0.3502647799263559,1,"CMOEA_AOP_DASCMOP2_N100_FE50000_run1_seed227601.mat"
"s05_confirmation","CMOEA-AOP","DASCMOP2","DAS-CMOP",100,50000,2,227602,50066,12.6742,0.007952150612304613,0.3526723689460911,1,"CMOEA_AOP_DASCMOP2_N100_FE50000_run2_seed227602.mat"
"s05_confirmation","CMOEA-AOP","DASCMOP2","DAS-CMOP",100,50000,3,227603,50028,12.5465,0.182569247237762,0.2649664686389955,1,"CMOEA_AOP_DASCMOP2_N100_FE50000_run3_seed227603.mat"
"s05_confirmation","CMOEA-AOP","DASCMOP2","DAS-CMOP",100,50000,4,227604,50150,14.3355,0.2383890913378221,0.2658495974039788,1,"CMOEA_AOP_DASCMOP2_N100_FE50000_run4_seed227604.mat"
"s05_confirmation","CMOEA-AOP","DASCMOP2","DAS-CMOP",100,50000,5,227605,50136,16.1607,0.005773368790651976,0.3537397806571801,1,"CMOEA_AOP_DASCMOP2_N100_FE50000_run5_seed227605.mat"
"s05_confirmation","CMOEA-AOP","DASCMOP3","DAS-CMOP",100,50000,1,227701,50096,10.4492,0.04709004245434947,0.2877671325754099,1,"CMOEA_AOP_DASCMOP3_N100_FE50000_run1_seed227701.mat"
"s05_confirmation","CMOEA-AOP","DASCMOP3","DAS-CMOP",100,50000,2,227702,50042,9.7313,0.1276608986561146,0.2638765415072617,1,"CMOEA_AOP_DASCMOP3_N100_FE50000_run2_seed227702.mat"
"s05_confirmation","CMOEA-AOP","DASCMOP3","DAS-CMOP",100,50000,3,227703,50014,8.3337,0.02591199178308811,0.3057816791917611,1,"CMOEA_AOP_DASCMOP3_N100_FE50000_run3_seed227703.mat"
"s05_confirmation","CMOEA-AOP","DASCMOP3","DAS-CMOP",100,50000,4,227704,50078,9.6646,0.08176367119032314,0.2865930762002438,1,"CMOEA_AOP_DASCMOP3_N100_FE50000_run4_seed227704.mat"
"s05_confirmation","CMOEA-AOP","DASCMOP3","DAS-CMOP",100,50000,5,227705,50076,8.1432,0.02364565459256019,0.3096148617146657,1,"CMOEA_AOP_DASCMOP3_N100_FE50000_run5_seed227705.mat"
"s05_confirmation","CMOEA-AOP","DASCMOP4","DAS-CMOP",100,50000,1,227801,50154,10.4972,0.004803761940949495,0.2016154084292593,1,"CMOEA_AOP_DASCMOP4_N100_FE50000_run1_seed227801.mat"
"s05_confirmation","CMOEA-AOP","DASCMOP4","DAS-CMOP",100,50000,2,227802,50142,10.6848,0.3799040354169811,0.05611872221742319,1,"CMOEA_AOP_DASCMOP4_N100_FE50000_run2_seed227802.mat"
"s05_confirmation","CMOEA-AOP","DASCMOP4","DAS-CMOP",100,50000,3,227803,50160,7.2176,NaN,NaN,0,"CMOEA_AOP_DASCMOP4_N100_FE50000_run3_seed227803.mat"
"s05_confirmation","CMOEA-AOP","DASCMOP4","DAS-CMOP",100,50000,4,227804,50070,7.2079,0.007008999326552955,0.1935932784252162,1,"CMOEA_AOP_DASCMOP4_N100_FE50000_run4_seed227804.mat"
"s05_confirmation","CMOEA-AOP","DASCMOP4","DAS-CMOP",100,50000,5,227805,50156,7.1286,0.8173207288121593,0,1,"CMOEA_AOP_DASCMOP4_N100_FE50000_run5_seed227805.mat"
"s05_confirmation","CMOEA-AOP","DASCMOP5","DAS-CMOP",100,50000,1,227901,50018,7.1489,NaN,NaN,0,"CMOEA_AOP_DASCMOP5_N100_FE50000_run1_seed227901.mat"
"s05_confirmation","CMOEA-AOP","DASCMOP5","DAS-CMOP",100,50000,2,227902,50074,7.2827,0.1255241911317855,0.2696088392638548,1,"CMOEA_AOP_DASCMOP5_N100_FE50000_run2_seed227902.mat"
"s05_confirmation","CMOEA-AOP","DASCMOP5","DAS-CMOP",100,50000,3,227903,50056,7.5557,NaN,NaN,0,"CMOEA_AOP_DASCMOP5_N100_FE50000_run3_seed227903.mat"
"s05_confirmation","CMOEA-AOP","DASCMOP5","DAS-CMOP",100,50000,4,227904,50056,8.3518,0.008741974730522366,0.3468929335921556,1,"CMOEA_AOP_DASCMOP5_N100_FE50000_run4_seed227904.mat"
"s05_confirmation","CMOEA-AOP","DASCMOP5","DAS-CMOP",100,50000,5,227905,50006,6.7491,NaN,NaN,0,"CMOEA_AOP_DASCMOP5_N100_FE50000_run5_seed227905.mat"
"s05_confirmation","CMOEA-AOP","DASCMOP6","DAS-CMOP",100,50000,1,228001,50122,7.2427,0.6513621408534801,0.03373982692264023,1,"CMOEA_AOP_DASCMOP6_N100_FE50000_run1_seed228001.mat"
"s05_confirmation","CMOEA-AOP","DASCMOP6","DAS-CMOP",100,50000,2,228002,50100,8.0498,0.5591415239153245,0.04646100808360069,1,"CMOEA_AOP_DASCMOP6_N100_FE50000_run2_seed228002.mat"
"s05_confirmation","CMOEA-AOP","DASCMOP6","DAS-CMOP",100,50000,3,228003,50140,6.8098,0.4319221590740628,0.07882729748937074,1,"CMOEA_AOP_DASCMOP6_N100_FE50000_run3_seed228003.mat"
"s05_confirmation","CMOEA-AOP","DASCMOP6","DAS-CMOP",100,50000,4,228004,50010,6.6413,NaN,NaN,0,"CMOEA_AOP_DASCMOP6_N100_FE50000_run4_seed228004.mat"
"s05_confirmation","CMOEA-AOP","DASCMOP6","DAS-CMOP",100,50000,5,228005,50114,7.3436,NaN,NaN,0,"CMOEA_AOP_DASCMOP6_N100_FE50000_run5_seed228005.mat"
"s05_confirmation","CMOEA-AOP","DASCMOP7","DAS-CMOP",100,50000,1,228101,50066,6.4005,NaN,NaN,0,"CMOEA_AOP_DASCMOP7_N100_FE50000_run1_seed228101.mat"
"s05_confirmation","CMOEA-AOP","DASCMOP7","DAS-CMOP",100,50000,2,228102,50094,56.785,0.03211195918830814,0.2843295229041325,1,"CMOEA_AOP_DASCMOP7_N100_FE50000_run2_seed228102.mat"
"s05_confirmation","CMOEA-AOP","DASCMOP7","DAS-CMOP",100,50000,3,228103,50178,33.0965,0.3221581693374282,0.1452527951664492,1,"CMOEA_AOP_DASCMOP7_N100_FE50000_run3_seed228103.mat"
"s05_confirmation","CMOEA-AOP","DASCMOP7","DAS-CMOP",100,50000,4,228104,50034,63.0764,0.4751378599784045,0.08504557720473149,1,"CMOEA_AOP_DASCMOP7_N100_FE50000_run4_seed228104.mat"
"s05_confirmation","CMOEA-AOP","DASCMOP7","DAS-CMOP",100,50000,5,228105,50000,17.545,0.5533720123693848,0.07437147976107493,1,"CMOEA_AOP_DASCMOP7_N100_FE50000_run5_seed228105.mat"
"s05_confirmation","CMOEA-AOP","DASCMOP8","DAS-CMOP",100,50000,1,228201,50108,25.9811,0.1283650307696974,0.1665877879074043,1,"CMOEA_AOP_DASCMOP8_N100_FE50000_run1_seed228201.mat"
"s05_confirmation","CMOEA-AOP","DASCMOP8","DAS-CMOP",100,50000,2,228202,50176,8.5516,1.09636184773903,0,1,"CMOEA_AOP_DASCMOP8_N100_FE50000_run2_seed228202.mat"
"s05_confirmation","CMOEA-AOP","DASCMOP8","DAS-CMOP",100,50000,3,228203,50204,59.2217,0.04895262025147694,0.2017586086344122,1,"CMOEA_AOP_DASCMOP8_N100_FE50000_run3_seed228203.mat"
"s05_confirmation","CMOEA-AOP","DASCMOP8","DAS-CMOP",100,50000,4,228204,50020,47.1878,0.04960447855477895,0.2050176710739732,1,"CMOEA_AOP_DASCMOP8_N100_FE50000_run4_seed228204.mat"
"s05_confirmation","CMOEA-AOP","DASCMOP8","DAS-CMOP",100,50000,5,228205,50160,8.4537,NaN,NaN,0,"CMOEA_AOP_DASCMOP8_N100_FE50000_run5_seed228205.mat"
"s05_confirmation","CMOEA-AOP","DASCMOP9","DAS-CMOP",100,50000,1,228301,50130,108.0683,0.05593942903658562,0.2020644945962447,1,"CMOEA_AOP_DASCMOP9_N100_FE50000_run1_seed228301.mat"
"s05_confirmation","CMOEA-AOP","DASCMOP9","DAS-CMOP",100,50000,2,228302,50020,98.6601,0.04536692095225464,0.2033783221115522,1,"CMOEA_AOP_DASCMOP9_N100_FE50000_run2_seed228302.mat"
"s05_confirmation","CMOEA-AOP","DASCMOP9","DAS-CMOP",100,50000,3,228303,50176,87.6419,0.05103836891040921,0.1999992166248357,1,"CMOEA_AOP_DASCMOP9_N100_FE50000_run3_seed228303.mat"
"s05_confirmation","CMOEA-AOP","DASCMOP9","DAS-CMOP",100,50000,4,228304,50030,110.6611,0.04873995985632924,0.2024528213788634,1,"CMOEA_AOP_DASCMOP9_N100_FE50000_run4_seed228304.mat"
"s05_confirmation","CMOEA-AOP","DASCMOP9","DAS-CMOP",100,50000,5,228305,50072,133.5655,0.05496653672634424,0.2023895563889708,1,"CMOEA_AOP_DASCMOP9_N100_FE50000_run5_seed228305.mat"
"s05_confirmation","CMOEA-AOP","LIRCMOP10","LIR-CMOP",100,50000,1,227001,50054,20.3686,0.226521532514661,0.5922440962440765,1,"CMOEA_AOP_LIRCMOP10_N100_FE50000_run1_seed227001.mat"
"s05_confirmation","CMOEA-AOP","LIRCMOP10","LIR-CMOP",100,50000,2,227002,50026,20.7154,0.287962109822812,0.5456426153642858,1,"CMOEA_AOP_LIRCMOP10_N100_FE50000_run2_seed227002.mat"
"s05_confirmation","CMOEA-AOP","LIRCMOP10","LIR-CMOP",100,50000,3,227003,50192,20.4276,0.2271465811861656,0.5881438372659331,1,"CMOEA_AOP_LIRCMOP10_N100_FE50000_run3_seed227003.mat"
"s05_confirmation","CMOEA-AOP","LIRCMOP10","LIR-CMOP",100,50000,4,227004,50020,19.9636,0.2376911763126344,0.5837396578977013,1,"CMOEA_AOP_LIRCMOP10_N100_FE50000_run4_seed227004.mat"
"s05_confirmation","CMOEA-AOP","LIRCMOP10","LIR-CMOP",100,50000,5,227005,50008,20.7096,0.1062179496751259,0.6457897495149576,1,"CMOEA_AOP_LIRCMOP10_N100_FE50000_run5_seed227005.mat"
"s05_confirmation","CMOEA-AOP","LIRCMOP11","LIR-CMOP",100,50000,1,227101,50058,15.3677,0.01788885189996919,0.6815862829748286,1,"CMOEA_AOP_LIRCMOP11_N100_FE50000_run1_seed227101.mat"
"s05_confirmation","CMOEA-AOP","LIRCMOP11","LIR-CMOP",100,50000,2,227102,50020,15.8229,0.0734843445514992,0.6596620943170295,1,"CMOEA_AOP_LIRCMOP11_N100_FE50000_run2_seed227102.mat"
"s05_confirmation","CMOEA-AOP","LIRCMOP11","LIR-CMOP",100,50000,3,227103,50084,17.6367,0.1435323199842187,0.6003175775152184,1,"CMOEA_AOP_LIRCMOP11_N100_FE50000_run3_seed227103.mat"
"s05_confirmation","CMOEA-AOP","LIRCMOP11","LIR-CMOP",100,50000,4,227104,50120,15.5355,0.090535453049865,0.6533461557440968,1,"CMOEA_AOP_LIRCMOP11_N100_FE50000_run4_seed227104.mat"
"s05_confirmation","CMOEA-AOP","LIRCMOP11","LIR-CMOP",100,50000,5,227105,50046,19.5578,0.143951428569607,0.6010209434686511,1,"CMOEA_AOP_LIRCMOP11_N100_FE50000_run5_seed227105.mat"
"s05_confirmation","CMOEA-AOP","LIRCMOP12","LIR-CMOP",100,50000,1,227201,50088,16.7872,0.1810521156363918,0.5169471433079653,1,"CMOEA_AOP_LIRCMOP12_N100_FE50000_run1_seed227201.mat"
"s05_confirmation","CMOEA-AOP","LIRCMOP12","LIR-CMOP",100,50000,2,227202,50032,11.7753,0.1713493868925902,0.5242520847417442,1,"CMOEA_AOP_LIRCMOP12_N100_FE50000_run2_seed227202.mat"
"s05_confirmation","CMOEA-AOP","LIRCMOP12","LIR-CMOP",100,50000,3,227203,50196,8.5858,0.2051150088701237,0.5016080305864492,1,"CMOEA_AOP_LIRCMOP12_N100_FE50000_run3_seed227203.mat"
"s05_confirmation","CMOEA-AOP","LIRCMOP12","LIR-CMOP",100,50000,4,227204,50016,8.1584,0.1532507406447277,0.5385616332547453,1,"CMOEA_AOP_LIRCMOP12_N100_FE50000_run4_seed227204.mat"
"s05_confirmation","CMOEA-AOP","LIRCMOP12","LIR-CMOP",100,50000,5,227205,50156,12.0715,0.2085267161005929,0.4969368752939755,1,"CMOEA_AOP_LIRCMOP12_N100_FE50000_run5_seed227205.mat"
"s05_confirmation","CMOEA-AOP","LIRCMOP13","LIR-CMOP",100,50000,1,227301,50184,69.911,0.094180723104066,0.552265472438825,1,"CMOEA_AOP_LIRCMOP13_N100_FE50000_run1_seed227301.mat"
"s05_confirmation","CMOEA-AOP","LIRCMOP13","LIR-CMOP",100,50000,2,227302,50164,69.0635,0.1056580567699238,0.5291602304634635,1,"CMOEA_AOP_LIRCMOP13_N100_FE50000_run2_seed227302.mat"
"s05_confirmation","CMOEA-AOP","LIRCMOP13","LIR-CMOP",100,50000,3,227303,50086,68.9469,0.09347180304537682,0.5520106600674863,1,"CMOEA_AOP_LIRCMOP13_N100_FE50000_run3_seed227303.mat"
"s05_confirmation","CMOEA-AOP","LIRCMOP13","LIR-CMOP",100,50000,4,227304,50000,71.3531,0.0961618449904959,0.5433809073313561,1,"CMOEA_AOP_LIRCMOP13_N100_FE50000_run4_seed227304.mat"
"s05_confirmation","CMOEA-AOP","LIRCMOP13","LIR-CMOP",100,50000,5,227305,50048,64.926,0.1150752515935235,0.5115638834708738,1,"CMOEA_AOP_LIRCMOP13_N100_FE50000_run5_seed227305.mat"
"s05_confirmation","CMOEA-AOP","LIRCMOP14","LIR-CMOP",100,50000,1,227401,50140,70.309,0.09873611810802434,0.5500907160795401,1,"CMOEA_AOP_LIRCMOP14_N100_FE50000_run1_seed227401.mat"
"s05_confirmation","CMOEA-AOP","LIRCMOP14","LIR-CMOP",100,50000,2,227402,50056,65.7867,0.09647791145853914,0.5534732991234453,1,"CMOEA_AOP_LIRCMOP14_N100_FE50000_run2_seed227402.mat"
"s05_confirmation","CMOEA-AOP","LIRCMOP14","LIR-CMOP",100,50000,3,227403,50202,64.9391,0.09712872895659234,0.5535217700906055,1,"CMOEA_AOP_LIRCMOP14_N100_FE50000_run3_seed227403.mat"
"s05_confirmation","CMOEA-AOP","LIRCMOP14","LIR-CMOP",100,50000,4,227404,50144,63.4691,0.09678031295167658,0.5492150217446097,1,"CMOEA_AOP_LIRCMOP14_N100_FE50000_run4_seed227404.mat"
"s05_confirmation","CMOEA-AOP","LIRCMOP14","LIR-CMOP",100,50000,5,227405,50138,67.4451,0.0964775347189617,0.5487698211792157,1,"CMOEA_AOP_LIRCMOP14_N100_FE50000_run5_seed227405.mat"
"s05_confirmation","CMOEA-AOP","LIRCMOP1","LIR-CMOP",100,50000,1,226101,50040,7.5882,0.2818307420278583,0.1172519651044348,1,"CMOEA_AOP_LIRCMOP1_N100_FE50000_run1_seed226101.mat"
"s05_confirmation","CMOEA-AOP","LIRCMOP1","LIR-CMOP",100,50000,2,226102,50164,9.1638,0.2662386099764922,0.1189463919578675,1,"CMOEA_AOP_LIRCMOP1_N100_FE50000_run2_seed226102.mat"
"s05_confirmation","CMOEA-AOP","LIRCMOP1","LIR-CMOP",100,50000,3,226103,50210,7.8348,0.1849261106350743,0.1488349609244114,1,"CMOEA_AOP_LIRCMOP1_N100_FE50000_run3_seed226103.mat"
"s05_confirmation","CMOEA-AOP","LIRCMOP1","LIR-CMOP",100,50000,4,226104,50090,8.4314,0.1956300544920429,0.1488717888977644,1,"CMOEA_AOP_LIRCMOP1_N100_FE50000_run4_seed226104.mat"
"s05_confirmation","CMOEA-AOP","LIRCMOP1","LIR-CMOP",100,50000,5,226105,50080,8.8402,0.132211852850706,0.1707784889565396,1,"CMOEA_AOP_LIRCMOP1_N100_FE50000_run5_seed226105.mat"
"s05_confirmation","CMOEA-AOP","LIRCMOP2","LIR-CMOP",100,50000,1,226201,50012,8.6665,0.2040027280225321,0.254321329470083,1,"CMOEA_AOP_LIRCMOP2_N100_FE50000_run1_seed226201.mat"
"s05_confirmation","CMOEA-AOP","LIRCMOP2","LIR-CMOP",100,50000,2,226202,50014,9.9541,0.1365524874377335,0.2838398540947529,1,"CMOEA_AOP_LIRCMOP2_N100_FE50000_run2_seed226202.mat"
"s05_confirmation","CMOEA-AOP","LIRCMOP2","LIR-CMOP",100,50000,3,226203,50174,8.7441,0.2685001091901051,0.2293148948263847,1,"CMOEA_AOP_LIRCMOP2_N100_FE50000_run3_seed226203.mat"
"s05_confirmation","CMOEA-AOP","LIRCMOP2","LIR-CMOP",100,50000,4,226204,50188,9.3487,0.2544282342185497,0.2319091314732933,1,"CMOEA_AOP_LIRCMOP2_N100_FE50000_run4_seed226204.mat"
"s05_confirmation","CMOEA-AOP","LIRCMOP2","LIR-CMOP",100,50000,5,226205,50010,8.6498,0.112536469047453,0.2960673104949295,1,"CMOEA_AOP_LIRCMOP2_N100_FE50000_run5_seed226205.mat"
"s05_confirmation","CMOEA-AOP","LIRCMOP3","LIR-CMOP",100,50000,1,226301,50064,8.9,0.2696932336073216,0.1086762269024643,1,"CMOEA_AOP_LIRCMOP3_N100_FE50000_run1_seed226301.mat"
"s05_confirmation","CMOEA-AOP","LIRCMOP3","LIR-CMOP",100,50000,2,226302,50028,8.8144,0.05252627033042765,0.1827248585526837,1,"CMOEA_AOP_LIRCMOP3_N100_FE50000_run2_seed226302.mat"
"s05_confirmation","CMOEA-AOP","LIRCMOP3","LIR-CMOP",100,50000,3,226303,50110,8.5324,0.3679750879304353,0.09694354031265508,1,"CMOEA_AOP_LIRCMOP3_N100_FE50000_run3_seed226303.mat"
"s05_confirmation","CMOEA-AOP","LIRCMOP3","LIR-CMOP",100,50000,4,226304,50060,8.6985,0.09331178239381066,0.1599021127009517,1,"CMOEA_AOP_LIRCMOP3_N100_FE50000_run4_seed226304.mat"
"s05_confirmation","CMOEA-AOP","LIRCMOP3","LIR-CMOP",100,50000,5,226305,50138,9.2951,0.1925800404746817,0.1366250600946642,1,"CMOEA_AOP_LIRCMOP3_N100_FE50000_run5_seed226305.mat"
"s05_confirmation","CMOEA-AOP","LIRCMOP4","LIR-CMOP",100,50000,1,226401,50086,9.3419,0.2142627738722273,0.2191449843480639,1,"CMOEA_AOP_LIRCMOP4_N100_FE50000_run1_seed226401.mat"
"s05_confirmation","CMOEA-AOP","LIRCMOP4","LIR-CMOP",100,50000,2,226402,50020,8.7562,0.3053646837460814,0.1838517494969199,1,"CMOEA_AOP_LIRCMOP4_N100_FE50000_run2_seed226402.mat"
"s05_confirmation","CMOEA-AOP","LIRCMOP4","LIR-CMOP",100,50000,3,226403,50098,8.0987,0.2644371987474337,0.215457210387471,1,"CMOEA_AOP_LIRCMOP4_N100_FE50000_run3_seed226403.mat"
"s05_confirmation","CMOEA-AOP","LIRCMOP4","LIR-CMOP",100,50000,4,226404,50068,9.1789,0.2561267130207438,0.2081325873643667,1,"CMOEA_AOP_LIRCMOP4_N100_FE50000_run4_seed226404.mat"
"s05_confirmation","CMOEA-AOP","LIRCMOP4","LIR-CMOP",100,50000,5,226405,50060,8.5263,0.2077041547679203,0.2211103857902576,1,"CMOEA_AOP_LIRCMOP4_N100_FE50000_run5_seed226405.mat"
"s05_confirmation","CMOEA-AOP","LIRCMOP5","LIR-CMOP",100,50000,1,226501,50186,16.2768,0.1897767949592063,0.1868942176244517,1,"CMOEA_AOP_LIRCMOP5_N100_FE50000_run1_seed226501.mat"
"s05_confirmation","CMOEA-AOP","LIRCMOP5","LIR-CMOP",100,50000,2,226502,50150,15.2053,1.194630982857259,0,1,"CMOEA_AOP_LIRCMOP5_N100_FE50000_run2_seed226502.mat"
"s05_confirmation","CMOEA-AOP","LIRCMOP5","LIR-CMOP",100,50000,3,226503,50164,14.5917,1.162050790746218,0,1,"CMOEA_AOP_LIRCMOP5_N100_FE50000_run3_seed226503.mat"
"s05_confirmation","CMOEA-AOP","LIRCMOP5","LIR-CMOP",100,50000,4,226504,50052,15.8085,0.2003308009201148,0.1838330880659319,1,"CMOEA_AOP_LIRCMOP5_N100_FE50000_run4_seed226504.mat"
"s05_confirmation","CMOEA-AOP","LIRCMOP5","LIR-CMOP",100,50000,5,226505,50080,15.0522,0.2343251040414291,0.1698466901245795,1,"CMOEA_AOP_LIRCMOP5_N100_FE50000_run5_seed226505.mat"
"s05_confirmation","CMOEA-AOP","LIRCMOP6","LIR-CMOP",100,50000,1,226601,50004,14.5262,0.2426460597128809,0.1346986205037974,1,"CMOEA_AOP_LIRCMOP6_N100_FE50000_run1_seed226601.mat"
"s05_confirmation","CMOEA-AOP","LIRCMOP6","LIR-CMOP",100,50000,2,226602,50006,15.3044,0.3586029947655147,0.1181260343873266,1,"CMOEA_AOP_LIRCMOP6_N100_FE50000_run2_seed226602.mat"
"s05_confirmation","CMOEA-AOP","LIRCMOP6","LIR-CMOP",100,50000,3,226603,50016,16.6079,0.2301043554569919,0.1188288536123877,1,"CMOEA_AOP_LIRCMOP6_N100_FE50000_run3_seed226603.mat"
"s05_confirmation","CMOEA-AOP","LIRCMOP6","LIR-CMOP",100,50000,4,226604,50104,14.698,0.2075085246094895,0.1422986901145017,1,"CMOEA_AOP_LIRCMOP6_N100_FE50000_run4_seed226604.mat"
"s05_confirmation","CMOEA-AOP","LIRCMOP6","LIR-CMOP",100,50000,5,226605,50004,15.0211,0.06157078601798915,0.1781731858347912,1,"CMOEA_AOP_LIRCMOP6_N100_FE50000_run5_seed226605.mat"
"s05_confirmation","CMOEA-AOP","LIRCMOP7","LIR-CMOP",100,50000,1,226701,50074,14.4332,0.07069098436789255,0.2606615855880073,1,"CMOEA_AOP_LIRCMOP7_N100_FE50000_run1_seed226701.mat"
"s05_confirmation","CMOEA-AOP","LIRCMOP7","LIR-CMOP",100,50000,2,226702,50194,14.8759,0.1047955871391661,0.2513307803939359,1,"CMOEA_AOP_LIRCMOP7_N100_FE50000_run2_seed226702.mat"
"s05_confirmation","CMOEA-AOP","LIRCMOP7","LIR-CMOP",100,50000,3,226703,50172,14.6643,0.009909782208180958,0.2926700112258624,1,"CMOEA_AOP_LIRCMOP7_N100_FE50000_run3_seed226703.mat"
"s05_confirmation","CMOEA-AOP","LIRCMOP7","LIR-CMOP",100,50000,4,226704,50130,14.9863,0.07356992021823595,0.2624618505285147,1,"CMOEA_AOP_LIRCMOP7_N100_FE50000_run4_seed226704.mat"
"s05_confirmation","CMOEA-AOP","LIRCMOP7","LIR-CMOP",100,50000,5,226705,50172,15.861,0.02185414734822945,0.2870012435896892,1,"CMOEA_AOP_LIRCMOP7_N100_FE50000_run5_seed226705.mat"
"s05_confirmation","CMOEA-AOP","LIRCMOP8","LIR-CMOP",100,50000,1,226801,50080,15.7887,0.01214855121856072,0.2912084910453726,1,"CMOEA_AOP_LIRCMOP8_N100_FE50000_run1_seed226801.mat"
"s05_confirmation","CMOEA-AOP","LIRCMOP8","LIR-CMOP",100,50000,2,226802,50056,14.7377,0.07587961312087586,0.2550237017352527,1,"CMOEA_AOP_LIRCMOP8_N100_FE50000_run2_seed226802.mat"
"s05_confirmation","CMOEA-AOP","LIRCMOP8","LIR-CMOP",100,50000,3,226803,50062,14.847,0.1259148387714152,0.2493718869482006,1,"CMOEA_AOP_LIRCMOP8_N100_FE50000_run3_seed226803.mat"
"s05_confirmation","CMOEA-AOP","LIRCMOP8","LIR-CMOP",100,50000,4,226804,50020,15.1272,0.1033290073471256,0.2537785970985396,1,"CMOEA_AOP_LIRCMOP8_N100_FE50000_run4_seed226804.mat"
"s05_confirmation","CMOEA-AOP","LIRCMOP8","LIR-CMOP",100,50000,5,226805,50162,15.319,0.0669858384514414,0.2662168524223361,1,"CMOEA_AOP_LIRCMOP8_N100_FE50000_run5_seed226805.mat"
"s05_confirmation","CMOEA-AOP","LIRCMOP9","LIR-CMOP",100,50000,1,226901,50086,17.3354,0.4122002498198457,0.3909993312660107,1,"CMOEA_AOP_LIRCMOP9_N100_FE50000_run1_seed226901.mat"
"s05_confirmation","CMOEA-AOP","LIRCMOP9","LIR-CMOP",100,50000,2,226902,50088,18.1331,0.5098854109062363,0.3516926948778328,1,"CMOEA_AOP_LIRCMOP9_N100_FE50000_run2_seed226902.mat"
"s05_confirmation","CMOEA-AOP","LIRCMOP9","LIR-CMOP",100,50000,3,226903,50146,16.9107,0.50656751796738,0.3579520992317453,1,"CMOEA_AOP_LIRCMOP9_N100_FE50000_run3_seed226903.mat"
"s05_confirmation","CMOEA-AOP","LIRCMOP9","LIR-CMOP",100,50000,4,226904,50060,18.6395,0.603882035798449,0.293408200723017,1,"CMOEA_AOP_LIRCMOP9_N100_FE50000_run4_seed226904.mat"
"s05_confirmation","CMOEA-AOP","LIRCMOP9","LIR-CMOP",100,50000,5,226905,50094,18.8318,0.5077808943767598,0.3556036541232834,1,"CMOEA_AOP_LIRCMOP9_N100_FE50000_run5_seed226905.mat"
"s05_confirmation","Dual-Feasibility-Explore-AOP","CF10","CF",100,50000,1,286001,50000,6.2869,0.2365569484977654,0.2161992601427702,1,"Dual_Feasibility_Explore_AOP_CF10_N100_FE50000_run1_seed286001.mat"
"s05_confirmation","Dual-Feasibility-Explore-AOP","CF10","CF",100,50000,2,286002,50000,7.0839,0.2032468056147589,0.2508751054712174,1,"Dual_Feasibility_Explore_AOP_CF10_N100_FE50000_run2_seed286002.mat"
"s05_confirmation","Dual-Feasibility-Explore-AOP","CF10","CF",100,50000,3,286003,50000,6.6163,0.2834076001567112,0.1676779726404762,1,"Dual_Feasibility_Explore_AOP_CF10_N100_FE50000_run3_seed286003.mat"
"s05_confirmation","Dual-Feasibility-Explore-AOP","CF10","CF",100,50000,4,286004,50000,7.0915,0.2978344582926262,0.1469195143783017,1,"Dual_Feasibility_Explore_AOP_CF10_N100_FE50000_run4_seed286004.mat"
"s05_confirmation","Dual-Feasibility-Explore-AOP","CF10","CF",100,50000,5,286005,50000,8.5014,0.3304885348824939,0.1988437065815558,1,"Dual_Feasibility_Explore_AOP_CF10_N100_FE50000_run5_seed286005.mat"
"s05_confirmation","Dual-Feasibility-Explore-AOP","CF1","CF",100,50000,1,285101,50000,7.7404,0.005570838589479795,0.5593428448491347,1,"Dual_Feasibility_Explore_AOP_CF1_N100_FE50000_run1_seed285101.mat"
"s05_confirmation","Dual-Feasibility-Explore-AOP","CF1","CF",100,50000,2,285102,50000,6.8316,0.004698043722801365,0.5602912467092083,1,"Dual_Feasibility_Explore_AOP_CF1_N100_FE50000_run2_seed285102.mat"
"s05_confirmation","Dual-Feasibility-Explore-AOP","CF1","CF",100,50000,3,285103,50000,6.7927,0.005502467822128527,0.5594264735119936,1,"Dual_Feasibility_Explore_AOP_CF1_N100_FE50000_run3_seed285103.mat"
"s05_confirmation","Dual-Feasibility-Explore-AOP","CF1","CF",100,50000,4,285104,50000,8.6114,0.00430422388027355,0.5608846794156374,1,"Dual_Feasibility_Explore_AOP_CF1_N100_FE50000_run4_seed285104.mat"
"s05_confirmation","Dual-Feasibility-Explore-AOP","CF1","CF",100,50000,5,285105,50000,7.1991,0.005281804559295777,0.5597079118762768,1,"Dual_Feasibility_Explore_AOP_CF1_N100_FE50000_run5_seed285105.mat"
"s05_confirmation","Dual-Feasibility-Explore-AOP","CF2","CF",100,50000,1,285201,50000,6.2166,0.01611163700884892,0.6613988013923988,1,"Dual_Feasibility_Explore_AOP_CF2_N100_FE50000_run1_seed285201.mat"
"s05_confirmation","Dual-Feasibility-Explore-AOP","CF2","CF",100,50000,2,285202,50000,6.3466,0.02410901547619404,0.6557925173354832,1,"Dual_Feasibility_Explore_AOP_CF2_N100_FE50000_run2_seed285202.mat"
"s05_confirmation","Dual-Feasibility-Explore-AOP","CF2","CF",100,50000,3,285203,50000,5.259,0.01434359169409639,0.6566538396134607,1,"Dual_Feasibility_Explore_AOP_CF2_N100_FE50000_run3_seed285203.mat"
"s05_confirmation","Dual-Feasibility-Explore-AOP","CF2","CF",100,50000,4,285204,50000,5.9071,0.02789805671924135,0.6533734913604023,1,"Dual_Feasibility_Explore_AOP_CF2_N100_FE50000_run4_seed285204.mat"
"s05_confirmation","Dual-Feasibility-Explore-AOP","CF2","CF",100,50000,5,285205,50000,6.8015,0.01445290243301432,0.6620774810639469,1,"Dual_Feasibility_Explore_AOP_CF2_N100_FE50000_run5_seed285205.mat"
"s05_confirmation","Dual-Feasibility-Explore-AOP","CF3","CF",100,50000,1,285301,50000,5.8745,0.08075777759832331,0.2850199275688625,1,"Dual_Feasibility_Explore_AOP_CF3_N100_FE50000_run1_seed285301.mat"
"s05_confirmation","Dual-Feasibility-Explore-AOP","CF3","CF",100,50000,2,285302,50000,5.0792,0.107462991098045,0.2644158704557409,1,"Dual_Feasibility_Explore_AOP_CF3_N100_FE50000_run2_seed285302.mat"
"s05_confirmation","Dual-Feasibility-Explore-AOP","CF3","CF",100,50000,3,285303,50000,5.3053,0.1249779565546558,0.2960191856545045,1,"Dual_Feasibility_Explore_AOP_CF3_N100_FE50000_run3_seed285303.mat"
"s05_confirmation","Dual-Feasibility-Explore-AOP","CF3","CF",100,50000,4,285304,50000,5.2905,0.240511909683874,0.1612145876844227,1,"Dual_Feasibility_Explore_AOP_CF3_N100_FE50000_run4_seed285304.mat"
"s05_confirmation","Dual-Feasibility-Explore-AOP","CF3","CF",100,50000,5,285305,50000,5.1555,0.1053194660445012,0.2722147868436689,1,"Dual_Feasibility_Explore_AOP_CF3_N100_FE50000_run5_seed285305.mat"
"s05_confirmation","Dual-Feasibility-Explore-AOP","CF4","CF",100,50000,1,285401,50000,6.4535,0.05851970301645128,0.4585962394790262,1,"Dual_Feasibility_Explore_AOP_CF4_N100_FE50000_run1_seed285401.mat"
"s05_confirmation","Dual-Feasibility-Explore-AOP","CF4","CF",100,50000,2,285402,50000,5.9196,0.054700358391985,0.4629209702670489,1,"Dual_Feasibility_Explore_AOP_CF4_N100_FE50000_run2_seed285402.mat"
"s05_confirmation","Dual-Feasibility-Explore-AOP","CF4","CF",100,50000,3,285403,50000,6.4712,0.06962599728437728,0.4493993963018743,1,"Dual_Feasibility_Explore_AOP_CF4_N100_FE50000_run3_seed285403.mat"
"s05_confirmation","Dual-Feasibility-Explore-AOP","CF4","CF",100,50000,4,285404,50000,6.6316,0.04019858005608144,0.4837304837282703,1,"Dual_Feasibility_Explore_AOP_CF4_N100_FE50000_run4_seed285404.mat"
"s05_confirmation","Dual-Feasibility-Explore-AOP","CF4","CF",100,50000,5,285405,50000,5.5151,0.04153586474006311,0.4825105846870215,1,"Dual_Feasibility_Explore_AOP_CF4_N100_FE50000_run5_seed285405.mat"
"s05_confirmation","Dual-Feasibility-Explore-AOP","CF5","CF",100,50000,1,285501,50000,6.4968,0.08591647159621404,0.4137890734477255,1,"Dual_Feasibility_Explore_AOP_CF5_N100_FE50000_run1_seed285501.mat"
"s05_confirmation","Dual-Feasibility-Explore-AOP","CF5","CF",100,50000,2,285502,50000,6.9468,0.1002300526259666,0.3991833762192648,1,"Dual_Feasibility_Explore_AOP_CF5_N100_FE50000_run2_seed285502.mat"
"s05_confirmation","Dual-Feasibility-Explore-AOP","CF5","CF",100,50000,3,285503,50000,6.598,0.1094295231311731,0.3996458435809339,1,"Dual_Feasibility_Explore_AOP_CF5_N100_FE50000_run3_seed285503.mat"
"s05_confirmation","Dual-Feasibility-Explore-AOP","CF5","CF",100,50000,4,285504,50000,7.8787,0.1516311963963075,0.3231561116576991,1,"Dual_Feasibility_Explore_AOP_CF5_N100_FE50000_run4_seed285504.mat"
"s05_confirmation","Dual-Feasibility-Explore-AOP","CF5","CF",100,50000,5,285505,50000,6.7094,0.1604766079183697,0.318130979540755,1,"Dual_Feasibility_Explore_AOP_CF5_N100_FE50000_run5_seed285505.mat"
"s05_confirmation","Dual-Feasibility-Explore-AOP","CF6","CF",100,50000,1,285601,50000,6.7744,0.06697325777223287,0.6468886250305101,1,"Dual_Feasibility_Explore_AOP_CF6_N100_FE50000_run1_seed285601.mat"
"s05_confirmation","Dual-Feasibility-Explore-AOP","CF6","CF",100,50000,2,285602,50000,7.1678,0.05207041587334275,0.6545753361222938,1,"Dual_Feasibility_Explore_AOP_CF6_N100_FE50000_run2_seed285602.mat"
"s05_confirmation","Dual-Feasibility-Explore-AOP","CF6","CF",100,50000,3,285603,50000,7.4575,0.04803650205633594,0.6628709590080645,1,"Dual_Feasibility_Explore_AOP_CF6_N100_FE50000_run3_seed285603.mat"
"s05_confirmation","Dual-Feasibility-Explore-AOP","CF6","CF",100,50000,4,285604,50000,8.4252,0.05870702416029568,0.6524009028263134,1,"Dual_Feasibility_Explore_AOP_CF6_N100_FE50000_run4_seed285604.mat"
"s05_confirmation","Dual-Feasibility-Explore-AOP","CF6","CF",100,50000,5,285605,50000,7.7217,0.03257179558329138,0.6665214115714776,1,"Dual_Feasibility_Explore_AOP_CF6_N100_FE50000_run5_seed285605.mat"
"s05_confirmation","Dual-Feasibility-Explore-AOP","CF7","CF",100,50000,1,285701,50000,7.0345,0.07804819338706344,0.5961233742492354,1,"Dual_Feasibility_Explore_AOP_CF7_N100_FE50000_run1_seed285701.mat"
"s05_confirmation","Dual-Feasibility-Explore-AOP","CF7","CF",100,50000,2,285702,50000,5.5564,0.1824720246852994,0.5672331949324405,1,"Dual_Feasibility_Explore_AOP_CF7_N100_FE50000_run2_seed285702.mat"
"s05_confirmation","Dual-Feasibility-Explore-AOP","CF7","CF",100,50000,3,285703,50000,6.5848,0.6843483888606378,0.1228238218602158,1,"Dual_Feasibility_Explore_AOP_CF7_N100_FE50000_run3_seed285703.mat"
"s05_confirmation","Dual-Feasibility-Explore-AOP","CF7","CF",100,50000,4,285704,50000,6.6345,0.1878237139377253,0.5173179887619009,1,"Dual_Feasibility_Explore_AOP_CF7_N100_FE50000_run4_seed285704.mat"
"s05_confirmation","Dual-Feasibility-Explore-AOP","CF7","CF",100,50000,5,285705,50000,6.8264,0.1318504772047761,0.5353460993753016,1,"Dual_Feasibility_Explore_AOP_CF7_N100_FE50000_run5_seed285705.mat"
"s05_confirmation","Dual-Feasibility-Explore-AOP","CF8","CF",100,50000,1,285801,50000,6.2381,0.1629184148268497,0.3432796349932264,1,"Dual_Feasibility_Explore_AOP_CF8_N100_FE50000_run1_seed285801.mat"
"s05_confirmation","Dual-Feasibility-Explore-AOP","CF8","CF",100,50000,2,285802,50000,5.7986,0.1602104156833875,0.3359504876976692,1,"Dual_Feasibility_Explore_AOP_CF8_N100_FE50000_run2_seed285802.mat"
"s05_confirmation","Dual-Feasibility-Explore-AOP","CF8","CF",100,50000,3,285803,50000,5.401,0.2008382613712218,0.3307516599590568,1,"Dual_Feasibility_Explore_AOP_CF8_N100_FE50000_run3_seed285803.mat"
"s05_confirmation","Dual-Feasibility-Explore-AOP","CF8","CF",100,50000,4,285804,50000,5.2487,0.1701573708686967,0.3318882716406292,1,"Dual_Feasibility_Explore_AOP_CF8_N100_FE50000_run4_seed285804.mat"
"s05_confirmation","Dual-Feasibility-Explore-AOP","CF8","CF",100,50000,5,285805,50000,5.6643,0.1739021152897816,0.3341072770827716,1,"Dual_Feasibility_Explore_AOP_CF8_N100_FE50000_run5_seed285805.mat"
"s05_confirmation","Dual-Feasibility-Explore-AOP","CF9","CF",100,50000,1,285901,50000,7.8544,0.09725986213369832,0.4136819271745279,1,"Dual_Feasibility_Explore_AOP_CF9_N100_FE50000_run1_seed285901.mat"
"s05_confirmation","Dual-Feasibility-Explore-AOP","CF9","CF",100,50000,2,285902,50000,7.5088,0.09861745068147283,0.4214864334502501,1,"Dual_Feasibility_Explore_AOP_CF9_N100_FE50000_run2_seed285902.mat"
"s05_confirmation","Dual-Feasibility-Explore-AOP","CF9","CF",100,50000,3,285903,50000,8.2508,0.1018132700125307,0.4214009084047199,1,"Dual_Feasibility_Explore_AOP_CF9_N100_FE50000_run3_seed285903.mat"
"s05_confirmation","Dual-Feasibility-Explore-AOP","CF9","CF",100,50000,4,285904,50000,6.4937,0.103224967549298,0.4166438982136583,1,"Dual_Feasibility_Explore_AOP_CF9_N100_FE50000_run4_seed285904.mat"
"s05_confirmation","Dual-Feasibility-Explore-AOP","CF9","CF",100,50000,5,285905,50000,6.0824,0.09364825565006267,0.4293972154632483,1,"Dual_Feasibility_Explore_AOP_CF9_N100_FE50000_run5_seed285905.mat"
"s05_confirmation","Dual-Feasibility-Explore-AOP","DASCMOP1","DAS-CMOP",100,50000,1,287501,50000,5.0436,0.008990619740970297,0.2085450700790258,1,"Dual_Feasibility_Explore_AOP_DASCMOP1_N100_FE50000_run1_seed287501.mat"
"s05_confirmation","Dual-Feasibility-Explore-AOP","DASCMOP1","DAS-CMOP",100,50000,2,287502,50000,3.5763,0.009430951746565056,0.2085394105134873,1,"Dual_Feasibility_Explore_AOP_DASCMOP1_N100_FE50000_run2_seed287502.mat"
"s05_confirmation","Dual-Feasibility-Explore-AOP","DASCMOP1","DAS-CMOP",100,50000,3,287503,50000,3.5027,0.007965646103491222,0.2078462206312672,1,"Dual_Feasibility_Explore_AOP_DASCMOP1_N100_FE50000_run3_seed287503.mat"
"s05_confirmation","Dual-Feasibility-Explore-AOP","DASCMOP1","DAS-CMOP",100,50000,4,287504,50000,4.0523,0.007652552190409508,0.2055006409826491,1,"Dual_Feasibility_Explore_AOP_DASCMOP1_N100_FE50000_run4_seed287504.mat"
"s05_confirmation","Dual-Feasibility-Explore-AOP","DASCMOP1","DAS-CMOP",100,50000,5,287505,50000,4.4768,0.01168131160165639,0.2064056338474635,1,"Dual_Feasibility_Explore_AOP_DASCMOP1_N100_FE50000_run5_seed287505.mat"
"s05_confirmation","Dual-Feasibility-Explore-AOP","DASCMOP2","DAS-CMOP",100,50000,1,287601,50000,4.0471,0.01128985555655883,0.3498070631516939,1,"Dual_Feasibility_Explore_AOP_DASCMOP2_N100_FE50000_run1_seed287601.mat"
"s05_confirmation","Dual-Feasibility-Explore-AOP","DASCMOP2","DAS-CMOP",100,50000,2,287602,50000,5.1586,0.01193031651798789,0.348685662546922,1,"Dual_Feasibility_Explore_AOP_DASCMOP2_N100_FE50000_run2_seed287602.mat"
"s05_confirmation","Dual-Feasibility-Explore-AOP","DASCMOP2","DAS-CMOP",100,50000,3,287603,50000,3.3986,0.008237308619725419,0.3523973930177424,1,"Dual_Feasibility_Explore_AOP_DASCMOP2_N100_FE50000_run3_seed287603.mat"
"s05_confirmation","Dual-Feasibility-Explore-AOP","DASCMOP2","DAS-CMOP",100,50000,4,287604,50000,3.2692,0.008574213353471418,0.3527433090221229,1,"Dual_Feasibility_Explore_AOP_DASCMOP2_N100_FE50000_run4_seed287604.mat"
"s05_confirmation","Dual-Feasibility-Explore-AOP","DASCMOP2","DAS-CMOP",100,50000,5,287605,50000,3.8376,0.009853210223736551,0.3520735828571973,1,"Dual_Feasibility_Explore_AOP_DASCMOP2_N100_FE50000_run5_seed287605.mat"
"s05_confirmation","Dual-Feasibility-Explore-AOP","DASCMOP3","DAS-CMOP",100,50000,1,287701,50000,4.0675,0.02252331475445406,0.3082438428618432,1,"Dual_Feasibility_Explore_AOP_DASCMOP3_N100_FE50000_run1_seed287701.mat"
"s05_confirmation","Dual-Feasibility-Explore-AOP","DASCMOP3","DAS-CMOP",100,50000,2,287702,50000,3.7535,0.02376316566839214,0.309755550838236,1,"Dual_Feasibility_Explore_AOP_DASCMOP3_N100_FE50000_run2_seed287702.mat"
"s05_confirmation","Dual-Feasibility-Explore-AOP","DASCMOP3","DAS-CMOP",100,50000,3,287703,50000,5.1434,0.02342084223380549,0.3078141639142438,1,"Dual_Feasibility_Explore_AOP_DASCMOP3_N100_FE50000_run3_seed287703.mat"
"s05_confirmation","Dual-Feasibility-Explore-AOP","DASCMOP3","DAS-CMOP",100,50000,4,287704,50000,3.4008,0.02213899819777882,0.3104396827540248,1,"Dual_Feasibility_Explore_AOP_DASCMOP3_N100_FE50000_run4_seed287704.mat"
"s05_confirmation","Dual-Feasibility-Explore-AOP","DASCMOP3","DAS-CMOP",100,50000,5,287705,50000,3.1746,0.01637151308241721,0.3075313934890321,1,"Dual_Feasibility_Explore_AOP_DASCMOP3_N100_FE50000_run5_seed287705.mat"
"s05_confirmation","Dual-Feasibility-Explore-AOP","DASCMOP4","DAS-CMOP",100,50000,1,287801,50000,3.7855,0.4329001298480241,0.03969445941984021,1,"Dual_Feasibility_Explore_AOP_DASCMOP4_N100_FE50000_run1_seed287801.mat"
"s05_confirmation","Dual-Feasibility-Explore-AOP","DASCMOP4","DAS-CMOP",100,50000,2,287802,50000,3.5639,0.4288957483381755,0.04044255077593438,1,"Dual_Feasibility_Explore_AOP_DASCMOP4_N100_FE50000_run2_seed287802.mat"
"s05_confirmation","Dual-Feasibility-Explore-AOP","DASCMOP4","DAS-CMOP",100,50000,3,287803,50000,3.4119,0.8741047864641667,0,1,"Dual_Feasibility_Explore_AOP_DASCMOP4_N100_FE50000_run3_seed287803.mat"
"s05_confirmation","Dual-Feasibility-Explore-AOP","DASCMOP4","DAS-CMOP",100,50000,4,287804,50000,4.7055,NaN,NaN,0,"Dual_Feasibility_Explore_AOP_DASCMOP4_N100_FE50000_run4_seed287804.mat"
"s05_confirmation","Dual-Feasibility-Explore-AOP","DASCMOP4","DAS-CMOP",100,50000,5,287805,50000,2.9479,0.4147933390390847,0.04533964006129136,1,"Dual_Feasibility_Explore_AOP_DASCMOP4_N100_FE50000_run5_seed287805.mat"
"s05_confirmation","Dual-Feasibility-Explore-AOP","DASCMOP5","DAS-CMOP",100,50000,1,287901,50000,2.9655,0.8531347858007701,0.0124263713517761,1,"Dual_Feasibility_Explore_AOP_DASCMOP5_N100_FE50000_run1_seed287901.mat"
"s05_confirmation","Dual-Feasibility-Explore-AOP","DASCMOP5","DAS-CMOP",100,50000,2,287902,50000,3.8353,0.5716148610573054,0.05803111900333494,1,"Dual_Feasibility_Explore_AOP_DASCMOP5_N100_FE50000_run2_seed287902.mat"
"s05_confirmation","Dual-Feasibility-Explore-AOP","DASCMOP5","DAS-CMOP",100,50000,3,287903,50000,3.3624,0.3793467001499871,0.125291814250033,1,"Dual_Feasibility_Explore_AOP_DASCMOP5_N100_FE50000_run3_seed287903.mat"
"s05_confirmation","Dual-Feasibility-Explore-AOP","DASCMOP5","DAS-CMOP",100,50000,4,287904,50000,3.4054,NaN,NaN,0,"Dual_Feasibility_Explore_AOP_DASCMOP5_N100_FE50000_run4_seed287904.mat"
"s05_confirmation","Dual-Feasibility-Explore-AOP","DASCMOP5","DAS-CMOP",100,50000,5,287905,50000,4.3372,0.6972617151376497,0.03540887101779767,1,"Dual_Feasibility_Explore_AOP_DASCMOP5_N100_FE50000_run5_seed287905.mat"
"s05_confirmation","Dual-Feasibility-Explore-AOP","DASCMOP6","DAS-CMOP",100,50000,1,288001,50000,2.8967,0.600026325478643,0.0399854275409888,1,"Dual_Feasibility_Explore_AOP_DASCMOP6_N100_FE50000_run1_seed288001.mat"
"s05_confirmation","Dual-Feasibility-Explore-AOP","DASCMOP6","DAS-CMOP",100,50000,2,288002,50000,2.8842,0.6264088829348602,0.03391105705683893,1,"Dual_Feasibility_Explore_AOP_DASCMOP6_N100_FE50000_run2_seed288002.mat"
"s05_confirmation","Dual-Feasibility-Explore-AOP","DASCMOP6","DAS-CMOP",100,50000,3,288003,50000,3.7496,0.7244522868190661,0.02430876387089057,1,"Dual_Feasibility_Explore_AOP_DASCMOP6_N100_FE50000_run3_seed288003.mat"
"s05_confirmation","Dual-Feasibility-Explore-AOP","DASCMOP6","DAS-CMOP",100,50000,4,288004,50000,3.4759,0.529227386654972,0.05196894968918968,1,"Dual_Feasibility_Explore_AOP_DASCMOP6_N100_FE50000_run4_seed288004.mat"
"s05_confirmation","Dual-Feasibility-Explore-AOP","DASCMOP6","DAS-CMOP",100,50000,5,288005,50000,3.3828,0.6533073346584887,0.03222967343511535,1,"Dual_Feasibility_Explore_AOP_DASCMOP6_N100_FE50000_run5_seed288005.mat"
"s05_confirmation","Dual-Feasibility-Explore-AOP","DASCMOP7","DAS-CMOP",100,50000,1,288101,50000,4.8024,0.6353877116997707,0.05388743301444907,1,"Dual_Feasibility_Explore_AOP_DASCMOP7_N100_FE50000_run1_seed288101.mat"
"s05_confirmation","Dual-Feasibility-Explore-AOP","DASCMOP7","DAS-CMOP",100,50000,2,288102,50000,3.1893,0.8034409744078249,0.02247626116694185,1,"Dual_Feasibility_Explore_AOP_DASCMOP7_N100_FE50000_run2_seed288102.mat"
"s05_confirmation","Dual-Feasibility-Explore-AOP","DASCMOP7","DAS-CMOP",100,50000,3,288103,50000,3.3566,0.9140678971196711,0.01413075358814347,1,"Dual_Feasibility_Explore_AOP_DASCMOP7_N100_FE50000_run3_seed288103.mat"
"s05_confirmation","Dual-Feasibility-Explore-AOP","DASCMOP7","DAS-CMOP",100,50000,4,288104,50000,4.2523,0.2081326883448109,0.1890814866855415,1,"Dual_Feasibility_Explore_AOP_DASCMOP7_N100_FE50000_run4_seed288104.mat"
"s05_confirmation","Dual-Feasibility-Explore-AOP","DASCMOP7","DAS-CMOP",100,50000,5,288105,50000,3.3057,1.333885573897609,0,0.39,"Dual_Feasibility_Explore_AOP_DASCMOP7_N100_FE50000_run5_seed288105.mat"
"s05_confirmation","Dual-Feasibility-Explore-AOP","DASCMOP8","DAS-CMOP",100,50000,1,288201,50000,3.5641,0.5746552792379837,0.005788547360397738,1,"Dual_Feasibility_Explore_AOP_DASCMOP8_N100_FE50000_run1_seed288201.mat"
"s05_confirmation","Dual-Feasibility-Explore-AOP","DASCMOP8","DAS-CMOP",100,50000,2,288202,50000,4.9122,0.7326318249573408,0.0002582281534703795,1,"Dual_Feasibility_Explore_AOP_DASCMOP8_N100_FE50000_run2_seed288202.mat"
"s05_confirmation","Dual-Feasibility-Explore-AOP","DASCMOP8","DAS-CMOP",100,50000,3,288203,50000,3.0673,0.653053402730511,0.001308916053725782,1,"Dual_Feasibility_Explore_AOP_DASCMOP8_N100_FE50000_run3_seed288203.mat"
"s05_confirmation","Dual-Feasibility-Explore-AOP","DASCMOP8","DAS-CMOP",100,50000,4,288204,50000,3.0289,0.6350444984115526,0.01774041643173723,1,"Dual_Feasibility_Explore_AOP_DASCMOP8_N100_FE50000_run4_seed288204.mat"
"s05_confirmation","Dual-Feasibility-Explore-AOP","DASCMOP8","DAS-CMOP",100,50000,5,288205,50000,4.3906,0.1274382514645211,0.1618381727673286,1,"Dual_Feasibility_Explore_AOP_DASCMOP8_N100_FE50000_run5_seed288205.mat"
"s05_confirmation","Dual-Feasibility-Explore-AOP","DASCMOP9","DAS-CMOP",100,50000,1,288301,50000,3.9858,0.07215278024480072,0.1988494867610303,1,"Dual_Feasibility_Explore_AOP_DASCMOP9_N100_FE50000_run1_seed288301.mat"
"s05_confirmation","Dual-Feasibility-Explore-AOP","DASCMOP9","DAS-CMOP",100,50000,2,288302,50000,3.6228,0.07710216612509489,0.198387324208514,1,"Dual_Feasibility_Explore_AOP_DASCMOP9_N100_FE50000_run2_seed288302.mat"
"s05_confirmation","Dual-Feasibility-Explore-AOP","DASCMOP9","DAS-CMOP",100,50000,3,288303,50000,5.0177,0.0526352332929618,0.2029511969322415,1,"Dual_Feasibility_Explore_AOP_DASCMOP9_N100_FE50000_run3_seed288303.mat"
"s05_confirmation","Dual-Feasibility-Explore-AOP","DASCMOP9","DAS-CMOP",100,50000,4,288304,50000,3.7721,0.04877038974634799,0.2048517931691743,1,"Dual_Feasibility_Explore_AOP_DASCMOP9_N100_FE50000_run4_seed288304.mat"
"s05_confirmation","Dual-Feasibility-Explore-AOP","DASCMOP9","DAS-CMOP",100,50000,5,288305,50000,3.5208,0.05770863465341694,0.2013017048039659,1,"Dual_Feasibility_Explore_AOP_DASCMOP9_N100_FE50000_run5_seed288305.mat"
"s05_confirmation","Dual-Feasibility-Explore-AOP","LIRCMOP10","LIR-CMOP",100,50000,1,287001,50000,8.0485,0.2301169026021187,0.5877886175793059,1,"Dual_Feasibility_Explore_AOP_LIRCMOP10_N100_FE50000_run1_seed287001.mat"
"s05_confirmation","Dual-Feasibility-Explore-AOP","LIRCMOP10","LIR-CMOP",100,50000,2,287002,50000,8.0366,0.2189366539134981,0.6026945012562505,1,"Dual_Feasibility_Explore_AOP_LIRCMOP10_N100_FE50000_run2_seed287002.mat"
"s05_confirmation","Dual-Feasibility-Explore-AOP","LIRCMOP10","LIR-CMOP",100,50000,3,287003,50000,5.8134,0.2334314707077341,0.5909942305487161,1,"Dual_Feasibility_Explore_AOP_LIRCMOP10_N100_FE50000_run3_seed287003.mat"
"s05_confirmation","Dual-Feasibility-Explore-AOP","LIRCMOP10","LIR-CMOP",100,50000,4,287004,50000,5.5975,0.2220867775512281,0.5957315165249445,1,"Dual_Feasibility_Explore_AOP_LIRCMOP10_N100_FE50000_run4_seed287004.mat"
"s05_confirmation","Dual-Feasibility-Explore-AOP","LIRCMOP10","LIR-CMOP",100,50000,5,287005,50000,8.5924,0.2186710504191043,0.5966818083390198,1,"Dual_Feasibility_Explore_AOP_LIRCMOP10_N100_FE50000_run5_seed287005.mat"
"s05_confirmation","Dual-Feasibility-Explore-AOP","LIRCMOP11","LIR-CMOP",100,50000,1,287101,50000,6.9733,0.0788750558628316,0.6526792878767673,1,"Dual_Feasibility_Explore_AOP_LIRCMOP11_N100_FE50000_run1_seed287101.mat"
"s05_confirmation","Dual-Feasibility-Explore-AOP","LIRCMOP11","LIR-CMOP",100,50000,2,287102,50000,6.7489,0.1433872813597068,0.6000461405208868,1,"Dual_Feasibility_Explore_AOP_LIRCMOP11_N100_FE50000_run2_seed287102.mat"
"s05_confirmation","Dual-Feasibility-Explore-AOP","LIRCMOP11","LIR-CMOP",100,50000,3,287103,50000,6.5512,0.04075910351745238,0.6682831047379377,1,"Dual_Feasibility_Explore_AOP_LIRCMOP11_N100_FE50000_run3_seed287103.mat"
"s05_confirmation","Dual-Feasibility-Explore-AOP","LIRCMOP11","LIR-CMOP",100,50000,4,287104,50000,5.2637,0.09291067744765531,0.6405457037298025,1,"Dual_Feasibility_Explore_AOP_LIRCMOP11_N100_FE50000_run4_seed287104.mat"
"s05_confirmation","Dual-Feasibility-Explore-AOP","LIRCMOP11","LIR-CMOP",100,50000,5,287105,50000,5.4088,0.1439462999787886,0.6001740213464973,1,"Dual_Feasibility_Explore_AOP_LIRCMOP11_N100_FE50000_run5_seed287105.mat"
"s05_confirmation","Dual-Feasibility-Explore-AOP","LIRCMOP12","LIR-CMOP",100,50000,1,287201,50000,5.2419,0.1546774488137075,0.5367358927238828,1,"Dual_Feasibility_Explore_AOP_LIRCMOP12_N100_FE50000_run1_seed287201.mat"
"s05_confirmation","Dual-Feasibility-Explore-AOP","LIRCMOP12","LIR-CMOP",100,50000,2,287202,50000,7.0546,0.1627527787473331,0.5349994533311589,1,"Dual_Feasibility_Explore_AOP_LIRCMOP12_N100_FE50000_run2_seed287202.mat"
"s05_confirmation","Dual-Feasibility-Explore-AOP","LIRCMOP12","LIR-CMOP",100,50000,3,287203,50000,4.9172,0.1798296290019713,0.5206813717387105,1,"Dual_Feasibility_Explore_AOP_LIRCMOP12_N100_FE50000_run3_seed287203.mat"
"s05_confirmation","Dual-Feasibility-Explore-AOP","LIRCMOP12","LIR-CMOP",100,50000,4,287204,50000,5.6049,0.1496358640333128,0.5430035360627904,1,"Dual_Feasibility_Explore_AOP_LIRCMOP12_N100_FE50000_run4_seed287204.mat"
"s05_confirmation","Dual-Feasibility-Explore-AOP","LIRCMOP12","LIR-CMOP",100,50000,5,287205,50000,4.7875,0.155664704274706,0.5350952079238588,1,"Dual_Feasibility_Explore_AOP_LIRCMOP12_N100_FE50000_run5_seed287205.mat"
"s05_confirmation","Dual-Feasibility-Explore-AOP","LIRCMOP13","LIR-CMOP",100,50000,1,287301,50000,8.2291,0.09892217550246392,0.5404415619086391,1,"Dual_Feasibility_Explore_AOP_LIRCMOP13_N100_FE50000_run1_seed287301.mat"
"s05_confirmation","Dual-Feasibility-Explore-AOP","LIRCMOP13","LIR-CMOP",100,50000,2,287302,50000,11.1221,0.09682207172640397,0.5420432914257072,1,"Dual_Feasibility_Explore_AOP_LIRCMOP13_N100_FE50000_run2_seed287302.mat"
"s05_confirmation","Dual-Feasibility-Explore-AOP","LIRCMOP13","LIR-CMOP",100,50000,3,287303,50000,9.7779,0.09862923318882662,0.5394160602127467,1,"Dual_Feasibility_Explore_AOP_LIRCMOP13_N100_FE50000_run3_seed287303.mat"
"s05_confirmation","Dual-Feasibility-Explore-AOP","LIRCMOP13","LIR-CMOP",100,50000,4,287304,50000,9.9737,0.1020233668276472,0.5376324445748482,1,"Dual_Feasibility_Explore_AOP_LIRCMOP13_N100_FE50000_run4_seed287304.mat"
"s05_confirmation","Dual-Feasibility-Explore-AOP","LIRCMOP13","LIR-CMOP",100,50000,5,287305,50000,11.8672,0.09959862059499774,0.5417025191007834,1,"Dual_Feasibility_Explore_AOP_LIRCMOP13_N100_FE50000_run5_seed287305.mat"
"s05_confirmation","Dual-Feasibility-Explore-AOP","LIRCMOP14","LIR-CMOP",100,50000,1,287401,50000,7.1603,0.09802301027894253,0.5510935820842155,1,"Dual_Feasibility_Explore_AOP_LIRCMOP14_N100_FE50000_run1_seed287401.mat"
"s05_confirmation","Dual-Feasibility-Explore-AOP","LIRCMOP14","LIR-CMOP",100,50000,2,287402,50000,7.2842,0.09561801892160723,0.5517647557607023,1,"Dual_Feasibility_Explore_AOP_LIRCMOP14_N100_FE50000_run2_seed287402.mat"
"s05_confirmation","Dual-Feasibility-Explore-AOP","LIRCMOP14","LIR-CMOP",100,50000,3,287403,50000,9.114,0.09584290142820069,0.5522343999403434,1,"Dual_Feasibility_Explore_AOP_LIRCMOP14_N100_FE50000_run3_seed287403.mat"
"s05_confirmation","Dual-Feasibility-Explore-AOP","LIRCMOP14","LIR-CMOP",100,50000,4,287404,50000,8.7656,0.09448502723981228,0.5530133554943287,1,"Dual_Feasibility_Explore_AOP_LIRCMOP14_N100_FE50000_run4_seed287404.mat"
"s05_confirmation","Dual-Feasibility-Explore-AOP","LIRCMOP14","LIR-CMOP",100,50000,5,287405,50000,8.2921,0.09897648765199282,0.5530616161001627,1,"Dual_Feasibility_Explore_AOP_LIRCMOP14_N100_FE50000_run5_seed287405.mat"
"s05_confirmation","Dual-Feasibility-Explore-AOP","LIRCMOP1","LIR-CMOP",100,50000,1,286101,50000,3.9174,0.2175828199745759,0.1407475049500473,1,"Dual_Feasibility_Explore_AOP_LIRCMOP1_N100_FE50000_run1_seed286101.mat"
"s05_confirmation","Dual-Feasibility-Explore-AOP","LIRCMOP1","LIR-CMOP",100,50000,2,286102,50000,4.624,0.1497311831799932,0.1601990274481403,1,"Dual_Feasibility_Explore_AOP_LIRCMOP1_N100_FE50000_run2_seed286102.mat"
"s05_confirmation","Dual-Feasibility-Explore-AOP","LIRCMOP1","LIR-CMOP",100,50000,3,286103,50000,4.8407,0.2047865445566638,0.1380363471521577,1,"Dual_Feasibility_Explore_AOP_LIRCMOP1_N100_FE50000_run3_seed286103.mat"
"s05_confirmation","Dual-Feasibility-Explore-AOP","LIRCMOP1","LIR-CMOP",100,50000,4,286104,50000,4.9212,0.3111889501760857,0.112176542464886,1,"Dual_Feasibility_Explore_AOP_LIRCMOP1_N100_FE50000_run4_seed286104.mat"
"s05_confirmation","Dual-Feasibility-Explore-AOP","LIRCMOP1","LIR-CMOP",100,50000,5,286105,50000,4.6558,0.3374252065921249,0.1040337565790942,1,"Dual_Feasibility_Explore_AOP_LIRCMOP1_N100_FE50000_run5_seed286105.mat"
"s05_confirmation","Dual-Feasibility-Explore-AOP","LIRCMOP2","LIR-CMOP",100,50000,1,286201,50000,4.4404,0.2566150183179957,0.2280854965698161,1,"Dual_Feasibility_Explore_AOP_LIRCMOP2_N100_FE50000_run1_seed286201.mat"
"s05_confirmation","Dual-Feasibility-Explore-AOP","LIRCMOP2","LIR-CMOP",100,50000,2,286202,50000,4.2931,0.2325996520134461,0.2343371906507195,1,"Dual_Feasibility_Explore_AOP_LIRCMOP2_N100_FE50000_run2_seed286202.mat"
"s05_confirmation","Dual-Feasibility-Explore-AOP","LIRCMOP2","LIR-CMOP",100,50000,3,286203,50000,4.9638,0.2637933436906768,0.2339309934939936,1,"Dual_Feasibility_Explore_AOP_LIRCMOP2_N100_FE50000_run3_seed286203.mat"
"s05_confirmation","Dual-Feasibility-Explore-AOP","LIRCMOP2","LIR-CMOP",100,50000,4,286204,50000,5.348,0.215777941886658,0.249343051521646,1,"Dual_Feasibility_Explore_AOP_LIRCMOP2_N100_FE50000_run4_seed286204.mat"
"s05_confirmation","Dual-Feasibility-Explore-AOP","LIRCMOP2","LIR-CMOP",100,50000,5,286205,50000,5.1597,0.2589014047243255,0.2242295452553826,1,"Dual_Feasibility_Explore_AOP_LIRCMOP2_N100_FE50000_run5_seed286205.mat"
"s05_confirmation","Dual-Feasibility-Explore-AOP","LIRCMOP3","LIR-CMOP",100,50000,1,286301,50000,5.1742,0.2731003369991323,0.1170657233567114,1,"Dual_Feasibility_Explore_AOP_LIRCMOP3_N100_FE50000_run1_seed286301.mat"
"s05_confirmation","Dual-Feasibility-Explore-AOP","LIRCMOP3","LIR-CMOP",100,50000,2,286302,50000,4.2061,0.2790777916647453,0.1058424939163977,1,"Dual_Feasibility_Explore_AOP_LIRCMOP3_N100_FE50000_run2_seed286302.mat"
"s05_confirmation","Dual-Feasibility-Explore-AOP","LIRCMOP3","LIR-CMOP",100,50000,3,286303,50000,4.1175,0.2373903270741853,0.1314508128642623,1,"Dual_Feasibility_Explore_AOP_LIRCMOP3_N100_FE50000_run3_seed286303.mat"
"s05_confirmation","Dual-Feasibility-Explore-AOP","LIRCMOP3","LIR-CMOP",100,50000,4,286304,50000,5.0125,0.2136840850320826,0.1272373067044206,1,"Dual_Feasibility_Explore_AOP_LIRCMOP3_N100_FE50000_run4_seed286304.mat"
"s05_confirmation","Dual-Feasibility-Explore-AOP","LIRCMOP3","LIR-CMOP",100,50000,5,286305,50000,5.1533,0.2806019433243182,0.1047320545095326,1,"Dual_Feasibility_Explore_AOP_LIRCMOP3_N100_FE50000_run5_seed286305.mat"
"s05_confirmation","Dual-Feasibility-Explore-AOP","LIRCMOP4","LIR-CMOP",100,50000,1,286401,50000,4.8605,0.2551241488315711,0.2088578478435684,1,"Dual_Feasibility_Explore_AOP_LIRCMOP4_N100_FE50000_run1_seed286401.mat"
"s05_confirmation","Dual-Feasibility-Explore-AOP","LIRCMOP4","LIR-CMOP",100,50000,2,286402,50000,5.7025,0.2098520038778327,0.2218688301943723,1,"Dual_Feasibility_Explore_AOP_LIRCMOP4_N100_FE50000_run2_seed286402.mat"
"s05_confirmation","Dual-Feasibility-Explore-AOP","LIRCMOP4","LIR-CMOP",100,50000,3,286403,50000,4.1681,0.1819290910605449,0.2259189592872626,1,"Dual_Feasibility_Explore_AOP_LIRCMOP4_N100_FE50000_run3_seed286403.mat"
"s05_confirmation","Dual-Feasibility-Explore-AOP","LIRCMOP4","LIR-CMOP",100,50000,4,286404,50000,4.1953,0.2612746347911072,0.1957756469635673,1,"Dual_Feasibility_Explore_AOP_LIRCMOP4_N100_FE50000_run4_seed286404.mat"
"s05_confirmation","Dual-Feasibility-Explore-AOP","LIRCMOP4","LIR-CMOP",100,50000,5,286405,50000,5.1814,0.251237828566658,0.2097604680298671,1,"Dual_Feasibility_Explore_AOP_LIRCMOP4_N100_FE50000_run5_seed286405.mat"
"s05_confirmation","Dual-Feasibility-Explore-AOP","LIRCMOP5","LIR-CMOP",100,50000,1,286501,50000,4.8144,1.166869440113482,0,1,"Dual_Feasibility_Explore_AOP_LIRCMOP5_N100_FE50000_run1_seed286501.mat"
"s05_confirmation","Dual-Feasibility-Explore-AOP","LIRCMOP5","LIR-CMOP",100,50000,2,286502,50000,4.8415,0.3292818515620503,0.1361573235675003,1,"Dual_Feasibility_Explore_AOP_LIRCMOP5_N100_FE50000_run2_seed286502.mat"
"s05_confirmation","Dual-Feasibility-Explore-AOP","LIRCMOP5","LIR-CMOP",100,50000,3,286503,50000,4.8499,1.184234054158288,0,1,"Dual_Feasibility_Explore_AOP_LIRCMOP5_N100_FE50000_run3_seed286503.mat"
"s05_confirmation","Dual-Feasibility-Explore-AOP","LIRCMOP5","LIR-CMOP",100,50000,4,286504,50000,3.837,0.6788505877684,0.07987463956677805,1,"Dual_Feasibility_Explore_AOP_LIRCMOP5_N100_FE50000_run4_seed286504.mat"
"s05_confirmation","Dual-Feasibility-Explore-AOP","LIRCMOP5","LIR-CMOP",100,50000,5,286505,50000,3.6823,1.181645725056301,0,1,"Dual_Feasibility_Explore_AOP_LIRCMOP5_N100_FE50000_run5_seed286505.mat"
"s05_confirmation","Dual-Feasibility-Explore-AOP","LIRCMOP6","LIR-CMOP",100,50000,1,286601,50000,6.4169,0.2396947259177333,0.1392201536125975,1,"Dual_Feasibility_Explore_AOP_LIRCMOP6_N100_FE50000_run1_seed286601.mat"
"s05_confirmation","Dual-Feasibility-Explore-AOP","LIRCMOP6","LIR-CMOP",100,50000,2,286602,50000,5.4302,0.2629391768820857,0.1377690374141495,1,"Dual_Feasibility_Explore_AOP_LIRCMOP6_N100_FE50000_run2_seed286602.mat"
"s05_confirmation","Dual-Feasibility-Explore-AOP","LIRCMOP6","LIR-CMOP",100,50000,3,286603,50000,4.7557,0.1368637474400079,0.1651221492840084,1,"Dual_Feasibility_Explore_AOP_LIRCMOP6_N100_FE50000_run3_seed286603.mat"
"s05_confirmation","Dual-Feasibility-Explore-AOP","LIRCMOP6","LIR-CMOP",100,50000,4,286604,50000,5.6238,0.2567264469280743,0.13901643585864,1,"Dual_Feasibility_Explore_AOP_LIRCMOP6_N100_FE50000_run4_seed286604.mat"
"s05_confirmation","Dual-Feasibility-Explore-AOP","LIRCMOP6","LIR-CMOP",100,50000,5,286605,50000,4.0976,0.1608740135760307,0.1474881295164543,1,"Dual_Feasibility_Explore_AOP_LIRCMOP6_N100_FE50000_run5_seed286605.mat"
"s05_confirmation","Dual-Feasibility-Explore-AOP","LIRCMOP7","LIR-CMOP",100,50000,1,286701,50000,3.5552,0.1271960694416235,0.2463027827138265,1,"Dual_Feasibility_Explore_AOP_LIRCMOP7_N100_FE50000_run1_seed286701.mat"
"s05_confirmation","Dual-Feasibility-Explore-AOP","LIRCMOP7","LIR-CMOP",100,50000,2,286702,50000,4.7656,0.02205880885821496,0.2871916429707614,1,"Dual_Feasibility_Explore_AOP_LIRCMOP7_N100_FE50000_run2_seed286702.mat"
"s05_confirmation","Dual-Feasibility-Explore-AOP","LIRCMOP7","LIR-CMOP",100,50000,3,286703,50000,4.3551,0.01132647914461371,0.2918727815890551,1,"Dual_Feasibility_Explore_AOP_LIRCMOP7_N100_FE50000_run3_seed286703.mat"
"s05_confirmation","Dual-Feasibility-Explore-AOP","LIRCMOP7","LIR-CMOP",100,50000,4,286704,50000,3.9411,0.01685327857859302,0.2882487183740139,1,"Dual_Feasibility_Explore_AOP_LIRCMOP7_N100_FE50000_run4_seed286704.mat"
"s05_confirmation","Dual-Feasibility-Explore-AOP","LIRCMOP7","LIR-CMOP",100,50000,5,286705,50000,4.588,0.05291601374063263,0.267317997738068,1,"Dual_Feasibility_Explore_AOP_LIRCMOP7_N100_FE50000_run5_seed286705.mat"
"s05_confirmation","Dual-Feasibility-Explore-AOP","LIRCMOP8","LIR-CMOP",100,50000,1,286801,50000,3.4957,0.0900113215170133,0.2594711665696864,1,"Dual_Feasibility_Explore_AOP_LIRCMOP8_N100_FE50000_run1_seed286801.mat"
"s05_confirmation","Dual-Feasibility-Explore-AOP","LIRCMOP8","LIR-CMOP",100,50000,2,286802,50000,3.5864,0.01109537643319968,0.2921746877936637,1,"Dual_Feasibility_Explore_AOP_LIRCMOP8_N100_FE50000_run2_seed286802.mat"
"s05_confirmation","Dual-Feasibility-Explore-AOP","LIRCMOP8","LIR-CMOP",100,50000,3,286803,50000,5.1098,0.07432603445846862,0.2618102506755138,1,"Dual_Feasibility_Explore_AOP_LIRCMOP8_N100_FE50000_run3_seed286803.mat"
"s05_confirmation","Dual-Feasibility-Explore-AOP","LIRCMOP8","LIR-CMOP",100,50000,4,286804,50000,3.9674,0.01240810682351051,0.2914944522190158,1,"Dual_Feasibility_Explore_AOP_LIRCMOP8_N100_FE50000_run4_seed286804.mat"
"s05_confirmation","Dual-Feasibility-Explore-AOP","LIRCMOP8","LIR-CMOP",100,50000,5,286805,50000,4.0842,0.05056638739032274,0.2705065401514875,1,"Dual_Feasibility_Explore_AOP_LIRCMOP8_N100_FE50000_run5_seed286805.mat"
"s05_confirmation","Dual-Feasibility-Explore-AOP","LIRCMOP9","LIR-CMOP",100,50000,1,286901,50000,6.9263,0.5062362273036249,0.3582410964884483,1,"Dual_Feasibility_Explore_AOP_LIRCMOP9_N100_FE50000_run1_seed286901.mat"
"s05_confirmation","Dual-Feasibility-Explore-AOP","LIRCMOP9","LIR-CMOP",100,50000,2,286902,50000,5.3806,0.4183752599124613,0.3933367361165194,1,"Dual_Feasibility_Explore_AOP_LIRCMOP9_N100_FE50000_run2_seed286902.mat"
"s05_confirmation","Dual-Feasibility-Explore-AOP","LIRCMOP9","LIR-CMOP",100,50000,3,286903,50000,5.3339,0.5064469448616939,0.3574360292750631,1,"Dual_Feasibility_Explore_AOP_LIRCMOP9_N100_FE50000_run3_seed286903.mat"
"s05_confirmation","Dual-Feasibility-Explore-AOP","LIRCMOP9","LIR-CMOP",100,50000,4,286904,50000,8.1489,0.506453672395923,0.3580641152276861,1,"Dual_Feasibility_Explore_AOP_LIRCMOP9_N100_FE50000_run4_seed286904.mat"
"s05_confirmation","Dual-Feasibility-Explore-AOP","LIRCMOP9","LIR-CMOP",100,50000,5,286905,50000,6.1861,0.4100805040779515,0.3917462252415253,1,"Dual_Feasibility_Explore_AOP_LIRCMOP9_N100_FE50000_run5_seed286905.mat"
"s05_confirmation","Dual-Survival-Credit-AOP","CF10","CF",100,50000,1,276001,50000,10.4863,0.3008558208827888,0.2022444928827362,1,"Dual_Survival_Credit_AOP_CF10_N100_FE50000_run1_seed276001.mat"
"s05_confirmation","Dual-Survival-Credit-AOP","CF10","CF",100,50000,2,276002,50000,6.7301,0.2459199689943124,0.2410125996035019,1,"Dual_Survival_Credit_AOP_CF10_N100_FE50000_run2_seed276002.mat"
"s05_confirmation","Dual-Survival-Credit-AOP","CF10","CF",100,50000,3,276003,50000,8.5916,0.4083789330654707,0.1304059182585826,1,"Dual_Survival_Credit_AOP_CF10_N100_FE50000_run3_seed276003.mat"
"s05_confirmation","Dual-Survival-Credit-AOP","CF10","CF",100,50000,4,276004,50000,9.703,0.325561521409386,0.1887650397372557,1,"Dual_Survival_Credit_AOP_CF10_N100_FE50000_run4_seed276004.mat"
"s05_confirmation","Dual-Survival-Credit-AOP","CF10","CF",100,50000,5,276005,50000,7.8909,0.3966310695807562,0.1389027236668485,1,"Dual_Survival_Credit_AOP_CF10_N100_FE50000_run5_seed276005.mat"
"s05_confirmation","Dual-Survival-Credit-AOP","CF1","CF",100,50000,1,275101,50000,7.0895,0.004788479117851144,0.560269235777371,1,"Dual_Survival_Credit_AOP_CF1_N100_FE50000_run1_seed275101.mat"
"s05_confirmation","Dual-Survival-Credit-AOP","CF1","CF",100,50000,2,275102,50000,6.5686,0.004443587771911962,0.5606806385878607,1,"Dual_Survival_Credit_AOP_CF1_N100_FE50000_run2_seed275102.mat"
"s05_confirmation","Dual-Survival-Credit-AOP","CF1","CF",100,50000,3,275103,50000,6.611,0.005842982515319382,0.5591026188462498,1,"Dual_Survival_Credit_AOP_CF1_N100_FE50000_run3_seed275103.mat"
"s05_confirmation","Dual-Survival-Credit-AOP","CF1","CF",100,50000,4,275104,50000,6.5944,0.004915753970485697,0.5601126875088476,1,"Dual_Survival_Credit_AOP_CF1_N100_FE50000_run4_seed275104.mat"
"s05_confirmation","Dual-Survival-Credit-AOP","CF1","CF",100,50000,5,275105,50000,6.3084,0.004421579350691128,0.560751763824421,1,"Dual_Survival_Credit_AOP_CF1_N100_FE50000_run5_seed275105.mat"
"s05_confirmation","Dual-Survival-Credit-AOP","CF2","CF",100,50000,1,275201,50000,6.2983,0.01831915343032768,0.6530729931607028,1,"Dual_Survival_Credit_AOP_CF2_N100_FE50000_run1_seed275201.mat"
"s05_confirmation","Dual-Survival-Credit-AOP","CF2","CF",100,50000,2,275202,50000,7.4653,0.02315806690181334,0.6554061383317189,1,"Dual_Survival_Credit_AOP_CF2_N100_FE50000_run2_seed275202.mat"
"s05_confirmation","Dual-Survival-Credit-AOP","CF2","CF",100,50000,3,275203,50000,6.3407,0.01085975726782522,0.6675579745680535,1,"Dual_Survival_Credit_AOP_CF2_N100_FE50000_run3_seed275203.mat"
"s05_confirmation","Dual-Survival-Credit-AOP","CF2","CF",100,50000,4,275204,50000,6.1914,0.01798846419406576,0.649637784179373,1,"Dual_Survival_Credit_AOP_CF2_N100_FE50000_run4_seed275204.mat"
"s05_confirmation","Dual-Survival-Credit-AOP","CF2","CF",100,50000,5,275205,50000,5.8551,0.0444374002946877,0.6306434986756818,1,"Dual_Survival_Credit_AOP_CF2_N100_FE50000_run5_seed275205.mat"
"s05_confirmation","Dual-Survival-Credit-AOP","CF3","CF",100,50000,1,275301,50000,5.7487,0.09445465437466083,0.2412290445068127,1,"Dual_Survival_Credit_AOP_CF3_N100_FE50000_run1_seed275301.mat"
"s05_confirmation","Dual-Survival-Credit-AOP","CF3","CF",100,50000,2,275302,50000,5.3014,0.1250324985046347,0.2959931356788331,1,"Dual_Survival_Credit_AOP_CF3_N100_FE50000_run2_seed275302.mat"
"s05_confirmation","Dual-Survival-Credit-AOP","CF3","CF",100,50000,3,275303,50000,6.1824,0.09320915726617916,0.3021078721215341,1,"Dual_Survival_Credit_AOP_CF3_N100_FE50000_run3_seed275303.mat"
"s05_confirmation","Dual-Survival-Credit-AOP","CF3","CF",100,50000,4,275304,50000,5.8208,0.1205039455100232,0.3001920049098984,1,"Dual_Survival_Credit_AOP_CF3_N100_FE50000_run4_seed275304.mat"
"s05_confirmation","Dual-Survival-Credit-AOP","CF3","CF",100,50000,5,275305,50000,6.3861,0.1044985492518194,0.2485464930100278,1,"Dual_Survival_Credit_AOP_CF3_N100_FE50000_run5_seed275305.mat"
"s05_confirmation","Dual-Survival-Credit-AOP","CF4","CF",100,50000,1,275401,50000,5.3727,0.05122083029827412,0.46795444066397,1,"Dual_Survival_Credit_AOP_CF4_N100_FE50000_run1_seed275401.mat"
"s05_confirmation","Dual-Survival-Credit-AOP","CF4","CF",100,50000,2,275402,50000,5.8502,0.07222185190631426,0.4464371380624784,1,"Dual_Survival_Credit_AOP_CF4_N100_FE50000_run2_seed275402.mat"
"s05_confirmation","Dual-Survival-Credit-AOP","CF4","CF",100,50000,3,275403,50000,6.0496,0.06955164634122629,0.4423368182947476,1,"Dual_Survival_Credit_AOP_CF4_N100_FE50000_run3_seed275403.mat"
"s05_confirmation","Dual-Survival-Credit-AOP","CF4","CF",100,50000,4,275404,50000,6.7027,0.0701137286317009,0.4421202105752524,1,"Dual_Survival_Credit_AOP_CF4_N100_FE50000_run4_seed275404.mat"
"s05_confirmation","Dual-Survival-Credit-AOP","CF4","CF",100,50000,5,275405,50000,5.7111,0.07253723112019828,0.4452652226922239,1,"Dual_Survival_Credit_AOP_CF4_N100_FE50000_run5_seed275405.mat"
"s05_confirmation","Dual-Survival-Credit-AOP","CF5","CF",100,50000,1,275501,50000,7.3143,0.09177641277450409,0.4222942864363403,1,"Dual_Survival_Credit_AOP_CF5_N100_FE50000_run1_seed275501.mat"
"s05_confirmation","Dual-Survival-Credit-AOP","CF5","CF",100,50000,2,275502,50000,7.1933,0.3620767292390349,0.2127547380783562,1,"Dual_Survival_Credit_AOP_CF5_N100_FE50000_run2_seed275502.mat"
"s05_confirmation","Dual-Survival-Credit-AOP","CF5","CF",100,50000,3,275503,50000,6.4255,0.1462949252042339,0.3508841349068159,1,"Dual_Survival_Credit_AOP_CF5_N100_FE50000_run3_seed275503.mat"
"s05_confirmation","Dual-Survival-Credit-AOP","CF5","CF",100,50000,4,275504,50000,7.5748,0.4551167828893804,0.1806007449429424,1,"Dual_Survival_Credit_AOP_CF5_N100_FE50000_run4_seed275504.mat"
"s05_confirmation","Dual-Survival-Credit-AOP","CF5","CF",100,50000,5,275505,50000,7.6942,0.5541892373597487,0.1391077142331346,1,"Dual_Survival_Credit_AOP_CF5_N100_FE50000_run5_seed275505.mat"
"s05_confirmation","Dual-Survival-Credit-AOP","CF6","CF",100,50000,1,275601,50000,8.3707,0.08994408174237678,0.6310348197882598,1,"Dual_Survival_Credit_AOP_CF6_N100_FE50000_run1_seed275601.mat"
"s05_confirmation","Dual-Survival-Credit-AOP","CF6","CF",100,50000,2,275602,50000,8.396,0.03643703271983111,0.6599934190889962,1,"Dual_Survival_Credit_AOP_CF6_N100_FE50000_run2_seed275602.mat"
"s05_confirmation","Dual-Survival-Credit-AOP","CF6","CF",100,50000,3,275603,50000,7.6028,0.04561729567521562,0.655641605662029,1,"Dual_Survival_Credit_AOP_CF6_N100_FE50000_run3_seed275603.mat"
"s05_confirmation","Dual-Survival-Credit-AOP","CF6","CF",100,50000,4,275604,50000,7.8078,0.08594769489033445,0.6496609622082987,1,"Dual_Survival_Credit_AOP_CF6_N100_FE50000_run4_seed275604.mat"
"s05_confirmation","Dual-Survival-Credit-AOP","CF6","CF",100,50000,5,275605,50000,8.2146,0.03451979718645447,0.6624924078961961,1,"Dual_Survival_Credit_AOP_CF6_N100_FE50000_run5_seed275605.mat"
"s05_confirmation","Dual-Survival-Credit-AOP","CF7","CF",100,50000,1,275701,50000,6.5589,0.1033468398733075,0.562135738823643,1,"Dual_Survival_Credit_AOP_CF7_N100_FE50000_run1_seed275701.mat"
"s05_confirmation","Dual-Survival-Credit-AOP","CF7","CF",100,50000,2,275702,50000,7.6275,0.2873674659792173,0.4358751565796014,1,"Dual_Survival_Credit_AOP_CF7_N100_FE50000_run2_seed275702.mat"
"s05_confirmation","Dual-Survival-Credit-AOP","CF7","CF",100,50000,3,275703,50000,6.0712,0.1119496866276286,0.5659552560481131,1,"Dual_Survival_Credit_AOP_CF7_N100_FE50000_run3_seed275703.mat"
"s05_confirmation","Dual-Survival-Credit-AOP","CF7","CF",100,50000,4,275704,50000,5.9738,0.3477245324533829,0.4078195696745253,1,"Dual_Survival_Credit_AOP_CF7_N100_FE50000_run4_seed275704.mat"
"s05_confirmation","Dual-Survival-Credit-AOP","CF7","CF",100,50000,5,275705,50000,6.0112,0.07394927242914848,0.6205818878146654,1,"Dual_Survival_Credit_AOP_CF7_N100_FE50000_run5_seed275705.mat"
"s05_confirmation","Dual-Survival-Credit-AOP","CF8","CF",100,50000,1,275801,50000,6.2138,0.1780127865254224,0.3321251928579622,1,"Dual_Survival_Credit_AOP_CF8_N100_FE50000_run1_seed275801.mat"
"s05_confirmation","Dual-Survival-Credit-AOP","CF8","CF",100,50000,2,275802,50000,5.5825,0.1898281486779167,0.3268532081992613,1,"Dual_Survival_Credit_AOP_CF8_N100_FE50000_run2_seed275802.mat"
"s05_confirmation","Dual-Survival-Credit-AOP","CF8","CF",100,50000,3,275803,50000,6.182,0.1615182025200979,0.3282616859634993,1,"Dual_Survival_Credit_AOP_CF8_N100_FE50000_run3_seed275803.mat"
"s05_confirmation","Dual-Survival-Credit-AOP","CF8","CF",100,50000,4,275804,50000,5.9149,0.1708903126861956,0.3167298017044636,1,"Dual_Survival_Credit_AOP_CF8_N100_FE50000_run4_seed275804.mat"
"s05_confirmation","Dual-Survival-Credit-AOP","CF8","CF",100,50000,5,275805,50000,6.3184,0.1725777746973312,0.3312718747746907,1,"Dual_Survival_Credit_AOP_CF8_N100_FE50000_run5_seed275805.mat"
"s05_confirmation","Dual-Survival-Credit-AOP","CF9","CF",100,50000,1,275901,50000,8.0761,0.09818601995198416,0.4113153877491187,1,"Dual_Survival_Credit_AOP_CF9_N100_FE50000_run1_seed275901.mat"
"s05_confirmation","Dual-Survival-Credit-AOP","CF9","CF",100,50000,2,275902,50000,7.1879,0.1043258308643406,0.4235104079238151,1,"Dual_Survival_Credit_AOP_CF9_N100_FE50000_run2_seed275902.mat"
"s05_confirmation","Dual-Survival-Credit-AOP","CF9","CF",100,50000,3,275903,50000,6.9328,0.09310276919482356,0.4312279597218373,1,"Dual_Survival_Credit_AOP_CF9_N100_FE50000_run3_seed275903.mat"
"s05_confirmation","Dual-Survival-Credit-AOP","CF9","CF",100,50000,4,275904,50000,7.3537,0.09278914267535285,0.430723335366426,1,"Dual_Survival_Credit_AOP_CF9_N100_FE50000_run4_seed275904.mat"
"s05_confirmation","Dual-Survival-Credit-AOP","CF9","CF",100,50000,5,275905,50000,7.4299,0.104328006490491,0.4128291943343841,1,"Dual_Survival_Credit_AOP_CF9_N100_FE50000_run5_seed275905.mat"
"s05_confirmation","Dual-Survival-Credit-AOP","DASCMOP1","DAS-CMOP",100,50000,1,277501,50000,4.729,0.01060262878191391,0.2036237093527949,1,"Dual_Survival_Credit_AOP_DASCMOP1_N100_FE50000_run1_seed277501.mat"
"s05_confirmation","Dual-Survival-Credit-AOP","DASCMOP1","DAS-CMOP",100,50000,2,277502,50000,5.2893,0.008392425659856068,0.209524111625598,1,"Dual_Survival_Credit_AOP_DASCMOP1_N100_FE50000_run2_seed277502.mat"
"s05_confirmation","Dual-Survival-Credit-AOP","DASCMOP1","DAS-CMOP",100,50000,3,277503,50000,4.8709,0.009250679112153257,0.2098327967690664,1,"Dual_Survival_Credit_AOP_DASCMOP1_N100_FE50000_run3_seed277503.mat"
"s05_confirmation","Dual-Survival-Credit-AOP","DASCMOP1","DAS-CMOP",100,50000,4,277504,50000,5.173,0.009373822926876425,0.2080557463219269,1,"Dual_Survival_Credit_AOP_DASCMOP1_N100_FE50000_run4_seed277504.mat"
"s05_confirmation","Dual-Survival-Credit-AOP","DASCMOP1","DAS-CMOP",100,50000,5,277505,50000,5.3761,0.007572090393242052,0.2095181780117902,1,"Dual_Survival_Credit_AOP_DASCMOP1_N100_FE50000_run5_seed277505.mat"
"s05_confirmation","Dual-Survival-Credit-AOP","DASCMOP2","DAS-CMOP",100,50000,1,277601,50000,4.4997,0.009367040869210932,0.3511924849001317,1,"Dual_Survival_Credit_AOP_DASCMOP2_N100_FE50000_run1_seed277601.mat"
"s05_confirmation","Dual-Survival-Credit-AOP","DASCMOP2","DAS-CMOP",100,50000,2,277602,50000,4.2755,0.00940618957999878,0.3511906222341215,1,"Dual_Survival_Credit_AOP_DASCMOP2_N100_FE50000_run2_seed277602.mat"
"s05_confirmation","Dual-Survival-Credit-AOP","DASCMOP2","DAS-CMOP",100,50000,3,277603,50000,4.6784,0.007465221343968241,0.3524847253163735,1,"Dual_Survival_Credit_AOP_DASCMOP2_N100_FE50000_run3_seed277603.mat"
"s05_confirmation","Dual-Survival-Credit-AOP","DASCMOP2","DAS-CMOP",100,50000,4,277604,50000,4.5116,0.01083084567312307,0.3501617017533322,1,"Dual_Survival_Credit_AOP_DASCMOP2_N100_FE50000_run4_seed277604.mat"
"s05_confirmation","Dual-Survival-Credit-AOP","DASCMOP2","DAS-CMOP",100,50000,5,277605,50000,4.93,0.008949220480750445,0.3517895125231084,1,"Dual_Survival_Credit_AOP_DASCMOP2_N100_FE50000_run5_seed277605.mat"
"s05_confirmation","Dual-Survival-Credit-AOP","DASCMOP3","DAS-CMOP",100,50000,1,277701,50000,4.9192,0.01478712918227186,0.3099221301207996,1,"Dual_Survival_Credit_AOP_DASCMOP3_N100_FE50000_run1_seed277701.mat"
"s05_confirmation","Dual-Survival-Credit-AOP","DASCMOP3","DAS-CMOP",100,50000,2,277702,50000,4.8525,0.02185709435383779,0.3083153004053224,1,"Dual_Survival_Credit_AOP_DASCMOP3_N100_FE50000_run2_seed277702.mat"
"s05_confirmation","Dual-Survival-Credit-AOP","DASCMOP3","DAS-CMOP",100,50000,3,277703,50000,4.4614,0.02730238363325457,0.3012591793447174,1,"Dual_Survival_Credit_AOP_DASCMOP3_N100_FE50000_run3_seed277703.mat"
"s05_confirmation","Dual-Survival-Credit-AOP","DASCMOP3","DAS-CMOP",100,50000,4,277704,50000,4.5967,0.04331305347728627,0.2906104044364591,1,"Dual_Survival_Credit_AOP_DASCMOP3_N100_FE50000_run4_seed277704.mat"
"s05_confirmation","Dual-Survival-Credit-AOP","DASCMOP3","DAS-CMOP",100,50000,5,277705,50000,4.8173,0.02554749583527608,0.3055021770301127,1,"Dual_Survival_Credit_AOP_DASCMOP3_N100_FE50000_run5_seed277705.mat"
"s05_confirmation","Dual-Survival-Credit-AOP","DASCMOP4","DAS-CMOP",100,50000,1,277801,50000,5.0665,0.3786304843832983,0.05534081994515306,1,"Dual_Survival_Credit_AOP_DASCMOP4_N100_FE50000_run1_seed277801.mat"
"s05_confirmation","Dual-Survival-Credit-AOP","DASCMOP4","DAS-CMOP",100,50000,2,277802,50000,4.3956,0.4616960420401698,0.03687242523649108,1,"Dual_Survival_Credit_AOP_DASCMOP4_N100_FE50000_run2_seed277802.mat"
"s05_confirmation","Dual-Survival-Credit-AOP","DASCMOP4","DAS-CMOP",100,50000,3,277803,50000,4.6672,0.4362441563109011,0.04181624419980064,1,"Dual_Survival_Credit_AOP_DASCMOP4_N100_FE50000_run3_seed277803.mat"
"s05_confirmation","Dual-Survival-Credit-AOP","DASCMOP4","DAS-CMOP",100,50000,4,277804,50000,4.6228,0.05645508428479881,0.1581648585215076,1,"Dual_Survival_Credit_AOP_DASCMOP4_N100_FE50000_run4_seed277804.mat"
"s05_confirmation","Dual-Survival-Credit-AOP","DASCMOP4","DAS-CMOP",100,50000,5,277805,50000,4.8508,0.3409833581294071,0.06499535331501191,1,"Dual_Survival_Credit_AOP_DASCMOP4_N100_FE50000_run5_seed277805.mat"
"s05_confirmation","Dual-Survival-Credit-AOP","DASCMOP5","DAS-CMOP",100,50000,1,277901,50000,4.4338,0.139627588983322,0.2613599294576829,1,"Dual_Survival_Credit_AOP_DASCMOP5_N100_FE50000_run1_seed277901.mat"
"s05_confirmation","Dual-Survival-Credit-AOP","DASCMOP5","DAS-CMOP",100,50000,2,277902,50000,4.56,0.225366465684248,0.2142356416429833,1,"Dual_Survival_Credit_AOP_DASCMOP5_N100_FE50000_run2_seed277902.mat"
"s05_confirmation","Dual-Survival-Credit-AOP","DASCMOP5","DAS-CMOP",100,50000,3,277903,50000,4.4364,0.004080956236749491,0.3497286539564093,1,"Dual_Survival_Credit_AOP_DASCMOP5_N100_FE50000_run3_seed277903.mat"
"s05_confirmation","Dual-Survival-Credit-AOP","DASCMOP5","DAS-CMOP",100,50000,4,277904,50000,4.0197,0.01340247041100864,0.3437175564258376,1,"Dual_Survival_Credit_AOP_DASCMOP5_N100_FE50000_run4_seed277904.mat"
"s05_confirmation","Dual-Survival-Credit-AOP","DASCMOP5","DAS-CMOP",100,50000,5,277905,50000,4.3564,0.726307856957464,0.0308257477964295,1,"Dual_Survival_Credit_AOP_DASCMOP5_N100_FE50000_run5_seed277905.mat"
"s05_confirmation","Dual-Survival-Credit-AOP","DASCMOP6","DAS-CMOP",100,50000,1,278001,50000,4.4564,0.03762300309068812,0.292607901693112,1,"Dual_Survival_Credit_AOP_DASCMOP6_N100_FE50000_run1_seed278001.mat"
"s05_confirmation","Dual-Survival-Credit-AOP","DASCMOP6","DAS-CMOP",100,50000,2,278002,50000,4.5718,0.02119670397752877,0.3119079878406864,1,"Dual_Survival_Credit_AOP_DASCMOP6_N100_FE50000_run2_seed278002.mat"
"s05_confirmation","Dual-Survival-Credit-AOP","DASCMOP6","DAS-CMOP",100,50000,3,278003,50000,4.5489,0.500826566742843,0.06096464732170388,1,"Dual_Survival_Credit_AOP_DASCMOP6_N100_FE50000_run3_seed278003.mat"
"s05_confirmation","Dual-Survival-Credit-AOP","DASCMOP6","DAS-CMOP",100,50000,4,278004,50000,4.386,0.5091282679226811,0.05483282969273145,1,"Dual_Survival_Credit_AOP_DASCMOP6_N100_FE50000_run4_seed278004.mat"
"s05_confirmation","Dual-Survival-Credit-AOP","DASCMOP6","DAS-CMOP",100,50000,5,278005,50000,4.2096,0.4229456087934274,0.08595592158686571,1,"Dual_Survival_Credit_AOP_DASCMOP6_N100_FE50000_run5_seed278005.mat"
"s05_confirmation","Dual-Survival-Credit-AOP","DASCMOP7","DAS-CMOP",100,50000,1,278101,50000,4.7098,0.8037994282866273,0.02026512151497152,1,"Dual_Survival_Credit_AOP_DASCMOP7_N100_FE50000_run1_seed278101.mat"
"s05_confirmation","Dual-Survival-Credit-AOP","DASCMOP7","DAS-CMOP",100,50000,2,278102,50000,5.1136,0.876870053750663,0.01710455755282453,1,"Dual_Survival_Credit_AOP_DASCMOP7_N100_FE50000_run2_seed278102.mat"
"s05_confirmation","Dual-Survival-Credit-AOP","DASCMOP7","DAS-CMOP",100,50000,3,278103,50000,4.9964,0.02994122857899724,0.286878737730373,1,"Dual_Survival_Credit_AOP_DASCMOP7_N100_FE50000_run3_seed278103.mat"
"s05_confirmation","Dual-Survival-Credit-AOP","DASCMOP7","DAS-CMOP",100,50000,4,278104,50000,4.9992,0.2612513922922042,0.1700683449209909,1,"Dual_Survival_Credit_AOP_DASCMOP7_N100_FE50000_run4_seed278104.mat"
"s05_confirmation","Dual-Survival-Credit-AOP","DASCMOP7","DAS-CMOP",100,50000,5,278105,50000,4.6816,0.1874888600319357,0.2088143823501944,1,"Dual_Survival_Credit_AOP_DASCMOP7_N100_FE50000_run5_seed278105.mat"
"s05_confirmation","Dual-Survival-Credit-AOP","DASCMOP8","DAS-CMOP",100,50000,1,278201,50000,4.3157,0.2491155855417833,0.08205597337037679,1,"Dual_Survival_Credit_AOP_DASCMOP8_N100_FE50000_run1_seed278201.mat"
"s05_confirmation","Dual-Survival-Credit-AOP","DASCMOP8","DAS-CMOP",100,50000,2,278202,50000,4.9597,0.1786512528507573,0.1210053029636526,1,"Dual_Survival_Credit_AOP_DASCMOP8_N100_FE50000_run2_seed278202.mat"
"s05_confirmation","Dual-Survival-Credit-AOP","DASCMOP8","DAS-CMOP",100,50000,3,278203,50000,4.7261,0.6435646191570392,0.001765445851558857,1,"Dual_Survival_Credit_AOP_DASCMOP8_N100_FE50000_run3_seed278203.mat"
"s05_confirmation","Dual-Survival-Credit-AOP","DASCMOP8","DAS-CMOP",100,50000,4,278204,50000,4.5752,0.2297144010062336,0.09121597623334295,1,"Dual_Survival_Credit_AOP_DASCMOP8_N100_FE50000_run4_seed278204.mat"
"s05_confirmation","Dual-Survival-Credit-AOP","DASCMOP8","DAS-CMOP",100,50000,5,278205,50000,4.3473,0.2730381872135296,0.07151441571538895,1,"Dual_Survival_Credit_AOP_DASCMOP8_N100_FE50000_run5_seed278205.mat"
"s05_confirmation","Dual-Survival-Credit-AOP","DASCMOP9","DAS-CMOP",100,50000,1,278301,50000,4.7803,0.04965166649538341,0.204003350089141,1,"Dual_Survival_Credit_AOP_DASCMOP9_N100_FE50000_run1_seed278301.mat"
"s05_confirmation","Dual-Survival-Credit-AOP","DASCMOP9","DAS-CMOP",100,50000,2,278302,50000,4.2584,0.07003749266936897,0.1991749603816102,1,"Dual_Survival_Credit_AOP_DASCMOP9_N100_FE50000_run2_seed278302.mat"
"s05_confirmation","Dual-Survival-Credit-AOP","DASCMOP9","DAS-CMOP",100,50000,3,278303,50000,5.187,0.05749527450217914,0.201474680365409,1,"Dual_Survival_Credit_AOP_DASCMOP9_N100_FE50000_run3_seed278303.mat"
"s05_confirmation","Dual-Survival-Credit-AOP","DASCMOP9","DAS-CMOP",100,50000,4,278304,50000,4.9236,0.05333239813902348,0.203796805060929,1,"Dual_Survival_Credit_AOP_DASCMOP9_N100_FE50000_run4_seed278304.mat"
"s05_confirmation","Dual-Survival-Credit-AOP","DASCMOP9","DAS-CMOP",100,50000,5,278305,50000,5.1905,0.0490772595956621,0.2031640182649233,1,"Dual_Survival_Credit_AOP_DASCMOP9_N100_FE50000_run5_seed278305.mat"
"s05_confirmation","Dual-Survival-Credit-AOP","LIRCMOP10","LIR-CMOP",100,50000,1,277001,50000,7.6332,0.222717446784039,0.5957588832945879,1,"Dual_Survival_Credit_AOP_LIRCMOP10_N100_FE50000_run1_seed277001.mat"
"s05_confirmation","Dual-Survival-Credit-AOP","LIRCMOP10","LIR-CMOP",100,50000,2,277002,50000,9.1555,0.2323897646801247,0.5881217912245823,1,"Dual_Survival_Credit_AOP_LIRCMOP10_N100_FE50000_run2_seed277002.mat"
"s05_confirmation","Dual-Survival-Credit-AOP","LIRCMOP10","LIR-CMOP",100,50000,3,277003,50000,8.2596,0.2394119773149908,0.5809570466097697,1,"Dual_Survival_Credit_AOP_LIRCMOP10_N100_FE50000_run3_seed277003.mat"
"s05_confirmation","Dual-Survival-Credit-AOP","LIRCMOP10","LIR-CMOP",100,50000,4,277004,50000,7.8768,0.2378178057646435,0.5798136233912287,1,"Dual_Survival_Credit_AOP_LIRCMOP10_N100_FE50000_run4_seed277004.mat"
"s05_confirmation","Dual-Survival-Credit-AOP","LIRCMOP10","LIR-CMOP",100,50000,5,277005,50000,9.2542,0.2256053272118762,0.5911727079929789,1,"Dual_Survival_Credit_AOP_LIRCMOP10_N100_FE50000_run5_seed277005.mat"
"s05_confirmation","Dual-Survival-Credit-AOP","LIRCMOP11","LIR-CMOP",100,50000,1,277101,50000,6.9452,0.07851516520295675,0.6539291016014315,1,"Dual_Survival_Credit_AOP_LIRCMOP11_N100_FE50000_run1_seed277101.mat"
"s05_confirmation","Dual-Survival-Credit-AOP","LIRCMOP11","LIR-CMOP",100,50000,2,277102,50000,7.9163,0.1434650249835397,0.6005348360426354,1,"Dual_Survival_Credit_AOP_LIRCMOP11_N100_FE50000_run2_seed277102.mat"
"s05_confirmation","Dual-Survival-Credit-AOP","LIRCMOP11","LIR-CMOP",100,50000,3,277103,50000,7.5234,0.08946469778343279,0.6405207330164561,1,"Dual_Survival_Credit_AOP_LIRCMOP11_N100_FE50000_run3_seed277103.mat"
"s05_confirmation","Dual-Survival-Credit-AOP","LIRCMOP11","LIR-CMOP",100,50000,4,277104,50000,7.2792,0.1443148968685459,0.6003247527181401,1,"Dual_Survival_Credit_AOP_LIRCMOP11_N100_FE50000_run4_seed277104.mat"
"s05_confirmation","Dual-Survival-Credit-AOP","LIRCMOP11","LIR-CMOP",100,50000,5,277105,50000,6.9247,0.08850023520207781,0.6408818805148248,1,"Dual_Survival_Credit_AOP_LIRCMOP11_N100_FE50000_run5_seed277105.mat"
"s05_confirmation","Dual-Survival-Credit-AOP","LIRCMOP12","LIR-CMOP",100,50000,1,277201,50000,5.6558,0.1746586395433114,0.5185094734704705,1,"Dual_Survival_Credit_AOP_LIRCMOP12_N100_FE50000_run1_seed277201.mat"
"s05_confirmation","Dual-Survival-Credit-AOP","LIRCMOP12","LIR-CMOP",100,50000,2,277202,50000,5.1823,0.2176097775327211,0.490929808041711,1,"Dual_Survival_Credit_AOP_LIRCMOP12_N100_FE50000_run2_seed277202.mat"
"s05_confirmation","Dual-Survival-Credit-AOP","LIRCMOP12","LIR-CMOP",100,50000,3,277203,50000,5.822,0.1593579216612078,0.5368076884694692,1,"Dual_Survival_Credit_AOP_LIRCMOP12_N100_FE50000_run3_seed277203.mat"
"s05_confirmation","Dual-Survival-Credit-AOP","LIRCMOP12","LIR-CMOP",100,50000,4,277204,50000,5.7333,0.1702304937758001,0.525820834502946,1,"Dual_Survival_Credit_AOP_LIRCMOP12_N100_FE50000_run4_seed277204.mat"
"s05_confirmation","Dual-Survival-Credit-AOP","LIRCMOP12","LIR-CMOP",100,50000,5,277205,50000,7.4871,0.1754062518059434,0.5222281097493783,1,"Dual_Survival_Credit_AOP_LIRCMOP12_N100_FE50000_run5_seed277205.mat"
"s05_confirmation","Dual-Survival-Credit-AOP","LIRCMOP13","LIR-CMOP",100,50000,1,277301,50000,11.9298,0.09689009163653878,0.5452074814013883,1,"Dual_Survival_Credit_AOP_LIRCMOP13_N100_FE50000_run1_seed277301.mat"
"s05_confirmation","Dual-Survival-Credit-AOP","LIRCMOP13","LIR-CMOP",100,50000,2,277302,50000,11.856,0.0955565073003119,0.5402883807502432,1,"Dual_Survival_Credit_AOP_LIRCMOP13_N100_FE50000_run2_seed277302.mat"
"s05_confirmation","Dual-Survival-Credit-AOP","LIRCMOP13","LIR-CMOP",100,50000,3,277303,50000,12.4504,0.09965583744161206,0.536862199641988,1,"Dual_Survival_Credit_AOP_LIRCMOP13_N100_FE50000_run3_seed277303.mat"
"s05_confirmation","Dual-Survival-Credit-AOP","LIRCMOP13","LIR-CMOP",100,50000,4,277304,50000,12.239,0.09715660097485165,0.5437307267697187,1,"Dual_Survival_Credit_AOP_LIRCMOP13_N100_FE50000_run4_seed277304.mat"
"s05_confirmation","Dual-Survival-Credit-AOP","LIRCMOP13","LIR-CMOP",100,50000,5,277305,50000,11.5354,0.09810823614171574,0.5425441625458327,1,"Dual_Survival_Credit_AOP_LIRCMOP13_N100_FE50000_run5_seed277305.mat"
"s05_confirmation","Dual-Survival-Credit-AOP","LIRCMOP14","LIR-CMOP",100,50000,1,277401,50000,10.7885,0.09708145120343525,0.5503242262583524,1,"Dual_Survival_Credit_AOP_LIRCMOP14_N100_FE50000_run1_seed277401.mat"
"s05_confirmation","Dual-Survival-Credit-AOP","LIRCMOP14","LIR-CMOP",100,50000,2,277402,50000,9.9958,0.09625686896507728,0.5475206034381297,1,"Dual_Survival_Credit_AOP_LIRCMOP14_N100_FE50000_run2_seed277402.mat"
"s05_confirmation","Dual-Survival-Credit-AOP","LIRCMOP14","LIR-CMOP",100,50000,3,277403,50000,10.4215,0.09680989265222546,0.5512839567091621,1,"Dual_Survival_Credit_AOP_LIRCMOP14_N100_FE50000_run3_seed277403.mat"
"s05_confirmation","Dual-Survival-Credit-AOP","LIRCMOP14","LIR-CMOP",100,50000,4,277404,50000,10.1082,0.09785731134606585,0.5489847614043999,1,"Dual_Survival_Credit_AOP_LIRCMOP14_N100_FE50000_run4_seed277404.mat"
"s05_confirmation","Dual-Survival-Credit-AOP","LIRCMOP14","LIR-CMOP",100,50000,5,277405,50000,10.1625,0.09671711153345224,0.5505385594737189,1,"Dual_Survival_Credit_AOP_LIRCMOP14_N100_FE50000_run5_seed277405.mat"
"s05_confirmation","Dual-Survival-Credit-AOP","LIRCMOP1","LIR-CMOP",100,50000,1,276101,50000,4.6634,0.2687111924463994,0.1265625881779796,1,"Dual_Survival_Credit_AOP_LIRCMOP1_N100_FE50000_run1_seed276101.mat"
"s05_confirmation","Dual-Survival-Credit-AOP","LIRCMOP1","LIR-CMOP",100,50000,2,276102,50000,4.7045,0.2528546674168136,0.1317120985672149,1,"Dual_Survival_Credit_AOP_LIRCMOP1_N100_FE50000_run2_seed276102.mat"
"s05_confirmation","Dual-Survival-Credit-AOP","LIRCMOP1","LIR-CMOP",100,50000,3,276103,50000,4.6993,0.227354209841228,0.1310874648645389,1,"Dual_Survival_Credit_AOP_LIRCMOP1_N100_FE50000_run3_seed276103.mat"
"s05_confirmation","Dual-Survival-Credit-AOP","LIRCMOP1","LIR-CMOP",100,50000,4,276104,50000,4.6348,0.2661501511700352,0.1197237536218877,1,"Dual_Survival_Credit_AOP_LIRCMOP1_N100_FE50000_run4_seed276104.mat"
"s05_confirmation","Dual-Survival-Credit-AOP","LIRCMOP1","LIR-CMOP",100,50000,5,276105,50000,4.5648,0.2373349670598002,0.1515088420380786,1,"Dual_Survival_Credit_AOP_LIRCMOP1_N100_FE50000_run5_seed276105.mat"
"s05_confirmation","Dual-Survival-Credit-AOP","LIRCMOP2","LIR-CMOP",100,50000,1,276201,50000,5.1537,0.1468984926295157,0.270594845359819,1,"Dual_Survival_Credit_AOP_LIRCMOP2_N100_FE50000_run1_seed276201.mat"
"s05_confirmation","Dual-Survival-Credit-AOP","LIRCMOP2","LIR-CMOP",100,50000,2,276202,50000,5.2447,0.2044305689193172,0.2466544456583201,1,"Dual_Survival_Credit_AOP_LIRCMOP2_N100_FE50000_run2_seed276202.mat"
"s05_confirmation","Dual-Survival-Credit-AOP","LIRCMOP2","LIR-CMOP",100,50000,3,276203,50000,5.5738,0.2050698663913423,0.2480030706177228,1,"Dual_Survival_Credit_AOP_LIRCMOP2_N100_FE50000_run3_seed276203.mat"
"s05_confirmation","Dual-Survival-Credit-AOP","LIRCMOP2","LIR-CMOP",100,50000,4,276204,50000,4.8378,0.2420878993546833,0.2509074073337101,1,"Dual_Survival_Credit_AOP_LIRCMOP2_N100_FE50000_run4_seed276204.mat"
"s05_confirmation","Dual-Survival-Credit-AOP","LIRCMOP2","LIR-CMOP",100,50000,5,276205,50000,5.1988,0.2314138303302684,0.2389481323554861,1,"Dual_Survival_Credit_AOP_LIRCMOP2_N100_FE50000_run5_seed276205.mat"
"s05_confirmation","Dual-Survival-Credit-AOP","LIRCMOP3","LIR-CMOP",100,50000,1,276301,50000,5.2335,0.2761251374678407,0.1060624820445992,1,"Dual_Survival_Credit_AOP_LIRCMOP3_N100_FE50000_run1_seed276301.mat"
"s05_confirmation","Dual-Survival-Credit-AOP","LIRCMOP3","LIR-CMOP",100,50000,2,276302,50000,5.2783,0.2117651952186417,0.1282625525061158,1,"Dual_Survival_Credit_AOP_LIRCMOP3_N100_FE50000_run2_seed276302.mat"
"s05_confirmation","Dual-Survival-Credit-AOP","LIRCMOP3","LIR-CMOP",100,50000,3,276303,50000,4.8513,0.2636367924999847,0.109603885099751,1,"Dual_Survival_Credit_AOP_LIRCMOP3_N100_FE50000_run3_seed276303.mat"
"s05_confirmation","Dual-Survival-Credit-AOP","LIRCMOP3","LIR-CMOP",100,50000,4,276304,50000,5.3456,0.1807653922354644,0.1399301042382577,1,"Dual_Survival_Credit_AOP_LIRCMOP3_N100_FE50000_run4_seed276304.mat"
"s05_confirmation","Dual-Survival-Credit-AOP","LIRCMOP3","LIR-CMOP",100,50000,5,276305,50000,5.6335,0.2667040167521742,0.1086452725340558,1,"Dual_Survival_Credit_AOP_LIRCMOP3_N100_FE50000_run5_seed276305.mat"
"s05_confirmation","Dual-Survival-Credit-AOP","LIRCMOP4","LIR-CMOP",100,50000,1,276401,50000,5.009,0.2509411962246547,0.2103341886094434,1,"Dual_Survival_Credit_AOP_LIRCMOP4_N100_FE50000_run1_seed276401.mat"
"s05_confirmation","Dual-Survival-Credit-AOP","LIRCMOP4","LIR-CMOP",100,50000,2,276402,50000,5.4777,0.3054999346180451,0.1841870128613291,1,"Dual_Survival_Credit_AOP_LIRCMOP4_N100_FE50000_run2_seed276402.mat"
"s05_confirmation","Dual-Survival-Credit-AOP","LIRCMOP4","LIR-CMOP",100,50000,3,276403,50000,4.6547,0.3184472173890562,0.1775012390802083,1,"Dual_Survival_Credit_AOP_LIRCMOP4_N100_FE50000_run3_seed276403.mat"
"s05_confirmation","Dual-Survival-Credit-AOP","LIRCMOP4","LIR-CMOP",100,50000,4,276404,50000,5.442,0.2197481632963003,0.2279840665162707,1,"Dual_Survival_Credit_AOP_LIRCMOP4_N100_FE50000_run4_seed276404.mat"
"s05_confirmation","Dual-Survival-Credit-AOP","LIRCMOP4","LIR-CMOP",100,50000,5,276405,50000,5.4304,0.2593903530865664,0.1955259589080938,1,"Dual_Survival_Credit_AOP_LIRCMOP4_N100_FE50000_run5_seed276405.mat"
"s05_confirmation","Dual-Survival-Credit-AOP","LIRCMOP5","LIR-CMOP",100,50000,1,276501,50000,6.1579,0.1084925086989505,0.2197044814459141,1,"Dual_Survival_Credit_AOP_LIRCMOP5_N100_FE50000_run1_seed276501.mat"
"s05_confirmation","Dual-Survival-Credit-AOP","LIRCMOP5","LIR-CMOP",100,50000,2,276502,50000,5.4529,0.1540162934392042,0.2007769385364006,1,"Dual_Survival_Credit_AOP_LIRCMOP5_N100_FE50000_run2_seed276502.mat"
"s05_confirmation","Dual-Survival-Credit-AOP","LIRCMOP5","LIR-CMOP",100,50000,3,276503,50000,5.8104,0.1847358215225865,0.1877816251073927,1,"Dual_Survival_Credit_AOP_LIRCMOP5_N100_FE50000_run3_seed276503.mat"
"s05_confirmation","Dual-Survival-Credit-AOP","LIRCMOP5","LIR-CMOP",100,50000,4,276504,50000,5.2597,0.07501597761947697,0.2599848666490018,1,"Dual_Survival_Credit_AOP_LIRCMOP5_N100_FE50000_run4_seed276504.mat"
"s05_confirmation","Dual-Survival-Credit-AOP","LIRCMOP5","LIR-CMOP",100,50000,5,276505,50000,6.1352,0.0857612694499338,0.2633105419369101,1,"Dual_Survival_Credit_AOP_LIRCMOP5_N100_FE50000_run5_seed276505.mat"
"s05_confirmation","Dual-Survival-Credit-AOP","LIRCMOP6","LIR-CMOP",100,50000,1,276601,50000,6.8609,0.2122168668195958,0.1488754113573769,1,"Dual_Survival_Credit_AOP_LIRCMOP6_N100_FE50000_run1_seed276601.mat"
"s05_confirmation","Dual-Survival-Credit-AOP","LIRCMOP6","LIR-CMOP",100,50000,2,276602,50000,6.0225,0.2691631277868158,0.1379568139438767,1,"Dual_Survival_Credit_AOP_LIRCMOP6_N100_FE50000_run2_seed276602.mat"
"s05_confirmation","Dual-Survival-Credit-AOP","LIRCMOP6","LIR-CMOP",100,50000,3,276603,50000,5.5383,0.2954025688095195,0.1298056603815929,1,"Dual_Survival_Credit_AOP_LIRCMOP6_N100_FE50000_run3_seed276603.mat"
"s05_confirmation","Dual-Survival-Credit-AOP","LIRCMOP6","LIR-CMOP",100,50000,4,276604,50000,7.4189,0.2304840266413722,0.1458193292986558,1,"Dual_Survival_Credit_AOP_LIRCMOP6_N100_FE50000_run4_seed276604.mat"
"s05_confirmation","Dual-Survival-Credit-AOP","LIRCMOP6","LIR-CMOP",100,50000,5,276605,50000,7.1774,0.2384984294857831,0.1435512281599843,1,"Dual_Survival_Credit_AOP_LIRCMOP6_N100_FE50000_run5_seed276605.mat"
"s05_confirmation","Dual-Survival-Credit-AOP","LIRCMOP7","LIR-CMOP",100,50000,1,276701,50000,4.6237,0.01070765377410815,0.2921514003488171,1,"Dual_Survival_Credit_AOP_LIRCMOP7_N100_FE50000_run1_seed276701.mat"
"s05_confirmation","Dual-Survival-Credit-AOP","LIRCMOP7","LIR-CMOP",100,50000,2,276702,50000,4.5415,0.009568620391529056,0.2928453138498343,1,"Dual_Survival_Credit_AOP_LIRCMOP7_N100_FE50000_run2_seed276702.mat"
"s05_confirmation","Dual-Survival-Credit-AOP","LIRCMOP7","LIR-CMOP",100,50000,3,276703,50000,4.278,0.01119263185649235,0.2918330787384685,1,"Dual_Survival_Credit_AOP_LIRCMOP7_N100_FE50000_run3_seed276703.mat"
"s05_confirmation","Dual-Survival-Credit-AOP","LIRCMOP7","LIR-CMOP",100,50000,4,276704,50000,4.5134,0.01041894565695261,0.2924464167228892,1,"Dual_Survival_Credit_AOP_LIRCMOP7_N100_FE50000_run4_seed276704.mat"
"s05_confirmation","Dual-Survival-Credit-AOP","LIRCMOP7","LIR-CMOP",100,50000,5,276705,50000,5.0247,0.01438553370418142,0.2904806964076925,1,"Dual_Survival_Credit_AOP_LIRCMOP7_N100_FE50000_run5_seed276705.mat"
"s05_confirmation","Dual-Survival-Credit-AOP","LIRCMOP8","LIR-CMOP",100,50000,1,276801,50000,4.5386,0.0182151813835596,0.2881421923924227,1,"Dual_Survival_Credit_AOP_LIRCMOP8_N100_FE50000_run1_seed276801.mat"
"s05_confirmation","Dual-Survival-Credit-AOP","LIRCMOP8","LIR-CMOP",100,50000,2,276802,50000,4.486,0.04672559209477904,0.2715433060842108,1,"Dual_Survival_Credit_AOP_LIRCMOP8_N100_FE50000_run2_seed276802.mat"
"s05_confirmation","Dual-Survival-Credit-AOP","LIRCMOP8","LIR-CMOP",100,50000,3,276803,50000,4.4628,0.0120775624122018,0.2916530974601004,1,"Dual_Survival_Credit_AOP_LIRCMOP8_N100_FE50000_run3_seed276803.mat"
"s05_confirmation","Dual-Survival-Credit-AOP","LIRCMOP8","LIR-CMOP",100,50000,4,276804,50000,4.5665,0.01617264272442249,0.2891753464892026,1,"Dual_Survival_Credit_AOP_LIRCMOP8_N100_FE50000_run4_seed276804.mat"
"s05_confirmation","Dual-Survival-Credit-AOP","LIRCMOP8","LIR-CMOP",100,50000,5,276805,50000,4.7327,0.05908733852513369,0.2677275619842668,1,"Dual_Survival_Credit_AOP_LIRCMOP8_N100_FE50000_run5_seed276805.mat"
"s05_confirmation","Dual-Survival-Credit-AOP","LIRCMOP9","LIR-CMOP",100,50000,1,276901,50000,8.0164,0.4250848913583199,0.3832619839516477,1,"Dual_Survival_Credit_AOP_LIRCMOP9_N100_FE50000_run1_seed276901.mat"
"s05_confirmation","Dual-Survival-Credit-AOP","LIRCMOP9","LIR-CMOP",100,50000,2,276902,50000,6.6685,0.4230711899963465,0.3838861930813554,1,"Dual_Survival_Credit_AOP_LIRCMOP9_N100_FE50000_run2_seed276902.mat"
"s05_confirmation","Dual-Survival-Credit-AOP","LIRCMOP9","LIR-CMOP",100,50000,3,276903,50000,7.2203,0.5170595893197398,0.3380552857746555,1,"Dual_Survival_Credit_AOP_LIRCMOP9_N100_FE50000_run3_seed276903.mat"
"s05_confirmation","Dual-Survival-Credit-AOP","LIRCMOP9","LIR-CMOP",100,50000,4,276904,50000,7.7078,0.417993981571611,0.3897810542612745,1,"Dual_Survival_Credit_AOP_LIRCMOP9_N100_FE50000_run4_seed276904.mat"
"s05_confirmation","Dual-Survival-Credit-AOP","LIRCMOP9","LIR-CMOP",100,50000,5,276905,50000,7.6019,0.4093993858717672,0.394959629913732,1,"Dual_Survival_Credit_AOP_LIRCMOP9_N100_FE50000_run5_seed276905.mat"
"s05_confirmation","EMCMO","CF10","CF",100,50000,1,216001,50000,10.0299,0.2695487409458872,0.1680676508058404,1,"EMCMO_CF10_N100_FE50000_run1_seed216001.mat"
"s05_confirmation","EMCMO","CF10","CF",100,50000,2,216002,50000,10.0976,0.4542969647300608,0.1199364391551236,1,"EMCMO_CF10_N100_FE50000_run2_seed216002.mat"
"s05_confirmation","EMCMO","CF10","CF",100,50000,3,216003,50000,10.9023,0.3332624106241998,0.1737136681407719,1,"EMCMO_CF10_N100_FE50000_run3_seed216003.mat"
"s05_confirmation","EMCMO","CF10","CF",100,50000,4,216004,50000,9.3954,0.3902755990187301,0.09316593837310931,1,"EMCMO_CF10_N100_FE50000_run4_seed216004.mat"
"s05_confirmation","EMCMO","CF10","CF",100,50000,5,216005,50000,9.6374,0.3034423581074578,0.2105139460662734,1,"EMCMO_CF10_N100_FE50000_run5_seed216005.mat"
"s05_confirmation","EMCMO","CF1","CF",100,50000,1,215101,50000,5.5382,0.01052554546200691,0.5530276726339419,1,"EMCMO_CF1_N100_FE50000_run1_seed215101.mat"
"s05_confirmation","EMCMO","CF1","CF",100,50000,2,215102,50000,5.4236,0.01183671544066925,0.5512083030049318,1,"EMCMO_CF1_N100_FE50000_run2_seed215102.mat"
"s05_confirmation","EMCMO","CF1","CF",100,50000,3,215103,50000,5.5782,0.01156710787403142,0.5517104095322587,1,"EMCMO_CF1_N100_FE50000_run3_seed215103.mat"
"s05_confirmation","EMCMO","CF1","CF",100,50000,4,215104,50000,5.4054,0.01248390126935831,0.5508448789757452,1,"EMCMO_CF1_N100_FE50000_run4_seed215104.mat"
"s05_confirmation","EMCMO","CF1","CF",100,50000,5,215105,50000,5.3834,0.009826504475235365,0.5536765155339629,1,"EMCMO_CF1_N100_FE50000_run5_seed215105.mat"
"s05_confirmation","EMCMO","CF2","CF",100,50000,1,215201,50000,9.8357,0.08114464077838701,0.5777858581918001,1,"EMCMO_CF2_N100_FE50000_run1_seed215201.mat"
"s05_confirmation","EMCMO","CF2","CF",100,50000,2,215202,50000,10.6841,0.03156171587474507,0.6450062311839927,1,"EMCMO_CF2_N100_FE50000_run2_seed215202.mat"
"s05_confirmation","EMCMO","CF2","CF",100,50000,3,215203,50000,10.6374,0.06053380805253369,0.6327147563182545,1,"EMCMO_CF2_N100_FE50000_run3_seed215203.mat"
"s05_confirmation","EMCMO","CF2","CF",100,50000,4,215204,50000,9.5937,0.03867542631750561,0.6193823772859914,1,"EMCMO_CF2_N100_FE50000_run4_seed215204.mat"
"s05_confirmation","EMCMO","CF2","CF",100,50000,5,215205,50000,9.1541,0.05397446976184944,0.6052315623628287,1,"EMCMO_CF2_N100_FE50000_run5_seed215205.mat"
"s05_confirmation","EMCMO","CF3","CF",100,50000,1,215301,50000,7.9489,0.2731085504599081,0.2018784412025972,1,"EMCMO_CF3_N100_FE50000_run1_seed215301.mat"
"s05_confirmation","EMCMO","CF3","CF",100,50000,2,215302,50000,5.7607,0.2240865933183786,0.1728858042209394,1,"EMCMO_CF3_N100_FE50000_run2_seed215302.mat"
"s05_confirmation","EMCMO","CF3","CF",100,50000,3,215303,50000,7.7337,0.2574209369926221,0.2048951457462193,1,"EMCMO_CF3_N100_FE50000_run3_seed215303.mat"
"s05_confirmation","EMCMO","CF3","CF",100,50000,4,215304,50000,8.5383,0.239334854387941,0.1616144256418571,1,"EMCMO_CF3_N100_FE50000_run4_seed215304.mat"
"s05_confirmation","EMCMO","CF3","CF",100,50000,5,215305,50000,9.056,0.2496918362009163,0.2127232211079544,1,"EMCMO_CF3_N100_FE50000_run5_seed215305.mat"
"s05_confirmation","EMCMO","CF4","CF",100,50000,1,215401,50000,9.0666,0.07685805789123293,0.4397181461425435,1,"EMCMO_CF4_N100_FE50000_run1_seed215401.mat"
"s05_confirmation","EMCMO","CF4","CF",100,50000,2,215402,50000,9.6118,0.09269241002668729,0.4311734308581583,1,"EMCMO_CF4_N100_FE50000_run2_seed215402.mat"
"s05_confirmation","EMCMO","CF4","CF",100,50000,3,215403,50000,9.0637,0.07457360861427458,0.4434025391226108,1,"EMCMO_CF4_N100_FE50000_run3_seed215403.mat"
"s05_confirmation","EMCMO","CF4","CF",100,50000,4,215404,50000,8.39,0.08420929301372214,0.423671918579671,1,"EMCMO_CF4_N100_FE50000_run4_seed215404.mat"
"s05_confirmation","EMCMO","CF4","CF",100,50000,5,215405,50000,8.5242,0.08794368558499721,0.4325253989883001,1,"EMCMO_CF4_N100_FE50000_run5_seed215405.mat"
"s05_confirmation","EMCMO","CF5","CF",100,50000,1,215501,50000,10.3438,0.1965417163508932,0.2820367611285244,1,"EMCMO_CF5_N100_FE50000_run1_seed215501.mat"
"s05_confirmation","EMCMO","CF5","CF",100,50000,2,215502,50000,9.7331,0.3033480790120075,0.2954821208591117,1,"EMCMO_CF5_N100_FE50000_run2_seed215502.mat"
"s05_confirmation","EMCMO","CF5","CF",100,50000,3,215503,50000,9.7227,0.1824048028050207,0.3354265639180704,1,"EMCMO_CF5_N100_FE50000_run3_seed215503.mat"
"s05_confirmation","EMCMO","CF5","CF",100,50000,4,215504,50000,8.4692,0.202383449155373,0.3571888133464994,1,"EMCMO_CF5_N100_FE50000_run4_seed215504.mat"
"s05_confirmation","EMCMO","CF5","CF",100,50000,5,215505,50000,10.8094,0.2381438804489118,0.2570467323062268,1,"EMCMO_CF5_N100_FE50000_run5_seed215505.mat"
"s05_confirmation","EMCMO","CF6","CF",100,50000,1,215601,50000,11.3537,0.03228578098443941,0.6602553993333162,1,"EMCMO_CF6_N100_FE50000_run1_seed215601.mat"
"s05_confirmation","EMCMO","CF6","CF",100,50000,2,215602,50000,11.5747,0.06887856588698148,0.6473825557835967,1,"EMCMO_CF6_N100_FE50000_run2_seed215602.mat"
"s05_confirmation","EMCMO","CF6","CF",100,50000,3,215603,50000,11.5,0.07192430636209986,0.6109959633111111,1,"EMCMO_CF6_N100_FE50000_run3_seed215603.mat"
"s05_confirmation","EMCMO","CF6","CF",100,50000,4,215604,50000,11.9068,0.03654577439482695,0.6641847442551115,1,"EMCMO_CF6_N100_FE50000_run4_seed215604.mat"
"s05_confirmation","EMCMO","CF6","CF",100,50000,5,215605,50000,12.2937,0.08257971463832736,0.6191393752439434,1,"EMCMO_CF6_N100_FE50000_run5_seed215605.mat"
"s05_confirmation","EMCMO","CF7","CF",100,50000,1,215701,50000,4.7026,0.3286193933788372,0.409453559823872,1,"EMCMO_CF7_N100_FE50000_run1_seed215701.mat"
"s05_confirmation","EMCMO","CF7","CF",100,50000,2,215702,50000,8.7049,0.1943540237394573,0.5206456821678125,1,"EMCMO_CF7_N100_FE50000_run2_seed215702.mat"
"s05_confirmation","EMCMO","CF7","CF",100,50000,3,215703,50000,9.3827,0.5926616210861999,0.2128863053661577,1,"EMCMO_CF7_N100_FE50000_run3_seed215703.mat"
"s05_confirmation","EMCMO","CF7","CF",100,50000,4,215704,50000,10.4571,0.5095370674406707,0.3261818230894453,1,"EMCMO_CF7_N100_FE50000_run4_seed215704.mat"
"s05_confirmation","EMCMO","CF7","CF",100,50000,5,215705,50000,4.6865,0.3028685266963254,0.3851508977087298,1,"EMCMO_CF7_N100_FE50000_run5_seed215705.mat"
"s05_confirmation","EMCMO","CF8","CF",100,50000,1,215801,50000,8.9262,0.1885513608124673,0.2744666779523824,1,"EMCMO_CF8_N100_FE50000_run1_seed215801.mat"
"s05_confirmation","EMCMO","CF8","CF",100,50000,2,215802,50000,9.3722,0.1998401581301797,0.3047458028707891,1,"EMCMO_CF8_N100_FE50000_run2_seed215802.mat"
"s05_confirmation","EMCMO","CF8","CF",100,50000,3,215803,50000,10.3786,0.2162550593642197,0.255118056466373,1,"EMCMO_CF8_N100_FE50000_run3_seed215803.mat"
"s05_confirmation","EMCMO","CF8","CF",100,50000,4,215804,50000,9.2207,0.1741289165584963,0.3123705318289007,1,"EMCMO_CF8_N100_FE50000_run4_seed215804.mat"
"s05_confirmation","EMCMO","CF8","CF",100,50000,5,215805,50000,9.3303,0.1838149533140839,0.278629592961314,1,"EMCMO_CF8_N100_FE50000_run5_seed215805.mat"
"s05_confirmation","EMCMO","CF9","CF",100,50000,1,215901,50000,11.6894,0.1274772961383529,0.384393605175769,1,"EMCMO_CF9_N100_FE50000_run1_seed215901.mat"
"s05_confirmation","EMCMO","CF9","CF",100,50000,2,215902,50000,11.1843,0.1295962213084319,0.387093282740665,1,"EMCMO_CF9_N100_FE50000_run2_seed215902.mat"
"s05_confirmation","EMCMO","CF9","CF",100,50000,3,215903,50000,12.0217,0.09843440025663724,0.4180408601076549,1,"EMCMO_CF9_N100_FE50000_run3_seed215903.mat"
"s05_confirmation","EMCMO","CF9","CF",100,50000,4,215904,50000,11.7566,0.1327884067880095,0.3494954881799459,1,"EMCMO_CF9_N100_FE50000_run4_seed215904.mat"
"s05_confirmation","EMCMO","CF9","CF",100,50000,5,215905,50000,11.7109,0.1065007584780428,0.4030402826479872,1,"EMCMO_CF9_N100_FE50000_run5_seed215905.mat"
"s05_confirmation","EMCMO","DASCMOP1","DAS-CMOP",100,50000,1,217501,50000,4.7559,0.7511271884759108,0.002406134796481166,1,"EMCMO_DASCMOP1_N100_FE50000_run1_seed217501.mat"
"s05_confirmation","EMCMO","DASCMOP1","DAS-CMOP",100,50000,2,217502,50000,4.7823,0.6872704677820581,0.01527944687298945,1,"EMCMO_DASCMOP1_N100_FE50000_run2_seed217502.mat"
"s05_confirmation","EMCMO","DASCMOP1","DAS-CMOP",100,50000,3,217503,50000,4.4337,0.7103920874937528,0.01050776346992484,1,"EMCMO_DASCMOP1_N100_FE50000_run3_seed217503.mat"
"s05_confirmation","EMCMO","DASCMOP1","DAS-CMOP",100,50000,4,217504,50000,4.7259,0.7755722679836871,0,1,"EMCMO_DASCMOP1_N100_FE50000_run4_seed217504.mat"
"s05_confirmation","EMCMO","DASCMOP1","DAS-CMOP",100,50000,5,217505,50000,4.6786,0.6700407612434017,0.01914590292916306,1,"EMCMO_DASCMOP1_N100_FE50000_run5_seed217505.mat"
"s05_confirmation","EMCMO","DASCMOP2","DAS-CMOP",100,50000,1,217601,50000,4.2729,0.2192899252845159,0.2557891339748657,1,"EMCMO_DASCMOP2_N100_FE50000_run1_seed217601.mat"
"s05_confirmation","EMCMO","DASCMOP2","DAS-CMOP",100,50000,2,217602,50000,4.6585,0.2513782551018666,0.2569810921899716,1,"EMCMO_DASCMOP2_N100_FE50000_run2_seed217602.mat"
"s05_confirmation","EMCMO","DASCMOP2","DAS-CMOP",100,50000,3,217603,50000,4.2949,0.2542453806813518,0.2583634765080864,1,"EMCMO_DASCMOP2_N100_FE50000_run3_seed217603.mat"
"s05_confirmation","EMCMO","DASCMOP2","DAS-CMOP",100,50000,4,217604,50000,4.592,0.2654823947271246,0.2581910658302197,1,"EMCMO_DASCMOP2_N100_FE50000_run4_seed217604.mat"
"s05_confirmation","EMCMO","DASCMOP2","DAS-CMOP",100,50000,5,217605,50000,4.6285,0.2630780982769763,0.2571169940562578,1,"EMCMO_DASCMOP2_N100_FE50000_run5_seed217605.mat"
"s05_confirmation","EMCMO","DASCMOP3","DAS-CMOP",100,50000,1,217701,50000,4.5077,0.3448420053224642,0.2082774808710291,1,"EMCMO_DASCMOP3_N100_FE50000_run1_seed217701.mat"
"s05_confirmation","EMCMO","DASCMOP3","DAS-CMOP",100,50000,2,217702,50000,4.4292,0.3456842337364295,0.207841993614767,1,"EMCMO_DASCMOP3_N100_FE50000_run2_seed217702.mat"
"s05_confirmation","EMCMO","DASCMOP3","DAS-CMOP",100,50000,3,217703,50000,4.6547,0.4451734552540181,0.2081183134786002,1,"EMCMO_DASCMOP3_N100_FE50000_run3_seed217703.mat"
"s05_confirmation","EMCMO","DASCMOP3","DAS-CMOP",100,50000,4,217704,50000,4.3994,0.2645528193141131,0.2524099253907792,1,"EMCMO_DASCMOP3_N100_FE50000_run4_seed217704.mat"
"s05_confirmation","EMCMO","DASCMOP3","DAS-CMOP",100,50000,5,217705,50000,4.8725,0.3445097895425858,0.2084742195702234,1,"EMCMO_DASCMOP3_N100_FE50000_run5_seed217705.mat"
"s05_confirmation","EMCMO","DASCMOP4","DAS-CMOP",100,50000,1,217801,50000,4.5213,0.00414656203735882,0.1957600502519764,1,"EMCMO_DASCMOP4_N100_FE50000_run1_seed217801.mat"
"s05_confirmation","EMCMO","DASCMOP4","DAS-CMOP",100,50000,2,217802,50000,4.5717,0.01577365020873156,0.1998137781937516,1,"EMCMO_DASCMOP4_N100_FE50000_run2_seed217802.mat"
"s05_confirmation","EMCMO","DASCMOP4","DAS-CMOP",100,50000,3,217803,50000,4.8183,0.004139746217342235,0.1955530314999381,1,"EMCMO_DASCMOP4_N100_FE50000_run3_seed217803.mat"
"s05_confirmation","EMCMO","DASCMOP4","DAS-CMOP",100,50000,4,217804,50000,4.3437,0.004038108747027461,0.1956971327859509,1,"EMCMO_DASCMOP4_N100_FE50000_run4_seed217804.mat"
"s05_confirmation","EMCMO","DASCMOP4","DAS-CMOP",100,50000,5,217805,50000,4.8427,0.006235797918512693,0.1943982961901659,1,"EMCMO_DASCMOP4_N100_FE50000_run5_seed217805.mat"
"s05_confirmation","EMCMO","DASCMOP5","DAS-CMOP",100,50000,1,217901,50000,4.6908,0.01125186520980912,0.3463412186625301,1,"EMCMO_DASCMOP5_N100_FE50000_run1_seed217901.mat"
"s05_confirmation","EMCMO","DASCMOP5","DAS-CMOP",100,50000,2,217902,50000,4.4834,0.003012438864153887,0.3512023956726199,1,"EMCMO_DASCMOP5_N100_FE50000_run2_seed217902.mat"
"s05_confirmation","EMCMO","DASCMOP5","DAS-CMOP",100,50000,3,217903,50000,4.4594,0.003217380421358144,0.3507126205497491,1,"EMCMO_DASCMOP5_N100_FE50000_run3_seed217903.mat"
"s05_confirmation","EMCMO","DASCMOP5","DAS-CMOP",100,50000,4,217904,50000,4.7299,0.004351051228658964,0.3506670996716648,1,"EMCMO_DASCMOP5_N100_FE50000_run4_seed217904.mat"
"s05_confirmation","EMCMO","DASCMOP5","DAS-CMOP",100,50000,5,217905,50000,4.6884,0.003116214103243846,0.3508038069550556,1,"EMCMO_DASCMOP5_N100_FE50000_run5_seed217905.mat"
"s05_confirmation","EMCMO","DASCMOP6","DAS-CMOP",100,50000,1,218001,50000,4.7309,0.04294718669274024,0.292196124421203,1,"EMCMO_DASCMOP6_N100_FE50000_run1_seed218001.mat"
"s05_confirmation","EMCMO","DASCMOP6","DAS-CMOP",100,50000,2,218002,50000,4.5382,0.01979477424875552,0.3120155675684333,1,"EMCMO_DASCMOP6_N100_FE50000_run2_seed218002.mat"
"s05_confirmation","EMCMO","DASCMOP6","DAS-CMOP",100,50000,3,218003,50000,4.3517,0.07692947082024587,0.2988728486770898,1,"EMCMO_DASCMOP6_N100_FE50000_run3_seed218003.mat"
"s05_confirmation","EMCMO","DASCMOP6","DAS-CMOP",100,50000,4,218004,50000,4.2542,0.02026078571393714,0.3113837377989935,1,"EMCMO_DASCMOP6_N100_FE50000_run4_seed218004.mat"
"s05_confirmation","EMCMO","DASCMOP6","DAS-CMOP",100,50000,5,218005,50000,4.4201,0.0337979955455435,0.2933190969657491,1,"EMCMO_DASCMOP6_N100_FE50000_run5_seed218005.mat"
"s05_confirmation","EMCMO","DASCMOP7","DAS-CMOP",100,50000,1,218101,50000,6.0296,0.03197060214825664,0.2867595669281225,1,"EMCMO_DASCMOP7_N100_FE50000_run1_seed218101.mat"
"s05_confirmation","EMCMO","DASCMOP7","DAS-CMOP",100,50000,2,218102,50000,6.178,0.03618916784572605,0.2821434968886828,1,"EMCMO_DASCMOP7_N100_FE50000_run2_seed218102.mat"
"s05_confirmation","EMCMO","DASCMOP7","DAS-CMOP",100,50000,3,218103,50000,6.1294,0.03705911827624952,0.2803590512233925,1,"EMCMO_DASCMOP7_N100_FE50000_run3_seed218103.mat"
"s05_confirmation","EMCMO","DASCMOP7","DAS-CMOP",100,50000,4,218104,50000,5.8697,0.1028294005704367,0.2603512482688988,1,"EMCMO_DASCMOP7_N100_FE50000_run4_seed218104.mat"
"s05_confirmation","EMCMO","DASCMOP7","DAS-CMOP",100,50000,5,218105,50000,6.5693,0.03209678354124038,0.2865118036265776,1,"EMCMO_DASCMOP7_N100_FE50000_run5_seed218105.mat"
"s05_confirmation","EMCMO","DASCMOP8","DAS-CMOP",100,50000,1,218201,50000,5.779,0.0390317604001836,0.2065018487547735,1,"EMCMO_DASCMOP8_N100_FE50000_run1_seed218201.mat"
"s05_confirmation","EMCMO","DASCMOP8","DAS-CMOP",100,50000,2,218202,50000,5.1409,0.1346565600672855,0.1720418274671581,1,"EMCMO_DASCMOP8_N100_FE50000_run2_seed218202.mat"
"s05_confirmation","EMCMO","DASCMOP8","DAS-CMOP",100,50000,3,218203,50000,4.9009,0.03810893224427823,0.20679724145845,1,"EMCMO_DASCMOP8_N100_FE50000_run3_seed218203.mat"
"s05_confirmation","EMCMO","DASCMOP8","DAS-CMOP",100,50000,4,218204,50000,5.8992,0.04267581570472136,0.20512058202328,1,"EMCMO_DASCMOP8_N100_FE50000_run4_seed218204.mat"
"s05_confirmation","EMCMO","DASCMOP8","DAS-CMOP",100,50000,5,218205,50000,6.2345,0.04299081010891974,0.2012816230590042,1,"EMCMO_DASCMOP8_N100_FE50000_run5_seed218205.mat"
"s05_confirmation","EMCMO","DASCMOP9","DAS-CMOP",100,50000,1,218301,50000,4.8387,0.3807846595325606,0.1149020990158236,1,"EMCMO_DASCMOP9_N100_FE50000_run1_seed218301.mat"
"s05_confirmation","EMCMO","DASCMOP9","DAS-CMOP",100,50000,2,218302,50000,4.3563,0.4123004041716457,0.1255982525070722,1,"EMCMO_DASCMOP9_N100_FE50000_run2_seed218302.mat"
"s05_confirmation","EMCMO","DASCMOP9","DAS-CMOP",100,50000,3,218303,50000,4.5566,0.4548190426119507,0.1137838687788106,1,"EMCMO_DASCMOP9_N100_FE50000_run3_seed218303.mat"
"s05_confirmation","EMCMO","DASCMOP9","DAS-CMOP",100,50000,4,218304,50000,4.3642,0.3878305931181055,0.125190160148743,1,"EMCMO_DASCMOP9_N100_FE50000_run4_seed218304.mat"
"s05_confirmation","EMCMO","DASCMOP9","DAS-CMOP",100,50000,5,218305,50000,4.2023,0.4583124354223468,0.1042396623379276,1,"EMCMO_DASCMOP9_N100_FE50000_run5_seed218305.mat"
"s05_confirmation","EMCMO","LIRCMOP10","LIR-CMOP",100,50000,1,217001,50000,7.6919,0.1624225861016456,0.6065968906366853,1,"EMCMO_LIRCMOP10_N100_FE50000_run1_seed217001.mat"
"s05_confirmation","EMCMO","LIRCMOP10","LIR-CMOP",100,50000,2,217002,50000,6.3812,0.1403227573633483,0.6243156224111629,1,"EMCMO_LIRCMOP10_N100_FE50000_run2_seed217002.mat"
"s05_confirmation","EMCMO","LIRCMOP10","LIR-CMOP",100,50000,3,217003,50000,8.1917,0.1950483153617139,0.5804827628340257,1,"EMCMO_LIRCMOP10_N100_FE50000_run3_seed217003.mat"
"s05_confirmation","EMCMO","LIRCMOP10","LIR-CMOP",100,50000,4,217004,50000,8.0185,0.2531956247981824,0.5798209252154598,1,"EMCMO_LIRCMOP10_N100_FE50000_run4_seed217004.mat"
"s05_confirmation","EMCMO","LIRCMOP10","LIR-CMOP",100,50000,5,217005,50000,6.757,0.2221464824070593,0.5911648012017479,1,"EMCMO_LIRCMOP10_N100_FE50000_run5_seed217005.mat"
"s05_confirmation","EMCMO","LIRCMOP11","LIR-CMOP",100,50000,1,217101,50000,4.9781,0.09847067565201599,0.6440770356008272,1,"EMCMO_LIRCMOP11_N100_FE50000_run1_seed217101.mat"
"s05_confirmation","EMCMO","LIRCMOP11","LIR-CMOP",100,50000,2,217102,50000,5.2325,0.1911905322085594,0.5638314237951576,1,"EMCMO_LIRCMOP11_N100_FE50000_run2_seed217102.mat"
"s05_confirmation","EMCMO","LIRCMOP11","LIR-CMOP",100,50000,3,217103,50000,5.2741,0.1634492109757207,0.6002331472901447,1,"EMCMO_LIRCMOP11_N100_FE50000_run3_seed217103.mat"
"s05_confirmation","EMCMO","LIRCMOP11","LIR-CMOP",100,50000,4,217104,50000,6.333,0.1476054051422303,0.5936115814147893,1,"EMCMO_LIRCMOP11_N100_FE50000_run4_seed217104.mat"
"s05_confirmation","EMCMO","LIRCMOP11","LIR-CMOP",100,50000,5,217105,50000,5.644,0.1037273112913419,0.6381961822386719,1,"EMCMO_LIRCMOP11_N100_FE50000_run5_seed217105.mat"
"s05_confirmation","EMCMO","LIRCMOP12","LIR-CMOP",100,50000,1,217201,50000,4.6764,0.3692402687580736,0.4337550234853781,1,"EMCMO_LIRCMOP12_N100_FE50000_run1_seed217201.mat"
"s05_confirmation","EMCMO","LIRCMOP12","LIR-CMOP",100,50000,2,217202,50000,4.7608,0.3691831013285201,0.433471063812091,1,"EMCMO_LIRCMOP12_N100_FE50000_run2_seed217202.mat"
"s05_confirmation","EMCMO","LIRCMOP12","LIR-CMOP",100,50000,3,217203,50000,5.3436,0.3878550781567017,0.4478667152859213,1,"EMCMO_LIRCMOP12_N100_FE50000_run3_seed217203.mat"
"s05_confirmation","EMCMO","LIRCMOP12","LIR-CMOP",100,50000,4,217204,50000,4.9583,0.3692396123639385,0.4335166338516718,1,"EMCMO_LIRCMOP12_N100_FE50000_run4_seed217204.mat"
"s05_confirmation","EMCMO","LIRCMOP12","LIR-CMOP",100,50000,5,217205,50000,5.5446,0.2592890916867665,0.4979515549242802,1,"EMCMO_LIRCMOP12_N100_FE50000_run5_seed217205.mat"
"s05_confirmation","EMCMO","LIRCMOP13","LIR-CMOP",100,50000,1,217301,50000,16.7645,0.09131037803155487,0.5570646918221703,1,"EMCMO_LIRCMOP13_N100_FE50000_run1_seed217301.mat"
"s05_confirmation","EMCMO","LIRCMOP13","LIR-CMOP",100,50000,2,217302,50000,16.476,0.09108653946173786,0.5587543890646236,1,"EMCMO_LIRCMOP13_N100_FE50000_run2_seed217302.mat"
"s05_confirmation","EMCMO","LIRCMOP13","LIR-CMOP",100,50000,3,217303,50000,16.4741,0.09052955280054306,0.5605123606456945,1,"EMCMO_LIRCMOP13_N100_FE50000_run3_seed217303.mat"
"s05_confirmation","EMCMO","LIRCMOP13","LIR-CMOP",100,50000,4,217304,50000,17.099,0.09051153698342471,0.5586814188677574,1,"EMCMO_LIRCMOP13_N100_FE50000_run4_seed217304.mat"
"s05_confirmation","EMCMO","LIRCMOP13","LIR-CMOP",100,50000,5,217305,50000,17.397,0.09083863228278687,0.5580005491870785,1,"EMCMO_LIRCMOP13_N100_FE50000_run5_seed217305.mat"
"s05_confirmation","EMCMO","LIRCMOP14","LIR-CMOP",100,50000,1,217401,50000,11.1088,0.0949768037930077,0.5575125641453508,1,"EMCMO_LIRCMOP14_N100_FE50000_run1_seed217401.mat"
"s05_confirmation","EMCMO","LIRCMOP14","LIR-CMOP",100,50000,2,217402,50000,10.704,0.09612567705537495,0.5560011647926686,1,"EMCMO_LIRCMOP14_N100_FE50000_run2_seed217402.mat"
"s05_confirmation","EMCMO","LIRCMOP14","LIR-CMOP",100,50000,3,217403,50000,11.766,0.09420857247057876,0.5551814987360055,1,"EMCMO_LIRCMOP14_N100_FE50000_run3_seed217403.mat"
"s05_confirmation","EMCMO","LIRCMOP14","LIR-CMOP",100,50000,4,217404,50000,11.3595,0.09634910440053245,0.5568215136147195,1,"EMCMO_LIRCMOP14_N100_FE50000_run4_seed217404.mat"
"s05_confirmation","EMCMO","LIRCMOP14","LIR-CMOP",100,50000,5,217405,50000,10.5674,0.09497324078811478,0.5551966155937549,1,"EMCMO_LIRCMOP14_N100_FE50000_run5_seed217405.mat"
"s05_confirmation","EMCMO","LIRCMOP1","LIR-CMOP",100,50000,1,216101,50000,4.2608,0.2505960841334035,0.1249877372295153,1,"EMCMO_LIRCMOP1_N100_FE50000_run1_seed216101.mat"
"s05_confirmation","EMCMO","LIRCMOP1","LIR-CMOP",100,50000,2,216102,50000,4.3852,0.1529976359586903,0.1595860166027744,1,"EMCMO_LIRCMOP1_N100_FE50000_run2_seed216102.mat"
"s05_confirmation","EMCMO","LIRCMOP1","LIR-CMOP",100,50000,3,216103,50000,4.6822,0.3088261905533243,0.1085208790784776,1,"EMCMO_LIRCMOP1_N100_FE50000_run3_seed216103.mat"
"s05_confirmation","EMCMO","LIRCMOP1","LIR-CMOP",100,50000,4,216104,50000,4.2285,0.2090734786540286,0.1390883420122332,1,"EMCMO_LIRCMOP1_N100_FE50000_run4_seed216104.mat"
"s05_confirmation","EMCMO","LIRCMOP1","LIR-CMOP",100,50000,5,216105,50000,4.0017,0.2500052259647883,0.1349431007074974,1,"EMCMO_LIRCMOP1_N100_FE50000_run5_seed216105.mat"
"s05_confirmation","EMCMO","LIRCMOP2","LIR-CMOP",100,50000,1,216201,50000,3.9712,0.193480345661029,0.2587242187937582,1,"EMCMO_LIRCMOP2_N100_FE50000_run1_seed216201.mat"
"s05_confirmation","EMCMO","LIRCMOP2","LIR-CMOP",100,50000,2,216202,50000,4.1898,0.2810854247546334,0.2180695836140528,1,"EMCMO_LIRCMOP2_N100_FE50000_run2_seed216202.mat"
"s05_confirmation","EMCMO","LIRCMOP2","LIR-CMOP",100,50000,3,216203,50000,4.1245,0.2431102673938669,0.2378495591562493,1,"EMCMO_LIRCMOP2_N100_FE50000_run3_seed216203.mat"
"s05_confirmation","EMCMO","LIRCMOP2","LIR-CMOP",100,50000,4,216204,50000,4.2055,0.2939253441086703,0.2096257956836154,1,"EMCMO_LIRCMOP2_N100_FE50000_run4_seed216204.mat"
"s05_confirmation","EMCMO","LIRCMOP2","LIR-CMOP",100,50000,5,216205,50000,4.1385,0.2689591290749053,0.2275244245027526,1,"EMCMO_LIRCMOP2_N100_FE50000_run5_seed216205.mat"
"s05_confirmation","EMCMO","LIRCMOP3","LIR-CMOP",100,50000,1,216301,50000,3.9725,0.2726577418803925,0.1158256194800507,1,"EMCMO_LIRCMOP3_N100_FE50000_run1_seed216301.mat"
"s05_confirmation","EMCMO","LIRCMOP3","LIR-CMOP",100,50000,2,216302,50000,4.2065,0.3363597920634865,0.09468330682581436,1,"EMCMO_LIRCMOP3_N100_FE50000_run2_seed216302.mat"
"s05_confirmation","EMCMO","LIRCMOP3","LIR-CMOP",100,50000,3,216303,50000,4.0139,0.229552828930444,0.1244526527155229,1,"EMCMO_LIRCMOP3_N100_FE50000_run3_seed216303.mat"
"s05_confirmation","EMCMO","LIRCMOP3","LIR-CMOP",100,50000,4,216304,50000,3.9643,0.3559395052048156,0.101751003532638,1,"EMCMO_LIRCMOP3_N100_FE50000_run4_seed216304.mat"
"s05_confirmation","EMCMO","LIRCMOP3","LIR-CMOP",100,50000,5,216305,50000,4.0352,0.2691939025844888,0.1081355073503209,1,"EMCMO_LIRCMOP3_N100_FE50000_run5_seed216305.mat"
"s05_confirmation","EMCMO","LIRCMOP4","LIR-CMOP",100,50000,1,216401,50000,3.9143,0.3061870973631423,0.1836122545557351,1,"EMCMO_LIRCMOP4_N100_FE50000_run1_seed216401.mat"
"s05_confirmation","EMCMO","LIRCMOP4","LIR-CMOP",100,50000,2,216402,50000,4.0638,0.2587868545992127,0.208193208543639,1,"EMCMO_LIRCMOP4_N100_FE50000_run2_seed216402.mat"
"s05_confirmation","EMCMO","LIRCMOP4","LIR-CMOP",100,50000,3,216403,50000,4.6934,0.2594513827635748,0.2062778311671375,1,"EMCMO_LIRCMOP4_N100_FE50000_run3_seed216403.mat"
"s05_confirmation","EMCMO","LIRCMOP4","LIR-CMOP",100,50000,4,216404,50000,4.2901,0.3222844836609544,0.178686753141961,1,"EMCMO_LIRCMOP4_N100_FE50000_run4_seed216404.mat"
"s05_confirmation","EMCMO","LIRCMOP4","LIR-CMOP",100,50000,5,216405,50000,4.1112,0.2258565810916789,0.214633210126339,1,"EMCMO_LIRCMOP4_N100_FE50000_run5_seed216405.mat"
"s05_confirmation","EMCMO","LIRCMOP5","LIR-CMOP",100,50000,1,216501,50000,6.8746,0.3023971229040323,0.1484996235361625,1,"EMCMO_LIRCMOP5_N100_FE50000_run1_seed216501.mat"
"s05_confirmation","EMCMO","LIRCMOP5","LIR-CMOP",100,50000,2,216502,50000,9.2711,0.3231733918456782,0.1488146178130224,1,"EMCMO_LIRCMOP5_N100_FE50000_run2_seed216502.mat"
"s05_confirmation","EMCMO","LIRCMOP5","LIR-CMOP",100,50000,3,216503,50000,8.9902,0.2958866580399276,0.1500931950785934,1,"EMCMO_LIRCMOP5_N100_FE50000_run3_seed216503.mat"
"s05_confirmation","EMCMO","LIRCMOP5","LIR-CMOP",100,50000,4,216504,50000,8.2394,0.2033814343378731,0.1915384312843825,1,"EMCMO_LIRCMOP5_N100_FE50000_run4_seed216504.mat"
"s05_confirmation","EMCMO","LIRCMOP5","LIR-CMOP",100,50000,5,216505,50000,9.2016,0.3209503679537828,0.1472847188451722,1,"EMCMO_LIRCMOP5_N100_FE50000_run5_seed216505.mat"
"s05_confirmation","EMCMO","LIRCMOP6","LIR-CMOP",100,50000,1,216601,50000,7.4704,0.3962154680112666,0.1056157567505334,1,"EMCMO_LIRCMOP6_N100_FE50000_run1_seed216601.mat"
"s05_confirmation","EMCMO","LIRCMOP6","LIR-CMOP",100,50000,2,216602,50000,8.3124,0.2915669496323553,0.1189323556325975,1,"EMCMO_LIRCMOP6_N100_FE50000_run2_seed216602.mat"
"s05_confirmation","EMCMO","LIRCMOP6","LIR-CMOP",100,50000,3,216603,50000,8.0339,0.2746031854894445,0.1176096156066331,1,"EMCMO_LIRCMOP6_N100_FE50000_run3_seed216603.mat"
"s05_confirmation","EMCMO","LIRCMOP6","LIR-CMOP",100,50000,4,216604,50000,8.4345,0.2294659262342372,0.1289430098512877,1,"EMCMO_LIRCMOP6_N100_FE50000_run4_seed216604.mat"
"s05_confirmation","EMCMO","LIRCMOP6","LIR-CMOP",100,50000,5,216605,50000,7.3662,0.2654484370988037,0.1130182230160753,1,"EMCMO_LIRCMOP6_N100_FE50000_run5_seed216605.mat"
"s05_confirmation","EMCMO","LIRCMOP7","LIR-CMOP",100,50000,1,216701,50000,4.7369,0.1425252635488149,0.2403526057955365,1,"EMCMO_LIRCMOP7_N100_FE50000_run1_seed216701.mat"
"s05_confirmation","EMCMO","LIRCMOP7","LIR-CMOP",100,50000,2,216702,50000,4.6474,0.1023532017122251,0.25118211200095,1,"EMCMO_LIRCMOP7_N100_FE50000_run2_seed216702.mat"
"s05_confirmation","EMCMO","LIRCMOP7","LIR-CMOP",100,50000,3,216703,50000,4.7362,0.08322247464252819,0.2604057316209907,1,"EMCMO_LIRCMOP7_N100_FE50000_run3_seed216703.mat"
"s05_confirmation","EMCMO","LIRCMOP7","LIR-CMOP",100,50000,4,216704,50000,4.3454,0.1684750275282074,0.2351074260211728,1,"EMCMO_LIRCMOP7_N100_FE50000_run4_seed216704.mat"
"s05_confirmation","EMCMO","LIRCMOP7","LIR-CMOP",100,50000,5,216705,50000,4.253,0.1504299313544857,0.2403619247866414,1,"EMCMO_LIRCMOP7_N100_FE50000_run5_seed216705.mat"
"s05_confirmation","EMCMO","LIRCMOP8","LIR-CMOP",100,50000,1,216801,50000,4.4337,0.1872367176785698,0.2350117609130288,1,"EMCMO_LIRCMOP8_N100_FE50000_run1_seed216801.mat"
"s05_confirmation","EMCMO","LIRCMOP8","LIR-CMOP",100,50000,2,216802,50000,4.4601,0.2086995573212505,0.2310150686846912,1,"EMCMO_LIRCMOP8_N100_FE50000_run2_seed216802.mat"
"s05_confirmation","EMCMO","LIRCMOP8","LIR-CMOP",100,50000,3,216803,50000,4.4474,0.185898576970375,0.2316063012953089,1,"EMCMO_LIRCMOP8_N100_FE50000_run3_seed216803.mat"
"s05_confirmation","EMCMO","LIRCMOP8","LIR-CMOP",100,50000,4,216804,50000,4.3854,0.1924434452987182,0.2257421293560153,1,"EMCMO_LIRCMOP8_N100_FE50000_run4_seed216804.mat"
"s05_confirmation","EMCMO","LIRCMOP8","LIR-CMOP",100,50000,5,216805,50000,4.5183,0.2088728651900348,0.2301761200113,1,"EMCMO_LIRCMOP8_N100_FE50000_run5_seed216805.mat"
"s05_confirmation","EMCMO","LIRCMOP9","LIR-CMOP",100,50000,1,216901,50000,4.6708,0.6532668906256607,0.2809907891609112,1,"EMCMO_LIRCMOP9_N100_FE50000_run1_seed216901.mat"
"s05_confirmation","EMCMO","LIRCMOP9","LIR-CMOP",100,50000,2,216902,50000,6.9574,0.6252948909116396,0.3094252989742319,1,"EMCMO_LIRCMOP9_N100_FE50000_run2_seed216902.mat"
"s05_confirmation","EMCMO","LIRCMOP9","LIR-CMOP",100,50000,3,216903,50000,6.8588,0.9283042241536308,0.2383691387148845,1,"EMCMO_LIRCMOP9_N100_FE50000_run3_seed216903.mat"
"s05_confirmation","EMCMO","LIRCMOP9","LIR-CMOP",100,50000,4,216904,50000,4.7628,0.3366188847660043,0.4119771330872605,1,"EMCMO_LIRCMOP9_N100_FE50000_run4_seed216904.mat"
"s05_confirmation","EMCMO","LIRCMOP9","LIR-CMOP",100,50000,5,216905,50000,6.2999,0.6450367386196945,0.3216966982430191,1,"EMCMO_LIRCMOP9_N100_FE50000_run5_seed216905.mat"
"s05_confirmation","Equal-AOP","CF10","CF",100,50000,1,236001,50000,5.1505,0.2423142862936162,0.1968342869479411,1,"Equal_AOP_CF10_N100_FE50000_run1_seed236001.mat"
"s05_confirmation","Equal-AOP","CF10","CF",100,50000,2,236002,50000,6.3484,0.2573250738988999,0.18701783208947,1,"Equal_AOP_CF10_N100_FE50000_run2_seed236002.mat"
"s05_confirmation","Equal-AOP","CF10","CF",100,50000,3,236003,50000,5.9577,0.2900812700475222,0.1725834515933276,1,"Equal_AOP_CF10_N100_FE50000_run3_seed236003.mat"
"s05_confirmation","Equal-AOP","CF10","CF",100,50000,4,236004,50000,8.4246,0.3401242718385583,0.1531716428533389,1,"Equal_AOP_CF10_N100_FE50000_run4_seed236004.mat"
"s05_confirmation","Equal-AOP","CF10","CF",100,50000,5,236005,50000,7.3953,0.308724398541088,0.2020033471382194,1,"Equal_AOP_CF10_N100_FE50000_run5_seed236005.mat"
"s05_confirmation","Equal-AOP","CF1","CF",100,50000,1,235101,50000,5.7351,0.005981072042855436,0.5589130330752079,1,"Equal_AOP_CF1_N100_FE50000_run1_seed235101.mat"
"s05_confirmation","Equal-AOP","CF1","CF",100,50000,2,235102,50000,5.9412,0.005884791696793403,0.5589777260804505,1,"Equal_AOP_CF1_N100_FE50000_run2_seed235102.mat"
"s05_confirmation","Equal-AOP","CF1","CF",100,50000,3,235103,50000,5.6152,0.006549109000938819,0.5581940234531378,1,"Equal_AOP_CF1_N100_FE50000_run3_seed235103.mat"
"s05_confirmation","Equal-AOP","CF1","CF",100,50000,4,235104,50000,5.186,0.005231397587048008,0.5597954871515162,1,"Equal_AOP_CF1_N100_FE50000_run4_seed235104.mat"
"s05_confirmation","Equal-AOP","CF1","CF",100,50000,5,235105,50000,5.6708,0.00692327252766771,0.5578541440773308,1,"Equal_AOP_CF1_N100_FE50000_run5_seed235105.mat"
"s05_confirmation","Equal-AOP","CF2","CF",100,50000,1,235201,50000,6.1944,0.03486206422221547,0.6390735832364646,1,"Equal_AOP_CF2_N100_FE50000_run1_seed235201.mat"
"s05_confirmation","Equal-AOP","CF2","CF",100,50000,2,235202,50000,5.3628,0.02128017297785927,0.6585092799025579,1,"Equal_AOP_CF2_N100_FE50000_run2_seed235202.mat"
"s05_confirmation","Equal-AOP","CF2","CF",100,50000,3,235203,50000,5.8326,0.01994927932684168,0.6562178575361838,1,"Equal_AOP_CF2_N100_FE50000_run3_seed235203.mat"
"s05_confirmation","Equal-AOP","CF2","CF",100,50000,4,235204,50000,5.5714,0.02095834557820502,0.658215880941888,1,"Equal_AOP_CF2_N100_FE50000_run4_seed235204.mat"
"s05_confirmation","Equal-AOP","CF2","CF",100,50000,5,235205,50000,4.8465,0.01541522524758811,0.6584312306735933,1,"Equal_AOP_CF2_N100_FE50000_run5_seed235205.mat"
"s05_confirmation","Equal-AOP","CF3","CF",100,50000,1,235301,50000,6.0567,0.4092801817134542,0.1512470661910461,1,"Equal_AOP_CF3_N100_FE50000_run1_seed235301.mat"
"s05_confirmation","Equal-AOP","CF3","CF",100,50000,2,235302,50000,6.4002,0.1073133705683522,0.2755712580716102,1,"Equal_AOP_CF3_N100_FE50000_run2_seed235302.mat"
"s05_confirmation","Equal-AOP","CF3","CF",100,50000,3,235303,50000,4.3684,0.09562525198152648,0.2550849708944949,1,"Equal_AOP_CF3_N100_FE50000_run3_seed235303.mat"
"s05_confirmation","Equal-AOP","CF3","CF",100,50000,4,235304,50000,4.9445,0.131431573503196,0.2367741453995567,1,"Equal_AOP_CF3_N100_FE50000_run4_seed235304.mat"
"s05_confirmation","Equal-AOP","CF3","CF",100,50000,5,235305,50000,5.1115,0.1250236039832989,0.295994793084263,1,"Equal_AOP_CF3_N100_FE50000_run5_seed235305.mat"
"s05_confirmation","Equal-AOP","CF4","CF",100,50000,1,235401,50000,4.7614,0.04375748986262698,0.4761567318212113,1,"Equal_AOP_CF4_N100_FE50000_run1_seed235401.mat"
"s05_confirmation","Equal-AOP","CF4","CF",100,50000,2,235402,50000,6.0586,0.07327919953485812,0.4456117859624698,1,"Equal_AOP_CF4_N100_FE50000_run2_seed235402.mat"
"s05_confirmation","Equal-AOP","CF4","CF",100,50000,3,235403,50000,6.4199,0.04823721829847329,0.4755082788497872,1,"Equal_AOP_CF4_N100_FE50000_run3_seed235403.mat"
"s05_confirmation","Equal-AOP","CF4","CF",100,50000,4,235404,50000,5.0735,0.04085719581108827,0.4814469422971522,1,"Equal_AOP_CF4_N100_FE50000_run4_seed235404.mat"
"s05_confirmation","Equal-AOP","CF4","CF",100,50000,5,235405,50000,5.9726,0.0568394944918875,0.4577640138924784,1,"Equal_AOP_CF4_N100_FE50000_run5_seed235405.mat"
"s05_confirmation","Equal-AOP","CF5","CF",100,50000,1,235501,50000,5.9937,0.1028956770681244,0.4043844160087791,1,"Equal_AOP_CF5_N100_FE50000_run1_seed235501.mat"
"s05_confirmation","Equal-AOP","CF5","CF",100,50000,2,235502,50000,4.6728,0.1886372269375326,0.373429730338194,1,"Equal_AOP_CF5_N100_FE50000_run2_seed235502.mat"
"s05_confirmation","Equal-AOP","CF5","CF",100,50000,3,235503,50000,7.1668,0.1644153104348786,0.3771710943940814,1,"Equal_AOP_CF5_N100_FE50000_run3_seed235503.mat"
"s05_confirmation","Equal-AOP","CF5","CF",100,50000,4,235504,50000,6.9892,0.1347851227434214,0.3696857342770714,1,"Equal_AOP_CF5_N100_FE50000_run4_seed235504.mat"
"s05_confirmation","Equal-AOP","CF5","CF",100,50000,5,235505,50000,5.6389,0.1413547452419051,0.3405834418885558,1,"Equal_AOP_CF5_N100_FE50000_run5_seed235505.mat"
"s05_confirmation","Equal-AOP","CF6","CF",100,50000,1,235601,50000,7.0118,0.04060486805426255,0.6574923488941289,1,"Equal_AOP_CF6_N100_FE50000_run1_seed235601.mat"
"s05_confirmation","Equal-AOP","CF6","CF",100,50000,2,235602,50000,7.0267,0.04314780141359104,0.655317039035481,1,"Equal_AOP_CF6_N100_FE50000_run2_seed235602.mat"
"s05_confirmation","Equal-AOP","CF6","CF",100,50000,3,235603,50000,6.0043,0.04922933947523077,0.6581242438059193,1,"Equal_AOP_CF6_N100_FE50000_run3_seed235603.mat"
"s05_confirmation","Equal-AOP","CF6","CF",100,50000,4,235604,50000,8.2613,0.04528955865249753,0.6670899210085601,1,"Equal_AOP_CF6_N100_FE50000_run4_seed235604.mat"
"s05_confirmation","Equal-AOP","CF6","CF",100,50000,5,235605,50000,8.3068,0.06193850758415669,0.6400408450143299,1,"Equal_AOP_CF6_N100_FE50000_run5_seed235605.mat"
"s05_confirmation","Equal-AOP","CF7","CF",100,50000,1,235701,50000,4.477,0.1083934774110321,0.5700404728502823,1,"Equal_AOP_CF7_N100_FE50000_run1_seed235701.mat"
"s05_confirmation","Equal-AOP","CF7","CF",100,50000,2,235702,50000,6.6622,0.2715918888149236,0.4107956327728225,1,"Equal_AOP_CF7_N100_FE50000_run2_seed235702.mat"
"s05_confirmation","Equal-AOP","CF7","CF",100,50000,3,235703,50000,5.9308,0.2163206222390682,0.5289012865325616,1,"Equal_AOP_CF7_N100_FE50000_run3_seed235703.mat"
"s05_confirmation","Equal-AOP","CF7","CF",100,50000,4,235704,50000,4.9849,0.1805678185244635,0.4870951830029647,1,"Equal_AOP_CF7_N100_FE50000_run4_seed235704.mat"
"s05_confirmation","Equal-AOP","CF7","CF",100,50000,5,235705,50000,6.6857,0.2947895521440875,0.4698448112729113,1,"Equal_AOP_CF7_N100_FE50000_run5_seed235705.mat"
"s05_confirmation","Equal-AOP","CF8","CF",100,50000,1,235801,50000,5.9768,0.1830912529749861,0.3301654296026175,1,"Equal_AOP_CF8_N100_FE50000_run1_seed235801.mat"
"s05_confirmation","Equal-AOP","CF8","CF",100,50000,2,235802,50000,4.4024,0.1631022030390046,0.3321328956333688,1,"Equal_AOP_CF8_N100_FE50000_run2_seed235802.mat"
"s05_confirmation","Equal-AOP","CF8","CF",100,50000,3,235803,50000,5.0407,0.1446689856038849,0.3663714917595429,1,"Equal_AOP_CF8_N100_FE50000_run3_seed235803.mat"
"s05_confirmation","Equal-AOP","CF8","CF",100,50000,4,235804,50000,6.9608,0.1605256572908769,0.3318872499027599,1,"Equal_AOP_CF8_N100_FE50000_run4_seed235804.mat"
"s05_confirmation","Equal-AOP","CF8","CF",100,50000,5,235805,50000,4.6067,0.1645040475860466,0.3462712956223444,1,"Equal_AOP_CF8_N100_FE50000_run5_seed235805.mat"
"s05_confirmation","Equal-AOP","CF9","CF",100,50000,1,235901,50000,7.4856,0.093611303475073,0.4253430861944921,1,"Equal_AOP_CF9_N100_FE50000_run1_seed235901.mat"
"s05_confirmation","Equal-AOP","CF9","CF",100,50000,2,235902,50000,7.6224,0.1010609636839367,0.4199297641829839,1,"Equal_AOP_CF9_N100_FE50000_run2_seed235902.mat"
"s05_confirmation","Equal-AOP","CF9","CF",100,50000,3,235903,50000,5.8178,0.09404988057583059,0.4236687103048392,1,"Equal_AOP_CF9_N100_FE50000_run3_seed235903.mat"
"s05_confirmation","Equal-AOP","CF9","CF",100,50000,4,235904,50000,6.5599,0.09817723328672825,0.4154301247851114,1,"Equal_AOP_CF9_N100_FE50000_run4_seed235904.mat"
"s05_confirmation","Equal-AOP","CF9","CF",100,50000,5,235905,50000,6.7788,0.08876136261806136,0.4304444829840994,1,"Equal_AOP_CF9_N100_FE50000_run5_seed235905.mat"
"s05_confirmation","Equal-AOP","DASCMOP1","DAS-CMOP",100,50000,1,237501,50000,4.1495,0.006990978825752353,0.2093560082192653,1,"Equal_AOP_DASCMOP1_N100_FE50000_run1_seed237501.mat"
"s05_confirmation","Equal-AOP","DASCMOP1","DAS-CMOP",100,50000,2,237502,50000,5.1706,0.01076120294426655,0.2106750099439874,1,"Equal_AOP_DASCMOP1_N100_FE50000_run2_seed237502.mat"
"s05_confirmation","Equal-AOP","DASCMOP1","DAS-CMOP",100,50000,3,237503,50000,5.048,0.005395819246102655,0.2088775577593855,1,"Equal_AOP_DASCMOP1_N100_FE50000_run3_seed237503.mat"
"s05_confirmation","Equal-AOP","DASCMOP1","DAS-CMOP",100,50000,4,237504,50000,4.4344,0.008265922605139328,0.207998948257847,1,"Equal_AOP_DASCMOP1_N100_FE50000_run4_seed237504.mat"
"s05_confirmation","Equal-AOP","DASCMOP1","DAS-CMOP",100,50000,5,237505,50000,5.309,0.006819181445823251,0.2089523109166785,1,"Equal_AOP_DASCMOP1_N100_FE50000_run5_seed237505.mat"
"s05_confirmation","Equal-AOP","DASCMOP2","DAS-CMOP",100,50000,1,237601,50000,4.4089,0.00725958341530344,0.3529294099655574,1,"Equal_AOP_DASCMOP2_N100_FE50000_run1_seed237601.mat"
"s05_confirmation","Equal-AOP","DASCMOP2","DAS-CMOP",100,50000,2,237602,50000,3.822,0.008287850456773915,0.3527546473112819,1,"Equal_AOP_DASCMOP2_N100_FE50000_run2_seed237602.mat"
"s05_confirmation","Equal-AOP","DASCMOP2","DAS-CMOP",100,50000,3,237603,50000,5.0148,0.006750038279147941,0.3532054470760475,1,"Equal_AOP_DASCMOP2_N100_FE50000_run3_seed237603.mat"
"s05_confirmation","Equal-AOP","DASCMOP2","DAS-CMOP",100,50000,4,237604,50000,4.5837,0.01060887141170603,0.3501972320990632,1,"Equal_AOP_DASCMOP2_N100_FE50000_run4_seed237604.mat"
"s05_confirmation","Equal-AOP","DASCMOP2","DAS-CMOP",100,50000,5,237605,50000,4.3113,0.008708337626699113,0.3516734258147032,1,"Equal_AOP_DASCMOP2_N100_FE50000_run5_seed237605.mat"
"s05_confirmation","Equal-AOP","DASCMOP3","DAS-CMOP",100,50000,1,237701,50000,4.2281,0.02078249804515935,0.3098457483129641,1,"Equal_AOP_DASCMOP3_N100_FE50000_run1_seed237701.mat"
"s05_confirmation","Equal-AOP","DASCMOP3","DAS-CMOP",100,50000,2,237702,50000,4.6725,0.02314349095892113,0.3056458231498109,1,"Equal_AOP_DASCMOP3_N100_FE50000_run2_seed237702.mat"
"s05_confirmation","Equal-AOP","DASCMOP3","DAS-CMOP",100,50000,3,237703,50000,4.2412,0.02877606338273505,0.2992392935675233,1,"Equal_AOP_DASCMOP3_N100_FE50000_run3_seed237703.mat"
"s05_confirmation","Equal-AOP","DASCMOP3","DAS-CMOP",100,50000,4,237704,50000,4.709,0.02341451051058407,0.3089021306786652,1,"Equal_AOP_DASCMOP3_N100_FE50000_run4_seed237704.mat"
"s05_confirmation","Equal-AOP","DASCMOP3","DAS-CMOP",100,50000,5,237705,50000,4.1581,0.02463772053765457,0.3065636565155133,1,"Equal_AOP_DASCMOP3_N100_FE50000_run5_seed237705.mat"
"s05_confirmation","Equal-AOP","DASCMOP4","DAS-CMOP",100,50000,1,237801,50000,3.9938,0.4806628182855514,0.02796688813274137,1,"Equal_AOP_DASCMOP4_N100_FE50000_run1_seed237801.mat"
"s05_confirmation","Equal-AOP","DASCMOP4","DAS-CMOP",100,50000,2,237802,50000,4.1759,0.5508210411347224,0.005214333089157233,1,"Equal_AOP_DASCMOP4_N100_FE50000_run2_seed237802.mat"
"s05_confirmation","Equal-AOP","DASCMOP4","DAS-CMOP",100,50000,3,237803,50000,4.4082,0.472477919021426,0.0298032808597923,1,"Equal_AOP_DASCMOP4_N100_FE50000_run3_seed237803.mat"
"s05_confirmation","Equal-AOP","DASCMOP4","DAS-CMOP",100,50000,4,237804,50000,4.0669,0.6758853826882294,0,1,"Equal_AOP_DASCMOP4_N100_FE50000_run4_seed237804.mat"
"s05_confirmation","Equal-AOP","DASCMOP4","DAS-CMOP",100,50000,5,237805,50000,4.1239,0.4237713840774265,0.04268273751872133,1,"Equal_AOP_DASCMOP4_N100_FE50000_run5_seed237805.mat"
"s05_confirmation","Equal-AOP","DASCMOP5","DAS-CMOP",100,50000,1,237901,50000,4.0044,0.5475538980113465,0.05740959877758285,1,"Equal_AOP_DASCMOP5_N100_FE50000_run1_seed237901.mat"
"s05_confirmation","Equal-AOP","DASCMOP5","DAS-CMOP",100,50000,2,237902,50000,4.0191,0.6286212704162379,0.04657236688233846,1,"Equal_AOP_DASCMOP5_N100_FE50000_run2_seed237902.mat"
"s05_confirmation","Equal-AOP","DASCMOP5","DAS-CMOP",100,50000,3,237903,50000,4.1428,0.4922005752981536,0.07685853996884898,1,"Equal_AOP_DASCMOP5_N100_FE50000_run3_seed237903.mat"
"s05_confirmation","Equal-AOP","DASCMOP5","DAS-CMOP",100,50000,4,237904,50000,4.1816,0.5070726058569622,0.07018964677328651,1,"Equal_AOP_DASCMOP5_N100_FE50000_run4_seed237904.mat"
"s05_confirmation","Equal-AOP","DASCMOP5","DAS-CMOP",100,50000,5,237905,50000,4.2343,0.6478996379928511,0.04243093155761699,1,"Equal_AOP_DASCMOP5_N100_FE50000_run5_seed237905.mat"
"s05_confirmation","Equal-AOP","DASCMOP6","DAS-CMOP",100,50000,1,238001,50000,4.1264,0.09034397771271012,0.2577036033837215,1,"Equal_AOP_DASCMOP6_N100_FE50000_run1_seed238001.mat"
"s05_confirmation","Equal-AOP","DASCMOP6","DAS-CMOP",100,50000,2,238002,50000,3.8881,0.7314440228036349,0.01941595463758128,1,"Equal_AOP_DASCMOP6_N100_FE50000_run2_seed238002.mat"
"s05_confirmation","Equal-AOP","DASCMOP6","DAS-CMOP",100,50000,3,238003,50000,3.8732,0.8181727864274506,0.01028517510387413,1,"Equal_AOP_DASCMOP6_N100_FE50000_run3_seed238003.mat"
"s05_confirmation","Equal-AOP","DASCMOP6","DAS-CMOP",100,50000,4,238004,50000,4.0193,0.4667473745241631,0.07004427383151691,1,"Equal_AOP_DASCMOP6_N100_FE50000_run4_seed238004.mat"
"s05_confirmation","Equal-AOP","DASCMOP6","DAS-CMOP",100,50000,5,238005,50000,4.2129,0.5576364425363697,0.04592737633481175,1,"Equal_AOP_DASCMOP6_N100_FE50000_run5_seed238005.mat"
"s05_confirmation","Equal-AOP","DASCMOP7","DAS-CMOP",100,50000,1,238101,50000,4.3289,0.6956924424049843,0.04053576277030058,1,"Equal_AOP_DASCMOP7_N100_FE50000_run1_seed238101.mat"
"s05_confirmation","Equal-AOP","DASCMOP7","DAS-CMOP",100,50000,2,238102,50000,4.1888,0.9906690963946072,0.007637668840206155,1,"Equal_AOP_DASCMOP7_N100_FE50000_run2_seed238102.mat"
"s05_confirmation","Equal-AOP","DASCMOP7","DAS-CMOP",100,50000,3,238103,50000,4.9066,0.2115157187055279,0.1899019613114659,1,"Equal_AOP_DASCMOP7_N100_FE50000_run3_seed238103.mat"
"s05_confirmation","Equal-AOP","DASCMOP7","DAS-CMOP",100,50000,4,238104,50000,3.9017,0.4345240788547806,0.1118738623086068,1,"Equal_AOP_DASCMOP7_N100_FE50000_run4_seed238104.mat"
"s05_confirmation","Equal-AOP","DASCMOP7","DAS-CMOP",100,50000,5,238105,50000,4.7182,0.6702256348855243,0.04422178442406484,1,"Equal_AOP_DASCMOP7_N100_FE50000_run5_seed238105.mat"
"s05_confirmation","Equal-AOP","DASCMOP8","DAS-CMOP",100,50000,1,238201,50000,4.0983,0.7413802605974031,0.0002871346157809639,1,"Equal_AOP_DASCMOP8_N100_FE50000_run1_seed238201.mat"
"s05_confirmation","Equal-AOP","DASCMOP8","DAS-CMOP",100,50000,2,238202,50000,4.2624,NaN,NaN,0,"Equal_AOP_DASCMOP8_N100_FE50000_run2_seed238202.mat"
"s05_confirmation","Equal-AOP","DASCMOP8","DAS-CMOP",100,50000,3,238203,50000,4.9017,0.1537742925605645,0.1507358652181784,1,"Equal_AOP_DASCMOP8_N100_FE50000_run3_seed238203.mat"
"s05_confirmation","Equal-AOP","DASCMOP8","DAS-CMOP",100,50000,4,238204,50000,4.6074,0.3179989882035942,0.05692870755519253,1,"Equal_AOP_DASCMOP8_N100_FE50000_run4_seed238204.mat"
"s05_confirmation","Equal-AOP","DASCMOP8","DAS-CMOP",100,50000,5,238205,50000,3.9873,0.3889349375474181,0.03157483372713826,1,"Equal_AOP_DASCMOP8_N100_FE50000_run5_seed238205.mat"
"s05_confirmation","Equal-AOP","DASCMOP9","DAS-CMOP",100,50000,1,238301,50000,4.2961,0.05498890154728853,0.2016231485725279,1,"Equal_AOP_DASCMOP9_N100_FE50000_run1_seed238301.mat"
"s05_confirmation","Equal-AOP","DASCMOP9","DAS-CMOP",100,50000,2,238302,50000,4.7966,0.0475349703269717,0.2044881478108571,1,"Equal_AOP_DASCMOP9_N100_FE50000_run2_seed238302.mat"
"s05_confirmation","Equal-AOP","DASCMOP9","DAS-CMOP",100,50000,3,238303,50000,4.857,0.05861556361312161,0.2037569688621467,1,"Equal_AOP_DASCMOP9_N100_FE50000_run3_seed238303.mat"
"s05_confirmation","Equal-AOP","DASCMOP9","DAS-CMOP",100,50000,4,238304,50000,4.863,0.04322849012966028,0.204278488622403,1,"Equal_AOP_DASCMOP9_N100_FE50000_run4_seed238304.mat"
"s05_confirmation","Equal-AOP","DASCMOP9","DAS-CMOP",100,50000,5,238305,50000,4.4767,0.0623846527646471,0.2026950715881625,1,"Equal_AOP_DASCMOP9_N100_FE50000_run5_seed238305.mat"
"s05_confirmation","Equal-AOP","LIRCMOP10","LIR-CMOP",100,50000,1,237001,50000,8.4337,0.2228851611810655,0.5971287235694875,1,"Equal_AOP_LIRCMOP10_N100_FE50000_run1_seed237001.mat"
"s05_confirmation","Equal-AOP","LIRCMOP10","LIR-CMOP",100,50000,2,237002,50000,7.7386,0.2196603161378129,0.5949634260161962,1,"Equal_AOP_LIRCMOP10_N100_FE50000_run2_seed237002.mat"
"s05_confirmation","Equal-AOP","LIRCMOP10","LIR-CMOP",100,50000,3,237003,50000,7.8362,0.2302084573534822,0.5904264450616853,1,"Equal_AOP_LIRCMOP10_N100_FE50000_run3_seed237003.mat"
"s05_confirmation","Equal-AOP","LIRCMOP10","LIR-CMOP",100,50000,4,237004,50000,8.5842,0.2232197140543108,0.5940694354316571,1,"Equal_AOP_LIRCMOP10_N100_FE50000_run4_seed237004.mat"
"s05_confirmation","Equal-AOP","LIRCMOP10","LIR-CMOP",100,50000,5,237005,50000,7.6448,0.2243255537311915,0.591944798072968,1,"Equal_AOP_LIRCMOP10_N100_FE50000_run5_seed237005.mat"
"s05_confirmation","Equal-AOP","LIRCMOP11","LIR-CMOP",100,50000,1,237101,50000,6.5148,0.01028772879817833,0.6885667589653029,1,"Equal_AOP_LIRCMOP11_N100_FE50000_run1_seed237101.mat"
"s05_confirmation","Equal-AOP","LIRCMOP11","LIR-CMOP",100,50000,2,237102,50000,7.2747,0.144996288700615,0.6000709759727715,1,"Equal_AOP_LIRCMOP11_N100_FE50000_run2_seed237102.mat"
"s05_confirmation","Equal-AOP","LIRCMOP11","LIR-CMOP",100,50000,3,237103,50000,6.8476,0.1441516841063962,0.6009121695110126,1,"Equal_AOP_LIRCMOP11_N100_FE50000_run3_seed237103.mat"
"s05_confirmation","Equal-AOP","LIRCMOP11","LIR-CMOP",100,50000,4,237104,50000,7.0513,0.1434528848088452,0.6009995555342496,1,"Equal_AOP_LIRCMOP11_N100_FE50000_run4_seed237104.mat"
"s05_confirmation","Equal-AOP","LIRCMOP11","LIR-CMOP",100,50000,5,237105,50000,6.819,0.1438746160170776,0.6008067637829371,1,"Equal_AOP_LIRCMOP11_N100_FE50000_run5_seed237105.mat"
"s05_confirmation","Equal-AOP","LIRCMOP12","LIR-CMOP",100,50000,1,237201,50000,4.6441,0.1595567817881811,0.5369961988705495,1,"Equal_AOP_LIRCMOP12_N100_FE50000_run1_seed237201.mat"
"s05_confirmation","Equal-AOP","LIRCMOP12","LIR-CMOP",100,50000,2,237202,50000,5.6787,0.161487253953727,0.5352947693870023,1,"Equal_AOP_LIRCMOP12_N100_FE50000_run2_seed237202.mat"
"s05_confirmation","Equal-AOP","LIRCMOP12","LIR-CMOP",100,50000,3,237203,50000,6.6502,0.1895198624208853,0.5111491339651766,1,"Equal_AOP_LIRCMOP12_N100_FE50000_run3_seed237203.mat"
"s05_confirmation","Equal-AOP","LIRCMOP12","LIR-CMOP",100,50000,4,237204,50000,4.5658,0.2131066573588411,0.5108748509378955,1,"Equal_AOP_LIRCMOP12_N100_FE50000_run4_seed237204.mat"
"s05_confirmation","Equal-AOP","LIRCMOP12","LIR-CMOP",100,50000,5,237205,50000,5.4662,0.1717149313788092,0.527004326090703,1,"Equal_AOP_LIRCMOP12_N100_FE50000_run5_seed237205.mat"
"s05_confirmation","Equal-AOP","LIRCMOP13","LIR-CMOP",100,50000,1,237301,50000,12.0019,0.102299163234425,0.5334942443346598,1,"Equal_AOP_LIRCMOP13_N100_FE50000_run1_seed237301.mat"
"s05_confirmation","Equal-AOP","LIRCMOP13","LIR-CMOP",100,50000,2,237302,50000,10.3928,0.09686029730638611,0.5425288273387436,1,"Equal_AOP_LIRCMOP13_N100_FE50000_run2_seed237302.mat"
"s05_confirmation","Equal-AOP","LIRCMOP13","LIR-CMOP",100,50000,3,237303,50000,11.6534,0.1007606989278164,0.5348156316894392,1,"Equal_AOP_LIRCMOP13_N100_FE50000_run3_seed237303.mat"
"s05_confirmation","Equal-AOP","LIRCMOP13","LIR-CMOP",100,50000,4,237304,50000,12.2741,0.09863403594843168,0.5390337001879719,1,"Equal_AOP_LIRCMOP13_N100_FE50000_run4_seed237304.mat"
"s05_confirmation","Equal-AOP","LIRCMOP13","LIR-CMOP",100,50000,5,237305,50000,10.2173,0.1009536378143439,0.5374320324872475,1,"Equal_AOP_LIRCMOP13_N100_FE50000_run5_seed237305.mat"
"s05_confirmation","Equal-AOP","LIRCMOP14","LIR-CMOP",100,50000,1,237401,50000,10.6165,0.09651029074186281,0.5502711460583563,1,"Equal_AOP_LIRCMOP14_N100_FE50000_run1_seed237401.mat"
"s05_confirmation","Equal-AOP","LIRCMOP14","LIR-CMOP",100,50000,2,237402,50000,9.9591,0.09752071454251746,0.5526276607550584,1,"Equal_AOP_LIRCMOP14_N100_FE50000_run2_seed237402.mat"
"s05_confirmation","Equal-AOP","LIRCMOP14","LIR-CMOP",100,50000,3,237403,50000,8.8634,0.09865704464602182,0.5509098435193049,1,"Equal_AOP_LIRCMOP14_N100_FE50000_run3_seed237403.mat"
"s05_confirmation","Equal-AOP","LIRCMOP14","LIR-CMOP",100,50000,4,237404,50000,10.8692,0.09899016988006991,0.5475344943046934,1,"Equal_AOP_LIRCMOP14_N100_FE50000_run4_seed237404.mat"
"s05_confirmation","Equal-AOP","LIRCMOP14","LIR-CMOP",100,50000,5,237405,50000,10.2107,0.09662510021280926,0.5505749780818775,1,"Equal_AOP_LIRCMOP14_N100_FE50000_run5_seed237405.mat"
"s05_confirmation","Equal-AOP","LIRCMOP1","LIR-CMOP",100,50000,1,236101,50000,3.8589,0.2599058349658225,0.1253926314319211,1,"Equal_AOP_LIRCMOP1_N100_FE50000_run1_seed236101.mat"
"s05_confirmation","Equal-AOP","LIRCMOP1","LIR-CMOP",100,50000,2,236102,50000,3.6624,0.2552315339402154,0.1300201163684097,1,"Equal_AOP_LIRCMOP1_N100_FE50000_run2_seed236102.mat"
"s05_confirmation","Equal-AOP","LIRCMOP1","LIR-CMOP",100,50000,3,236103,50000,4.4013,0.2772440910609121,0.1164647927207475,1,"Equal_AOP_LIRCMOP1_N100_FE50000_run3_seed236103.mat"
"s05_confirmation","Equal-AOP","LIRCMOP1","LIR-CMOP",100,50000,4,236104,50000,4.871,0.1362684714796371,0.1658619309717751,1,"Equal_AOP_LIRCMOP1_N100_FE50000_run4_seed236104.mat"
"s05_confirmation","Equal-AOP","LIRCMOP1","LIR-CMOP",100,50000,5,236105,50000,4.1958,0.3083968470030976,0.102860519013822,1,"Equal_AOP_LIRCMOP1_N100_FE50000_run5_seed236105.mat"
"s05_confirmation","Equal-AOP","LIRCMOP2","LIR-CMOP",100,50000,1,236201,50000,4.707,0.08697586520200408,0.3119906184747451,1,"Equal_AOP_LIRCMOP2_N100_FE50000_run1_seed236201.mat"
"s05_confirmation","Equal-AOP","LIRCMOP2","LIR-CMOP",100,50000,2,236202,50000,4.2701,0.2371396434511092,0.2363528119547342,1,"Equal_AOP_LIRCMOP2_N100_FE50000_run2_seed236202.mat"
"s05_confirmation","Equal-AOP","LIRCMOP2","LIR-CMOP",100,50000,3,236203,50000,3.7765,0.2149715753496437,0.2539418625911621,1,"Equal_AOP_LIRCMOP2_N100_FE50000_run3_seed236203.mat"
"s05_confirmation","Equal-AOP","LIRCMOP2","LIR-CMOP",100,50000,4,236204,50000,4.8659,0.1110560534097474,0.2890714084082825,1,"Equal_AOP_LIRCMOP2_N100_FE50000_run4_seed236204.mat"
"s05_confirmation","Equal-AOP","LIRCMOP2","LIR-CMOP",100,50000,5,236205,50000,4.6109,0.2065340786959097,0.2482098939903711,1,"Equal_AOP_LIRCMOP2_N100_FE50000_run5_seed236205.mat"
"s05_confirmation","Equal-AOP","LIRCMOP3","LIR-CMOP",100,50000,1,236301,50000,4.1627,0.2710329487644195,0.107700836470584,1,"Equal_AOP_LIRCMOP3_N100_FE50000_run1_seed236301.mat"
"s05_confirmation","Equal-AOP","LIRCMOP3","LIR-CMOP",100,50000,2,236302,50000,4.1075,0.2421785798010707,0.1122005578701503,1,"Equal_AOP_LIRCMOP3_N100_FE50000_run2_seed236302.mat"
"s05_confirmation","Equal-AOP","LIRCMOP3","LIR-CMOP",100,50000,3,236303,50000,4.7266,0.2328567105346778,0.1204458418649996,1,"Equal_AOP_LIRCMOP3_N100_FE50000_run3_seed236303.mat"
"s05_confirmation","Equal-AOP","LIRCMOP3","LIR-CMOP",100,50000,4,236304,50000,3.9776,0.3422526111784785,0.08580678160156913,1,"Equal_AOP_LIRCMOP3_N100_FE50000_run4_seed236304.mat"
"s05_confirmation","Equal-AOP","LIRCMOP3","LIR-CMOP",100,50000,5,236305,50000,4.6979,0.2727126882085969,0.1071502309435152,1,"Equal_AOP_LIRCMOP3_N100_FE50000_run5_seed236305.mat"
"s05_confirmation","Equal-AOP","LIRCMOP4","LIR-CMOP",100,50000,1,236401,50000,5.1339,0.1856833398396276,0.2441385614279947,1,"Equal_AOP_LIRCMOP4_N100_FE50000_run1_seed236401.mat"
"s05_confirmation","Equal-AOP","LIRCMOP4","LIR-CMOP",100,50000,2,236402,50000,4.5804,0.1663174062617879,0.2435644450872275,1,"Equal_AOP_LIRCMOP4_N100_FE50000_run2_seed236402.mat"
"s05_confirmation","Equal-AOP","LIRCMOP4","LIR-CMOP",100,50000,3,236403,50000,4.3988,0.2567577036419404,0.2082351628799834,1,"Equal_AOP_LIRCMOP4_N100_FE50000_run3_seed236403.mat"
"s05_confirmation","Equal-AOP","LIRCMOP4","LIR-CMOP",100,50000,4,236404,50000,4.4857,0.2653759740415805,0.1947713640657465,1,"Equal_AOP_LIRCMOP4_N100_FE50000_run4_seed236404.mat"
"s05_confirmation","Equal-AOP","LIRCMOP4","LIR-CMOP",100,50000,5,236405,50000,3.8845,0.1875505409272823,0.227853093811973,1,"Equal_AOP_LIRCMOP4_N100_FE50000_run5_seed236405.mat"
"s05_confirmation","Equal-AOP","LIRCMOP5","LIR-CMOP",100,50000,1,236501,50000,5.1064,0.5400197346111859,0.1369769867597859,1,"Equal_AOP_LIRCMOP5_N100_FE50000_run1_seed236501.mat"
"s05_confirmation","Equal-AOP","LIRCMOP5","LIR-CMOP",100,50000,2,236502,50000,5.5248,0.1577866297359791,0.2001944780699955,1,"Equal_AOP_LIRCMOP5_N100_FE50000_run2_seed236502.mat"
"s05_confirmation","Equal-AOP","LIRCMOP5","LIR-CMOP",100,50000,3,236503,50000,4.8007,1.178763676675551,0,1,"Equal_AOP_LIRCMOP5_N100_FE50000_run3_seed236503.mat"
"s05_confirmation","Equal-AOP","LIRCMOP5","LIR-CMOP",100,50000,4,236504,50000,5.657,0.2445092598785792,0.1683247796238706,1,"Equal_AOP_LIRCMOP5_N100_FE50000_run4_seed236504.mat"
"s05_confirmation","Equal-AOP","LIRCMOP5","LIR-CMOP",100,50000,5,236505,50000,4.299,1.182816224165153,0,1,"Equal_AOP_LIRCMOP5_N100_FE50000_run5_seed236505.mat"
"s05_confirmation","Equal-AOP","LIRCMOP6","LIR-CMOP",100,50000,1,236601,50000,4.9178,0.2733880566079566,0.1374968811763329,1,"Equal_AOP_LIRCMOP6_N100_FE50000_run1_seed236601.mat"
"s05_confirmation","Equal-AOP","LIRCMOP6","LIR-CMOP",100,50000,2,236602,50000,5.3821,0.2730579268916997,0.1356832123683391,1,"Equal_AOP_LIRCMOP6_N100_FE50000_run2_seed236602.mat"
"s05_confirmation","Equal-AOP","LIRCMOP6","LIR-CMOP",100,50000,3,236603,50000,5.9328,0.186984906687706,0.1371711914830221,1,"Equal_AOP_LIRCMOP6_N100_FE50000_run3_seed236603.mat"
"s05_confirmation","Equal-AOP","LIRCMOP6","LIR-CMOP",100,50000,4,236604,50000,4.7691,0.173824125022717,0.1347962830393691,1,"Equal_AOP_LIRCMOP6_N100_FE50000_run4_seed236604.mat"
"s05_confirmation","Equal-AOP","LIRCMOP6","LIR-CMOP",100,50000,5,236605,50000,4.5187,0.1034096387093852,0.145733492320051,1,"Equal_AOP_LIRCMOP6_N100_FE50000_run5_seed236605.mat"
"s05_confirmation","Equal-AOP","LIRCMOP7","LIR-CMOP",100,50000,1,236701,50000,4.2406,0.09902446231606873,0.2517097427854387,1,"Equal_AOP_LIRCMOP7_N100_FE50000_run1_seed236701.mat"
"s05_confirmation","Equal-AOP","LIRCMOP7","LIR-CMOP",100,50000,2,236702,50000,3.6904,0.008937988682556399,0.2934670589903949,1,"Equal_AOP_LIRCMOP7_N100_FE50000_run2_seed236702.mat"
"s05_confirmation","Equal-AOP","LIRCMOP7","LIR-CMOP",100,50000,3,236703,50000,4.9642,0.01195579274984849,0.2908390937323458,1,"Equal_AOP_LIRCMOP7_N100_FE50000_run3_seed236703.mat"
"s05_confirmation","Equal-AOP","LIRCMOP7","LIR-CMOP",100,50000,4,236704,50000,4.5769,0.01220713007561455,0.2916740006048876,1,"Equal_AOP_LIRCMOP7_N100_FE50000_run4_seed236704.mat"
"s05_confirmation","Equal-AOP","LIRCMOP7","LIR-CMOP",100,50000,5,236705,50000,4.5274,0.01028846862155077,0.2924073125933618,1,"Equal_AOP_LIRCMOP7_N100_FE50000_run5_seed236705.mat"
"s05_confirmation","Equal-AOP","LIRCMOP8","LIR-CMOP",100,50000,1,236801,50000,3.8031,0.05508511618372117,0.269424318246808,1,"Equal_AOP_LIRCMOP8_N100_FE50000_run1_seed236801.mat"
"s05_confirmation","Equal-AOP","LIRCMOP8","LIR-CMOP",100,50000,2,236802,50000,4.463,0.07924266914426426,0.2613143586484633,1,"Equal_AOP_LIRCMOP8_N100_FE50000_run2_seed236802.mat"
"s05_confirmation","Equal-AOP","LIRCMOP8","LIR-CMOP",100,50000,3,236803,50000,3.7733,0.008095311473119138,0.2936328679664811,1,"Equal_AOP_LIRCMOP8_N100_FE50000_run3_seed236803.mat"
"s05_confirmation","Equal-AOP","LIRCMOP8","LIR-CMOP",100,50000,4,236804,50000,4.5769,0.008723414349144178,0.2934692010926876,1,"Equal_AOP_LIRCMOP8_N100_FE50000_run4_seed236804.mat"
"s05_confirmation","Equal-AOP","LIRCMOP8","LIR-CMOP",100,50000,5,236805,50000,4.5758,0.05833269259329695,0.2698967440015596,1,"Equal_AOP_LIRCMOP8_N100_FE50000_run5_seed236805.mat"
"s05_confirmation","Equal-AOP","LIRCMOP9","LIR-CMOP",100,50000,1,236901,50000,6.7419,0.5068027312594031,0.357104178232241,1,"Equal_AOP_LIRCMOP9_N100_FE50000_run1_seed236901.mat"
"s05_confirmation","Equal-AOP","LIRCMOP9","LIR-CMOP",100,50000,2,236902,50000,7.1304,0.5070250478949373,0.3570627731474937,1,"Equal_AOP_LIRCMOP9_N100_FE50000_run2_seed236902.mat"
"s05_confirmation","Equal-AOP","LIRCMOP9","LIR-CMOP",100,50000,3,236903,50000,7.3966,0.5425125666055114,0.2946267362379845,1,"Equal_AOP_LIRCMOP9_N100_FE50000_run3_seed236903.mat"
"s05_confirmation","Equal-AOP","LIRCMOP9","LIR-CMOP",100,50000,4,236904,50000,6.3376,0.4183684818465074,0.3912906150646889,1,"Equal_AOP_LIRCMOP9_N100_FE50000_run4_seed236904.mat"
"s05_confirmation","Equal-AOP","LIRCMOP9","LIR-CMOP",100,50000,5,236905,50000,7.4508,0.5074954262679445,0.3568303567717276,1,"Equal_AOP_LIRCMOP9_N100_FE50000_run5_seed236905.mat"
"s05_confirmation","Objective-Credit-AOP","CF10","CF",100,50000,1,266001,50000,8.012,0.4220344775299084,0.09697167683501119,1,"Objective_Credit_AOP_CF10_N100_FE50000_run1_seed266001.mat"
"s05_confirmation","Objective-Credit-AOP","CF10","CF",100,50000,2,266002,50000,8.9737,0.385251147337821,0.1108418655826046,1,"Objective_Credit_AOP_CF10_N100_FE50000_run2_seed266002.mat"
"s05_confirmation","Objective-Credit-AOP","CF10","CF",100,50000,3,266003,50000,9.7653,0.447410736888619,0.1661231401944041,1,"Objective_Credit_AOP_CF10_N100_FE50000_run3_seed266003.mat"
"s05_confirmation","Objective-Credit-AOP","CF10","CF",100,50000,4,266004,50000,6.7753,0.2805051102648785,0.2251538636706485,1,"Objective_Credit_AOP_CF10_N100_FE50000_run4_seed266004.mat"
"s05_confirmation","Objective-Credit-AOP","CF10","CF",100,50000,5,266005,50000,7.8624,0.4123976785270785,0.0971911691656768,1,"Objective_Credit_AOP_CF10_N100_FE50000_run5_seed266005.mat"
"s05_confirmation","Objective-Credit-AOP","CF1","CF",100,50000,1,265101,50000,6.1221,0.004875697211812568,0.5602049479121772,1,"Objective_Credit_AOP_CF1_N100_FE50000_run1_seed265101.mat"
"s05_confirmation","Objective-Credit-AOP","CF1","CF",100,50000,2,265102,50000,5.8711,0.004280196799025891,0.560913796196701,1,"Objective_Credit_AOP_CF1_N100_FE50000_run2_seed265102.mat"
"s05_confirmation","Objective-Credit-AOP","CF1","CF",100,50000,3,265103,50000,6.3646,0.004682030497330013,0.5603682279001861,1,"Objective_Credit_AOP_CF1_N100_FE50000_run3_seed265103.mat"
"s05_confirmation","Objective-Credit-AOP","CF1","CF",100,50000,4,265104,50000,6.5796,0.005246634492184941,0.5597022234620297,1,"Objective_Credit_AOP_CF1_N100_FE50000_run4_seed265104.mat"
"s05_confirmation","Objective-Credit-AOP","CF1","CF",100,50000,5,265105,50000,6.0317,0.005715345380901337,0.5591246661825462,1,"Objective_Credit_AOP_CF1_N100_FE50000_run5_seed265105.mat"
"s05_confirmation","Objective-Credit-AOP","CF2","CF",100,50000,1,265201,50000,6.2953,0.02707321179701706,0.6540991816405732,1,"Objective_Credit_AOP_CF2_N100_FE50000_run1_seed265201.mat"
"s05_confirmation","Objective-Credit-AOP","CF2","CF",100,50000,2,265202,50000,6.3164,0.01127644176797926,0.6630938203347478,1,"Objective_Credit_AOP_CF2_N100_FE50000_run2_seed265202.mat"
"s05_confirmation","Objective-Credit-AOP","CF2","CF",100,50000,3,265203,50000,6.4155,0.008860328264210701,0.6688182223820733,1,"Objective_Credit_AOP_CF2_N100_FE50000_run3_seed265203.mat"
"s05_confirmation","Objective-Credit-AOP","CF2","CF",100,50000,4,265204,50000,6.3997,0.01676348755518739,0.6620461877317243,1,"Objective_Credit_AOP_CF2_N100_FE50000_run4_seed265204.mat"
"s05_confirmation","Objective-Credit-AOP","CF2","CF",100,50000,5,265205,50000,7.318,0.01188981117637158,0.667977715220104,1,"Objective_Credit_AOP_CF2_N100_FE50000_run5_seed265205.mat"
"s05_confirmation","Objective-Credit-AOP","CF3","CF",100,50000,1,265301,50000,5.1387,0.1341074113456984,0.2496532880357389,1,"Objective_Credit_AOP_CF3_N100_FE50000_run1_seed265301.mat"
"s05_confirmation","Objective-Credit-AOP","CF3","CF",100,50000,2,265302,50000,5.583,0.1129075144444112,0.2742534893651247,1,"Objective_Credit_AOP_CF3_N100_FE50000_run2_seed265302.mat"
"s05_confirmation","Objective-Credit-AOP","CF3","CF",100,50000,3,265303,50000,5.2027,0.2235862298511936,0.181659162275863,1,"Objective_Credit_AOP_CF3_N100_FE50000_run3_seed265303.mat"
"s05_confirmation","Objective-Credit-AOP","CF3","CF",100,50000,4,265304,50000,5.9971,0.07089153480526277,0.3039240878366843,1,"Objective_Credit_AOP_CF3_N100_FE50000_run4_seed265304.mat"
"s05_confirmation","Objective-Credit-AOP","CF3","CF",100,50000,5,265305,50000,5.6648,0.1120710729238899,0.2777748943339267,1,"Objective_Credit_AOP_CF3_N100_FE50000_run5_seed265305.mat"
"s05_confirmation","Objective-Credit-AOP","CF4","CF",100,50000,1,265401,50000,7.5044,0.0431087396054103,0.4779830166771921,1,"Objective_Credit_AOP_CF4_N100_FE50000_run1_seed265401.mat"
"s05_confirmation","Objective-Credit-AOP","CF4","CF",100,50000,2,265402,50000,5.8145,0.06120522312408956,0.4524762883220966,1,"Objective_Credit_AOP_CF4_N100_FE50000_run2_seed265402.mat"
"s05_confirmation","Objective-Credit-AOP","CF4","CF",100,50000,3,265403,50000,6.7198,0.06295709344118618,0.4539395076184167,1,"Objective_Credit_AOP_CF4_N100_FE50000_run3_seed265403.mat"
"s05_confirmation","Objective-Credit-AOP","CF4","CF",100,50000,4,265404,50000,6.5709,0.04444169271710733,0.4779368517615519,1,"Objective_Credit_AOP_CF4_N100_FE50000_run4_seed265404.mat"
"s05_confirmation","Objective-Credit-AOP","CF4","CF",100,50000,5,265405,50000,5.6644,0.065081492303246,0.4508854032019428,1,"Objective_Credit_AOP_CF4_N100_FE50000_run5_seed265405.mat"
"s05_confirmation","Objective-Credit-AOP","CF5","CF",100,50000,1,265501,50000,6.5504,0.2030584427828288,0.3768265992146501,1,"Objective_Credit_AOP_CF5_N100_FE50000_run1_seed265501.mat"
"s05_confirmation","Objective-Credit-AOP","CF5","CF",100,50000,2,265502,50000,6.6979,0.08047791162482411,0.4316019990820265,1,"Objective_Credit_AOP_CF5_N100_FE50000_run2_seed265502.mat"
"s05_confirmation","Objective-Credit-AOP","CF5","CF",100,50000,3,265503,50000,6.9358,0.2188757827827096,0.3598568482882917,1,"Objective_Credit_AOP_CF5_N100_FE50000_run3_seed265503.mat"
"s05_confirmation","Objective-Credit-AOP","CF5","CF",100,50000,4,265504,50000,7.4315,0.3519711137609913,0.2952998026301244,1,"Objective_Credit_AOP_CF5_N100_FE50000_run4_seed265504.mat"
"s05_confirmation","Objective-Credit-AOP","CF5","CF",100,50000,5,265505,50000,6.2144,0.09155608125676022,0.4259221019098692,1,"Objective_Credit_AOP_CF5_N100_FE50000_run5_seed265505.mat"
"s05_confirmation","Objective-Credit-AOP","CF6","CF",100,50000,1,265601,50000,8.0219,0.05035799161950342,0.6423537293355293,1,"Objective_Credit_AOP_CF6_N100_FE50000_run1_seed265601.mat"
"s05_confirmation","Objective-Credit-AOP","CF6","CF",100,50000,2,265602,50000,8.2954,0.03898564609325642,0.663590729063198,1,"Objective_Credit_AOP_CF6_N100_FE50000_run2_seed265602.mat"
"s05_confirmation","Objective-Credit-AOP","CF6","CF",100,50000,3,265603,50000,7.946,0.03434667049073094,0.6661860552246982,1,"Objective_Credit_AOP_CF6_N100_FE50000_run3_seed265603.mat"
"s05_confirmation","Objective-Credit-AOP","CF6","CF",100,50000,4,265604,50000,8.277,0.04981983150410083,0.6494007036918903,1,"Objective_Credit_AOP_CF6_N100_FE50000_run4_seed265604.mat"
"s05_confirmation","Objective-Credit-AOP","CF6","CF",100,50000,5,265605,50000,7.7418,0.0414136415734792,0.6628056615004203,1,"Objective_Credit_AOP_CF6_N100_FE50000_run5_seed265605.mat"
"s05_confirmation","Objective-Credit-AOP","CF7","CF",100,50000,1,265701,50000,6.1504,0.1993586722556456,0.4662919532976599,1,"Objective_Credit_AOP_CF7_N100_FE50000_run1_seed265701.mat"
"s05_confirmation","Objective-Credit-AOP","CF7","CF",100,50000,2,265702,50000,8.0599,0.412030477528639,0.353162411662284,1,"Objective_Credit_AOP_CF7_N100_FE50000_run2_seed265702.mat"
"s05_confirmation","Objective-Credit-AOP","CF7","CF",100,50000,3,265703,50000,6.37,0.2253589005413892,0.5166588191106691,1,"Objective_Credit_AOP_CF7_N100_FE50000_run3_seed265703.mat"
"s05_confirmation","Objective-Credit-AOP","CF7","CF",100,50000,4,265704,50000,6.7241,0.7170446334188818,0.1525464134012354,1,"Objective_Credit_AOP_CF7_N100_FE50000_run4_seed265704.mat"
"s05_confirmation","Objective-Credit-AOP","CF7","CF",100,50000,5,265705,50000,6.7647,0.2480900473851761,0.5162609712010113,1,"Objective_Credit_AOP_CF7_N100_FE50000_run5_seed265705.mat"
"s05_confirmation","Objective-Credit-AOP","CF8","CF",100,50000,1,265801,50000,6.4088,0.161956207241166,0.3507525509709444,1,"Objective_Credit_AOP_CF8_N100_FE50000_run1_seed265801.mat"
"s05_confirmation","Objective-Credit-AOP","CF8","CF",100,50000,2,265802,50000,5.6841,0.2085600851474669,0.3130714142584642,1,"Objective_Credit_AOP_CF8_N100_FE50000_run2_seed265802.mat"
"s05_confirmation","Objective-Credit-AOP","CF8","CF",100,50000,3,265803,50000,6.4565,0.1693698698670266,0.3495563919904793,1,"Objective_Credit_AOP_CF8_N100_FE50000_run3_seed265803.mat"
"s05_confirmation","Objective-Credit-AOP","CF8","CF",100,50000,4,265804,50000,6.0877,0.1837788682406253,0.3242609187791823,1,"Objective_Credit_AOP_CF8_N100_FE50000_run4_seed265804.mat"
"s05_confirmation","Objective-Credit-AOP","CF8","CF",100,50000,5,265805,50000,5.614,0.1759234406706868,0.3182798973482544,1,"Objective_Credit_AOP_CF8_N100_FE50000_run5_seed265805.mat"
"s05_confirmation","Objective-Credit-AOP","CF9","CF",100,50000,1,265901,50000,8.2447,0.08674281466741687,0.4368831935105909,1,"Objective_Credit_AOP_CF9_N100_FE50000_run1_seed265901.mat"
"s05_confirmation","Objective-Credit-AOP","CF9","CF",100,50000,2,265902,50000,7.5746,0.1029656260131657,0.4160015742498577,1,"Objective_Credit_AOP_CF9_N100_FE50000_run2_seed265902.mat"
"s05_confirmation","Objective-Credit-AOP","CF9","CF",100,50000,3,265903,50000,8.0716,0.08726277393657873,0.4325468043230195,1,"Objective_Credit_AOP_CF9_N100_FE50000_run3_seed265903.mat"
"s05_confirmation","Objective-Credit-AOP","CF9","CF",100,50000,4,265904,50000,7.1107,0.1065496617651469,0.4184361475797103,1,"Objective_Credit_AOP_CF9_N100_FE50000_run4_seed265904.mat"
"s05_confirmation","Objective-Credit-AOP","CF9","CF",100,50000,5,265905,50000,7.395,0.1001624031807649,0.4237484704722108,1,"Objective_Credit_AOP_CF9_N100_FE50000_run5_seed265905.mat"
"s05_confirmation","Objective-Credit-AOP","DASCMOP1","DAS-CMOP",100,50000,1,267501,50000,4.8996,0.007865178019688241,0.2091573108664943,1,"Objective_Credit_AOP_DASCMOP1_N100_FE50000_run1_seed267501.mat"
"s05_confirmation","Objective-Credit-AOP","DASCMOP1","DAS-CMOP",100,50000,2,267502,50000,4.9087,0.01512277703643738,0.2096747944278403,1,"Objective_Credit_AOP_DASCMOP1_N100_FE50000_run2_seed267502.mat"
"s05_confirmation","Objective-Credit-AOP","DASCMOP1","DAS-CMOP",100,50000,3,267503,50000,4.862,0.006236900742728603,0.2097969245490288,1,"Objective_Credit_AOP_DASCMOP1_N100_FE50000_run3_seed267503.mat"
"s05_confirmation","Objective-Credit-AOP","DASCMOP1","DAS-CMOP",100,50000,4,267504,50000,4.5403,0.005489673598070033,0.210061930951171,1,"Objective_Credit_AOP_DASCMOP1_N100_FE50000_run4_seed267504.mat"
"s05_confirmation","Objective-Credit-AOP","DASCMOP1","DAS-CMOP",100,50000,5,267505,50000,4.8779,0.007212162338630018,0.2079024324373136,1,"Objective_Credit_AOP_DASCMOP1_N100_FE50000_run5_seed267505.mat"
"s05_confirmation","Objective-Credit-AOP","DASCMOP2","DAS-CMOP",100,50000,1,267601,50000,4.7048,0.00859838204267095,0.3520893769453105,1,"Objective_Credit_AOP_DASCMOP2_N100_FE50000_run1_seed267601.mat"
"s05_confirmation","Objective-Credit-AOP","DASCMOP2","DAS-CMOP",100,50000,2,267602,50000,5.1705,0.009614804866968902,0.3508464805046113,1,"Objective_Credit_AOP_DASCMOP2_N100_FE50000_run2_seed267602.mat"
"s05_confirmation","Objective-Credit-AOP","DASCMOP2","DAS-CMOP",100,50000,3,267603,50000,4.7593,0.0105971147275921,0.351206144638603,1,"Objective_Credit_AOP_DASCMOP2_N100_FE50000_run3_seed267603.mat"
"s05_confirmation","Objective-Credit-AOP","DASCMOP2","DAS-CMOP",100,50000,4,267604,50000,4.6976,0.009770131466955087,0.350360015758696,1,"Objective_Credit_AOP_DASCMOP2_N100_FE50000_run4_seed267604.mat"
"s05_confirmation","Objective-Credit-AOP","DASCMOP2","DAS-CMOP",100,50000,5,267605,50000,4.369,0.009163682780805484,0.3520590691208761,1,"Objective_Credit_AOP_DASCMOP2_N100_FE50000_run5_seed267605.mat"
"s05_confirmation","Objective-Credit-AOP","DASCMOP3","DAS-CMOP",100,50000,1,267701,50000,4.84,0.02315085941936559,0.3073830066517389,1,"Objective_Credit_AOP_DASCMOP3_N100_FE50000_run1_seed267701.mat"
"s05_confirmation","Objective-Credit-AOP","DASCMOP3","DAS-CMOP",100,50000,2,267702,50000,4.2099,0.02129423305855179,0.3082127808224873,1,"Objective_Credit_AOP_DASCMOP3_N100_FE50000_run2_seed267702.mat"
"s05_confirmation","Objective-Credit-AOP","DASCMOP3","DAS-CMOP",100,50000,3,267703,50000,4.9018,0.02036478975389539,0.3106219582091752,1,"Objective_Credit_AOP_DASCMOP3_N100_FE50000_run3_seed267703.mat"
"s05_confirmation","Objective-Credit-AOP","DASCMOP3","DAS-CMOP",100,50000,4,267704,50000,4.6522,0.02284268663208939,0.3075121026775643,1,"Objective_Credit_AOP_DASCMOP3_N100_FE50000_run4_seed267704.mat"
"s05_confirmation","Objective-Credit-AOP","DASCMOP3","DAS-CMOP",100,50000,5,267705,50000,4.4327,0.07273407593350308,0.2737307060672547,1,"Objective_Credit_AOP_DASCMOP3_N100_FE50000_run5_seed267705.mat"
"s05_confirmation","Objective-Credit-AOP","DASCMOP4","DAS-CMOP",100,50000,1,267801,50000,4.1161,0.536762310367722,0.01130846504749793,1,"Objective_Credit_AOP_DASCMOP4_N100_FE50000_run1_seed267801.mat"
"s05_confirmation","Objective-Credit-AOP","DASCMOP4","DAS-CMOP",100,50000,2,267802,50000,4.5842,0.07187018525545115,0.1560418685298668,1,"Objective_Credit_AOP_DASCMOP4_N100_FE50000_run2_seed267802.mat"
"s05_confirmation","Objective-Credit-AOP","DASCMOP4","DAS-CMOP",100,50000,3,267803,50000,4.4766,0.3555586146915161,0.06130425368611506,1,"Objective_Credit_AOP_DASCMOP4_N100_FE50000_run3_seed267803.mat"
"s05_confirmation","Objective-Credit-AOP","DASCMOP4","DAS-CMOP",100,50000,4,267804,50000,4.7707,0.444015478938901,0.03215439883673263,1,"Objective_Credit_AOP_DASCMOP4_N100_FE50000_run4_seed267804.mat"
"s05_confirmation","Objective-Credit-AOP","DASCMOP4","DAS-CMOP",100,50000,5,267805,50000,4.2207,0.9295559511641954,0,1,"Objective_Credit_AOP_DASCMOP4_N100_FE50000_run5_seed267805.mat"
"s05_confirmation","Objective-Credit-AOP","DASCMOP5","DAS-CMOP",100,50000,1,267901,50000,4.1744,0.7065727198464412,0.03543693177560166,1,"Objective_Credit_AOP_DASCMOP5_N100_FE50000_run1_seed267901.mat"
"s05_confirmation","Objective-Credit-AOP","DASCMOP5","DAS-CMOP",100,50000,2,267902,50000,4.1262,0.5858415784018431,0.05279663066527504,1,"Objective_Credit_AOP_DASCMOP5_N100_FE50000_run2_seed267902.mat"
"s05_confirmation","Objective-Credit-AOP","DASCMOP5","DAS-CMOP",100,50000,3,267903,50000,3.9479,0.7717095598034034,0.02186832873119895,1,"Objective_Credit_AOP_DASCMOP5_N100_FE50000_run3_seed267903.mat"
"s05_confirmation","Objective-Credit-AOP","DASCMOP5","DAS-CMOP",100,50000,4,267904,50000,4.0219,0.4752003018433715,0.08241999979679107,1,"Objective_Credit_AOP_DASCMOP5_N100_FE50000_run4_seed267904.mat"
"s05_confirmation","Objective-Credit-AOP","DASCMOP5","DAS-CMOP",100,50000,5,267905,50000,4.5406,0.6927686088510683,0.03845584725851234,1,"Objective_Credit_AOP_DASCMOP5_N100_FE50000_run5_seed267905.mat"
"s05_confirmation","Objective-Credit-AOP","DASCMOP6","DAS-CMOP",100,50000,1,268001,50000,4.1776,0.6173057338768367,0.03589362565620993,1,"Objective_Credit_AOP_DASCMOP6_N100_FE50000_run1_seed268001.mat"
"s05_confirmation","Objective-Credit-AOP","DASCMOP6","DAS-CMOP",100,50000,2,268002,50000,4.5499,0.5658444252657335,0.04519694562087684,1,"Objective_Credit_AOP_DASCMOP6_N100_FE50000_run2_seed268002.mat"
"s05_confirmation","Objective-Credit-AOP","DASCMOP6","DAS-CMOP",100,50000,3,268003,50000,4.4524,0.2424850777970009,0.2115112385145437,1,"Objective_Credit_AOP_DASCMOP6_N100_FE50000_run3_seed268003.mat"
"s05_confirmation","Objective-Credit-AOP","DASCMOP6","DAS-CMOP",100,50000,4,268004,50000,4.2444,0.6573167472507101,0.03174833208573813,1,"Objective_Credit_AOP_DASCMOP6_N100_FE50000_run4_seed268004.mat"
"s05_confirmation","Objective-Credit-AOP","DASCMOP6","DAS-CMOP",100,50000,5,268005,50000,3.9519,0.5689561212437381,0.0444358751162762,1,"Objective_Credit_AOP_DASCMOP6_N100_FE50000_run5_seed268005.mat"
"s05_confirmation","Objective-Credit-AOP","DASCMOP7","DAS-CMOP",100,50000,1,268101,50000,4.7597,0.3468254190955976,0.1373618207706445,1,"Objective_Credit_AOP_DASCMOP7_N100_FE50000_run1_seed268101.mat"
"s05_confirmation","Objective-Credit-AOP","DASCMOP7","DAS-CMOP",100,50000,2,268102,50000,4.1128,0.3861526300273595,0.1158086565414927,1,"Objective_Credit_AOP_DASCMOP7_N100_FE50000_run2_seed268102.mat"
"s05_confirmation","Objective-Credit-AOP","DASCMOP7","DAS-CMOP",100,50000,3,268103,50000,5.2353,0.7627403494132808,0.02842052847210244,1,"Objective_Credit_AOP_DASCMOP7_N100_FE50000_run3_seed268103.mat"
"s05_confirmation","Objective-Credit-AOP","DASCMOP7","DAS-CMOP",100,50000,4,268104,50000,4.1447,0.6983436489306294,0.0399428921054328,1,"Objective_Credit_AOP_DASCMOP7_N100_FE50000_run4_seed268104.mat"
"s05_confirmation","Objective-Credit-AOP","DASCMOP7","DAS-CMOP",100,50000,5,268105,50000,4.4867,0.4483501580183878,0.1015686884502246,1,"Objective_Credit_AOP_DASCMOP7_N100_FE50000_run5_seed268105.mat"
"s05_confirmation","Objective-Credit-AOP","DASCMOP8","DAS-CMOP",100,50000,1,268201,50000,4.8543,0.3793665097581809,0.02969606226999919,1,"Objective_Credit_AOP_DASCMOP8_N100_FE50000_run1_seed268201.mat"
"s05_confirmation","Objective-Credit-AOP","DASCMOP8","DAS-CMOP",100,50000,2,268202,50000,4.8491,0.5463239547576613,0.00491147785119359,1,"Objective_Credit_AOP_DASCMOP8_N100_FE50000_run2_seed268202.mat"
"s05_confirmation","Objective-Credit-AOP","DASCMOP8","DAS-CMOP",100,50000,3,268203,50000,4.8752,0.3532801924362562,0.03964064905330907,1,"Objective_Credit_AOP_DASCMOP8_N100_FE50000_run3_seed268203.mat"
"s05_confirmation","Objective-Credit-AOP","DASCMOP8","DAS-CMOP",100,50000,4,268204,50000,4.2304,0.5404863119518575,0.006735573965360564,1,"Objective_Credit_AOP_DASCMOP8_N100_FE50000_run4_seed268204.mat"
"s05_confirmation","Objective-Credit-AOP","DASCMOP8","DAS-CMOP",100,50000,5,268205,50000,4.9536,0.4756928473832302,0.01765365008093493,1,"Objective_Credit_AOP_DASCMOP8_N100_FE50000_run5_seed268205.mat"
"s05_confirmation","Objective-Credit-AOP","DASCMOP9","DAS-CMOP",100,50000,1,268301,50000,4.5011,0.05176024333488791,0.202365115269,1,"Objective_Credit_AOP_DASCMOP9_N100_FE50000_run1_seed268301.mat"
"s05_confirmation","Objective-Credit-AOP","DASCMOP9","DAS-CMOP",100,50000,2,268302,50000,4.7761,0.04695397646197005,0.2043506646261727,1,"Objective_Credit_AOP_DASCMOP9_N100_FE50000_run2_seed268302.mat"
"s05_confirmation","Objective-Credit-AOP","DASCMOP9","DAS-CMOP",100,50000,3,268303,50000,5.013,0.04520831240619277,0.2036147427966873,1,"Objective_Credit_AOP_DASCMOP9_N100_FE50000_run3_seed268303.mat"
"s05_confirmation","Objective-Credit-AOP","DASCMOP9","DAS-CMOP",100,50000,4,268304,50000,4.9767,0.05191443066491776,0.2027389232688699,1,"Objective_Credit_AOP_DASCMOP9_N100_FE50000_run4_seed268304.mat"
"s05_confirmation","Objective-Credit-AOP","DASCMOP9","DAS-CMOP",100,50000,5,268305,50000,4.8463,0.05149409820533996,0.2032069845895699,1,"Objective_Credit_AOP_DASCMOP9_N100_FE50000_run5_seed268305.mat"
"s05_confirmation","Objective-Credit-AOP","LIRCMOP10","LIR-CMOP",100,50000,1,267001,50000,7.7607,0.2376232507579252,0.5811740638219161,1,"Objective_Credit_AOP_LIRCMOP10_N100_FE50000_run1_seed267001.mat"
"s05_confirmation","Objective-Credit-AOP","LIRCMOP10","LIR-CMOP",100,50000,2,267002,50000,7.2236,0.237614793545575,0.5800075380202963,1,"Objective_Credit_AOP_LIRCMOP10_N100_FE50000_run2_seed267002.mat"
"s05_confirmation","Objective-Credit-AOP","LIRCMOP10","LIR-CMOP",100,50000,3,267003,50000,7.8471,0.2280450425239109,0.5956631668331337,1,"Objective_Credit_AOP_LIRCMOP10_N100_FE50000_run3_seed267003.mat"
"s05_confirmation","Objective-Credit-AOP","LIRCMOP10","LIR-CMOP",100,50000,4,267004,50000,8.2711,0.2229631736965924,0.5934826865491118,1,"Objective_Credit_AOP_LIRCMOP10_N100_FE50000_run4_seed267004.mat"
"s05_confirmation","Objective-Credit-AOP","LIRCMOP10","LIR-CMOP",100,50000,5,267005,50000,9.3388,0.2205012201415794,0.60047707114215,1,"Objective_Credit_AOP_LIRCMOP10_N100_FE50000_run5_seed267005.mat"
"s05_confirmation","Objective-Credit-AOP","LIRCMOP11","LIR-CMOP",100,50000,1,267101,50000,7.0273,0.1441443058945862,0.6011872355933331,1,"Objective_Credit_AOP_LIRCMOP11_N100_FE50000_run1_seed267101.mat"
"s05_confirmation","Objective-Credit-AOP","LIRCMOP11","LIR-CMOP",100,50000,2,267102,50000,6.5584,0.02103616306690171,0.6795198766842714,1,"Objective_Credit_AOP_LIRCMOP11_N100_FE50000_run2_seed267102.mat"
"s05_confirmation","Objective-Credit-AOP","LIRCMOP11","LIR-CMOP",100,50000,3,267103,50000,7.298,0.143653593408,0.6012308246049834,1,"Objective_Credit_AOP_LIRCMOP11_N100_FE50000_run3_seed267103.mat"
"s05_confirmation","Objective-Credit-AOP","LIRCMOP11","LIR-CMOP",100,50000,4,267104,50000,7.1037,0.1438293779129083,0.6012372838118222,1,"Objective_Credit_AOP_LIRCMOP11_N100_FE50000_run4_seed267104.mat"
"s05_confirmation","Objective-Credit-AOP","LIRCMOP11","LIR-CMOP",100,50000,5,267105,50000,7.2403,0.1438934758839017,0.6009968847154089,1,"Objective_Credit_AOP_LIRCMOP11_N100_FE50000_run5_seed267105.mat"
"s05_confirmation","Objective-Credit-AOP","LIRCMOP12","LIR-CMOP",100,50000,1,267201,50000,7.6861,0.18203594367183,0.516935667154514,1,"Objective_Credit_AOP_LIRCMOP12_N100_FE50000_run1_seed267201.mat"
"s05_confirmation","Objective-Credit-AOP","LIRCMOP12","LIR-CMOP",100,50000,2,267202,50000,5.2609,0.1623063114249885,0.5318804590797971,1,"Objective_Credit_AOP_LIRCMOP12_N100_FE50000_run2_seed267202.mat"
"s05_confirmation","Objective-Credit-AOP","LIRCMOP12","LIR-CMOP",100,50000,3,267203,50000,5.6325,0.1564134626017731,0.5369861187074795,1,"Objective_Credit_AOP_LIRCMOP12_N100_FE50000_run3_seed267203.mat"
"s05_confirmation","Objective-Credit-AOP","LIRCMOP12","LIR-CMOP",100,50000,4,267204,50000,5.1867,0.1595567832794065,0.5358813774325998,1,"Objective_Credit_AOP_LIRCMOP12_N100_FE50000_run4_seed267204.mat"
"s05_confirmation","Objective-Credit-AOP","LIRCMOP12","LIR-CMOP",100,50000,5,267205,50000,5.6555,0.1592282107133034,0.5360158942234829,1,"Objective_Credit_AOP_LIRCMOP12_N100_FE50000_run5_seed267205.mat"
"s05_confirmation","Objective-Credit-AOP","LIRCMOP13","LIR-CMOP",100,50000,1,267301,50000,12.024,0.09771788085892041,0.5405325625487656,1,"Objective_Credit_AOP_LIRCMOP13_N100_FE50000_run1_seed267301.mat"
"s05_confirmation","Objective-Credit-AOP","LIRCMOP13","LIR-CMOP",100,50000,2,267302,50000,11.7574,0.09870088387152723,0.540444343082199,1,"Objective_Credit_AOP_LIRCMOP13_N100_FE50000_run2_seed267302.mat"
"s05_confirmation","Objective-Credit-AOP","LIRCMOP13","LIR-CMOP",100,50000,3,267303,50000,11.8127,0.09772240807607124,0.5411544888295527,1,"Objective_Credit_AOP_LIRCMOP13_N100_FE50000_run3_seed267303.mat"
"s05_confirmation","Objective-Credit-AOP","LIRCMOP13","LIR-CMOP",100,50000,4,267304,50000,12.2153,0.09992057623117045,0.5398694066819933,1,"Objective_Credit_AOP_LIRCMOP13_N100_FE50000_run4_seed267304.mat"
"s05_confirmation","Objective-Credit-AOP","LIRCMOP13","LIR-CMOP",100,50000,5,267305,50000,11.7883,0.1027003825877679,0.5359908418321394,1,"Objective_Credit_AOP_LIRCMOP13_N100_FE50000_run5_seed267305.mat"
"s05_confirmation","Objective-Credit-AOP","LIRCMOP14","LIR-CMOP",100,50000,1,267401,50000,10.7027,0.09780122212121142,0.5507891020336781,1,"Objective_Credit_AOP_LIRCMOP14_N100_FE50000_run1_seed267401.mat"
"s05_confirmation","Objective-Credit-AOP","LIRCMOP14","LIR-CMOP",100,50000,2,267402,50000,10.0325,0.09712368846871404,0.552164418835031,1,"Objective_Credit_AOP_LIRCMOP14_N100_FE50000_run2_seed267402.mat"
"s05_confirmation","Objective-Credit-AOP","LIRCMOP14","LIR-CMOP",100,50000,3,267403,50000,9.6974,0.09729208397268502,0.5481105215187967,1,"Objective_Credit_AOP_LIRCMOP14_N100_FE50000_run3_seed267403.mat"
"s05_confirmation","Objective-Credit-AOP","LIRCMOP14","LIR-CMOP",100,50000,4,267404,50000,10.3372,0.09925874330963748,0.5523673449258606,1,"Objective_Credit_AOP_LIRCMOP14_N100_FE50000_run4_seed267404.mat"
"s05_confirmation","Objective-Credit-AOP","LIRCMOP14","LIR-CMOP",100,50000,5,267405,50000,9.9079,0.09813980655017823,0.5518211682615473,1,"Objective_Credit_AOP_LIRCMOP14_N100_FE50000_run5_seed267405.mat"
"s05_confirmation","Objective-Credit-AOP","LIRCMOP1","LIR-CMOP",100,50000,1,266101,50000,4.6392,0.2945101280270776,0.1110017902733988,1,"Objective_Credit_AOP_LIRCMOP1_N100_FE50000_run1_seed266101.mat"
"s05_confirmation","Objective-Credit-AOP","LIRCMOP1","LIR-CMOP",100,50000,2,266102,50000,4.3926,0.2739596573334685,0.1243103983161639,1,"Objective_Credit_AOP_LIRCMOP1_N100_FE50000_run2_seed266102.mat"
"s05_confirmation","Objective-Credit-AOP","LIRCMOP1","LIR-CMOP",100,50000,3,266103,50000,4.6987,0.3305971034618814,0.09934926855588595,1,"Objective_Credit_AOP_LIRCMOP1_N100_FE50000_run3_seed266103.mat"
"s05_confirmation","Objective-Credit-AOP","LIRCMOP1","LIR-CMOP",100,50000,4,266104,50000,4.7969,0.2210838777481686,0.1397614569959756,1,"Objective_Credit_AOP_LIRCMOP1_N100_FE50000_run4_seed266104.mat"
"s05_confirmation","Objective-Credit-AOP","LIRCMOP1","LIR-CMOP",100,50000,5,266105,50000,4.9632,0.2987173256441047,0.1185808233643149,1,"Objective_Credit_AOP_LIRCMOP1_N100_FE50000_run5_seed266105.mat"
"s05_confirmation","Objective-Credit-AOP","LIRCMOP2","LIR-CMOP",100,50000,1,266201,50000,4.9553,0.1910892505210603,0.2470218451287417,1,"Objective_Credit_AOP_LIRCMOP2_N100_FE50000_run1_seed266201.mat"
"s05_confirmation","Objective-Credit-AOP","LIRCMOP2","LIR-CMOP",100,50000,2,266202,50000,5.0258,0.1702140091971757,0.2538949210214476,1,"Objective_Credit_AOP_LIRCMOP2_N100_FE50000_run2_seed266202.mat"
"s05_confirmation","Objective-Credit-AOP","LIRCMOP2","LIR-CMOP",100,50000,3,266203,50000,4.806,0.270040465714328,0.2228628350526847,1,"Objective_Credit_AOP_LIRCMOP2_N100_FE50000_run3_seed266203.mat"
"s05_confirmation","Objective-Credit-AOP","LIRCMOP2","LIR-CMOP",100,50000,4,266204,50000,5.3349,0.1832737948418064,0.2603320182144014,1,"Objective_Credit_AOP_LIRCMOP2_N100_FE50000_run4_seed266204.mat"
"s05_confirmation","Objective-Credit-AOP","LIRCMOP2","LIR-CMOP",100,50000,5,266205,50000,4.6688,0.2131185012373857,0.2459192385032048,1,"Objective_Credit_AOP_LIRCMOP2_N100_FE50000_run5_seed266205.mat"
"s05_confirmation","Objective-Credit-AOP","LIRCMOP3","LIR-CMOP",100,50000,1,266301,50000,5.0327,0.2785003738075955,0.105879101506564,1,"Objective_Credit_AOP_LIRCMOP3_N100_FE50000_run1_seed266301.mat"
"s05_confirmation","Objective-Credit-AOP","LIRCMOP3","LIR-CMOP",100,50000,2,266302,50000,4.8362,0.2657116904923735,0.1093250812537372,1,"Objective_Credit_AOP_LIRCMOP3_N100_FE50000_run2_seed266302.mat"
"s05_confirmation","Objective-Credit-AOP","LIRCMOP3","LIR-CMOP",100,50000,3,266303,50000,4.8629,0.2430940770254084,0.1305828462386088,1,"Objective_Credit_AOP_LIRCMOP3_N100_FE50000_run3_seed266303.mat"
"s05_confirmation","Objective-Credit-AOP","LIRCMOP3","LIR-CMOP",100,50000,4,266304,50000,5.0184,0.2417807210695818,0.1113559119931598,1,"Objective_Credit_AOP_LIRCMOP3_N100_FE50000_run4_seed266304.mat"
"s05_confirmation","Objective-Credit-AOP","LIRCMOP3","LIR-CMOP",100,50000,5,266305,50000,5.0075,0.2752856368244221,0.1065012428742858,1,"Objective_Credit_AOP_LIRCMOP3_N100_FE50000_run5_seed266305.mat"
"s05_confirmation","Objective-Credit-AOP","LIRCMOP4","LIR-CMOP",100,50000,1,266401,50000,5.1073,0.1703386700272242,0.2547934622301387,1,"Objective_Credit_AOP_LIRCMOP4_N100_FE50000_run1_seed266401.mat"
"s05_confirmation","Objective-Credit-AOP","LIRCMOP4","LIR-CMOP",100,50000,2,266402,50000,4.9179,0.2513753062607704,0.2104565910793418,1,"Objective_Credit_AOP_LIRCMOP4_N100_FE50000_run2_seed266402.mat"
"s05_confirmation","Objective-Credit-AOP","LIRCMOP4","LIR-CMOP",100,50000,3,266403,50000,4.558,0.3073462845645084,0.1828012823166767,1,"Objective_Credit_AOP_LIRCMOP4_N100_FE50000_run3_seed266403.mat"
"s05_confirmation","Objective-Credit-AOP","LIRCMOP4","LIR-CMOP",100,50000,4,266404,50000,4.6724,0.3046160295955964,0.1828703855236705,1,"Objective_Credit_AOP_LIRCMOP4_N100_FE50000_run4_seed266404.mat"
"s05_confirmation","Objective-Credit-AOP","LIRCMOP4","LIR-CMOP",100,50000,5,266405,50000,4.7719,0.1544992793605693,0.2361219360628962,1,"Objective_Credit_AOP_LIRCMOP4_N100_FE50000_run5_seed266405.mat"
"s05_confirmation","Objective-Credit-AOP","LIRCMOP5","LIR-CMOP",100,50000,1,266501,50000,4.6094,0.4123886558983488,0.1068510250342133,1,"Objective_Credit_AOP_LIRCMOP5_N100_FE50000_run1_seed266501.mat"
"s05_confirmation","Objective-Credit-AOP","LIRCMOP5","LIR-CMOP",100,50000,2,266502,50000,5.2641,0.2605333681013064,0.1605466038225394,1,"Objective_Credit_AOP_LIRCMOP5_N100_FE50000_run2_seed266502.mat"
"s05_confirmation","Objective-Credit-AOP","LIRCMOP5","LIR-CMOP",100,50000,3,266503,50000,6.4141,0.1004146243960055,0.2265198221543623,1,"Objective_Credit_AOP_LIRCMOP5_N100_FE50000_run3_seed266503.mat"
"s05_confirmation","Objective-Credit-AOP","LIRCMOP5","LIR-CMOP",100,50000,4,266504,50000,4.5433,1.184333735915222,0,1,"Objective_Credit_AOP_LIRCMOP5_N100_FE50000_run4_seed266504.mat"
"s05_confirmation","Objective-Credit-AOP","LIRCMOP5","LIR-CMOP",100,50000,5,266505,50000,5.1185,0.343376756455741,0.1301504259459454,1,"Objective_Credit_AOP_LIRCMOP5_N100_FE50000_run5_seed266505.mat"
"s05_confirmation","Objective-Credit-AOP","LIRCMOP6","LIR-CMOP",100,50000,1,266601,50000,6.2135,0.07451532557950674,0.1708149612099085,1,"Objective_Credit_AOP_LIRCMOP6_N100_FE50000_run1_seed266601.mat"
"s05_confirmation","Objective-Credit-AOP","LIRCMOP6","LIR-CMOP",100,50000,2,266602,50000,5.4574,0.2367035042619949,0.1415285596909093,1,"Objective_Credit_AOP_LIRCMOP6_N100_FE50000_run2_seed266602.mat"
"s05_confirmation","Objective-Credit-AOP","LIRCMOP6","LIR-CMOP",100,50000,3,266603,50000,4.9101,0.4171506684630336,0.1050521368949314,1,"Objective_Credit_AOP_LIRCMOP6_N100_FE50000_run3_seed266603.mat"
"s05_confirmation","Objective-Credit-AOP","LIRCMOP6","LIR-CMOP",100,50000,4,266604,50000,5.4746,0.1353343642003111,0.1620294828406873,1,"Objective_Credit_AOP_LIRCMOP6_N100_FE50000_run4_seed266604.mat"
"s05_confirmation","Objective-Credit-AOP","LIRCMOP6","LIR-CMOP",100,50000,5,266605,50000,5.906,0.2306277910664541,0.1451413047189584,1,"Objective_Credit_AOP_LIRCMOP6_N100_FE50000_run5_seed266605.mat"
"s05_confirmation","Objective-Credit-AOP","LIRCMOP7","LIR-CMOP",100,50000,1,266701,50000,4.9001,0.01417338487985099,0.2899091537758777,1,"Objective_Credit_AOP_LIRCMOP7_N100_FE50000_run1_seed266701.mat"
"s05_confirmation","Objective-Credit-AOP","LIRCMOP7","LIR-CMOP",100,50000,2,266702,50000,5.2822,0.0403243032901285,0.2821402740001141,1,"Objective_Credit_AOP_LIRCMOP7_N100_FE50000_run2_seed266702.mat"
"s05_confirmation","Objective-Credit-AOP","LIRCMOP7","LIR-CMOP",100,50000,3,266703,50000,4.3899,0.1351290665668523,0.2421365292291612,1,"Objective_Credit_AOP_LIRCMOP7_N100_FE50000_run3_seed266703.mat"
"s05_confirmation","Objective-Credit-AOP","LIRCMOP7","LIR-CMOP",100,50000,4,266704,50000,4.5145,0.1404505882241015,0.2443893774221871,1,"Objective_Credit_AOP_LIRCMOP7_N100_FE50000_run4_seed266704.mat"
"s05_confirmation","Objective-Credit-AOP","LIRCMOP7","LIR-CMOP",100,50000,5,266705,50000,4.4089,0.0124988833029136,0.290922975874175,1,"Objective_Credit_AOP_LIRCMOP7_N100_FE50000_run5_seed266705.mat"
"s05_confirmation","Objective-Credit-AOP","LIRCMOP8","LIR-CMOP",100,50000,1,266801,50000,4.6353,0.02511461809434281,0.2812694727674787,1,"Objective_Credit_AOP_LIRCMOP8_N100_FE50000_run1_seed266801.mat"
"s05_confirmation","Objective-Credit-AOP","LIRCMOP8","LIR-CMOP",100,50000,2,266802,50000,4.8568,0.01183665521353699,0.2918426183409791,1,"Objective_Credit_AOP_LIRCMOP8_N100_FE50000_run2_seed266802.mat"
"s05_confirmation","Objective-Credit-AOP","LIRCMOP8","LIR-CMOP",100,50000,3,266803,50000,4.8049,0.01086503059098985,0.2924078141934794,1,"Objective_Credit_AOP_LIRCMOP8_N100_FE50000_run3_seed266803.mat"
"s05_confirmation","Objective-Credit-AOP","LIRCMOP8","LIR-CMOP",100,50000,4,266804,50000,4.5263,0.05695703634113969,0.2662503302455163,1,"Objective_Credit_AOP_LIRCMOP8_N100_FE50000_run4_seed266804.mat"
"s05_confirmation","Objective-Credit-AOP","LIRCMOP8","LIR-CMOP",100,50000,5,266805,50000,4.6234,0.009816725093423843,0.2924278463669237,1,"Objective_Credit_AOP_LIRCMOP8_N100_FE50000_run5_seed266805.mat"
"s05_confirmation","Objective-Credit-AOP","LIRCMOP9","LIR-CMOP",100,50000,1,266901,50000,7.568,0.5154692454453085,0.3411060663460348,1,"Objective_Credit_AOP_LIRCMOP9_N100_FE50000_run1_seed266901.mat"
"s05_confirmation","Objective-Credit-AOP","LIRCMOP9","LIR-CMOP",100,50000,2,266902,50000,7.3127,0.4106816970758104,0.3951606594161907,1,"Objective_Credit_AOP_LIRCMOP9_N100_FE50000_run2_seed266902.mat"
"s05_confirmation","Objective-Credit-AOP","LIRCMOP9","LIR-CMOP",100,50000,3,266903,50000,7.2082,0.5064435986732818,0.357652643148367,1,"Objective_Credit_AOP_LIRCMOP9_N100_FE50000_run3_seed266903.mat"
"s05_confirmation","Objective-Credit-AOP","LIRCMOP9","LIR-CMOP",100,50000,4,266904,50000,8.3435,0.4252142084560349,0.3854096218297847,1,"Objective_Credit_AOP_LIRCMOP9_N100_FE50000_run4_seed266904.mat"
"s05_confirmation","Objective-Credit-AOP","LIRCMOP9","LIR-CMOP",100,50000,5,266905,50000,7.1974,0.5080615373514655,0.3548107268636762,1,"Objective_Credit_AOP_LIRCMOP9_N100_FE50000_run5_seed266905.mat"
"s05_confirmation","Stage-AOP","CF10","CF",100,50000,1,246001,50000,9.4898,0.3752200756961104,0.1588007734172113,1,"Stage_AOP_CF10_N100_FE50000_run1_seed246001.mat"
"s05_confirmation","Stage-AOP","CF10","CF",100,50000,2,246002,50000,9.2993,0.3526498160695842,0.18111161894689,1,"Stage_AOP_CF10_N100_FE50000_run2_seed246002.mat"
"s05_confirmation","Stage-AOP","CF10","CF",100,50000,3,246003,50000,5.857,0.3848317717540254,0.1099471995455316,1,"Stage_AOP_CF10_N100_FE50000_run3_seed246003.mat"
"s05_confirmation","Stage-AOP","CF10","CF",100,50000,4,246004,50000,9.5826,0.427195208213468,0.1225050762980963,1,"Stage_AOP_CF10_N100_FE50000_run4_seed246004.mat"
"s05_confirmation","Stage-AOP","CF10","CF",100,50000,5,246005,50000,9.0756,0.4221739120030195,0.1015945006641561,1,"Stage_AOP_CF10_N100_FE50000_run5_seed246005.mat"
"s05_confirmation","Stage-AOP","CF1","CF",100,50000,1,245101,50000,5.9569,0.005339481261931479,0.5596202930924351,1,"Stage_AOP_CF1_N100_FE50000_run1_seed245101.mat"
"s05_confirmation","Stage-AOP","CF1","CF",100,50000,2,245102,50000,6.2419,0.006197564145174974,0.5585589157234654,1,"Stage_AOP_CF1_N100_FE50000_run2_seed245102.mat"
"s05_confirmation","Stage-AOP","CF1","CF",100,50000,3,245103,50000,6.211,0.005827670828056832,0.5590210260030459,1,"Stage_AOP_CF1_N100_FE50000_run3_seed245103.mat"
"s05_confirmation","Stage-AOP","CF1","CF",100,50000,4,245104,50000,7.2819,0.00483541042178962,0.56022044689774,1,"Stage_AOP_CF1_N100_FE50000_run4_seed245104.mat"
"s05_confirmation","Stage-AOP","CF1","CF",100,50000,5,245105,50000,6.38,0.005798883213649663,0.5591188156517156,1,"Stage_AOP_CF1_N100_FE50000_run5_seed245105.mat"
"s05_confirmation","Stage-AOP","CF2","CF",100,50000,1,245201,50000,6.2952,0.01402660603086539,0.6674262118219528,1,"Stage_AOP_CF2_N100_FE50000_run1_seed245201.mat"
"s05_confirmation","Stage-AOP","CF2","CF",100,50000,2,245202,50000,5.5303,0.01166534663451314,0.6648450645383219,1,"Stage_AOP_CF2_N100_FE50000_run2_seed245202.mat"
"s05_confirmation","Stage-AOP","CF2","CF",100,50000,3,245203,50000,6.2563,0.0298992704552462,0.6497710732289539,1,"Stage_AOP_CF2_N100_FE50000_run3_seed245203.mat"
"s05_confirmation","Stage-AOP","CF2","CF",100,50000,4,245204,50000,6.8597,0.028458077578852,0.6522613281268427,1,"Stage_AOP_CF2_N100_FE50000_run4_seed245204.mat"
"s05_confirmation","Stage-AOP","CF2","CF",100,50000,5,245205,50000,7.0637,0.01120911653705528,0.6671114349785768,1,"Stage_AOP_CF2_N100_FE50000_run5_seed245205.mat"
"s05_confirmation","Stage-AOP","CF3","CF",100,50000,1,245301,50000,5.3372,0.1095252171948379,0.2707604355076842,1,"Stage_AOP_CF3_N100_FE50000_run1_seed245301.mat"
"s05_confirmation","Stage-AOP","CF3","CF",100,50000,2,245302,50000,5.2909,0.1126921542457401,0.2844465962647967,1,"Stage_AOP_CF3_N100_FE50000_run2_seed245302.mat"
"s05_confirmation","Stage-AOP","CF3","CF",100,50000,3,245303,50000,4.9214,0.1024029684494398,0.2528444963256316,1,"Stage_AOP_CF3_N100_FE50000_run3_seed245303.mat"
"s05_confirmation","Stage-AOP","CF3","CF",100,50000,4,245304,50000,5.4918,0.1210659998705084,0.2446409041463445,1,"Stage_AOP_CF3_N100_FE50000_run4_seed245304.mat"
"s05_confirmation","Stage-AOP","CF3","CF",100,50000,5,245305,50000,5.1995,0.1250362767838115,0.2959921289670218,1,"Stage_AOP_CF3_N100_FE50000_run5_seed245305.mat"
"s05_confirmation","Stage-AOP","CF4","CF",100,50000,1,245401,50000,6.4158,0.0685161920713553,0.4440474031350129,1,"Stage_AOP_CF4_N100_FE50000_run1_seed245401.mat"
"s05_confirmation","Stage-AOP","CF4","CF",100,50000,2,245402,50000,5.8319,0.06565817213298879,0.4571108914050322,1,"Stage_AOP_CF4_N100_FE50000_run2_seed245402.mat"
"s05_confirmation","Stage-AOP","CF4","CF",100,50000,3,245403,50000,6.3512,0.06402898335191269,0.4610058287621193,1,"Stage_AOP_CF4_N100_FE50000_run3_seed245403.mat"
"s05_confirmation","Stage-AOP","CF4","CF",100,50000,4,245404,50000,6.0689,0.06444971387755528,0.4506674757264514,1,"Stage_AOP_CF4_N100_FE50000_run4_seed245404.mat"
"s05_confirmation","Stage-AOP","CF4","CF",100,50000,5,245405,50000,6.0943,0.05835228337160608,0.4569254129518613,1,"Stage_AOP_CF4_N100_FE50000_run5_seed245405.mat"
"s05_confirmation","Stage-AOP","CF5","CF",100,50000,1,245501,50000,7.146,0.1594565341916434,0.3595740910630164,1,"Stage_AOP_CF5_N100_FE50000_run1_seed245501.mat"
"s05_confirmation","Stage-AOP","CF5","CF",100,50000,2,245502,50000,6.7383,0.3026836952954574,0.266933255402072,1,"Stage_AOP_CF5_N100_FE50000_run2_seed245502.mat"
"s05_confirmation","Stage-AOP","CF5","CF",100,50000,3,245503,50000,7.2672,0.5840078389473159,0.1447937464257932,1,"Stage_AOP_CF5_N100_FE50000_run3_seed245503.mat"
"s05_confirmation","Stage-AOP","CF5","CF",100,50000,4,245504,50000,7.4982,0.5668981464057592,0.1543245897064033,1,"Stage_AOP_CF5_N100_FE50000_run4_seed245504.mat"
"s05_confirmation","Stage-AOP","CF5","CF",100,50000,5,245505,50000,7.2399,0.3385737670378581,0.2227238061774912,1,"Stage_AOP_CF5_N100_FE50000_run5_seed245505.mat"
"s05_confirmation","Stage-AOP","CF6","CF",100,50000,1,245601,50000,8.0401,0.03751262083148342,0.6599450065771261,1,"Stage_AOP_CF6_N100_FE50000_run1_seed245601.mat"
"s05_confirmation","Stage-AOP","CF6","CF",100,50000,2,245602,50000,8.0286,0.05133127729581644,0.6485766155734917,1,"Stage_AOP_CF6_N100_FE50000_run2_seed245602.mat"
"s05_confirmation","Stage-AOP","CF6","CF",100,50000,3,245603,50000,7.4265,0.0451247039627889,0.6523973921466166,1,"Stage_AOP_CF6_N100_FE50000_run3_seed245603.mat"
"s05_confirmation","Stage-AOP","CF6","CF",100,50000,4,245604,50000,7.9406,0.03412430245234279,0.6610424584574431,1,"Stage_AOP_CF6_N100_FE50000_run4_seed245604.mat"
"s05_confirmation","Stage-AOP","CF6","CF",100,50000,5,245605,50000,8.2828,0.04221294795067062,0.6618792240526602,1,"Stage_AOP_CF6_N100_FE50000_run5_seed245605.mat"
"s05_confirmation","Stage-AOP","CF7","CF",100,50000,1,245701,50000,6.7517,0.1284664296488642,0.5280383867822336,1,"Stage_AOP_CF7_N100_FE50000_run1_seed245701.mat"
"s05_confirmation","Stage-AOP","CF7","CF",100,50000,2,245702,50000,7.2936,0.2945013065819931,0.4390914333394492,1,"Stage_AOP_CF7_N100_FE50000_run2_seed245702.mat"
"s05_confirmation","Stage-AOP","CF7","CF",100,50000,3,245703,50000,7.1959,0.2259608602017672,0.5136924107857321,1,"Stage_AOP_CF7_N100_FE50000_run3_seed245703.mat"
"s05_confirmation","Stage-AOP","CF7","CF",100,50000,4,245704,50000,5.9023,0.2905882569559621,0.4225773049852393,1,"Stage_AOP_CF7_N100_FE50000_run4_seed245704.mat"
"s05_confirmation","Stage-AOP","CF7","CF",100,50000,5,245705,50000,6.4082,0.09700466568995147,0.5641995850452861,1,"Stage_AOP_CF7_N100_FE50000_run5_seed245705.mat"
"s05_confirmation","Stage-AOP","CF8","CF",100,50000,1,245801,50000,6.2237,0.1520849163000388,0.3575270130875213,1,"Stage_AOP_CF8_N100_FE50000_run1_seed245801.mat"
"s05_confirmation","Stage-AOP","CF8","CF",100,50000,2,245802,50000,5.5837,0.153248835931267,0.3442627052145288,1,"Stage_AOP_CF8_N100_FE50000_run2_seed245802.mat"
"s05_confirmation","Stage-AOP","CF8","CF",100,50000,3,245803,50000,6.3697,0.1620698410380255,0.3413242288002553,1,"Stage_AOP_CF8_N100_FE50000_run3_seed245803.mat"
"s05_confirmation","Stage-AOP","CF8","CF",100,50000,4,245804,50000,6.061,0.1762726764576196,0.329406324810319,1,"Stage_AOP_CF8_N100_FE50000_run4_seed245804.mat"
"s05_confirmation","Stage-AOP","CF8","CF",100,50000,5,245805,50000,5.6763,0.2075247996414406,0.3407278779048422,1,"Stage_AOP_CF8_N100_FE50000_run5_seed245805.mat"
"s05_confirmation","Stage-AOP","CF9","CF",100,50000,1,245901,50000,7.9038,0.1003269914828482,0.4212163276835338,1,"Stage_AOP_CF9_N100_FE50000_run1_seed245901.mat"
"s05_confirmation","Stage-AOP","CF9","CF",100,50000,2,245902,50000,7.5064,0.09264721879444167,0.427480763351369,1,"Stage_AOP_CF9_N100_FE50000_run2_seed245902.mat"
"s05_confirmation","Stage-AOP","CF9","CF",100,50000,3,245903,50000,7.7929,0.09023348419397864,0.4349067229082493,1,"Stage_AOP_CF9_N100_FE50000_run3_seed245903.mat"
"s05_confirmation","Stage-AOP","CF9","CF",100,50000,4,245904,50000,7.6168,0.0912755711199132,0.4298354497343938,1,"Stage_AOP_CF9_N100_FE50000_run4_seed245904.mat"
"s05_confirmation","Stage-AOP","CF9","CF",100,50000,5,245905,50000,6.9521,0.09271876374870884,0.4301679489861326,1,"Stage_AOP_CF9_N100_FE50000_run5_seed245905.mat"
"s05_confirmation","Stage-AOP","DASCMOP1","DAS-CMOP",100,50000,1,247501,50000,5.0919,0.008097789700184276,0.2103640943382818,1,"Stage_AOP_DASCMOP1_N100_FE50000_run1_seed247501.mat"
"s05_confirmation","Stage-AOP","DASCMOP1","DAS-CMOP",100,50000,2,247502,50000,5.0018,0.02124555813090821,0.2037325814295591,1,"Stage_AOP_DASCMOP1_N100_FE50000_run2_seed247502.mat"
"s05_confirmation","Stage-AOP","DASCMOP1","DAS-CMOP",100,50000,3,247503,50000,5.4559,0.008921477278127653,0.2079355598522938,1,"Stage_AOP_DASCMOP1_N100_FE50000_run3_seed247503.mat"
"s05_confirmation","Stage-AOP","DASCMOP1","DAS-CMOP",100,50000,4,247504,50000,4.3644,0.006406838360343631,0.2094491270906251,1,"Stage_AOP_DASCMOP1_N100_FE50000_run4_seed247504.mat"
"s05_confirmation","Stage-AOP","DASCMOP1","DAS-CMOP",100,50000,5,247505,50000,4.9749,0.006889418905743401,0.207932814275726,1,"Stage_AOP_DASCMOP1_N100_FE50000_run5_seed247505.mat"
"s05_confirmation","Stage-AOP","DASCMOP2","DAS-CMOP",100,50000,1,247601,50000,4.7078,0.008502535146386388,0.3516881394864563,1,"Stage_AOP_DASCMOP2_N100_FE50000_run1_seed247601.mat"
"s05_confirmation","Stage-AOP","DASCMOP2","DAS-CMOP",100,50000,2,247602,50000,5.183,0.01368766802924139,0.3496426286629418,1,"Stage_AOP_DASCMOP2_N100_FE50000_run2_seed247602.mat"
"s05_confirmation","Stage-AOP","DASCMOP2","DAS-CMOP",100,50000,3,247603,50000,4.8152,0.00889712242939944,0.35136950041305,1,"Stage_AOP_DASCMOP2_N100_FE50000_run3_seed247603.mat"
"s05_confirmation","Stage-AOP","DASCMOP2","DAS-CMOP",100,50000,4,247604,50000,4.6718,0.00894338022550605,0.3514781043389636,1,"Stage_AOP_DASCMOP2_N100_FE50000_run4_seed247604.mat"
"s05_confirmation","Stage-AOP","DASCMOP2","DAS-CMOP",100,50000,5,247605,50000,4.5419,0.005730044098575225,0.3537056808369918,1,"Stage_AOP_DASCMOP2_N100_FE50000_run5_seed247605.mat"
"s05_confirmation","Stage-AOP","DASCMOP3","DAS-CMOP",100,50000,1,247701,50000,4.8189,0.02260353655917971,0.308356387984202,1,"Stage_AOP_DASCMOP3_N100_FE50000_run1_seed247701.mat"
"s05_confirmation","Stage-AOP","DASCMOP3","DAS-CMOP",100,50000,2,247702,50000,4.4349,0.04811542875493013,0.2882902849676312,1,"Stage_AOP_DASCMOP3_N100_FE50000_run2_seed247702.mat"
"s05_confirmation","Stage-AOP","DASCMOP3","DAS-CMOP",100,50000,3,247703,50000,5.135,0.02140161119155342,0.3106173424801792,1,"Stage_AOP_DASCMOP3_N100_FE50000_run3_seed247703.mat"
"s05_confirmation","Stage-AOP","DASCMOP3","DAS-CMOP",100,50000,4,247704,50000,4.7144,0.0319908517502432,0.3057010003609533,1,"Stage_AOP_DASCMOP3_N100_FE50000_run4_seed247704.mat"
"s05_confirmation","Stage-AOP","DASCMOP3","DAS-CMOP",100,50000,5,247705,50000,4.8439,0.02945656868002878,0.301720755230064,1,"Stage_AOP_DASCMOP3_N100_FE50000_run5_seed247705.mat"
"s05_confirmation","Stage-AOP","DASCMOP4","DAS-CMOP",100,50000,1,247801,50000,4.0646,0.2866565582368565,0.08527950931892145,1,"Stage_AOP_DASCMOP4_N100_FE50000_run1_seed247801.mat"
"s05_confirmation","Stage-AOP","DASCMOP4","DAS-CMOP",100,50000,2,247802,50000,4.3926,0.4762438824740776,0.01901325914580469,1,"Stage_AOP_DASCMOP4_N100_FE50000_run2_seed247802.mat"
"s05_confirmation","Stage-AOP","DASCMOP4","DAS-CMOP",100,50000,3,247803,50000,4.1872,0.5817999855189918,0.006056296926985689,1,"Stage_AOP_DASCMOP4_N100_FE50000_run3_seed247803.mat"
"s05_confirmation","Stage-AOP","DASCMOP4","DAS-CMOP",100,50000,4,247804,50000,4.6763,NaN,NaN,0,"Stage_AOP_DASCMOP4_N100_FE50000_run4_seed247804.mat"
"s05_confirmation","Stage-AOP","DASCMOP4","DAS-CMOP",100,50000,5,247805,50000,4.1026,0.3985883278115068,0.04681835286493904,1,"Stage_AOP_DASCMOP4_N100_FE50000_run5_seed247805.mat"
"s05_confirmation","Stage-AOP","DASCMOP5","DAS-CMOP",100,50000,1,247901,50000,4.4091,0.6078376129045313,0.05001145610430151,1,"Stage_AOP_DASCMOP5_N100_FE50000_run1_seed247901.mat"
"s05_confirmation","Stage-AOP","DASCMOP5","DAS-CMOP",100,50000,2,247902,50000,4.1163,0.5493446666005933,0.06200165657126655,1,"Stage_AOP_DASCMOP5_N100_FE50000_run2_seed247902.mat"
"s05_confirmation","Stage-AOP","DASCMOP5","DAS-CMOP",100,50000,3,247903,50000,4.0784,NaN,NaN,0,"Stage_AOP_DASCMOP5_N100_FE50000_run3_seed247903.mat"
"s05_confirmation","Stage-AOP","DASCMOP5","DAS-CMOP",100,50000,4,247904,50000,4.0693,0.6144364705078041,0.04310833371358268,1,"Stage_AOP_DASCMOP5_N100_FE50000_run4_seed247904.mat"
"s05_confirmation","Stage-AOP","DASCMOP5","DAS-CMOP",100,50000,5,247905,50000,4.271,0.5399420857270435,0.06226139643151962,1,"Stage_AOP_DASCMOP5_N100_FE50000_run5_seed247905.mat"
"s05_confirmation","Stage-AOP","DASCMOP6","DAS-CMOP",100,50000,1,248001,50000,4.3234,0.1212018947210024,0.2446366761982367,1,"Stage_AOP_DASCMOP6_N100_FE50000_run1_seed248001.mat"
"s05_confirmation","Stage-AOP","DASCMOP6","DAS-CMOP",100,50000,2,248002,50000,4.1043,NaN,NaN,0,"Stage_AOP_DASCMOP6_N100_FE50000_run2_seed248002.mat"
"s05_confirmation","Stage-AOP","DASCMOP6","DAS-CMOP",100,50000,3,248003,50000,4.3087,0.6494722986843334,0.03216371717016165,1,"Stage_AOP_DASCMOP6_N100_FE50000_run3_seed248003.mat"
"s05_confirmation","Stage-AOP","DASCMOP6","DAS-CMOP",100,50000,4,248004,50000,4.2604,0.3575562915002817,0.1365821666366049,1,"Stage_AOP_DASCMOP6_N100_FE50000_run4_seed248004.mat"
"s05_confirmation","Stage-AOP","DASCMOP6","DAS-CMOP",100,50000,5,248005,50000,4.0633,0.5430599052628861,0.04819129973902652,1,"Stage_AOP_DASCMOP6_N100_FE50000_run5_seed248005.mat"
"s05_confirmation","Stage-AOP","DASCMOP7","DAS-CMOP",100,50000,1,248101,50000,4.4925,0.8259424127179924,0.02433340361403958,1,"Stage_AOP_DASCMOP7_N100_FE50000_run1_seed248101.mat"
"s05_confirmation","Stage-AOP","DASCMOP7","DAS-CMOP",100,50000,2,248102,50000,4.632,NaN,NaN,0,"Stage_AOP_DASCMOP7_N100_FE50000_run2_seed248102.mat"
"s05_confirmation","Stage-AOP","DASCMOP7","DAS-CMOP",100,50000,3,248103,50000,4.7372,0.03244556564434146,0.286418031502609,1,"Stage_AOP_DASCMOP7_N100_FE50000_run3_seed248103.mat"
"s05_confirmation","Stage-AOP","DASCMOP7","DAS-CMOP",100,50000,4,248104,50000,4.5615,1.007703454433846,0.005865908828454796,1,"Stage_AOP_DASCMOP7_N100_FE50000_run4_seed248104.mat"
"s05_confirmation","Stage-AOP","DASCMOP7","DAS-CMOP",100,50000,5,248105,50000,4.2993,0.2687373723766581,0.1696320791413218,1,"Stage_AOP_DASCMOP7_N100_FE50000_run5_seed248105.mat"
"s05_confirmation","Stage-AOP","DASCMOP8","DAS-CMOP",100,50000,1,248201,50000,4.8411,0.2753212475594867,0.0713559912016497,1,"Stage_AOP_DASCMOP8_N100_FE50000_run1_seed248201.mat"
"s05_confirmation","Stage-AOP","DASCMOP8","DAS-CMOP",100,50000,2,248202,50000,4.4376,0.5644865382500216,0.004021479767359767,1,"Stage_AOP_DASCMOP8_N100_FE50000_run2_seed248202.mat"
"s05_confirmation","Stage-AOP","DASCMOP8","DAS-CMOP",100,50000,3,248203,50000,4.0451,1.105200178220229,0,1,"Stage_AOP_DASCMOP8_N100_FE50000_run3_seed248203.mat"
"s05_confirmation","Stage-AOP","DASCMOP8","DAS-CMOP",100,50000,4,248204,50000,4.8229,0.1081350910002432,0.1738265184940219,1,"Stage_AOP_DASCMOP8_N100_FE50000_run4_seed248204.mat"
"s05_confirmation","Stage-AOP","DASCMOP8","DAS-CMOP",100,50000,5,248205,50000,5.0664,0.03742308760833561,0.2057739386261363,1,"Stage_AOP_DASCMOP8_N100_FE50000_run5_seed248205.mat"
"s05_confirmation","Stage-AOP","DASCMOP9","DAS-CMOP",100,50000,1,248301,50000,4.8483,0.04961278718972646,0.2027967216169076,1,"Stage_AOP_DASCMOP9_N100_FE50000_run1_seed248301.mat"
"s05_confirmation","Stage-AOP","DASCMOP9","DAS-CMOP",100,50000,2,248302,50000,4.571,0.07668249277525843,0.1968421735140994,1,"Stage_AOP_DASCMOP9_N100_FE50000_run2_seed248302.mat"
"s05_confirmation","Stage-AOP","DASCMOP9","DAS-CMOP",100,50000,3,248303,50000,4.923,0.04215412118824375,0.2039000626279164,1,"Stage_AOP_DASCMOP9_N100_FE50000_run3_seed248303.mat"
"s05_confirmation","Stage-AOP","DASCMOP9","DAS-CMOP",100,50000,4,248304,50000,4.8379,0.04748625719030535,0.2044628708218497,1,"Stage_AOP_DASCMOP9_N100_FE50000_run4_seed248304.mat"
"s05_confirmation","Stage-AOP","DASCMOP9","DAS-CMOP",100,50000,5,248305,50000,4.6265,0.05082633335060419,0.2036105494414836,1,"Stage_AOP_DASCMOP9_N100_FE50000_run5_seed248305.mat"
"s05_confirmation","Stage-AOP","LIRCMOP10","LIR-CMOP",100,50000,1,247001,50000,8.9653,0.2403915479848308,0.5806288535036015,1,"Stage_AOP_LIRCMOP10_N100_FE50000_run1_seed247001.mat"
"s05_confirmation","Stage-AOP","LIRCMOP10","LIR-CMOP",100,50000,2,247002,50000,7.0849,0.2605566129609796,0.5693569197867271,1,"Stage_AOP_LIRCMOP10_N100_FE50000_run2_seed247002.mat"
"s05_confirmation","Stage-AOP","LIRCMOP10","LIR-CMOP",100,50000,3,247003,50000,8.7714,0.2245226531783566,0.594776860498511,1,"Stage_AOP_LIRCMOP10_N100_FE50000_run3_seed247003.mat"
"s05_confirmation","Stage-AOP","LIRCMOP10","LIR-CMOP",100,50000,4,247004,50000,8.3525,0.2695736756727491,0.557979320169038,1,"Stage_AOP_LIRCMOP10_N100_FE50000_run4_seed247004.mat"
"s05_confirmation","Stage-AOP","LIRCMOP10","LIR-CMOP",100,50000,5,247005,50000,8.6864,0.2467004828490721,0.576516250268874,1,"Stage_AOP_LIRCMOP10_N100_FE50000_run5_seed247005.mat"
"s05_confirmation","Stage-AOP","LIRCMOP11","LIR-CMOP",100,50000,1,247101,50000,7.1842,0.08938388701458778,0.639944436135875,1,"Stage_AOP_LIRCMOP11_N100_FE50000_run1_seed247101.mat"
"s05_confirmation","Stage-AOP","LIRCMOP11","LIR-CMOP",100,50000,2,247102,50000,6.8488,0.1451513579892636,0.5991022208248976,1,"Stage_AOP_LIRCMOP11_N100_FE50000_run2_seed247102.mat"
"s05_confirmation","Stage-AOP","LIRCMOP11","LIR-CMOP",100,50000,3,247103,50000,6.851,0.1426828968574248,0.60075845044066,1,"Stage_AOP_LIRCMOP11_N100_FE50000_run3_seed247103.mat"
"s05_confirmation","Stage-AOP","LIRCMOP11","LIR-CMOP",100,50000,4,247104,50000,6.8698,0.1437951561615523,0.6007562201917338,1,"Stage_AOP_LIRCMOP11_N100_FE50000_run4_seed247104.mat"
"s05_confirmation","Stage-AOP","LIRCMOP11","LIR-CMOP",100,50000,5,247105,50000,7.0907,0.1440967043823307,0.6008246100685847,1,"Stage_AOP_LIRCMOP11_N100_FE50000_run5_seed247105.mat"
"s05_confirmation","Stage-AOP","LIRCMOP12","LIR-CMOP",100,50000,1,247201,50000,5.5457,0.1737911850831358,0.5219622823408552,1,"Stage_AOP_LIRCMOP12_N100_FE50000_run1_seed247201.mat"
"s05_confirmation","Stage-AOP","LIRCMOP12","LIR-CMOP",100,50000,2,247202,50000,5.3462,0.1944175787752364,0.5062280785638336,1,"Stage_AOP_LIRCMOP12_N100_FE50000_run2_seed247202.mat"
"s05_confirmation","Stage-AOP","LIRCMOP12","LIR-CMOP",100,50000,3,247203,50000,6.0628,0.163354250760004,0.5323856409609317,1,"Stage_AOP_LIRCMOP12_N100_FE50000_run3_seed247203.mat"
"s05_confirmation","Stage-AOP","LIRCMOP12","LIR-CMOP",100,50000,4,247204,50000,5.6623,0.1740993509820241,0.5184668123365425,1,"Stage_AOP_LIRCMOP12_N100_FE50000_run4_seed247204.mat"
"s05_confirmation","Stage-AOP","LIRCMOP12","LIR-CMOP",100,50000,5,247205,50000,5.5978,0.1764442179982668,0.5199466958393347,1,"Stage_AOP_LIRCMOP12_N100_FE50000_run5_seed247205.mat"
"s05_confirmation","Stage-AOP","LIRCMOP13","LIR-CMOP",100,50000,1,247301,50000,11.1303,0.09790027498612541,0.5413555605963134,1,"Stage_AOP_LIRCMOP13_N100_FE50000_run1_seed247301.mat"
"s05_confirmation","Stage-AOP","LIRCMOP13","LIR-CMOP",100,50000,2,247302,50000,10.9572,0.09662661722632727,0.5419778131151312,1,"Stage_AOP_LIRCMOP13_N100_FE50000_run2_seed247302.mat"
"s05_confirmation","Stage-AOP","LIRCMOP13","LIR-CMOP",100,50000,3,247303,50000,11.4735,0.09756448759699735,0.5426995839921154,1,"Stage_AOP_LIRCMOP13_N100_FE50000_run3_seed247303.mat"
"s05_confirmation","Stage-AOP","LIRCMOP13","LIR-CMOP",100,50000,4,247304,50000,11.9118,0.09763350149664644,0.5431827694140084,1,"Stage_AOP_LIRCMOP13_N100_FE50000_run4_seed247304.mat"
"s05_confirmation","Stage-AOP","LIRCMOP13","LIR-CMOP",100,50000,5,247305,50000,11.1096,0.09851965981818299,0.5425454138787078,1,"Stage_AOP_LIRCMOP13_N100_FE50000_run5_seed247305.mat"
"s05_confirmation","Stage-AOP","LIRCMOP14","LIR-CMOP",100,50000,1,247401,50000,10.2951,0.09750835414838856,0.5497133712944515,1,"Stage_AOP_LIRCMOP14_N100_FE50000_run1_seed247401.mat"
"s05_confirmation","Stage-AOP","LIRCMOP14","LIR-CMOP",100,50000,2,247402,50000,9.8193,0.09662223358576663,0.5510542670019636,1,"Stage_AOP_LIRCMOP14_N100_FE50000_run2_seed247402.mat"
"s05_confirmation","Stage-AOP","LIRCMOP14","LIR-CMOP",100,50000,3,247403,50000,9.3492,0.09617430998068978,0.5512049591230648,1,"Stage_AOP_LIRCMOP14_N100_FE50000_run3_seed247403.mat"
"s05_confirmation","Stage-AOP","LIRCMOP14","LIR-CMOP",100,50000,4,247404,50000,10.2339,0.09663904233426568,0.5497276124496879,1,"Stage_AOP_LIRCMOP14_N100_FE50000_run4_seed247404.mat"
"s05_confirmation","Stage-AOP","LIRCMOP14","LIR-CMOP",100,50000,5,247405,50000,9.609,0.09696832711242963,0.5520569175992933,1,"Stage_AOP_LIRCMOP14_N100_FE50000_run5_seed247405.mat"
"s05_confirmation","Stage-AOP","LIRCMOP1","LIR-CMOP",100,50000,1,246101,50000,4.8938,0.2696828011855567,0.1256797490755242,1,"Stage_AOP_LIRCMOP1_N100_FE50000_run1_seed246101.mat"
"s05_confirmation","Stage-AOP","LIRCMOP1","LIR-CMOP",100,50000,2,246102,50000,4.5021,0.2884160011427225,0.1112370045546724,1,"Stage_AOP_LIRCMOP1_N100_FE50000_run2_seed246102.mat"
"s05_confirmation","Stage-AOP","LIRCMOP1","LIR-CMOP",100,50000,3,246103,50000,4.7715,0.1901535566062964,0.141011985624158,1,"Stage_AOP_LIRCMOP1_N100_FE50000_run3_seed246103.mat"
"s05_confirmation","Stage-AOP","LIRCMOP1","LIR-CMOP",100,50000,4,246104,50000,4.6512,0.1839065950977216,0.1416572303520262,1,"Stage_AOP_LIRCMOP1_N100_FE50000_run4_seed246104.mat"
"s05_confirmation","Stage-AOP","LIRCMOP1","LIR-CMOP",100,50000,5,246105,50000,5.2105,0.1866456481064569,0.1417885544945799,1,"Stage_AOP_LIRCMOP1_N100_FE50000_run5_seed246105.mat"
"s05_confirmation","Stage-AOP","LIRCMOP2","LIR-CMOP",100,50000,1,246201,50000,4.6522,0.1742774903600036,0.2769743896903591,1,"Stage_AOP_LIRCMOP2_N100_FE50000_run1_seed246201.mat"
"s05_confirmation","Stage-AOP","LIRCMOP2","LIR-CMOP",100,50000,2,246202,50000,5.058,0.1682091813540356,0.2709103643764005,1,"Stage_AOP_LIRCMOP2_N100_FE50000_run2_seed246202.mat"
"s05_confirmation","Stage-AOP","LIRCMOP2","LIR-CMOP",100,50000,3,246203,50000,4.5726,0.166890534846757,0.2531191927471589,1,"Stage_AOP_LIRCMOP2_N100_FE50000_run3_seed246203.mat"
"s05_confirmation","Stage-AOP","LIRCMOP2","LIR-CMOP",100,50000,4,246204,50000,4.9449,0.2542799679822628,0.229577811606466,1,"Stage_AOP_LIRCMOP2_N100_FE50000_run4_seed246204.mat"
"s05_confirmation","Stage-AOP","LIRCMOP2","LIR-CMOP",100,50000,5,246205,50000,4.8845,0.2102521946613877,0.2465836210115842,1,"Stage_AOP_LIRCMOP2_N100_FE50000_run5_seed246205.mat"
"s05_confirmation","Stage-AOP","LIRCMOP3","LIR-CMOP",100,50000,1,246301,50000,5.0472,0.2735272502574455,0.1072594763520666,1,"Stage_AOP_LIRCMOP3_N100_FE50000_run1_seed246301.mat"
"s05_confirmation","Stage-AOP","LIRCMOP3","LIR-CMOP",100,50000,2,246302,50000,4.766,0.2910958964617141,0.1106969010131578,1,"Stage_AOP_LIRCMOP3_N100_FE50000_run2_seed246302.mat"
"s05_confirmation","Stage-AOP","LIRCMOP3","LIR-CMOP",100,50000,3,246303,50000,4.894,0.1875027727120969,0.1411704176194119,1,"Stage_AOP_LIRCMOP3_N100_FE50000_run3_seed246303.mat"
"s05_confirmation","Stage-AOP","LIRCMOP3","LIR-CMOP",100,50000,4,246304,50000,4.9867,0.1428859283505775,0.1429250142452695,1,"Stage_AOP_LIRCMOP3_N100_FE50000_run4_seed246304.mat"
"s05_confirmation","Stage-AOP","LIRCMOP3","LIR-CMOP",100,50000,5,246305,50000,5.0425,0.1789429907909065,0.1337048516132471,1,"Stage_AOP_LIRCMOP3_N100_FE50000_run5_seed246305.mat"
"s05_confirmation","Stage-AOP","LIRCMOP4","LIR-CMOP",100,50000,1,246401,50000,5.0292,0.2167277366108189,0.218280413560002,1,"Stage_AOP_LIRCMOP4_N100_FE50000_run1_seed246401.mat"
"s05_confirmation","Stage-AOP","LIRCMOP4","LIR-CMOP",100,50000,2,246402,50000,4.7828,0.3146644320151182,0.1921309307977364,1,"Stage_AOP_LIRCMOP4_N100_FE50000_run2_seed246402.mat"
"s05_confirmation","Stage-AOP","LIRCMOP4","LIR-CMOP",100,50000,3,246403,50000,4.7934,0.2518441654300041,0.2111525004293513,1,"Stage_AOP_LIRCMOP4_N100_FE50000_run3_seed246403.mat"
"s05_confirmation","Stage-AOP","LIRCMOP4","LIR-CMOP",100,50000,4,246404,50000,5.1184,0.3069935169684977,0.1835773746338352,1,"Stage_AOP_LIRCMOP4_N100_FE50000_run4_seed246404.mat"
"s05_confirmation","Stage-AOP","LIRCMOP4","LIR-CMOP",100,50000,5,246405,50000,4.9853,0.2149741393351384,0.2286756069995994,1,"Stage_AOP_LIRCMOP4_N100_FE50000_run5_seed246405.mat"
"s05_confirmation","Stage-AOP","LIRCMOP5","LIR-CMOP",100,50000,1,246501,50000,4.9097,1.158893412926549,0,1,"Stage_AOP_LIRCMOP5_N100_FE50000_run1_seed246501.mat"
"s05_confirmation","Stage-AOP","LIRCMOP5","LIR-CMOP",100,50000,2,246502,50000,4.6875,1.183296634174923,0,1,"Stage_AOP_LIRCMOP5_N100_FE50000_run2_seed246502.mat"
"s05_confirmation","Stage-AOP","LIRCMOP5","LIR-CMOP",100,50000,3,246503,50000,4.9573,1.156597669806555,0,1,"Stage_AOP_LIRCMOP5_N100_FE50000_run3_seed246503.mat"
"s05_confirmation","Stage-AOP","LIRCMOP5","LIR-CMOP",100,50000,4,246504,50000,4.9935,0.1907892311097922,0.1862870977299874,1,"Stage_AOP_LIRCMOP5_N100_FE50000_run4_seed246504.mat"
"s05_confirmation","Stage-AOP","LIRCMOP5","LIR-CMOP",100,50000,5,246505,50000,4.8341,1.18110744108631,0,1,"Stage_AOP_LIRCMOP5_N100_FE50000_run5_seed246505.mat"
"s05_confirmation","Stage-AOP","LIRCMOP6","LIR-CMOP",100,50000,1,246601,50000,5.5758,0.3488340690305422,0.1206446166810277,1,"Stage_AOP_LIRCMOP6_N100_FE50000_run1_seed246601.mat"
"s05_confirmation","Stage-AOP","LIRCMOP6","LIR-CMOP",100,50000,2,246602,50000,5.6516,0.2638106599870568,0.137214531031531,1,"Stage_AOP_LIRCMOP6_N100_FE50000_run2_seed246602.mat"
"s05_confirmation","Stage-AOP","LIRCMOP6","LIR-CMOP",100,50000,3,246603,50000,5.4412,0.08461411874463562,0.1691169044759451,1,"Stage_AOP_LIRCMOP6_N100_FE50000_run3_seed246603.mat"
"s05_confirmation","Stage-AOP","LIRCMOP6","LIR-CMOP",100,50000,4,246604,50000,5.6518,0.2966272338507431,0.1326961271017376,1,"Stage_AOP_LIRCMOP6_N100_FE50000_run4_seed246604.mat"
"s05_confirmation","Stage-AOP","LIRCMOP6","LIR-CMOP",100,50000,5,246605,50000,5.4937,0.3474059009669277,0.1206305402373048,1,"Stage_AOP_LIRCMOP6_N100_FE50000_run5_seed246605.mat"
"s05_confirmation","Stage-AOP","LIRCMOP7","LIR-CMOP",100,50000,1,246701,50000,4.9208,0.06425141165891969,0.2631186032188167,1,"Stage_AOP_LIRCMOP7_N100_FE50000_run1_seed246701.mat"
"s05_confirmation","Stage-AOP","LIRCMOP7","LIR-CMOP",100,50000,2,246702,50000,5.0257,0.0259532594623662,0.286166906567864,1,"Stage_AOP_LIRCMOP7_N100_FE50000_run2_seed246702.mat"
"s05_confirmation","Stage-AOP","LIRCMOP7","LIR-CMOP",100,50000,3,246703,50000,4.4167,0.02518285613514972,0.2859596502478329,1,"Stage_AOP_LIRCMOP7_N100_FE50000_run3_seed246703.mat"
"s05_confirmation","Stage-AOP","LIRCMOP7","LIR-CMOP",100,50000,4,246704,50000,4.8761,0.01767268750647058,0.2887261365574212,1,"Stage_AOP_LIRCMOP7_N100_FE50000_run4_seed246704.mat"
"s05_confirmation","Stage-AOP","LIRCMOP7","LIR-CMOP",100,50000,5,246705,50000,4.6667,0.04019308204555847,0.2828757599415704,1,"Stage_AOP_LIRCMOP7_N100_FE50000_run5_seed246705.mat"
"s05_confirmation","Stage-AOP","LIRCMOP8","LIR-CMOP",100,50000,1,246801,50000,4.5373,0.0237627927902962,0.2865717250672993,1,"Stage_AOP_LIRCMOP8_N100_FE50000_run1_seed246801.mat"
"s05_confirmation","Stage-AOP","LIRCMOP8","LIR-CMOP",100,50000,2,246802,50000,4.7189,0.01488267273864555,0.2901314005006826,1,"Stage_AOP_LIRCMOP8_N100_FE50000_run2_seed246802.mat"
"s05_confirmation","Stage-AOP","LIRCMOP8","LIR-CMOP",100,50000,3,246803,50000,5.1713,0.011795473712867,0.2917900245439069,1,"Stage_AOP_LIRCMOP8_N100_FE50000_run3_seed246803.mat"
"s05_confirmation","Stage-AOP","LIRCMOP8","LIR-CMOP",100,50000,4,246804,50000,4.488,0.05835781474022352,0.2686306027404952,1,"Stage_AOP_LIRCMOP8_N100_FE50000_run4_seed246804.mat"
"s05_confirmation","Stage-AOP","LIRCMOP8","LIR-CMOP",100,50000,5,246805,50000,4.6412,0.009344928069763888,0.293249388248691,1,"Stage_AOP_LIRCMOP8_N100_FE50000_run5_seed246805.mat"
"s05_confirmation","Stage-AOP","LIRCMOP9","LIR-CMOP",100,50000,1,246901,50000,7.7561,0.508598942166258,0.3534936964764523,1,"Stage_AOP_LIRCMOP9_N100_FE50000_run1_seed246901.mat"
"s05_confirmation","Stage-AOP","LIRCMOP9","LIR-CMOP",100,50000,2,246902,50000,7.1943,0.506133890206952,0.3582142230680039,1,"Stage_AOP_LIRCMOP9_N100_FE50000_run2_seed246902.mat"
"s05_confirmation","Stage-AOP","LIRCMOP9","LIR-CMOP",100,50000,3,246903,50000,7.2658,0.5065041748149393,0.3572039899442182,1,"Stage_AOP_LIRCMOP9_N100_FE50000_run3_seed246903.mat"
"s05_confirmation","Stage-AOP","LIRCMOP9","LIR-CMOP",100,50000,4,246904,50000,8.8138,0.5069984094110028,0.3567056282692402,1,"Stage_AOP_LIRCMOP9_N100_FE50000_run4_seed246904.mat"
"s05_confirmation","Stage-AOP","LIRCMOP9","LIR-CMOP",100,50000,5,246905,50000,7.1648,0.5065643275024047,0.3575374156302137,1,"Stage_AOP_LIRCMOP9_N100_FE50000_run5_seed246905.mat"
"s05_confirmation","Survival-Credit-AOP","CF10","CF",100,50000,1,256001,50000,11.0499,0.4295228341140788,0.1299423889362206,1,"Survival_Credit_AOP_CF10_N100_FE50000_run1_seed256001.mat"
"s05_confirmation","Survival-Credit-AOP","CF10","CF",100,50000,2,256002,50000,7.8404,0.4711353393034373,0.09427591877588136,1,"Survival_Credit_AOP_CF10_N100_FE50000_run2_seed256002.mat"
"s05_confirmation","Survival-Credit-AOP","CF10","CF",100,50000,3,256003,50000,8.9778,0.3804738612315094,0.1729267188123337,1,"Survival_Credit_AOP_CF10_N100_FE50000_run3_seed256003.mat"
"s05_confirmation","Survival-Credit-AOP","CF10","CF",100,50000,4,256004,50000,6.7752,0.2840617056162986,0.1846549780521162,1,"Survival_Credit_AOP_CF10_N100_FE50000_run4_seed256004.mat"
"s05_confirmation","Survival-Credit-AOP","CF10","CF",100,50000,5,256005,50000,10.6978,0.2969901183567785,0.2192997025335854,1,"Survival_Credit_AOP_CF10_N100_FE50000_run5_seed256005.mat"
"s05_confirmation","Survival-Credit-AOP","CF1","CF",100,50000,1,255101,50000,6.8266,0.004175033126862114,0.561030081030237,1,"Survival_Credit_AOP_CF1_N100_FE50000_run1_seed255101.mat"
"s05_confirmation","Survival-Credit-AOP","CF1","CF",100,50000,2,255102,50000,6.2496,0.003704047405948789,0.5615934298774525,1,"Survival_Credit_AOP_CF1_N100_FE50000_run2_seed255102.mat"
"s05_confirmation","Survival-Credit-AOP","CF1","CF",100,50000,3,255103,50000,6.4594,0.005121935738737727,0.5599134661533282,1,"Survival_Credit_AOP_CF1_N100_FE50000_run3_seed255103.mat"
"s05_confirmation","Survival-Credit-AOP","CF1","CF",100,50000,4,255104,50000,6.9922,0.00467085629053892,0.5604287818206927,1,"Survival_Credit_AOP_CF1_N100_FE50000_run4_seed255104.mat"
"s05_confirmation","Survival-Credit-AOP","CF1","CF",100,50000,5,255105,50000,6.1581,0.004494637319747176,0.560685180556738,1,"Survival_Credit_AOP_CF1_N100_FE50000_run5_seed255105.mat"
"s05_confirmation","Survival-Credit-AOP","CF2","CF",100,50000,1,255201,50000,6.1691,0.02176493036886991,0.6525656115767168,1,"Survival_Credit_AOP_CF2_N100_FE50000_run1_seed255201.mat"
"s05_confirmation","Survival-Credit-AOP","CF2","CF",100,50000,2,255202,50000,7.2883,0.01774975107555302,0.6589989396421526,1,"Survival_Credit_AOP_CF2_N100_FE50000_run2_seed255202.mat"
"s05_confirmation","Survival-Credit-AOP","CF2","CF",100,50000,3,255203,50000,6.3547,0.008335146725117757,0.6665942987365687,1,"Survival_Credit_AOP_CF2_N100_FE50000_run3_seed255203.mat"
"s05_confirmation","Survival-Credit-AOP","CF2","CF",100,50000,4,255204,50000,6.3029,0.02452708803745461,0.6565928805451769,1,"Survival_Credit_AOP_CF2_N100_FE50000_run4_seed255204.mat"
"s05_confirmation","Survival-Credit-AOP","CF2","CF",100,50000,5,255205,50000,5.8498,0.02498668590538055,0.6431839577739871,1,"Survival_Credit_AOP_CF2_N100_FE50000_run5_seed255205.mat"
"s05_confirmation","Survival-Credit-AOP","CF3","CF",100,50000,1,255301,50000,5.8245,0.1332419569722016,0.25089740923538,1,"Survival_Credit_AOP_CF3_N100_FE50000_run1_seed255301.mat"
"s05_confirmation","Survival-Credit-AOP","CF3","CF",100,50000,2,255302,50000,5.3153,0.1218245190862873,0.2981354811463156,1,"Survival_Credit_AOP_CF3_N100_FE50000_run2_seed255302.mat"
"s05_confirmation","Survival-Credit-AOP","CF3","CF",100,50000,3,255303,50000,6.7955,0.1276883589062343,0.2169572391054185,1,"Survival_Credit_AOP_CF3_N100_FE50000_run3_seed255303.mat"
"s05_confirmation","Survival-Credit-AOP","CF3","CF",100,50000,4,255304,50000,5.3295,0.1301887716676783,0.2498136843084297,1,"Survival_Credit_AOP_CF3_N100_FE50000_run4_seed255304.mat"
"s05_confirmation","Survival-Credit-AOP","CF3","CF",100,50000,5,255305,50000,5.5421,0.09593408166013954,0.3027553967948082,1,"Survival_Credit_AOP_CF3_N100_FE50000_run5_seed255305.mat"
"s05_confirmation","Survival-Credit-AOP","CF4","CF",100,50000,1,255401,50000,5.6507,0.06341564513672628,0.4481809423703785,1,"Survival_Credit_AOP_CF4_N100_FE50000_run1_seed255401.mat"
"s05_confirmation","Survival-Credit-AOP","CF4","CF",100,50000,2,255402,50000,5.4742,0.04325164617393249,0.4732787256144803,1,"Survival_Credit_AOP_CF4_N100_FE50000_run2_seed255402.mat"
"s05_confirmation","Survival-Credit-AOP","CF4","CF",100,50000,3,255403,50000,6.2455,0.06410576080643383,0.4473757753172279,1,"Survival_Credit_AOP_CF4_N100_FE50000_run3_seed255403.mat"
"s05_confirmation","Survival-Credit-AOP","CF4","CF",100,50000,4,255404,50000,6.3368,0.04370533373766389,0.479533547348991,1,"Survival_Credit_AOP_CF4_N100_FE50000_run4_seed255404.mat"
"s05_confirmation","Survival-Credit-AOP","CF4","CF",100,50000,5,255405,50000,6.323,0.03293998771219281,0.4927099078984897,1,"Survival_Credit_AOP_CF4_N100_FE50000_run5_seed255405.mat"
"s05_confirmation","Survival-Credit-AOP","CF5","CF",100,50000,1,255501,50000,7.2261,0.11426445017109,0.3670328573569788,1,"Survival_Credit_AOP_CF5_N100_FE50000_run1_seed255501.mat"
"s05_confirmation","Survival-Credit-AOP","CF5","CF",100,50000,2,255502,50000,6.229,0.1497509311904575,0.3720596673774513,1,"Survival_Credit_AOP_CF5_N100_FE50000_run2_seed255502.mat"
"s05_confirmation","Survival-Credit-AOP","CF5","CF",100,50000,3,255503,50000,6.9824,0.2050436543664656,0.3678907645877467,1,"Survival_Credit_AOP_CF5_N100_FE50000_run3_seed255503.mat"
"s05_confirmation","Survival-Credit-AOP","CF5","CF",100,50000,4,255504,50000,7.202,0.3482660543477049,0.2740508603981944,1,"Survival_Credit_AOP_CF5_N100_FE50000_run4_seed255504.mat"
"s05_confirmation","Survival-Credit-AOP","CF5","CF",100,50000,5,255505,50000,7.2579,0.1566098014956178,0.3185706801546627,1,"Survival_Credit_AOP_CF5_N100_FE50000_run5_seed255505.mat"
"s05_confirmation","Survival-Credit-AOP","CF6","CF",100,50000,1,255601,50000,8.1462,0.1565023953989945,0.6038928457801989,1,"Survival_Credit_AOP_CF6_N100_FE50000_run1_seed255601.mat"
"s05_confirmation","Survival-Credit-AOP","CF6","CF",100,50000,2,255602,50000,7.8901,0.04796280306836588,0.6446814351942813,1,"Survival_Credit_AOP_CF6_N100_FE50000_run2_seed255602.mat"
"s05_confirmation","Survival-Credit-AOP","CF6","CF",100,50000,3,255603,50000,7.9686,0.05279205647351234,0.6494322199837913,1,"Survival_Credit_AOP_CF6_N100_FE50000_run3_seed255603.mat"
"s05_confirmation","Survival-Credit-AOP","CF6","CF",100,50000,4,255604,50000,7.6614,0.07865537491262305,0.6375491815001202,1,"Survival_Credit_AOP_CF6_N100_FE50000_run4_seed255604.mat"
"s05_confirmation","Survival-Credit-AOP","CF6","CF",100,50000,5,255605,50000,8.6492,0.1087464135378143,0.6338484641098892,1,"Survival_Credit_AOP_CF6_N100_FE50000_run5_seed255605.mat"
"s05_confirmation","Survival-Credit-AOP","CF7","CF",100,50000,1,255701,50000,5.6645,0.1064925047199644,0.5363595255369902,1,"Survival_Credit_AOP_CF7_N100_FE50000_run1_seed255701.mat"
"s05_confirmation","Survival-Credit-AOP","CF7","CF",100,50000,2,255702,50000,6.4486,0.1793273732528743,0.4665123838949256,1,"Survival_Credit_AOP_CF7_N100_FE50000_run2_seed255702.mat"
"s05_confirmation","Survival-Credit-AOP","CF7","CF",100,50000,3,255703,50000,7.2894,0.1117593207406904,0.5597087594235658,1,"Survival_Credit_AOP_CF7_N100_FE50000_run3_seed255703.mat"
"s05_confirmation","Survival-Credit-AOP","CF7","CF",100,50000,4,255704,50000,6.6275,0.1573285985280354,0.5325938840215307,1,"Survival_Credit_AOP_CF7_N100_FE50000_run4_seed255704.mat"
"s05_confirmation","Survival-Credit-AOP","CF7","CF",100,50000,5,255705,50000,7.4757,0.2317147194814167,0.44932225434002,1,"Survival_Credit_AOP_CF7_N100_FE50000_run5_seed255705.mat"
"s05_confirmation","Survival-Credit-AOP","CF8","CF",100,50000,1,255801,50000,6.3785,0.1907854501043385,0.2780879972571428,1,"Survival_Credit_AOP_CF8_N100_FE50000_run1_seed255801.mat"
"s05_confirmation","Survival-Credit-AOP","CF8","CF",100,50000,2,255802,50000,5.4977,0.1562555328992149,0.3479949310965029,1,"Survival_Credit_AOP_CF8_N100_FE50000_run2_seed255802.mat"
"s05_confirmation","Survival-Credit-AOP","CF8","CF",100,50000,3,255803,50000,6.4241,0.1568824560368895,0.3544774264694271,1,"Survival_Credit_AOP_CF8_N100_FE50000_run3_seed255803.mat"
"s05_confirmation","Survival-Credit-AOP","CF8","CF",100,50000,4,255804,50000,6.2494,0.1601586403932874,0.3431883943609161,1,"Survival_Credit_AOP_CF8_N100_FE50000_run4_seed255804.mat"
"s05_confirmation","Survival-Credit-AOP","CF8","CF",100,50000,5,255805,50000,6.1869,0.1745626258403623,0.3201154943202834,1,"Survival_Credit_AOP_CF8_N100_FE50000_run5_seed255805.mat"
"s05_confirmation","Survival-Credit-AOP","CF9","CF",100,50000,1,255901,50000,7.927,0.08332945865616397,0.4304276417063367,1,"Survival_Credit_AOP_CF9_N100_FE50000_run1_seed255901.mat"
"s05_confirmation","Survival-Credit-AOP","CF9","CF",100,50000,2,255902,50000,7.5392,0.09609672974946074,0.4233328667058466,1,"Survival_Credit_AOP_CF9_N100_FE50000_run2_seed255902.mat"
"s05_confirmation","Survival-Credit-AOP","CF9","CF",100,50000,3,255903,50000,7.2914,0.09235695075790758,0.4227838541458443,1,"Survival_Credit_AOP_CF9_N100_FE50000_run3_seed255903.mat"
"s05_confirmation","Survival-Credit-AOP","CF9","CF",100,50000,4,255904,50000,7.4606,0.1029601687940795,0.4213986301981152,1,"Survival_Credit_AOP_CF9_N100_FE50000_run4_seed255904.mat"
"s05_confirmation","Survival-Credit-AOP","CF9","CF",100,50000,5,255905,50000,7.3843,0.1011915959614914,0.4130821483186433,1,"Survival_Credit_AOP_CF9_N100_FE50000_run5_seed255905.mat"
"s05_confirmation","Survival-Credit-AOP","DASCMOP1","DAS-CMOP",100,50000,1,257501,50000,4.5398,0.007215373880180412,0.2076005783437718,1,"Survival_Credit_AOP_DASCMOP1_N100_FE50000_run1_seed257501.mat"
"s05_confirmation","Survival-Credit-AOP","DASCMOP1","DAS-CMOP",100,50000,2,257502,50000,5.3165,0.004877070058445183,0.2108834083963104,1,"Survival_Credit_AOP_DASCMOP1_N100_FE50000_run2_seed257502.mat"
"s05_confirmation","Survival-Credit-AOP","DASCMOP1","DAS-CMOP",100,50000,3,257503,50000,4.9136,0.006653352943176654,0.2090893105230695,1,"Survival_Credit_AOP_DASCMOP1_N100_FE50000_run3_seed257503.mat"
"s05_confirmation","Survival-Credit-AOP","DASCMOP1","DAS-CMOP",100,50000,4,257504,50000,5.4132,0.009237841019762001,0.210314355267044,1,"Survival_Credit_AOP_DASCMOP1_N100_FE50000_run4_seed257504.mat"
"s05_confirmation","Survival-Credit-AOP","DASCMOP1","DAS-CMOP",100,50000,5,257505,50000,4.978,0.007382937864031131,0.2088260284831844,1,"Survival_Credit_AOP_DASCMOP1_N100_FE50000_run5_seed257505.mat"
"s05_confirmation","Survival-Credit-AOP","DASCMOP2","DAS-CMOP",100,50000,1,257601,50000,4.6323,0.008370392268196995,0.3516079729189127,1,"Survival_Credit_AOP_DASCMOP2_N100_FE50000_run1_seed257601.mat"
"s05_confirmation","Survival-Credit-AOP","DASCMOP2","DAS-CMOP",100,50000,2,257602,50000,4.495,0.00830564133150211,0.3516728883068072,1,"Survival_Credit_AOP_DASCMOP2_N100_FE50000_run2_seed257602.mat"
"s05_confirmation","Survival-Credit-AOP","DASCMOP2","DAS-CMOP",100,50000,3,257603,50000,4.9529,0.008472495202306505,0.3512389418484924,1,"Survival_Credit_AOP_DASCMOP2_N100_FE50000_run3_seed257603.mat"
"s05_confirmation","Survival-Credit-AOP","DASCMOP2","DAS-CMOP",100,50000,4,257604,50000,4.7202,0.008861091734697598,0.3513844474537087,1,"Survival_Credit_AOP_DASCMOP2_N100_FE50000_run4_seed257604.mat"
"s05_confirmation","Survival-Credit-AOP","DASCMOP2","DAS-CMOP",100,50000,5,257605,50000,4.9374,0.009651522612517423,0.3514105429304194,1,"Survival_Credit_AOP_DASCMOP2_N100_FE50000_run5_seed257605.mat"
"s05_confirmation","Survival-Credit-AOP","DASCMOP3","DAS-CMOP",100,50000,1,257701,50000,4.78,0.02632654726636717,0.3070705585001042,1,"Survival_Credit_AOP_DASCMOP3_N100_FE50000_run1_seed257701.mat"
"s05_confirmation","Survival-Credit-AOP","DASCMOP3","DAS-CMOP",100,50000,2,257702,50000,4.7791,0.02094534685026289,0.309390670443399,1,"Survival_Credit_AOP_DASCMOP3_N100_FE50000_run2_seed257702.mat"
"s05_confirmation","Survival-Credit-AOP","DASCMOP3","DAS-CMOP",100,50000,3,257703,50000,4.393,0.2623377469316396,0.2519278430194977,1,"Survival_Credit_AOP_DASCMOP3_N100_FE50000_run3_seed257703.mat"
"s05_confirmation","Survival-Credit-AOP","DASCMOP3","DAS-CMOP",100,50000,4,257704,50000,4.5523,0.02393892037237947,0.3035096519054458,1,"Survival_Credit_AOP_DASCMOP3_N100_FE50000_run4_seed257704.mat"
"s05_confirmation","Survival-Credit-AOP","DASCMOP3","DAS-CMOP",100,50000,5,257705,50000,4.5841,0.03149173481561165,0.2966655403182269,1,"Survival_Credit_AOP_DASCMOP3_N100_FE50000_run5_seed257705.mat"
"s05_confirmation","Survival-Credit-AOP","DASCMOP4","DAS-CMOP",100,50000,1,257801,50000,4.7411,0.6076111340474252,0.001919835175812508,1,"Survival_Credit_AOP_DASCMOP4_N100_FE50000_run1_seed257801.mat"
"s05_confirmation","Survival-Credit-AOP","DASCMOP4","DAS-CMOP",100,50000,2,257802,50000,4.533,0.002809784004849662,0.2036062983067695,1,"Survival_Credit_AOP_DASCMOP4_N100_FE50000_run2_seed257802.mat"
"s05_confirmation","Survival-Credit-AOP","DASCMOP4","DAS-CMOP",100,50000,3,257803,50000,4.4537,0.4164627505570241,0.04355585737621592,1,"Survival_Credit_AOP_DASCMOP4_N100_FE50000_run3_seed257803.mat"
"s05_confirmation","Survival-Credit-AOP","DASCMOP4","DAS-CMOP",100,50000,4,257804,50000,4.204,0.2959782889798922,0.08153653017253434,1,"Survival_Credit_AOP_DASCMOP4_N100_FE50000_run4_seed257804.mat"
"s05_confirmation","Survival-Credit-AOP","DASCMOP4","DAS-CMOP",100,50000,5,257805,50000,4.9079,0.01211776300917036,0.1917749475998193,1,"Survival_Credit_AOP_DASCMOP4_N100_FE50000_run5_seed257805.mat"
"s05_confirmation","Survival-Credit-AOP","DASCMOP5","DAS-CMOP",100,50000,1,257901,50000,4.1617,0.5993917711397798,0.05259701365509489,1,"Survival_Credit_AOP_DASCMOP5_N100_FE50000_run1_seed257901.mat"
"s05_confirmation","Survival-Credit-AOP","DASCMOP5","DAS-CMOP",100,50000,2,257902,50000,5.0168,0.1983713250540712,0.2204071083451472,1,"Survival_Credit_AOP_DASCMOP5_N100_FE50000_run2_seed257902.mat"
"s05_confirmation","Survival-Credit-AOP","DASCMOP5","DAS-CMOP",100,50000,3,257903,50000,4.5505,0.1889558813671006,0.2236230598223856,1,"Survival_Credit_AOP_DASCMOP5_N100_FE50000_run3_seed257903.mat"
"s05_confirmation","Survival-Credit-AOP","DASCMOP5","DAS-CMOP",100,50000,4,257904,50000,4.587,0.0278064287175415,0.3302607739380473,1,"Survival_Credit_AOP_DASCMOP5_N100_FE50000_run4_seed257904.mat"
"s05_confirmation","Survival-Credit-AOP","DASCMOP5","DAS-CMOP",100,50000,5,257905,50000,4.5359,0.3735662542705379,0.1294918870392113,1,"Survival_Credit_AOP_DASCMOP5_N100_FE50000_run5_seed257905.mat"
"s05_confirmation","Survival-Credit-AOP","DASCMOP6","DAS-CMOP",100,50000,1,258001,50000,4.3319,0.55676182434828,0.04791803554890703,1,"Survival_Credit_AOP_DASCMOP6_N100_FE50000_run1_seed258001.mat"
"s05_confirmation","Survival-Credit-AOP","DASCMOP6","DAS-CMOP",100,50000,2,258002,50000,4.2283,0.4710622566100559,0.06780537865207305,1,"Survival_Credit_AOP_DASCMOP6_N100_FE50000_run2_seed258002.mat"
"s05_confirmation","Survival-Credit-AOP","DASCMOP6","DAS-CMOP",100,50000,3,258003,50000,4.4591,0.4788672490076364,0.06531967055930152,1,"Survival_Credit_AOP_DASCMOP6_N100_FE50000_run3_seed258003.mat"
"s05_confirmation","Survival-Credit-AOP","DASCMOP6","DAS-CMOP",100,50000,4,258004,50000,4.3801,0.02165116390067471,0.3086956760910076,1,"Survival_Credit_AOP_DASCMOP6_N100_FE50000_run4_seed258004.mat"
"s05_confirmation","Survival-Credit-AOP","DASCMOP6","DAS-CMOP",100,50000,5,258005,50000,4.4254,0.4985561522069945,0.05963363768815825,1,"Survival_Credit_AOP_DASCMOP6_N100_FE50000_run5_seed258005.mat"
"s05_confirmation","Survival-Credit-AOP","DASCMOP7","DAS-CMOP",100,50000,1,258101,50000,4.6886,0.04455735207929883,0.2803221728095071,1,"Survival_Credit_AOP_DASCMOP7_N100_FE50000_run1_seed258101.mat"
"s05_confirmation","Survival-Credit-AOP","DASCMOP7","DAS-CMOP",100,50000,2,258102,50000,5.4113,0.5072769766570657,0.08431355258947623,1,"Survival_Credit_AOP_DASCMOP7_N100_FE50000_run2_seed258102.mat"
"s05_confirmation","Survival-Credit-AOP","DASCMOP7","DAS-CMOP",100,50000,3,258103,50000,5.457,0.03422273876750758,0.2847469508261577,1,"Survival_Credit_AOP_DASCMOP7_N100_FE50000_run3_seed258103.mat"
"s05_confirmation","Survival-Credit-AOP","DASCMOP7","DAS-CMOP",100,50000,4,258104,50000,5.383,0.063941039750965,0.2750255310048927,1,"Survival_Credit_AOP_DASCMOP7_N100_FE50000_run4_seed258104.mat"
"s05_confirmation","Survival-Credit-AOP","DASCMOP7","DAS-CMOP",100,50000,5,258105,50000,4.9892,0.4218669443199352,0.1056576172272409,1,"Survival_Credit_AOP_DASCMOP7_N100_FE50000_run5_seed258105.mat"
"s05_confirmation","Survival-Credit-AOP","DASCMOP8","DAS-CMOP",100,50000,1,258201,50000,4.9001,0.3294065828624586,0.04882972556180756,1,"Survival_Credit_AOP_DASCMOP8_N100_FE50000_run1_seed258201.mat"
"s05_confirmation","Survival-Credit-AOP","DASCMOP8","DAS-CMOP",100,50000,2,258202,50000,4.7345,0.6962999355139322,0.0003503336739481711,1,"Survival_Credit_AOP_DASCMOP8_N100_FE50000_run2_seed258202.mat"
"s05_confirmation","Survival-Credit-AOP","DASCMOP8","DAS-CMOP",100,50000,3,258203,50000,4.4238,0.258826008180288,0.07984980986852812,1,"Survival_Credit_AOP_DASCMOP8_N100_FE50000_run3_seed258203.mat"
"s05_confirmation","Survival-Credit-AOP","DASCMOP8","DAS-CMOP",100,50000,4,258204,50000,4.4466,0.6434852207644184,0.01666861284566742,1,"Survival_Credit_AOP_DASCMOP8_N100_FE50000_run4_seed258204.mat"
"s05_confirmation","Survival-Credit-AOP","DASCMOP8","DAS-CMOP",100,50000,5,258205,50000,5.3855,0.2318285623893733,0.0916261957097276,1,"Survival_Credit_AOP_DASCMOP8_N100_FE50000_run5_seed258205.mat"
"s05_confirmation","Survival-Credit-AOP","DASCMOP9","DAS-CMOP",100,50000,1,258301,50000,4.7611,0.09456741050111939,0.1917292535969972,1,"Survival_Credit_AOP_DASCMOP9_N100_FE50000_run1_seed258301.mat"
"s05_confirmation","Survival-Credit-AOP","DASCMOP9","DAS-CMOP",100,50000,2,258302,50000,4.8283,0.04726293353524824,0.2034752743646285,1,"Survival_Credit_AOP_DASCMOP9_N100_FE50000_run2_seed258302.mat"
"s05_confirmation","Survival-Credit-AOP","DASCMOP9","DAS-CMOP",100,50000,3,258303,50000,5.0996,0.047819734421192,0.2040044521420694,1,"Survival_Credit_AOP_DASCMOP9_N100_FE50000_run3_seed258303.mat"
"s05_confirmation","Survival-Credit-AOP","DASCMOP9","DAS-CMOP",100,50000,4,258304,50000,5.1932,0.0475561463022427,0.2032120295476243,1,"Survival_Credit_AOP_DASCMOP9_N100_FE50000_run4_seed258304.mat"
"s05_confirmation","Survival-Credit-AOP","DASCMOP9","DAS-CMOP",100,50000,5,258305,50000,4.669,0.07650063985544921,0.1953497500748747,1,"Survival_Credit_AOP_DASCMOP9_N100_FE50000_run5_seed258305.mat"
"s05_confirmation","Survival-Credit-AOP","LIRCMOP10","LIR-CMOP",100,50000,1,257001,50000,6.9531,0.1141498921941648,0.6606358020647902,1,"Survival_Credit_AOP_LIRCMOP10_N100_FE50000_run1_seed257001.mat"
"s05_confirmation","Survival-Credit-AOP","LIRCMOP10","LIR-CMOP",100,50000,2,257002,50000,9.3235,0.2218211701464819,0.592711674703833,1,"Survival_Credit_AOP_LIRCMOP10_N100_FE50000_run2_seed257002.mat"
"s05_confirmation","Survival-Credit-AOP","LIRCMOP10","LIR-CMOP",100,50000,3,257003,50000,9.0961,0.2257181849914424,0.5899997753934694,1,"Survival_Credit_AOP_LIRCMOP10_N100_FE50000_run3_seed257003.mat"
"s05_confirmation","Survival-Credit-AOP","LIRCMOP10","LIR-CMOP",100,50000,4,257004,50000,7.7029,0.2196978888948156,0.5975935534899632,1,"Survival_Credit_AOP_LIRCMOP10_N100_FE50000_run4_seed257004.mat"
"s05_confirmation","Survival-Credit-AOP","LIRCMOP10","LIR-CMOP",100,50000,5,257005,50000,7.4485,0.2192980307768109,0.5987647356926135,1,"Survival_Credit_AOP_LIRCMOP10_N100_FE50000_run5_seed257005.mat"
"s05_confirmation","Survival-Credit-AOP","LIRCMOP11","LIR-CMOP",100,50000,1,257101,50000,7.1975,0.1438977471004908,0.6011622648978321,1,"Survival_Credit_AOP_LIRCMOP11_N100_FE50000_run1_seed257101.mat"
"s05_confirmation","Survival-Credit-AOP","LIRCMOP11","LIR-CMOP",100,50000,2,257102,50000,7.5168,0.07289220476220626,0.6587062796844296,1,"Survival_Credit_AOP_LIRCMOP11_N100_FE50000_run2_seed257102.mat"
"s05_confirmation","Survival-Credit-AOP","LIRCMOP11","LIR-CMOP",100,50000,3,257103,50000,7.781,0.1437505639930722,0.6010634253212279,1,"Survival_Credit_AOP_LIRCMOP11_N100_FE50000_run3_seed257103.mat"
"s05_confirmation","Survival-Credit-AOP","LIRCMOP11","LIR-CMOP",100,50000,4,257104,50000,7.1399,0.1441779358368888,0.6009143463738496,1,"Survival_Credit_AOP_LIRCMOP11_N100_FE50000_run4_seed257104.mat"
"s05_confirmation","Survival-Credit-AOP","LIRCMOP11","LIR-CMOP",100,50000,5,257105,50000,7.0129,0.1431465086525038,0.6010963667418111,1,"Survival_Credit_AOP_LIRCMOP11_N100_FE50000_run5_seed257105.mat"
"s05_confirmation","Survival-Credit-AOP","LIRCMOP12","LIR-CMOP",100,50000,1,257201,50000,6.0177,0.1961099090245036,0.5031643951570403,1,"Survival_Credit_AOP_LIRCMOP12_N100_FE50000_run1_seed257201.mat"
"s05_confirmation","Survival-Credit-AOP","LIRCMOP12","LIR-CMOP",100,50000,2,257202,50000,5.4615,0.1902698993424601,0.5116284960858243,1,"Survival_Credit_AOP_LIRCMOP12_N100_FE50000_run2_seed257202.mat"
"s05_confirmation","Survival-Credit-AOP","LIRCMOP12","LIR-CMOP",100,50000,3,257203,50000,5.9122,0.1819755523966115,0.5188724442034646,1,"Survival_Credit_AOP_LIRCMOP12_N100_FE50000_run3_seed257203.mat"
"s05_confirmation","Survival-Credit-AOP","LIRCMOP12","LIR-CMOP",100,50000,4,257204,50000,5.282,0.1738942366476076,0.5213438915021236,1,"Survival_Credit_AOP_LIRCMOP12_N100_FE50000_run4_seed257204.mat"
"s05_confirmation","Survival-Credit-AOP","LIRCMOP12","LIR-CMOP",100,50000,5,257205,50000,5.6145,0.1589414824077133,0.5332139870222123,1,"Survival_Credit_AOP_LIRCMOP12_N100_FE50000_run5_seed257205.mat"
"s05_confirmation","Survival-Credit-AOP","LIRCMOP13","LIR-CMOP",100,50000,1,257301,50000,12.4317,0.09970975290205891,0.5380527125276424,1,"Survival_Credit_AOP_LIRCMOP13_N100_FE50000_run1_seed257301.mat"
"s05_confirmation","Survival-Credit-AOP","LIRCMOP13","LIR-CMOP",100,50000,2,257302,50000,12.008,0.09729017937644971,0.5439577355590797,1,"Survival_Credit_AOP_LIRCMOP13_N100_FE50000_run2_seed257302.mat"
"s05_confirmation","Survival-Credit-AOP","LIRCMOP13","LIR-CMOP",100,50000,3,257303,50000,12.3708,0.09833942742818617,0.5414249449405701,1,"Survival_Credit_AOP_LIRCMOP13_N100_FE50000_run3_seed257303.mat"
"s05_confirmation","Survival-Credit-AOP","LIRCMOP13","LIR-CMOP",100,50000,4,257304,50000,12.5245,0.09571871046688628,0.5470574088754003,1,"Survival_Credit_AOP_LIRCMOP13_N100_FE50000_run4_seed257304.mat"
"s05_confirmation","Survival-Credit-AOP","LIRCMOP13","LIR-CMOP",100,50000,5,257305,50000,11.8715,0.09747019999457714,0.5399636163368855,1,"Survival_Credit_AOP_LIRCMOP13_N100_FE50000_run5_seed257305.mat"
"s05_confirmation","Survival-Credit-AOP","LIRCMOP14","LIR-CMOP",100,50000,1,257401,50000,10.7003,0.09672124612222699,0.549276439744441,1,"Survival_Credit_AOP_LIRCMOP14_N100_FE50000_run1_seed257401.mat"
"s05_confirmation","Survival-Credit-AOP","LIRCMOP14","LIR-CMOP",100,50000,2,257402,50000,10.0468,0.09766558630191446,0.5491274059213578,1,"Survival_Credit_AOP_LIRCMOP14_N100_FE50000_run2_seed257402.mat"
"s05_confirmation","Survival-Credit-AOP","LIRCMOP14","LIR-CMOP",100,50000,3,257403,50000,10.2907,0.09831389817397805,0.5512286668666575,1,"Survival_Credit_AOP_LIRCMOP14_N100_FE50000_run3_seed257403.mat"
"s05_confirmation","Survival-Credit-AOP","LIRCMOP14","LIR-CMOP",100,50000,4,257404,50000,10.813,0.09828342027741371,0.5516707586840173,1,"Survival_Credit_AOP_LIRCMOP14_N100_FE50000_run4_seed257404.mat"
"s05_confirmation","Survival-Credit-AOP","LIRCMOP14","LIR-CMOP",100,50000,5,257405,50000,10.2504,0.09776780724206162,0.5503811203864091,1,"Survival_Credit_AOP_LIRCMOP14_N100_FE50000_run5_seed257405.mat"
"s05_confirmation","Survival-Credit-AOP","LIRCMOP1","LIR-CMOP",100,50000,1,256101,50000,4.5266,0.2830916486162593,0.1140310428609017,1,"Survival_Credit_AOP_LIRCMOP1_N100_FE50000_run1_seed256101.mat"
"s05_confirmation","Survival-Credit-AOP","LIRCMOP1","LIR-CMOP",100,50000,2,256102,50000,4.6924,0.2977535876801461,0.1082291406907518,1,"Survival_Credit_AOP_LIRCMOP1_N100_FE50000_run2_seed256102.mat"
"s05_confirmation","Survival-Credit-AOP","LIRCMOP1","LIR-CMOP",100,50000,3,256103,50000,4.4173,0.3228120696571037,0.1076145406949214,1,"Survival_Credit_AOP_LIRCMOP1_N100_FE50000_run3_seed256103.mat"
"s05_confirmation","Survival-Credit-AOP","LIRCMOP1","LIR-CMOP",100,50000,4,256104,50000,4.6473,0.2951295161571543,0.1237405497473207,1,"Survival_Credit_AOP_LIRCMOP1_N100_FE50000_run4_seed256104.mat"
"s05_confirmation","Survival-Credit-AOP","LIRCMOP1","LIR-CMOP",100,50000,5,256105,50000,4.3453,0.2478500687758169,0.1275730936416749,1,"Survival_Credit_AOP_LIRCMOP1_N100_FE50000_run5_seed256105.mat"
"s05_confirmation","Survival-Credit-AOP","LIRCMOP2","LIR-CMOP",100,50000,1,256201,50000,4.8842,0.1561270119922017,0.2826887361847996,1,"Survival_Credit_AOP_LIRCMOP2_N100_FE50000_run1_seed256201.mat"
"s05_confirmation","Survival-Credit-AOP","LIRCMOP2","LIR-CMOP",100,50000,2,256202,50000,5.0132,0.2222797358464731,0.2359033359999685,1,"Survival_Credit_AOP_LIRCMOP2_N100_FE50000_run2_seed256202.mat"
"s05_confirmation","Survival-Credit-AOP","LIRCMOP2","LIR-CMOP",100,50000,3,256203,50000,5.3964,0.1814302760026017,0.2515805779967256,1,"Survival_Credit_AOP_LIRCMOP2_N100_FE50000_run3_seed256203.mat"
"s05_confirmation","Survival-Credit-AOP","LIRCMOP2","LIR-CMOP",100,50000,4,256204,50000,5.2857,0.1961141587037267,0.2449989178192051,1,"Survival_Credit_AOP_LIRCMOP2_N100_FE50000_run4_seed256204.mat"
"s05_confirmation","Survival-Credit-AOP","LIRCMOP2","LIR-CMOP",100,50000,5,256205,50000,5.086,0.219736615289282,0.2436249999956833,1,"Survival_Credit_AOP_LIRCMOP2_N100_FE50000_run5_seed256205.mat"
"s05_confirmation","Survival-Credit-AOP","LIRCMOP3","LIR-CMOP",100,50000,1,256301,50000,4.9899,0.221682011507868,0.1180562120625897,1,"Survival_Credit_AOP_LIRCMOP3_N100_FE50000_run1_seed256301.mat"
"s05_confirmation","Survival-Credit-AOP","LIRCMOP3","LIR-CMOP",100,50000,2,256302,50000,5.1946,0.2698563298708306,0.1182256355640454,1,"Survival_Credit_AOP_LIRCMOP3_N100_FE50000_run2_seed256302.mat"
"s05_confirmation","Survival-Credit-AOP","LIRCMOP3","LIR-CMOP",100,50000,3,256303,50000,5.1605,0.2665447562685886,0.1087236992160424,1,"Survival_Credit_AOP_LIRCMOP3_N100_FE50000_run3_seed256303.mat"
"s05_confirmation","Survival-Credit-AOP","LIRCMOP3","LIR-CMOP",100,50000,4,256304,50000,5.172,0.2913590184377105,0.1011047337947247,1,"Survival_Credit_AOP_LIRCMOP3_N100_FE50000_run4_seed256304.mat"
"s05_confirmation","Survival-Credit-AOP","LIRCMOP3","LIR-CMOP",100,50000,5,256305,50000,4.9515,0.2279591176438122,0.1231106965078818,1,"Survival_Credit_AOP_LIRCMOP3_N100_FE50000_run5_seed256305.mat"
"s05_confirmation","Survival-Credit-AOP","LIRCMOP4","LIR-CMOP",100,50000,1,256401,50000,4.7681,0.3100063348273311,0.1819241177373282,1,"Survival_Credit_AOP_LIRCMOP4_N100_FE50000_run1_seed256401.mat"
"s05_confirmation","Survival-Credit-AOP","LIRCMOP4","LIR-CMOP",100,50000,2,256402,50000,4.8671,0.1983033205574267,0.2391502110880052,1,"Survival_Credit_AOP_LIRCMOP4_N100_FE50000_run2_seed256402.mat"
"s05_confirmation","Survival-Credit-AOP","LIRCMOP4","LIR-CMOP",100,50000,3,256403,50000,5.0675,0.2582091526849818,0.2080003840941176,1,"Survival_Credit_AOP_LIRCMOP4_N100_FE50000_run3_seed256403.mat"
"s05_confirmation","Survival-Credit-AOP","LIRCMOP4","LIR-CMOP",100,50000,4,256404,50000,4.8701,0.2518400999188329,0.210103142903715,1,"Survival_Credit_AOP_LIRCMOP4_N100_FE50000_run4_seed256404.mat"
"s05_confirmation","Survival-Credit-AOP","LIRCMOP4","LIR-CMOP",100,50000,5,256405,50000,5.0584,0.2591225928860011,0.2041396888920647,1,"Survival_Credit_AOP_LIRCMOP4_N100_FE50000_run5_seed256405.mat"
"s05_confirmation","Survival-Credit-AOP","LIRCMOP5","LIR-CMOP",100,50000,1,256501,50000,6.2908,0.04760722977982575,0.2738408424433674,1,"Survival_Credit_AOP_LIRCMOP5_N100_FE50000_run1_seed256501.mat"
"s05_confirmation","Survival-Credit-AOP","LIRCMOP5","LIR-CMOP",100,50000,2,256502,50000,6.6588,0.09940614232164532,0.2234473891245967,1,"Survival_Credit_AOP_LIRCMOP5_N100_FE50000_run2_seed256502.mat"
"s05_confirmation","Survival-Credit-AOP","LIRCMOP5","LIR-CMOP",100,50000,3,256503,50000,5.7023,0.07662788166416121,0.2663074483846919,1,"Survival_Credit_AOP_LIRCMOP5_N100_FE50000_run3_seed256503.mat"
"s05_confirmation","Survival-Credit-AOP","LIRCMOP5","LIR-CMOP",100,50000,4,256504,50000,5.135,0.1307248956441344,0.2497674988098677,1,"Survival_Credit_AOP_LIRCMOP5_N100_FE50000_run4_seed256504.mat"
"s05_confirmation","Survival-Credit-AOP","LIRCMOP5","LIR-CMOP",100,50000,5,256505,50000,5.6567,0.1231387499522931,0.2160094740306935,1,"Survival_Credit_AOP_LIRCMOP5_N100_FE50000_run5_seed256505.mat"
"s05_confirmation","Survival-Credit-AOP","LIRCMOP6","LIR-CMOP",100,50000,1,256601,50000,6.3482,0.2797887874880867,0.1357935824156518,1,"Survival_Credit_AOP_LIRCMOP6_N100_FE50000_run1_seed256601.mat"
"s05_confirmation","Survival-Credit-AOP","LIRCMOP6","LIR-CMOP",100,50000,2,256602,50000,4.912,0.2612931522400027,0.1359687766487659,1,"Survival_Credit_AOP_LIRCMOP6_N100_FE50000_run2_seed256602.mat"
"s05_confirmation","Survival-Credit-AOP","LIRCMOP6","LIR-CMOP",100,50000,3,256603,50000,5.7566,0.1138121586923913,0.1409403057821443,1,"Survival_Credit_AOP_LIRCMOP6_N100_FE50000_run3_seed256603.mat"
"s05_confirmation","Survival-Credit-AOP","LIRCMOP6","LIR-CMOP",100,50000,4,256604,50000,5.9388,0.288560125678379,0.1338291480329795,1,"Survival_Credit_AOP_LIRCMOP6_N100_FE50000_run4_seed256604.mat"
"s05_confirmation","Survival-Credit-AOP","LIRCMOP6","LIR-CMOP",100,50000,5,256605,50000,5.376,0.2549803674006286,0.1396899834356491,1,"Survival_Credit_AOP_LIRCMOP6_N100_FE50000_run5_seed256605.mat"
"s05_confirmation","Survival-Credit-AOP","LIRCMOP7","LIR-CMOP",100,50000,1,256701,50000,4.617,0.009796889865738533,0.2922538615467958,1,"Survival_Credit_AOP_LIRCMOP7_N100_FE50000_run1_seed256701.mat"
"s05_confirmation","Survival-Credit-AOP","LIRCMOP7","LIR-CMOP",100,50000,2,256702,50000,4.5843,0.009898694635205643,0.2926918448686592,1,"Survival_Credit_AOP_LIRCMOP7_N100_FE50000_run2_seed256702.mat"
"s05_confirmation","Survival-Credit-AOP","LIRCMOP7","LIR-CMOP",100,50000,3,256703,50000,4.9605,0.01932780608257741,0.2881942488323324,1,"Survival_Credit_AOP_LIRCMOP7_N100_FE50000_run3_seed256703.mat"
"s05_confirmation","Survival-Credit-AOP","LIRCMOP7","LIR-CMOP",100,50000,4,256704,50000,4.8049,0.01019754033203626,0.2924368473201333,1,"Survival_Credit_AOP_LIRCMOP7_N100_FE50000_run4_seed256704.mat"
"s05_confirmation","Survival-Credit-AOP","LIRCMOP7","LIR-CMOP",100,50000,5,256705,50000,4.7758,0.01207521897592706,0.2913426594440618,1,"Survival_Credit_AOP_LIRCMOP7_N100_FE50000_run5_seed256705.mat"
"s05_confirmation","Survival-Credit-AOP","LIRCMOP8","LIR-CMOP",100,50000,1,256801,50000,4.6491,0.009690366575880011,0.2931413459768117,1,"Survival_Credit_AOP_LIRCMOP8_N100_FE50000_run1_seed256801.mat"
"s05_confirmation","Survival-Credit-AOP","LIRCMOP8","LIR-CMOP",100,50000,2,256802,50000,4.321,0.01165146195450927,0.2918846525668258,1,"Survival_Credit_AOP_LIRCMOP8_N100_FE50000_run2_seed256802.mat"
"s05_confirmation","Survival-Credit-AOP","LIRCMOP8","LIR-CMOP",100,50000,3,256803,50000,4.472,0.07010992893924838,0.2632790128129523,1,"Survival_Credit_AOP_LIRCMOP8_N100_FE50000_run3_seed256803.mat"
"s05_confirmation","Survival-Credit-AOP","LIRCMOP8","LIR-CMOP",100,50000,4,256804,50000,4.3908,0.07810635687324494,0.263371480380471,1,"Survival_Credit_AOP_LIRCMOP8_N100_FE50000_run4_seed256804.mat"
"s05_confirmation","Survival-Credit-AOP","LIRCMOP8","LIR-CMOP",100,50000,5,256805,50000,4.8402,0.01023940715003641,0.2922939748548011,1,"Survival_Credit_AOP_LIRCMOP8_N100_FE50000_run5_seed256805.mat"
"s05_confirmation","Survival-Credit-AOP","LIRCMOP9","LIR-CMOP",100,50000,1,256901,50000,8.3941,0.4150111886918043,0.38920431409511,1,"Survival_Credit_AOP_LIRCMOP9_N100_FE50000_run1_seed256901.mat"
"s05_confirmation","Survival-Credit-AOP","LIRCMOP9","LIR-CMOP",100,50000,2,256902,50000,7.0001,0.5064189080852614,0.3574763087395766,1,"Survival_Credit_AOP_LIRCMOP9_N100_FE50000_run2_seed256902.mat"
"s05_confirmation","Survival-Credit-AOP","LIRCMOP9","LIR-CMOP",100,50000,3,256903,50000,7.0731,0.4169060864224092,0.3932461019938832,1,"Survival_Credit_AOP_LIRCMOP9_N100_FE50000_run3_seed256903.mat"
"s05_confirmation","Survival-Credit-AOP","LIRCMOP9","LIR-CMOP",100,50000,4,256904,50000,7.5557,0.5065398650868197,0.358021938224691,1,"Survival_Credit_AOP_LIRCMOP9_N100_FE50000_run4_seed256904.mat"
"s05_confirmation","Survival-Credit-AOP","LIRCMOP9","LIR-CMOP",100,50000,5,256905,50000,6.9441,0.408940527242686,0.3919520120529246,1,"Survival_Credit_AOP_LIRCMOP9_N100_FE50000_run5_seed256905.mat"
