config,algorithm,problem,suite,N,maxFE,run,seed,phase,generations,FE_start,FE_end,rate_ga,rate_de_rand,rate_de_best,pop1_rate_ga,pop1_rate_de_rand,pop1_rate_de_best,pop2_rate_ga,pop2_rate_de_rand,pop2_rate_de_best,generated_ga,generated_de_rand,generated_de_best,survived_ga,survived_de_rand,survived_de_best,survival_ga,survival_de_rand,survival_de_best,feasible_ga,feasible_de_rand,feasible_de_best,cvscore_ga,cvscore_de_rand,cvscore_de_best,objscore_ga,objscore_de_rand,objscore_de_best,pop1_survival_ga,pop1_survival_de_rand,pop1_survival_de_best,pop2_survival_ga,pop2_survival_de_rand,pop2_survival_de_best,pop1_feasible_ga,pop1_feasible_de_rand,pop1_feasible_de_best,pop2_feasible_ga,pop2_feasible_de_rand,pop2_feasible_de_best
"s05_confirmation","Dual-Feasibility-Explore-AOP","CF10","CF",100,50000,1,286001,"all",249,400,50000,0.5,0,0.5,0.5,0,0.5,0.2000000000000007,0.5999999999999972,0.2000000000000007,17430,14940,17430,2186,432,1404,0.1254159495123351,0.02891566265060241,0.08055077452667814,0.444635685599541,0.1953815261044177,0.4535857716580608,0.588927769693785,0.3853253959057445,0.5881420869882898,0.6278884493986755,0.573311317057675,0.6183179297484713,0.1218473895582329,NaN,0.07646586345381526,0.1343373493975904,0.02891566265060241,0.09076305220883533,0.5053815261044177,NaN,0.4942971887550201,0.2927710843373494,0.1953815261044177,0.3518072289156626
"s05_confirmation","Dual-Feasibility-Explore-AOP","CF10","CF",100,50000,2,286002,"all",249,400,50000,0.5,0,0.5,0.5,0,0.5,0.2000000000000007,0.5999999999999972,0.2000000000000007,17430,14940,17430,2457,503,1645,0.1409638554216867,0.03366800535475234,0.09437751004016064,0.5368904188181297,0.3530789825970549,0.5907056798623064,0.6645810637478705,0.5037170038333825,0.6972241219934587,0.5973703043615938,0.5796129027891084,0.6040335454011938,0.1404819277108434,NaN,0.09204819277108434,0.1421686746987952,0.03366800535475234,0.1002008032128514,0.5951807228915663,NaN,0.6416064257028112,0.3911646586345381,0.3530789825970549,0.4634538152610442
"s05_confirmation","Dual-Feasibility-Explore-AOP","CF10","CF",100,50000,3,286003,"all",249,400,50000,0.5,0,0.5,0.5,0,0.5,0.2000000000000007,0.5999999999999972,0.2000000000000007,17430,14940,17430,2342,477,1529,0.1343660355708549,0.03192771084337349,0.08772231784279977,0.4430866322432587,0.2489290495314592,0.4768789443488239,0.5772680958338735,0.4043820765930904,0.5901222331387439,0.5762969400386935,0.53583823457767,0.5799751520536176,0.128995983935743,NaN,0.08128514056224899,0.1477911646586345,0.03192771084337349,0.1038152610441767,0.4934939759036144,NaN,0.5169477911646586,0.3170682730923695,0.2489290495314592,0.3767068273092369
"s05_confirmation","Dual-Feasibility-Explore-AOP","CF10","CF",100,50000,4,286004,"all",249,400,50000,0.5,0,0.5,0.5,0,0.5,0.2000000000000007,0.5999999999999972,0.2000000000000007,17430,14940,17430,2604,509,1776,0.1493975903614458,0.03406961178045515,0.1018932874354561,0.4911646586345382,0.2497322623828648,0.5366609294320138,0.6468379704076951,0.4289628368968577,0.6681624356509351,0.5776951701963435,0.5252337477856012,0.5852688167765701,0.1410441767068273,NaN,0.09895582329317269,0.170281124497992,0.03406961178045515,0.1092369477911647,0.5567871485943775,NaN,0.596144578313253,0.3271084337349398,0.2497322623828648,0.3879518072289156
"s05_confirmation","Dual-Feasibility-Explore-AOP","CF10","CF",100,50000,5,286005,"all",249,400,50000,0.5,0,0.5,0.5,0,0.5,0.2000000000000007,0.5999999999999972,0.2000000000000007,17430,14940,17430,3112,1048,3034,0.1785427423981641,0.07014725568942437,0.1740676993689042,0.6337349397590362,0.477710843373494,0.7536431440045898,0.7180990190315774,0.5620734858423517,0.8167124459011231,0.5540244349956167,0.5324395732990936,0.5734899458475052,0.1734136546184739,NaN,0.1770281124497992,0.1913654618473896,0.07014725568942437,0.1666666666666667,0.6745381526104418,NaN,0.789718875502008,0.5317269076305221,0.477710843373494,0.6634538152610442
"s05_confirmation","Dual-Feasibility-Explore-AOP","CF1","CF",100,50000,1,285101,"all",249,400,50000,0.5,0,0.5,0.5,0,0.5,0.2000000000000007,0.5999999999999972,0.2000000000000007,17430,14940,17430,1694,1991,3277,0.09718875502008033,0.1332663989290495,0.1880091795754446,0.317039586919105,0.03447121820615796,0.3348823866896156,0.8117231051093944,0.6879271356202468,0.8039052906953276,0.6147032488316505,0.60638054130962,0.6319096322503196,0.1111646586345382,NaN,0.2332530120481928,0.06224899598393574,0.1332663989290495,0.0748995983935743,0.3702008032128514,NaN,0.4048995983935743,0.184136546184739,0.03447121820615796,0.1598393574297189
"s05_confirmation","Dual-Feasibility-Explore-AOP","CF1","CF",100,50000,2,285102,"all",249,400,50000,0.5,0,0.5,0.5,0,0.5,0.2000000000000007,0.5999999999999972,0.2000000000000007,17430,14940,17430,1726,1999,3225,0.09902467010900746,0.13380187416332,0.185025817555938,0.3137693631669535,0.03293172690763052,0.3288582903040734,0.8096825880336274,0.6872901214763938,0.7972475509399861,0.6121088724789842,0.6049385866101197,0.6307336962980431,0.1118072289156627,NaN,0.2297991967871486,0.06706827309236948,0.13380187416332,0.07309236947791165,0.3692369477911647,NaN,0.3975903614457831,0.1751004016064257,0.03293172690763052,0.1570281124497992
"s05_confirmation","Dual-Feasibility-Explore-AOP","CF1","CF",100,50000,3,285103,"all",249,400,50000,0.5,0,0.5,0.5,0,0.5,0.2000000000000007,0.5999999999999972,0.2000000000000007,17430,14940,17430,1775,1986,3179,0.1018359150889271,0.1329317269076305,0.1823866896156053,0.3185312679288583,0.03500669344042838,0.3313253012048193,0.8118022497564521,0.6854110511576463,0.8020975304633701,0.6130301877987461,0.6021700433417644,0.6303818195552867,0.1123694779116466,NaN,0.2253012048192771,0.07550200803212852,0.1329317269076305,0.0751004016064257,0.3732530120481928,NaN,0.4026506024096386,0.1817269076305221,0.03500669344042838,0.1530120481927711
"s05_confirmation","Dual-Feasibility-Explore-AOP","CF1","CF",100,50000,4,285104,"all",249,400,50000,0.5,0,0.5,0.5,0,0.5,0.2000000000000007,0.5999999999999972,0.2000000000000007,17430,14940,17430,1730,2094,3410,0.09925415949512335,0.1401606425702811,0.195639701663798,0.3152036718301778,0.03400267737617135,0.3441193344807802,0.8102923305595247,0.6874477804496548,0.8053951223187464,0.6112444640153667,0.6057487146306253,0.6292869631960861,0.1094779116465864,NaN,0.2416867469879518,0.07369477911646587,0.1401606425702811,0.08052208835341365,0.3698795180722891,NaN,0.4168674698795181,0.1785140562248996,0.03400267737617135,0.1622489959839357
"s05_confirmation","Dual-Feasibility-Explore-AOP","CF1","CF",100,50000,5,285105,"all",249,400,50000,0.5,0,0.5,0.5,0,0.5,0.2000000000000007,0.5999999999999972,0.2000000000000007,17430,14940,17430,1586,2008,3026,0.09099254159495124,0.1344042838018742,0.1736087205966724,0.3169248422260471,0.03734939759036145,0.3418244406196214,0.812465123825535,0.6901834099435968,0.8079954490216282,0.6172412409929029,0.6090786416333698,0.6329410439029205,0.09670682730923695,NaN,0.2138955823293173,0.07670682730923695,0.1344042838018742,0.07289156626506024,0.3732530120481928,NaN,0.4101204819277108,0.1761044176706827,0.03734939759036145,0.1710843373493976
"s05_confirmation","Dual-Feasibility-Explore-AOP","CF2","CF",100,50000,1,285201,"all",249,400,50000,0.5,0,0.5,0.5,0,0.5,0.2000000000000007,0.5999999999999972,0.2000000000000007,17430,14940,17430,1308,538,698,0.07504302925989673,0.03601070950468541,0.04004589787722318,0.8191049913941481,0.8258366800535475,0.8518072289156626,0.991791982070477,0.9922530753179803,0.9930109423942906,0.7311399848492161,0.6382614077727745,0.6953146581914781,0.07526104417670683,NaN,0.03943775100401607,0.07449799196787149,0.03601070950468541,0.04156626506024096,0.8661847389558233,NaN,0.8717269076305221,0.7014056224899599,0.8258366800535475,0.802008032128514
"s05_confirmation","Dual-Feasibility-Explore-AOP","CF2","CF",100,50000,2,285202,"all",249,400,50000,0.5,0,0.5,0.5,0,0.5,0.2000000000000007,0.5999999999999972,0.2000000000000007,17430,14940,17430,1531,622,654,0.08783706253585771,0.04163319946452477,0.03752151462994836,0.8193918531267929,0.8200133868808568,0.8492254733218588,0.9920292250139199,0.9925018838383216,0.9930849680981273,0.7300769988125793,0.6390598569512005,0.6852966182392149,0.09253012048192771,NaN,0.03831325301204819,0.07610441767068273,0.04163319946452477,0.0355421686746988,0.8722891566265061,NaN,0.8677911646586345,0.6871485943775101,0.8200133868808568,0.8028112449799196
"s05_confirmation","Dual-Feasibility-Explore-AOP","CF2","CF",100,50000,3,285203,"all",249,400,50000,0.5,0,0.5,0.5,0,0.5,0.2000000000000007,0.5999999999999972,0.2000000000000007,17430,14940,17430,1482,521,699,0.08502581755593804,0.03487282463186078,0.04010327022375215,0.8316121629374641,0.8329317269076305,0.8547332185886403,0.9924086403427681,0.9925233376935058,0.9932174964733047,0.7269449298750491,0.6380533337632368,0.6890532662664034,0.08835341365461848,NaN,0.04176706827309237,0.07670682730923695,0.03487282463186078,0.03594377510040161,0.8782329317269076,NaN,0.8705220883534136,0.7150602409638555,0.8329317269076305,0.8152610441767069
"s05_confirmation","Dual-Feasibility-Explore-AOP","CF2","CF",100,50000,4,285204,"all",249,400,50000,0.5,0,0.5,0.5,0,0.5,0.2000000000000007,0.5999999999999972,0.2000000000000007,17430,14940,17430,1335,627,703,0.076592082616179,0.04196787148594378,0.04033275960986804,0.8049340218014917,0.8039491298527444,0.8506024096385543,0.9913102385155705,0.9915669005036155,0.9930921381386068,0.7489706060732815,0.6509721129516957,0.6998201509192432,0.07927710843373494,NaN,0.04112449799196787,0.06987951807228916,0.04196787148594378,0.03835341365461847,0.8648192771084338,NaN,0.8781526104417671,0.6552208835341365,0.8039491298527444,0.7817269076305221
"s05_confirmation","Dual-Feasibility-Explore-AOP","CF2","CF",100,50000,5,285205,"all",249,400,50000,0.5,0,0.5,0.5,0,0.5,0.2000000000000007,0.5999999999999972,0.2000000000000007,17430,14940,17430,1363,569,719,0.07819850831899025,0.03808567603748327,0.04125071715433161,0.8269650028686173,0.8372824631860777,0.8550774526678141,0.9920953721115481,0.9927162975879564,0.9931419759631746,0.7273921498773896,0.6331095242526144,0.6890080351169925,0.08040160642570281,NaN,0.04232931726907631,0.07269076305220884,0.03808567603748327,0.03855421686746988,0.8718072289156626,NaN,0.8689156626506024,0.714859437751004,0.8372824631860777,0.8204819277108434
"s05_confirmation","Dual-Feasibility-Explore-AOP","CF3","CF",100,50000,1,285301,"all",249,400,50000,0.5,0,0.5,0.5,0,0.5,0.2000000000000007,0.5999999999999972,0.2000000000000007,17430,14940,17430,1735,708,1193,0.09954102122776821,0.04738955823293173,0.06844520940906483,0.9713138267355135,0.9735609103078983,0.9668387837062535,0.99462933006765,0.9949795043616084,0.9941415845958176,0.8527993378882461,0.7571050148521454,0.8072384045245702,0.0993574297188755,NaN,0.0672289156626506,0.1,0.04738955823293173,0.0714859437751004,0.9734939759036144,NaN,0.9706024096385543,0.9658634538152611,0.9735609103078983,0.957429718875502
"s05_confirmation","Dual-Feasibility-Explore-AOP","CF3","CF",100,50000,2,285302,"all",249,400,50000,0.5,0,0.5,0.5,0,0.5,0.2000000000000007,0.5999999999999972,0.2000000000000007,17430,14940,17430,2385,759,2031,0.1368330464716007,0.05080321285140562,0.1165232358003442,0.9429145152036719,0.9449799196787149,0.9294893861158922,0.9889895500342368,0.9878713574485813,0.9860858258995677,0.8679881105345808,0.7529577892570249,0.8271822711551092,0.1321285140562249,NaN,0.1119678714859438,0.1485943775100401,0.05080321285140562,0.1279116465863454,0.9477911646586346,NaN,0.9338955823293172,0.9307228915662651,0.9449799196787149,0.9184738955823293
"s05_confirmation","Dual-Feasibility-Explore-AOP","CF3","CF",100,50000,3,285303,"all",249,400,50000,0.5,0,0.5,0.5,0,0.5,0.2000000000000007,0.5999999999999972,0.2000000000000007,17430,14940,17430,2240,669,1925,0.1285140562248996,0.04477911646586345,0.1104417670682731,0.9429718875502008,0.9411646586345381,0.9306368330464716,0.9885568198221687,0.9884093622060954,0.9877947785980523,0.8652706370823757,0.747845070826062,0.8221230916697021,0.1279518072289157,NaN,0.1049799196787149,0.1299196787148594,0.04477911646586345,0.1240963855421687,0.9490763052208835,NaN,0.9375903614457831,0.927710843373494,0.9411646586345381,0.9132530120481928
"s05_confirmation","Dual-Feasibility-Explore-AOP","CF3","CF",100,50000,4,285304,"all",249,400,50000,0.5,0,0.5,0.5,0,0.5,0.2000000000000007,0.5999999999999972,0.2000000000000007,17430,14940,17430,1584,671,849,0.09087779690189329,0.04491298527443106,0.04870912220309811,0.9818129661503155,0.9849397590361446,0.9858290304073437,0.9971607590150319,0.9972260856128019,0.9979889618578633,0.8327656035554263,0.7987864652609342,0.7702519547930314,0.09036144578313253,NaN,0.04835341365461848,0.09216867469879518,0.04491298527443106,0.04959839357429719,0.9833734939759036,NaN,0.9866666666666667,0.9779116465863453,0.9849397590361446,0.9837349397590361
"s05_confirmation","Dual-Feasibility-Explore-AOP","CF3","CF",100,50000,5,285305,"all",249,400,50000,0.5,0,0.5,0.5,0,0.5,0.2000000000000007,0.5999999999999972,0.2000000000000007,17430,14940,17430,2117,754,1855,0.1214572576018359,0.05046854082998661,0.106425702811245,0.955192197360872,0.9518072289156626,0.9612162937464143,0.9893171657641707,0.9860511334878216,0.9887421890086188,0.8576661397475239,0.7330732443859796,0.8159038435475692,0.1212048192771084,NaN,0.1042570281124498,0.1220883534136546,0.05046854082998661,0.1118473895582329,0.9627309236947791,NaN,0.9726907630522088,0.9363453815261045,0.9518072289156626,0.9325301204819277
"s05_confirmation","Dual-Feasibility-Explore-AOP","CF4","CF",100,50000,1,285401,"all",249,400,50000,0.5,0,0.5,0.5,0,0.5,0.2000000000000007,0.5999999999999972,0.2000000000000007,17430,14940,17430,1452,533,852,0.08330464716006884,0.0356760374832664,0.04888123924268502,0.8056798623063683,0.7895582329317269,0.8457257601835915,0.9918904341905004,0.9917165013281187,0.99350399140532,0.8490548469913164,0.7121328266119359,0.7813279474782237,0.08345381526104417,NaN,0.04682730923694779,0.08293172690763052,0.0356760374832664,0.05401606425702811,0.863293172690763,NaN,0.8752610441767068,0.6616465863453815,0.7895582329317269,0.7718875502008032
"s05_confirmation","Dual-Feasibility-Explore-AOP","CF4","CF",100,50000,2,285402,"all",249,400,50000,0.5,0,0.5,0.5,0,0.5,0.2000000000000007,0.5999999999999972,0.2000000000000007,17430,14940,17430,1657,577,908,0.09506597819850832,0.03862115127175368,0.05209409064830751,0.7858290304073436,0.6129852744310575,0.7593803786574871,0.9910933679089421,0.9854837989549038,0.9903458162154389,0.8460213656250031,0.6956490257749331,0.7727014101193473,0.097429718875502,NaN,0.05188755020080321,0.0891566265060241,0.03862115127175368,0.05261044176706827,0.8558232931726908,NaN,0.7980722891566265,0.6108433734939759,0.6129852744310575,0.6626506024096386
"s05_confirmation","Dual-Feasibility-Explore-AOP","CF4","CF",100,50000,3,285403,"all",249,400,50000,0.5,0,0.5,0.5,0,0.5,0.2000000000000007,0.5999999999999972,0.2000000000000007,17430,14940,17430,1686,547,1001,0.09672977624784854,0.03661311914323963,0.05742971887550201,0.8469305794606999,0.7837349397590362,0.846873207114171,0.9933063837790957,0.9905869101570585,0.9931688273765363,0.8584181818963988,0.702345024092532,0.7842907837734294,0.09710843373493976,NaN,0.05927710843373494,0.09578313253012048,0.03661311914323963,0.05281124497991968,0.9101204819277109,NaN,0.8844176706827309,0.6889558232931727,0.7837349397590362,0.7530120481927711
"s05_confirmation","Dual-Feasibility-Explore-AOP","CF4","CF",100,50000,4,285404,"all",249,400,50000,0.5,0,0.5,0.5,0,0.5,0.2000000000000007,0.5999999999999972,0.2000000000000007,17430,14940,17430,1467,554,676,0.08416523235800344,0.03708165997322624,0.03878370625358577,0.8387263339070568,0.7786479250334672,0.8239242685025817,0.9928701505019426,0.9905965895622157,0.9926852786776609,0.8401626541664569,0.7129073823364169,0.7730684932209452,0.08257028112449799,NaN,0.03799196787148594,0.08815261044176707,0.03708165997322624,0.04076305220883534,0.8891566265060241,NaN,0.8481927710843373,0.7126506024096385,0.7786479250334672,0.7632530120481927
"s05_confirmation","Dual-Feasibility-Explore-AOP","CF4","CF",100,50000,5,285405,"all",249,400,50000,0.5,0,0.5,0.5,0,0.5,0.2000000000000007,0.5999999999999972,0.2000000000000007,17430,14940,17430,1554,604,719,0.0891566265060241,0.04042838018741633,0.04125071715433161,0.7479059093516924,0.4315930388219545,0.651061388410786,0.9913115172283904,0.9874889172985553,0.9905004217467409,0.8359553015441993,0.7001510360540419,0.7683047612211563,0.08819277108433735,NaN,0.04024096385542169,0.09156626506024096,0.04042838018741633,0.04377510040160643,0.8166265060240964,NaN,0.6878714859437751,0.5761044176706828,0.4315930388219545,0.5590361445783133
"s05_confirmation","Dual-Feasibility-Explore-AOP","CF5","CF",100,50000,1,285501,"all",249,400,50000,0.5,0,0.5,0.5,0,0.5,0.2000000000000007,0.5999999999999972,0.2000000000000007,17430,14940,17430,1497,503,878,0.08588640275387263,0.03366800535475234,0.05037292025243832,0.9761904761904762,0.8710843373493976,0.9036144578313253,0.9955329322061968,0.9824737507521601,0.9811635759567363,0.7120847973271754,0.6327865141225882,0.6838165411256583,0.08722891566265061,NaN,0.05156626506024097,0.0825301204819277,0.03366800535475234,0.04738955823293173,0.9791967871485944,NaN,0.908995983935743,0.9686746987951808,0.8710843373493976,0.8901606425702812
"s05_confirmation","Dual-Feasibility-Explore-AOP","CF5","CF",100,50000,2,285502,"all",249,400,50000,0.5,0,0.5,0.5,0,0.5,0.2000000000000007,0.5999999999999972,0.2000000000000007,17430,14940,17430,1689,679,1440,0.09690189328743545,0.04544846050870147,0.08261617900172118,0.9260470453241537,0.8816599732262382,0.9316121629374642,0.9805532592800215,0.9731083835655649,0.9801397822052279,0.7614471531805063,0.7000762610477232,0.7791000581994032,0.09791164658634538,NaN,0.0836144578313253,0.09437751004016064,0.04544846050870147,0.08012048192771085,0.9523694779116466,NaN,0.9489156626506025,0.8602409638554217,0.8816599732262382,0.8883534136546185
"s05_confirmation","Dual-Feasibility-Explore-AOP","CF5","CF",100,50000,3,285503,"all",249,400,50000,0.5,0,0.5,0.5,0,0.5,0.2000000000000007,0.5999999999999972,0.2000000000000007,17430,14940,17430,1677,689,1197,0.09621342512908777,0.04611780455153949,0.06867469879518072,0.9123350545037292,0.7902275769745649,0.8930579460699942,0.9881313886393613,0.9561856862379138,0.975719645413011,0.7347360989297784,0.6785222768849648,0.7302143301117275,0.0983132530120482,NaN,0.06730923694779116,0.09096385542168675,0.04611780455153949,0.07208835341365462,0.9424899598393575,NaN,0.9067469879518072,0.8369477911646587,0.7902275769745649,0.8588353413654618
"s05_confirmation","Dual-Feasibility-Explore-AOP","CF5","CF",100,50000,4,285504,"all",249,400,50000,0.5,0,0.5,0.5,0,0.5,0.2000000000000007,0.5999999999999972,0.2000000000000007,17430,14940,17430,1580,508,1068,0.09064830751577739,0.03400267737617135,0.0612736660929432,0.9930005737234653,0.9771084337349397,0.9846815834767642,0.9978908626465326,0.9935818349893824,0.9954470953701233,0.7301278699896703,0.7015069968967445,0.7316531542606879,0.09228915662650602,NaN,0.06040160642570281,0.08654618473895583,0.03400267737617135,0.06345381526104418,0.9959036144578314,NaN,0.9877911646586346,0.9857429718875502,0.9771084337349397,0.9769076305220884
"s05_confirmation","Dual-Feasibility-Explore-AOP","CF5","CF",100,50000,5,285505,"all",249,400,50000,0.5,0,0.5,0.5,0,0.5,0.2000000000000007,0.5999999999999972,0.2000000000000007,17430,14940,17430,1414,831,1247,0.08112449799196787,0.05562248995983936,0.07154331612162937,0.965806081468732,0.8535475234270415,0.8939185312679289,0.9935868503734789,0.977685015655222,0.97975060782283,0.7422706950021415,0.7170831459593834,0.7565790051139383,0.07911646586345382,NaN,0.07293172690763053,0.08614457831325301,0.05562248995983936,0.06807228915662651,0.9752610441767068,NaN,0.8978313253012048,0.9421686746987952,0.8535475234270415,0.8841365461847389
"s05_confirmation","Dual-Feasibility-Explore-AOP","CF6","CF",100,50000,1,285601,"all",249,400,50000,0.5,0,0.5,0.5,0,0.5,0.2000000000000007,0.5999999999999972,0.2000000000000007,17430,14940,17430,1514,550,1087,0.08686173264486517,0.03681392235609103,0.06236374067699369,0.8739529546758462,0.8012048192771084,0.8889271371199082,0.9764997442007872,0.9439473527961112,0.9751476229941248,0.6984447112588668,0.7091982935847694,0.6849209179956077,0.08730923694779116,NaN,0.06016064257028112,0.0857429718875502,0.03681392235609103,0.0678714859437751,0.9180722891566265,NaN,0.9120481927710843,0.7636546184738956,0.8012048192771084,0.8311244979919679
"s05_confirmation","Dual-Feasibility-Explore-AOP","CF6","CF",100,50000,2,285602,"all",249,400,50000,0.5,0,0.5,0.5,0,0.5,0.2000000000000007,0.5999999999999972,0.2000000000000007,17430,14940,17430,1448,521,982,0.08307515777395295,0.03487282463186078,0.05633964429145152,0.829833620195066,0.8285809906291834,0.870109007458405,0.9605679410728455,0.960608320219545,0.9700920173727819,0.7187740866391388,0.7177444625813152,0.7097749460563842,0.0836144578313253,NaN,0.05742971887550201,0.08172690763052209,0.03487282463186078,0.0536144578313253,0.8669879518072289,NaN,0.8905220883534136,0.7369477911646586,0.8285809906291834,0.8190763052208835
"s05_confirmation","Dual-Feasibility-Explore-AOP","CF6","CF",100,50000,3,285603,"all",249,400,50000,0.5,0,0.5,0.5,0,0.5,0.2000000000000007,0.5999999999999972,0.2000000000000007,17430,14940,17430,1507,536,968,0.08646012621916237,0.0358768406961178,0.0555364314400459,0.8324153757888698,0.87429718875502,0.8853700516351118,0.9596339742583654,0.9724725960759657,0.9738239014710581,0.7219867483665635,0.7253311156234949,0.7097162153778519,0.08819277108433735,NaN,0.05453815261044177,0.0821285140562249,0.0358768406961178,0.05803212851405622,0.8648995983935743,NaN,0.901285140562249,0.7512048192771085,0.87429718875502,0.8455823293172691
"s05_confirmation","Dual-Feasibility-Explore-AOP","CF6","CF",100,50000,4,285604,"all",249,400,50000,0.5,0,0.5,0.5,0,0.5,0.2000000000000007,0.5999999999999972,0.2000000000000007,17430,14940,17430,1445,550,1031,0.08290304073436604,0.03681392235609103,0.0591508892713712,0.8543316121629375,0.8849397590361445,0.906425702811245,0.9654000920953222,0.9761911971754484,0.9796356602094044,0.7159357968467185,0.7165000547013546,0.7033695074678322,0.08200803212851406,NaN,0.05791164658634538,0.08514056224899598,0.03681392235609103,0.06224899598393574,0.8847389558232932,NaN,0.9211244979919678,0.7783132530120482,0.8849397590361445,0.8696787148594377
"s05_confirmation","Dual-Feasibility-Explore-AOP","CF6","CF",100,50000,5,285605,"all",249,400,50000,0.5,0,0.5,0.5,0,0.5,0.2000000000000007,0.5999999999999972,0.2000000000000007,17430,14940,17430,1371,545,932,0.07865748709122203,0.03647925033467202,0.05347102696500287,0.8316695352839931,0.8527443105756358,0.8682157200229489,0.9580702690259744,0.9709686398570544,0.9693617595344922,0.7242874980025863,0.7233666219779749,0.7121220907458219,0.07927710843373494,NaN,0.05188755020080321,0.07710843373493977,0.03647925033467202,0.05742971887550201,0.8617670682730924,NaN,0.8853012048192771,0.756425702811245,0.8527443105756358,0.8255020080321285
"s05_confirmation","Dual-Feasibility-Explore-AOP","CF7","CF",100,50000,1,285701,"all",249,400,50000,0.5,0,0.5,0.5,0,0.5,0.2000000000000007,0.5999999999999972,0.2000000000000007,17430,14940,17430,1491,707,965,0.0855421686746988,0.04732262382864792,0.05536431440045898,0.88714859437751,0.8787817938420348,0.8880091795754447,0.9770530932372693,0.9684222286764361,0.9725568815780845,0.7944742523783048,0.7175221565518692,0.7574052129778042,0.0836144578313253,NaN,0.05349397590361446,0.09036144578313253,0.04732262382864792,0.06004016064257028,0.901285140562249,NaN,0.8953413654618474,0.8518072289156626,0.8787817938420348,0.8696787148594377
"s05_confirmation","Dual-Feasibility-Explore-AOP","CF7","CF",100,50000,2,285702,"all",249,400,50000,0.5,0,0.5,0.5,0,0.5,0.2000000000000007,0.5999999999999972,0.2000000000000007,17430,14940,17430,1819,522,1215,0.1043602983362019,0.03493975903614458,0.06970740103270223,0.8103270223752151,0.5775769745649264,0.7172690763052209,0.9281117844847199,0.8173700816480294,0.8779728159526061,0.8094064904958693,0.6644014182053246,0.7507249704145512,0.104578313253012,NaN,0.0672289156626506,0.1038152610441767,0.03493975903614458,0.07590361445783132,0.8368674698795181,NaN,0.7298795180722891,0.7439759036144579,0.5775769745649264,0.6857429718875502
"s05_confirmation","Dual-Feasibility-Explore-AOP","CF7","CF",100,50000,3,285703,"all",249,400,50000,0.5,0,0.5,0.5,0,0.5,0.2000000000000007,0.5999999999999972,0.2000000000000007,17430,14940,17430,1402,1012,1645,0.08043602983362019,0.0677376171352075,0.09437751004016064,0.9838209982788296,0.964190093708166,0.9818703384968446,0.995162629074792,0.9871458558176048,0.9938451748564066,0.8205493979987496,0.8505361879612805,0.8852516191203071,0.08224899598393574,NaN,0.09180722891566265,0.07590361445783132,0.0677376171352075,0.1008032128514056,0.9881124497991968,NaN,0.9840963855421687,0.9730923694779117,0.964190093708166,0.9763052208835341
"s05_confirmation","Dual-Feasibility-Explore-AOP","CF7","CF",100,50000,4,285704,"all",249,400,50000,0.5,0,0.5,0.5,0,0.5,0.2000000000000007,0.5999999999999972,0.2000000000000007,17430,14940,17430,1556,623,938,0.08927137119908204,0.04170013386880857,0.05381526104417671,0.921285140562249,0.9102409638554216,0.9193918531267928,0.9836693331865286,0.9743974283727908,0.9821217321230485,0.8161132129595132,0.7051197763903796,0.7603182658460502,0.08947791164658635,NaN,0.0521285140562249,0.08875502008032128,0.04170013386880857,0.05803212851405622,0.9506827309236948,NaN,0.9300401606425703,0.8477911646586346,0.9102409638554216,0.8927710843373494
"s05_confirmation","Dual-Feasibility-Explore-AOP","CF7","CF",100,50000,5,285705,"all",249,400,50000,0.5,0,0.5,0.5,0,0.5,0.2000000000000007,0.5999999999999972,0.2000000000000007,17430,14940,17430,1486,647,1136,0.08525530694205392,0.04330655957161982,0.06517498565691336,0.8633964429145152,0.4325970548862115,0.7142283419391853,0.9623646851502272,0.7468224243145694,0.8707190405223817,0.8425479798920664,0.6528474765107367,0.7734160985451648,0.08522088353413655,NaN,0.06634538152610442,0.0853413654618474,0.04330655957161982,0.06224899598393574,0.9162248995983936,NaN,0.7461044176706827,0.7313253012048193,0.4325970548862115,0.6345381526104418
"s05_confirmation","Dual-Feasibility-Explore-AOP","CF8","CF",100,50000,1,285801,"all",249,400,50000,0.5,0,0.5,0.5,0,0.5,0.2000000000000007,0.5999999999999972,0.2000000000000007,17430,14940,17430,1942,709,1040,0.1114170969592656,0.04745649263721553,0.05966724039013196,0.4748709122203098,0.321954484605087,0.43184165232358,0.6033880727790784,0.4909243058731094,0.5652553343713694,0.7530189213201992,0.7724160104135105,0.733876624813666,0.1037751004016064,NaN,0.05622489959839357,0.1305220883534137,0.04745649263721553,0.06827309236947791,0.5143775100401606,NaN,0.4666666666666667,0.3761044176706828,0.321954484605087,0.3447791164658635
"s05_confirmation","Dual-Feasibility-Explore-AOP","CF8","CF",100,50000,2,285802,"all",249,400,50000,0.5,0,0.5,0.5,0,0.5,0.2000000000000007,0.5999999999999972,0.2000000000000007,17430,14940,17430,2034,680,1093,0.1166953528399312,0.04551539491298527,0.06270797475616753,0.5103843947217441,0.3431057563587684,0.4430292598967298,0.6340704875943486,0.5023198666182241,0.5763330249054225,0.7375881119121156,0.7563672923609234,0.7219586940197853,0.1104417670682731,NaN,0.05726907630522089,0.1323293172690763,0.04551539491298527,0.07630522088353414,0.5502811244979919,NaN,0.4756626506024096,0.4106425702811245,0.3431057563587684,0.3614457831325301
"s05_confirmation","Dual-Feasibility-Explore-AOP","CF8","CF",100,50000,3,285803,"all",249,400,50000,0.5,0,0.5,0.5,0,0.5,0.2000000000000007,0.5999999999999972,0.2000000000000007,17430,14940,17430,1976,637,1101,0.1133677567412507,0.0426372155287818,0.06316695352839931,0.4841078600114745,0.3325970548862115,0.4304073436603557,0.6038237728913007,0.4899712642205538,0.5600693227136369,0.7451362587215853,0.7745166809355075,0.726909917773316,0.106425702811245,NaN,0.05751004016064257,0.1307228915662651,0.0426372155287818,0.07730923694779117,0.5281124497991968,NaN,0.468995983935743,0.3740963855421687,0.3325970548862115,0.3339357429718876
"s05_confirmation","Dual-Feasibility-Explore-AOP","CF8","CF",100,50000,4,285804,"all",249,400,50000,0.5,0,0.5,0.5,0,0.5,0.2000000000000007,0.5999999999999972,0.2000000000000007,17430,14940,17430,1982,640,1095,0.1137119908204246,0.0428380187416332,0.06282271944922548,0.5010327022375215,0.3420348058902276,0.4501434308663224,0.6207244252408568,0.5012668335372671,0.580932399877644,0.7448995589611878,0.7683580820824286,0.7295879301327154,0.1081927710843373,NaN,0.06048192771084338,0.1275100401606426,0.0428380187416332,0.06867469879518072,0.5386345381526104,NaN,0.4766265060240964,0.4070281124497992,0.3420348058902276,0.3839357429718875
"s05_confirmation","Dual-Feasibility-Explore-AOP","CF8","CF",100,50000,5,285805,"all",249,400,50000,0.5,0,0.5,0.5,0,0.5,0.2000000000000007,0.5999999999999972,0.2000000000000007,17430,14940,17430,1874,608,1005,0.1075157773952955,0.04069611780455154,0.0576592082616179,0.4822145725760184,0.3289156626506024,0.4214572576018359,0.6077339088463927,0.4908730605099519,0.5575459736793564,0.7467600144162895,0.7679441759975624,0.7298348669421746,0.1060240963855422,NaN,0.05188755020080321,0.1112449799196787,0.04069611780455154,0.07208835341365462,0.5196787148594377,NaN,0.4518875502008032,0.3885542168674699,0.3289156626506024,0.3453815261044177
"s05_confirmation","Dual-Feasibility-Explore-AOP","CF9","CF",100,50000,1,285901,"all",249,400,50000,0.5,0,0.5,0.5,0,0.5,0.2000000000000007,0.5999999999999972,0.2000000000000007,17430,14940,17430,1867,713,1110,0.1071141709695927,0.04772423025435073,0.06368330464716007,0.5756741250717154,0.4688755020080321,0.5240390131956397,0.7093871437272471,0.6429732673626972,0.6724227215452546,0.7692085548581686,0.7865891423931416,0.7489936633170645,0.1013654618473896,NaN,0.058714859437751,0.1214859437751004,0.04772423025435073,0.07610441767068273,0.6,NaN,0.539437751004016,0.5148594377510041,0.4688755020080321,0.4855421686746988
"s05_confirmation","Dual-Feasibility-Explore-AOP","CF9","CF",100,50000,2,285902,"all",249,400,50000,0.5,0,0.5,0.5,0,0.5,0.2000000000000007,0.5999999999999972,0.2000000000000007,17430,14940,17430,1894,693,1092,0.1086632243258749,0.0463855421686747,0.06265060240963856,0.5656913367756741,0.4682730923694779,0.5137693631669535,0.7014480611928854,0.6370932654509496,0.6636069664204796,0.7650949741561414,0.7870297344593649,0.7520718496850083,0.1012048192771084,NaN,0.06112449799196787,0.1273092369477912,0.0463855421686747,0.06646586345381526,0.5878714859437751,NaN,0.525863453815261,0.5102409638554217,0.4682730923694779,0.4835341365461847
"s05_confirmation","Dual-Feasibility-Explore-AOP","CF9","CF",100,50000,3,285903,"all",249,400,50000,0.5,0,0.5,0.5,0,0.5,0.2000000000000007,0.5999999999999972,0.2000000000000007,17430,14940,17430,1884,691,1113,0.1080895008605852,0.0462516733601071,0.06385542168674699,0.5804934021801492,0.4733601070950468,0.5349971313826736,0.7143462401513889,0.642171190530395,0.6797738418283168,0.7445506194181545,0.7658148772872735,0.7331974244270266,0.1010441767068273,NaN,0.05927710843373494,0.1257028112449799,0.0462516733601071,0.07530120481927711,0.603855421686747,NaN,0.5505220883534137,0.5220883534136547,0.4733601070950468,0.4961847389558233
"s05_confirmation","Dual-Feasibility-Explore-AOP","CF9","CF",100,50000,4,285904,"all",249,400,50000,0.5,0,0.5,0.5,0,0.5,0.2000000000000007,0.5999999999999972,0.2000000000000007,17430,14940,17430,1845,677,1013,0.1058519793459552,0.04531459170013387,0.05811818703384968,0.5675846242111302,0.4825970548862115,0.5263912794033276,0.6998467657830854,0.648866090146953,0.6713503016911341,0.7590198692480669,0.79598944323871,0.7478245124159106,0.103855421686747,NaN,0.05518072289156627,0.1108433734939759,0.04531459170013387,0.06546184738955824,0.5881124497991967,NaN,0.5415261044176707,0.5162650602409639,0.4825970548862115,0.4885542168674699
"s05_confirmation","Dual-Feasibility-Explore-AOP","CF9","CF",100,50000,5,285905,"all",249,400,50000,0.5,0,0.5,0.5,0,0.5,0.2000000000000007,0.5999999999999972,0.2000000000000007,17430,14940,17430,1894,686,1038,0.1086632243258749,0.04591700133868808,0.05955249569707401,0.5738382099827883,0.479718875502008,0.5241537578886977,0.7079538738878749,0.6527931274017756,0.673654223619229,0.7585318905471631,0.7831770552266022,0.7457754504498783,0.1041767068273092,NaN,0.05518072289156627,0.1198795180722892,0.04591700133868808,0.07048192771084337,0.597429718875502,NaN,0.5320481927710843,0.5148594377510041,0.479718875502008,0.5044176706827309
"s05_confirmation","Dual-Feasibility-Explore-AOP","DASCMOP1","DAS-CMOP",100,50000,1,287501,"all",249,400,50000,0.5,0,0.5,0.5,0,0.5,0.2000000000000007,0.5999999999999972,0.2000000000000007,17430,14940,17430,1526,2028,1110,0.08755020080321285,0.1357429718875502,0.06368330464716007,0.3053356282271945,0.03480589022757698,0.2822145725760183,0.7714574763491114,0.699072906676027,0.7913059925864708,0.7885942983959613,0.8221717820644034,0.7885905200431292,0.06650602409638554,NaN,0.04248995983935743,0.1401606425702811,0.1357429718875502,0.1166666666666667,0.4003212851405623,NaN,0.3693172690763052,0.0678714859437751,0.03480589022757698,0.06445783132530121
"s05_confirmation","Dual-Feasibility-Explore-AOP","DASCMOP1","DAS-CMOP",100,50000,2,287502,"all",249,400,50000,0.5,0,0.5,0.5,0,0.5,0.2000000000000007,0.5999999999999972,0.2000000000000007,17430,14940,17430,1403,1943,1116,0.08049340218014917,0.130053547523427,0.0640275387263339,0.2920826161790017,0.03353413654618474,0.2784279977051061,0.7482042947225552,0.6957484293273203,0.78499636519376,0.7720990725147661,0.8159675343345476,0.7812505934440175,0.05895582329317269,NaN,0.03807228915662651,0.1343373493975904,0.130053547523427,0.1289156626506024,0.3797590361445783,NaN,0.3661044176706827,0.07289156626506024,0.03353413654618474,0.05923694779116466
"s05_confirmation","Dual-Feasibility-Explore-AOP","DASCMOP1","DAS-CMOP",100,50000,3,287503,"all",249,400,50000,0.5,0,0.5,0.5,0,0.5,0.2000000000000007,0.5999999999999972,0.2000000000000007,17430,14940,17430,1362,2093,1109,0.07814113597246128,0.1400937081659973,0.0636259323006311,0.2878370625358577,0.03159303882195449,0.2602409638554217,0.7348746941919786,0.7023333249751113,0.7622926313702405,0.7703940764191893,0.826967772883317,0.7786675903613506,0.05903614457831325,NaN,0.03839357429718875,0.1259036144578313,0.1400937081659973,0.1267068273092369,0.3731726907630522,NaN,0.3379919678714859,0.07449799196787149,0.03159303882195449,0.06586345381526104
"s05_confirmation","Dual-Feasibility-Explore-AOP","DASCMOP1","DAS-CMOP",100,50000,4,287504,"all",249,400,50000,0.5,0,0.5,0.5,0,0.5,0.2000000000000007,0.5999999999999972,0.2000000000000007,17430,14940,17430,1733,2236,1269,0.09942627653471027,0.149665327978581,0.07280550774526678,0.3023522662076879,0.03005354752342704,0.2855995410212278,0.7597464908018703,0.6969431458712436,0.7789426243769287,0.7713775766852257,0.8203590833276785,0.7649039408369128,0.06313253012048192,NaN,0.04216867469879518,0.1901606425702811,0.149665327978581,0.1493975903614458,0.3982329317269077,NaN,0.3768674698795181,0.06265060240963856,0.03005354752342704,0.05742971887550201
"s05_confirmation","Dual-Feasibility-Explore-AOP","DASCMOP1","DAS-CMOP",100,50000,5,287505,"all",249,400,50000,0.5,0,0.5,0.5,0,0.5,0.2000000000000007,0.5999999999999972,0.2000000000000007,17430,14940,17430,1379,2001,1074,0.07911646586345382,0.1339357429718875,0.06161790017211704,0.3172117039586919,0.03092369477911647,0.2981067125645439,0.7959389389417858,0.6978826482382523,0.8079400392468757,0.7912073163763088,0.8239742258392417,0.7868460842181366,0.05791164658634538,NaN,0.03991967871485944,0.1321285140562249,0.1339357429718875,0.115863453815261,0.4152610441767068,NaN,0.3924497991967871,0.07208835341365462,0.03092369477911647,0.06224899598393574
"s05_confirmation","Dual-Feasibility-Explore-AOP","DASCMOP2","DAS-CMOP",100,50000,1,287601,"all",249,400,50000,0.5,0,0.5,0.5,0,0.5,0.2000000000000007,0.5999999999999972,0.2000000000000007,17430,14940,17430,1386,2128,1066,0.07951807228915662,0.1424364123159304,0.06115892139988525,0.295697074010327,0.04692101740294512,0.3096959265633965,0.7489207787682749,0.6962389373580797,0.8045215134735516,0.7725850688505682,0.8421739382823118,0.7761126449566541,0.04594377510040161,NaN,0.02690763052208835,0.1634538152610442,0.1424364123159304,0.1467871485943775,0.3867469879518072,NaN,0.4047389558232932,0.06807228915662651,0.04692101740294512,0.07208835341365462
"s05_confirmation","Dual-Feasibility-Explore-AOP","DASCMOP2","DAS-CMOP",100,50000,2,287602,"all",249,400,50000,0.5,0,0.5,0.5,0,0.5,0.2000000000000007,0.5999999999999972,0.2000000000000007,17430,14940,17430,1388,2179,1148,0.07963281698221457,0.1458500669344043,0.06586345381526104,0.3074584050487665,0.0465863453815261,0.3104991394148021,0.7621320543276252,0.6965037081881719,0.8081696503764166,0.7637732267205595,0.847761463248522,0.7633551317399644,0.0448995983935743,NaN,0.03140562248995984,0.1664658634538153,0.1458500669344043,0.152008032128514,0.4036947791164658,NaN,0.4087550200803213,0.06686746987951807,0.0465863453815261,0.06485943775100401
"s05_confirmation","Dual-Feasibility-Explore-AOP","DASCMOP2","DAS-CMOP",100,50000,3,287603,"all",249,400,50000,0.5,0,0.5,0.5,0,0.5,0.2000000000000007,0.5999999999999972,0.2000000000000007,17430,14940,17430,973,1840,930,0.05582329317269076,0.1231593038821955,0.05335628227194492,0.2401032702237522,0.06947791164658634,0.2772231784279977,0.6561926280132326,0.7093436052481242,0.7461516596107296,0.7793796723960932,0.8805940729061186,0.8151947118510412,0.04136546184738956,NaN,0.02963855421686747,0.09196787148594378,0.1231593038821955,0.1126506024096385,0.2958232931726907,NaN,0.3485943775100402,0.1008032128514056,0.06947791164658634,0.09879518072289156
"s05_confirmation","Dual-Feasibility-Explore-AOP","DASCMOP2","DAS-CMOP",100,50000,4,287604,"all",249,400,50000,0.5,0,0.5,0.5,0,0.5,0.2000000000000007,0.5999999999999972,0.2000000000000007,17430,14940,17430,1263,2097,1024,0.07246127366609294,0.1403614457831325,0.05874928284566839,0.2900745840504876,0.05763052208835341,0.3048766494549627,0.7256650068464331,0.707941358546465,0.7901353477794387,0.7752693303938191,0.8514658241506291,0.7844422386195266,0.04907630522088353,NaN,0.03164658634538153,0.1309236947791165,0.1403614457831325,0.1265060240963855,0.371566265060241,NaN,0.3896385542168675,0.08634538152610442,0.05763052208835341,0.0929718875502008
"s05_confirmation","Dual-Feasibility-Explore-AOP","DASCMOP2","DAS-CMOP",100,50000,5,287605,"all",249,400,50000,0.5,0,0.5,0.5,0,0.5,0.2000000000000007,0.5999999999999972,0.2000000000000007,17430,14940,17430,1220,2011,1027,0.06999426276534711,0.1346050870147256,0.05892139988525531,0.2741250717154332,0.05441767068273092,0.2916810097532989,0.7124903731582649,0.7047167334316295,0.7816579857119065,0.7699295257581881,0.852182597788078,0.7852798958143384,0.0472289156626506,NaN,0.0314859437751004,0.1269076305220884,0.1346050870147256,0.1275100401606426,0.351566265060241,NaN,0.3759839357429719,0.08052208835341365,0.05441767068273092,0.08092369477911647
"s05_confirmation","Dual-Feasibility-Explore-AOP","DASCMOP3","DAS-CMOP",100,50000,1,287701,"all",249,400,50000,0.5,0,0.5,0.5,0,0.5,0.2000000000000007,0.5999999999999972,0.2000000000000007,17430,14940,17430,1791,2104,1221,0.1027538726333907,0.1408299866131192,0.07005163511187608,0.2961560527825588,0.02001338688085676,0.2606425702811245,0.7320318117033591,0.5885846164213225,0.7497647655446922,0.7825090621531471,0.8186016095742453,0.7721930807238415,0.07261044176706827,NaN,0.04321285140562249,0.1781124497991968,0.1408299866131192,0.13714859437751,0.4035341365461848,NaN,0.3555020080321285,0.02771084337349397,0.02001338688085676,0.02349397590361446
"s05_confirmation","Dual-Feasibility-Explore-AOP","DASCMOP3","DAS-CMOP",100,50000,2,287702,"all",249,400,50000,0.5,0,0.5,0.5,0,0.5,0.2000000000000007,0.5999999999999972,0.2000000000000007,17430,14940,17430,1912,2040,1206,0.1096959265633964,0.1365461847389558,0.06919104991394148,0.2976477337923121,0.01593038821954485,0.2601835915088927,0.7397378589936014,0.5800667963451938,0.7509255433024419,0.7795228477277183,0.8123108479885724,0.7695550709802892,0.07068273092369477,NaN,0.04160642570281124,0.2072289156626506,0.1365461847389558,0.1381526104417671,0.4068273092369478,NaN,0.3555020080321285,0.02469879518072289,0.01593038821954485,0.02188755020080321
"s05_confirmation","Dual-Feasibility-Explore-AOP","DASCMOP3","DAS-CMOP",100,50000,3,287703,"all",249,400,50000,0.5,0,0.5,0.5,0,0.5,0.2000000000000007,0.5999999999999972,0.2000000000000007,17430,14940,17430,1918,2054,1181,0.1100401606425703,0.137483266398929,0.06775674125071715,0.293631669535284,0.01693440428380187,0.259552495697074,0.7530085591061881,0.5769160594548286,0.7554432469426077,0.7772930589544973,0.8145328831908145,0.7566468196012363,0.06971887550200803,NaN,0.03967871485943775,0.2108433734939759,0.137483266398929,0.1379518072289157,0.3995180722891566,NaN,0.3550200803212851,0.02891566265060241,0.01693440428380187,0.02088353413654619
"s05_confirmation","Dual-Feasibility-Explore-AOP","DASCMOP3","DAS-CMOP",100,50000,4,287704,"all",249,400,50000,0.5,0,0.5,0.5,0,0.5,0.2000000000000007,0.5999999999999972,0.2000000000000007,17430,14940,17430,1983,2049,1213,0.1137693631669535,0.13714859437751,0.06959265633964429,0.272403901319564,0.01653279785809906,0.2349971313826736,0.7065805672909399,0.5889157731112533,0.7251168984153513,0.7725152849571461,0.813400315391133,0.7698949306055834,0.08184738955823294,NaN,0.04152610441767068,0.193574297188755,0.13714859437751,0.1397590361445783,0.3718875502008032,NaN,0.3203212851405622,0.02369477911646586,0.01653279785809906,0.02168674698795181
"s05_confirmation","Dual-Feasibility-Explore-AOP","DASCMOP3","DAS-CMOP",100,50000,5,287705,"all",249,400,50000,0.5,0,0.5,0.5,0,0.5,0.2000000000000007,0.5999999999999972,0.2000000000000007,17430,14940,17430,1922,2075,1233,0.1102696500286862,0.1388888888888889,0.07074010327022376,0.287205966724039,0.01472556894243641,0.2655765920826162,0.7234481011063489,0.5660381043810855,0.74513654770906,0.779617983298835,0.7930377555729563,0.7693388392014653,0.06931726907630523,NaN,0.04281124497991968,0.2126506024096386,0.1388888888888889,0.1405622489959839,0.3925301204819277,NaN,0.3648995983935743,0.02389558232931727,0.01472556894243641,0.01726907630522088
"s05_confirmation","Dual-Feasibility-Explore-AOP","DASCMOP4","DAS-CMOP",100,50000,1,287801,"all",249,400,50000,0.5,0,0.5,0.5,0,0.5,0.2000000000000007,0.5999999999999972,0.2000000000000007,17430,14940,17430,4352,1214,4704,0.2496844520940907,0.08125836680053547,0.2698795180722892,0.08187033849684452,0.02008032128514056,0.1180722891566265,0.3375551282935121,0.1799913233271263,0.4074517745454588,0.7432741384004118,0.5975494081045768,0.7654589218720438,0.2463453815261044,NaN,0.2688353413654618,0.2580321285140562,0.08125836680053547,0.2724899598393574,0.09678714859437751,NaN,0.1340562248995984,0.04457831325301205,0.02008032128514056,0.07811244979919679
"s05_confirmation","Dual-Feasibility-Explore-AOP","DASCMOP4","DAS-CMOP",100,50000,2,287802,"all",249,400,50000,0.5,0,0.5,0.5,0,0.5,0.2000000000000007,0.5999999999999972,0.2000000000000007,17430,14940,17430,3730,959,3741,0.2139988525530694,0.064190093708166,0.2146299483648881,0.1137119908204246,0.03594377510040161,0.1757314974182444,0.325100181216449,0.1547870384609807,0.3721462567837247,0.7600554132622539,0.5934113928253634,0.7444233792646325,0.2097991967871486,NaN,0.2089156626506024,0.2244979919678715,0.064190093708166,0.2289156626506024,0.1293975903614458,NaN,0.1983935742971888,0.07449799196787149,0.03594377510040161,0.1190763052208835
"s05_confirmation","Dual-Feasibility-Explore-AOP","DASCMOP4","DAS-CMOP",100,50000,3,287803,"all",249,400,50000,0.5,0,0.5,0.5,0,0.5,0.2000000000000007,0.5999999999999972,0.2000000000000007,17430,14940,17430,4693,993,4552,0.2692484222604705,0.06646586345381526,0.2611589213998853,0.0263912794033276,0.001271753681392236,0.03333333333333333,0.2526144015150678,0.1061428654717165,0.2788040410532448,0.74590352367915,0.5873522684502199,0.7350467212475035,0.2668273092369478,NaN,0.258714859437751,0.2753012048192771,0.06646586345381526,0.2672690763052209,0.03301204819277109,NaN,0.041285140562249,0.009839357429718875,0.001271753681392236,0.01345381526104418
"s05_confirmation","Dual-Feasibility-Explore-AOP","DASCMOP4","DAS-CMOP",100,50000,4,287804,"all",249,400,50000,0.5,0,0.5,0.5,0,0.5,0.2000000000000007,0.5999999999999972,0.2000000000000007,17430,14940,17430,4172,1108,4540,0.2393574297188755,0.07416331994645248,0.2604704532415376,0,0,0,0.2395315633533985,0.1216439872925845,0.2834090578728088,0.7582628499034224,0.5976006215014503,0.7528294814077273,0.2430522088353414,NaN,0.2624096385542169,0.2301204819277108,0.07416331994645248,0.2556224899598394,0,NaN,0,0,0,0
"s05_confirmation","Dual-Feasibility-Explore-AOP","DASCMOP4","DAS-CMOP",100,50000,5,287805,"all",249,400,50000,0.5,0,0.5,0.5,0,0.5,0.2000000000000007,0.5999999999999972,0.2000000000000007,17430,14940,17430,4205,854,4102,0.2412507171543316,0.0571619812583668,0.2353413654618474,0.06029833620195066,0.008433734939759036,0.07246127366609294,0.2963514009631036,0.09705874997742815,0.310850930462454,0.764732975280466,0.5825278719491366,0.7432104307139272,0.2365461847389558,NaN,0.2329317269076305,0.2530120481927711,0.0571619812583668,0.2413654618473896,0.07004016064257028,NaN,0.08321285140562248,0.03594377510040161,0.008433734939759036,0.04558232931726908
"s05_confirmation","Dual-Feasibility-Explore-AOP","DASCMOP5","DAS-CMOP",100,50000,1,287901,"all",249,400,50000,0.5,0,0.5,0.5,0,0.5,0.2000000000000007,0.5999999999999972,0.2000000000000007,17430,14940,17430,4504,786,4006,0.2584050487664946,0.05261044176706827,0.229833620195066,0.0161790017211704,0.001673360107095047,0.01990820424555364,0.2149580839958738,0.05999905552317072,0.2143359994161347,0.7866147142739326,0.5836029179242451,0.759117350492495,0.260562248995984,NaN,0.2321285140562249,0.2530120481927711,0.05261044176706827,0.2240963855421687,0.02104417670682731,NaN,0.02554216867469879,0.004016064257028112,0.001673360107095047,0.005823293172690763
"s05_confirmation","Dual-Feasibility-Explore-AOP","DASCMOP5","DAS-CMOP",100,50000,2,287902,"all",249,400,50000,0.5,0,0.5,0.5,0,0.5,0.2000000000000007,0.5999999999999972,0.2000000000000007,17430,14940,17430,3139,1053,2987,0.1800917957544464,0.07048192771084337,0.1713711990820425,0.1218588640275387,0.04464524765729585,0.1608720596672404,0.3545649499613637,0.1916321084719995,0.3687470616083798,0.7779113095654214,0.6061745823764472,0.7449843180570603,0.1622489959839357,NaN,0.149718875502008,0.2246987951807229,0.07048192771084337,0.2255020080321285,0.1351004016064257,NaN,0.1677911646586345,0.08875502008032128,0.04464524765729585,0.143574297188755
"s05_confirmation","Dual-Feasibility-Explore-AOP","DASCMOP5","DAS-CMOP",100,50000,3,287903,"all",249,400,50000,0.5,0,0.5,0.5,0,0.5,0.2000000000000007,0.5999999999999972,0.2000000000000007,17430,14940,17430,3505,751,3227,0.2010900745840505,0.05026773761713521,0.185140562248996,0.1055651176133104,0.01840696117804552,0.1262191623637407,0.3425993270185919,0.1197365208468618,0.3434791123565817,0.7887595807909346,0.5829160336031357,0.7455107373110275,0.1857028112449799,NaN,0.168995983935743,0.2395582329317269,0.05026773761713521,0.2255020080321285,0.1178313253012048,NaN,0.1402409638554217,0.0748995983935743,0.01840696117804552,0.09116465863453815
"s05_confirmation","Dual-Feasibility-Explore-AOP","DASCMOP5","DAS-CMOP",100,50000,4,287904,"all",249,400,50000,0.5,0,0.5,0.5,0,0.5,0.2000000000000007,0.5999999999999972,0.2000000000000007,17430,14940,17430,4577,769,4122,0.2625932300631096,0.05147255689424364,0.2364888123924269,0,0,0,0.1900865345793614,0.07821684623281909,0.2048443350402042,0.7901921591517768,0.5834030330550513,0.7529134226896068,0.2565461847389558,NaN,0.2306024096385542,0.277710843373494,0.05147255689424364,0.2512048192771084,0,NaN,0,0,0,0
"s05_confirmation","Dual-Feasibility-Explore-AOP","DASCMOP5","DAS-CMOP",100,50000,5,287905,"all",249,400,50000,0.5,0,0.5,0.5,0,0.5,0.2000000000000007,0.5999999999999972,0.2000000000000007,17430,14940,17430,4373,925,4499,0.2508892713711991,0.06191432396251673,0.2581181870338497,0.03253012048192771,0.009638554216867471,0.05152036718301779,0.2398212848216143,0.1063933648256333,0.2689999713416742,0.7600645954600823,0.5918785208494769,0.752265623602774,0.2480321285140562,NaN,0.2572690763052209,0.2580321285140562,0.06191432396251673,0.2602409638554217,0.03710843373493976,NaN,0.05983935742971887,0.02108433734939759,0.009638554216867471,0.03072289156626506
"s05_confirmation","Dual-Feasibility-Explore-AOP","DASCMOP6","DAS-CMOP",100,50000,1,288001,"all",249,400,50000,0.5,0,0.5,0.5,0,0.5,0.2000000000000007,0.5999999999999972,0.2000000000000007,17430,14940,17430,4260,722,4453,0.2444061962134251,0.04832663989290496,0.2554790590935169,0.04698795180722892,0.006024096385542169,0.06270797475616753,0.2764429236786484,0.08639429781370198,0.3055148618839736,0.7589299228800989,0.5793581623876338,0.7576601449821952,0.2475502008032129,NaN,0.262008032128514,0.2365461847389558,0.04832663989290496,0.2391566265060241,0.05253012048192771,NaN,0.07060240963855421,0.03313253012048193,0.006024096385542169,0.0429718875502008
"s05_confirmation","Dual-Feasibility-Explore-AOP","DASCMOP6","DAS-CMOP",100,50000,2,288002,"all",249,400,50000,0.5,0,0.5,0.5,0,0.5,0.2000000000000007,0.5999999999999972,0.2000000000000007,17430,14940,17430,4378,560,4075,0.251176133103844,0.03748326639892905,0.2337923121055651,0.04308663224325875,0.003748326639892905,0.04257028112449799,0.2666282823713677,0.0549366088375892,0.2515568555554622,0.7850722040213053,0.556890775279282,0.74667874749563,0.2495582329317269,NaN,0.239277108433735,0.2552208835341365,0.03748326639892905,0.2200803212851406,0.05092369477911646,NaN,0.04795180722891566,0.02349397590361446,0.003748326639892905,0.02911646586345382
"s05_confirmation","Dual-Feasibility-Explore-AOP","DASCMOP6","DAS-CMOP",100,50000,3,288003,"all",249,400,50000,0.5,0,0.5,0.5,0,0.5,0.2000000000000007,0.5999999999999972,0.2000000000000007,17430,14940,17430,4199,814,4114,0.2409064830751578,0.05448460508701473,0.2360298336201951,0.0146873207114171,0.001004016064257028,0.02008032128514056,0.2360473743441094,0.0906671145332207,0.2542512526335533,0.7984293808813869,0.6002793896774704,0.7722632348891917,0.239277108433735,NaN,0.2326104417670683,0.2449799196787149,0.05448460508701473,0.244578313253012,0.01855421686746988,NaN,0.02465863453815261,0.005020080321285141,0.001004016064257028,0.008634538152610442
"s05_confirmation","Dual-Feasibility-Explore-AOP","DASCMOP6","DAS-CMOP",100,50000,4,288004,"all",249,400,50000,0.5,0,0.5,0.5,0,0.5,0.2000000000000007,0.5999999999999972,0.2000000000000007,17430,14940,17430,4837,598,4232,0.2775100401606426,0.04002677376171352,0.2427997705106139,0.02306368330464716,0.003346720214190094,0.02432587492828457,0.2374512083252793,0.06072233091289929,0.227255355067334,0.7870995408515306,0.5686656527567147,0.7438021857214133,0.2750200803212852,NaN,0.2455421686746988,0.2837349397590361,0.04002677376171352,0.2359437751004016,0.02522088353413655,NaN,0.02730923694779117,0.01767068273092369,0.003346720214190094,0.01686746987951807
"s05_confirmation","Dual-Feasibility-Explore-AOP","DASCMOP6","DAS-CMOP",100,50000,5,288005,"all",249,400,50000,0.5,0,0.5,0.5,0,0.5,0.2000000000000007,0.5999999999999972,0.2000000000000007,17430,14940,17430,3916,758,4182,0.2246701090074584,0.05073627844712182,0.2399311531841652,0.1055077452667814,0.02543507362784471,0.172289156626506,0.3612309601928368,0.1725775915585417,0.4324829282433584,0.7531452287062431,0.5997078534794472,0.7634005500583344,0.2160642570281124,NaN,0.2346987951807229,0.2461847389558233,0.05073627844712182,0.2530120481927711,0.1261044176706827,NaN,0.2039357429718875,0.05401606425702811,0.02543507362784471,0.09317269076305221
"s05_confirmation","Dual-Feasibility-Explore-AOP","DASCMOP7","DAS-CMOP",100,50000,1,288101,"all",249,400,50000,0.5,0,0.5,0.5,0,0.5,0.2000000000000007,0.5999999999999972,0.2000000000000007,17430,14940,17430,4082,1006,3917,0.2341939185312679,0.06733601070950468,0.2247274813539874,0.09259896729776247,0.01666666666666667,0.1192771084337349,0.3359775728381201,0.1417482788637322,0.3700104458898144,0.6969266026626034,0.5159767657442615,0.7029771272720969,0.2396787148594378,NaN,0.2194377510040161,0.2204819277108434,0.06733601070950468,0.2379518072289157,0.107710843373494,NaN,0.1324497991967871,0.05481927710843373,0.01666666666666667,0.08634538152610442
"s05_confirmation","Dual-Feasibility-Explore-AOP","DASCMOP7","DAS-CMOP",100,50000,2,288102,"all",249,400,50000,0.5,0,0.5,0.5,0,0.5,0.2000000000000007,0.5999999999999972,0.2000000000000007,17430,14940,17430,4676,1015,4483,0.2682730923694779,0.0679384203480589,0.2572002294893861,0.04509466437177281,0.006024096385542169,0.05909351692484223,0.2587203430739263,0.08607507081522912,0.2739781904974291,0.7117567855618366,0.5102232690878913,0.7017821943104677,0.2734136546184739,NaN,0.26,0.255421686746988,0.0679384203480589,0.2502008032128514,0.05461847389558233,NaN,0.07092369477911646,0.02128514056224899,0.006024096385542169,0.02951807228915663
"s05_confirmation","Dual-Feasibility-Explore-AOP","DASCMOP7","DAS-CMOP",100,50000,3,288103,"all",249,400,50000,0.5,0,0.5,0.5,0,0.5,0.2000000000000007,0.5999999999999972,0.2000000000000007,17430,14940,17430,4431,1053,4431,0.2542168674698795,0.07048192771084337,0.2542168674698795,0.02925989672977625,0.006291834002677376,0.03660355708548479,0.3164035097382716,0.1308621769385585,0.3618013520720373,0.708651902080129,0.5268034315014077,0.7255514415708043,0.2653012048192771,NaN,0.268995983935743,0.2265060240963855,0.07048192771084337,0.2172690763052209,0.03397590361445783,NaN,0.04240963855421687,0.01746987951807229,0.006291834002677376,0.02208835341365462
"s05_confirmation","Dual-Feasibility-Explore-AOP","DASCMOP7","DAS-CMOP",100,50000,4,288104,"all",249,400,50000,0.5,0,0.5,0.5,0,0.5,0.2000000000000007,0.5999999999999972,0.2000000000000007,17430,14940,17430,3788,1005,3697,0.2173264486517499,0.06726907630522089,0.2121055651176133,0.1312679288582903,0.02730923694779117,0.1536431440045898,0.3672129388245969,0.1409129299464175,0.3879798055961677,0.7167061784929561,0.5118684279875729,0.6985070828079091,0.2181526104417671,NaN,0.2063453815261044,0.2152610441767068,0.06726907630522089,0.2265060240963855,0.1446586345381526,NaN,0.1687550200803213,0.09779116465863454,0.02730923694779117,0.115863453815261
"s05_confirmation","Dual-Feasibility-Explore-AOP","DASCMOP7","DAS-CMOP",100,50000,5,288105,"all",249,400,50000,0.5,0,0.5,0.5,0,0.5,0.2000000000000007,0.5999999999999972,0.2000000000000007,17430,14940,17430,4439,807,4044,0.2546758462421113,0.05401606425702811,0.2320137693631669,0.0006310958118187034,0,0.001434308663224326,0.2133140443144495,0.06456174830160737,0.2113007501979748,0.7409706909360663,0.4975973374478573,0.690781454955849,0.2612048192771084,NaN,0.2340562248995984,0.2383534136546185,0.05401606425702811,0.2269076305220883,0.0008835341365461848,NaN,0.002008032128514056,0,0,0
"s05_confirmation","Dual-Feasibility-Explore-AOP","DASCMOP8","DAS-CMOP",100,50000,1,288201,"all",249,400,50000,0.5,0,0.5,0.5,0,0.5,0.2000000000000007,0.5999999999999972,0.2000000000000007,17430,14940,17430,3782,795,3705,0.216982214572576,0.05321285140562249,0.2125645438898451,0.076592082616179,0.009571619812583669,0.08634538152610442,0.3102454911694431,0.09787790905933277,0.3271822185400764,0.6957047490804246,0.4875652310640231,0.6693853773304359,0.2236144578313253,NaN,0.2192771084337349,0.2004016064257028,0.05321285140562249,0.1957831325301205,0.08666666666666667,NaN,0.09670682730923695,0.05140562248995984,0.009571619812583669,0.06044176706827309
"s05_confirmation","Dual-Feasibility-Explore-AOP","DASCMOP8","DAS-CMOP",100,50000,2,288202,"all",249,400,50000,0.5,0,0.5,0.5,0,0.5,0.2000000000000007,0.5999999999999972,0.2000000000000007,17430,14940,17430,4114,1002,3974,0.2360298336201951,0.06706827309236948,0.2279977051061388,0.0717154331612163,0.008969210174029451,0.1038439472174412,0.302505306449573,0.1248286804998202,0.3421239843122393,0.6878022392892734,0.5111605717477683,0.6859356667019481,0.2373493975903614,NaN,0.2277911646586345,0.2327309236947791,0.06706827309236948,0.2285140562248996,0.08457831325301204,NaN,0.1229718875502008,0.03955823293172691,0.008969210174029451,0.05602409638554217
"s05_confirmation","Dual-Feasibility-Explore-AOP","DASCMOP8","DAS-CMOP",100,50000,3,288203,"all",249,400,50000,0.5,0,0.5,0.5,0,0.5,0.2000000000000007,0.5999999999999972,0.2000000000000007,17430,14940,17430,4305,844,4291,0.2469879518072289,0.05649263721552878,0.2461847389558233,0.05777395295467585,0.00783132530120482,0.06385542168674699,0.2779203919525343,0.08240425985787456,0.2859547623675153,0.6977657094434931,0.4845990829193491,0.6784908131459692,0.2499598393574297,NaN,0.2531726907630522,0.2395582329317269,0.05649263721552878,0.228714859437751,0.06522088353413655,NaN,0.0740562248995984,0.0391566265060241,0.00783132530120482,0.03835341365461847
"s05_confirmation","Dual-Feasibility-Explore-AOP","DASCMOP8","DAS-CMOP",100,50000,4,288204,"all",249,400,50000,0.5,0,0.5,0.5,0,0.5,0.2000000000000007,0.5999999999999972,0.2000000000000007,17430,14940,17430,4311,850,4105,0.2473321858864028,0.05689424364123159,0.2355134825014343,0.05507745266781412,0.006291834002677376,0.05731497418244406,0.2605202724852024,0.07766973704987677,0.2594403443742416,0.7116074368879722,0.4930964039408223,0.6824079228142517,0.2457028112449799,NaN,0.2375100401606426,0.2514056224899598,0.05689424364123159,0.2305220883534136,0.05943775100401606,NaN,0.06417670682730924,0.04417670682730924,0.006291834002677376,0.04016064257028112
"s05_confirmation","Dual-Feasibility-Explore-AOP","DASCMOP8","DAS-CMOP",100,50000,5,288205,"all",249,400,50000,0.5,0,0.5,0.5,0,0.5,0.2000000000000007,0.5999999999999972,0.2000000000000007,17430,14940,17430,3569,657,3047,0.2047619047619048,0.04397590361445783,0.1748135398737808,0.1698795180722892,0.01820615796519411,0.1632816982214572,0.3636363566889078,0.09894390707264085,0.338261969047386,0.7145787164891485,0.4737554544180908,0.6577205627397676,0.2024899598393574,NaN,0.171566265060241,0.2104417670682731,0.04397590361445783,0.1829317269076305,0.1812048192771084,NaN,0.1723694779116466,0.141566265060241,0.01820615796519411,0.1405622489959839
"s05_confirmation","Dual-Feasibility-Explore-AOP","DASCMOP9","DAS-CMOP",100,50000,1,288301,"all",249,400,50000,0.5,0,0.5,0.5,0,0.5,0.2000000000000007,0.5999999999999972,0.2000000000000007,17430,14940,17430,1421,2460,998,0.08152610441767068,0.1646586345381526,0.05725760183591509,0.3432587492828457,0.02336010709504685,0.3202524383247275,0.7617613417405827,0.5502256252485151,0.7266999455798751,0.6444156096938674,0.7089157692682628,0.6479665041071524,0.06184738955823293,NaN,0.03485943775100402,0.1307228915662651,0.1646586345381526,0.1132530120481928,0.4512449799196787,NaN,0.4241767068273092,0.07329317269076305,0.02336010709504685,0.06044176706827309
"s05_confirmation","Dual-Feasibility-Explore-AOP","DASCMOP9","DAS-CMOP",100,50000,2,288302,"all",249,400,50000,0.5,0,0.5,0.5,0,0.5,0.2000000000000007,0.5999999999999972,0.2000000000000007,17430,14940,17430,1480,2492,1054,0.08491107286288009,0.1668005354752343,0.06047045324153758,0.3421113023522662,0.02021419009370817,0.3179575444635686,0.7625282464176542,0.5406879057707513,0.7228076515628855,0.6497990617936407,0.7040930611417709,0.6448969692485224,0.05919678714859438,NaN,0.03502008032128514,0.1491967871485944,0.1668005354752343,0.1240963855421687,0.4542168674698795,NaN,0.4241767068273092,0.06184738955823293,0.02021419009370817,0.05240963855421687
"s05_confirmation","Dual-Feasibility-Explore-AOP","DASCMOP9","DAS-CMOP",100,50000,3,288303,"all",249,400,50000,0.5,0,0.5,0.5,0,0.5,0.2000000000000007,0.5999999999999972,0.2000000000000007,17430,14940,17430,1258,2517,968,0.07217441193344808,0.1684738955823293,0.0555364314400459,0.3647160068846816,0.02021419009370817,0.3237521514629949,0.7529339101067349,0.5548406362878465,0.7212812600236442,0.6391551461612265,0.7235272260402362,0.6469629958281814,0.06056224899598393,NaN,0.03903614457831325,0.1012048192771084,0.1684738955823293,0.09678714859437751,0.4813654618473895,NaN,0.4285943775100401,0.07309236947791165,0.02021419009370817,0.06164658634538153
"s05_confirmation","Dual-Feasibility-Explore-AOP","DASCMOP9","DAS-CMOP",100,50000,4,288304,"all",249,400,50000,0.5,0,0.5,0.5,0,0.5,0.2000000000000007,0.5999999999999972,0.2000000000000007,17430,14940,17430,1035,2452,906,0.05938037865748709,0.1641231593038822,0.05197934595524957,0.3641996557659208,0.02791164658634538,0.3144004589787722,0.7469515739036012,0.5566063456711875,0.7143270381913684,0.6448994876482452,0.7290032995867334,0.6559268390640812,0.05485943775100401,NaN,0.04008032128514056,0.07068273092369477,0.1641231593038822,0.08172690763052209,0.476706827309237,NaN,0.4130120481927711,0.08293172690763052,0.02791164658634538,0.0678714859437751
"s05_confirmation","Dual-Feasibility-Explore-AOP","DASCMOP9","DAS-CMOP",100,50000,5,288305,"all",249,400,50000,0.5,0,0.5,0.5,0,0.5,0.2000000000000007,0.5999999999999972,0.2000000000000007,17430,14940,17430,1193,2450,979,0.06844520940906483,0.1639892904953146,0.0561675272518646,0.3699368904188181,0.02034805890227577,0.3366035570854848,0.7629574128210409,0.5513583325481308,0.7294885747567411,0.6346060252261482,0.7073487614824686,0.639760529316561,0.05759036144578313,NaN,0.0363855421686747,0.09558232931726908,0.1639892904953146,0.1056224899598394,0.4927710843373494,NaN,0.4509236947791165,0.06285140562248996,0.02034805890227577,0.05080321285140562
"s05_confirmation","Dual-Feasibility-Explore-AOP","LIRCMOP10","LIR-CMOP",100,50000,1,287001,"all",249,400,50000,0.5,0,0.5,0.5,0,0.5,0.2000000000000007,0.5999999999999972,0.2000000000000007,17430,14940,17430,1692,1933,2216,0.09707401032702237,0.129384203480589,0.1271371199082043,0.6738955823293172,0.5680053547523427,0.7211703958691911,0.935801592530583,0.880158264134801,0.9285428043973906,0.8034227792249897,0.8249455399250866,0.8174967699507893,0.1018473895582329,NaN,0.1320481927710843,0.08514056224899598,0.129384203480589,0.114859437751004,0.7536546184738956,NaN,0.779277108433735,0.4744979919678715,0.5680053547523427,0.5759036144578313
"s05_confirmation","Dual-Feasibility-Explore-AOP","LIRCMOP10","LIR-CMOP",100,50000,2,287002,"all",249,400,50000,0.5,0,0.5,0.5,0,0.5,0.2000000000000007,0.5999999999999972,0.2000000000000007,17430,14940,17430,1805,1982,2118,0.1035570854847963,0.1326639892904953,0.1215146299483649,0.6761904761904762,0.5952476572958501,0.7258749282845668,0.9314118379423983,0.8774367922219442,0.9278739857608225,0.7989122271287395,0.8234698859449712,0.8117212478307304,0.111004016064257,NaN,0.1273895582329317,0.08493975903614458,0.1326639892904953,0.1068273092369478,0.7613654618473895,NaN,0.7802409638554216,0.4632530120481927,0.5952476572958501,0.5899598393574297
"s05_confirmation","Dual-Feasibility-Explore-AOP","LIRCMOP10","LIR-CMOP",100,50000,3,287003,"all",249,400,50000,0.5,0,0.5,0.5,0,0.5,0.2000000000000007,0.5999999999999972,0.2000000000000007,17430,14940,17430,1783,2063,2018,0.1022948938611589,0.1380856760374833,0.1157773952954676,0.674411933448078,0.5945113788487283,0.7168674698795181,0.9318002723944864,0.876335518718678,0.9247033533970657,0.8166739444815452,0.8141149344115972,0.8318133613886534,0.107710843373494,NaN,0.1173493975903614,0.08875502008032128,0.1380856760374833,0.1118473895582329,0.7523694779116465,NaN,0.7686746987951807,0.4795180722891566,0.5945113788487283,0.5873493975903614
"s05_confirmation","Dual-Feasibility-Explore-AOP","LIRCMOP10","LIR-CMOP",100,50000,4,287004,"all",249,400,50000,0.5,0,0.5,0.5,0,0.5,0.2000000000000007,0.5999999999999972,0.2000000000000007,17430,14940,17430,2466,1992,2507,0.1414802065404475,0.1333333333333333,0.1438324727481354,0.7436603557085485,0.6378179384203481,0.7805507745266781,0.9475598210073327,0.9065513013330482,0.9440196891771312,0.795451942931851,0.8733281572381847,0.8087895656512486,0.1465060240963856,NaN,0.151566265060241,0.1289156626506024,0.1333333333333333,0.1244979919678715,0.805140562248996,NaN,0.8282730923694779,0.5899598393574297,0.6378179384203481,0.6612449799196787
"s05_confirmation","Dual-Feasibility-Explore-AOP","LIRCMOP10","LIR-CMOP",100,50000,5,287005,"all",249,400,50000,0.5,0,0.5,0.5,0,0.5,0.2000000000000007,0.5999999999999972,0.2000000000000007,17430,14940,17430,2184,2084,2486,0.1253012048192771,0.1394912985274431,0.142627653471027,0.7059093516924843,0.6114457831325302,0.7561675272518646,0.9408029483669142,0.890420352464258,0.9371441580135597,0.8297266468042677,0.8359452372155002,0.8446700579692358,0.1302008032128514,NaN,0.1503614457831325,0.1130522088353414,0.1394912985274431,0.1232931726907631,0.7835341365461848,NaN,0.8100401606425702,0.5118473895582329,0.6114457831325302,0.6214859437751004
"s05_confirmation","Dual-Feasibility-Explore-AOP","LIRCMOP11","LIR-CMOP",100,50000,1,287101,"all",249,400,50000,0.5,0,0.5,0.5,0,0.5,0.2000000000000007,0.5999999999999972,0.2000000000000007,17430,14940,17430,2875,2868,3071,0.1649454962707975,0.1919678714859438,0.1761904761904762,0.6286861732644865,0.1891566265060241,0.6266781411359724,0.8745683864262477,0.6876361552628244,0.8728729148431132,0.8123734722755757,0.8580583693124408,0.8313194243947423,0.1710843373493976,NaN,0.1853815261044177,0.1495983935742972,0.1919678714859438,0.1532128514056225,0.7255421686746988,NaN,0.7453815261044177,0.3865461847389558,0.1891566265060241,0.3299196787148594
"s05_confirmation","Dual-Feasibility-Explore-AOP","LIRCMOP11","LIR-CMOP",100,50000,2,287102,"all",249,400,50000,0.5,0,0.5,0.5,0,0.5,0.2000000000000007,0.5999999999999972,0.2000000000000007,17430,14940,17430,2822,3074,3175,0.1619047619047619,0.2057563587684069,0.1821572002294894,0.6246701090074585,0.1992637215528782,0.6221457257601836,0.8707900678858688,0.673543561399208,0.8698089367893924,0.8036281735051921,0.8159405335137675,0.8197315633535361,0.172289156626506,NaN,0.1828112449799197,0.1359437751004016,0.2057563587684069,0.1805220883534137,0.7562248995983936,NaN,0.7691566265060241,0.2957831325301205,0.1992637215528782,0.2546184738955823
"s05_confirmation","Dual-Feasibility-Explore-AOP","LIRCMOP11","LIR-CMOP",100,50000,3,287103,"all",249,400,50000,0.5,0,0.5,0.5,0,0.5,0.2000000000000007,0.5999999999999972,0.2000000000000007,17430,14940,17430,2195,2486,2454,0.1259323006310958,0.1663989290495315,0.1407917383820998,0.6500860585197935,0.2184738955823293,0.5940906483075158,0.881879779935561,0.6910927798435672,0.8640597292348609,0.8139336177467482,0.8265599766995571,0.8359079820549881,0.134136546184739,NaN,0.1494779116465864,0.105421686746988,0.1663989290495315,0.1190763052208835,0.7301204819277108,NaN,0.6898795180722892,0.45,0.2184738955823293,0.3546184738955823
"s05_confirmation","Dual-Feasibility-Explore-AOP","LIRCMOP11","LIR-CMOP",100,50000,4,287104,"all",249,400,50000,0.5,0,0.5,0.5,0,0.5,0.2000000000000007,0.5999999999999972,0.2000000000000007,17430,14940,17430,2758,2979,3048,0.1582329317269076,0.1993975903614458,0.1748709122203098,0.5568559954102122,0.1479919678714859,0.5704532415375789,0.8548456022786212,0.6499302519529422,0.8519925346318393,0.8479220542581883,0.8160406868329563,0.861744368249146,0.1630522088353414,NaN,0.1821686746987952,0.1461847389558233,0.1993975903614458,0.1566265060240964,0.6929317269076305,NaN,0.7094779116465864,0.2166666666666667,0.1479919678714859,0.2228915662650602
"s05_confirmation","Dual-Feasibility-Explore-AOP","LIRCMOP11","LIR-CMOP",100,50000,5,287105,"all",249,400,50000,0.5,0,0.5,0.5,0,0.5,0.2000000000000007,0.5999999999999972,0.2000000000000007,17430,14940,17430,3138,2852,3166,0.1800344234079174,0.1908969210174029,0.1816408491107286,0.6660929432013769,0.2396921017402945,0.6584050487664945,0.8836588181936861,0.7034489432255521,0.8855587641472263,0.8370303357971731,0.8980946747537917,0.8644680883551124,0.1852208835341365,NaN,0.1822489959839357,0.1670682730923695,0.1908969210174029,0.1801204819277109,0.7809638554216868,NaN,0.7829718875502008,0.3789156626506024,0.2396921017402945,0.3469879518072289
"s05_confirmation","Dual-Feasibility-Explore-AOP","LIRCMOP12","LIR-CMOP",100,50000,1,287201,"all",249,400,50000,0.5,0,0.5,0.5,0,0.5,0.2000000000000007,0.5999999999999972,0.2000000000000007,17430,14940,17430,2685,3451,2502,0.1540447504302926,0.2309906291834003,0.1435456110154905,0.5456110154905336,0.1516064257028112,0.5673551348250143,0.8465684312256366,0.6793679064047605,0.8497741270432537,0.8521182309799067,0.855942249754108,0.8700653430520175,0.1401606425702811,NaN,0.1090763052208835,0.1887550200803213,0.2309906291834003,0.229718875502008,0.6897991967871486,NaN,0.7128514056224899,0.185140562248996,0.1516064257028112,0.2036144578313253
"s05_confirmation","Dual-Feasibility-Explore-AOP","LIRCMOP12","LIR-CMOP",100,50000,2,287202,"all",249,400,50000,0.5,0,0.5,0.5,0,0.5,0.2000000000000007,0.5999999999999972,0.2000000000000007,17430,14940,17430,5090,3492,5809,0.2920252438324727,0.2337349397590361,0.3332759609868043,0.648881239242685,0.1647925033467202,0.672461273666093,0.866588877489201,0.6793166312477196,0.878944297920324,0.8425198925665248,0.8514086769605772,0.8591974508975794,0.3376706827309237,NaN,0.3885943775100402,0.1779116465863454,0.2337349397590361,0.1949799196787149,0.8171084337349398,NaN,0.8517269076305221,0.2283132530120482,0.1647925033467202,0.2242971887550201
"s05_confirmation","Dual-Feasibility-Explore-AOP","LIRCMOP12","LIR-CMOP",100,50000,3,287203,"all",249,400,50000,0.5,0,0.5,0.5,0,0.5,0.2000000000000007,0.5999999999999972,0.2000000000000007,17430,14940,17430,2668,3171,2514,0.1530694205393001,0.2122489959839357,0.1442340791738382,0.5263912794033276,0.149665327978581,0.5532415375788869,0.840602737597084,0.672943715968869,0.8400418236315186,0.8486748418808332,0.8428370656977642,0.8627134190534581,0.1468273092369478,NaN,0.1244979919678715,0.1686746987951807,0.2122489959839357,0.193574297188755,0.6572690763052209,NaN,0.6923694779116466,0.1991967871485944,0.149665327978581,0.205421686746988
"s05_confirmation","Dual-Feasibility-Explore-AOP","LIRCMOP12","LIR-CMOP",100,50000,4,287204,"all",249,400,50000,0.5,0,0.5,0.5,0,0.5,0.2000000000000007,0.5999999999999972,0.2000000000000007,17430,14940,17430,3253,3525,3171,0.1866322432587493,0.2359437751004016,0.1819277108433735,0.5995410212277682,0.1811244979919679,0.6184738955823293,0.8499110189111425,0.679143292493381,0.8589283643644483,0.8489681689531225,0.8913362235522868,0.8732687888142513,0.1889156626506024,NaN,0.1784738955823293,0.1809236947791165,0.2359437751004016,0.1905622489959839,0.7255421686746988,NaN,0.7551004016064257,0.2845381526104417,0.1811244979919679,0.2769076305220883
"s05_confirmation","Dual-Feasibility-Explore-AOP","LIRCMOP12","LIR-CMOP",100,50000,5,287205,"all",249,400,50000,0.5,0,0.5,0.5,0,0.5,0.2000000000000007,0.5999999999999972,0.2000000000000007,17430,14940,17430,4224,3208,4633,0.2423407917383821,0.2147255689424364,0.2658060814687321,0.5947791164658635,0.1250334672021419,0.6218588640275388,0.8491857461682253,0.6728992660831417,0.8624311174460676,0.8588593205399668,0.8687230308992535,0.8829169843322028,0.2665863453815261,NaN,0.2967871485943775,0.1817269076305221,0.2147255689424364,0.1883534136546185,0.7648192771084338,NaN,0.8011244979919678,0.1696787148594378,0.1250334672021419,0.1736947791164659
"s05_confirmation","Dual-Feasibility-Explore-AOP","LIRCMOP13","LIR-CMOP",100,50000,1,287301,"all",249,400,50000,0.5,0,0.5,0.5,0,0.5,0.2000000000000007,0.5999999999999972,0.2000000000000007,17430,14940,17430,3575,1950,3125,0.2051061388410786,0.1305220883534137,0.1792885829030407,0.7414802065404476,0.6080321285140562,0.7824440619621342,0.9234104630466566,0.8721872095840095,0.9357456623310867,0.4614780692326147,0.4494364657669614,0.4542181452168762,0.1894779116465863,NaN,0.1717269076305221,0.2441767068273092,0.1305220883534137,0.1981927710843374,0.7734136546184739,NaN,0.8145381526104417,0.6616465863453815,0.6080321285140562,0.7022088353413655
"s05_confirmation","Dual-Feasibility-Explore-AOP","LIRCMOP13","LIR-CMOP",100,50000,2,287302,"all",249,400,50000,0.5,0,0.5,0.5,0,0.5,0.2000000000000007,0.5999999999999972,0.2000000000000007,17430,14940,17430,3802,2069,3043,0.2181296615031555,0.1384872824631861,0.174584050487665,0.7475616752725186,0.6022088353413655,0.8005163511187607,0.9181831713085862,0.858316607075902,0.9332163503648248,0.4596034713427108,0.4486073430767831,0.4529428839953794,0.2012048192771084,NaN,0.1653815261044177,0.2604417670682731,0.1384872824631861,0.1975903614457831,0.776867469879518,NaN,0.8346987951807229,0.6742971887550201,0.6022088353413655,0.7150602409638555
"s05_confirmation","Dual-Feasibility-Explore-AOP","LIRCMOP13","LIR-CMOP",100,50000,3,287303,"all",249,400,50000,0.5,0,0.5,0.5,0,0.5,0.2000000000000007,0.5999999999999972,0.2000000000000007,17430,14940,17430,3810,2074,3011,0.2185886402753873,0.1388219544846051,0.1727481353987378,0.7358003442340791,0.5890227576974565,0.7632816982214573,0.9240834507008313,0.8714221004964369,0.9295336620829906,0.4607077937092976,0.4474839645125316,0.4525443731161333,0.2052208835341365,NaN,0.1601606425702811,0.2520080321285141,0.1388219544846051,0.2042168674698795,0.7692369477911647,NaN,0.7941365461847389,0.6522088353413654,0.5890227576974565,0.686144578313253
"s05_confirmation","Dual-Feasibility-Explore-AOP","LIRCMOP13","LIR-CMOP",100,50000,4,287304,"all",249,400,50000,0.5,0,0.5,0.5,0,0.5,0.2000000000000007,0.5999999999999972,0.2000000000000007,17430,14940,17430,3730,1938,3043,0.2139988525530694,0.129718875502008,0.174584050487665,0.7330464716006885,0.6049531459170013,0.7672403901319564,0.9233870930226257,0.8677104857673407,0.925070876774698,0.4587488782867131,0.4458956253572482,0.4522780065658901,0.2010441767068273,NaN,0.1653012048192771,0.2463855421686747,0.129718875502008,0.1977911646586345,0.7626506024096386,NaN,0.7939759036144578,0.6590361445783133,0.6049531459170013,0.7004016064257028
"s05_confirmation","Dual-Feasibility-Explore-AOP","LIRCMOP13","LIR-CMOP",100,50000,5,287305,"all",249,400,50000,0.5,0,0.5,0.5,0,0.5,0.2000000000000007,0.5999999999999972,0.2000000000000007,17430,14940,17430,3658,2074,3124,0.2098680436029834,0.1388219544846051,0.1792312105565118,0.7401606425702811,0.6127844712182061,0.7879518072289157,0.9137625658670333,0.8592674592283573,0.9269111679089005,0.4613681559110451,0.4495707110508119,0.4547149294219028,0.1931726907630522,NaN,0.169718875502008,0.2516064257028112,0.1388219544846051,0.2030120481927711,0.775421686746988,NaN,0.8241767068273093,0.6520080321285141,0.6127844712182061,0.6973895582329317
"s05_confirmation","Dual-Feasibility-Explore-AOP","LIRCMOP14","LIR-CMOP",100,50000,1,287401,"all",249,400,50000,0.5,0,0.5,0.5,0,0.5,0.2000000000000007,0.5999999999999972,0.2000000000000007,17430,14940,17430,3480,1935,2733,0.1996557659208262,0.1295180722891566,0.1567986230636833,0.6472174411933448,0.4831994645247658,0.6632816982214572,0.9206749007662389,0.8714284281249514,0.9343324136555553,0.4625771942806635,0.450240580050594,0.4557267273723145,0.1793574297188755,NaN,0.1434538152610442,0.2504016064257028,0.1295180722891566,0.1901606425702811,0.6898795180722892,NaN,0.6996787148594378,0.5405622489959839,0.4831994645247658,0.572289156626506
"s05_confirmation","Dual-Feasibility-Explore-AOP","LIRCMOP14","LIR-CMOP",100,50000,2,287402,"all",249,400,50000,0.5,0,0.5,0.5,0,0.5,0.2000000000000007,0.5999999999999972,0.2000000000000007,17430,14940,17430,3487,1927,2798,0.200057372346529,0.1289825970548862,0.1605278255880666,0.6495697074010327,0.4972556894243641,0.6609868043602983,0.9249921792781362,0.8774691872115471,0.9341956009901554,0.461115380884264,0.4502953531700678,0.4544605111153351,0.1815261044176707,NaN,0.1475502008032128,0.2463855421686747,0.1289825970548862,0.1929718875502008,0.6930923694779116,NaN,0.6979116465863454,0.5407630522088354,0.4972556894243641,0.5686746987951807
"s05_confirmation","Dual-Feasibility-Explore-AOP","LIRCMOP14","LIR-CMOP",100,50000,3,287403,"all",249,400,50000,0.5,0,0.5,0.5,0,0.5,0.2000000000000007,0.5999999999999972,0.2000000000000007,17430,14940,17430,3448,1899,2656,0.197819850831899,0.1271084337349398,0.1523809523809524,0.655421686746988,0.4832663989290495,0.6605278255880666,0.9218307439055191,0.8631431093543931,0.929641288758974,0.4603849257128502,0.4471687395133724,0.4524328575651535,0.1807228915662651,NaN,0.1393574297188755,0.2405622489959839,0.1271084337349398,0.1849397590361446,0.696144578313253,NaN,0.694136546184739,0.5536144578313253,0.4832663989290495,0.5765060240963855
"s05_confirmation","Dual-Feasibility-Explore-AOP","LIRCMOP14","LIR-CMOP",100,50000,4,287404,"all",249,400,50000,0.5,0,0.5,0.5,0,0.5,0.2000000000000007,0.5999999999999972,0.2000000000000007,17430,14940,17430,3355,1932,2753,0.1924842226047045,0.1293172690763052,0.1579460699942628,0.638209982788296,0.4675368139223561,0.6519219736087206,0.9107711556846245,0.8607632502794025,0.9271739924595982,0.4633192342165908,0.4489453855782259,0.4561711163191743,0.1725301204819277,NaN,0.1448192771084337,0.2423694779116466,0.1293172690763052,0.1907630522088354,0.6734939759036145,NaN,0.6881124497991968,0.55,0.4675368139223561,0.5614457831325301
"s05_confirmation","Dual-Feasibility-Explore-AOP","LIRCMOP14","LIR-CMOP",100,50000,5,287405,"all",249,400,50000,0.5,0,0.5,0.5,0,0.5,0.2000000000000007,0.5999999999999972,0.2000000000000007,17430,14940,17430,3413,1855,2743,0.195811818703385,0.1241633199464525,0.157372346528973,0.64245553643144,0.4692101740294511,0.6452667814113597,0.9169490002245201,0.8500231663398442,0.920388624083606,0.4586005626321848,0.4477036159233638,0.4520890004706618,0.1762248995983936,NaN,0.1429718875502008,0.2447791164658634,0.1241633199464525,0.1933734939759036,0.6881927710843373,NaN,0.6849799196787149,0.5281124497991968,0.4692101740294511,0.5459839357429719
"s05_confirmation","Dual-Feasibility-Explore-AOP","LIRCMOP1","LIR-CMOP",100,50000,1,286101,"all",249,400,50000,0.5,0,0.5,0.5,0,0.5,0.2000000000000007,0.5999999999999972,0.2000000000000007,17430,14940,17430,1394,2189,1031,0.07997705106138842,0.1465194109772423,0.0591508892713712,0.04888123924268502,0,0.02484222604704532,0.8265323655352627,0.6646449442817963,0.8199879050370182,0.6787361536636451,0.8115368960317305,0.6746989724691725,0.08088353413654618,NaN,0.04441767068273093,0.07771084337349397,0.1465194109772423,0.09598393574297188,0.06843373493975903,NaN,0.03477911646586345,0,0,0
"s05_confirmation","Dual-Feasibility-Explore-AOP","LIRCMOP1","LIR-CMOP",100,50000,2,286102,"all",249,400,50000,0.5,0,0.5,0.5,0,0.5,0.2000000000000007,0.5999999999999972,0.2000000000000007,17430,14940,17430,1267,1951,867,0.07269076305220884,0.1305890227576975,0.04974182444061962,0.02799770510613884,6.693440428380188e-05,0.00831899024670109,0.8288419286074489,0.6793037778739537,0.8069216428685068,0.6846947962802357,0.8159267220565309,0.6722477476042892,0.06899598393574297,NaN,0.03413654618473896,0.0819277108433735,0.1305890227576975,0.08875502008032128,0.03919678714859438,NaN,0.01164658634538153,0,6.693440428380188e-05,0
"s05_confirmation","Dual-Feasibility-Explore-AOP","LIRCMOP1","LIR-CMOP",100,50000,3,286103,"all",249,400,50000,0.5,0,0.5,0.5,0,0.5,0.2000000000000007,0.5999999999999972,0.2000000000000007,17430,14940,17430,1387,2267,1000,0.0795754446356856,0.1517402945113789,0.05737234652897304,0.0372346528973035,0,0.01549053356282272,0.8388824155188103,0.6800392966391019,0.831409793006895,0.6757967079695888,0.8109057893678541,0.6648853961475013,0.07879518072289157,NaN,0.04248995983935743,0.08152610441767068,0.1517402945113789,0.09457831325301205,0.05204819277108434,NaN,0.02168674698795181,0.0002008032128514056,0,0
"s05_confirmation","Dual-Feasibility-Explore-AOP","LIRCMOP1","LIR-CMOP",100,50000,4,286104,"all",249,400,50000,0.5,0,0.5,0.5,0,0.5,0.2000000000000007,0.5999999999999972,0.2000000000000007,17430,14940,17430,1484,2322,1091,0.08514056224899598,0.1554216867469879,0.06259323006310959,0.05381526104417671,0,0.02082616179001721,0.8274311360173844,0.6317387322009524,0.8205282984157961,0.6765347916699977,0.8146319226442171,0.6649178099577943,0.08144578313253012,NaN,0.04353413654618474,0.09437751004016064,0.1554216867469879,0.1102409638554217,0.07534136546184739,NaN,0.0291566265060241,0,0,0
"s05_confirmation","Dual-Feasibility-Explore-AOP","LIRCMOP1","LIR-CMOP",100,50000,5,286105,"all",249,400,50000,0.5,0,0.5,0.5,0,0.5,0.2000000000000007,0.5999999999999972,0.2000000000000007,17430,14940,17430,1331,2309,1009,0.07636259323006311,0.1545515394912985,0.05788869764773379,0.02891566265060241,0,0.01049913941480207,0.8465154504102571,0.6744654846350521,0.8448314641341017,0.6835939131630779,0.8071024407253956,0.6694399974365506,0.07012048192771084,NaN,0.03823293172690763,0.09196787148594378,0.1545515394912985,0.1070281124497992,0.04048192771084337,NaN,0.01469879518072289,0,0,0
"s05_confirmation","Dual-Feasibility-Explore-AOP","LIRCMOP2","LIR-CMOP",100,50000,1,286201,"all",249,400,50000,0.5,0,0.5,0.5,0,0.5,0.2000000000000007,0.5999999999999972,0.2000000000000007,17430,14940,17430,1240,2954,1096,0.07114170969592656,0.1977242302543507,0.06288009179575445,0.04142283419391853,0,0.01812966150315548,0.8617805344924151,0.6828177754801186,0.8397087293375092,0.6813044581980374,0.8538863100817465,0.6701839925664073,0.07309236947791165,NaN,0.03791164658634538,0.06626506024096386,0.1977242302543507,0.1253012048192771,0.05799196787148594,NaN,0.02530120481927711,0,0,0.0002008032128514056
"s05_confirmation","Dual-Feasibility-Explore-AOP","LIRCMOP2","LIR-CMOP",100,50000,2,286202,"all",249,400,50000,0.5,0,0.5,0.5,0,0.5,0.2000000000000007,0.5999999999999972,0.2000000000000007,17430,14940,17430,1301,3141,1107,0.07464142283419392,0.2102409638554217,0.06351118760757316,0.04090648307515778,6.693440428380188e-05,0.01692484222604704,0.8668416229333412,0.6545264330982974,0.8313502066392925,0.7133916271676985,0.8286969260213167,0.6932680120466124,0.06835341365461847,NaN,0.03365461847389558,0.09036144578313253,0.2102409638554217,0.1381526104417671,0.05726907630522089,NaN,0.02369477911646586,0,6.693440428380188e-05,0
"s05_confirmation","Dual-Feasibility-Explore-AOP","LIRCMOP2","LIR-CMOP",100,50000,3,286203,"all",249,400,50000,0.5,0,0.5,0.5,0,0.5,0.2000000000000007,0.5999999999999972,0.2000000000000007,17430,14940,17430,1437,3237,1123,0.08244406196213425,0.2166666666666667,0.06442914515203672,0.03683304647160069,0,0.01566265060240964,0.8704113206467018,0.6522409809598859,0.8317215511385437,0.6923947821285547,0.7966095755002525,0.6673017014005035,0.06522088353413655,NaN,0.03132530120481928,0.1255020080321285,0.2166666666666667,0.1471887550200803,0.05156626506024097,NaN,0.0219277108433735,0,0,0
"s05_confirmation","Dual-Feasibility-Explore-AOP","LIRCMOP2","LIR-CMOP",100,50000,4,286204,"all",249,400,50000,0.5,0,0.5,0.5,0,0.5,0.2000000000000007,0.5999999999999972,0.2000000000000007,17430,14940,17430,1138,3047,1079,0.06528973034997132,0.2039491298527443,0.06190476190476191,0.03843947217441193,0,0.01663798049340218,0.8575800262704208,0.649729110981235,0.8320106953512734,0.6976134533571686,0.8501243623096874,0.689720337894323,0.06554216867469879,NaN,0.03349397590361446,0.06465863453815261,0.2039491298527443,0.1329317269076305,0.05381526104417671,NaN,0.02329317269076305,0,0,0
"s05_confirmation","Dual-Feasibility-Explore-AOP","LIRCMOP2","LIR-CMOP",100,50000,5,286205,"all",249,400,50000,0.5,0,0.5,0.5,0,0.5,0.2000000000000007,0.5999999999999972,0.2000000000000007,17430,14940,17430,1411,2929,1326,0.08095238095238096,0.1960508701472557,0.07607573149741824,0.05611015490533563,0,0.03711990820424555,0.8662732289347904,0.6486552188422913,0.841260900457096,0.705025690078362,0.8268017426644946,0.6924001104214887,0.0721285140562249,NaN,0.04650602409638555,0.1030120481927711,0.1960508701472557,0.15,0.07855421686746988,NaN,0.05196787148594378,0,0,0
"s05_confirmation","Dual-Feasibility-Explore-AOP","LIRCMOP3","LIR-CMOP",100,50000,1,286301,"all",249,400,50000,0.5,0,0.5,0.5,0,0.5,0.2000000000000007,0.5999999999999972,0.2000000000000007,17430,14940,17430,1325,2891,1004,0.07601835915088927,0.1935073627844712,0.05760183591508893,0.04693057946069994,6.693440428380188e-05,0.01686746987951807,0.8105640660697985,0.5086372698467022,0.7272722615038835,0.6811498650080779,0.8186466582399831,0.6665145353860382,0.08449799196787149,NaN,0.03654618473895582,0.05481927710843373,0.1935073627844712,0.1102409638554217,0.06570281124497993,NaN,0.0236144578313253,0,6.693440428380188e-05,0
"s05_confirmation","Dual-Feasibility-Explore-AOP","LIRCMOP3","LIR-CMOP",100,50000,2,286302,"all",249,400,50000,0.5,0,0.5,0.5,0,0.5,0.2000000000000007,0.5999999999999972,0.2000000000000007,17430,14940,17430,1267,2899,1001,0.07269076305220884,0.1940428380187416,0.05742971887550201,0.04555364314400459,0,0.01990820424555364,0.8088707887772115,0.5002965623560167,0.7386671050227642,0.6903368181026772,0.8279305333295229,0.6772869058165162,0.08160642570281125,NaN,0.03686746987951807,0.05040160642570281,0.1940428380187416,0.1088353413654618,0.06377510040160643,NaN,0.0278714859437751,0,0,0
"s05_confirmation","Dual-Feasibility-Explore-AOP","LIRCMOP3","LIR-CMOP",100,50000,3,286303,"all",249,400,50000,0.5,0,0.5,0.5,0,0.5,0.2000000000000007,0.5999999999999972,0.2000000000000007,17430,14940,17430,1210,2878,1059,0.06942053930005737,0.1926372155287818,0.06075731497418244,0.04159495123350545,0,0.02203098106712565,0.8173499478107983,0.5035486544766804,0.7768846987231629,0.6639951286475234,0.827575936515183,0.6588830722954113,0.07734939759036144,NaN,0.04152610441767068,0.04959839357429719,0.1926372155287818,0.1088353413654618,0.05815261044176707,NaN,0.0308433734939759,0.0002008032128514056,0,0
"s05_confirmation","Dual-Feasibility-Explore-AOP","LIRCMOP3","LIR-CMOP",100,50000,4,286304,"all",249,400,50000,0.5,0,0.5,0.5,0,0.5,0.2000000000000007,0.5999999999999972,0.2000000000000007,17430,14940,17430,1269,2864,983,0.07280550774526678,0.1917001338688086,0.0563970166379805,0.04480780263912794,0,0.01313826735513482,0.8060540614052675,0.5020999896835977,0.7250607321971395,0.6868731512973255,0.824662411004039,0.6724393741990491,0.08040160642570281,NaN,0.03710843373493976,0.05381526104417671,0.1917001338688086,0.1046184738955823,0.06273092369477912,NaN,0.01839357429718876,0,0,0
"s05_confirmation","Dual-Feasibility-Explore-AOP","LIRCMOP3","LIR-CMOP",100,50000,5,286305,"all",249,400,50000,0.5,0,0.5,0.5,0,0.5,0.2000000000000007,0.5999999999999972,0.2000000000000007,17430,14940,17430,1552,2902,1381,0.08904188181296616,0.194243641231593,0.07923121055651176,0.07716580608146874,0,0.05576592082616179,0.8182934537499562,0.5079547328394534,0.7727882879295348,0.6593481414876035,0.8095203052063193,0.6648247017441411,0.09405622489959839,NaN,0.05879518072289157,0.07650602409638554,0.194243641231593,0.1303212851405622,0.1079518072289157,NaN,0.07807228915662651,0.0002008032128514056,0,0
"s05_confirmation","Dual-Feasibility-Explore-AOP","LIRCMOP4","LIR-CMOP",100,50000,1,286401,"all",249,400,50000,0.5,0,0.5,0.5,0,0.5,0.2000000000000007,0.5999999999999972,0.2000000000000007,17430,14940,17430,1389,3107,1224,0.07969018932874354,0.2079651941097724,0.070223752151463,0.06798623063683305,0,0.03964429145152037,0.8169633913670562,0.4983376269918947,0.7400463944538191,0.7023210921028772,0.8386054804994968,0.6929058016641767,0.08008032128514056,NaN,0.04497991967871486,0.078714859437751,0.2079651941097724,0.1333333333333333,0.09518072289156626,NaN,0.05550200803212851,0,0,0
"s05_confirmation","Dual-Feasibility-Explore-AOP","LIRCMOP4","LIR-CMOP",100,50000,2,286402,"all",249,400,50000,0.5,0,0.5,0.5,0,0.5,0.2000000000000007,0.5999999999999972,0.2000000000000007,17430,14940,17430,1488,3042,1185,0.08537005163511188,0.2036144578313253,0.06798623063683305,0.05456110154905336,0,0.02358003442340792,0.7957468708331134,0.4975514285915307,0.7107508454352963,0.6949116479946289,0.8407086161129952,0.6861317303344441,0.09052208835341366,NaN,0.04329317269076305,0.07248995983935742,0.2036144578313253,0.129718875502008,0.0763855421686747,NaN,0.03301204819277109,0,0,0
"s05_confirmation","Dual-Feasibility-Explore-AOP","LIRCMOP4","LIR-CMOP",100,50000,3,286403,"all",249,400,50000,0.5,0,0.5,0.5,0,0.5,0.2000000000000007,0.5999999999999972,0.2000000000000007,17430,14940,17430,1236,3200,1037,0.07091222030981068,0.214190093708166,0.05949512335054503,0.02621916236374068,0,0.00831899024670109,0.8055280549784084,0.4786235627861723,0.7294410804937286,0.6942015754004031,0.8242696000461189,0.6779414284940366,0.06690763052208835,NaN,0.02955823293172691,0.08092369477911647,0.214190093708166,0.1343373493975904,0.03662650602409639,NaN,0.01164658634538153,0.0002008032128514056,0,0
"s05_confirmation","Dual-Feasibility-Explore-AOP","LIRCMOP4","LIR-CMOP",100,50000,4,286404,"all",249,400,50000,0.5,0,0.5,0.5,0,0.5,0.2000000000000007,0.5999999999999972,0.2000000000000007,17430,14940,17430,1182,2739,1233,0.06781411359724612,0.1833333333333333,0.07074010327022376,0.04939759036144578,0,0.04698795180722892,0.8118004741309232,0.507846082999834,0.7576553071007527,0.6960230935922667,0.8694516976122632,0.6947521116979141,0.07847389558232931,NaN,0.05244979919678715,0.04116465863453815,0.1833333333333333,0.1164658634538153,0.0691566265060241,NaN,0.06578313253012048,0,0,0
"s05_confirmation","Dual-Feasibility-Explore-AOP","LIRCMOP4","LIR-CMOP",100,50000,5,286405,"all",249,400,50000,0.5,0,0.5,0.5,0,0.5,0.2000000000000007,0.5999999999999972,0.2000000000000007,17430,14940,17430,1366,3160,1070,0.07837062535857717,0.2115127175368139,0.06138841078600115,0.02925989672977625,0,0.00814687320711417,0.8082187659920282,0.4809366901884944,0.7240045909245058,0.6904207913138672,0.8262179174409707,0.6632973980914812,0.07269076305220884,NaN,0.03453815261044177,0.09257028112449799,0.2115127175368139,0.1285140562248996,0.04096385542168675,NaN,0.01140562248995984,0,0,0
"s05_confirmation","Dual-Feasibility-Explore-AOP","LIRCMOP5","LIR-CMOP",100,50000,1,286501,"all",249,400,50000,0.5,0,0.5,0.5,0,0.5,0.2000000000000007,0.5999999999999972,0.2000000000000007,17430,14940,17430,1642,1557,1146,0.09420539300057372,0.1042168674698795,0.0657487091222031,0.4993689041881813,0.4878848728246319,0.5005163511187608,0.9764350631458745,0.9730041155407805,0.975124682647465,0.7444057464571417,0.7861724888891617,0.737502815523972,0.06433734939759037,NaN,0.04650602409638555,0.1688755020080321,0.1042168674698795,0.113855421686747,0.4642570281124498,NaN,0.4549397590361446,0.58714859437751,0.4878848728246319,0.6144578313253012
"s05_confirmation","Dual-Feasibility-Explore-AOP","LIRCMOP5","LIR-CMOP",100,50000,2,286502,"all",249,400,50000,0.5,0,0.5,0.5,0,0.5,0.2000000000000007,0.5999999999999972,0.2000000000000007,17430,14940,17430,1660,1581,1259,0.09523809523809523,0.1058232931726908,0.07223178427997705,0.4453815261044177,0.4180722891566265,0.4567986230636833,0.9750373416515536,0.9759318505868941,0.9746061238959562,0.7178845271786833,0.787240277279498,0.7093102573341131,0.07132530120481928,NaN,0.05132530120481928,0.1550200803212851,0.1058232931726908,0.1244979919678715,0.4359839357429719,NaN,0.4306024096385542,0.4688755020080321,0.4180722891566265,0.522289156626506
"s05_confirmation","Dual-Feasibility-Explore-AOP","LIRCMOP5","LIR-CMOP",100,50000,3,286503,"all",249,400,50000,0.5,0,0.5,0.5,0,0.5,0.2000000000000007,0.5999999999999972,0.2000000000000007,17430,14940,17430,1657,1377,1108,0.09506597819850832,0.09216867469879518,0.06356855995410213,0.4535857716580608,0.4560240963855421,0.463855421686747,0.9746099734814373,0.9708656409813371,0.9738336394664828,0.7405935309667512,0.780499486057647,0.7227761557546283,0.06883534136546185,NaN,0.04779116465863454,0.1606425702811245,0.09216867469879518,0.1030120481927711,0.4304417670682731,NaN,0.4317269076305221,0.5114457831325301,0.4560240963855421,0.5441767068273092
"s05_confirmation","Dual-Feasibility-Explore-AOP","LIRCMOP5","LIR-CMOP",100,50000,4,286504,"all",249,400,50000,0.5,0,0.5,0.5,0,0.5,0.2000000000000007,0.5999999999999972,0.2000000000000007,17430,14940,17430,1391,1813,1068,0.07980493402180149,0.1213520749665328,0.0612736660929432,0.5421113023522662,0.4312583668005355,0.5077452667814114,0.9788630399500126,0.9719971114450697,0.976021673002213,0.7539114919633578,0.8229963978578188,0.763018774505495,0.06248995983935743,NaN,0.04409638554216867,0.1230923694779116,0.1213520749665328,0.1042168674698795,0.5106024096385542,NaN,0.4685140562248996,0.6208835341365462,0.4312583668005355,0.6058232931726908
"s05_confirmation","Dual-Feasibility-Explore-AOP","LIRCMOP5","LIR-CMOP",100,50000,5,286505,"all",249,400,50000,0.5,0,0.5,0.5,0,0.5,0.2000000000000007,0.5999999999999972,0.2000000000000007,17430,14940,17430,1750,1936,1292,0.1004016064257028,0.1295850066934404,0.07412507171543316,0.4865174985656913,0.4267737617135208,0.487091222030981,0.9763567789835247,0.9681358361209561,0.9743329560260778,0.7389671574067472,0.7838145667367564,0.731340999511285,0.07164658634538153,NaN,0.04891566265060241,0.172289156626506,0.1295850066934404,0.13714859437751,0.4776706827309237,NaN,0.4646586345381526,0.5086345381526104,0.4267737617135208,0.5431726907630522
"s05_confirmation","Dual-Feasibility-Explore-AOP","LIRCMOP6","LIR-CMOP",100,50000,1,286601,"all",249,400,50000,0.5,0,0.5,0.5,0,0.5,0.2000000000000007,0.5999999999999972,0.2000000000000007,17430,14940,17430,1864,1632,1450,0.1069420539300057,0.1092369477911647,0.0831899024670109,0.4708548479632817,0.4141231593038822,0.4732644865174986,0.9735514571977479,0.9688058230506521,0.9735863883961023,0.7393623798056308,0.8007009050823225,0.7496844742469111,0.07630522088353414,NaN,0.06457831325301205,0.1835341365461848,0.1092369477911647,0.129718875502008,0.500722891566265,NaN,0.494136546184739,0.3961847389558233,0.4141231593038822,0.4210843373493976
"s05_confirmation","Dual-Feasibility-Explore-AOP","LIRCMOP6","LIR-CMOP",100,50000,2,286602,"all",249,400,50000,0.5,0,0.5,0.5,0,0.5,0.2000000000000007,0.5999999999999972,0.2000000000000007,17430,14940,17430,1611,1424,1222,0.09242685025817556,0.09531459170013387,0.07010900745840505,0.5539300057372346,0.4686746987951807,0.5249569707401033,0.9782233150821156,0.972185273883742,0.9766770410237461,0.7332637647386077,0.8048263607490453,0.7491712000211223,0.07582329317269076,NaN,0.05799196787148594,0.1339357429718875,0.09531459170013387,0.1004016064257028,0.5717269076305221,NaN,0.5240963855421686,0.5094377510040161,0.4686746987951807,0.5271084337349398
"s05_confirmation","Dual-Feasibility-Explore-AOP","LIRCMOP6","LIR-CMOP",100,50000,3,286603,"all",249,400,50000,0.5,0,0.5,0.5,0,0.5,0.2000000000000007,0.5999999999999972,0.2000000000000007,17430,14940,17430,1689,1524,1171,0.09690189328743545,0.1020080321285141,0.06718301778542743,0.6786001147446931,0.5273092369477912,0.6501434308663224,0.984342940400153,0.9760271060488741,0.9830048851264221,0.7693708250711552,0.8334652040768525,0.7925772751835796,0.08465863453815262,NaN,0.06008032128514056,0.1275100401606426,0.1020080321285141,0.08493975903614458,0.6782329317269077,NaN,0.6527710843373494,0.6795180722891566,0.5273092369477912,0.643574297188755
"s05_confirmation","Dual-Feasibility-Explore-AOP","LIRCMOP6","LIR-CMOP",100,50000,4,286604,"all",249,400,50000,0.5,0,0.5,0.5,0,0.5,0.2000000000000007,0.5999999999999972,0.2000000000000007,17430,14940,17430,1467,1565,1344,0.08416523235800344,0.1047523427041499,0.07710843373493977,0.4735513482501434,0.4123159303882196,0.4869764773379231,0.973361000185886,0.9706004327387062,0.9746170864428103,0.732809074874011,0.8009943934183721,0.7517006085306289,0.06698795180722891,NaN,0.06538152610441766,0.1271084337349398,0.1047523427041499,0.106425702811245,0.4967068273092369,NaN,0.5001606425702811,0.4156626506024096,0.4123159303882196,0.4540160642570281
"s05_confirmation","Dual-Feasibility-Explore-AOP","LIRCMOP6","LIR-CMOP",100,50000,5,286605,"all",249,400,50000,0.5,0,0.5,0.5,0,0.5,0.2000000000000007,0.5999999999999972,0.2000000000000007,17430,14940,17430,1544,2155,1317,0.08858290304073436,0.144243641231593,0.07555938037865749,0.6536431440045898,0.5582998661311914,0.6157773952954676,0.9834305238239228,0.9774006955217616,0.9811360263827331,0.7656404539491275,0.8239239811258038,0.7859370171541483,0.07108433734939759,NaN,0.05670682730923695,0.1323293172690763,0.144243641231593,0.1226907630522088,0.6474698795180723,NaN,0.6028112449799197,0.6690763052208836,0.5582998661311914,0.6481927710843374
"s05_confirmation","Dual-Feasibility-Explore-AOP","LIRCMOP7","LIR-CMOP",100,50000,1,286701,"all",249,400,50000,0.5,0,0.5,0.5,0,0.5,0.2000000000000007,0.5999999999999972,0.2000000000000007,17430,14940,17430,1835,1742,1373,0.1052782558806655,0.1165997322623829,0.07877223178427997,0.3312105565117613,0.2912985274431057,0.3292025243832473,0.9715302680882916,0.9592329079443275,0.9680132924658372,0.7324874049563522,0.7743135052759251,0.7151159640228134,0.0672289156626506,NaN,0.04602409638554217,0.2004016064257028,0.1165997322623829,0.1606425702811245,0.3494779116465864,NaN,0.3294779116465864,0.2855421686746988,0.2912985274431057,0.3285140562248996
"s05_confirmation","Dual-Feasibility-Explore-AOP","LIRCMOP7","LIR-CMOP",100,50000,2,286702,"all",249,400,50000,0.5,0,0.5,0.5,0,0.5,0.2000000000000007,0.5999999999999972,0.2000000000000007,17430,14940,17430,1634,2172,1255,0.09374641422834194,0.1453815261044177,0.07200229489386116,0.4708548479632817,0.3537483266398929,0.4083763625932301,0.9765105181859502,0.9642714160899708,0.9710579399128987,0.7573555506494349,0.8024630405288325,0.763482839322797,0.06690763052208835,NaN,0.0472289156626506,0.1608433734939759,0.1453815261044177,0.1339357429718875,0.4737349397590361,NaN,0.3878714859437751,0.4636546184738956,0.3537483266398929,0.4596385542168674
"s05_confirmation","Dual-Feasibility-Explore-AOP","LIRCMOP7","LIR-CMOP",100,50000,3,286703,"all",249,400,50000,0.5,0,0.5,0.5,0,0.5,0.2000000000000007,0.5999999999999972,0.2000000000000007,17430,14940,17430,1479,1924,1108,0.08485370051635112,0.1287817938420348,0.06356855995410213,0.5586919104991395,0.4329317269076305,0.4818129661503155,0.9794063294546761,0.9693319545881277,0.9747479539019516,0.7581104169783547,0.8046893871596813,0.7767877259684689,0.06738955823293173,NaN,0.04698795180722892,0.1285140562248996,0.1287817938420348,0.1050200803212851,0.5461044176706827,NaN,0.4475502008032128,0.5901606425702811,0.4329317269076305,0.5674698795180723
"s05_confirmation","Dual-Feasibility-Explore-AOP","LIRCMOP7","LIR-CMOP",100,50000,4,286704,"all",249,400,50000,0.5,0,0.5,0.5,0,0.5,0.2000000000000007,0.5999999999999972,0.2000000000000007,17430,14940,17430,1782,2052,1245,0.1022375215146299,0.1373493975903614,0.07142857142857142,0.4338496844520941,0.3500669344042838,0.3885255306942054,0.9761811869850904,0.9642978362807267,0.9716985052558996,0.7472906069395973,0.7868129982807701,0.7452361811373709,0.06899598393574297,NaN,0.04610441767068273,0.1853413654618474,0.1373493975903614,0.1347389558232932,0.4416867469879518,NaN,0.3726907630522088,0.4142570281124498,0.3500669344042838,0.4281124497991968
"s05_confirmation","Dual-Feasibility-Explore-AOP","LIRCMOP7","LIR-CMOP",100,50000,5,286705,"all",249,400,50000,0.5,0,0.5,0.5,0,0.5,0.2000000000000007,0.5999999999999972,0.2000000000000007,17430,14940,17430,1950,1538,1204,0.1118760757314974,0.1029451137884873,0.06907630522088354,0.36592082616179,0.3174698795180723,0.3537005163511188,0.9724343945433334,0.9609195397495106,0.9695625572684812,0.7419620693534751,0.7695041165640388,0.7219354909901459,0.07502008032128514,NaN,0.04666666666666667,0.2040160642570281,0.1029451137884873,0.1251004016064257,0.3873895582329318,NaN,0.3511646586345382,0.3122489959839357,0.3174698795180723,0.3600401606425703
"s05_confirmation","Dual-Feasibility-Explore-AOP","LIRCMOP8","LIR-CMOP",100,50000,1,286801,"all",249,400,50000,0.5,0,0.5,0.5,0,0.5,0.2000000000000007,0.5999999999999972,0.2000000000000007,17430,14940,17430,1789,1415,1167,0.1026391279403328,0.09471218206157965,0.06695352839931153,0.4433161216293746,0.3728246318607764,0.4100975329890992,0.9752752571140125,0.9678828350523858,0.9724598249049061,0.7471992053386298,0.7784216573213163,0.7545905133066658,0.07188755020080322,NaN,0.04875502008032129,0.1795180722891566,0.09471218206157965,0.1124497991967871,0.4375100401606425,NaN,0.3901204819277108,0.4578313253012048,0.3728246318607764,0.4600401606425703
"s05_confirmation","Dual-Feasibility-Explore-AOP","LIRCMOP8","LIR-CMOP",100,50000,2,286802,"all",249,400,50000,0.5,0,0.5,0.5,0,0.5,0.2000000000000007,0.5999999999999972,0.2000000000000007,17430,14940,17430,1629,1637,1126,0.09345955249569707,0.1095716198125837,0.06460126219162364,0.5737234652897304,0.4415662650602409,0.5044176706827309,0.9802995023691969,0.971483978787973,0.9759926854612664,0.7527039277155056,0.7986580316332446,0.7733232251860019,0.07558232931726908,NaN,0.05172690763052209,0.1381526104417671,0.1095716198125837,0.09678714859437751,0.5661847389558233,NaN,0.4721285140562249,0.5925702811244979,0.4415662650602409,0.585140562248996
"s05_confirmation","Dual-Feasibility-Explore-AOP","LIRCMOP8","LIR-CMOP",100,50000,3,286803,"all",249,400,50000,0.5,0,0.5,0.5,0,0.5,0.2000000000000007,0.5999999999999972,0.2000000000000007,17430,14940,17430,1708,1515,1163,0.09799196787148594,0.1014056224899598,0.06672403901319564,0.3656339644291451,0.2878848728246319,0.3649454962707975,0.9697485182380637,0.9622681239789753,0.9697655027978141,0.7244268780522332,0.779647412496542,0.7267050447908943,0.0708433734939759,NaN,0.04899598393574297,0.165863453815261,0.1014056224899598,0.1110441767068273,0.3757429718875502,NaN,0.36714859437751,0.3403614457831325,0.2878848728246319,0.359437751004016
"s05_confirmation","Dual-Feasibility-Explore-AOP","LIRCMOP8","LIR-CMOP",100,50000,4,286804,"all",249,400,50000,0.5,0,0.5,0.5,0,0.5,0.2000000000000007,0.5999999999999972,0.2000000000000007,17430,14940,17430,1509,1621,1089,0.08657487091222031,0.1085006693440428,0.06247848537005164,0.4943201376936316,0.3663319946452477,0.4343086632243259,0.9764852251674514,0.9686868683127541,0.9734318503682217,0.7567005497661077,0.803366901021686,0.7783374398756232,0.06690763052208835,NaN,0.04746987951807229,0.1357429718875502,0.1085006693440428,0.1,0.4967068273092369,NaN,0.4152610441767068,0.4883534136546185,0.3663319946452477,0.4819277108433735
"s05_confirmation","Dual-Feasibility-Explore-AOP","LIRCMOP8","LIR-CMOP",100,50000,5,286805,"all",249,400,50000,0.5,0,0.5,0.5,0,0.5,0.2000000000000007,0.5999999999999972,0.2000000000000007,17430,14940,17430,1646,1407,1079,0.09443488238668962,0.09417670682730923,0.06190476190476191,0.5073436603557085,0.3576305220883534,0.4594377510040161,0.9766775852638624,0.9678434288605579,0.9738143031134778,0.748228755106613,0.8006680679208052,0.761115349525619,0.07092369477911646,NaN,0.05052208835341365,0.1532128514056225,0.09417670682730923,0.09036144578313253,0.5040963855421686,NaN,0.4377510040160643,0.5154618473895582,0.3576305220883534,0.5136546184738956
"s05_confirmation","Dual-Feasibility-Explore-AOP","LIRCMOP9","LIR-CMOP",100,50000,1,286901,"all",249,400,50000,0.5,0,0.5,0.5,0,0.5,0.2000000000000007,0.5999999999999972,0.2000000000000007,17430,14940,17430,2412,2930,2636,0.138382099827883,0.1961178045515395,0.1512335054503729,0.7367756741250717,0.5007362784471219,0.7719449225473322,0.9243189279191166,0.8602891777146096,0.9450436824699593,0.8155780282798766,0.8528765231178264,0.8329276293518794,0.1293172690763052,NaN,0.1382329317269076,0.1610441767068273,0.1961178045515395,0.1837349397590362,0.8446586345381526,NaN,0.8544578313253012,0.4670682730923695,0.5007362784471219,0.5656626506024096
"s05_confirmation","Dual-Feasibility-Explore-AOP","LIRCMOP9","LIR-CMOP",100,50000,2,286902,"all",249,400,50000,0.5,0,0.5,0.5,0,0.5,0.2000000000000007,0.5999999999999972,0.2000000000000007,17430,14940,17430,2779,3085,3134,0.1594377510040161,0.2064926372155288,0.1798049340218015,0.7480206540447504,0.5068273092369477,0.7719449225473322,0.9352640465512336,0.8690902645200048,0.9454990303108114,0.8414972715276371,0.8673498463099133,0.8555441698883985,0.1594377510040161,NaN,0.1766265060240964,0.1594377510040161,0.2064926372155288,0.1877510040160643,0.8453012048192771,NaN,0.8472289156626506,0.5048192771084338,0.5068273092369477,0.5837349397590361
"s05_confirmation","Dual-Feasibility-Explore-AOP","LIRCMOP9","LIR-CMOP",100,50000,3,286903,"all",249,400,50000,0.5,0,0.5,0.5,0,0.5,0.2000000000000007,0.5999999999999972,0.2000000000000007,17430,14940,17430,2444,2908,2520,0.1402180149168101,0.1946452476572959,0.144578313253012,0.7337349397590361,0.4774431057563588,0.7771658060814687,0.9242554493644023,0.8498732581950335,0.9432392484920225,0.8373472470423914,0.8661814994022781,0.851528473113812,0.1367068273092369,NaN,0.1416867469879518,0.148995983935743,0.1946452476572959,0.1518072289156626,0.8477911646586346,NaN,0.8628915662650603,0.4485943775100402,0.4774431057563588,0.5628514056224899
"s05_confirmation","Dual-Feasibility-Explore-AOP","LIRCMOP9","LIR-CMOP",100,50000,4,286904,"all",249,400,50000,0.5,0,0.5,0.5,0,0.5,0.2000000000000007,0.5999999999999972,0.2000000000000007,17430,14940,17430,1973,2491,2344,0.1131956397016638,0.1667336010709505,0.1344807802639128,0.7410786001147447,0.4873493975903614,0.761732644865175,0.9231145597128265,0.8473737281965655,0.9383767569373251,0.8257660914734328,0.8611579339626856,0.8427579806690757,0.1082730923694779,NaN,0.1337349397590361,0.1255020080321285,0.1667336010709505,0.1363453815261044,0.8549397590361446,NaN,0.8514056224899599,0.456425702811245,0.4873493975903614,0.5375502008032128
"s05_confirmation","Dual-Feasibility-Explore-AOP","LIRCMOP9","LIR-CMOP",100,50000,5,286905,"all",249,400,50000,0.5,0,0.5,0.5,0,0.5,0.2000000000000007,0.5999999999999972,0.2000000000000007,17430,14940,17430,2524,2835,2625,0.1448078026391279,0.1897590361445783,0.1506024096385542,0.7559380378657488,0.516867469879518,0.7708548479632817,0.9379872877365307,0.8725554917141124,0.9453582373402962,0.8540915335587252,0.8598228690415869,0.8675124232634334,0.14,NaN,0.1422489959839358,0.1568273092369478,0.1897590361445783,0.1714859437751004,0.847710843373494,NaN,0.8432128514056225,0.5265060240963856,0.516867469879518,0.5899598393574297
"s05_confirmation","Dual-Survival-Credit-AOP","CF10","CF",100,50000,1,276001,"all",249,400,50000,0.402756434840381,0.1947742497359237,0.4024693154236951,0.4027564348403808,0.1947742497359237,0.4024693154236952,0.3990964899924281,0.1789300723108842,0.4219734376966877,19957,9303,20540,3306,673,3200,0.165656160745603,0.07234225518649898,0.1557935735150925,0.5864107831838453,0.5341287756637644,0.7351022395326193,0.6773237763059529,0.6015081205476059,0.7887046018404347,0.571699038859664,0.5272020285747454,0.5793756115228132,0.1653197645415544,0.07470078415187784,0.1525271657860632,0.1659955707670626,0.06977787749607359,0.1589114092682463,0.6619774518607203,0.5515889393314073,0.7902502243046555,0.5101671028790014,0.5151447161768006,0.6824626510609954
"s05_confirmation","Dual-Survival-Credit-AOP","CF10","CF",100,50000,2,276002,"all",249,400,50000,0.5529632410046643,0.1555154297215487,0.291521329273787,0.5529632410046643,0.1555154297215487,0.2915213292737871,0.5985370485897882,0.1469268336337846,0.2545361177764273,28670,7533,13597,3075,243,962,0.1072549703522846,0.03225806451612903,0.07075090093402957,0.341297523543774,0.2491703172706757,0.361550341987203,0.5144389220751759,0.4308551266026596,0.5251666965412658,0.787740025666933,0.7473413716812082,0.7654575936981814,0.108479255976168,0.03737113402061856,0.0796472371503376,0.1061246394311397,0.02682726526142896,0.06056782334384858,0.4438712490009445,0.3030927835051546,0.4460520876395205,0.2465955591332931,0.1918970709006296,0.2648264984227129
"s05_confirmation","Dual-Survival-Credit-AOP","CF10","CF",100,50000,3,276003,"all",249,400,50000,0.4423484400124522,0.1767312899114371,0.3809202700761107,0.4423484400124522,0.1767312899114372,0.3809202700761107,0.4631826739839049,0.1621184309906972,0.3746988950253976,22550,8431,18819,3528,561,2681,0.1564523281596452,0.06654014944846401,0.142462405016207,0.4308203991130821,0.399478116474914,0.5853658536585366,0.5850547497705062,0.5270055548293183,0.6860856871965764,0.6034768428641786,0.5490522063754549,0.5893482672074845,0.1623241034952338,0.0733924108157237,0.1566849430619991,0.1508452535760728,0.05905707196029777,0.1280128548473487,0.552156150703586,0.4267211997273347,0.6703922395613665,0.3149544863459038,0.369727047146402,0.4989823245848956
"s05_confirmation","Dual-Survival-Credit-AOP","CF10","CF",100,50000,4,276004,"all",249,400,50000,0.4111278098104535,0.1862332283928782,0.4026389617966682,0.4111278098104535,0.1862332283928781,0.4026389617966682,0.4223169801883144,0.1756013140090436,0.4020817058026425,20748,9020,20032,3808,697,3318,0.1835357624831309,0.07727272727272727,0.1656349840255591,0.5300751879699248,0.4976718403547672,0.7045726837060703,0.6468217816631677,0.5841267715175381,0.7697341161046085,0.578792202374105,0.5285570599978202,0.5744694434760012,0.183080684596577,0.08078414476518742,0.16914183195455,0.1839779530552124,0.07354956601187757,0.1621162116211621,0.6354034229828851,0.508186126669539,0.7526163659922257,0.427729734866483,0.4865235267245318,0.6563656365636563
"s05_confirmation","Dual-Survival-Credit-AOP","CF10","CF",100,50000,5,276005,"all",249,400,50000,0.5114087765072407,0.1671168816945771,0.3214743417981824,0.5114087765072408,0.1671168816945771,0.3214743417981825,0.5701332760189969,0.1312674958524747,0.2985992281285287,26922,7440,15438,3827,380,1640,0.142151400341728,0.0510752688172043,0.1062313771213888,0.3914270856548548,0.2951612903225806,0.4525845316750874,0.5486436468563767,0.4513886012344093,0.5842230171395795,0.684959373154064,0.6178525176838129,0.6513723407758295,0.1377306635257165,0.0600672753483902,0.1093339997500937,0.1461196870374286,0.03965832824893228,0.1028917283120377,0.4936788378484492,0.3303700144161461,0.5151818068224416,0.2996405159653204,0.25045759609518,0.3852051109616678
"s05_confirmation","Dual-Survival-Credit-AOP","CF1","CF",100,50000,1,275101,"all",249,400,50000,0.1859237274444773,0.4563293034453779,0.3577469691101448,0.1859237274444774,0.4563293034453783,0.3577469691101448,0.258404577083544,0.51018146000909,0.2314139629073658,11072,24057,14671,897,3796,1807,0.08101517341040462,0.1577919108783306,0.1231681548633358,0.2599349710982659,0.1250363719499522,0.2787131074909686,0.7797474618122504,0.7350835916938951,0.7838107548940606,0.5874336894028821,0.6333496478914974,0.6087839118777573,0.08861033066781931,0.1827786582144744,0.1553561413348289,0.07556245151280062,0.1354437357272226,0.07331480194579569,0.3594121460989842,0.2274167987321712,0.3535614133482894,0.1885182311869666,0.03346720214190094,0.1627866574009729
"s05_confirmation","Dual-Survival-Credit-AOP","CF1","CF",100,50000,2,275102,"all",249,400,50000,0.1917321730593749,0.4771363629991441,0.3311314639414811,0.1917321730593748,0.4771363629991441,0.331131463941481,0.2394609102182436,0.5064742631337316,0.2540648266480253,10734,24493,14573,821,3755,1603,0.07648593255077324,0.1533091087249418,0.1099979413984766,0.247344885410844,0.1185236598211734,0.2566389899128526,0.775081299407251,0.7366632005399911,0.7783266067538871,0.5886945420997156,0.6301501935414494,0.6014686484425877,0.07695533654854267,0.1696969696969697,0.1346503454126773,0.07611064543168483,0.1378736224530246,0.07782347358430876,0.3331935416229818,0.2070707070707071,0.325778693491698,0.1787091366303437,0.03512249266629668,0.1664030370136033
"s05_confirmation","Dual-Survival-Credit-AOP","CF1","CF",100,50000,3,275103,"all",249,400,50000,0.2194223967653746,0.427926685312272,0.3526509179223534,0.2194223967653747,0.4279266853122721,0.3526509179223533,0.2635125966579589,0.5015681292714512,0.2349192740705897,12022,23135,14643,954,3547,1796,0.07935451671934786,0.1533174843311001,0.1226524619272007,0.2541174513392114,0.1206829479144154,0.2695485897698559,0.7762833681566387,0.7344979933855413,0.781354485430051,0.5886277995739634,0.6316081377551965,0.6052787672280205,0.08282939343961884,0.1772437101013894,0.1565237174382892,0.07646610814927647,0.132900745013218,0.07177033492822966,0.3430456294667399,0.2229628238828389,0.3435331589125242,0.1801980198019802,0.03340543138668589,0.1584073820915926
"s05_confirmation","Dual-Survival-Credit-AOP","CF1","CF",100,50000,4,275104,"all",249,400,50000,0.1951018102808733,0.4783539821682866,0.3265442075508402,0.1951018102808732,0.4783539821682865,0.3265442075508402,0.2633488569700816,0.5027773127814561,0.2338738302484626,11415,24426,13959,977,3832,1571,0.08558913710030662,0.1568820109719152,0.1125438785013253,0.2503723171265878,0.1272824039957423,0.2718676122931442,0.7764540077213943,0.7440738923643649,0.7848333469606701,0.5910330529966066,0.6349217833689643,0.6058124656690399,0.09315746084089035,0.1811010406176569,0.1414166256763404,0.07999390522626848,0.1338129496402878,0.07224987128882787,0.3493404781533389,0.2246559248069822,0.338908017707821,0.1772055462440957,0.03453237410071942,0.1783078771237343
"s05_confirmation","Dual-Survival-Credit-AOP","CF1","CF",100,50000,5,275105,"all",249,400,50000,0.2146321055255486,0.4808417585735041,0.3045261359009472,0.2146321055255486,0.4808417585735044,0.3045261359009473,0.2528475718114055,0.4990940591043738,0.2480583690842206,11638,24390,13772,1005,3754,1517,0.08635504382196253,0.1539155391553916,0.1101510310775486,0.252534799793779,0.1272652726527265,0.2559541097879756,0.7779831519921121,0.7405007004112629,0.7777287319394675,0.5885296666509097,0.6266163150517203,0.5999807523767593,0.0967440119760479,0.1791294176622943,0.1434031896665349,0.07753415951700032,0.1296191933016665,0.06936135812449475,0.344872754491018,0.2234104770657532,0.328192961644919,0.1741340959644105,0.03461879075758795,0.1673403395311237
"s05_confirmation","Dual-Survival-Credit-AOP","CF2","CF",100,50000,1,275201,"all",249,400,50000,0.4773592984668303,0.2626433240507487,0.259997377482421,0.4773592984668302,0.2626433240507488,0.259997377482421,0.4627191298004694,0.2925981971464581,0.2446826730530725,23421,13824,12555,1799,606,585,0.07681140856496307,0.04383680555555555,0.04659498207885305,0.779343324367021,0.8472222222222222,0.8348864994026285,0.9905225303226471,0.9932041304010574,0.9926124131330988,0.7370551944310001,0.6417427655837245,0.7067102017192816,0.07792535305985206,0.04482864137086903,0.04499072356215213,0.07566160520607375,0.04294731064763996,0.04829965500246427,0.8785305985205111,0.9144736842105263,0.8820346320346321,0.6769631236442516,0.7869099890230515,0.784787251519632
"s05_confirmation","Dual-Survival-Credit-AOP","CF2","CF",100,50000,2,275202,"all",249,400,50000,0.502435121775321,0.2668016142161413,0.2307632640085377,0.5024351217753209,0.2668016142161415,0.2307632640085377,0.5106638493902541,0.2499448604875142,0.2393912901222318,25225,12872,11703,1944,462,528,0.07706640237859266,0.03589185829707893,0.04511663675980518,0.8006739345887017,0.8788067122436296,0.856190720328121,0.9912879306011212,0.9943538340331105,0.9932199548391911,0.7288943942626654,0.6329922780243571,0.6820329046526629,0.08236705317872851,0.03507979524239687,0.04136972014601078,0.07185534591194968,0.03675762439807383,0.04873949579831933,0.8895641743302679,0.9022884673291177,0.8877107596036851,0.7132861635220126,0.8537720706260032,0.8257142857142857
"s05_confirmation","Dual-Survival-Credit-AOP","CF2","CF",100,50000,3,275203,"all",249,400,50000,0.5263411550575564,0.2636839594676579,0.2099748854747858,0.5263411550575566,0.2636839594676579,0.2099748854747858,0.473965428002029,0.3029254001421701,0.2231091718558012,24904,14114,10782,2029,561,439,0.08147285576614198,0.03974776817344481,0.04071600816175107,0.8115162222936074,0.8675074394218506,0.8488221109256168,0.9919099076098665,0.9943329892249106,0.9930774533914152,0.7262391871115862,0.6302251253799691,0.6833628453788561,0.08950782144219764,0.04263742957210294,0.04131599081866871,0.07254852106110687,0.03723333775009938,0.0401512423478574,0.8904235024799695,0.9273640931932389,0.8800688599846977,0.7238749046529367,0.8154233470253081,0.8194094346416997
"s05_confirmation","Dual-Survival-Credit-AOP","CF2","CF",100,50000,4,275204,"all",249,400,50000,0.5387068052410232,0.2370796136468572,0.2242135811121196,0.5387068052410229,0.2370796136468573,0.2242135811121195,0.517580635536192,0.2487727205041914,0.2336466439596164,26290,12111,11399,1986,439,460,0.07554203119056675,0.03624803897283461,0.04035441705412755,0.8090148345378471,0.8669804310131286,0.8539345556627774,0.9918189429132758,0.9942395751055202,0.9933347066002927,0.7252770428752566,0.6348817675629836,0.6812897312978113,0.08255649190841972,0.03657917019475021,0.04457572502685284,0.06824004347488549,0.03593296809539156,0.03629795286426974,0.8908941755537325,0.9016088060965284,0.8836376655925529,0.7237792096886888,0.8340315823396713,0.8253913641837262
"s05_confirmation","Dual-Survival-Credit-AOP","CF2","CF",100,50000,5,275205,"all",249,400,50000,0.4519082296832259,0.2782104280422659,0.2698813422745083,0.4519082296832259,0.278210428042266,0.2698813422745086,0.49274869738177,0.278424691768292,0.2288266108499383,23513,13869,12418,1856,627,738,0.07893505720239867,0.04520873891412502,0.05942985988081817,0.6799217454174287,0.799913476097772,0.7875664358189725,0.9860575465571085,0.9913546133880223,0.9904600788188244,0.7898020134271775,0.6588992552150503,0.7359772904429457,0.08503068576002847,0.04727587200922456,0.0611698169370442,0.07334963325183375,0.04313951810705526,0.05737848745393929,0.8093035666637018,0.8678293456327472,0.847745200178598,0.5613691931540342,0.7319290145722118,0.7166169503421653
"s05_confirmation","Dual-Survival-Credit-AOP","CF3","CF",100,50000,1,275301,"all",249,400,50000,0.3811583293484825,0.2603767697630275,0.35846490088849,0.3811583293484827,0.2603767697630276,0.3584649008884899,0.3814216676480254,0.2609544538497919,0.3576238785021826,18985,12986,17829,2007,784,1522,0.1057150381880432,0.06037270907130756,0.08536653766335744,0.9600210692652094,0.9661943631603265,0.9565314936339672,0.9912220095499105,0.991944364558454,0.9891982750714829,0.8507219833020296,0.6456523390623925,0.7594729324528882,0.0989566866898514,0.06074622263336417,0.08022408963585434,0.1124684077506318,0.06,0.09052111410601976,0.9683844451470124,0.9705519580635215,0.9692997198879552,0.9516638584667229,0.9618461538461538,0.943733153638814
"s05_confirmation","Dual-Survival-Credit-AOP","CF3","CF",100,50000,2,275302,"all",249,400,50000,0.4882840906467928,0.1547322330279725,0.3569836763252348,0.4882840906467927,0.1547322330279725,0.3569836763252349,0.4873466477264295,0.148609404348125,0.364043947925445,24308,7545,17947,3608,356,2039,0.1484285009050518,0.04718356527501657,0.1136123028918482,0.9216307388514069,0.9517561298873426,0.9063353206664067,0.9851013068667742,0.991202517068222,0.9826027062521339,0.8709229252664649,0.7463688167031064,0.834234275559874,0.1377043792621806,0.04527712724434036,0.1022957461174882,0.1591826645793853,0.04916261480280929,0.1247102968767244,0.9392818995974037,0.9635701275045537,0.9301147873058744,0.9039301310043668,0.9394921663965424,0.8830151197439576
"s05_confirmation","Dual-Survival-Credit-AOP","CF3","CF",100,50000,3,275303,"all",249,400,50000,0.3861281343756687,0.2172228109778508,0.3966490546464804,0.3861281343756686,0.2172228109778509,0.3966490546464805,0.3623550201688751,0.2489446234592212,0.388700356371904,18661,11600,19539,2546,694,2169,0.136434274690531,0.05982758620689655,0.1110087517273146,0.9331225550613579,0.9260344827586207,0.897742975587287,0.9872704537871948,0.9835046420376236,0.9797565013639106,0.8714692554907351,0.7160738236688711,0.8318972313023036,0.1309857691908175,0.05573042029253842,0.1085899513776337,0.1422404250608811,0.06339732214873367,0.1134788455570498,0.9387140334475953,0.9357526384002962,0.9161264181523501,0.9271640469338056,0.9175673495725117,0.8789696907003207
"s05_confirmation","Dual-Survival-Credit-AOP","CF3","CF",100,50000,4,275304,"all",249,400,50000,0.3986075033570856,0.215948086377932,0.3854444102649825,0.3986075033570853,0.2159480863779319,0.3854444102649827,0.3834432762793205,0.2465801687524743,0.3699765549682049,19474,11505,18821,2715,707,2219,0.1394166581082469,0.06145154280747501,0.1179002178417725,0.9404847488959639,0.9267275097783573,0.9303968970830455,0.9866747629404367,0.9826820054288562,0.9849402631408086,0.8721736289398285,0.7225103843764061,0.8368805125773863,0.1392443324937028,0.06106870229007633,0.1153685964181591,0.1395957691904912,0.06178676230844474,0.1205381360529456,0.9499244332493703,0.9314838949916217,0.95085381091212,0.930673368939156,0.9225627649168568,0.9090810458934577
"s05_confirmation","Dual-Survival-Credit-AOP","CF3","CF",100,50000,5,275305,"all",249,400,50000,0.3887700880687695,0.2155081139873442,0.3957217979438864,0.3887700880687696,0.2155081139873442,0.3957217979438863,0.3938078553533758,0.2242087948009499,0.3819833498456748,19493,10945,19362,2857,743,2392,0.1465654337454471,0.06788487894015532,0.1235409565127569,0.9513158569742984,0.9504796710826862,0.9513480012395413,0.9881634597308979,0.9858021088286102,0.9832078786873664,0.8700082510561618,0.7160779871324078,0.8331160611064639,0.1416184971098266,0.06569615528182157,0.124517962248833,0.1514533401325854,0.06998389117594415,0.1225283971392512,0.9638728323699421,0.9645390070921985,0.9741221838847168,0.9389087200407955,0.9369965992482548,0.9277450567942785
"s05_confirmation","Dual-Survival-Credit-AOP","CF4","CF",100,50000,1,275401,"all",249,400,50000,0.5199247077672241,0.2448962065948631,0.2351790856379129,0.5199247077672243,0.2448962065948632,0.2351790856379129,0.5056558667988923,0.2577528773261206,0.236591255874987,25539,12509,11752,2193,442,572,0.08586867144367438,0.03533455911743544,0.04867256637168142,0.6855006069149144,0.6249900071948197,0.6989448604492853,0.9873776361181404,0.9874053528416162,0.9888909084363965,0.8388057937170521,0.6988861020787183,0.7662862585411131,0.08666100254885302,0.03363964555300295,0.04796040279911248,0.08505400254129607,0.03694466095089634,0.04938062107585271,0.8337838881594192,0.7193961273383656,0.7856289469192695,0.5330368487928844,0.5353078721745907,0.6127609027659936
"s05_confirmation","Dual-Survival-Credit-AOP","CF4","CF",100,50000,2,275402,"all",249,400,50000,0.4653552715391731,0.2212775727410284,0.3133671557197985,0.4653552715391728,0.2212775727410285,0.3133671557197987,0.4245172561861862,0.2872585889088016,0.2882241549050121,22159,12671,14970,2029,556,1101,0.09156550385847737,0.04387972535711467,0.07354709418837675,0.7006633873369736,0.7428774366664036,0.7656646626586506,0.986325987621384,0.988831688941925,0.9894740006780243,0.8683877785507454,0.7057781428158506,0.7992248497271851,0.09111302847282139,0.04083484573502722,0.07384615384615385,0.0920616898476677,0.04622259460969139,0.07322175732217573,0.8408973252804142,0.8353901996370235,0.85,0.5468823919008421,0.6716938975003491,0.6739191073919107
"s05_confirmation","Dual-Survival-Credit-AOP","CF4","CF",100,50000,3,275403,"all",249,400,50000,0.4402099196868207,0.2564462782186345,0.3033438020945447,0.4402099196868207,0.2564462782186345,0.3033438020945448,0.4448465130595183,0.2513441346199158,0.303809352320566,22036,12637,15127,2065,485,1035,0.09371029224904702,0.03837936219039329,0.06842070470020493,0.6973588673080414,0.7590409116087679,0.7595689826138693,0.9860051383767682,0.9892381109338667,0.9889588840016427,0.8708935963768711,0.7079807994726856,0.7989950637744835,0.095064318949001,0.03822653924486918,0.06445209105346744,0.09237020316027088,0.03853533738407419,0.07238145555408797,0.8491925919167959,0.8362838790537365,0.8505823186871361,0.5470880361173814,0.6802046690118324,0.6687359661867653
"s05_confirmation","Dual-Survival-Credit-AOP","CF4","CF",100,50000,4,275404,"all",249,400,50000,0.5201688702716352,0.2328110906698402,0.2470200390585248,0.5201688702716349,0.2328110906698401,0.2470200390585246,0.5347706817691563,0.2359746479145438,0.2292546703163002,26266,11679,11855,2162,350,590,0.08231173380035026,0.02996831920541142,0.04976803036693378,0.7442320871088098,0.5565544995290693,0.6736398144242935,0.9934968088601425,0.9922745326217509,0.993104518507141,0.835405500011593,0.7360725029826164,0.7707823043662904,0.08233024691358025,0.02931034482758621,0.0498371335504886,0.08229370208928304,0.03061745194761014,0.04969378827646544,0.8265432098765432,0.6025862068965517,0.7244299674267101,0.6640613257177214,0.5111413505698248,0.6190726159230097
"s05_confirmation","Dual-Survival-Credit-AOP","CF4","CF",100,50000,5,275405,"all",249,400,50000,0.3823657728465284,0.2512664071080202,0.3663678200454514,0.3823657728465283,0.2512664071080201,0.3663678200454517,0.3697389312291915,0.3290389911299912,0.301222077640817,18717,14452,16631,1931,628,1330,0.1031682427739488,0.04345419319125381,0.07997113823582466,0.7003793342950259,0.7309022972598949,0.7642354638927304,0.9862679405070609,0.9880257455015297,0.9893187986374574,0.8724020987799541,0.7053446180314203,0.8014559927688641,0.100609756097561,0.04233903179421633,0.07875999561835907,0.1058120586637697,0.04430611497619919,0.08144494801386297,0.8387300252312868,0.836715130212494,0.8423704677401687,0.5574144486692015,0.6500671304772366,0.6691548920287923
"s05_confirmation","Dual-Survival-Credit-AOP","CF5","CF",100,50000,1,275501,"all",249,400,50000,0.4412350054867478,0.2736784751185498,0.2850865193947024,0.441235005486748,0.2736784751185498,0.2850865193947024,0.4487506267555895,0.2606702873714959,0.2905790858729143,22152,13318,14330,1882,491,810,0.08495846876128567,0.03686739750713321,0.05652477320307048,0.9641567352834959,0.9031386094008109,0.9042568039078855,0.9941086920705918,0.9802182827044861,0.9775343242920754,0.7634366468082455,0.7373768175471961,0.7651308063999626,0.0843801201529219,0.03710765620416544,0.0552423900789177,0.08552749417875694,0.03661538461538461,0.05778269283936965,0.9714181685781904,0.9023173951305368,0.9144588500563697,0.9570123589468028,0.904,0.8942493779375172
"s05_confirmation","Dual-Survival-Credit-AOP","CF5","CF",100,50000,2,275502,"all",249,400,50000,0.3960744318974395,0.2686638436500274,0.335261724452533,0.3960744318974396,0.2686638436500273,0.3352617244525331,0.3985658764430564,0.2644495192518742,0.3369846043050695,19790,13273,16737,1752,527,1045,0.08852956038403234,0.03970466360280268,0.06243651789448527,0.9936836786255685,0.9912604535523243,0.993128995638406,0.9975666722844665,0.996456775847823,0.9974685871687125,0.7577552913121571,0.7552729626905889,0.789934181259915,0.09076158604603995,0.04406273338312174,0.0649568552253116,0.08631282102930808,0.03526907874733962,0.05993089479328011,0.9974647601663117,0.9943241224794623,0.9949664429530202,0.9899284922952966,0.9881422924901185,0.9913022757059454
"s05_confirmation","Dual-Survival-Credit-AOP","CF5","CF",100,50000,3,275503,"all",249,400,50000,0.3412140498607044,0.3522694875026083,0.3065164626366872,0.3412140498607042,0.3522694875026084,0.3065164626366871,0.3441588575178149,0.3448257705492608,0.3110153719329248,17075,17351,15374,1964,972,1046,0.1150219619326501,0.05601982594663132,0.06803694549238976,0.8633089311859443,0.8046798455420436,0.826265122934825,0.9739478149172018,0.9633978940311458,0.9579313274978155,0.7517474147428841,0.785591761807912,0.7749024236387385,0.117633219621221,0.05999771871791947,0.07075471698113207,0.112432936785631,0.05195712954333644,0.06535778868509429,0.9550641101046936,0.8701950496178853,0.8824685534591195,0.7723349661768136,0.7377679403541473,0.7708602428313097
"s05_confirmation","Dual-Survival-Credit-AOP","CF5","CF",100,50000,4,275504,"all",249,400,50000,0.4087518638600025,0.2755711698223551,0.3156769663176424,0.4087518638600028,0.2755711698223552,0.3156769663176422,0.4281276280934697,0.2570242905310654,0.3148480813754648,20845,13262,15693,1972,473,977,0.09460302230750779,0.03566581209470668,0.06225705728668833,0.9794674982010074,0.9651636253958679,0.9759765500541643,0.9953915844917814,0.9916625769118879,0.9920836196268794,0.7699158524326487,0.7807268698603413,0.8508335259933194,0.09563593473560054,0.03452294246176257,0.06106093372344486,0.09361821759910037,0.03689229326246678,0.06345760980592441,0.9834873206211913,0.9685360524399126,0.980536827375652,0.9756348983225565,0.9615444739721745,0.9713993871297242
"s05_confirmation","Dual-Survival-Credit-AOP","CF5","CF",100,50000,5,275505,"all",249,400,50000,0.3226323129543854,0.3017619088633339,0.3756057781822805,0.3226323129543855,0.3017619088633339,0.3756057781822807,0.3297402234495938,0.2844584803047244,0.3858012962456821,16249,14592,18959,2052,820,1859,0.1262846944427349,0.05619517543859649,0.09805369481512738,0.9832605083389747,0.9747807017543859,0.9875520860804895,0.9953269214689275,0.9944105471887746,0.9960231467492011,0.7926347992781105,0.8069452065219606,0.9179881327008306,0.1328358208955224,0.0575616255829447,0.09962586851950829,0.1198684370812523,0.05474813037956822,0.09652228238234069,0.9875621890547264,0.9764157228514324,0.9908070550507749,0.9790473870142526,0.9730492450966558,0.9843815077051229
"s05_confirmation","Dual-Survival-Credit-AOP","CF6","CF",100,50000,1,275601,"all",249,400,50000,0.4267547311536493,0.2340423577275646,0.339202911118786,0.4267547311536496,0.2340423577275648,0.3392029111187859,0.4929211941179724,0.1995618471699712,0.3075169587120565,22906,10794,16100,1822,338,896,0.07954247795337466,0.03131369279229201,0.05565217391304348,0.8560639133851393,0.8938299055030573,0.9020496894409938,0.9694075233971634,0.9747232204451501,0.9771512650529562,0.718367572382261,0.6692208672644152,0.6985113471511883,0.08243929983060418,0.03706881757336537,0.06215224340002368,0.07703583061889251,0.02456210992550836,0.04847772115510257,0.9313005834744965,0.9258623648532692,0.9373742156978809,0.7909609120521173,0.8562512583048117,0.8630602378152359
"s05_confirmation","Dual-Survival-Credit-AOP","CF6","CF",100,50000,2,275602,"all",249,400,50000,0.4341653354329887,0.231195044522807,0.3346396200442043,0.4341653354329888,0.231195044522807,0.3346396200442042,0.4517937989047495,0.2335502001964564,0.3146560008987934,22059,11581,16160,1820,405,951,0.08250600661861372,0.03497107330973145,0.0588490099009901,0.8350786527041117,0.8230722735515068,0.8586633663366336,0.9640444198087175,0.9527556774072807,0.9637818817334272,0.7397335699542138,0.7053447845506353,0.7274213978183602,0.08667900092506937,0.0369855877756555,0.06133717440883447,0.0784958662992266,0.03297835795259361,0.05620130284838421,0.8887141535615171,0.8444174335822191,0.8787660544952587,0.7835363143390524,0.8019580900034352,0.8372716822071784
"s05_confirmation","Dual-Survival-Credit-AOP","CF6","CF",100,50000,3,275603,"all",249,400,50000,0.444009086096247,0.2295139818067854,0.3264769320969678,0.4440090860962468,0.2295139818067854,0.3264769320969676,0.4562626196747935,0.2321607018202904,0.3115766785049159,22428,11487,15885,1841,411,948,0.0820848938826467,0.03577957691303212,0.05967894239848914,0.800561797752809,0.8553147035779577,0.8457664463330186,0.9528265848445094,0.9690421560332568,0.964126009110883,0.7229982626645886,0.6924257016746227,0.7093643804957102,0.08009401554872536,0.03821209465381244,0.0649206934710439,0.08402252331515045,0.03337945347630578,0.05417956656346749,0.8742542035798229,0.8746713409290097,0.884175580966433,0.7288404011965511,0.8362158422691111,0.8054695562435501
"s05_confirmation","Dual-Survival-Credit-AOP","CF6","CF",100,50000,4,275604,"all",249,400,50000,0.4618684380153031,0.2234794624353713,0.3146520995493257,0.4618684380153029,0.2234794624353712,0.3146520995493257,0.4221586144031985,0.234059209467134,0.3437821761296671,22024,11393,16383,1761,412,922,0.07995822738830367,0.03616255595541121,0.05627784898980651,0.854295314202688,0.8753620644255244,0.8967222120490752,0.9723134284738777,0.9709151194935622,0.9783163623648998,0.709099336555307,0.6715930141065983,0.6979915192810365,0.08047974969581088,0.03736974487962631,0.05965763924374042,0.07938771629587374,0.03500943881928952,0.05318527177089422,0.9147401355814357,0.9051383399209486,0.9261624936126724,0.7881726563985548,0.8469195126136949,0.8697837521917008
"s05_confirmation","Dual-Survival-Credit-AOP","CF6","CF",100,50000,5,275605,"all",249,400,50000,0.4537295642767903,0.222320198376159,0.3239502373470507,0.4537295642767901,0.222320198376159,0.3239502373470508,0.4607076890671331,0.2307885066916706,0.3085038042411959,22778,11277,15745,1828,351,886,0.08025287558170165,0.03112529928172386,0.05627183232772309,0.8128896303450698,0.769796931808105,0.8393775801841854,0.9685821401197899,0.9327610869970447,0.9609588374639055,0.7212787706374233,0.6832183949937031,0.7047735753571539,0.08263292931080245,0.03561742903634062,0.05876518720555418,0.07790849673202614,0.02680125304559694,0.05365281937752311,0.8971954348403078,0.8087145181703128,0.875898834614431,0.7298474945533769,0.7323355377654021,0.8010157572600599
"s05_confirmation","Dual-Survival-Credit-AOP","CF7","CF",100,50000,1,275701,"all",249,400,50000,0.3296738039660135,0.3377632543139349,0.3325629417200515,0.3296738039660136,0.3377632543139348,0.3325629417200515,0.3051437870400776,0.3598939534053028,0.3349622595546194,15810,17368,16622,1892,907,1422,0.1196710942441493,0.05222247812068171,0.08554927204909156,0.8079063883617963,0.8714877936434823,0.8586211045602214,0.9636375770299002,0.9753115867477481,0.9704518753999865,0.8332721700632649,0.7079272984951424,0.8078186157548993,0.1187286897223575,0.0492154065620542,0.0819236346060899,0.1206896551724138,0.05504689593568558,0.08914450035945364,0.904164637116415,0.9179743223965763,0.916384726921218,0.7038694393261384,0.8278249218401071,0.8013419602204649
"s05_confirmation","Dual-Survival-Credit-AOP","CF7","CF",100,50000,2,275702,"all",249,400,50000,0.3009849019001636,0.3223743857544964,0.37664071234534,0.3009849019001635,0.3223743857544966,0.3766407123453399,0.3046539178712345,0.3299095447118857,0.3654365374168799,15087,16242,18471,2106,1340,1977,0.1395903758202426,0.08250215490703115,0.1070326457690434,0.9040896135746006,0.9136805812092107,0.9497590818039088,0.9727699650119944,0.97792814371314,0.9827185000139073,0.8209347796194727,0.8781176826371168,0.9164121845523647,0.1405520736098146,0.08331257783312578,0.1020168605271582,0.1386399578281497,0.08170969313200195,0.1121978021978022,0.9233231097479664,0.9185554171855542,0.9568882723295272,0.8850817079599368,0.9089137847053093,0.9424175824175824
"s05_confirmation","Dual-Survival-Credit-AOP","CF7","CF",100,50000,3,275703,"all",249,400,50000,0.3516838673073807,0.3446930670329583,0.3036230656596611,0.3516838673073802,0.3446930670329581,0.3036230656596611,0.3431144905439429,0.3205718642766895,0.3363136451793674,17306,16566,15928,1904,995,1153,0.1100196463654224,0.06006277918628516,0.07238824711200402,0.7065179706460187,0.5124954726548352,0.6339779005524862,0.9281314357093363,0.7519581420785015,0.8279212413161583,0.803988075539781,0.7390567179303025,0.7719511857910328,0.1138647784376428,0.05928945835760047,0.06879216827622701,0.1060818713450292,0.06089462473374264,0.07563627673557176,0.8091594335312928,0.6023296447291788,0.6883185606561715,0.6014035087719298,0.4158626738503947,0.5848966423706536
"s05_confirmation","Dual-Survival-Credit-AOP","CF7","CF",100,50000,4,275704,"all",249,400,50000,0.369519272499448,0.339938106470989,0.290542621029563,0.3695192724994479,0.3399381064709889,0.2905426210295631,0.3418833275591168,0.3435742532862941,0.3145424191545891,17723,17016,15061,1760,899,984,0.09930598657112227,0.05283262811471556,0.06533430715091959,0.7733453704226146,0.6650799247766808,0.7637607064603944,0.9265406482562927,0.898322384609422,0.9073489050088483,0.7858228584868653,0.8008275265028225,0.7863956705637892,0.09261672095548316,0.05035460992907802,0.05961272475795298,0.1065429343357218,0.05528284244974287,0.07061677946622398,0.8152008686210641,0.6565011820330969,0.7701244813278009,0.7280629625278985,0.673562412342216,0.7578853275443749
"s05_confirmation","Dual-Survival-Credit-AOP","CF7","CF",100,50000,5,275705,"all",249,400,50000,0.4846353256045755,0.2201641333343581,0.2952005410610665,0.4846353256045754,0.220164133334358,0.2952005410610665,0.4442861793776929,0.2547765447627548,0.3009372758595522,23130,11829,14841,2550,574,1025,0.1102464332036316,0.04852481190295038,0.06906542685802844,0.7181582360570687,0.6692028066615944,0.7092513981537633,0.9074600559076768,0.8539113960967726,0.8808299876983726,0.7934366761754936,0.699308230940845,0.7596332738807691,0.1087911177396636,0.04470802919708029,0.06842606448102299,0.1118343730223307,0.05181918412348401,0.06969292389853138,0.7813406247410721,0.6956204379562044,0.7479254523194123,0.6492179730584938,0.646401008032761,0.6712950600801069
"s05_confirmation","Dual-Survival-Credit-AOP","CF8","CF",100,50000,1,275801,"all",249,400,50000,0.5389746418849943,0.1640083217404156,0.2970170363745901,0.5389746418849941,0.1640083217404158,0.2970170363745902,0.506662790084708,0.1779102440378333,0.3154269658774585,26043,8507,15250,2524,357,955,0.09691663786814116,0.04196544022569648,0.06262295081967213,0.4917636217025688,0.4319971787939344,0.4375081967213115,0.6110181217669267,0.5726143012261907,0.5718660453638458,0.7275978780319695,0.725544737851047,0.7139010829509218,0.08764346400357728,0.04412846285854376,0.06173173037957585,0.1067722772277228,0.03997289972899729,0.06346374410602779,0.5538828439409748,0.5020838440794312,0.4981764149669053,0.4257425742574257,0.3674345076784101,0.3802727156875239
"s05_confirmation","Dual-Survival-Credit-AOP","CF8","CF",100,50000,2,275802,"all",249,400,50000,0.5616969165079575,0.1604750753558473,0.2778280081361952,0.5616969165079575,0.1604750753558475,0.2778280081361951,0.5020841559506701,0.196346765909052,0.3015690781402778,26492,8874,14434,2737,381,921,0.1033142080628114,0.04293441514536849,0.06380767631980047,0.4738034123508984,0.4192021636240703,0.431273382291811,0.6007823164654018,0.5642932881102788,0.5631333965523038,0.7265315836461791,0.7300706207048822,0.715382184987337,0.09313795568263045,0.04135338345864661,0.0588150289017341,0.1147016477363622,0.04422604422604422,0.06840564280010647,0.5460328806290208,0.5160401002506265,0.4998554913294798,0.3929771236602144,0.3400900900900901,0.3681128560021293
"s05_confirmation","Dual-Survival-Credit-AOP","CF8","CF",100,50000,3,275803,"all",249,400,50000,0.558603197136515,0.1501551314307633,0.2912416714327217,0.5586031971365155,0.1501551314307633,0.2912416714327217,0.5280573407228301,0.1908733777337916,0.2810692815433782,27054,8501,14245,2992,354,969,0.1105936275596954,0.04164215974591225,0.06802386802386802,0.433207658756561,0.3572520879896483,0.3901719901719902,0.5785989654804584,0.515513531401931,0.5376364775772546,0.7421316663034265,0.7416185052239191,0.7262446834561671,0.09859762675296656,0.03341352579524191,0.06534325889164599,0.1232793368316982,0.04810924369747899,0.07080532112716349,0.5159295217547645,0.4562951082598236,0.4602977667493797,0.3457297132861815,0.2794117647058824,0.3174080961235874
"s05_confirmation","Dual-Survival-Credit-AOP","CF8","CF",100,50000,4,275804,"all",249,400,50000,0.5543916472884007,0.1618927783064386,0.2837155744051607,0.5543916472884006,0.1618927783064385,0.2837155744051608,0.5142994086821024,0.1886570368121034,0.2970435545057945,26619,8724,14457,2552,373,919,0.09587137007400728,0.04275561668959193,0.06356782181642111,0.4822119538675382,0.4101329665291151,0.4291346752438265,0.6125150897152473,0.566593733681375,0.5731810673968185,0.721300872351571,0.7281207800357631,0.710852813397622,0.08497536945812807,0.04047678172336727,0.0565850898288301,0.1076082715567694,0.04470938897168406,0.0702490525175961,0.5513619240799769,0.482493171095108,0.4914415051633895,0.407725321888412,0.3480945284223973,0.3695181375203032
"s05_confirmation","Dual-Survival-Credit-AOP","CF8","CF",100,50000,5,275805,"all",249,400,50000,0.5779731708371807,0.1574258555979931,0.2646009735648261,0.5779731708371805,0.1574258555979932,0.2646009735648263,0.5205404584896395,0.1711849246800636,0.3082746168302968,27360,8185,14255,2842,325,1000,0.103874269005848,0.03970678069639585,0.07015082427218519,0.4725877192982456,0.4063530849114234,0.4149421255699755,0.5998441422224073,0.5384693948444343,0.5480426583274188,0.7289957554353502,0.7196323202286524,0.7133890713933038,0.0961311384316177,0.04082674151569278,0.06044957472660997,0.1124739643601018,0.03867791842475387,0.07847738234910703,0.5299715218448288,0.4689971931615208,0.4658262454434994,0.4088559746972151,0.3488045007032349,0.37126841350541
"s05_confirmation","Dual-Survival-Credit-AOP","CF9","CF",100,50000,1,275901,"all",249,400,50000,0.5455598796993315,0.1750593405576689,0.2793807797429996,0.5455598796993317,0.1750593405576689,0.2793807797429996,0.534153375977142,0.1939187600430506,0.2719278639798076,26889,9187,13724,2950,436,858,0.1097102904533452,0.04745836508109285,0.06251821626348003,0.5754397709100375,0.4983128333514749,0.5350480909355873,0.7066583637236121,0.6573479840584959,0.6785475749806325,0.7414530261117964,0.7488492841885163,0.7359797838263837,0.100390078751748,0.04225999081304548,0.05719212530535996,0.1192301909487295,0.0521415270018622,0.0679970436067997,0.6109516449547362,0.515847496554892,0.5470613593907171,0.5391670425499925,0.4825160355886613,0.522690317812269
"s05_confirmation","Dual-Survival-Credit-AOP","CF9","CF",100,50000,2,275902,"all",249,400,50000,0.5245985770940297,0.1760480174218403,0.2993534054841301,0.5245985770940298,0.1760480174218404,0.2993534054841302,0.5138938917309596,0.1915668810873885,0.2945392271816524,25866,9150,14784,2593,426,940,0.1002474290574499,0.04655737704918033,0.06358225108225109,0.5780947962576355,0.5255737704918033,0.5368641774891775,0.7060121621728803,0.6788231498624909,0.6780766571578101,0.7472287202739376,0.7621428046151967,0.7418817231857123,0.09605081891933262,0.04151459854014598,0.05986577181208054,0.10453125,0.0511959714645405,0.06735751295336788,0.6145721720495944,0.5463047445255474,0.5626845637583893,0.540859375,0.5065044062106588,0.5106353967821107
"s05_confirmation","Dual-Survival-Credit-AOP","CF9","CF",100,50000,3,275903,"all",249,400,50000,0.5301816362649232,0.1889686633033756,0.2808497004317012,0.5301816362649231,0.1889686633033757,0.280849700431701,0.528946380478551,0.2039069159420952,0.2671467035793536,26363,9788,13649,2886,447,860,0.109471607935364,0.0456681651001226,0.06300827899479815,0.5576755300990024,0.4841642827952595,0.5075829731115833,0.697056596975188,0.6449451407962487,0.6604373121757909,0.7552367149003074,0.7511383376606956,0.7390198634273146,0.1016217035465292,0.04415198471662068,0.05848705848705849,0.1173388015493279,0.04707504431751034,0.06775841346153846,0.6085177326462564,0.5136913606452982,0.5342485342485342,0.506721348826612,0.4567658065786882,0.4795673076923077
"s05_confirmation","Dual-Survival-Credit-AOP","CF9","CF",100,50000,4,275904,"all",249,400,50000,0.5650589819464366,0.1718712176974323,0.2630698003561311,0.5650589819464369,0.1718712176974322,0.263069800356131,0.5484528016317635,0.1899452922660159,0.2616019061022211,27725,9013,13062,2943,378,772,0.1061496844003607,0.0419394208365694,0.05910274077476649,0.556970243462579,0.4871851769666038,0.5176083295054356,0.694499399043689,0.6452131733656645,0.6642818351252811,0.7378352181129411,0.7335057063078926,0.7194762244891572,0.09975115535015998,0.03943070461969202,0.05481752939380058,0.1127379209370425,0.04421408927438122,0.06341163826193766,0.5987913259864913,0.5114325711619225,0.5348908230264162,0.513909224011713,0.4651999153797334,0.5002303086135421
"s05_confirmation","Dual-Survival-Credit-AOP","CF9","CF",100,50000,5,275905,"all",249,400,50000,0.4990315367378798,0.1983983560569546,0.3025701072051657,0.49903153673788,0.1983983560569546,0.3025701072051658,0.5181155209967406,0.196949073047924,0.2849354059553353,25332,9840,14628,2641,405,930,0.1042554871309016,0.04115853658536586,0.06357670221493027,0.5592925943470709,0.5335365853658537,0.5350697292863003,0.6982553944961372,0.6843171001289061,0.677993772967818,0.7339129207668706,0.737791425503155,0.7253949857525892,0.0966471013910107,0.0383367139959432,0.05960440727465817,0.1115936409461031,0.0439918533604888,0.06779422128259338,0.6111602476481467,0.5677484787018255,0.5635205097570689,0.5092671578131058,0.4991853360488798,0.5048625792811839
"s05_confirmation","Dual-Survival-Credit-AOP","DASCMOP1","DAS-CMOP",100,50000,1,277501,"all",249,400,50000,0.4281434711306333,0.2762220380948913,0.2956344907744755,0.4281434711306335,0.2762220380948913,0.2956344907744754,0.2599834499568705,0.4192069407494914,0.3208096092936378,17135,17317,15348,2377,1601,1427,0.1387219142106799,0.09245250332043657,0.09297628355486057,0.2882988036183251,0.1831726049546688,0.2169012249152984,0.7863537337047316,0.7698257077428425,0.7589805301388253,0.7599537358636512,0.8125117607646102,0.7632526987906639,0.06191369606003752,0.03037790697674419,0.04388586956521739,0.2651737451737452,0.133371658522564,0.1382073109664497,0.4305816135084428,0.4261627906976744,0.397554347826087,0.05405405405405406,0.0229951135383731,0.05045067601402103
"s05_confirmation","Dual-Survival-Credit-AOP","DASCMOP1","DAS-CMOP",100,50000,2,277502,"all",249,400,50000,0.3902870652906636,0.2829516222446495,0.3267613124646869,0.3902870652906637,0.2829516222446497,0.326761312464687,0.2508314396469313,0.4013059070931488,0.347862653259919,15960,17037,16803,2175,1498,1402,0.1362781954887218,0.08792627810060456,0.08343748140213057,0.2644736842105263,0.1909373716029817,0.2212700113075046,0.7691703614814889,0.780409112814451,0.7706543728536029,0.7850068089981259,0.8349441060823679,0.7962886420565215,0.05846027171675586,0.03123668891097544,0.04225525119764157,0.2573670723894939,0.1278767260356214,0.1221426922188871,0.4039728283244133,0.421127360499787,0.3924579290013512,0.04740550928891736,0.02871723033820292,0.06037866543523435
"s05_confirmation","Dual-Survival-Credit-AOP","DASCMOP1","DAS-CMOP",100,50000,3,277503,"all",249,400,50000,0.4154628531028851,0.277781620963044,0.3067555259340711,0.4154628531028853,0.2777816209630438,0.3067555259340707,0.2680364030581786,0.3967731394057178,0.3351904575361034,17021,16782,15997,2418,1593,1564,0.1420598084718877,0.09492313192706471,0.09776833156216791,0.2875271723165501,0.1832320343224884,0.2111645933612552,0.7839904635628754,0.7651011019021103,0.7586897813359101,0.7668683353332323,0.7965861954934627,0.7620795259745672,0.05864734299516908,0.02590448625180897,0.03887434554973822,0.2714735421975716,0.1432333873581848,0.1516094292210123,0.4406763285024154,0.41794500723589,0.3925392670157068,0.04991755359016639,0.01894246353322528,0.04535120258465956
"s05_confirmation","Dual-Survival-Credit-AOP","DASCMOP1","DAS-CMOP",100,50000,4,277504,"all",249,400,50000,0.4345820433094857,0.2902207781288189,0.2751971785616953,0.4345820433094857,0.2902207781288189,0.2751971785616952,0.2535603070705839,0.4187940979494667,0.3276455949799494,17142,17645,15013,2512,1650,1343,0.1465406603663517,0.09351090960612071,0.08945580496902684,0.2952980982382453,0.1757438367809578,0.2064211017118497,0.7920696240988443,0.7688210301536766,0.7533299545127145,0.7638722608212519,0.8016815203549073,0.7567050715569291,0.06485587583148558,0.03073515159905856,0.03837735298409456,0.286483064260842,0.1370178468624065,0.1323529411764706,0.4348669623059867,0.4001107573030597,0.3941339559317087,0.05618866729977841,0.02024563423527154,0.04877450980392157
"s05_confirmation","Dual-Survival-Credit-AOP","DASCMOP1","DAS-CMOP",100,50000,5,277505,"all",249,400,50000,0.4310339888678377,0.2734243790038951,0.2955416321282672,0.4310339888678378,0.2734243790038953,0.2955416321282672,0.2605408294447467,0.407465388576724,0.3319937819785294,17213,16950,15637,2177,1538,1491,0.12647417649451,0.09073746312684365,0.09535077060817293,0.2793818625457503,0.175811209439528,0.2004860267314702,0.7684030534250055,0.767891039464272,0.7463065861304347,0.7563294865500637,0.8092366984567466,0.7617564908088046,0.06191142191142191,0.0324379862028475,0.04305895137190981,0.2331997533908755,0.1299200947025747,0.1418731117824773,0.4162237762237762,0.3971818582122413,0.3732681336593317,0.0531750924784217,0.02702969320311729,0.04676737160120846
"s05_confirmation","Dual-Survival-Credit-AOP","DASCMOP2","DAS-CMOP",100,50000,1,277601,"all",249,400,50000,0.4029063798186547,0.3183651412152442,0.2787284789661013,0.4029063798186547,0.3183651412152442,0.2787284789661014,0.2432164208807181,0.4080761153406324,0.3487074637786495,16085,18077,15638,2179,1543,1328,0.1354678271681691,0.08535708358687835,0.08492134544059343,0.2789555486478085,0.1989821319909277,0.2231743189666198,0.7684294864044064,0.7798781846813816,0.7531967632815095,0.7535057637642097,0.8203899305467016,0.7699537259734828,0.05095223850832586,0.02322352644200429,0.02921704087507196,0.2754293262879788,0.1338388812290723,0.1294591484464902,0.4126034499950145,0.4090622239050865,0.4150834772596431,0.05762879788639366,0.0350600748473508,0.06973532796317607
"s05_confirmation","Dual-Survival-Credit-AOP","DASCMOP2","DAS-CMOP",100,50000,2,277602,"all",249,400,50000,0.3921758110612487,0.3274378511878345,0.2803863377509167,0.3921758110612487,0.3274378511878345,0.2803863377509168,0.2323626948952154,0.4185857017380459,0.3490516033667388,15547,18579,15674,1978,1502,1297,0.1272271177719174,0.08084396361483395,0.08274850070179916,0.2686048755386891,0.2161042036708111,0.2236825315809621,0.745483801396008,0.7862621164083969,0.7481027450094573,0.7471570385850904,0.8299929487150837,0.7690425382617886,0.05077805077805077,0.02171246319921492,0.03452722063037249,0.2564457518601834,0.1270739426488923,0.1214630779848171,0.3876945126945127,0.4387880274779195,0.4034383954154728,0.0673126838553383,0.04200632972091685,0.07936507936507936
"s05_confirmation","Dual-Survival-Credit-AOP","DASCMOP2","DAS-CMOP",100,50000,3,277603,"all",249,400,50000,0.3984824868164795,0.3126535330641385,0.288863980119382,0.3984824868164792,0.3126535330641386,0.2888639801193821,0.220997220389527,0.4052313281112625,0.3737714514992108,15426,17872,16502,1642,1446,1153,0.1064436665370154,0.08090868397493285,0.06987031874924252,0.2693504472967717,0.2021598030438675,0.2119743061447097,0.7389344574295215,0.7822088220909925,0.7326893832033785,0.7520739445972964,0.848449244573467,0.7911115541208376,0.04695214105793451,0.02133401876365506,0.02682791214901307,0.2137793128522087,0.1268457040927559,0.1031370863773098,0.3727959697732998,0.405860429250739,0.3815679733110926,0.08271223413924741,0.04508968387672183,0.0808981521272024
"s05_confirmation","Dual-Survival-Credit-AOP","DASCMOP2","DAS-CMOP",100,50000,4,277604,"all",249,400,50000,0.3981554261166448,0.318758145048081,0.2830864288352743,0.3981554261166443,0.3187581450480809,0.2830864288352741,0.2449081389396246,0.4183181011492091,0.3367737599111663,16003,18352,15445,2155,1640,1406,0.1346622508279698,0.08936355710549258,0.09103269666558757,0.2963194401049803,0.2030841325196164,0.2222078342505665,0.784214489337185,0.7808856677641473,0.7589350440083014,0.7543078415910475,0.8191389915339123,0.7646966690850042,0.05023706244325633,0.02193369469305433,0.03331443152821095,0.2720853858784893,0.1407044821959881,0.1395542843522822,0.4409361444567739,0.4268246564981722,0.4133824780266516,0.06091954022988506,0.03272866877819369,0.06149445834823025
"s05_confirmation","Dual-Survival-Credit-AOP","DASCMOP2","DAS-CMOP",100,50000,5,277605,"all",249,400,50000,0.4045250512322083,0.3335791326009238,0.261895816166868,0.404525051232208,0.3335791326009238,0.261895816166868,0.2318585824451077,0.4112087255292514,0.3569326920256406,15843,18543,15414,1907,1452,1165,0.1203686170548507,0.07830448147548941,0.07558064097573634,0.2879505144227735,0.2158226824138489,0.2190216686129493,0.7611940277355935,0.7851300712364643,0.7425841052650106,0.7501355419755463,0.8344981012018163,0.776027754284638,0.04985599364385739,0.02347700457500602,0.02375478927203065,0.243332178732248,0.1227898798476116,0.1136235797052537,0.4112622901976363,0.4308933301228028,0.4130268199233716,0.07291305853827502,0.04132069942365928,0.07661154235572055
"s05_confirmation","Dual-Survival-Credit-AOP","DASCMOP3","DAS-CMOP",100,50000,1,277701,"all",249,400,50000,0.4504017556621685,0.3185123741035868,0.2310858702342446,0.4504017556621684,0.318512374103587,0.2310858702342445,0.358184042771041,0.346672622542779,0.2951433346861804,20128,16563,13109,3006,1477,1275,0.1493441971383148,0.08917466642516453,0.09726142344953849,0.2564089825119237,0.1932017146652177,0.1841482950644595,0.7154473285712101,0.7154718314707357,0.6809020888204601,0.7481024262106608,0.7970355126371785,0.7351561069874838,0.07990012484394507,0.04251829422154933,0.05347222222222222,0.2367063046892529,0.1319902744008336,0.131582528235134,0.4436418762261459,0.3933888468332072,0.3973958333333333,0.02086605339914741,0.009494037281463471,0.01700911688665125
"s05_confirmation","Dual-Survival-Credit-AOP","DASCMOP3","DAS-CMOP",100,50000,2,277702,"all",249,400,50000,0.4354352770610257,0.3118051914070598,0.2527595315319143,0.4354352770610261,0.3118051914070598,0.2527595315319144,0.3734014147468499,0.3378589826837896,0.2887396025693603,20140,16179,13481,3193,1365,1197,0.1585402184707051,0.08436862599666234,0.08879163266819969,0.2282522343594836,0.1717658693367946,0.1691269193679994,0.6965975541438106,0.7186261860363877,0.6795306072520686,0.7554162782394516,0.8178984456271061,0.7486471936968054,0.08366386864680381,0.04016994978756277,0.05117609663064208,0.2458328852564792,0.1251783166904422,0.121713729308666,0.4022691633613135,0.3473670657911678,0.3402733630006357,0.02537907301860415,0.00962910128388017,0.01933509528446237
"s05_confirmation","Dual-Survival-Credit-AOP","DASCMOP3","DAS-CMOP",100,50000,3,277703,"all",249,400,50000,0.441235550031679,0.3142618682290005,0.2445025817393206,0.4412355500316791,0.3142618682290004,0.2445025817393205,0.3346918745521448,0.377716578233078,0.2875915472147775,19320,17236,13244,2901,1487,1322,0.1501552795031056,0.08627291715015084,0.09981878586529749,0.279192546583851,0.2317823160826178,0.2077922077922078,0.7465912008857297,0.7056606611101998,0.7021451771523107,0.7498708897608457,0.7721171708161365,0.7247983015056284,0.0692952103441996,0.03501597444089457,0.0436566551780732,0.2566562724874071,0.1288917224524493,0.1476716543140819,0.4737752686213804,0.5022364217252396,0.4357459379615953,0.02290717198368913,0.006906811178408245,0.01356453642847154
"s05_confirmation","Dual-Survival-Credit-AOP","DASCMOP3","DAS-CMOP",100,50000,4,277704,"all",249,400,50000,0.4208636473532468,0.3079588621973967,0.2711774904493565,0.420863647353247,0.3079588621973968,0.2711774904493566,0.340235727157943,0.3667592004557144,0.2930050723863422,18948,16806,14046,2799,1546,1431,0.1477200759974668,0.09199095561109127,0.1018795386586929,0.2698437829850116,0.203022729977389,0.2191371208885092,0.7246904460309961,0.7030470812992587,0.7065914871840464,0.7499424009934603,0.7989291434944101,0.7346289937849082,0.07767916785952858,0.05110821382007823,0.06443489853355058,0.2343842248199315,0.1263134851138354,0.1365318711446196,0.4657887202977383,0.4383311603650586,0.4372685528069916,0.02739402526862676,0.005472854640980736,0.01727210418094585
"s05_confirmation","Dual-Survival-Credit-AOP","DASCMOP3","DAS-CMOP",100,50000,5,277705,"all",249,400,50000,0.4338002980006886,0.3338793899677762,0.2323203120315353,0.4338002980006885,0.3338793899677762,0.2323203120315353,0.3816792885454446,0.3188529941182316,0.2994677173363238,20297,16256,13247,3134,1301,1243,0.1544070552298369,0.08003198818897637,0.09383256586396919,0.2756565009607331,0.2365280511811024,0.1986864950554842,0.7389978143345165,0.7278981264864141,0.7015515831219644,0.7495957045876149,0.7660648846821633,0.7315604966582907,0.07539829566506114,0.03848466626578473,0.03938504059423044,0.2441848226502474,0.123536078579524,0.136095467953875,0.4961096702482401,0.4564040889957907,0.437553981689411,0.02515524681612462,0.006296436217101121,0.01327433628318584
"s05_confirmation","Dual-Survival-Credit-AOP","DASCMOP4","DAS-CMOP",100,50000,1,277801,"all",249,400,50000,0.4759089469155191,0.1073405278122108,0.4167505252722701,0.4759089469155188,0.1073405278122109,0.4167505252722699,0.4611356521764579,0.1160937131000713,0.4227706347234707,23340,5564,20896,5247,343,4596,0.2248071979434447,0.06164629762760604,0.2199464012251149,0.06062553556126821,0.01042415528396837,0.08839012251148545,0.2875621583483624,0.1353785336257604,0.3474854541869117,0.7652646399490498,0.5561879239146789,0.7331298321020181,0.2259234272221285,0.06076519129782446,0.2149190439475713,0.2236544156070371,0.06245686680469289,0.2249049429657795,0.08028335301062574,0.01200300075018755,0.1232652274479568,0.04032398536840272,0.008971704623878536,0.05399239543726236
"s05_confirmation","Dual-Survival-Credit-AOP","DASCMOP4","DAS-CMOP",100,50000,2,277802,"all",249,400,50000,0.4538660814570473,0.1122043273911828,0.4339295911517699,0.4538660814570472,0.1122043273911828,0.4339295911517699,0.4613727008087722,0.1262351311605994,0.4123921680306281,22791,5931,21078,4774,364,4472,0.2094686499056645,0.06137244983982465,0.2121643419679286,0.06173489535342899,0.02394199966278874,0.123920675585919,0.3057903162652272,0.1612695481818663,0.3833234336056054,0.7662939336340948,0.5674055478155616,0.7425376159624201,0.2109824033955257,0.04767025089605735,0.219701879455606,0.2079777042327121,0.07354345749761222,0.204242483214946,0.09673711203466266,0.02867383512544803,0.186649384316267,0.02726005922313186,0.01973893664438077,0.05799357789238104
"s05_confirmation","Dual-Survival-Credit-AOP","DASCMOP4","DAS-CMOP",100,50000,3,277803,"all",249,400,50000,0.4418927589315832,0.1225182579699302,0.4355889830984865,0.441892758931583,0.1225182579699302,0.435588983098487,0.4441773211841157,0.1180492075740392,0.4377734712418451,22073,5980,21747,4902,374,4892,0.2220812757667739,0.06254180602006688,0.2249505678944222,0.09536537851673992,0.02575250836120401,0.1402952131328459,0.3411221760431946,0.1539256365028204,0.3976763389765063,0.7508239173018568,0.5625323066533864,0.7413388690195256,0.2227169468423444,0.06362741882584454,0.2245989304812834,0.2214492229851825,0.06141248720573183,0.2253004311531052,0.130940481599273,0.0354214496556248,0.1845841784989858,0.05999277195518612,0.01569430228590924,0.09622970369690854
"s05_confirmation","Dual-Survival-Credit-AOP","DASCMOP4","DAS-CMOP",100,50000,4,277804,"all",249,400,50000,0.4332678516456514,0.1258916977410551,0.4408404506132935,0.4332678516456513,0.1258916977410551,0.4408404506132935,0.4513844072408392,0.1361996483785519,0.4124159443806089,22035,6527,21238,4518,467,4704,0.2050374404356705,0.07154895051325265,0.2214897824653922,0.07574313592012707,0.01961084724988509,0.1194086072134853,0.3351284859681127,0.1950562599807744,0.4441188723177137,0.75879617845044,0.5740046278321087,0.733517566409206,0.1946066166249653,0.05668789808917198,0.2054881940012763,0.2150480256136606,0.08532624741659285,0.2385821404226312,0.1065702900565286,0.02356687898089172,0.1591758592396754,0.04615795090715048,0.01594331266607617,0.07693056772811374
"s05_confirmation","Dual-Survival-Credit-AOP","DASCMOP4","DAS-CMOP",100,50000,5,277805,"all",249,400,50000,0.4699803890493611,0.10824556357018,0.4217740473804589,0.4699803890493611,0.10824556357018,0.4217740473804588,0.4775512011332613,0.1026630882973014,0.4197857105694375,23594,5248,20958,5301,242,4159,0.2246757650250064,0.04611280487804878,0.1984445080637465,0.05687886750868865,0.01314786585365854,0.08951235804943219,0.2915713594388028,0.1121569163324233,0.3408395977362474,0.7699461244855345,0.5352797172060167,0.7240146729427476,0.2234942332336608,0.04457652303120357,0.1888031990859754,0.2258390108503659,0.04773082942097027,0.208130081300813,0.06826142674070911,0.01894502228826151,0.1225364181662382,0.04567247035074438,0.007042253521126761,0.05633668101386896
"s05_confirmation","Dual-Survival-Credit-AOP","DASCMOP5","DAS-CMOP",100,50000,1,277901,"all",249,400,50000,0.4678541831961578,0.1102041291715828,0.4219416876322596,0.4678541831961578,0.1102041291715827,0.4219416876322595,0.4574367915276784,0.1274601401770921,0.4151030682952296,23040,5908,20852,4294,348,3718,0.1863715277777778,0.05890318212593094,0.1783042394014963,0.08671875,0.02928232904536222,0.1459332438135431,0.3494308509383623,0.1672973771851716,0.4286998437242871,0.7856916771200512,0.5676525317075817,0.7527394653468247,0.1678687961531856,0.03981008035062089,0.147679726131609,0.2052834825346674,0.07539432176656151,0.2094620743034056,0.1101665808002748,0.01789627465303141,0.1872384937238494,0.06275232578550113,0.03911671924290221,0.1039086687306502
"s05_confirmation","Dual-Survival-Credit-AOP","DASCMOP5","DAS-CMOP",100,50000,2,277902,"all",249,400,50000,0.4369580328657223,0.1200752939590724,0.4429666731752053,0.4369580328657225,0.1200752939590725,0.4429666731752051,0.4598882163168035,0.1207281659117117,0.4193836177714848,22335,5985,21480,4847,365,4733,0.217013655697336,0.06098579782790309,0.2203445065176909,0.07271099171703604,0.02105263157894737,0.1130353817504656,0.3230956898554785,0.1580408342601735,0.4057059784273468,0.770563298350994,0.5661203002066241,0.753519076118716,0.2062689585439838,0.05657850686307331,0.2102591988399493,0.2272171787709497,0.06537691794529686,0.2309975110089987,0.09100101112234581,0.02544358888516907,0.1458220047127062,0.05534217877094972,0.01667778519012675,0.07840321654221712
"s05_confirmation","Dual-Survival-Credit-AOP","DASCMOP5","DAS-CMOP",100,50000,3,277903,"all",249,400,50000,0.4166506875459967,0.1132828385578782,0.470066473896125,0.4166506875459965,0.1132828385578782,0.4700664738961251,0.4382226404343194,0.1471131945478988,0.4146641650177819,21287,6485,22028,4103,489,4415,0.1927467468407948,0.07540478026214341,0.2004267296168513,0.1219053882651383,0.05227447956823439,0.1921645178863265,0.409725980670188,0.2923714280478717,0.5330141378990948,0.7590912206588157,0.5963170870502698,0.7653976793882998,0.1516085532652668,0.04685835995740149,0.159644474831211,0.2319119669876203,0.09732824427480916,0.2466350343759078,0.1687536120208052,0.06602768903088392,0.2734808990684557,0.07730398899587346,0.04171210468920392,0.1000290500629418
"s05_confirmation","Dual-Survival-Credit-AOP","DASCMOP5","DAS-CMOP",100,50000,4,277904,"all",249,400,50000,0.4544516429299499,0.1124555742578339,0.4330927828122162,0.4544516429299499,0.1124555742578339,0.4330927828122164,0.4613079879800212,0.1163817340970461,0.4223102779229326,22812,5697,21291,4735,303,4217,0.2075661932316325,0.05318588730911006,0.1980649100558922,0.09082938804138173,0.01316482359136388,0.1169977924944812,0.3493135147906901,0.1071989036445301,0.3663502462232592,0.7866125072923378,0.5537970267515363,0.7397492601779521,0.198321554770318,0.05394783851375491,0.1843984788053056,0.2166724678036895,0.05244996549344375,0.2120837297811608,0.1159893992932862,0.01536262951053948,0.1498005750857991,0.06604594500522103,0.01104209799861974,0.08334919124643198
"s05_confirmation","Dual-Survival-Credit-AOP","DASCMOP5","DAS-CMOP",100,50000,5,277905,"all",249,400,50000,0.4521252328798761,0.1182119687346005,0.4296627983855234,0.4521252328798765,0.1182119687346004,0.4296627983855237,0.4568292924249659,0.1395862581852461,0.4035844493897885,22634,6418,20748,5143,481,4816,0.2272245294689405,0.07494546587722031,0.2321187584345479,0.01917469293982504,0.004362729822374571,0.0249180643917486,0.2458241319617649,0.1526629301119405,0.3103698499317556,0.7641288028260808,0.5852288683450113,0.7489868403665831,0.2336174746936601,0.06727828746177369,0.2470313230481533,0.2208934224410834,0.08143884892086331,0.2162538545707749,0.0260166933049192,0.006795786612300373,0.03094904160822814,0.01239887442842068,0.002302158273381295,0.01850193971948672
"s05_confirmation","Dual-Survival-Credit-AOP","DASCMOP6","DAS-CMOP",100,50000,1,278001,"all",249,400,50000,0.4470830103485326,0.1148581195135061,0.4380588701379612,0.4470830103485322,0.1148581195135061,0.4380588701379615,0.4757820639067374,0.1128603810335646,0.411357555059698,22966,5676,21158,4955,308,4439,0.2157537228947139,0.05426356589147287,0.2098024387938368,0.0819907689628146,0.03136011275546159,0.1266660364873807,0.340029943716756,0.1638313740411757,0.4118228667913785,0.7645310677103873,0.5528821785916523,0.7398024446751397,0.2052664689494023,0.05621508379888268,0.2019433495279127,0.225610271137765,0.05227596017069702,0.2181676261098644,0.1017345196369192,0.03736033519553073,0.1604180034833624,0.06343441169017654,0.02524893314366999,0.09074056005463947
"s05_confirmation","Dual-Survival-Credit-AOP","DASCMOP6","DAS-CMOP",100,50000,2,278002,"all",249,400,50000,0.4344441299989363,0.1174621919076062,0.4480936780934575,0.4344441299989363,0.1174621919076062,0.4480936780934575,0.455814597948926,0.1067136272702389,0.4374717747808352,22167,5569,22064,4595,333,4690,0.2072901159381062,0.0597952953851679,0.2125634517766498,0.1176072540262552,0.04812354103070569,0.2107958665699783,0.3938569364901517,0.2318265649314767,0.511570263577993,0.7659858414040979,0.5766177577930462,0.7628666640354754,0.1851886094674556,0.05586017820424949,0.1949668636933548,0.2283499251167298,0.06412674462466994,0.2305927693154707,0.15625,0.05380397532556545,0.2847931219774315,0.08078583384723813,0.04187099207846096,0.1349788952101303
"s05_confirmation","Dual-Survival-Credit-AOP","DASCMOP6","DAS-CMOP",100,50000,3,278003,"all",249,400,50000,0.436682641248884,0.1169634042222951,0.4463539545288209,0.4366826412488842,0.1169634042222951,0.446353954528821,0.4676439205867077,0.1062798573913428,0.4260762220219494,22529,5552,21719,5274,346,5000,0.2340982733365884,0.06231988472622478,0.2302131774022745,0.03946025123174575,0.01945244956772334,0.07445094157189558,0.285446422963862,0.1728947277368748,0.363977315796464,0.7522134192594873,0.5700328187550709,0.7430857123007572,0.2356131641845927,0.06570347437220503,0.2325686009896536,0.2326838897948674,0.05860113421550094,0.227744247453791,0.0568119139547711,0.02442380460956312,0.1087719298245614,0.02325980602523389,0.01398865784499055,0.03847604677480196
"s05_confirmation","Dual-Survival-Credit-AOP","DASCMOP6","DAS-CMOP",100,50000,4,278004,"all",249,400,50000,0.45266529063376,0.1081470632618674,0.4391876461043725,0.4526652906337602,0.1081470632618674,0.4391876461043727,0.4831894193547209,0.0975073385066145,0.4193032421386648,23308,5109,21383,5600,309,4849,0.2402608546421829,0.06048150322959484,0.2267689285881307,0.03149133344774326,0.008807985907222548,0.04989945283636534,0.2323124852886856,0.09405782430159493,0.2553127853705309,0.7737045211520435,0.5515144082338145,0.7379002059364078,0.2456093666844066,0.07177389364075865,0.2418396269543751,0.235250124646834,0.04793388429752066,0.2109898525751484,0.04151144225651943,0.01264410561547043,0.06711163938922922,0.02210403855742064,0.004545454545454545,0.03187823090178059
"s05_confirmation","Dual-Survival-Credit-AOP","DASCMOP6","DAS-CMOP",100,50000,5,278005,"all",249,400,50000,0.4454374295743255,0.1120055039534208,0.4425570664722538,0.445437429574326,0.1120055039534208,0.4425570664722536,0.4832601341560846,0.1051207138331384,0.4116191520107771,23126,5402,21272,4801,255,4090,0.2076018334342299,0.04720473898556091,0.1922715306506205,0.0626135086050333,0.0151795631247686,0.08283189168860473,0.3124076931263965,0.08956222442559408,0.3303402666571218,0.788695779164634,0.5388551869454415,0.7371712253694301,0.2009560746820601,0.05223613595706619,0.1914140497367943,0.2137220699393637,0.04181051016494054,0.1931929003315779,0.0873094615315234,0.02039355992844365,0.1056453076783445,0.0398704211313232,0.009589566551591868,0.05831870489565048
"s05_confirmation","Dual-Survival-Credit-AOP","DASCMOP7","DAS-CMOP",100,50000,1,278101,"all",249,400,50000,0.4814649456932354,0.106409944532987,0.4121251097737776,0.4814649456932354,0.106409944532987,0.4121251097737775,0.4698335998425067,0.135091179207719,0.3950752209497743,23695,5999,20106,5539,406,4195,0.2337623971301963,0.06767794632438739,0.2086441858151795,0.03283393120911585,0.002167027837972995,0.05028349746344375,0.2420293095030568,0.08882379377907099,0.2537397163129059,0.7251685123203272,0.4790292561938718,0.683366503923686,0.2421412490619528,0.05949223190602501,0.2185430463576159,0.2251751837292771,0.07410714285714286,0.1983126651758488,0.04452597348453265,0.001515725653656688,0.05804440981690689,0.02085113655785336,0.002678571428571429,0.04218337060378126
"s05_confirmation","Dual-Survival-Credit-AOP","DASCMOP7","DAS-CMOP",100,50000,2,278102,"all",249,400,50000,0.4771373162467293,0.1080841175452239,0.4147785662080469,0.4771373162467294,0.1080841175452239,0.414778566208047,0.4455622014400449,0.1367204716931551,0.4177173268668002,22967,6098,20735,5156,404,4317,0.2244960160229895,0.06625122991144637,0.2081986978538703,0.05346801933208516,0.009019350606756314,0.0802990113334941,0.2681705656572395,0.1276206027427605,0.3063272541148768,0.7081799213383148,0.4877108327667025,0.684093746744139,0.2403838060769296,0.05952380952380952,0.2191462588326396,0.2074688796680498,0.07155425219941348,0.1973279507881584,0.06910192744718457,0.008928571428571428,0.09679605072113058,0.03671297131517229,0.00909090909090909,0.06391772395232603
"s05_confirmation","Dual-Survival-Credit-AOP","DASCMOP7","DAS-CMOP",100,50000,3,278103,"all",249,400,50000,0.4676620571843806,0.1031144349539728,0.4292235078616465,0.4676620571843807,0.1031144349539728,0.4292235078616466,0.4700231009167705,0.1113448328997772,0.4186320661834526,23356,5335,21109,3909,216,3022,0.167365987326597,0.04048734770384255,0.1431616845895116,0.1725894845007707,0.02999062792877226,0.2202851864133782,0.4175460448205366,0.1574989287249419,0.4536727665397995,0.7196708068496641,0.4654372162880148,0.6813407590118699,0.1565396498455201,0.0351150994927819,0.128029948525971,0.1781442241968558,0.04545454545454546,0.158672294704528,0.2317198764160659,0.04096761607491221,0.2900327562002808,0.1137218045112782,0.01984126984126984,0.1487912509593246
"s05_confirmation","Dual-Survival-Credit-AOP","DASCMOP7","DAS-CMOP",100,50000,4,278104,"all",249,400,50000,0.4704082854646709,0.1106353201652735,0.4189563943700557,0.4704082854646703,0.1106353201652735,0.4189563943700558,0.4533035564594907,0.1203110480028728,0.4263853955376363,23003,5756,21041,4512,320,4097,0.196148328478894,0.05559416261292564,0.1947150800817452,0.1202017128200669,0.0165045170257123,0.1400598830854047,0.3499031823231394,0.1315871135495983,0.3822901742910502,0.712431809096004,0.4802532075501259,0.6866624947481794,0.2026127049180328,0.05430847212165098,0.1976788797237675,0.1894429191391374,0.05678022712090848,0.1918040508714084,0.1455771857923497,0.02172338884866039,0.1673700364473432,0.09388008148082544,0.01169004676018704,0.1132359868111164
"s05_confirmation","Dual-Survival-Credit-AOP","DASCMOP7","DAS-CMOP",100,50000,5,278105,"all",249,400,50000,0.4722053547969911,0.1065029227642635,0.4212917224387455,0.4722053547969912,0.1065029227642635,0.4212917224387454,0.4601426872909086,0.1275351238885244,0.4123221888205671,23219,5827,20754,5291,368,4503,0.2278737241052586,0.06315428179165952,0.2169702226076901,0.08940953529437098,0.01681825982495281,0.1175195143104944,0.3294718461781011,0.1592841978406579,0.3916963957979505,0.7190333987256261,0.48868302411102,0.7011607829836456,0.2379090522736932,0.05320754716981132,0.2299475441106342,0.2175659158372621,0.07145105445388732,0.2037199337812835,0.1146621334466638,0.02,0.142966142107773,0.06347127640998777,0.0141643059490085,0.09153763754990749
"s05_confirmation","Dual-Survival-Credit-AOP","DASCMOP8","DAS-CMOP",100,50000,1,278201,"all",249,400,50000,0.4589573817146543,0.1070434640435883,0.4339991542417574,0.4589573817146544,0.1070434640435883,0.4339991542417576,0.4394147389516844,0.1240328941628379,0.4365523668854778,22370,5753,21677,4549,313,4204,0.2033527045149754,0.05440639666261081,0.1939382755916409,0.1249441215914171,0.02207543890144273,0.1415786317294829,0.3552051722040404,0.1429091944102129,0.3637441815048754,0.6896541068109991,0.476627190085035,0.6659742289756936,0.2106183853756669,0.04954954954954955,0.1916134407109136,0.1957575203437872,0.0585950145678213,0.1962479308442156,0.1493921105571591,0.0243993993993994,0.1668980838655929,0.09938740056688306,0.0200712204596957,0.1164244988044878
"s05_confirmation","Dual-Survival-Credit-AOP","DASCMOP8","DAS-CMOP",100,50000,2,278202,"all",249,400,50000,0.4907698249280584,0.1020250760433696,0.4072050990285719,0.4907698249280582,0.1020250760433696,0.4072050990285719,0.4677755481609522,0.1147773306841899,0.4174471211548583,23877,5381,20542,4901,279,3738,0.2052602923315324,0.05184909868054265,0.1819686495959498,0.1048289148553001,0.03289351421668835,0.1470645506766624,0.3286394317234646,0.1415946248347869,0.3598461229933951,0.712808918559542,0.4535880824778306,0.6564460071110536,0.2168970311605463,0.04459352801894238,0.1848308511687543,0.1930472103004292,0.05830698981383913,0.1791790829568394,0.1266050543878302,0.03038674033149171,0.1737843968833218,0.08197424892703863,0.03512469265893924,0.1210227818898395
"s05_confirmation","Dual-Survival-Credit-AOP","DASCMOP8","DAS-CMOP",100,50000,3,278203,"all",249,400,50000,0.4687317524851441,0.09918777100864409,0.4320804765062118,0.468731752485144,0.09918777100864408,0.432080476506212,0.4440067353966848,0.1366766528898353,0.4193166117134797,22728,5872,21200,5068,335,4327,0.2229848644843365,0.05705040871934605,0.2041037735849057,0.07699753607884548,0.009025885558583106,0.09943396226415094,0.3166127975977317,0.1150288177123705,0.327550159163903,0.691233241644502,0.4609405969589956,0.6598180454755266,0.2361813351615391,0.04377786785569518,0.2114455592716462,0.2090604937155258,0.06666666666666667,0.1965312380222307,0.09452395235238667,0.006485610052695582,0.1210516536603493,0.0585043855683154,0.01086637298091043,0.07713683403602913
"s05_confirmation","Dual-Survival-Credit-AOP","DASCMOP8","DAS-CMOP",100,50000,4,278204,"all",249,400,50000,0.4815477810115412,0.1033224364157884,0.4151297825726704,0.4815477810115409,0.1033224364157884,0.4151297825726705,0.4850746634892787,0.1146278657218172,0.4002974707889043,24070,5434,20296,5270,313,4000,0.2189447444952223,0.0576002944423997,0.1970831690973591,0.09401744910677191,0.006440927493559073,0.09134804887662594,0.3256378899123071,0.1080841855994315,0.318214431315629,0.7101147006911626,0.4711622487893837,0.6631953233273818,0.2209156867650738,0.05011655011655012,0.2011611030478955,0.2169881612716285,0.06433566433566433,0.1928521232807951,0.1100825619214411,0.007381507381507382,0.1102080309627479,0.07806937660402351,0.005594405594405594,0.07177994177291437
"s05_confirmation","Dual-Survival-Credit-AOP","DASCMOP8","DAS-CMOP",100,50000,5,278205,"all",249,400,50000,0.4797187503946256,0.1089030535277182,0.4113781960776565,0.479718750394625,0.1089030535277181,0.4113781960776565,0.4640064098311209,0.1134339346925448,0.4225596554763342,23503,5528,20769,5096,287,4126,0.2168233842488193,0.05191751085383502,0.1986614666088883,0.07109730672680084,0.004703328509406657,0.06119697626269922,0.3074270549284968,0.084849983586216,0.2882177110930103,0.7154413747498267,0.4589200390085503,0.6594865563274298,0.2322758851594542,0.05477424130273871,0.2098331870061458,0.2008480443059882,0.0491861288039632,0.1877733409393421,0.07976897966016573,0.004071058475203553,0.06935908691834942,0.06213222568362755,0.005307855626326964,0.05324206122837041
"s05_confirmation","Dual-Survival-Credit-AOP","DASCMOP9","DAS-CMOP",100,50000,1,278301,"all",249,400,50000,0.4779359704050558,0.2495685560979016,0.2724954734970427,0.4779359704050554,0.2495685560979017,0.2724954734970427,0.2335302545818794,0.5284099121412305,0.2380598332768897,17714,19373,12713,1535,2214,849,0.08665462346166873,0.1142827646724823,0.06678203413828365,0.3562718753528283,0.08480875445207248,0.2472272476992055,0.7512525328917939,0.5938435966683889,0.6740433976398753,0.6401010859297034,0.7101086943077006,0.6421214060037073,0.05907066633056045,0.01946276339070291,0.04143320554408729,0.1431274729055565,0.1590909090909091,0.09576799865115494,0.4884463490462986,0.2243847514878559,0.4090238867590681,0.08567004988818167,0.01885071450288842,0.0622154779969651
"s05_confirmation","Dual-Survival-Credit-AOP","DASCMOP9","DAS-CMOP",100,50000,2,278302,"all",249,400,50000,0.4438960387334669,0.2533835001789604,0.3027204610875726,0.4438960387334671,0.2533835001789604,0.3027204610875726,0.2534091195890483,0.4835680055700213,0.2630228748409301,17367,18341,14092,2005,1976,1059,0.1154488397535556,0.107736764625702,0.07514902072097644,0.3173835435020441,0.08690911073551061,0.2569543003122339,0.740630815884913,0.5915357426462945,0.683938317966035,0.6455617767555274,0.6920222850526443,0.6393360724091453,0.06780580417683754,0.02031746031746032,0.04072158111155326,0.1990168093878845,0.153475624948094,0.1147566000305204,0.4692161649037158,0.2317460317460318,0.4366626873590662,0.05106248017760863,0.01112864380034881,0.05020601251335266
"s05_confirmation","Dual-Survival-Credit-AOP","DASCMOP9","DAS-CMOP",100,50000,3,278303,"all",249,400,50000,0.4881062961104349,0.2202015890002767,0.2916921148892884,0.4881062961104348,0.2202015890002767,0.2916921148892884,0.2402871927328653,0.4846712767314189,0.2750415305357161,18148,17544,14108,1944,1968,1045,0.1071192417897289,0.1121751025991792,0.07407144882336263,0.3442803614723385,0.08606931144550843,0.2478026651545223,0.7523232460182422,0.5868787909232144,0.6773667542429128,0.6389387419271417,0.6895577592983584,0.6348031686357998,0.065625,0.02100073046018992,0.04129955947136564,0.1913827655310621,0.1535465694398409,0.10885447106955,0.4776315789473684,0.2487216946676406,0.4319933920704846,0.07348029392117568,0.01226383824991714,0.05230859146697837
"s05_confirmation","Dual-Survival-Credit-AOP","DASCMOP9","DAS-CMOP",100,50000,4,278304,"all",249,400,50000,0.4527079528592879,0.26620970598361,0.2810823411571021,0.4527079528592875,0.2662097059836101,0.2810823411571019,0.2028111435296368,0.540636726253614,0.2565521302167493,16327,20080,13393,1423,2347,881,0.08715624425797758,0.1168824701195219,0.06578063167326215,0.3745329821767624,0.09198207171314741,0.2549839468379004,0.7523888913004396,0.6020113458684545,0.683549055356133,0.6344629412530491,0.7130583779810454,0.6479118859717485,0.06359765832889835,0.0240036231884058,0.03656098257640674,0.1397189788244607,0.1626040428061831,0.09779377249256767,0.5032818875288274,0.2401871980676329,0.426021136818052,0.08727488620621413,0.01902497027348395,0.06759505554686278
"s05_confirmation","Dual-Survival-Credit-AOP","DASCMOP9","DAS-CMOP",100,50000,5,278305,"all",249,400,50000,0.428472493734595,0.2564065602641214,0.3151209460012835,0.428472493734595,0.2564065602641214,0.3151209460012834,0.2491586533453546,0.5091005194239205,0.2417408272307249,16864,19064,13872,1690,2181,953,0.1002134724857685,0.1144041124632816,0.06869953863898501,0.3348553130929791,0.09263533361309274,0.2745818915801615,0.7373971239227185,0.5953367916819996,0.6917704427970064,0.6561597546848204,0.7161808609069004,0.6616535404384248,0.06094702297233943,0.02177318295739348,0.04088651127244937,0.1677689949991934,0.1610410094637224,0.1049659524995848,0.4819503047351149,0.2420112781954887,0.4358680422876067,0.0817873850621068,0.01742902208201893,0.06427503736920777
"s05_confirmation","Dual-Survival-Credit-AOP","LIRCMOP10","LIR-CMOP",100,50000,1,277001,"all",249,400,50000,0.3273172997106145,0.2995099405578806,0.3731727597315047,0.3273172997106146,0.2995099405578806,0.3731727597315047,0.2656934771881699,0.4074630945301277,0.3268434282817025,14758,17604,17438,2126,2141,2514,0.1440574603604824,0.1216200863440127,0.1441679091638949,0.7545737904865157,0.6591115655532833,0.7620139924303245,0.946763475572217,0.9066412768636847,0.9391676929324235,0.8474107844798677,0.887027923535427,0.8663284892573492,0.1459612079548245,0.1126307320997586,0.1555507745266781,0.1417120387174834,0.1282278730534201,0.131171702284451,0.8299779032654063,0.7414856529900777,0.8324010327022375,0.66167574107683,0.5985610092647349,0.681650700073692
"s05_confirmation","Dual-Survival-Credit-AOP","LIRCMOP10","LIR-CMOP",100,50000,2,277002,"all",249,400,50000,0.292636789608977,0.3385028160168875,0.3688603943741353,0.2926367896089772,0.3385028160168876,0.3688603943741356,0.2411351535174314,0.4475451466937351,0.3113196997888336,13286,19581,16933,1440,2280,2075,0.1083847659190125,0.1164394055461927,0.1225417823185496,0.6688995935571278,0.6332669424442061,0.7026516270005315,0.9288972962084376,0.8866412396756902,0.921159813596209,0.8071849976592115,0.8426142203698453,0.828869098587718,0.1114466099368652,0.1016607354685646,0.1327308362369338,0.1046666666666667,0.1276118733745852,0.1104658665634275,0.7610485863299479,0.6896797153024911,0.7775479094076655,0.5570000000000001,0.590619675365438,0.6138856626661505
"s05_confirmation","Dual-Survival-Credit-AOP","LIRCMOP10","LIR-CMOP",100,50000,3,277003,"all",249,400,50000,0.3198746998344478,0.2916002920963975,0.3885250080691549,0.3198746998344478,0.2916002920963975,0.388525008069155,0.2673973452479085,0.4151140741235301,0.3174885806285615,14624,17595,17581,2025,2203,2512,0.1384710065645514,0.125206024438761,0.1428815198225357,0.7213484682713348,0.6602443876101165,0.7589443148853876,0.9350307748946716,0.8983463586171225,0.934822127667661,0.8458578627876838,0.8944623215752832,0.8698010944748632,0.1364150232382866,0.1142345321758302,0.1560627969427804,0.1409275101305718,0.1329077190946024,0.1267249018863147,0.831176987815601,0.7286757613338846,0.832885767403429,0.590124568512682,0.6122073902108726,0.6683124446132421
"s05_confirmation","Dual-Survival-Credit-AOP","LIRCMOP10","LIR-CMOP",100,50000,4,277004,"all",249,400,50000,0.3342671275019619,0.2792495383254146,0.3864833341726235,0.3342671275019617,0.2792495383254146,0.3864833341726236,0.2696927843055562,0.3985303996129095,0.3317768160815338,15042,16879,17879,2170,2104,2532,0.1442627310198112,0.1246519343563007,0.1416186587616757,0.6966493817311528,0.6536524675632442,0.7208456848817048,0.9271319708324529,0.8914631687895962,0.9217620811702886,0.7703641093223497,0.7796188092630308,0.7701404552935237,0.1453125,0.1075330649798735,0.147236076475478,0.1429634037488842,0.1366522221102489,0.1350696547546941,0.8198317307692308,0.7203852788959172,0.8077722360764755,0.5441832787860755,0.6068729214955154,0.619503331314355
"s05_confirmation","Dual-Survival-Credit-AOP","LIRCMOP10","LIR-CMOP",100,50000,5,277005,"all",249,400,50000,0.2866695880587291,0.3187664766872783,0.3945639352539927,0.2866695880587291,0.3187664766872781,0.3945639352539929,0.2438543610798841,0.4344025937237282,0.3217430451963876,13210,18739,17851,1389,2302,2548,0.1051476154428463,0.1228454026362132,0.1427371015629376,0.704996214988645,0.6436309301456855,0.7336283681586466,0.9309302982302844,0.8923822151207284,0.9271749662088078,0.81012390856068,0.8467669302560111,0.8250174458151173,0.1078129375525063,0.1140118552150334,0.162274900803744,0.1020105471324984,0.1293246993524514,0.118798304662179,0.8238588630635676,0.7115651406230293,0.8125953810153627,0.5650955833882663,0.5938020351526364,0.6368735976065819
"s05_confirmation","Dual-Survival-Credit-AOP","LIRCMOP11","LIR-CMOP",100,50000,1,277101,"all",249,400,50000,0.3532335076095979,0.2493559289292467,0.3974105634611554,0.3532335076095977,0.2493559289292466,0.3974105634611551,0.2009300753740124,0.4564671331857855,0.3426027914402025,13801,17579,18420,1967,2356,2637,0.1425259039200058,0.1340235508276921,0.1431596091205212,0.5874212013622201,0.2857386654530975,0.4825190010857763,0.8652928675831449,0.7245060846728547,0.8110819452368627,0.7830875350589772,0.8200845595706265,0.7914093648819881,0.1485058516077719,0.1066365979381443,0.1598422808613891,0.132,0.1489754638993932,0.1238128737249384,0.680604476764004,0.5423646907216495,0.6669699727024567,0.4234,0.1456336294081435,0.2686129675225701
"s05_confirmation","Dual-Survival-Credit-AOP","LIRCMOP11","LIR-CMOP",100,50000,2,277102,"all",249,400,50000,0.3809692793202737,0.239227735744885,0.3798029849348414,0.3809692793202733,0.239227735744885,0.3798029849348413,0.2700079559878078,0.4028799705884349,0.327112073423757,16201,15988,17611,3033,2602,3151,0.1872106660082711,0.1627470602952214,0.1789222644937823,0.5343497314980556,0.3174255691768826,0.4949747317017773,0.8413554853423389,0.7368718772051412,0.8169236024962516,0.7949534000781086,0.7878558859719198,0.7769268476518509,0.1842909857670005,0.12882096069869,0.1941655216150513,0.1913341274568195,0.1828782140721547,0.1612269938650307,0.70458618871903,0.6068189452468928,0.7284642215410633,0.2939249553305539,0.1457046043452262,0.2239263803680982
"s05_confirmation","Dual-Survival-Credit-AOP","LIRCMOP11","LIR-CMOP",100,50000,3,277103,"all",249,400,50000,0.338088845366296,0.2581312219721718,0.4037799326615324,0.3380888453662959,0.2581312219721717,0.4037799326615323,0.2312882121266865,0.4277147865177886,0.3409970013555251,14179,17069,18552,2279,2805,3091,0.1607306580153748,0.164333001347472,0.1666127641224666,0.5527893363424783,0.3170660261292401,0.5017787839586029,0.8437991845234375,0.7341778610737056,0.8151464608597981,0.8021595377304714,0.8324505965080788,0.813967204264737,0.153041825095057,0.127255756067206,0.1850636435958632,0.1719590491063682,0.1867305704351095,0.144774011299435,0.7193441064638784,0.6042314872433105,0.7270286396181385,0.3095609925386084,0.143595526736209,0.2351694915254237
"s05_confirmation","Dual-Survival-Credit-AOP","LIRCMOP11","LIR-CMOP",100,50000,4,277104,"all",249,400,50000,0.3796928824378924,0.2575240717899724,0.3627830457721353,0.3796928824378925,0.2575240717899724,0.3627830457721352,0.2607987077779874,0.4017572285598234,0.3374440636621895,15953,16422,17425,3147,2756,3148,0.1972669717294553,0.1678236511996103,0.1806599713055954,0.5672914185419671,0.3378394836195348,0.5055380200860832,0.8463743121014893,0.7498830319600702,0.8169667636518664,0.8335380165382137,0.8586129766373972,0.8391358619101629,0.1953257191201354,0.1344655655967591,0.190339020607135,0.2000923503155302,0.1892243102758897,0.1702583640909632,0.746404399323181,0.6098473044562169,0.7516064701972081,0.3066030475604125,0.1633346661335466,0.2411001309679724
"s05_confirmation","Dual-Survival-Credit-AOP","LIRCMOP11","LIR-CMOP",100,50000,5,277105,"all",249,400,50000,0.3591551978756301,0.267034978951301,0.373809823173069,0.3591551978756303,0.267034978951301,0.373809823173069,0.2407433151855526,0.4383390334795257,0.3209176513349217,14931,17572,17297,2298,2779,2600,0.1539079766927868,0.1581493284771227,0.1503150835404984,0.5506663987676645,0.3148759389938539,0.4945366248482396,0.8473727795170513,0.7346010623097836,0.8149655773021173,0.8126602551598661,0.8490851389693158,0.8300213882484402,0.1558238318801699,0.1322600060186578,0.1619037387193812,0.1510442773600668,0.1738971261211788,0.1368131180373013,0.6971830985915493,0.5725248269635871,0.6924151267726687,0.3316624895572264,0.1581548599670511,0.2639879834772813
"s05_confirmation","Dual-Survival-Credit-AOP","LIRCMOP12","LIR-CMOP",100,50000,1,277201,"all",249,400,50000,0.4076939337674305,0.2647050346596035,0.3276010315729659,0.4076939337674306,0.2647050346596035,0.327601031572966,0.266801159009976,0.4166473537028317,0.3165514872871927,16797,16967,16036,2801,2724,2450,0.1667559683276776,0.1605469440678965,0.1527812422050387,0.4447222718342561,0.2689338126952319,0.3869418807682714,0.8250253794445218,0.7411480163288405,0.8024471457170332,0.8323576107765734,0.8484973257250454,0.8381655410365925,0.1229055785531244,0.07291192966499924,0.09783008458992276,0.2336490753270185,0.2162970106075217,0.2096712780809747,0.5892962743938498,0.5137183568288616,0.5788892975358588,0.2241768155164637,0.1132111861137898,0.1882218555654271
"s05_confirmation","Dual-Survival-Credit-AOP","LIRCMOP12","LIR-CMOP",100,50000,2,277202,"all",249,400,50000,0.3907573396859359,0.2649359900846248,0.3443066702294391,0.3907573396859359,0.2649359900846249,0.3443066702294393,0.2716276159714038,0.4038018748258892,0.3245705092027073,16497,16648,16655,2515,2595,2302,0.1524519609625992,0.1558745795290725,0.1382167517262083,0.4281990664969388,0.270783277270543,0.3912939057340138,0.8110796923062091,0.7362176184953174,0.797136374967489,0.8681740664145408,0.9003080151737404,0.8841686532053041,0.1095918577156369,0.07151515151515152,0.08526770092149773,0.2140324963072378,0.2112858280254777,0.194382578569661,0.591035262670916,0.5187878787878788,0.5923247404642482,0.1942392909896603,0.1078821656050955,0.1780499876268251
"s05_confirmation","Dual-Survival-Credit-AOP","LIRCMOP12","LIR-CMOP",100,50000,3,277203,"all",249,400,50000,0.4801307069969795,0.2628218532899716,0.2570474397130491,0.4801307069969792,0.2628218532899715,0.2570474397130492,0.3160021450141437,0.4350183290424002,0.2489795259434558,19823,17374,12603,3324,2933,1614,0.1676840034303587,0.1688154713940371,0.1280647464889312,0.5543056046007163,0.3660642339127432,0.6150916448464652,0.8437894045161347,0.7614420393994915,0.8622973193899026,0.8502817228595577,0.9023050125266934,0.8529540380187214,0.1286598628074285,0.08637822962849717,0.08493364558938329,0.2269665777100013,0.2185913412720391,0.1726363343013876,0.6855445875857453,0.6774193548387096,0.7651834504293521,0.3549370949294701,0.1780670174466907,0.4599870926105195
"s05_confirmation","Dual-Survival-Credit-AOP","LIRCMOP12","LIR-CMOP",100,50000,4,277204,"all",249,400,50000,0.4105777196737045,0.2791289391585656,0.31029334116773,0.4105777196737046,0.2791289391585657,0.3102933411677301,0.272129090513088,0.4257858417553246,0.3020850677315876,16998,17550,15252,3243,3504,2655,0.1907871514295799,0.1996581196581197,0.1740755310778914,0.5356512530885986,0.3475213675213675,0.5502229215840545,0.8257985983335797,0.7489810964857198,0.8336268835348321,0.8536498551575074,0.9008915024357474,0.8661470677091941,0.1682325308279507,0.159234752589183,0.169987063389392,0.2247787610619469,0.2261747499528213,0.1782770539750066,0.7292033666079467,0.6905926352128884,0.7953428201811126,0.243952802359882,0.122475938856388,0.298324913586812
"s05_confirmation","Dual-Survival-Credit-AOP","LIRCMOP12","LIR-CMOP",100,50000,5,277205,"all",249,400,50000,0.375411332831263,0.2777236137034902,0.3468650534652468,0.3754113328312629,0.2777236137034904,0.3468650534652468,0.2733077749181074,0.4241669943806529,0.3025252307012404,16144,17483,16173,4186,4882,4642,0.2592913776015857,0.2792426929016759,0.2870215791751685,0.5647299306243806,0.3939255276554367,0.5781240338836332,0.8389337575094443,0.7725097003839401,0.8513380522618983,0.8542606557909804,0.8917977622891324,0.8664474221441115,0.2786692340607617,0.3684210526315789,0.3882584529874942,0.2326368452030606,0.2208763130500615,0.1710229534297466,0.7795250320924262,0.785135916714864,0.8399722093561834,0.2692760447321954,0.1378820857386202,0.2780947326522489
"s05_confirmation","Dual-Survival-Credit-AOP","LIRCMOP13","LIR-CMOP",100,50000,1,277301,"all",249,400,50000,0.4205739250394904,0.2361765728997521,0.3432495020607575,0.4205739250394905,0.236176572899752,0.3432495020607576,0.4054101522665409,0.2563992939189909,0.338190553814468,20557,12271,16972,4576,1597,2981,0.222600574013718,0.1301442425230218,0.1756422342682065,0.7150362406965997,0.6837258577133078,0.7796959698326655,0.9042874905954172,0.910628325195293,0.932628427694951,0.4609871473583005,0.4435658507300271,0.4485588648005038,0.2065736671125549,0.1203058623619371,0.1644636799625687,0.2392230700624319,0.1392107735671782,0.1869880090229135,0.7742212879801261,0.7276125743415464,0.8195110539244356,0.6536517689029828,0.643282179768243,0.7392852902766235
"s05_confirmation","Dual-Survival-Credit-AOP","LIRCMOP13","LIR-CMOP",100,50000,2,277302,"all",249,400,50000,0.4187256342949934,0.217263079305836,0.3640112863991705,0.4187256342949934,0.2172630793058359,0.3640112863991705,0.399524696370819,0.2489734783232145,0.3515018253059667,20375,11609,17816,4470,1443,3282,0.2193865030674847,0.1243001119820829,0.1842164346654692,0.7310429447852761,0.6793866827461452,0.8050067355186349,0.9086860183859387,0.9082648678051715,0.9378983749985572,0.4647616838414738,0.4449781484277461,0.4510157900210738,0.196029538697612,0.1039009058975781,0.1671447484554281,0.2438681141938078,0.1420967741935484,0.2018967093235832,0.7817205332310349,0.7311887594749492,0.8459841129744042,0.6779252110977081,0.6341935483870967,0.7625685557586838
"s05_confirmation","Dual-Survival-Credit-AOP","LIRCMOP13","LIR-CMOP",100,50000,3,277303,"all",249,400,50000,0.4219632694668842,0.2098957557774571,0.3681409747556586,0.4219632694668843,0.2098957557774571,0.3681409747556585,0.3948291293399708,0.2590826130541288,0.3460882576059003,20325,11693,17782,4577,1487,3316,0.2251906519065191,0.1271701017702899,0.1864807108311776,0.7318573185731857,0.6642435645257847,0.7920368912383309,0.9145659232118878,0.9158643898578362,0.944282479486803,0.4596896318697291,0.4425116888101213,0.4461281487273002,0.2059215536938309,0.1047600841139362,0.1795962902345881,0.245799816719275,0.1453110492107706,0.1938029476615992,0.7855102817974106,0.7065570636589562,0.8390616475722859,0.6744730679156908,0.6299907149489322,0.7420215852384821
"s05_confirmation","Dual-Survival-Credit-AOP","LIRCMOP13","LIR-CMOP",100,50000,4,277304,"all",249,400,50000,0.4233863384728338,0.2153670444391037,0.3612466170880625,0.4233863384728337,0.2153670444391036,0.3612466170880623,0.404660593054125,0.2562046336727899,0.3391347732730854,20616,11742,17442,4666,1507,3151,0.2263290648040357,0.1283427014137285,0.1806558880862286,0.7335079549864183,0.6964741951967297,0.7988762756564615,0.9034037598548204,0.9200118932802243,0.9348853185926147,0.4637152409217931,0.4435820934989522,0.4495547901082459,0.20610831831547,0.1086267933668716,0.1731924360400445,0.2474932989178993,0.1449411764705882,0.1885944155229531,0.7896234468367638,0.7303894168064096,0.8378197997775306,0.674774148714385,0.667921568627451,0.7574538570752485
"s05_confirmation","Dual-Survival-Credit-AOP","LIRCMOP13","LIR-CMOP",100,50000,5,277305,"all",249,400,50000,0.4243615402988458,0.2250056547031863,0.350632804997968,0.4243615402988459,0.2250056547031864,0.3506328049979677,0.4134481241978424,0.2459238718350832,0.3406280039670744,20865,11723,17212,4594,1410,3013,0.2201773304577043,0.1202763797662714,0.1750522891006275,0.7321830817157921,0.6575961784526145,0.7869509644434116,0.9145559887845414,0.9096128173726619,0.9383182461575843,0.4632504121708866,0.4450752712600402,0.4498496301828201,0.2035565645100265,0.1082336131452045,0.1682896093481498,0.2372486155639755,0.1312867406923579,0.1820110809855004,0.7854710556186152,0.6906590462582604,0.8345744071485852,0.6774506946468474,0.6273677335075114,0.7379464811976895
"s05_confirmation","Dual-Survival-Credit-AOP","LIRCMOP14","LIR-CMOP",100,50000,1,277401,"all",249,400,50000,0.444513984729631,0.2075876819454537,0.3478983333249155,0.4445139847296312,0.2075876819454535,0.3478983333249155,0.4228839666890925,0.2431057666541679,0.3340102666567395,21592,11229,16979,4513,1184,2596,0.2090125972582438,0.1054412681449817,0.1528947523411273,0.6255557613931085,0.5172321667111942,0.6317804346545733,0.9145606263398549,0.9129865073500474,0.9404965988658693,0.4606410156026857,0.443497595842319,0.4474180352945579,0.1872175013559935,0.08650318594323228,0.1386996188936367,0.2319088319088319,0.1216528925619835,0.1676682692307692,0.702043030193455,0.525970264529832,0.681256496131193,0.5452041785375119,0.5097520661157025,0.5802884615384616
"s05_confirmation","Dual-Survival-Credit-AOP","LIRCMOP14","LIR-CMOP",100,50000,2,277402,"all",249,400,50000,0.443353918661314,0.214247153253478,0.3423989280852081,0.4433539186613137,0.2142471532534781,0.342398928085208,0.4211410877108781,0.2476170235685696,0.3312418887205527,21522,11496,16782,4517,1289,2630,0.2098782641018493,0.1121259568545581,0.156715528542486,0.6189015890716476,0.5110473208072372,0.6310332499106185,0.909168571721115,0.9004934853612966,0.9313573788731986,0.4598455981754875,0.4445132347073263,0.4486547741296157,0.1858631626642501,0.09220657276995305,0.1399297423887588,0.2351482788213979,0.129314535731648,0.1741082261586993,0.6994109651110104,0.5408450704225352,0.6862997658079625,0.5341851816534757,0.4853346297196565,0.5737685027905848
"s05_confirmation","Dual-Survival-Credit-AOP","LIRCMOP14","LIR-CMOP",100,50000,3,277403,"all",249,400,50000,0.4384078864553509,0.220886052993668,0.3407060605509811,0.4384078864553508,0.220886052993668,0.3407060605509812,0.4151251522592111,0.2513249153209941,0.3335499324197951,21251,11767,16782,4375,1306,2596,0.2058726648157734,0.1109883572703323,0.1546895483255869,0.6201119947296598,0.528087023030509,0.635502323918484,0.9087437051354318,0.9101518207486509,0.9324327819913885,0.4605410667250927,0.443003270220335,0.4491649771560813,0.1815934065934066,0.0912063953488372,0.1354412458706937,0.2315361533249443,0.1283729841928788,0.1743318083313267,0.6978937728937729,0.5486918604651163,0.6895941481831053,0.5378956538573226,0.5099792431741976,0.5803033951360462
"s05_confirmation","Dual-Survival-Credit-AOP","LIRCMOP14","LIR-CMOP",100,50000,4,277404,"all",249,400,50000,0.4341230695770245,0.2088988085800522,0.3569781218429233,0.4341230695770243,0.2088988085800522,0.3569781218429232,0.4228745693665971,0.2415867788627683,0.3355386517706348,21338,11226,17236,4475,1192,2749,0.2097197488049489,0.106182077320506,0.159491761429566,0.6195988377542413,0.5185284161767326,0.6310628916221861,0.9094641588469119,0.8966300065756101,0.9335062250950275,0.4597529286337308,0.4419579952879691,0.4491384320467867,0.1853256846780163,0.08614735226400613,0.146509009009009,0.2347578347578348,0.1235450615231127,0.1732886548587841,0.6962435233160622,0.5448963929393706,0.6841216216216216,0.5409306742640076,0.4956767542401064,0.5746768788894208
"s05_confirmation","Dual-Survival-Credit-AOP","LIRCMOP14","LIR-CMOP",100,50000,5,277405,"all",249,400,50000,0.4422510083934102,0.2148079216262891,0.3429410699803007,0.4422510083934099,0.2148079216262891,0.3429410699803008,0.4087275217633249,0.2413182422116929,0.3499542360249822,21185,11365,17250,4338,1213,2720,0.204767524191645,0.1067311922569292,0.1576811594202898,0.6178428133113052,0.5118345798504179,0.6140869565217392,0.9118727084024464,0.9040362215036478,0.9311421050326409,0.4578068955217547,0.443869751731506,0.4473352700494133,0.181025873808443,0.08563949139865371,0.1354105657725196,0.2304818092428712,0.1254778128635533,0.1795018937220246,0.6955969133000454,0.5272999252056844,0.6703760103080707,0.5336283185840708,0.4980887485457869,0.5589349248249742
"s05_confirmation","Dual-Survival-Credit-AOP","LIRCMOP1","LIR-CMOP",100,50000,1,276101,"all",249,400,50000,0.4738206818687656,0.2727136931543224,0.2534656249769119,0.473820681868766,0.2727136931543223,0.2534656249769121,0.2641366728005198,0.4680391382276564,0.2678241889718242,18387,18452,12961,1956,1716,923,0.1063795072605645,0.09299804899197919,0.0712136409227683,0.03317561320498178,0.01392802948189898,0.008101226757194661,0.8537363978964411,0.7834710255190998,0.7727237319571567,0.6657428087292335,0.7303532540388783,0.6754180455348051,0.0747861438129923,0.03988226637233259,0.049063194664973,0.1630699088145897,0.1239598524491722,0.09215068287558156,0.0516642669602778,0.03782192788815306,0.01667195935217529,0,0,0
"s05_confirmation","Dual-Survival-Credit-AOP","LIRCMOP1","LIR-CMOP",100,50000,2,276102,"all",249,400,50000,0.5000582212277385,0.2979158680130135,0.2020259107592481,0.5000582212277382,0.2979158680130134,0.2020259107592481,0.2203325246478707,0.5244955466838631,0.2551719286682663,17950,20483,11367,1842,2415,945,0.1026183844011142,0.1179026509788605,0.0831353919239905,0.04629526462395543,0.0192842845286335,0.009237265769332278,0.8341552920227173,0.7395092816726776,0.73139124883839,0.6676131974783663,0.727506767670557,0.6814548648101824,0.08122642266634561,0.04542391157837983,0.05714854639585822,0.1511564378073211,0.1590630740967544,0.1037037037037037,0.06669877197206839,0.0532416767758458,0.02090800477897252,0,0,0
"s05_confirmation","Dual-Survival-Credit-AOP","LIRCMOP1","LIR-CMOP",100,50000,3,276103,"all",249,400,50000,0.4571087226446292,0.3081433389580126,0.234747938397358,0.4571087226446292,0.3081433389580128,0.234747938397358,0.232393248227802,0.4712407455746292,0.2963660061975689,17163,19407,13230,1588,1816,960,0.09252461690846589,0.09357448343381254,0.07256235827664399,0.02330594884344229,0.01468542278559283,0.005668934240362812,0.8340157188197493,0.7841140493517942,0.7567610442990176,0.6626869873567373,0.7256490599330022,0.689106880659874,0.06553632610032505,0.03778994005733646,0.0451822693821667,0.1456747404844291,0.130060513082758,0.0942195749289292,0.03514012123341825,0.03700807922856398,0.01283587198357008,0,8.522969402539845e-05,0
"s05_confirmation","Dual-Survival-Credit-AOP","LIRCMOP1","LIR-CMOP",100,50000,4,276104,"all",249,400,50000,0.4931831214160302,0.269868294958451,0.2369485836255189,0.4931831214160301,0.2698682949584509,0.2369485836255189,0.2450992912848056,0.482474613752176,0.2724260949630186,18394,18725,12681,1752,1977,1000,0.09524845058171143,0.1055807743658211,0.07885813421654443,0.0266391214526476,0.01174899866488652,0.0049680624556423,0.8245019265452419,0.7506003292221016,0.732207646245247,0.6787015623969516,0.7370157407144399,0.6846358394915947,0.06989422294548413,0.03516614513485323,0.0508560773012375,0.1462975098296199,0.144914266688863,0.1032143910350929,0.03986981285598047,0.03278199970198182,0.01067977623325988,0,0,0
"s05_confirmation","Dual-Survival-Credit-AOP","LIRCMOP1","LIR-CMOP",100,50000,5,276105,"all",249,400,50000,0.4511605123273948,0.3094175598815419,0.2394219277910633,0.4511605123273951,0.3094175598815419,0.2394219277910633,0.2440275617947036,0.4694597146355144,0.2865127235697822,17312,19402,13086,1665,1816,994,0.09617606284658041,0.09359859808267189,0.07595904019562892,0.0265134011090573,0.01618389856715802,0.005425645728259208,0.8429941418873165,0.7890381870177569,0.7619369902629737,0.6746940333143266,0.7293332658504007,0.6803637918203812,0.06753870795515217,0.03958468526930565,0.04482121873426221,0.1491603556140929,0.1291784218175601,0.1019778370037873,0.04084356647090229,0.04075275794938352,0.01175088131609871,0,0,0.0001402721279281807
"s05_confirmation","Dual-Survival-Credit-AOP","LIRCMOP2","LIR-CMOP",100,50000,1,276201,"all",249,400,50000,0.4896327176230241,0.2794351296640359,0.2309321527129399,0.4896327176230237,0.279435129664036,0.2309321527129399,0.1639392809489219,0.5216165670276813,0.3144441520233971,16277,19954,13569,1554,2572,1158,0.09547213860047921,0.1288964618622833,0.0853415874419633,0.02918228174725072,0.01017339881727974,0.003979659518019014,0.8875312234164937,0.744604526737247,0.7550215968767102,0.6774202391801392,0.7649853357163566,0.7052636213740686,0.0613517060367454,0.02787756861618049,0.04157244738215342,0.1973072215422277,0.182993459022701,0.1175191815856777,0.03895997375328084,0.02917085788187958,0.009045051313271874,0,0,0.0002557544757033248
"s05_confirmation","Dual-Survival-Credit-AOP","LIRCMOP2","LIR-CMOP",100,50000,2,276202,"all",249,400,50000,0.4859410684392241,0.3015090574639697,0.2125498740968061,0.4859410684392242,0.3015090574639697,0.2125498740968061,0.1719228485862328,0.5202968382915544,0.307780313122213,16381,20468,12951,1604,2561,1081,0.09791832000488371,0.1251221418800078,0.08346845803412864,0.03278188144801904,0.01641586867305062,0.005868272720253262,0.8937177986879794,0.7424289381562861,0.7538620590404823,0.6901250368820528,0.7601703775357164,0.7099092364698948,0.06793949913215969,0.03636121470431539,0.03495182316266767,0.1826249416160673,0.1765432098765432,0.1170018281535649,0.04438383337465907,0.04475226425146511,0.01435858681277159,0,0,0
"s05_confirmation","Dual-Survival-Credit-AOP","LIRCMOP2","LIR-CMOP",100,50000,3,276203,"all",249,400,50000,0.4751806144728876,0.2920866808025668,0.2327327047245455,0.4751806144728877,0.2920866808025669,0.2327327047245454,0.1882116918795111,0.5062637863624119,0.3055245217580772,16514,19887,13399,1565,2550,1039,0.09476807557224173,0.1282244682455876,0.07754310023136055,0.02773404384158895,0.01322471966611354,0.00492574072691992,0.8865955840369188,0.7480375623870024,0.7641379183823462,0.6812523560210202,0.7580098658382788,0.7077944241910957,0.06398985629754861,0.03959851505568541,0.03519061583577713,0.1725021349274125,0.1793245600126843,0.109839515916864,0.03863060016906171,0.03616114395710161,0.01138519924098672,0.0002134927412467976,0,0
"s05_confirmation","Dual-Survival-Credit-AOP","LIRCMOP2","LIR-CMOP",100,50000,4,276204,"all",249,400,50000,0.4941726769515851,0.2911687317319759,0.2146585913164391,0.4941726769515849,0.2911687317319759,0.214658591316439,0.1923626812691161,0.5057859761674395,0.3018513425634446,17087,19838,12875,1834,2672,1208,0.1073330602212208,0.1346909970763182,0.0938252427184466,0.03610932287704102,0.01517290049400141,0.005514563106796116,0.8994532382209193,0.7583623205636086,0.7751176134741281,0.6608778550802593,0.7475188356134596,0.6918006043619656,0.06610831029435681,0.03311258278145696,0.04314531191632424,0.2131969095844644,0.1931691818903892,0.1299029384390374,0.05017075947308505,0.0413907284768212,0.01326111318640269,0,7.942811755361398e-05,0
"s05_confirmation","Dual-Survival-Credit-AOP","LIRCMOP2","LIR-CMOP",100,50000,5,276205,"all",249,400,50000,0.4616776954466064,0.2772699361918717,0.261052368361522,0.4616776954466066,0.2772699361918717,0.2610523683615218,0.1992574926348543,0.5078597698510972,0.2928827375140486,16454,19562,13784,1990,2503,1175,0.1209432356873709,0.1279521521316839,0.08524376088218225,0.03895709250030388,0.01385338922400573,0.01080963435867673,0.8980727109268248,0.7757082636231839,0.80207039507727,0.6669151944884699,0.7611529251913632,0.6908653309701795,0.06375021742911811,0.03096960926193922,0.04636475662353666,0.2536319612590799,0.1809200126462219,0.1198573779484366,0.05574882588276222,0.03921852387843705,0.0229513247073321,0,0,0
"s05_confirmation","Dual-Survival-Credit-AOP","LIRCMOP3","LIR-CMOP",100,50000,1,276301,"all",249,400,50000,0.5434193681176743,0.2368232099007868,0.219757421981539,0.5434193681176743,0.2368232099007868,0.219757421981539,0.1276049478976166,0.5566186488961541,0.3157764032062292,16709,19768,13323,1643,2711,1154,0.09833024118738404,0.1371408336705787,0.08661712827441267,0.06714944042132982,0.01993120194253339,0.01898971703069879,0.8765122853690188,0.5871923320699304,0.6473472378493531,0.6588309718277386,0.7568059732929161,0.6954943529961365,0.08880023640661938,0.03085791793828416,0.0517746066593487,0.1389851875196974,0.1823359769286229,0.1108565610283823,0.08289007092198582,0.06680230586639539,0.04628613245517746,0,0,0
"s05_confirmation","Dual-Survival-Credit-AOP","LIRCMOP3","LIR-CMOP",100,50000,2,276302,"all",249,400,50000,0.5093480629571996,0.2460230125230229,0.2446289245197777,0.5093480629571993,0.2460230125230231,0.2446289245197775,0.1674233832748167,0.5478146995224963,0.2847619172026868,16864,19757,13179,1890,2816,1092,0.112073055028463,0.1425317608948727,0.08285909401320282,0.04708254269449715,0.0150832616287898,0.01297518779877077,0.8572299794850083,0.5799203399644618,0.6663770136951869,0.6805510328904033,0.744468870177171,0.6878231629399826,0.08630882005202176,0.03463486358438164,0.04957321076822062,0.1903279865932487,0.1909650924024641,0.1114717087625229,0.06258374714274455,0.04868485541578173,0.02806959947472095,0,0,0
"s05_confirmation","Dual-Survival-Credit-AOP","LIRCMOP3","LIR-CMOP",100,50000,3,276303,"all",249,400,50000,0.4577572406731849,0.3006608411674871,0.241581918159328,0.4577572406731847,0.3006608411674871,0.2415819181593281,0.1561034185568478,0.5379585534630161,0.3059380279801363,15292,20884,13624,1549,2630,1125,0.1012947946638765,0.125933729170657,0.08257486788021139,0.05578080041851949,0.02269680137904616,0.01343217850851439,0.849636212498473,0.5844778551996473,0.6531166315497975,0.659368293515582,0.7407452098193117,0.6873626598400052,0.08066637439719421,0.03206412825651302,0.05041597337770383,0.1618214561358374,0.1783715202627062,0.1079590228526399,0.07470407715914072,0.06332665330661323,0.03044925124792013,0.0002572678157962439,0,0
"s05_confirmation","Dual-Survival-Credit-AOP","LIRCMOP3","LIR-CMOP",100,50000,4,276304,"all",249,400,50000,0.4840584581350648,0.2717024592071257,0.2442390826578095,0.4840584581350649,0.2717024592071255,0.2442390826578096,0.1448377722706119,0.555471420176482,0.2996908075529061,15649,20598,13553,1570,2841,1129,0.1003258994184932,0.1379260122341975,0.0833025898325094,0.06709693910154003,0.02194387804641227,0.01667527484689737,0.8459422958546252,0.6117489017776221,0.6633342088199217,0.6658482960167734,0.7471367942161824,0.687566574085318,0.08042161175201261,0.02926829268292683,0.04732172198488334,0.1669444444444445,0.1910648449360225,0.1126289004955136,0.08714416134119014,0.06681448632668145,0.03697009530069011,0,0,0.0001339225927413955
"s05_confirmation","Dual-Survival-Credit-AOP","LIRCMOP3","LIR-CMOP",100,50000,5,276305,"all",249,400,50000,0.4740040331788821,0.2865865040656189,0.2394094627554992,0.4740040331788817,0.2865865040656188,0.2394094627554991,0.1398477453733786,0.5548141437732116,0.3053381108534098,15285,20949,13566,1390,2770,1077,0.09093882891723912,0.1322258819036708,0.07938965059708093,0.0465161923454367,0.01942813499451048,0.0133421789768539,0.8493860408399395,0.588096209539522,0.6518266574267264,0.6431910588888466,0.7462628579069414,0.6875239966882349,0.07796610169491526,0.0285754307325956,0.04495889951350444,0.1348637015781922,0.1858073859522086,0.1063773833004602,0.06025423728813559,0.05701078582434515,0.0303640328803892,0,0,0
"s05_confirmation","Dual-Survival-Credit-AOP","LIRCMOP4","LIR-CMOP",100,50000,1,276401,"all",249,400,50000,0.5040900408187643,0.2686911394569318,0.2272188197243038,0.5040900408187642,0.2686911394569318,0.2272188197243036,0.2127870210939861,0.4731783633463772,0.3140346155596369,17835,18482,13483,2308,2259,1270,0.1294084664984581,0.1222270317065253,0.09419268708744345,0.04911690496215307,0.02586300183962775,0.01416598679819031,0.8447808999824342,0.6019047826191495,0.6586519167116563,0.6707514392413503,0.7628041112032251,0.7025328362937167,0.08569834183673469,0.03777810960131402,0.0531896094716381,0.233037233037233,0.1702163767501061,0.1238496932515337,0.06983418367346939,0.07137524264596087,0.03375154620957766,0,0,0
"s05_confirmation","Dual-Survival-Credit-AOP","LIRCMOP4","LIR-CMOP",100,50000,2,276402,"all",249,400,50000,0.5160684837696042,0.2289118593623106,0.2550196568680852,0.5160684837696045,0.2289118593623107,0.2550196568680853,0.1426558093407452,0.5374712722763296,0.3198729183829255,16399,19083,14318,1678,2608,1222,0.1023233123970974,0.1366661426400461,0.08534711551892722,0.07774864320995183,0.01991301158098831,0.03219723425059366,0.86283581626962,0.6242547330323877,0.6789797424235881,0.655284059083264,0.7858434088275803,0.7083938840622134,0.08980544747081712,0.02893721501227639,0.05025204788909893,0.1476472245703015,0.182572304013153,0.1132998745294856,0.09922178988326848,0.06664328305857593,0.07262129804662885,0,0,0
"s05_confirmation","Dual-Survival-Credit-AOP","LIRCMOP4","LIR-CMOP",100,50000,3,276403,"all",249,400,50000,0.5338625163411059,0.2223445992068565,0.2437928844520377,0.5338625163411063,0.2223445992068565,0.2437928844520376,0.2055291154987689,0.4933125414615094,0.3011583430397219,18407,17824,13569,2221,2635,1310,0.1206606182430597,0.1478343806104129,0.09654359201120201,0.07605802140490031,0.02692998204667863,0.02483602328837792,0.8490808970938372,0.6180438216379259,0.6787486531278866,0.6757127390503607,0.7617971882468996,0.6960942058353975,0.08775494844584933,0.03479358211645935,0.05440158259149357,0.2060546875,0.1989085281420543,0.1306144208983074,0.1053661473620832,0.08653326122228232,0.05539070227497527,0,0,0.0001332800213248034
"s05_confirmation","Dual-Survival-Credit-AOP","LIRCMOP4","LIR-CMOP",100,50000,4,276404,"all",249,400,50000,0.5244359178583966,0.2653109793770531,0.2102531027645502,0.5244359178583968,0.2653109793770532,0.2102531027645502,0.1546900616572245,0.5289165420503519,0.3163933962924236,16908,19780,13112,1589,2566,1160,0.09397918145256683,0.129726996966633,0.08846857840146431,0.04057251005441211,0.01390293225480283,0.005948749237339841,0.8588385915955823,0.5745876006784973,0.6299853383260768,0.6647647427711212,0.7644905988044767,0.7054089868916685,0.07166921898928025,0.03193582563947329,0.04605388878272501,0.1696985446985447,0.17877476656798,0.1166391674070314,0.05252679938744257,0.0416225215680339,0.01490540798776992,0,0,0
"s05_confirmation","Dual-Survival-Credit-AOP","LIRCMOP4","LIR-CMOP",100,50000,5,276405,"all",249,400,50000,0.5160189526252527,0.2493979027666058,0.2345831446081414,0.5160189526252523,0.2493979027666058,0.2345831446081416,0.1716828157884656,0.5054260317368059,0.3228911524747286,17135,18774,13891,1762,2501,1250,0.1028304639626496,0.1332161499946735,0.08998632207904399,0.05579223810913336,0.01331628848407372,0.01338996472536175,0.8474369101056377,0.6014491895963616,0.6545436958713835,0.6610925307113296,0.7737715267128037,0.7094650708408858,0.08011200124445828,0.02937853107344633,0.05112859097127223,0.1711079943899018,0.1843548771762461,0.1182394628869825,0.07435638173757486,0.04035512510088781,0.03180574555403557,0,0,0
"s05_confirmation","Dual-Survival-Credit-AOP","LIRCMOP5","LIR-CMOP",100,50000,1,276501,"all",249,400,50000,0.2887203882141904,0.3693697437234522,0.3419098680623576,0.2887203882141903,0.3693697437234521,0.3419098680623575,0.3012345112205523,0.4012710124357428,0.2974944763437051,14685,19191,15924,2364,1843,1558,0.1609805924412666,0.09603459955187327,0.09783973875910575,0.4249914879128363,0.6227919337189307,0.5428912333584527,0.9749752465853671,0.9889768333226244,0.9807798402772174,0.746942711017445,0.8571143098045353,0.7802729349001557,0.119087367835281,0.08686671015438138,0.07975099835564951,0.2011471255168734,0.1044731311918343,0.1186234817813765,0.4801057317751808,0.6686236138290933,0.5725863284002819,0.3721488595438175,0.5806064244971481,0.5087719298245614
"s05_confirmation","Dual-Survival-Credit-AOP","LIRCMOP5","LIR-CMOP",100,50000,2,276502,"all",249,400,50000,0.3751208452011038,0.3268940115501691,0.2979851432487272,0.3751208452011036,0.3268940115501692,0.2979851432487272,0.3197523732351033,0.3972249789991435,0.2830226477657528,17296,18047,14457,2198,1623,1147,0.1270814061054579,0.08993184462791599,0.07933872864356367,0.4046022201665125,0.3781791987587965,0.4325932074427613,0.9714427958146198,0.9762234448716057,0.9741453348683978,0.7220152497882969,0.8467197739830797,0.7600599058132033,0.08644884841992502,0.07205990670267616,0.06186817630408411,0.1747267931164427,0.1046358953641046,0.09775504404660415,0.4169255490091055,0.4540878958998281,0.4472300849171048,0.3901519909559101,0.3157256842743157,0.4171639670360898
"s05_confirmation","Dual-Survival-Credit-AOP","LIRCMOP5","LIR-CMOP",100,50000,3,276503,"all",249,400,50000,0.3948088842839831,0.2928623868782233,0.3123287288377937,0.3948088842839828,0.2928623868782232,0.3123287288377937,0.3515301962468647,0.358117897511546,0.2903519062415893,18591,16211,14998,2435,1523,1362,0.1309773546339627,0.09394855345136019,0.09081210828110414,0.4771663708245926,0.4170008019246191,0.4818642485664755,0.9762846927347995,0.9772856180864172,0.9773135051813184,0.7256094675250824,0.8037748771733348,0.7387989569974009,0.09174125305126118,0.07435862258197283,0.06967476539400952,0.1750199794497089,0.1099529253530599,0.1135891397700513,0.48413344182262,0.4445054191247085,0.4638128294125209,0.4693458157323895,0.3945303743555257,0.5013159717412384
"s05_confirmation","Dual-Survival-Credit-AOP","LIRCMOP5","LIR-CMOP",100,50000,4,276504,"all",249,400,50000,0.4183849052554043,0.27401359637323,0.3076014983713656,0.4183849052554048,0.2740135963732301,0.3076014983713655,0.3524599111695239,0.3830339848206031,0.2645061040098731,19215,16355,14230,2215,1317,1026,0.1152745251105907,0.08052583307856924,0.07210119465917077,0.6541764246682279,0.3311525527361663,0.5797610681658468,0.9834182006241169,0.9679160223030353,0.9797403161651829,0.757135167614567,0.8617060789107599,0.7774270316473569,0.08497170806559892,0.04462712859659425,0.05704216159770265,0.1512289485662267,0.1061511055223724,0.08966357131983559,0.6510981106742112,0.3345566647093365,0.56976895966584,0.6578288575329996,0.3287226239128157,0.5914142182980667
"s05_confirmation","Dual-Survival-Credit-AOP","LIRCMOP5","LIR-CMOP",100,50000,5,276505,"all",249,400,50000,0.2868163919064806,0.411256038638702,0.3019275694548175,0.2868163919064807,0.411256038638702,0.3019275694548172,0.2795747704242526,0.4241547136399623,0.296270515935785,14114,20789,14897,1534,2205,1320,0.1086864106560862,0.1060657078262543,0.08860844465328589,0.7124132067450758,0.5596228774832844,0.6716117339061556,0.9867466700241123,0.9795504980786057,0.9844986876085982,0.7711093119523933,0.8924778288427,0.8242593197150847,0.08795972591245979,0.1017296980357666,0.07929749866950506,0.1299727129111015,0.1102690413035241,0.09808968974393714,0.6972451405397846,0.648587901886055,0.6836083022884513,0.7279908085595289,0.4733800682076544,0.6593957458338978
"s05_confirmation","Dual-Survival-Credit-AOP","LIRCMOP6","LIR-CMOP",100,50000,1,276601,"all",249,400,50000,0.2596158145876007,0.4040718435863407,0.3363123418260585,0.2596158145876008,0.404071843586341,0.3363123418260587,0.2797379199620443,0.4156158276852801,0.3046462523526757,13426,20414,15960,2083,1833,1422,0.1551467302249367,0.08979131968257079,0.08909774436090226,0.5046923879040668,0.738757715293426,0.6164786967418546,0.9745880696219551,0.9906050987301922,0.9812970096940193,0.7484217935766724,0.8416231130818252,0.7755607476855473,0.127570743776094,0.08589322994333433,0.08442799140195845,0.1807730995832734,0.09357798165137615,0.09425257052465068,0.5501778258852636,0.7848692712993339,0.6391210890852639,0.4624227618910763,0.6939642684693385,0.591484313208542
"s05_confirmation","Dual-Survival-Credit-AOP","LIRCMOP6","LIR-CMOP",100,50000,2,276602,"all",249,400,50000,0.3110875863259701,0.4017370332467676,0.2871753804272624,0.3110875863259702,0.4017370332467676,0.287175380427262,0.2970119053176578,0.4116826288633895,0.2913054658189538,15147,20260,14393,1879,1720,1169,0.1240509671882221,0.08489634748272458,0.08122003751823803,0.5135010233049448,0.5397828232971372,0.5338011533384284,0.9743084337291994,0.9772353759275829,0.9759098350612556,0.7229073902716968,0.8386606312511674,0.7594771712275695,0.09226997031875081,0.07194244604316546,0.06691866162676746,0.1573398215733982,0.09754194303550527,0.09531034482758621,0.5604594141179507,0.570343725019984,0.5536889262214756,0.4643146796431468,0.5099492781896215,0.5142068965517241
"s05_confirmation","Dual-Survival-Credit-AOP","LIRCMOP6","LIR-CMOP",100,50000,3,276603,"all",249,400,50000,0.3788566364518011,0.3545475768570393,0.2665957866911596,0.3788566364518006,0.3545475768570393,0.2665957866911595,0.337982708971943,0.3580391366794254,0.3039781543486317,17842,17755,14203,2135,1343,1115,0.1196614729290438,0.0756406646015207,0.0785045412940928,0.5947203228337631,0.4257955505491411,0.5416461310990636,0.9790567321256676,0.9701425867848248,0.9764808268006313,0.7375044518717437,0.8321118472131348,0.7573252777778964,0.08441145281018028,0.05389492753623189,0.05468514612835192,0.1591773656680932,0.09716463072957525,0.09940515532055519,0.6445387062566278,0.4439538043478261,0.5610123531184091,0.5388730385164051,0.4078224812282865,0.5246530072703238
"s05_confirmation","Dual-Survival-Credit-AOP","LIRCMOP6","LIR-CMOP",100,50000,4,276604,"all",249,400,50000,0.2683552034311336,0.4062031671318743,0.3254416294369921,0.2683552034311335,0.4062031671318743,0.3254416294369924,0.2753238218890508,0.4007043338233946,0.3239718442875544,13537,20084,16179,2159,1960,1608,0.1594888084509123,0.09759012148974308,0.09938809567958465,0.4515771588978356,0.7362079267078271,0.5845231472896966,0.9720402685091828,0.9908213178391145,0.9802984820219146,0.7368211281955472,0.8411059911775437,0.771854409126047,0.1196107784431138,0.09737050217477264,0.09032576505429418,0.1983374653638617,0.09781300160513644,0.1084829721362229,0.4916167664670659,0.7568208778173191,0.6000740375123396,0.4125710952311507,0.7152889245585875,0.5689164086687306
"s05_confirmation","Dual-Survival-Credit-AOP","LIRCMOP6","LIR-CMOP",100,50000,5,276605,"all",249,400,50000,0.2701457568431253,0.4011706635994504,0.3286835795574244,0.270145756843125,0.4011706635994504,0.3286835795574244,0.2689781653658113,0.4299655258738383,0.3010563087603507,13428,20690,15682,2330,2119,1677,0.1735180220434912,0.1024166263895602,0.1069378905751817,0.5368632707774799,0.7782020299661673,0.6673893636015814,0.9774723208918871,0.9921619097985486,0.9843602375998369,0.736658668893284,0.8189088332910038,0.7647656073708377,0.1384843982169391,0.0992687568867074,0.1023573958715036,0.2087190206031651,0.1053516391145979,0.1119412941961307,0.5973254086181278,0.8186917760192327,0.7110052522291438,0.4761122723200956,0.7404501727841599,0.61974649766511
"s05_confirmation","Dual-Survival-Credit-AOP","LIRCMOP7","LIR-CMOP",100,50000,1,276701,"all",249,400,50000,0.4167647863223078,0.2836418512309768,0.2995933624467154,0.4167647863223077,0.2836418512309768,0.2995933624467153,0.3124052569333742,0.408915472583932,0.2786792704826935,18168,17243,14389,1915,1665,1142,0.1054051078819903,0.09656092327321232,0.07936618250052123,0.5514090708938794,0.3611320535869628,0.5029536451455974,0.979276060882734,0.9665697308066857,0.9757532387354702,0.7503537863366643,0.8330775654085727,0.7696913292296436,0.07283236994219654,0.0264947577217342,0.04784240150093809,0.1488186954288649,0.1451153657339224,0.1133246715749964,0.5332369942196532,0.304335505809011,0.4413025998391852,0.5756291730868002,0.4004909180166912,0.5693662480150137
"s05_confirmation","Dual-Survival-Credit-AOP","LIRCMOP7","LIR-CMOP",100,50000,2,276702,"all",249,400,50000,0.4153980326017384,0.2960035577128612,0.2885984096854005,0.4153980326017384,0.2960035577128614,0.2885984096854005,0.3012310804869266,0.4401083943160271,0.2586605251970469,17838,18338,13624,1759,1707,961,0.09860970960870052,0.09308539644454139,0.07053728714034058,0.5963112456553425,0.275984294906751,0.5140927774515561,0.9795591193014254,0.9587629883500122,0.9743607892605756,0.7769228813077015,0.8780392570235435,0.8049047310288499,0.07142857142857142,0.03241996744438416,0.04942912837649679,0.1361452215696743,0.13386832026263,0.09407016454517231,0.5889232553643921,0.3193163320672816,0.5002784739626845,0.606513614522157,0.2468539120919205,0.5294939459795095
"s05_confirmation","Dual-Survival-Credit-AOP","LIRCMOP7","LIR-CMOP",100,50000,3,276703,"all",249,400,50000,0.4305185108048269,0.2519827582771026,0.3174987309180705,0.4305185108048272,0.2519827582771028,0.3174987309180705,0.355610150055351,0.370708945026855,0.2736809049177935,19590,15491,14719,2296,1363,1115,0.1172026544155181,0.08798657284875089,0.07575242883348053,0.3492087799897907,0.2123168291265896,0.3395611114885522,0.9682475806986787,0.95639390741565,0.9668706877199134,0.7387356102878588,0.80840231146097,0.7449330442509267,0.06746179649645918,0.02858055245090212,0.04541429475015813,0.1774666967712802,0.1283051582141309,0.1109480481361902,0.3813827804696235,0.2310394379690244,0.3277672359266287,0.3102280424475051,0.1996098829648895,0.353243322571177
"s05_confirmation","Dual-Survival-Credit-AOP","LIRCMOP7","LIR-CMOP",100,50000,4,276704,"all",249,400,50000,0.4353162047017058,0.2660688673574189,0.2986149279408754,0.4353162047017057,0.2660688673574189,0.2986149279408752,0.3598793695831056,0.3688223043000279,0.2712983261168666,19798,15806,14196,2297,1337,1106,0.1160218203858976,0.0845881310894597,0.07790927021696252,0.4290332356803718,0.2692015690244211,0.4114539306846999,0.971835931892004,0.9590258681440144,0.9699000180753731,0.7603442157745954,0.8393673781317141,0.7666925571396744,0.06688191881918819,0.02945619335347432,0.04663978494623656,0.1754855994641661,0.1243196168081864,0.1123445825932504,0.4384686346863468,0.2625377643504532,0.3599462365591398,0.4176155391828533,0.2740039190071848,0.4681764357608052
"s05_confirmation","Dual-Survival-Credit-AOP","LIRCMOP7","LIR-CMOP",100,50000,5,276705,"all",249,400,50000,0.4093378195029942,0.282125967340594,0.3085362131564118,0.4093378195029943,0.2821259673405939,0.3085362131564119,0.316348735178339,0.4070892190962233,0.2765620457254377,18082,17154,14564,2120,1390,1120,0.1172436677358699,0.08103066340212195,0.0769019500137325,0.3661099435903108,0.1520345109012475,0.329373798407031,0.9667197222611353,0.9453468711687405,0.9631945126514755,0.7413086555686111,0.8502710146769066,0.7589029392718484,0.06737936445664966,0.0216555064824049,0.04437215354586858,0.1817144306365711,0.1221509620128268,0.1132432039540631,0.393585719890153,0.2084342498931472,0.3320754716981132,0.3305858483388283,0.1129748396645289,0.3263555749382178
"s05_confirmation","Dual-Survival-Credit-AOP","LIRCMOP8","LIR-CMOP",100,50000,1,276801,"all",249,400,50000,0.4383229926001282,0.2618466456085867,0.2998303617912851,0.4383229926001283,0.2618466456085866,0.299830361791285,0.3982847252180957,0.3249058476520909,0.2768094271298138,20836,14607,14357,2337,1001,1017,0.1121616433096564,0.06852878756760457,0.07083652573657449,0.4376559800345556,0.2471417813377148,0.391794943233266,0.9723268407410326,0.9634063359089806,0.9694408889843956,0.7367728131473174,0.8168029747699884,0.7543648390113805,0.07364660621049739,0.03041007525725695,0.04470021413276231,0.1545518701482004,0.09918478260869565,0.09920116194625998,0.4551616744526885,0.2772231608047919,0.3776766595289079,0.4183889504990422,0.222949604743083,0.407116920842411
"s05_confirmation","Dual-Survival-Credit-AOP","LIRCMOP8","LIR-CMOP",100,50000,2,276802,"all",249,400,50000,0.4204825662096627,0.2721940395590978,0.3073233942312394,0.4204825662096627,0.2721940395590977,0.3073233942312393,0.3944682911776528,0.3381370154190691,0.267394693403278,20291,15196,14313,2214,993,1008,0.1091124143709034,0.06534614372203211,0.07042548731922028,0.3779508156325465,0.2303895762042643,0.3605114231817229,0.9693086303035494,0.9615845747371741,0.9684799646296061,0.7461194263540125,0.8254542496878636,0.7575825817108897,0.06198662846227316,0.0283311199645861,0.04377368352280152,0.1593524081050809,0.09514194084808172,0.1010510510510511,0.3887297039159504,0.27726132507009,0.3520188161505292,0.3664596273291926,0.1926594607435562,0.3702702702702703
"s05_confirmation","Dual-Survival-Credit-AOP","LIRCMOP8","LIR-CMOP",100,50000,3,276803,"all",249,400,50000,0.4190814220491139,0.2800626881383095,0.3008558898125765,0.4190814220491137,0.2800626881383096,0.3008558898125763,0.3862473748481572,0.3411729180644752,0.2725797070873673,20055,15469,14276,2311,1116,997,0.1152331089503864,0.07214428857715431,0.06983748949285515,0.4507604088755921,0.2863145646130972,0.4272205099467638,0.9734446606637337,0.9657449612365867,0.9717506611731569,0.7490937602805027,0.8238856883954609,0.761681584338034,0.07665772326561901,0.03081112066494698,0.04100988511888859,0.1570849360640399,0.1061123542574491,0.101620029455081,0.4590839402069758,0.2953568357695615,0.3864547154688752,0.4417299095540077,0.2788835237310093,0.4721649484536082
"s05_confirmation","Dual-Survival-Credit-AOP","LIRCMOP8","LIR-CMOP",100,50000,4,276804,"all",249,400,50000,0.4274644825895405,0.277049113594408,0.2954864038160516,0.4274644825895406,0.2770491135944078,0.2954864038160517,0.405196907962422,0.3279943039466378,0.2668087880909402,20727,15076,13997,2414,1058,1042,0.1164664447339219,0.07017776598567259,0.07444452382653426,0.4583876103632942,0.2584903157336164,0.4270200757305137,0.9734998427032627,0.9631433635622229,0.9716028986190981,0.7492846882667507,0.8282537046804683,0.7635427298236892,0.07162327286399098,0.02895193977996526,0.0519515843873249,0.1637589214908803,0.1050440744368266,0.09933774834437085,0.455587931196541,0.264186450492183,0.4071807425540596,0.461340206185567,0.2536728697355534,0.4489765201685731
"s05_confirmation","Dual-Survival-Credit-AOP","LIRCMOP8","LIR-CMOP",100,50000,5,276805,"all",249,400,50000,0.3977684225416813,0.2885541144125528,0.3136774630457659,0.3977684225416814,0.2885541144125527,0.313677463045766,0.4219401405539407,0.3145479331535815,0.2635119262924775,20412,15024,14364,2535,1060,1155,0.1241916519694297,0.07055378061767838,0.08040935672514619,0.390750538898687,0.2703674121405751,0.3714842662211083,0.9708666419796558,0.9665567971243041,0.9705200037049789,0.7447192701504594,0.8005957340084593,0.7463178479876978,0.07628657921291625,0.03493875278396436,0.04752754291570586,0.1693963054656256,0.1031887755102041,0.1195486428789265,0.4031281533804238,0.285913140311804,0.3385857033051499,0.3790706532089126,0.2561224489795919,0.4106434888685575
"s05_confirmation","Dual-Survival-Credit-AOP","LIRCMOP9","LIR-CMOP",100,50000,1,276901,"all",249,400,50000,0.2905285580702314,0.3568452356179051,0.3526262063118635,0.2905285580702315,0.3568452356179053,0.3526262063118637,0.2609386896354473,0.4219565496408209,0.3171047607237314,13733,19388,16679,2198,3013,2416,0.1600524284570014,0.1554054054054054,0.1448528089213982,0.6795310565790432,0.6271404992779038,0.7412914443311949,0.9133189121772881,0.9082873695457855,0.9395598962045435,0.8407221445740184,0.8645307047669021,0.8518717272487742,0.1330845771144279,0.130586513565237,0.1359754014349163,0.1900877327997537,0.1763921941932413,0.154722714611294,0.8385848535102266,0.7664077451311494,0.8559389591162738,0.5023857164845313,0.5093764873869586,0.6138262851354773
"s05_confirmation","Dual-Survival-Credit-AOP","LIRCMOP9","LIR-CMOP",100,50000,2,276902,"all",249,400,50000,0.3089976957190841,0.3413584414063507,0.3496438628745652,0.3089976957190843,0.3413584414063506,0.3496438628745651,0.3026417753257756,0.3884269182573205,0.3089313064169036,15234,18169,16397,2796,2742,2614,0.183536825521859,0.1509163960592217,0.1594194059889004,0.7244321911513719,0.6392206505586439,0.7344026346282857,0.924866374396212,0.9079591228154967,0.9349631405329343,0.8411323040311339,0.8705351069949249,0.8580301504535369,0.1816528066528066,0.1415294117647059,0.1661305147058824,0.185460334306182,0.1591684765746199,0.1518263356297933,0.8597972972972973,0.7632941176470588,0.8477711397058824,0.5862297691695409,0.5301478953356087,0.6061354478096971
"s05_confirmation","Dual-Survival-Credit-AOP","LIRCMOP9","LIR-CMOP",100,50000,3,276903,"all",249,400,50000,0.2868334729061326,0.3653422844276505,0.3478242426662169,0.2868334729061326,0.3653422844276504,0.3478242426662169,0.2505517873988351,0.4200454168872031,0.329402795713962,13376,19558,16866,2079,2964,2391,0.1554276315789474,0.1515492381634114,0.1417644966204198,0.6269437799043063,0.6041006237856632,0.6870627297521641,0.8936990314621882,0.8955943398799625,0.9220160082715027,0.8359101174936443,0.8475499972447125,0.8475994909747943,0.1369882220975883,0.1296418369589101,0.1268174474959612,0.1764894298526586,0.17061973986228,0.1575609756097561,0.7979528883903534,0.7414853878268512,0.8143318716824371,0.4316143497757848,0.4845065034429992,0.5525609756097561
"s05_confirmation","Dual-Survival-Credit-AOP","LIRCMOP9","LIR-CMOP",100,50000,4,276904,"all",249,400,50000,0.2901530401183149,0.3639665982163812,0.3458803616653038,0.2901530401183149,0.3639665982163809,0.3458803616653038,0.2577361363441222,0.4031980866365048,0.3390657770193733,13633,19109,17058,2501,3252,2964,0.1834519181398078,0.1701815898267832,0.1737601125571579,0.6612631115675199,0.6300696007117065,0.7042443428303435,0.9094891931105756,0.9059107031379275,0.9312193943092405,0.8532212631551385,0.8779205940170867,0.8695574634923817,0.1617015380351947,0.1472047634799868,0.1604364987230091,0.2079177057356608,0.1909362549800797,0.1873519658929417,0.8302618816682832,0.7629286580659389,0.8397956814488042,0.4711658354114713,0.5100597609561753,0.5659639981051634
"s05_confirmation","Dual-Survival-Credit-AOP","LIRCMOP9","LIR-CMOP",100,50000,5,276905,"all",249,400,50000,0.2999992329193381,0.3587441222991997,0.3412566447814623,0.2999992329193379,0.3587441222991997,0.3412566447814624,0.260340904437103,0.3997322709087048,0.3399268246541924,13957,18882,16961,2252,2889,2731,0.1613527262305653,0.1530028598665396,0.1610164495017982,0.7044493802393065,0.6230801821840907,0.7242497494251519,0.9227484911775988,0.9064710212797209,0.9357044616487282,0.8483395974294488,0.8867257128217801,0.8722621407466483,0.1396251673360107,0.1332139258927572,0.1471107449688125,0.186372745490982,0.1707709317519349,0.174976370510397,0.8540829986613119,0.7490204858390238,0.8570083558903142,0.5321412054878989,0.5100010051261433,0.5909735349716446
"s05_confirmation","Equal-AOP","CF10","CF",100,50000,1,236001,"all",249,400,50000,0.3333333333333332,0.3333333333333332,0.3333333333333332,0.3333333333333329,0.3333333333333329,0.3333333333333329,0.3333333333333329,0.3333333333333329,0.3333333333333329,16932,16434,16434,2093,475,1189,0.1236120954405859,0.02890349275891444,0.07235000608494585,0.3351051263879046,0.2438846294267981,0.3181209687233784,0.5203679239163074,0.4229756363547723,0.504346243682544,0.7542649983410723,0.7544263436945746,0.746890138160199,0.1149303094731869,0.02872094438359499,0.06851649020323719,0.1322938814079849,0.02908604113423391,0.0761835219666545,0.4039688164422395,0.2935377875136911,0.3691128148959474,0.2662414363335696,0.1942314713399051,0.2671291225508093
"s05_confirmation","Equal-AOP","CF10","CF",100,50000,2,236002,"all",249,400,50000,0.3333333333333332,0.3333333333333332,0.3333333333333332,0.3333333333333329,0.3333333333333329,0.3333333333333329,0.3333333333333329,0.3333333333333329,0.3333333333333329,16932,16434,16434,2153,490,1024,0.1271556815497283,0.02981623463551174,0.06230984544237556,0.2905740609496811,0.1837653644882561,0.2535596933187295,0.47639227870873,0.3526385233644179,0.4283031834267254,0.7064611252340715,0.6821329856871896,0.6847274897915973,0.1356012284431845,0.03748326639892905,0.06766459778507972,0.1187101346562721,0.02214920287209444,0.05695509309967142,0.3882589180250414,0.2496044785201412,0.3245710113179993,0.1928892038743208,0.1179262504563709,0.1825483753194597
"s05_confirmation","Equal-AOP","CF10","CF",100,50000,3,236003,"all",249,400,50000,0.3333333333333332,0.3333333333333332,0.3333333333333332,0.3333333333333329,0.3333333333333329,0.3333333333333329,0.3333333333333329,0.3333333333333329,0.3333333333333329,16932,16434,16434,2103,521,1149,0.124202693125443,0.03170256784714616,0.06991602774735305,0.3113040396881644,0.2090178897407813,0.3377753437994402,0.4945422349496729,0.3913962656015043,0.4971766830280228,0.6439149729885782,0.5892089877048852,0.6307002015571669,0.1235530356721002,0.03882195448460508,0.0725325544602653,0.1248523505787857,0.02458318120968724,0.0672995010344408,0.4273564847625798,0.285140562248996,0.4263113058293781,0.1952515946137491,0.1328952172325666,0.2492393817695022
"s05_confirmation","Equal-AOP","CF10","CF",100,50000,4,236004,"all",249,400,50000,0.3333333333333332,0.3333333333333332,0.3333333333333332,0.3333333333333329,0.3333333333333329,0.3333333333333329,0.3333333333333329,0.3333333333333329,0.3333333333333329,16932,16434,16434,3078,1098,2860,0.1817859673990078,0.06681270536692223,0.1740294511378849,0.5823293172690763,0.4693927224047706,0.6654496774978703,0.6845671396979546,0.5686963030647457,0.7517935258083772,0.5729661062576789,0.5322274981602109,0.5882009575448239,0.1765887077722655,0.06632590969940368,0.1694048922964586,0.1869832270257501,0.0672995010344408,0.1786540099793112,0.6469407039924403,0.5045637093829864,0.7170500182548375,0.5177179305457122,0.4342217354265547,0.613849336740903
"s05_confirmation","Equal-AOP","CF10","CF",100,50000,5,236005,"all",249,400,50000,0.3333333333333332,0.3333333333333332,0.3333333333333332,0.3333333333333329,0.3333333333333329,0.3333333333333329,0.3333333333333329,0.3333333333333329,0.3333333333333329,16932,16434,16434,2653,908,2003,0.1566855657925821,0.05525130826335645,0.1218814652549592,0.4617292700212615,0.3499452354874041,0.4963490324936108,0.5780375392770911,0.4671885174995204,0.6001831519472032,0.5796582303231638,0.5289698666020001,0.5764971680121086,0.1513111268603827,0.05829378118534745,0.1252281854691493,0.1620600047247815,0.05220883534136546,0.1185347450407691,0.5316560359083392,0.39527808202507,0.553364975051722,0.3918025041341838,0.3046123889497384,0.4393330899354996
"s05_confirmation","Equal-AOP","CF1","CF",100,50000,1,235101,"all",249,400,50000,0.3333333333333332,0.3333333333333332,0.3333333333333332,0.3333333333333329,0.3333333333333329,0.3333333333333329,0.3333333333333329,0.3333333333333329,0.3333333333333329,16932,16434,16434,1365,3060,2180,0.08061658398299079,0.1861993428258489,0.1326518193988074,0.2639971651311127,0.1605208713642449,0.2630522088353414,0.7826255057571313,0.7510101344259006,0.7750653678141767,0.5989653390969599,0.6432961894505218,0.6131159610942017,0.08634538152610442,0.2280637702324449,0.1917974930023123,0.07488778643987716,0.1443349154192528,0.07350614579530242,0.352586817859674,0.2818546914932457,0.3577948156261409,0.1754075124025514,0.03918705123524401,0.1683096020445418
"s05_confirmation","Equal-AOP","CF1","CF",100,50000,2,235102,"all",249,400,50000,0.3333333333333332,0.3333333333333332,0.3333333333333332,0.3333333333333329,0.3333333333333329,0.3333333333333329,0.3333333333333329,0.3333333333333329,0.3333333333333329,16932,16434,16434,1317,3000,1978,0.07778171509567683,0.1825483753194597,0.1203602287939637,0.2530120481927711,0.1483509796762809,0.2558111232810028,0.7808572552441634,0.7481286820730055,0.7764922045730112,0.6007810294830851,0.6450147776749721,0.6132422511421919,0.07973068745570518,0.2186929536327127,0.1687963977120604,0.07583274273564848,0.1464037970062066,0.0719240598758671,0.3287266713914481,0.2597054886211513,0.3472070098576123,0.177297424994094,0.03699647073141049,0.1644152367043933
"s05_confirmation","Equal-AOP","CF1","CF",100,50000,3,235103,"all",249,400,50000,0.3333333333333332,0.3333333333333332,0.3333333333333332,0.3333333333333329,0.3333333333333329,0.3333333333333329,0.3333333333333329,0.3333333333333329,0.3333333333333329,16932,16434,16434,1228,2531,1798,0.07252539570044886,0.1540099793111841,0.1094073262747962,0.2557287975431136,0.1274796154314227,0.2530728976512109,0.7798119869943189,0.739227473647735,0.77486835704309,0.6012730880035947,0.6458544138049419,0.6137394244624523,0.067446255610678,0.1683096020445418,0.1466471948399659,0.0776045357902197,0.1397103565778265,0.07216745770962639,0.3273092369477912,0.2195448460508702,0.3334550322502129,0.1841483581384361,0.03541438481197517,0.1726907630522088
"s05_confirmation","Equal-AOP","CF1","CF",100,50000,4,235104,"all",249,400,50000,0.3333333333333332,0.3333333333333332,0.3333333333333332,0.3333333333333329,0.3333333333333329,0.3333333333333329,0.3333333333333329,0.3333333333333329,0.3333333333333329,16932,16434,16434,1326,2876,2030,0.0783132530120482,0.175003042472922,0.1235244006328344,0.2652964800377983,0.1454910551296094,0.2615309723743459,0.7840340042714915,0.7452622877207907,0.7755585382385032,0.6008270016197835,0.6468861268210362,0.6151123428229718,0.08138436097330498,0.2126080077887307,0.1757332359741998,0.0752421450507914,0.1373980771571133,0.0713155652914689,0.3479801559177888,0.2575149081173178,0.3540221492028721,0.1826128041578077,0.03346720214190094,0.1690397955458196
"s05_confirmation","Equal-AOP","CF1","CF",100,50000,5,235105,"all",249,400,50000,0.3333333333333332,0.3333333333333332,0.3333333333333332,0.3333333333333329,0.3333333333333329,0.3333333333333329,0.3333333333333329,0.3333333333333329,0.3333333333333329,16932,16434,16434,1236,2395,1565,0.07299787384833452,0.1457344529633686,0.09522940245831812,0.2508268367587999,0.1134233905318243,0.2424850918826822,0.7775179531215921,0.7379802751066025,0.7710792431550443,0.6036541528971213,0.647420072650275,0.6144852647931136,0.06862745098039216,0.1472556894243641,0.1203602287939637,0.07736829671627687,0.1442132165023731,0.07009857612267251,0.3228206945428774,0.1903371059997566,0.3159303882195448,0.1788329789747224,0.03650967506389193,0.1690397955458196
"s05_confirmation","Equal-AOP","CF2","CF",100,50000,1,235201,"all",249,400,50000,0.3333333333333332,0.3333333333333332,0.3333333333333332,0.3333333333333329,0.3333333333333329,0.3333333333333329,0.3333333333333329,0.3333333333333329,0.3333333333333329,16932,16434,16434,1361,746,776,0.08038034490904795,0.04539369599610563,0.04721917974930023,0.7364162532482873,0.8246927102348789,0.8100279907508823,0.9886829703660313,0.9928112736593331,0.9915273096148555,0.7753290723070007,0.662014105808918,0.7252884522223363,0.0916607606898181,0.04928806133625411,0.0541560180114397,0.06909992912827782,0.04149933065595716,0.04028234148716076,0.8519962201748169,0.8912011683096021,0.8680783741024705,0.6208362863217576,0.7581842521601557,0.7519776073992942
"s05_confirmation","Equal-AOP","CF2","CF",100,50000,2,235202,"all",249,400,50000,0.3333333333333332,0.3333333333333332,0.3333333333333332,0.3333333333333329,0.3333333333333329,0.3333333333333329,0.3333333333333329,0.3333333333333329,0.3333333333333329,16932,16434,16434,1250,647,607,0.07382471060713441,0.03936959961056347,0.03693562127297067,0.798665249232223,0.8738590726542533,0.8487890957770475,0.991246292337952,0.9944591347145554,0.9929935151387536,0.745338552815124,0.640185173237798,0.7023380535518142,0.07984880699267659,0.03930875015212364,0.03833515881708652,0.06780061422159225,0.03943044906900329,0.03553608372885481,0.8840066146940704,0.9286844347085311,0.8769623950346842,0.7133238837703756,0.8190337105999757,0.820615796519411
"s05_confirmation","Equal-AOP","CF2","CF",100,50000,3,235203,"all",249,400,50000,0.3333333333333332,0.3333333333333332,0.3333333333333332,0.3333333333333329,0.3333333333333329,0.3333333333333329,0.3333333333333329,0.3333333333333329,0.3333333333333329,16932,16434,16434,1377,725,716,0.08132530120481928,0.04411585736886942,0.04356821224291104,0.7786439877155682,0.8577948156261409,0.824996957527078,0.9903325118571662,0.9937192042748348,0.992048578964796,0.745493418518852,0.641572842095408,0.7083517879635353,0.08906213087644696,0.04417670682730924,0.04551539491298527,0.07358847153319159,0.0440550079104296,0.0416210295728368,0.8653437278525868,0.9179749300231228,0.8695387611050261,0.6919442475785494,0.797614701229159,0.7804551539491299
"s05_confirmation","Equal-AOP","CF2","CF",100,50000,4,235204,"all",249,400,50000,0.3333333333333332,0.3333333333333332,0.3333333333333332,0.3333333333333329,0.3333333333333329,0.3333333333333329,0.3333333333333329,0.3333333333333329,0.3333333333333329,16932,16434,16434,1267,632,580,0.07482872667139145,0.03845685773396617,0.03529268589509554,0.776458776281597,0.8800048679566752,0.8390531824266764,0.9902973817351859,0.9946938567746457,0.9926169729556141,0.7467081382146507,0.6331221260558478,0.7005797040213595,0.0791400897708481,0.03797006206644761,0.03760496531580869,0.0705173635719348,0.03894365340148473,0.03298040647438238,0.8697141507205292,0.9274674455397347,0.8696604600219058,0.6832034018426648,0.8325422903736157,0.808445904831447
"s05_confirmation","Equal-AOP","CF2","CF",100,50000,5,235205,"all",249,400,50000,0.3333333333333332,0.3333333333333332,0.3333333333333332,0.3333333333333329,0.3333333333333329,0.3333333333333329,0.3333333333333329,0.3333333333333329,0.3333333333333329,16932,16434,16434,1325,595,615,0.07825419324356249,0.03620542777169283,0.03742241694048923,0.8211670210252776,0.872946330777656,0.8620542777169283,0.9922031261200531,0.994544508372283,0.9936671252038408,0.7286172085044808,0.6433992835589493,0.6892596261990206,0.08268367587999055,0.03784836314956797,0.03699647073141049,0.07382471060713441,0.03456249239381769,0.03784836314956797,0.8985353177415545,0.9008153827430936,0.8946087379822319,0.7437987243090007,0.8450772788122186,0.8294998174516247
"s05_confirmation","Equal-AOP","CF3","CF",100,50000,1,235301,"all",249,400,50000,0.3333333333333332,0.3333333333333332,0.3333333333333332,0.3333333333333329,0.3333333333333329,0.3333333333333329,0.3333333333333329,0.3333333333333329,0.3333333333333329,16932,16434,16434,1689,664,959,0.09975194897236003,0.04040404040404041,0.05835463064378727,0.969111741081975,0.9867348180601193,0.9661068516490203,0.9939968993712003,0.9978255785839332,0.9940421892346698,0.8609211235377798,0.7462438120385716,0.8167640723959044,0.09142452161587526,0.03857855665084581,0.05281732992576366,0.1080793763288448,0.042229524157235,0.06389193136181089,0.9737774627923459,0.9885603018133139,0.9654375076061823,0.964446019371604,0.9849093343069246,0.9667761956918584
"s05_confirmation","Equal-AOP","CF3","CF",100,50000,2,235302,"all",249,400,50000,0.3333333333333332,0.3333333333333332,0.3333333333333332,0.3333333333333329,0.3333333333333329,0.3333333333333329,0.3333333333333329,0.3333333333333329,0.3333333333333329,16932,16434,16434,1704,990,1579,0.1006378454996456,0.06024096385542169,0.0960812948764756,0.9429482636428065,0.9658634538152611,0.9413411220640137,0.9882689142231024,0.9937099715354635,0.9880218910057593,0.8799049300289828,0.7999913853264656,0.8642606045812483,0.09189699976376092,0.05780698551782889,0.0945600584154801,0.1093786912355304,0.06267494219301448,0.0976025313374711,0.9453106543822348,0.9676280881100158,0.9437751004016064,0.9405858729033783,0.9640988195205062,0.9389071437264208
"s05_confirmation","Equal-AOP","CF3","CF",100,50000,3,235303,"all",249,400,50000,0.3333333333333332,0.3333333333333332,0.3333333333333332,0.3333333333333329,0.3333333333333329,0.3333333333333329,0.3333333333333329,0.3333333333333329,0.3333333333333329,16932,16434,16434,1942,762,1173,0.114694070399244,0.04636728733114275,0.07137641474990873,0.9594849988188047,0.9706705610320068,0.9629426798101497,0.9917071784451366,0.996100044047962,0.9938793660511489,0.8601690511775285,0.7383553751812333,0.8040972891055113,0.1096149303094732,0.04636728733114275,0.07204575879274674,0.1197732104890149,0.04636728733114275,0.0707070707070707,0.9616111504842901,0.9744432274552757,0.9632469271023488,0.9573588471533192,0.966897894608738,0.9626384325179506
"s05_confirmation","Equal-AOP","CF3","CF",100,50000,4,235304,"all",249,400,50000,0.3333333333333332,0.3333333333333332,0.3333333333333332,0.3333333333333329,0.3333333333333329,0.3333333333333329,0.3333333333333329,0.3333333333333329,0.3333333333333329,16932,16434,16434,1896,743,1441,0.1119773210489015,0.04521114762078617,0.08768406961178045,0.9381644223954642,0.9448095411950833,0.9176098332724839,0.9879804769170282,0.9873753492385711,0.9837009095051085,0.8656965846516188,0.7402234733067752,0.8237007958367365,0.1085518544767304,0.04454180357794816,0.07800900571984909,0.1154027876210725,0.04588049166362419,0.09735913350371182,0.9528703047484054,0.953024218084459,0.9365948643057077,0.923458540042523,0.9365948643057077,0.8986248022392601
"s05_confirmation","Equal-AOP","CF3","CF",100,50000,5,235305,"all",249,400,50000,0.3333333333333332,0.3333333333333332,0.3333333333333332,0.3333333333333329,0.3333333333333329,0.3333333333333329,0.3333333333333329,0.3333333333333329,0.3333333333333329,16932,16434,16434,2512,787,2238,0.1483581384360973,0.04788852379213825,0.1361810879883169,0.9267068273092369,0.9440793476938055,0.9101861993428259,0.9854959584137255,0.9896148055418089,0.9846018956373065,0.8794101546056473,0.748784332836349,0.8428965979549363,0.1409166076068982,0.045271997079226,0.1304612388949738,0.1557996692652965,0.0505050505050505,0.14190093708166,0.9329081030002362,0.9496166484118291,0.9215041986126323,0.9205055516182377,0.9385420469757819,0.8988682000730194
"s05_confirmation","Equal-AOP","CF4","CF",100,50000,1,235401,"all",249,400,50000,0.3333333333333332,0.3333333333333332,0.3333333333333332,0.3333333333333329,0.3333333333333329,0.3333333333333329,0.3333333333333329,0.3333333333333329,0.3333333333333329,16932,16434,16434,1476,540,666,0.08717221828490432,0.03285870755750274,0.04052573932092005,0.763938105362627,0.7948764755993671,0.8096628940002434,0.9894545622600945,0.9912516962001033,0.991649505418392,0.8345618377980397,0.7125754869744676,0.7705869055790446,0.0823293172690763,0.03018133138615066,0.04040404040404041,0.09201511930073233,0.03553608372885481,0.04064743823779968,0.854004252303331,0.8291347207009858,0.8593160520871365,0.6738719584219229,0.7606182304977486,0.7600097359133504
"s05_confirmation","Equal-AOP","CF4","CF",100,50000,2,235402,"all",249,400,50000,0.3333333333333332,0.3333333333333332,0.3333333333333332,0.3333333333333329,0.3333333333333329,0.3333333333333329,0.3333333333333329,0.3333333333333329,0.3333333333333329,16932,16434,16434,1744,654,1185,0.1030002362390739,0.0397955458196422,0.07210660825118656,0.7899244034963383,0.8088718510405257,0.8020567116952659,0.990445844508278,0.9914195239567388,0.9909325257050962,0.8686629526139787,0.7085347147631752,0.7999691041823889,0.1039451925348453,0.03821345990020689,0.0761835219666545,0.1020552799433026,0.04137763173907752,0.06802969453571864,0.89983463264824,0.8656443957648777,0.8752586101983693,0.6800141743444366,0.7520993063161738,0.7288548131921626
"s05_confirmation","Equal-AOP","CF4","CF",100,50000,3,235403,"all",249,400,50000,0.3333333333333332,0.3333333333333332,0.3333333333333332,0.3333333333333329,0.3333333333333329,0.3333333333333329,0.3333333333333329,0.3333333333333329,0.3333333333333329,16932,16434,16434,1681,594,733,0.09927947082447437,0.03614457831325301,0.04460265303638798,0.7977202929364516,0.8060119264938542,0.8223804308141658,0.9904937468051096,0.9910134846007216,0.9917086608482368,0.8420439837022744,0.7240616458141294,0.7811259602940102,0.09662178124261753,0.03675307289765121,0.04454180357794816,0.1019371604063312,0.03553608372885481,0.0446635024948278,0.8871958421922986,0.8477546549835706,0.8762322015334063,0.7082447436806047,0.7642691980041377,0.7685286600949252
"s05_confirmation","Equal-AOP","CF4","CF",100,50000,4,235404,"all",249,400,50000,0.3333333333333332,0.3333333333333332,0.3333333333333332,0.3333333333333329,0.3333333333333329,0.3333333333333329,0.3333333333333329,0.3333333333333329,0.3333333333333329,16932,16434,16434,1467,540,648,0.08664068036853295,0.03285870755750274,0.03943044906900329,0.7915780770139381,0.7765607886089814,0.8077765607886089,0.9912823306998552,0.9911947179107153,0.9923236180435254,0.8280251762204024,0.6987779235097448,0.7620422373383395,0.0783132530120482,0.03103322380430814,0.03821345990020689,0.09496810772501772,0.03468419131069733,0.04064743823779968,0.881053626269785,0.8130704636728733,0.8551782889132287,0.7021025277580912,0.7400511135450895,0.7603748326639893
"s05_confirmation","Equal-AOP","CF4","CF",100,50000,5,235405,"all",249,400,50000,0.3333333333333332,0.3333333333333332,0.3333333333333332,0.3333333333333329,0.3333333333333329,0.3333333333333329,0.3333333333333329,0.3333333333333329,0.3333333333333329,16932,16434,16434,1646,684,915,0.0972123789274746,0.0416210295728368,0.0556772544724352,0.852173399480274,0.833455032250213,0.8390531824266764,0.993883074842568,0.9932548031076772,0.9934970064133708,0.8612388239199144,0.7128619955228102,0.7919422565963146,0.0909520434679896,0.03870025556772545,0.0541560180114397,0.1034727143869596,0.04454180357794816,0.05719849093343069,0.9223954642097802,0.8808567603748326,0.8902275769745649,0.7819513347507677,0.7860533041255933,0.7878787878787878
"s05_confirmation","Equal-AOP","CF5","CF",100,50000,1,235501,"all",249,400,50000,0.3333333333333332,0.3333333333333332,0.3333333333333332,0.3333333333333329,0.3333333333333329,0.3333333333333329,0.3333333333333329,0.3333333333333329,0.3333333333333329,16932,16434,16434,1704,784,1237,0.1006378454996456,0.04770597541681879,0.07527078009005719,0.896999763760926,0.8978337592795425,0.9124376293050992,0.9746627171577007,0.976508120998869,0.9759878284081273,0.7555365650705415,0.6965496196017494,0.7506764624575536,0.1006378454996456,0.04734087866617987,0.06985517828891323,0.1006378454996456,0.04807107216745771,0.08068638189120117,0.9369241672572644,0.9166362419374467,0.9364731653888281,0.8570753602645877,0.879031276621638,0.8884020932213703
"s05_confirmation","Equal-AOP","CF5","CF",100,50000,2,235502,"all",249,400,50000,0.3333333333333332,0.3333333333333332,0.3333333333333332,0.3333333333333329,0.3333333333333329,0.3333333333333329,0.3333333333333329,0.3333333333333329,0.3333333333333329,16932,16434,16434,1631,894,1199,0.096326482400189,0.05439941584519898,0.07295850066934405,0.8750885896527285,0.815869538761105,0.8631495679688451,0.9823321811073559,0.9527202137970832,0.9676305056421225,0.7644574620233798,0.6963702012101977,0.7538778903995813,0.09744861800141744,0.05318242667640258,0.07241085554338567,0.09520434679896055,0.05561640501399538,0.07350614579530242,0.8906213087644697,0.8220761835219667,0.8626019228428867,0.8595558705409875,0.8096628940002434,0.8636972130948034
"s05_confirmation","Equal-AOP","CF5","CF",100,50000,3,235503,"all",249,400,50000,0.3333333333333332,0.3333333333333332,0.3333333333333332,0.3333333333333329,0.3333333333333329,0.3333333333333329,0.3333333333333329,0.3333333333333329,0.3333333333333329,16932,16434,16434,1576,769,1174,0.09307819513347508,0.04679323354022149,0.07143726420834855,0.9602527758091188,0.9250334672021419,0.952050626749422,0.9935696887059701,0.9842142130146873,0.9894860894169757,0.7557238322732195,0.7210635364874439,0.7806000659194045,0.09532246633593196,0.04636728733114275,0.07326274796154314,0.09083392393101819,0.04721917974930023,0.06961178045515395,0.9663359319631467,0.9285627357916515,0.9532676159182183,0.954169619655091,0.9215041986126323,0.9508336375806256
"s05_confirmation","Equal-AOP","CF5","CF",100,50000,4,235504,"all",249,400,50000,0.3333333333333332,0.3333333333333332,0.3333333333333332,0.3333333333333329,0.3333333333333329,0.3333333333333329,0.3333333333333329,0.3333333333333329,0.3333333333333329,16932,16434,16434,1600,746,1193,0.09449562957713206,0.04539369599610563,0.07259340391870513,0.9111150484290101,0.8615066325909699,0.9123767798466593,0.9893573442254618,0.9812647917931852,0.9828484663407706,0.7531390289384505,0.7045489201470563,0.7613695465682079,0.09378691235530356,0.045271997079226,0.0719240598758671,0.09520434679896055,0.04551539491298527,0.07326274796154314,0.9486180014174345,0.8783010831203603,0.9328221978824388,0.8736120954405858,0.8447121820615796,0.8919313618108798
"s05_confirmation","Equal-AOP","CF5","CF",100,50000,5,235505,"all",249,400,50000,0.3333333333333332,0.3333333333333332,0.3333333333333332,0.3333333333333329,0.3333333333333329,0.3333333333333329,0.3333333333333329,0.3333333333333329,0.3333333333333329,16932,16434,16434,1620,601,1000,0.09567682494684621,0.03657052452233175,0.06084945843981988,0.9847035199622017,0.9783375927954241,0.9796154314226604,0.9961029912098194,0.9927767599396465,0.993829633117071,0.7434870966177808,0.6883734801002951,0.7340428780332225,0.09709425939050319,0.03322380430814166,0.05987586710478277,0.09425939050318922,0.03991724473652185,0.061823049774857,0.9939759036144579,0.9892904953145917,0.990872581234027,0.9754311363099457,0.9673846902762565,0.9683582816112937
"s05_confirmation","Equal-AOP","CF6","CF",100,50000,1,235601,"all",249,400,50000,0.3333333333333332,0.3333333333333332,0.3333333333333332,0.3333333333333329,0.3333333333333329,0.3333333333333329,0.3333333333333329,0.3333333333333329,0.3333333333333329,16932,16434,16434,1451,586,1076,0.08569572407276163,0.03565778264573445,0.0654740172812462,0.8392393101819041,0.8074723134964099,0.8451381282706584,0.9662515769870903,0.9506068543706158,0.960836142348768,0.7506437940008622,0.7175618915967719,0.7384592336602676,0.09225135837467517,0.03711816964829013,0.06389193136181089,0.0791400897708481,0.03419739564317877,0.06705610320068152,0.8942830144105836,0.8605330412559328,0.8774491907022027,0.7841956059532247,0.7544115857368869,0.812827065839114
"s05_confirmation","Equal-AOP","CF6","CF",100,50000,2,235602,"all",249,400,50000,0.3333333333333332,0.3333333333333332,0.3333333333333332,0.3333333333333329,0.3333333333333329,0.3333333333333329,0.3333333333333329,0.3333333333333329,0.3333333333333329,16932,16434,16434,1387,554,986,0.08191589888967635,0.03371059997566021,0.05999756602166241,0.8326246161115048,0.8642448582207618,0.874650115613971,0.9602526930239639,0.9688489636475962,0.9701296004328203,0.7428880378693252,0.6967574462407358,0.7300274073802471,0.08362863217576187,0.0327370086406231,0.06450042594620908,0.08020316560359084,0.03468419131069733,0.05549470609711574,0.8947554925584692,0.8950955336497505,0.9118899841791408,0.7704937396645405,0.8333941827917731,0.8374102470488013
"s05_confirmation","Equal-AOP","CF6","CF",100,50000,3,235603,"all",249,400,50000,0.3333333333333332,0.3333333333333332,0.3333333333333332,0.3333333333333329,0.3333333333333329,0.3333333333333329,0.3333333333333329,0.3333333333333329,0.3333333333333329,16932,16434,16434,1480,587,955,0.08740845735884716,0.03571863210417427,0.05811123281002799,0.8046893456177652,0.8834124376293051,0.8664962881830351,0.9522085222841963,0.978221910249362,0.9698082787023415,0.7315776167986164,0.6966859230191855,0.7181992143011997,0.08599102291519017,0.03480589022757698,0.05999756602166241,0.08882589180250414,0.03663137398077157,0.05622489959839357,0.8655799669265296,0.9053182426676403,0.9017889740781307,0.7437987243090007,0.8615066325909699,0.8312036022879397
"s05_confirmation","Equal-AOP","CF6","CF",100,50000,4,235604,"all",249,400,50000,0.3333333333333332,0.3333333333333332,0.3333333333333332,0.3333333333333329,0.3333333333333329,0.3333333333333329,0.3333333333333329,0.3333333333333329,0.3333333333333329,16932,16434,16434,1411,526,929,0.08333333333333333,0.03200681513934526,0.05652914689059267,0.7868532955350815,0.8146525495923086,0.8267615918218327,0.9478914482158721,0.9603134474144632,0.9595123194696487,0.7394922781177824,0.7032431589291882,0.730912980073039,0.08351051263879046,0.03042472921990994,0.06133625410733844,0.08315615402787621,0.03358890105878058,0.0517220396738469,0.8554216867469879,0.8391140318851162,0.8643057076792017,0.718284904323175,0.7901910672995011,0.7892174759644639
"s05_confirmation","Equal-AOP","CF6","CF",100,50000,5,235605,"all",249,400,50000,0.3333333333333332,0.3333333333333332,0.3333333333333332,0.3333333333333329,0.3333333333333329,0.3333333333333329,0.3333333333333329,0.3333333333333329,0.3333333333333329,16932,16434,16434,1382,573,958,0.08162060004724782,0.03486673968601679,0.05829378118534745,0.8227616347743917,0.8000486795667519,0.8431909456005842,0.9641775475187818,0.9483373184842488,0.9619083447096269,0.7187946826819146,0.6765360095032521,0.704367098968257,0.08551854476730451,0.03748326639892905,0.06097115735669952,0.07772265532719112,0.03225021297310454,0.05561640501399538,0.9120009449562958,0.8240233661920409,0.8774491907022027,0.7335223245924876,0.7760739929414628,0.8089327004989656
"s05_confirmation","Equal-AOP","CF7","CF",100,50000,1,235701,"all",249,400,50000,0.3333333333333332,0.3333333333333332,0.3333333333333332,0.3333333333333329,0.3333333333333329,0.3333333333333329,0.3333333333333329,0.3333333333333329,0.3333333333333329,16932,16434,16434,1808,873,1049,0.1067800614221592,0.05312157721796276,0.06383108190337106,0.7089534609024333,0.6391018619934282,0.6914323962516734,0.9090531286893058,0.844110153937465,0.8780120318037766,0.8339289161127338,0.6946449842714881,0.7687965248972272,0.1054807465154737,0.05038335158817087,0.06206644760861629,0.1080793763288448,0.05585980284775466,0.06559571619812583,0.7932908103000236,0.7015942558111233,0.7438237799683582,0.6246161115048429,0.5766094681757332,0.6390410125349885
"s05_confirmation","Equal-AOP","CF7","CF",100,50000,2,235702,"all",249,400,50000,0.3333333333333332,0.3333333333333332,0.3333333333333332,0.3333333333333329,0.3333333333333329,0.3333333333333329,0.3333333333333329,0.3333333333333329,0.3333333333333329,16932,16434,16434,1377,887,1322,0.08132530120481928,0.05397346963612024,0.08044298405744189,0.9238128986534373,0.9047705975416819,0.9487039065352318,0.9770637967800354,0.967788847685203,0.9846822312999316,0.833815084346997,0.8525628399291287,0.8953579531393735,0.08398299078667612,0.05184373859072654,0.08312036022879396,0.07866761162296244,0.05610320068151393,0.07776560788608981,0.9397590361445783,0.91554095168553,0.9611780455153949,0.9078667611622963,0.8940002433978338,0.9362297675550688
"s05_confirmation","Equal-AOP","CF7","CF",100,50000,3,235703,"all",249,400,50000,0.3333333333333332,0.3333333333333332,0.3333333333333332,0.3333333333333329,0.3333333333333329,0.3333333333333329,0.3333333333333329,0.3333333333333329,0.3333333333333329,16932,16434,16434,1547,779,1300,0.09136546184738956,0.04740172812461969,0.07910429597176585,0.8170328372312781,0.4493124011196301,0.6907022027503955,0.9477828474986081,0.7817591534331324,0.8638834479556111,0.8459586057786637,0.6366868954437865,0.7707161141748475,0.09603118355776046,0.0446635024948278,0.07727881221857126,0.08669974013701866,0.05013995375441158,0.08092977972496045,0.9051500118119536,0.4842399902640867,0.7441888767189972,0.7289156626506024,0.4143848119751734,0.6372155287817939
"s05_confirmation","Equal-AOP","CF7","CF",100,50000,4,235704,"all",249,400,50000,0.3333333333333332,0.3333333333333332,0.3333333333333332,0.3333333333333329,0.3333333333333329,0.3333333333333329,0.3333333333333329,0.3333333333333329,0.3333333333333329,16932,16434,16434,1588,1031,1267,0.09378691235530356,0.06273579165145431,0.0770962638432518,0.8002598629813371,0.6712912255080929,0.8039430449069004,0.9545071141428647,0.8960829121860655,0.9436777421126661,0.8058122485600159,0.7719566063604751,0.802020727729884,0.09047956532010394,0.05938907143726421,0.07594012413289522,0.09709425939050319,0.0660825118656444,0.07825240355360838,0.8444365698086463,0.6852866009492515,0.8257271510283558,0.7560831561540279,0.6572958500669344,0.7821589387854448
"s05_confirmation","Equal-AOP","CF7","CF",100,50000,5,235705,"all",249,400,50000,0.3333333333333332,0.3333333333333332,0.3333333333333332,0.3333333333333329,0.3333333333333329,0.3333333333333329,0.3333333333333329,0.3333333333333329,0.3333333333333329,16932,16434,16434,1914,988,1422,0.1130403968816442,0.06011926493854205,0.08652792990142388,0.8407158043940468,0.8433126445174638,0.838870634051357,0.9411644454370622,0.9553681232792468,0.9411346791089049,0.8099229717169404,0.7676560656495429,0.7983365256298248,0.1138672336404441,0.05683339418279177,0.08263356456127541,0.1122135601228443,0.06340513569429232,0.09042229524157235,0.8579021970233877,0.8486065474017281,0.8471461603991725,0.8235294117647058,0.8380187416331994,0.8305951077035414
"s05_confirmation","Equal-AOP","CF8","CF",100,50000,1,235801,"all",249,400,50000,0.3333333333333332,0.3333333333333332,0.3333333333333332,0.3333333333333329,0.3333333333333329,0.3333333333333329,0.3333333333333329,0.3333333333333329,0.3333333333333329,16932,16434,16434,1797,645,1008,0.1061304039688164,0.03924790069368383,0.06133625410733844,0.4228679423576659,0.368565169769989,0.3925398563952781,0.573310945835056,0.5359742892776034,0.5471990432199227,0.7443876632346049,0.7485437446841828,0.7297434200211064,0.09154264115284669,0.0321285140562249,0.05160034075696726,0.1207181667847862,0.04636728733114275,0.07107216745770963,0.4970470115757146,0.4399415845198978,0.4529633686260192,0.3486888731396173,0.2971887550200803,0.3321163441645369
"s05_confirmation","Equal-AOP","CF8","CF",100,50000,2,235802,"all",249,400,50000,0.3333333333333332,0.3333333333333332,0.3333333333333332,0.3333333333333329,0.3333333333333329,0.3333333333333329,0.3333333333333329,0.3333333333333329,0.3333333333333329,16932,16434,16434,1962,575,1116,0.1158752657689582,0.03498843860289643,0.06790799561883899,0.4186746987951807,0.3835949860046245,0.3838992332968237,0.5582874092611828,0.5244860698694506,0.5232577899137094,0.7636354712086549,0.7547223011079393,0.7403767608224721,0.1058351051263879,0.03468419131069733,0.05732018985031033,0.1259154264115285,0.03529268589509554,0.07849580138736766,0.5070871722182849,0.4730436899111598,0.4555190458804917,0.3302622253720766,0.2941462820980894,0.3122794207131557
"s05_confirmation","Equal-AOP","CF8","CF",100,50000,3,235803,"all",249,400,50000,0.3333333333333332,0.3333333333333332,0.3333333333333332,0.3333333333333329,0.3333333333333329,0.3333333333333329,0.3333333333333329,0.3333333333333329,0.3333333333333329,16932,16434,16434,2010,604,1041,0.1187101346562721,0.03675307289765121,0.0633442862358525,0.398417198204583,0.322623828647925,0.345624923938177,0.5484166867369393,0.4774436521289572,0.4960466643489458,0.7624321859624315,0.7523112451361876,0.7372775685951999,0.1030002362390739,0.02823414871607643,0.05646829743215286,0.1344200330734704,0.045271997079226,0.07022027503955215,0.482636428065202,0.3855421686746988,0.399659243032737,0.3141979683439641,0.2597054886211513,0.2915906048436169
"s05_confirmation","Equal-AOP","CF8","CF",100,50000,4,235804,"all",249,400,50000,0.3333333333333332,0.3333333333333332,0.3333333333333332,0.3333333333333329,0.3333333333333329,0.3333333333333329,0.3333333333333329,0.3333333333333329,0.3333333333333329,16932,16434,16434,2738,1172,1916,0.1617056461138672,0.0713155652914689,0.1165875623706949,0.6342428537680133,0.5759401241328952,0.6101983692345138,0.7119842675560017,0.6473553931688082,0.6856196090908018,0.6425146240160255,0.6328031155124481,0.6366071409794554,0.1539097566737538,0.06583911403188511,0.1041742728489716,0.1695015355539806,0.07679201655105269,0.1290008518924182,0.6990314197968344,0.6372155287817939,0.6652062796641109,0.569454287739192,0.5146647194839966,0.5551904588049167
"s05_confirmation","Equal-AOP","CF8","CF",100,50000,5,235805,"all",249,400,50000,0.3333333333333332,0.3333333333333332,0.3333333333333332,0.3333333333333329,0.3333333333333329,0.3333333333333329,0.3333333333333329,0.3333333333333329,0.3333333333333329,16932,16434,16434,1697,594,995,0.1002244271202457,0.03614457831325301,0.06054521114762079,0.4590715804394047,0.4351953267615918,0.4106729950103444,0.585376911063535,0.5691657442719252,0.5433168118740159,0.735384662588553,0.7354658159452285,0.7185050013427531,0.09449562957713206,0.0303030303030303,0.05488621151271754,0.1059532246633593,0.04198612632347572,0.06620421078252403,0.5259862981337113,0.5080929779724961,0.4679323354022149,0.392156862745098,0.3622976755506876,0.3534136546184739
"s05_confirmation","Equal-AOP","CF9","CF",100,50000,1,235901,"all",249,400,50000,0.3333333333333332,0.3333333333333332,0.3333333333333332,0.3333333333333329,0.3333333333333329,0.3333333333333329,0.3333333333333329,0.3333333333333329,0.3333333333333329,16932,16434,16434,1993,735,1012,0.1177061185920151,0.04472435195326761,0.06157965194109773,0.5497283250649657,0.5087623220153341,0.523305342582451,0.6893253222603907,0.6592948809243671,0.6667964698925363,0.7579407699189827,0.7636976343506856,0.7464366245019538,0.1085518544767304,0.03772666423268833,0.05646829743215286,0.1268603827072998,0.0517220396738469,0.0666910064500426,0.6059532246633593,0.5414384811975174,0.5508092977972496,0.4935034254665722,0.4760861628331508,0.4958013873676524
"s05_confirmation","Equal-AOP","CF9","CF",100,50000,2,235902,"all",249,400,50000,0.3333333333333332,0.3333333333333332,0.3333333333333332,0.3333333333333329,0.3333333333333329,0.3333333333333329,0.3333333333333329,0.3333333333333329,0.3333333333333329,16932,16434,16434,1894,693,998,0.1118592015119301,0.04216867469879518,0.06072775952294025,0.5489605480746516,0.4974443227455276,0.5073019350127784,0.6905507613160773,0.6572393858660291,0.6595791762247056,0.7583951749939869,0.7588543862149373,0.7419529522845885,0.1030002362390739,0.03918705123524401,0.05427771692831933,0.1207181667847862,0.04515029816234636,0.06717780211756115,0.5942593905031892,0.515516611902154,0.5347450407691372,0.5036617056461139,0.4793720335889011,0.4798588292564196
"s05_confirmation","Equal-AOP","CF9","CF",100,50000,3,235903,"all",249,400,50000,0.3333333333333332,0.3333333333333332,0.3333333333333332,0.3333333333333329,0.3333333333333329,0.3333333333333329,0.3333333333333329,0.3333333333333329,0.3333333333333329,16932,16434,16434,1874,643,1044,0.1106780061422159,0.03912620177680419,0.06352683461117196,0.5516772974249941,0.5132043324814409,0.5237921382499696,0.6950766971632725,0.6715485373549636,0.6716477966042828,0.7594938220544921,0.7617512917527967,0.7446388507496784,0.1007559650366171,0.02920774005111355,0.05683339418279177,0.1206000472478148,0.04904466350249483,0.07022027503955215,0.5988660524450744,0.5387611050261653,0.5508092977972496,0.5044885424049138,0.4876475599367165,0.4967749787026896
"s05_confirmation","Equal-AOP","CF9","CF",100,50000,4,235904,"all",249,400,50000,0.3333333333333332,0.3333333333333332,0.3333333333333332,0.3333333333333329,0.3333333333333329,0.3333333333333329,0.3333333333333329,0.3333333333333329,0.3333333333333329,16932,16434,16434,1840,661,999,0.1086699740137019,0.04022149202872095,0.06078860898138007,0.5562839593668792,0.506084945843982,0.5197760739929415,0.6967090097441629,0.6617938474890849,0.6664909909415602,0.7630733191246708,0.7633871923220709,0.7482253830466093,0.09803921568627451,0.03797006206644761,0.05585980284775466,0.1193007323411292,0.04247292199099428,0.06571741511500548,0.5939050318922749,0.5332846537665815,0.5357186321041743,0.5186628868414835,0.4788852379213825,0.5038335158817087
"s05_confirmation","Equal-AOP","CF9","CF",100,50000,5,235905,"all",249,400,50000,0.3333333333333332,0.3333333333333332,0.3333333333333332,0.3333333333333329,0.3333333333333329,0.3333333333333329,0.3333333333333329,0.3333333333333329,0.3333333333333329,16932,16434,16434,2075,780,1157,0.1225490196078431,0.04746257758305951,0.07040282341487161,0.5494920859910229,0.4779724960447852,0.5172812461969089,0.6955518085246708,0.642866029893809,0.6679428939276461,0.7614453056455205,0.7614161135033407,0.7484258380285502,0.1118592015119301,0.03955214798588293,0.06316173786053304,0.1332388377037562,0.0553730071802361,0.07764390896921017,0.595913064020789,0.5012778386272362,0.5402214920287209,0.5030711079612568,0.4546671534623342,0.4943410003650968
"s05_confirmation","Equal-AOP","DASCMOP1","DAS-CMOP",100,50000,1,237501,"all",249,400,50000,0.3333333333333332,0.3333333333333332,0.3333333333333332,0.3333333333333329,0.3333333333333329,0.3333333333333329,0.3333333333333329,0.3333333333333329,0.3333333333333329,16932,16434,16434,1480,1506,1231,0.08740845735884716,0.09163928441036875,0.07490568333941829,0.2198204583038035,0.2158330290860411,0.2145551904588049,0.7283219755502996,0.7932057633841014,0.7622324473739467,0.7841308666470779,0.8343117908582335,0.7983566106658345,0.06165839829907867,0.03419739564317877,0.0416210295728368,0.1131585164186156,0.1490811731775587,0.1081903371059998,0.3692416725726435,0.4058658877935986,0.3643665571376415,0.07039924403496338,0.02580017037848363,0.06474382377996836
"s05_confirmation","Equal-AOP","DASCMOP1","DAS-CMOP",100,50000,2,237502,"all",249,400,50000,0.3333333333333332,0.3333333333333332,0.3333333333333332,0.3333333333333329,0.3333333333333329,0.3333333333333329,0.3333333333333329,0.3333333333333329,0.3333333333333329,16932,16434,16434,1824,1500,1456,0.1077250177179305,0.09127418765972983,0.08859681148837775,0.2334632648240019,0.2116952659121334,0.2177193622976756,0.7470834101182143,0.7926941639505887,0.7607204931266025,0.7724126716287972,0.7945896140714944,0.7675082832212051,0.05823293172690763,0.03054642813678958,0.04016064257028112,0.1572171037089534,0.1520019471826701,0.1370329804064744,0.4025513819985826,0.3907752221005233,0.371303395399781,0.06437514764942122,0.03261530972374346,0.06413532919557016
"s05_confirmation","Equal-AOP","DASCMOP1","DAS-CMOP",100,50000,3,237503,"all",249,400,50000,0.3333333333333332,0.3333333333333332,0.3333333333333332,0.3333333333333329,0.3333333333333329,0.3333333333333329,0.3333333333333329,0.3333333333333329,0.3333333333333329,16932,16434,16434,1154,1478,1120,0.0681549728325065,0.08993549957405379,0.06815139345259827,0.1694424757854949,0.1873554825362054,0.1765851283923573,0.6354046400795685,0.773139566696217,0.7091097634354296,0.7854314751463337,0.8845032728360664,0.8309029965865528,0.05634301913536499,0.03845685773396617,0.0440550079104296,0.079966926529648,0.1414141414141414,0.09224777899476695,0.2602173399480274,0.3418522575149081,0.2779603261530972,0.07866761162296244,0.03285870755750274,0.07520993063161738
"s05_confirmation","Equal-AOP","DASCMOP1","DAS-CMOP",100,50000,4,237504,"all",249,400,50000,0.3333333333333332,0.3333333333333332,0.3333333333333332,0.3333333333333329,0.3333333333333329,0.3333333333333329,0.3333333333333329,0.3333333333333329,0.3333333333333329,16932,16434,16434,1614,1360,1364,0.09532246633593196,0.08275526347815504,0.08299866131191433,0.2386605244507441,0.2289156626506024,0.235487404162103,0.7565953002483827,0.8012137584905661,0.7804153110689525,0.7828121712963713,0.8096556440611991,0.7845041196382263,0.05457122608079376,0.02738225629791895,0.03955214798588293,0.1360737065910702,0.1381282706583911,0.1264451746379457,0.4112922277344673,0.4269198004137763,0.4061092856273579,0.06602882116702102,0.0309115248874285,0.064865522696848
"s05_confirmation","Equal-AOP","DASCMOP1","DAS-CMOP",100,50000,5,237505,"all",249,400,50000,0.3333333333333332,0.3333333333333332,0.3333333333333332,0.3333333333333329,0.3333333333333329,0.3333333333333329,0.3333333333333329,0.3333333333333329,0.3333333333333329,16932,16434,16434,1729,1458,1442,0.1021143397117883,0.0887185104052574,0.08774491907022028,0.2208244743680605,0.2243519532676159,0.2206401363027869,0.7305315422413996,0.7932503420101502,0.7629620501701746,0.773148001950787,0.8055530038485101,0.7792598041375347,0.05362626978502244,0.02811244979919679,0.04210782524035536,0.1506024096385542,0.149324571011318,0.1333820129000852,0.3757382471060713,0.420956553486674,0.3795789217475964,0.06591070163004961,0.02774735304855787,0.06170135085797736
"s05_confirmation","Equal-AOP","DASCMOP2","DAS-CMOP",100,50000,1,237601,"all",249,400,50000,0.3333333333333332,0.3333333333333332,0.3333333333333332,0.3333333333333329,0.3333333333333329,0.3333333333333329,0.3333333333333329,0.3333333333333329,0.3333333333333329,16932,16434,16434,1245,1407,1241,0.07352941176470588,0.08561518802482658,0.07551417792381648,0.2127332860855186,0.2313496409881952,0.2241694048922964,0.6635129791643564,0.8002927878279512,0.7400910199304893,0.7732341843915782,0.8452651760610077,0.8005195880107588,0.04488542404913773,0.02470488012656687,0.02945113788487282,0.102173399480274,0.1465254959230863,0.1215772179627601,0.3379399952752185,0.4019715224534502,0.3609589874650115,0.08752657689581857,0.06072775952294025,0.08737982231958136
"s05_confirmation","Equal-AOP","DASCMOP2","DAS-CMOP",100,50000,2,237602,"all",249,400,50000,0.3333333333333332,0.3333333333333332,0.3333333333333332,0.3333333333333329,0.3333333333333329,0.3333333333333329,0.3333333333333329,0.3333333333333329,0.3333333333333329,16932,16434,16434,1673,1447,1471,0.09880699267658871,0.08804916636241937,0.08950955336497506,0.2234821639499173,0.2267250821467689,0.2342704149933066,0.6982169056755192,0.7971988999746916,0.7574960063068558,0.7687922905454201,0.8130930630318766,0.7776941313063048,0.05031892274982282,0.02470488012656687,0.03066812705366922,0.1472950626033546,0.1513934525982719,0.1483509796762809,0.3805811481218994,0.4106121455519046,0.3944261896069125,0.06638317977793527,0.0428380187416332,0.07411464037970063
"s05_confirmation","Equal-AOP","DASCMOP2","DAS-CMOP",100,50000,3,237603,"all",249,400,50000,0.3333333333333332,0.3333333333333332,0.3333333333333332,0.3333333333333329,0.3333333333333329,0.3333333333333329,0.3333333333333329,0.3333333333333329,0.3333333333333329,16932,16434,16434,1402,1369,1295,0.08280179541696196,0.08330290860411342,0.07880004867956675,0.2097802976612332,0.2389558232931727,0.2306802969453572,0.6546090125808139,0.7980214145594287,0.7356667817775431,0.7745464982373756,0.8429282843083699,0.7998254568088691,0.04890148830616584,0.02628696604600219,0.03066812705366922,0.1167021025277581,0.1403188511622246,0.1269319703054643,0.3322702575005906,0.4143848119751734,0.3720335889010588,0.08729033782187574,0.06352683461117196,0.0893270049896556
"s05_confirmation","Equal-AOP","DASCMOP2","DAS-CMOP",100,50000,4,237604,"all",249,400,50000,0.3333333333333332,0.3333333333333332,0.3333333333333332,0.3333333333333329,0.3333333333333329,0.3333333333333329,0.3333333333333329,0.3333333333333329,0.3333333333333329,16932,16434,16434,1718,1486,1500,0.1014646822584455,0.09042229524157235,0.09127418765972983,0.246161115048429,0.2440671778021176,0.2503955214798588,0.7253514307202146,0.8052522587611146,0.7761761385527692,0.7616235961766185,0.7957916622326054,0.7685308684957024,0.04642097802976612,0.02239260070585372,0.03164171838870634,0.156508386487125,0.158451989777291,0.1509066569307533,0.4196787148594378,0.4392113910186199,0.4252160155774614,0.07264351523742027,0.04892296458561519,0.0755750273822563
"s05_confirmation","Equal-AOP","DASCMOP2","DAS-CMOP",100,50000,5,237605,"all",249,400,50000,0.3333333333333332,0.3333333333333332,0.3333333333333332,0.3333333333333329,0.3333333333333329,0.3333333333333329,0.3333333333333329,0.3333333333333329,0.3333333333333329,16932,16434,16434,1596,1396,1355,0.09425939050318922,0.08494584398198857,0.08245101618595595,0.2303330970942594,0.2330534258245102,0.2343921139101862,0.6999197691667518,0.7995360156919601,0.7589342108907747,0.76975544891098,0.8162209303867317,0.7807775486894762,0.0478384124734231,0.02336619204089084,0.02932943896799318,0.1406803685329553,0.1465254959230863,0.1355725934039187,0.3854240491377274,0.4173055859802848,0.3916271145186808,0.0752421450507914,0.04880126566873555,0.07715711330169162
"s05_confirmation","Equal-AOP","DASCMOP3","DAS-CMOP",100,50000,1,237701,"all",249,400,50000,0.3333333333333332,0.3333333333333332,0.3333333333333332,0.3333333333333329,0.3333333333333329,0.3333333333333329,0.3333333333333329,0.3333333333333329,0.3333333333333329,16932,16434,16434,2276,1574,1512,0.1344200330734704,0.09577704758427651,0.09200438116100766,0.1756437514764942,0.1599123767798467,0.1508458074723135,0.6246766732767163,0.7257579687159317,0.6569430841901037,0.760030553720327,0.8086100014567721,0.7673797730173931,0.08103000236239075,0.04478520141170744,0.04076913715467932,0.18781006378455,0.1467688937568456,0.143239625167336,0.3277817150956768,0.3004746257758306,0.28039430449069,0.0235057878573116,0.01935012778386272,0.02129731045393696
"s05_confirmation","Equal-AOP","DASCMOP3","DAS-CMOP",100,50000,2,237702,"all",249,400,50000,0.3333333333333332,0.3333333333333332,0.3333333333333332,0.3333333333333329,0.3333333333333329,0.3333333333333329,0.3333333333333329,0.3333333333333329,0.3333333333333329,16932,16434,16434,2368,1500,1440,0.1398535317741554,0.09127418765972983,0.08762322015334063,0.2329907866761162,0.1997687720579287,0.2196665449677498,0.7071415009021448,0.719948376681549,0.7170534340487276,0.7616852886760603,0.7511968277566287,0.7339506269198708,0.07217103708953461,0.03358890105878058,0.04101253498843861,0.2075360264587763,0.1489594742606791,0.1342339053182427,0.4473186865107489,0.3883412437629305,0.4227820372398686,0.01866288684148358,0.01119630035292686,0.01655105269563101
"s05_confirmation","Equal-AOP","DASCMOP3","DAS-CMOP",100,50000,3,237703,"all",249,400,50000,0.3333333333333332,0.3333333333333332,0.3333333333333332,0.3333333333333329,0.3333333333333329,0.3333333333333329,0.3333333333333329,0.3333333333333329,0.3333333333333329,16932,16434,16434,2487,1457,1596,0.1468816442239546,0.08865766094681757,0.09711573566995253,0.2462792345854004,0.1899111597906779,0.2190580503833516,0.7148465136983289,0.7098659859124185,0.7167259067035192,0.7702302975382069,0.7343016130375498,0.7298370728475466,0.07264351523742027,0.02762565413167823,0.04028234148716076,0.221119773210489,0.1496896677619569,0.1539491298527443,0.4768485707536027,0.3700864062309845,0.4244858220761835,0.0157098984171982,0.009735913350371182,0.01363027869051965
"s05_confirmation","Equal-AOP","DASCMOP3","DAS-CMOP",100,50000,4,237704,"all",249,400,50000,0.3333333333333332,0.3333333333333332,0.3333333333333332,0.3333333333333329,0.3333333333333329,0.3333333333333329,0.3333333333333329,0.3333333333333329,0.3333333333333329,16932,16434,16434,2556,1582,1593,0.1509567682494685,0.09626384325179506,0.09693318729463307,0.2462792345854004,0.1953876110502616,0.2213703298040647,0.7230032747873322,0.7181290259218935,0.7253546872661291,0.7462778153533017,0.7199500586151221,0.7106155885092322,0.08386487124970469,0.03784836314956797,0.04758427649993915,0.2180486652492322,0.1546793233540222,0.146282098089327,0.4764942121426884,0.3821345990020689,0.428380187416332,0.01606425702811245,0.008640623098454423,0.01436047219179749
"s05_confirmation","Equal-AOP","DASCMOP3","DAS-CMOP",100,50000,5,237705,"all",249,400,50000,0.3333333333333332,0.3333333333333332,0.3333333333333332,0.3333333333333329,0.3333333333333329,0.3333333333333329,0.3333333333333329,0.3333333333333329,0.3333333333333329,16932,16434,16434,2500,1478,1562,0.1476494212142688,0.08993549957405379,0.09504685408299866,0.2374202693125443,0.1827309236947791,0.2146768893756845,0.7076457221117579,0.7129286534803022,0.7141018363106088,0.7541553935989029,0.7342801175900758,0.7207575191855842,0.07843137254901961,0.0327370086406231,0.04685408299866131,0.2168674698795181,0.1471339905074845,0.143239625167336,0.4548783368769194,0.3545089448703906,0.4138980163076549,0.01996220174816915,0.01095290251916758,0.01545576244371425
"s05_confirmation","Equal-AOP","DASCMOP4","DAS-CMOP",100,50000,1,237801,"all",249,400,50000,0.3333333333333332,0.3333333333333332,0.3333333333333332,0.3333333333333329,0.3333333333333329,0.3333333333333329,0.3333333333333329,0.3333333333333329,0.3333333333333329,16932,16434,16434,3791,986,3635,0.2238955823293173,0.05999756602166241,0.2211877814287453,0.05463028584927947,0.01843738590726543,0.07490568333941829,0.2853687448608277,0.1331847410066096,0.3033783098062063,0.7655943638831914,0.5825352896707333,0.7424355707370568,0.2306874557051736,0.05999756602166241,0.229402458318121,0.2171037089534609,0.05999756602166241,0.2129731045393696,0.0767776990314198,0.02519167579408543,0.09954971400754534,0.03248287266713915,0.01168309602044542,0.05026165267129123
"s05_confirmation","Equal-AOP","DASCMOP4","DAS-CMOP",100,50000,2,237802,"all",249,400,50000,0.3333333333333332,0.3333333333333332,0.3333333333333332,0.3333333333333329,0.3333333333333329,0.3333333333333329,0.3333333333333329,0.3333333333333329,0.3333333333333329,16932,16434,16434,3837,968,3508,0.2266123316796598,0.05890227576974565,0.2134599002068882,0.02149775572879754,0.002920774005111355,0.01886333211634416,0.2353252698418646,0.09430576569922187,0.2329680263155789,0.7831028271140539,0.583733648264307,0.7402679400294225,0.2342310418143161,0.06498722161372764,0.2212486308871851,0.2189936215450035,0.05281732992576366,0.2056711695265912,0.0282305693361682,0.00523305342582451,0.02373128879152975,0.01476494212142688,0.0006084945843981989,0.01399537544115857
"s05_confirmation","Equal-AOP","DASCMOP4","DAS-CMOP",100,50000,3,237803,"all",249,400,50000,0.3333333333333332,0.3333333333333332,0.3333333333333332,0.3333333333333329,0.3333333333333329,0.3333333333333329,0.3333333333333329,0.3333333333333329,0.3333333333333329,16932,16434,16434,3819,1004,3772,0.2255492558469171,0.06109285627357917,0.2295241572350006,0.06165839829907867,0.01576000973591335,0.08007788730680297,0.2691687134663174,0.1302100628165709,0.2971543348175778,0.7720047603341973,0.5829363623311342,0.7487718757472221,0.2295062603354595,0.05841548010222709,0.2315930388219545,0.2215922513583747,0.06377023244493124,0.2274552756480467,0.0823293172690763,0.0208105147864184,0.1081903371059998,0.04098747932908103,0.0107095046854083,0.05196543750760618
"s05_confirmation","Equal-AOP","DASCMOP4","DAS-CMOP",100,50000,4,237804,"all",249,400,50000,0.3333333333333332,0.3333333333333332,0.3333333333333332,0.3333333333333329,0.3333333333333329,0.3333333333333329,0.3333333333333329,0.3333333333333329,0.3333333333333329,16932,16434,16434,3838,876,3581,0.2266713914481455,0.05330412559328222,0.217901910672995,0.04382234821639499,0.006510892053060728,0.05269563100888402,0.2704004903045079,0.1068245739238052,0.2739801834941658,0.7906381597349865,0.5807977552279906,0.751676364558566,0.2342310418143161,0.05391262017768042,0.2247778994766947,0.219111741081975,0.05269563100888402,0.2110259218692954,0.06673753838884952,0.01046610685164902,0.07654861871729342,0.02090715804394047,0.002555677254472435,0.02884264330047463
"s05_confirmation","Equal-AOP","DASCMOP4","DAS-CMOP",100,50000,5,237805,"all",249,400,50000,0.3333333333333332,0.3333333333333332,0.3333333333333332,0.3333333333333329,0.3333333333333329,0.3333333333333329,0.3333333333333329,0.3333333333333329,0.3333333333333329,16932,16434,16434,3864,1016,3763,0.2282069454287739,0.061823049774857,0.2289765121090422,0.09236947791164658,0.02440063283436777,0.1184738955823293,0.3448855524533571,0.1789256627254759,0.3865920920027438,0.7772941170345425,0.5989204112169793,0.7613306643994161,0.23789274746043,0.0535475234270415,0.2251429962273336,0.2185211433971179,0.07009857612267251,0.2328100279907509,0.1180014174344437,0.02640866496288183,0.1465254959230863,0.06673753838884952,0.02239260070585372,0.09042229524157235
"s05_confirmation","Equal-AOP","DASCMOP5","DAS-CMOP",100,50000,1,237901,"all",249,400,50000,0.3333333333333332,0.3333333333333332,0.3333333333333332,0.3333333333333329,0.3333333333333329,0.3333333333333329,0.3333333333333329,0.3333333333333329,0.3333333333333329,16932,16434,16434,4084,872,3623,0.2412000944956296,0.05306072775952294,0.2204575879274674,0.04092841956059532,0.0107095046854083,0.0541560180114397,0.2299005344321903,0.1008663735433957,0.2358290472308225,0.8040915266210622,0.5852615498148913,0.7590018775516677,0.2377746279234585,0.0529390288426433,0.2194231471339905,0.2446255610678006,0.05318242667640258,0.2214920287209444,0.05067328136073707,0.01350857977364001,0.06644760861628332,0.03118355776045358,0.007910429597176584,0.04186442740659608
"s05_confirmation","Equal-AOP","DASCMOP5","DAS-CMOP",100,50000,2,237902,"all",249,400,50000,0.3333333333333332,0.3333333333333332,0.3333333333333332,0.3333333333333329,0.3333333333333329,0.3333333333333329,0.3333333333333329,0.3333333333333329,0.3333333333333329,16932,16434,16434,3605,952,3554,0.2129104653909757,0.05792868443470853,0.2162589752951199,0.06006378454996456,0.01472556894243641,0.07843495192892783,0.2938050339957582,0.1461304272798024,0.3284276857866765,0.7822385217105217,0.5966965111539558,0.7596478168881289,0.205173635719348,0.05683339418279177,0.2099306316173786,0.2206472950626034,0.05902397468662529,0.2225873189728611,0.07098984171982047,0.01509066569307533,0.09103078982597054,0.04913772738010867,0.01436047219179749,0.06583911403188511
"s05_confirmation","Equal-AOP","DASCMOP5","DAS-CMOP",100,50000,3,237903,"all",249,400,50000,0.3333333333333332,0.3333333333333332,0.3333333333333332,0.3333333333333329,0.3333333333333329,0.3333333333333329,0.3333333333333329,0.3333333333333329,0.3333333333333329,16932,16434,16434,3860,937,3604,0.2279707063548311,0.05701594255811123,0.2193014482171109,0.08014410583510513,0.02963368626019228,0.1172569064135329,0.3300022200384597,0.1784243048898876,0.3758060374915406,0.7828632505103522,0.5963376263362005,0.7721326302977535,0.208599102291519,0.04746257758305951,0.2012900085189242,0.2473423104181432,0.06656930753316295,0.2373128879152976,0.09933853059296008,0.03614457831325301,0.1438481197517342,0.06094968107725018,0.02312279420713156,0.09066569307533164
"s05_confirmation","Equal-AOP","DASCMOP5","DAS-CMOP",100,50000,4,237904,"all",249,400,50000,0.3333333333333332,0.3333333333333332,0.3333333333333332,0.3333333333333329,0.3333333333333329,0.3333333333333329,0.3333333333333329,0.3333333333333329,0.3333333333333329,16932,16434,16434,3871,905,3751,0.2286203638081739,0.05506875988803699,0.2282463186077644,0.04724781478856603,0.01107460143604722,0.05744188876718997,0.2934076744841438,0.1368560675130387,0.3141534981860197,0.7840837657112185,0.5842844316071091,0.7557967635707136,0.2285613040396882,0.05452111476207862,0.2256297918948521,0.2286794235766596,0.05561640501399538,0.2308628453206766,0.06154027876210725,0.01399537544115857,0.07594012413289522,0.03295535081502481,0.008153827430935864,0.03894365340148473
"s05_confirmation","Equal-AOP","DASCMOP5","DAS-CMOP",100,50000,5,237905,"all",249,400,50000,0.3333333333333332,0.3333333333333332,0.3333333333333332,0.3333333333333329,0.3333333333333329,0.3333333333333329,0.3333333333333329,0.3333333333333329,0.3333333333333329,16932,16434,16434,4024,911,3792,0.2376565083864871,0.05543385663867591,0.230741146403797,0.04429482636428065,0.01612510648655227,0.06979432883047341,0.2532622902447727,0.1256983856665419,0.2805173962650013,0.7821085556093049,0.5944037798367702,0.7596241256658045,0.2402551381998582,0.05123524400632835,0.2382864792503347,0.235057878573116,0.05963246927102349,0.2231958135572593,0.05468934561776518,0.01703784836314957,0.08433734939759036,0.03390030711079613,0.01521236460995497,0.05525130826335645
"s05_confirmation","Equal-AOP","DASCMOP6","DAS-CMOP",100,50000,1,238001,"all",249,400,50000,0.3333333333333332,0.3333333333333332,0.3333333333333332,0.3333333333333329,0.3333333333333329,0.3333333333333329,0.3333333333333329,0.3333333333333329,0.3333333333333329,16932,16434,16434,3633,791,3236,0.2145641389085755,0.04813192162589753,0.1969088475112571,0.09425939050318922,0.03036387976147012,0.1170743580382135,0.3673743694388336,0.1715335886918911,0.3797831355619594,0.7803888490467401,0.5872666936843665,0.7447557412473507,0.1951334750767777,0.05403431909456006,0.1796276013143483,0.2339948027403733,0.042229524157235,0.214190093708166,0.1234349161351287,0.04137763173907752,0.1556529146890593,0.0650838648712497,0.01935012778386272,0.07849580138736766
"s05_confirmation","Equal-AOP","DASCMOP6","DAS-CMOP",100,50000,2,238002,"all",249,400,50000,0.3333333333333332,0.3333333333333332,0.3333333333333332,0.3333333333333329,0.3333333333333329,0.3333333333333329,0.3333333333333329,0.3333333333333329,0.3333333333333329,16932,16434,16434,4148,945,3946,0.2449799196787149,0.05750273822562979,0.2401119630035293,0.03667611622962438,0.01947182670074236,0.06230984544237556,0.2819736777345854,0.1486645094097918,0.3112090232870579,0.7814270781497467,0.5825911264096388,0.7520116701465648,0.2617528939286558,0.07338444687842278,0.2587318972861142,0.2282069454287739,0.0416210295728368,0.2214920287209444,0.05835105126387904,0.03298040647438238,0.1014968966776196,0.01500118119536971,0.005963246927102349,0.02312279420713156
"s05_confirmation","Equal-AOP","DASCMOP6","DAS-CMOP",100,50000,3,238003,"all",249,400,50000,0.3333333333333332,0.3333333333333332,0.3333333333333332,0.3333333333333329,0.3333333333333329,0.3333333333333329,0.3333333333333329,0.3333333333333329,0.3333333333333329,16932,16434,16434,3924,918,3748,0.2317505315379164,0.05585980284775466,0.2280637702324449,0.01328844790928419,0.004076913715467932,0.01588170865279299,0.249016186400269,0.1234946074761221,0.2680459458225121,0.7748854536802801,0.5862974652053125,0.7505455632249558,0.2439168438459721,0.07326274796154314,0.2485091882682244,0.2195842192298606,0.03845685773396617,0.2076183521966654,0.02173399480274037,0.007423633929658026,0.02519167579408543,0.004842901015828018,0.0007301935012778386,0.006571741511500548
"s05_confirmation","Equal-AOP","DASCMOP6","DAS-CMOP",100,50000,4,238004,"all",249,400,50000,0.3333333333333332,0.3333333333333332,0.3333333333333332,0.3333333333333329,0.3333333333333329,0.3333333333333329,0.3333333333333329,0.3333333333333329,0.3333333333333329,16932,16434,16434,3924,727,3742,0.2317505315379164,0.04423755628574905,0.227698673481806,0.07045830380344908,0.01880248265790434,0.08914445661433613,0.3279003261459758,0.1412710428728884,0.3447137631247619,0.7830452225467616,0.5794664822439176,0.7607551792027213,0.2246633593196315,0.0505050505050505,0.2199099428015091,0.2388377037562013,0.03797006206644761,0.235487404162103,0.09355067328136074,0.02360958987465012,0.1100158208591944,0.04736593432553744,0.01399537544115857,0.06827309236947791
"s05_confirmation","Equal-AOP","DASCMOP6","DAS-CMOP",100,50000,5,238005,"all",249,400,50000,0.3333333333333332,0.3333333333333332,0.3333333333333332,0.3333333333333329,0.3333333333333329,0.3333333333333329,0.3333333333333329,0.3333333333333329,0.3333333333333329,16932,16434,16434,3781,976,3726,0.2233049846444602,0.05938907143726421,0.2267250821467689,0.04571226080793763,0.01527321406839479,0.05592065230619447,0.2918400075568782,0.1517618256218215,0.3207065009549114,0.7794061585824037,0.5931421140946167,0.7568603731970883,0.2223009685802032,0.0719240598758671,0.2386515760009736,0.2243090007087172,0.04685408299866131,0.2147985882925642,0.05716985589416489,0.02154070828769624,0.0743580382134599,0.03425466572171037,0.009005719849093343,0.03748326639892905
"s05_confirmation","Equal-AOP","DASCMOP7","DAS-CMOP",100,50000,1,238101,"all",249,400,50000,0.3333333333333332,0.3333333333333332,0.3333333333333332,0.3333333333333329,0.3333333333333329,0.3333333333333329,0.3333333333333329,0.3333333333333329,0.3333333333333329,16932,16434,16434,3747,866,3502,0.2212969525159461,0.05269563100888402,0.2130948034562492,0.0360855185447673,0.007606182304977486,0.04624558841426311,0.2632881085747556,0.1134474944530838,0.2695752848100437,0.7306723634478138,0.4966721762022337,0.6930309410301286,0.2237184030238601,0.05062674942193014,0.2183278568820738,0.2188755020080321,0.05476451259583789,0.2078617500304247,0.04901960784313725,0.0101010101010101,0.06291834002677377,0.02315142924639736,0.00511135450894487,0.02957283680175246
"s05_confirmation","Equal-AOP","DASCMOP7","DAS-CMOP",100,50000,2,238102,"all",249,400,50000,0.3333333333333332,0.3333333333333332,0.3333333333333332,0.3333333333333329,0.3333333333333329,0.3333333333333329,0.3333333333333329,0.3333333333333329,0.3333333333333329,16932,16434,16434,3839,889,3508,0.2267304512166312,0.05409516855299988,0.2134599002068882,0.01972596267422632,0.004076913715467932,0.02531337471096507,0.2285467994796058,0.100551917888011,0.2275171076521801,0.7295606137759515,0.4991329723713855,0.68756850064182,0.2468698322702575,0.05160034075696726,0.2266033832298893,0.206591070163005,0.05658999634903249,0.2003164171838871,0.02716749350342547,0.005841548010222709,0.03492758914445662,0.01228443184502717,0.002312279420713156,0.01569916027747353
"s05_confirmation","Equal-AOP","DASCMOP7","DAS-CMOP",100,50000,3,238103,"all",249,400,50000,0.3333333333333332,0.3333333333333332,0.3333333333333332,0.3333333333333329,0.3333333333333329,0.3333333333333329,0.3333333333333329,0.3333333333333329,0.3333333333333329,16932,16434,16434,3385,530,2708,0.19991731632412,0.03225021297310454,0.1647803334550323,0.1422159225135838,0.01460387002555677,0.1455519045880492,0.3790051887979132,0.1033032992121647,0.3501861300676954,0.758412684794509,0.4794015442286108,0.6987814145730619,0.1987951807228916,0.02823414871607643,0.1644152367043933,0.2010394519253484,0.03626627723013265,0.1651454302056712,0.17528939286558,0.01594255811123281,0.1753681392235609,0.1091424521615875,0.01326518193988073,0.1157356699525374
"s05_confirmation","Equal-AOP","DASCMOP7","DAS-CMOP",100,50000,4,238104,"all",249,400,50000,0.3333333333333332,0.3333333333333332,0.3333333333333332,0.3333333333333329,0.3333333333333329,0.3333333333333329,0.3333333333333329,0.3333333333333329,0.3333333333333329,16932,16434,16434,3782,629,3113,0.2233640444129459,0.03827430935864671,0.1894243641231593,0.09549964564138909,0.01143969818668614,0.1039917244736522,0.3323467927319967,0.09964872259095249,0.3081220317205484,0.7477731965970792,0.4794123010700952,0.6897117520417948,0.2220647295062603,0.03870025556772545,0.198977729098211,0.2246633593196315,0.03784836314956797,0.1798709991481076,0.1180014174344437,0.01436047219179749,0.1262017768041865,0.07299787384833452,0.008518924181574784,0.08178167214311792
"s05_confirmation","Equal-AOP","DASCMOP7","DAS-CMOP",100,50000,5,238105,"all",249,400,50000,0.3333333333333332,0.3333333333333332,0.3333333333333332,0.3333333333333329,0.3333333333333329,0.3333333333333329,0.3333333333333329,0.3333333333333329,0.3333333333333329,16932,16434,16434,4027,1028,3729,0.2378336876919442,0.06255324327613485,0.2269076305220883,0.06449326718639263,0.007667031763417305,0.07411464037970063,0.2928995536440916,0.1276451921585182,0.3063475586194228,0.7239164283762412,0.5127903284825277,0.7016567404298059,0.2450980392156863,0.05817208226846781,0.232079834489473,0.2305693361682022,0.06693440428380187,0.2217354265547037,0.08032128514056225,0.008397225264695144,0.08969210174029452,0.04866524923222301,0.006936838262139467,0.05853717901910673
"s05_confirmation","Equal-AOP","DASCMOP8","DAS-CMOP",100,50000,1,238201,"all",249,400,50000,0.3333333333333332,0.3333333333333332,0.3333333333333332,0.3333333333333329,0.3333333333333329,0.3333333333333329,0.3333333333333329,0.3333333333333329,0.3333333333333329,16932,16434,16434,4281,1015,3855,0.2528348688873139,0.06176220031641719,0.2345746622855057,0.01706827309236948,0.002190580503833516,0.01807228915662651,0.2366715833680849,0.1117736037320969,0.2498076104217771,0.7075732124695069,0.5022054455877122,0.6888870873575759,0.2778171509567682,0.05744188876718997,0.2569064135329195,0.2278525868178597,0.0660825118656444,0.2122429110380918,0.01984408221119773,0.002799075088231715,0.02032371911889984,0.01429246397354122,0.001582085919435317,0.01582085919435317
"s05_confirmation","Equal-AOP","DASCMOP8","DAS-CMOP",100,50000,2,238202,"all",249,400,50000,0.3333333333333332,0.3333333333333332,0.3333333333333332,0.3333333333333329,0.3333333333333329,0.3333333333333329,0.3333333333333329,0.3333333333333329,0.3333333333333329,16932,16434,16434,4346,807,3467,0.256673753838885,0.04910551296093465,0.2109650724108555,0,0,0,0.1455931015879326,0.05218885592250659,0.1305948033030725,0.7494517604302469,0.4815578576141141,0.6807817313728733,0.2695487833687692,0.05963246927102349,0.2235609103078983,0.2437987243090007,0.03857855665084581,0.1983692345138128,0,0,0,0,0,0
"s05_confirmation","Equal-AOP","DASCMOP8","DAS-CMOP",100,50000,3,238203,"all",249,400,50000,0.3333333333333332,0.3333333333333332,0.3333333333333332,0.3333333333333329,0.3333333333333329,0.3333333333333329,0.3333333333333329,0.3333333333333329,0.3333333333333329,16932,16434,16434,3433,645,2820,0.202752185211434,0.03924790069368383,0.1715954728002921,0.1735766595794944,0.0232444931240112,0.1855299987830108,0.3837650076723193,0.1179735329723371,0.3625361790187401,0.7289993349377023,0.4752706791430155,0.681469651347629,0.2036380817387196,0.03407569672629913,0.1639284410368748,0.2018662886841484,0.04442010466106851,0.1792625045637094,0.2115520907158044,0.02653036387976147,0.215528781793842,0.1356012284431845,0.01995862236826092,0.1555312157721796
"s05_confirmation","Equal-AOP","DASCMOP8","DAS-CMOP",100,50000,4,238204,"all",249,400,50000,0.3333333333333332,0.3333333333333332,0.3333333333333332,0.3333333333333329,0.3333333333333329,0.3333333333333329,0.3333333333333329,0.3333333333333329,0.3333333333333329,16932,16434,16434,3733,700,3211,0.2204701157571462,0.04259462090787392,0.1953876110502616,0.1138672336404441,0.01977607399294146,0.1218206157965194,0.3120408235173386,0.1091918461201065,0.3003559944321257,0.7238350684958047,0.4803816577075822,0.677803174724622,0.2278525868178597,0.0428380187416332,0.202020202020202,0.2130876446964328,0.04235122307411464,0.1887550200803213,0.1305220883534137,0.02129731045393696,0.1455519045880492,0.0972123789274746,0.01825483753194597,0.09808932700498965
"s05_confirmation","Equal-AOP","DASCMOP8","DAS-CMOP",100,50000,5,238205,"all",249,400,50000,0.3333333333333332,0.3333333333333332,0.3333333333333332,0.3333333333333329,0.3333333333333329,0.3333333333333329,0.3333333333333329,0.3333333333333329,0.3333333333333329,16932,16434,16434,3985,951,3434,0.2353531774155445,0.05786783497626871,0.2089570402823415,0.06850933144342074,0.009066569307533162,0.0707070707070707,0.2825013589972095,0.1086543340356195,0.2775551682637706,0.7172256283815537,0.4898894602772939,0.6773226831844884,0.2497047011575715,0.06048436168918097,0.2247778994766947,0.2210016536735176,0.05525130826335645,0.1931361810879883,0.07736829671627687,0.01180479493732506,0.08190337105999757,0.05965036617056461,0.006328343677741268,0.05951077035414385
"s05_confirmation","Equal-AOP","DASCMOP9","DAS-CMOP",100,50000,1,238301,"all",249,400,50000,0.3333333333333332,0.3333333333333332,0.3333333333333332,0.3333333333333329,0.3333333333333329,0.3333333333333329,0.3333333333333329,0.3333333333333329,0.3333333333333329,16932,16434,16434,1835,1566,1288,0.1083746751712733,0.09529025191675794,0.07837410247048801,0.2820694542877392,0.1261409273457466,0.2395034684191311,0.7118936772134918,0.6180252739891199,0.6792762053155474,0.6402037712787949,0.6851471654608813,0.6468868583483992,0.07417906921804866,0.019593525617622,0.04259462090787392,0.142570281124498,0.1709869782158939,0.1141535840331021,0.5021261516654855,0.2291590604843617,0.4275282949981745,0.06201275690999291,0.02312279420713156,0.05147864184008762
"s05_confirmation","Equal-AOP","DASCMOP9","DAS-CMOP",100,50000,2,238302,"all",249,400,50000,0.3333333333333332,0.3333333333333332,0.3333333333333332,0.3333333333333329,0.3333333333333329,0.3333333333333329,0.3333333333333329,0.3333333333333329,0.3333333333333329,16932,16434,16434,1404,1476,1143,0.08291991495393337,0.08981380065717415,0.06955093099671412,0.2879163713678242,0.1350249482779603,0.2495436290617014,0.7033807520273473,0.6317159625993269,0.6853196964125049,0.6367724648572175,0.7069795379015739,0.6542051363437174,0.06295771320576424,0.0214190093708166,0.03943044906900329,0.1028821167021025,0.1582085919435317,0.09967141292442497,0.4952752185211434,0.242911038091761,0.4278933917488134,0.08055752421450509,0.02713885846415967,0.07119386637458927
"s05_confirmation","Equal-AOP","DASCMOP9","DAS-CMOP",100,50000,3,238303,"all",249,400,50000,0.3333333333333332,0.3333333333333332,0.3333333333333332,0.3333333333333329,0.3333333333333329,0.3333333333333329,0.3333333333333329,0.3333333333333329,0.3333333333333329,16932,16434,16434,1469,1549,1165,0.08675879990550436,0.09425581112328101,0.07088961908239017,0.2762815969761399,0.1284532067664598,0.2382864792503347,0.6941487093255136,0.6302778334931937,0.6732722299108727,0.6479404545059083,0.7145193576882004,0.6607515040885593,0.067446255610678,0.02336619204089084,0.04149933065595716,0.1060713442003307,0.1651454302056712,0.1002799075088232,0.4811008740845736,0.2290373615674821,0.4045271997079226,0.07146231986770611,0.02786905196543751,0.07204575879274674
"s05_confirmation","Equal-AOP","DASCMOP9","DAS-CMOP",100,50000,4,238304,"all",249,400,50000,0.3333333333333332,0.3333333333333332,0.3333333333333332,0.3333333333333329,0.3333333333333329,0.3333333333333329,0.3333333333333329,0.3333333333333329,0.3333333333333329,16932,16434,16434,1249,1740,1055,0.07376565083864871,0.1058780576852866,0.06419617865400998,0.2730923694779117,0.1224291103809176,0.241572350006085,0.6914193359255751,0.6220110123257191,0.673625868937008,0.638862025244639,0.714067426087416,0.6553372084053489,0.06472950626033545,0.02580017037848363,0.04089083607155896,0.08280179541696196,0.1859559449920896,0.087501521236461,0.4639735412237184,0.2160155774613606,0.4110989412194231,0.08221119773210489,0.02884264330047463,0.07204575879274674
"s05_confirmation","Equal-AOP","DASCMOP9","DAS-CMOP",100,50000,5,238305,"all",249,400,50000,0.3333333333333332,0.3333333333333332,0.3333333333333332,0.3333333333333329,0.3333333333333329,0.3333333333333329,0.3333333333333329,0.3333333333333329,0.3333333333333329,16932,16434,16434,1590,1524,1232,0.09390503189227498,0.0927345746622855,0.0749665327978581,0.2758091188282542,0.1352683461117196,0.2350614579530242,0.7046616908894553,0.6290447440749659,0.6762395129817723,0.6486930789319489,0.7031415917520512,0.6581936137271031,0.06496574533427829,0.01983692345138128,0.04052573932092005,0.1228443184502717,0.1656322258731897,0.1094073262747962,0.4816914717694307,0.2476572958500669,0.4129244249726177,0.06992676588707772,0.02287939637337228,0.05719849093343069
"s05_confirmation","Equal-AOP","LIRCMOP10","LIR-CMOP",100,50000,1,237001,"all",249,400,50000,0.3333333333333332,0.3333333333333332,0.3333333333333332,0.3333333333333329,0.3333333333333329,0.3333333333333329,0.3333333333333329,0.3333333333333329,0.3333333333333329,16932,16434,16434,1916,2054,2220,0.1131585164186156,0.12498478763539,0.1350857977364001,0.6372549019607843,0.6565656565656566,0.7089570402823415,0.9177959465216675,0.8967131338089621,0.9233270686160805,0.7556038454141687,0.778269752613864,0.7661796413323507,0.1200094495629577,0.1143969818668614,0.1459170013386881,0.1063075832742736,0.1355725934039187,0.1242545941341122,0.7779352704937397,0.7084093951563831,0.7967628088110016,0.496574533427829,0.60472191797493,0.6211512717536813
"s05_confirmation","Equal-AOP","LIRCMOP10","LIR-CMOP",100,50000,2,237002,"all",249,400,50000,0.3333333333333332,0.3333333333333332,0.3333333333333332,0.3333333333333329,0.3333333333333329,0.3333333333333329,0.3333333333333329,0.3333333333333329,0.3333333333333329,16932,16434,16434,1826,2295,2245,0.107843137254902,0.1396495071193866,0.1366070341973956,0.6358965272856131,0.6612510648655227,0.7186929536327127,0.9119326921708761,0.8916481106098412,0.9214110532606763,0.7793623568383063,0.8031879458178216,0.7916302067865587,0.1193007323411292,0.1288791529755385,0.1470122915906048,0.0963855421686747,0.1504198612632348,0.1262017768041865,0.8006142215922514,0.7214311792625046,0.8142874528416697,0.4711788329789747,0.6010709504685409,0.6230984544237557
"s05_confirmation","Equal-AOP","LIRCMOP10","LIR-CMOP",100,50000,3,237003,"all",249,400,50000,0.3333333333333332,0.3333333333333332,0.3333333333333332,0.3333333333333329,0.3333333333333329,0.3333333333333329,0.3333333333333329,0.3333333333333329,0.3333333333333329,16932,16434,16434,1799,2291,2023,0.1062485235057879,0.1394061092856274,0.1230984544237556,0.668615639026695,0.6589387854448095,0.7096872337836193,0.9246331245602187,0.8976640477482969,0.9228110772917146,0.8339909049054242,0.8725141904067876,0.855396296940152,0.1132766359555871,0.1309480345624924,0.12839235730802,0.09922041105598867,0.1478641840087623,0.1178045515394913,0.7880935506732814,0.7166849215041986,0.7925033467202142,0.5491377273801087,0.6011926493854205,0.6268711208470245
"s05_confirmation","Equal-AOP","LIRCMOP10","LIR-CMOP",100,50000,4,237004,"all",249,400,50000,0.3333333333333332,0.3333333333333332,0.3333333333333332,0.3333333333333329,0.3333333333333329,0.3333333333333329,0.3333333333333329,0.3333333333333329,0.3333333333333329,16932,16434,16434,1762,2187,2273,0.1040633120718167,0.1330777656078861,0.1383108190337106,0.6404441294590125,0.6692223439211391,0.7065839114031885,0.9164418998879692,0.8955478612497867,0.919703440613244,0.8209792511893746,0.8501937143677061,0.8384032843594028,0.1169383416017009,0.1182913472070099,0.1460387002555677,0.09118828254193244,0.1478641840087623,0.1305829378118535,0.7875029529884243,0.7188755020080321,0.8001703784836315,0.4933853059296008,0.619569185834246,0.6129974443227455
"s05_confirmation","Equal-AOP","LIRCMOP10","LIR-CMOP",100,50000,5,237005,"all",249,400,50000,0.3333333333333332,0.3333333333333332,0.3333333333333332,0.3333333333333329,0.3333333333333329,0.3333333333333329,0.3333333333333329,0.3333333333333329,0.3333333333333329,16932,16434,16434,2177,2321,2576,0.1285731159933853,0.141231593038822,0.156748204940976,0.6467044649184975,0.6733601070950469,0.7192405987586711,0.9160478101022499,0.9013562746858979,0.9244182826287712,0.8235105252366873,0.8446816239169193,0.8358074812767512,0.131467044649185,0.1220640136302787,0.1610076670317634,0.1256791873375856,0.1603991724473652,0.1524887428501886,0.8097094259390503,0.7351831568699039,0.8139223560910308,0.4836995038979447,0.6115370573201898,0.6245588414263114
"s05_confirmation","Equal-AOP","LIRCMOP11","LIR-CMOP",100,50000,1,237101,"all",249,400,50000,0.3333333333333332,0.3333333333333332,0.3333333333333332,0.3333333333333329,0.3333333333333329,0.3333333333333329,0.3333333333333329,0.3333333333333329,0.3333333333333329,16932,16434,16434,2392,2416,2555,0.1412709662178124,0.1470122915906048,0.1554703663137398,0.6511930073234113,0.4378727029329439,0.5789217475964464,0.8806706708435552,0.8093895030095549,0.8560292208519594,0.8438225859363119,0.9033041000490616,0.8766286838902282,0.1484762579730687,0.1058780576852866,0.1605208713642449,0.1340656744625561,0.1881465254959231,0.1504198612632348,0.7749822820694543,0.6031398320554947,0.7478398442253864,0.5274037325773683,0.2726055738103931,0.4100036509675064
"s05_confirmation","Equal-AOP","LIRCMOP11","LIR-CMOP",100,50000,2,237102,"all",249,400,50000,0.3333333333333332,0.3333333333333332,0.3333333333333332,0.3333333333333329,0.3333333333333329,0.3333333333333329,0.3333333333333329,0.3333333333333329,0.3333333333333329,16932,16434,16434,2690,2661,2892,0.1588707772265533,0.1619204089083607,0.1759766338079591,0.5416371367824239,0.4246075209930631,0.5380917609833272,0.8319761900046423,0.7921414089318657,0.8360162739203232,0.8384920123246989,0.8805663962446371,0.8610693578444591,0.1673753838884952,0.1125714981136668,0.1796276013143483,0.1503661705646114,0.2112693197030547,0.1723256663015699,0.7357665957949445,0.6128757454058659,0.7629305099184617,0.3475076777699032,0.2363392965802604,0.3132530120481928
"s05_confirmation","Equal-AOP","LIRCMOP11","LIR-CMOP",100,50000,3,237103,"all",249,400,50000,0.3333333333333332,0.3333333333333332,0.3333333333333332,0.3333333333333329,0.3333333333333329,0.3333333333333329,0.3333333333333329,0.3333333333333329,0.3333333333333329,16932,16434,16434,2698,2582,2818,0.1593432553744389,0.1571133016916149,0.1714737738834125,0.5617765178360501,0.4292929292929293,0.5443592552026287,0.8444388812441369,0.7968459448153801,0.8396544548442215,0.8384189118371095,0.8898463067902889,0.8681401647370544,0.1669029057406095,0.1168309602044542,0.1731775587197274,0.1517836050082684,0.1973956431787757,0.1697699890470975,0.7383652256083156,0.6192040890836071,0.7603748326639893,0.3851878100637846,0.2393817695022514,0.3283436777412681
"s05_confirmation","Equal-AOP","LIRCMOP11","LIR-CMOP",100,50000,4,237104,"all",249,400,50000,0.3333333333333332,0.3333333333333332,0.3333333333333332,0.3333333333333329,0.3333333333333329,0.3333333333333329,0.3333333333333329,0.3333333333333329,0.3333333333333329,16932,16434,16434,2093,2379,2500,0.1236120954405859,0.1447608616283315,0.1521236460995497,0.459012520670919,0.3275526347815504,0.4462699281976391,0.8004945496836703,0.7519307595560181,0.7921966222329604,0.8033517632736419,0.8307794286365427,0.8173316042593832,0.1400897708480983,0.1086771327735183,0.1692831933795789,0.1071344200330735,0.1808445904831447,0.1349640988195205,0.6692652964800379,0.508458074723135,0.6680053547523427,0.2487597448618001,0.1466471948399659,0.2245345016429354
"s05_confirmation","Equal-AOP","LIRCMOP11","LIR-CMOP",100,50000,5,237105,"all",249,400,50000,0.3333333333333332,0.3333333333333332,0.3333333333333332,0.3333333333333329,0.3333333333333329,0.3333333333333329,0.3333333333333329,0.3333333333333329,0.3333333333333329,16932,16434,16434,2433,2417,2528,0.1436924167257264,0.1470731410490447,0.1538274309358647,0.6010512638790456,0.4490081538274309,0.5777656078860898,0.8641097208275036,0.8089318602602266,0.8529784899381816,0.8381204795530892,0.8972556453127934,0.872555415319149,0.1461138672336404,0.1122064013630279,0.1548010222709018,0.1412709662178124,0.1819398807350615,0.1528538396008275,0.7226553271911174,0.6105634659851528,0.7477181453085068,0.4794472005669738,0.2874528416697091,0.4078130704636729
"s05_confirmation","Equal-AOP","LIRCMOP12","LIR-CMOP",100,50000,1,237201,"all",249,400,50000,0.3333333333333332,0.3333333333333332,0.3333333333333332,0.3333333333333329,0.3333333333333329,0.3333333333333329,0.3333333333333329,0.3333333333333329,0.3333333333333329,16932,16434,16434,2327,2178,1884,0.1374320812662414,0.1325301204819277,0.1146403797006207,0.4423576659579495,0.3711816964829013,0.5,0.789583184083769,0.7576536501252733,0.8196343564564191,0.8491864828868941,0.8945830534062997,0.8602180364365666,0.1080793763288448,0.05573810393087501,0.07752221005233054,0.1667847862036381,0.2093221370329804,0.1517585493489108,0.6785967399007796,0.5914567360350493,0.6889375684556407,0.2061185920151193,0.1509066569307533,0.3110624315443593
"s05_confirmation","Equal-AOP","LIRCMOP12","LIR-CMOP",100,50000,2,237202,"all",249,400,50000,0.3333333333333332,0.3333333333333332,0.3333333333333332,0.3333333333333329,0.3333333333333329,0.3333333333333329,0.3333333333333329,0.3333333333333329,0.3333333333333329,16932,16434,16434,2960,2901,2117,0.1748169147176943,0.1765242789339175,0.1288183035170987,0.465272856130404,0.4092734574662286,0.5556164050139953,0.7982997673858574,0.7706865962452782,0.8406279560801223,0.8659631004088287,0.9140206888378825,0.8744091150837228,0.1574533427828963,0.09626384325179506,0.1036874771814531,0.1921804866524923,0.2567847146160399,0.1539491298527443,0.7037562012756911,0.6667883655835463,0.7634173055859803,0.2267895109851169,0.1517585493489108,0.3478155044420105
"s05_confirmation","Equal-AOP","LIRCMOP12","LIR-CMOP",100,50000,3,237203,"all",249,400,50000,0.3333333333333332,0.3333333333333332,0.3333333333333332,0.3333333333333329,0.3333333333333329,0.3333333333333329,0.3333333333333329,0.3333333333333329,0.3333333333333329,16932,16434,16434,3667,3528,3156,0.2165721710370895,0.2146768893756845,0.1920408908360716,0.4852941176470588,0.4344042838018742,0.5253742241694049,0.8089215331877596,0.7833947420282902,0.8305242538379173,0.8310591964872917,0.8723171418936183,0.8451225833540559,0.2141507205291755,0.147985882925642,0.1684313009614214,0.2189936215450035,0.2813678958257271,0.2156504807107217,0.7883297897472242,0.723621759766338,0.8196422051843738,0.1822584455468935,0.1451868078374103,0.2311062431544359
"s05_confirmation","Equal-AOP","LIRCMOP12","LIR-CMOP",100,50000,4,237204,"all",249,400,50000,0.3333333333333332,0.3333333333333332,0.3333333333333332,0.3333333333333329,0.3333333333333329,0.3333333333333329,0.3333333333333329,0.3333333333333329,0.3333333333333329,16932,16434,16434,2365,2302,1974,0.1396763524686983,0.1400754533284654,0.1201168309602045,0.3589652728561304,0.3014482171108677,0.4097602531337471,0.7835622682791695,0.7529842927148062,0.8075752268316531,0.842126783768692,0.8677475704347952,0.8472274994723599,0.1080793763288448,0.0713155652914689,0.09602044541803578,0.1712733286085519,0.2088353413654618,0.1442132165023731,0.55008268367588,0.478398442253864,0.5739320920043811,0.1678478620363808,0.1244979919678715,0.2455884142631131
"s05_confirmation","Equal-AOP","LIRCMOP12","LIR-CMOP",100,50000,5,237205,"all",249,400,50000,0.3333333333333332,0.3333333333333332,0.3333333333333332,0.3333333333333329,0.3333333333333329,0.3333333333333329,0.3333333333333329,0.3333333333333329,0.3333333333333329,16932,16434,16434,2737,2362,2328,0.1616465863453815,0.1437264208348546,0.1416575392479007,0.4536971415072053,0.4039795545819642,0.4892904953145917,0.8051807268746494,0.7774964585011821,0.8219550192463199,0.8545273514031443,0.8979439737171664,0.8720021955973832,0.1266241436333569,0.06011926493854205,0.08360715589631253,0.1966690290574061,0.2273335767311671,0.1997079225994889,0.7081266241436334,0.6546184738955824,0.7452841669709139,0.1992676588707772,0.1533406352683461,0.2332968236582695
"s05_confirmation","Equal-AOP","LIRCMOP13","LIR-CMOP",100,50000,1,237301,"all",249,400,50000,0.3333333333333332,0.3333333333333332,0.3333333333333332,0.3333333333333329,0.3333333333333329,0.3333333333333329,0.3333333333333329,0.3333333333333329,0.3333333333333329,16932,16434,16434,3838,2009,3075,0.2266713914481455,0.1222465620055982,0.1871120847024461,0.7204701157571463,0.6402580017037849,0.7608007788730681,0.915984911727007,0.8971457761285199,0.9288803446543493,0.4604159171429855,0.4472615355107843,0.4535912164484482,0.2108433734939759,0.1033223804308142,0.1759766338079591,0.2424994094023152,0.1411707435803821,0.1982475355969332,0.7725017717930546,0.6822441280272605,0.8133138615066325,0.6684384597212379,0.5982718753803091,0.7082876962395035
"s05_confirmation","Equal-AOP","LIRCMOP13","LIR-CMOP",100,50000,2,237302,"all",249,400,50000,0.3333333333333332,0.3333333333333332,0.3333333333333332,0.3333333333333329,0.3333333333333329,0.3333333333333329,0.3333333333333329,0.3333333333333329,0.3333333333333329,16932,16434,16434,3712,1937,2969,0.2192298606189464,0.1178654009979311,0.1806620421078252,0.7357075360264588,0.6597298284045272,0.7738225629791895,0.9281393487638082,0.9036622855945633,0.9344306259851923,0.4601536105102019,0.4478848854269982,0.4537549420499496,0.203756201275691,0.1033223804308142,0.1717171717171717,0.2347035199622017,0.1324084215650481,0.1896069124984788,0.7826600519725962,0.6837045150298162,0.8197639041012535,0.6887550200803213,0.6357551417792382,0.7278812218571254
"s05_confirmation","Equal-AOP","LIRCMOP13","LIR-CMOP",100,50000,3,237303,"all",249,400,50000,0.3333333333333332,0.3333333333333332,0.3333333333333332,0.3333333333333329,0.3333333333333329,0.3333333333333329,0.3333333333333329,0.3333333333333329,0.3333333333333329,16932,16434,16434,3770,1950,2948,0.2226553271911174,0.1186564439576488,0.179384203480589,0.7266123316796598,0.6478641840087623,0.7623220153340635,0.9149565475789472,0.8994214011639607,0.9286037162875247,0.4621162488096291,0.4476870222511092,0.4545792796719891,0.2044649184975195,0.1073384446878423,0.1653888280394304,0.2408457358847153,0.1299744432274553,0.1933795789217476,0.7772265532719111,0.6883290738712425,0.8085676037483266,0.6759981100874085,0.6073992941462821,0.7160764269198004
"s05_confirmation","Equal-AOP","LIRCMOP13","LIR-CMOP",100,50000,4,237304,"all",249,400,50000,0.3333333333333332,0.3333333333333332,0.3333333333333332,0.3333333333333329,0.3333333333333329,0.3333333333333329,0.3333333333333329,0.3333333333333329,0.3333333333333329,16932,16434,16434,3751,1974,3018,0.221533191589889,0.1201168309602045,0.1836436655713764,0.7266123316796598,0.655713764147499,0.768893756845564,0.9144089611319094,0.90386949770259,0.9298928900235436,0.4593254037232702,0.446826013927045,0.4524547206837147,0.1977321048901488,0.102713885846416,0.1679445052939029,0.2453342782896291,0.1375197760739929,0.1993428258488499,0.7714386959603118,0.69258853596203,0.8193988073506145,0.6817859673990078,0.6188389923329682,0.7183887063405135
"s05_confirmation","Equal-AOP","LIRCMOP13","LIR-CMOP",100,50000,5,237305,"all",249,400,50000,0.3333333333333332,0.3333333333333332,0.3333333333333332,0.3333333333333329,0.3333333333333329,0.3333333333333329,0.3333333333333329,0.3333333333333329,0.3333333333333329,16932,16434,16434,3774,2018,3052,0.2228915662650602,0.1227942071315565,0.1857125471583303,0.7339948027403732,0.6435438724595351,0.758123402701716,0.9198592404817376,0.8962417490527229,0.9279828560843617,0.4623522213144963,0.4488214082470486,0.4547950720139367,0.208599102291519,0.1090422295241572,0.1724473652184496,0.2371840302386015,0.1365461847389558,0.198977729098211,0.7858492794708245,0.677376171352075,0.8075940124132895,0.682140326009922,0.6097115735669952,0.7086527929901424
"s05_confirmation","Equal-AOP","LIRCMOP14","LIR-CMOP",100,50000,1,237401,"all",249,400,50000,0.3333333333333332,0.3333333333333332,0.3333333333333332,0.3333333333333329,0.3333333333333329,0.3333333333333329,0.3333333333333329,0.3333333333333329,0.3333333333333329,16932,16434,16434,3548,1730,2658,0.2095440585872903,0.1052695631008884,0.1617378605330413,0.6335341365461847,0.5200194718267007,0.6403188511622246,0.9204681332749632,0.8975839300598588,0.9319047684473972,0.4621885814769557,0.4498305450291532,0.4557460944214725,0.1855657925820931,0.08470244614822928,0.14190093708166,0.2335223245924876,0.1258366800535475,0.1815747839844225,0.6944247578549492,0.5376658147742485,0.6890592673725204,0.5726435152374203,0.502373128879153,0.591578434951929
"s05_confirmation","Equal-AOP","LIRCMOP14","LIR-CMOP",100,50000,2,237402,"all",249,400,50000,0.3333333333333332,0.3333333333333332,0.3333333333333332,0.3333333333333329,0.3333333333333329,0.3333333333333329,0.3333333333333329,0.3333333333333329,0.3333333333333329,16932,16434,16434,3686,1650,2726,0.217694306638318,0.1004016064257028,0.165875623706949,0.6210725253957005,0.5097359133503712,0.6242545941341122,0.9164139385392259,0.8894025702225002,0.92273902554148,0.4626093479778268,0.4496750312747963,0.4543307552178857,0.1963146704464918,0.08056468297432152,0.1530972374345868,0.2390739428301441,0.1202385298770841,0.1786540099793112,0.6963146704464919,0.5298770840939515,0.6880856760374833,0.545830380344909,0.4895947426067908,0.5604235122307412
"s05_confirmation","Equal-AOP","LIRCMOP14","LIR-CMOP",100,50000,3,237403,"all",249,400,50000,0.3333333333333332,0.3333333333333332,0.3333333333333332,0.3333333333333329,0.3333333333333329,0.3333333333333329,0.3333333333333329,0.3333333333333329,0.3333333333333329,16932,16434,16434,3542,1746,2704,0.2091896999763761,0.1062431544359255,0.164536935621273,0.6223127805339003,0.5063891931361811,0.6297918948521358,0.9157660551300244,0.8885284381248533,0.9254057684131525,0.460599059058862,0.4475925679290634,0.4533224148401883,0.1908811717458068,0.08202506997687721,0.1466471948399659,0.2274982282069454,0.1304612388949738,0.18242667640258,0.6984408221119773,0.5315808689302666,0.6901545576244371,0.5461847389558233,0.4811975173420956,0.5694292320798345
"s05_confirmation","Equal-AOP","LIRCMOP14","LIR-CMOP",100,50000,4,237404,"all",249,400,50000,0.3333333333333332,0.3333333333333332,0.3333333333333332,0.3333333333333329,0.3333333333333329,0.3333333333333329,0.3333333333333329,0.3333333333333329,0.3333333333333329,16932,16434,16434,3534,1819,2770,0.2087172218284904,0.1106851649020324,0.1685529998783011,0.6178832978974722,0.5059632469271024,0.6262017768041864,0.9136567302998432,0.8936880230574102,0.9241511659265756,0.4591624859046724,0.4466509745733725,0.4531840297679228,0.1837939995275218,0.08664962881830351,0.1527321406839479,0.233640444129459,0.1347207009857612,0.1843738590726542,0.6948972360028348,0.536813922356091,0.6916149446269928,0.5408693597921096,0.4751125714981136,0.5607886089813801
"s05_confirmation","Equal-AOP","LIRCMOP14","LIR-CMOP",100,50000,5,237405,"all",249,400,50000,0.3333333333333332,0.3333333333333332,0.3333333333333332,0.3333333333333329,0.3333333333333329,0.3333333333333329,0.3333333333333329,0.3333333333333329,0.3333333333333329,16932,16434,16434,3659,1672,2618,0.2160996928892039,0.1017402945113789,0.1593038821954485,0.6289274746042995,0.4965315808689303,0.6210904222952416,0.9156585209287107,0.8819877790014932,0.9192139939249175,0.462151763412169,0.4496450091815202,0.4565852577976938,0.1920623671155209,0.07630522088353414,0.1409273457466229,0.2401370186628868,0.1271753681392236,0.1776804186442741,0.6961965509095205,0.5134477303152002,0.6715346233418522,0.5616583982990787,0.4796154314226603,0.5706462212486308
"s05_confirmation","Equal-AOP","LIRCMOP1","LIR-CMOP",100,50000,1,236101,"all",249,400,50000,0.3333333333333332,0.3333333333333332,0.3333333333333332,0.3333333333333329,0.3333333333333329,0.3333333333333329,0.3333333333333329,0.3333333333333329,0.3333333333333329,16932,16434,16434,1627,1628,1200,0.09609024332624616,0.09906291834002677,0.07301935012778386,0.02557287975431136,0.01764634294754777,0.01022270901788974,0.769574964652462,0.7831659047029454,0.7668076051720233,0.7038465380898227,0.7192126004109251,0.7014201131149042,0.07748641625324829,0.03821345990020689,0.04137763173907752,0.114694070399244,0.1599123767798467,0.1046610685164902,0.05114575950862273,0.03517098697821589,0.02044541803577948,0,0.0001216989168796398,0
"s05_confirmation","Equal-AOP","LIRCMOP1","LIR-CMOP",100,50000,2,236102,"all",249,400,50000,0.3333333333333332,0.3333333333333332,0.3333333333333332,0.3333333333333329,0.3333333333333329,0.3333333333333329,0.3333333333333329,0.3333333333333329,0.3333333333333329,16932,16434,16434,1347,1570,1177,0.07955350815024805,0.09553364975051722,0.07161981258366801,0.02704937396645405,0.0223317512474139,0.01356942923207983,0.7499798912565759,0.804949758677341,0.7677708308639859,0.6936030643710518,0.7256426806642869,0.6977044474330705,0.07394283014410584,0.042229524157235,0.04880126566873555,0.08516418615639026,0.1488377753437994,0.09443835949860047,0.0540987479329081,0.0446635024948278,0.02713885846415967,0,0,0
"s05_confirmation","Equal-AOP","LIRCMOP1","LIR-CMOP",100,50000,3,236103,"all",249,400,50000,0.3333333333333332,0.3333333333333332,0.3333333333333332,0.3333333333333329,0.3333333333333329,0.3333333333333329,0.3333333333333329,0.3333333333333329,0.3333333333333329,16932,16434,16434,1563,1613,1104,0.09231041814316088,0.09815017646342948,0.06717780211756115,0.03094731868651075,0.01855908482414506,0.009918461725690641,0.7694561215864376,0.8026558329184359,0.7774429257016507,0.6957355837642736,0.7119793049586803,0.6913898635659874,0.07689581856839121,0.04052573932092005,0.03943044906900329,0.1077250177179305,0.1557746136059389,0.09492515516611902,0.0618946373730215,0.03711816964829013,0.01983692345138128,0,0,0
"s05_confirmation","Equal-AOP","LIRCMOP1","LIR-CMOP",100,50000,4,236104,"all",249,400,50000,0.3333333333333332,0.3333333333333332,0.3333333333333332,0.3333333333333329,0.3333333333333329,0.3333333333333329,0.3333333333333329,0.3333333333333329,0.3333333333333329,16932,16434,16434,1573,1782,1328,0.09290101582801795,0.108433734939759,0.08080808080808081,0.02616347743916844,0.01734209565534867,0.009796762808811001,0.7470583361652477,0.7713768261749498,0.7557667272258375,0.6987335461744234,0.7166682477026528,0.7014063794474331,0.08280179541696196,0.04089083607155896,0.04758427649993915,0.1030002362390739,0.1759766338079591,0.1140318851162225,0.05232695487833688,0.03456249239381769,0.01947182670074236,0,0.0001216989168796398,0.0001216989168796398
"s05_confirmation","Equal-AOP","LIRCMOP1","LIR-CMOP",100,50000,5,236105,"all",249,400,50000,0.3333333333333332,0.3333333333333332,0.3333333333333332,0.3333333333333329,0.3333333333333329,0.3333333333333329,0.3333333333333329,0.3333333333333329,0.3333333333333329,16932,16434,16434,1693,1743,1225,0.09998818804630286,0.1060606060606061,0.07454058658877936,0.02155681549728325,0.01448217110867713,0.007667031763417305,0.7670008981287506,0.7665566963163103,0.7593844121423123,0.7041347320453367,0.7059052528989438,0.6929134041083119,0.08351051263879046,0.04064743823779968,0.04685408299866131,0.1164658634538153,0.1714737738834125,0.1022270901788974,0.04299551145759509,0.02896434221735427,0.01533406352683461,0.0001181195369714151,0,0
"s05_confirmation","Equal-AOP","LIRCMOP2","LIR-CMOP",100,50000,1,236201,"all",249,400,50000,0.3333333333333332,0.3333333333333332,0.3333333333333332,0.3333333333333329,0.3333333333333329,0.3333333333333329,0.3333333333333329,0.3333333333333329,0.3333333333333329,16932,16434,16434,1344,2089,1339,0.07937632884479093,0.1271145186807837,0.08147742485091883,0.01813134892511221,0.01028355847632956,0.007119386637458927,0.7508613891681697,0.7676049820360717,0.757043018736139,0.7227315632102724,0.7578012094911092,0.730711114387985,0.07382471060713441,0.02640866496288183,0.03638797614701229,0.08492794708244744,0.2278203723986857,0.1265668735548253,0.03626269785022443,0.02056711695265912,0.01387367652427893,0,0,0.0003650967506389193
"s05_confirmation","Equal-AOP","LIRCMOP2","LIR-CMOP",100,50000,2,236202,"all",249,400,50000,0.3333333333333332,0.3333333333333332,0.3333333333333332,0.3333333333333329,0.3333333333333329,0.3333333333333329,0.3333333333333329,0.3333333333333329,0.3333333333333329,16932,16434,16434,1551,2135,1362,0.09160170092133239,0.1299135937690155,0.08287696239503468,0.02433262461611151,0.01697699890470975,0.006206644760861628,0.7844442053261371,0.763958369887802,0.7673076416559379,0.7060801182103589,0.716589413722005,0.6987404660333232,0.07961256791873376,0.0357794815626141,0.03310210539126202,0.103590833923931,0.2240477059754168,0.1326518193988074,0.04854712969525159,0.0339539978094195,0.01241328952172326,0.0001181195369714151,0,0
"s05_confirmation","Equal-AOP","LIRCMOP2","LIR-CMOP",100,50000,3,236203,"all",249,400,50000,0.3333333333333332,0.3333333333333332,0.3333333333333332,0.3333333333333329,0.3333333333333329,0.3333333333333329,0.3333333333333329,0.3333333333333329,0.3333333333333329,16932,16434,16434,1515,2026,1365,0.08947554925584691,0.1232810027990751,0.08305951077035414,0.01925348452634066,0.0134477303152002,0.007058537179019107,0.7999430302119965,0.7635339209065655,0.775345862966061,0.714430378020751,0.7213579857717959,0.7055291667575995,0.07287975431136309,0.03054642813678958,0.03346720214190094,0.1060713442003307,0.2160155774613606,0.1326518193988074,0.03850696905268131,0.02677376171352075,0.01411707435803821,0,0.0001216989168796398,0
"s05_confirmation","Equal-AOP","LIRCMOP2","LIR-CMOP",100,50000,4,236204,"all",249,400,50000,0.3333333333333332,0.3333333333333332,0.3333333333333332,0.3333333333333329,0.3333333333333329,0.3333333333333329,0.3333333333333329,0.3333333333333329,0.3333333333333329,16932,16434,16434,1078,1851,1188,0.06366643042759272,0.1126323475721066,0.07228915662650602,0.01594613749114103,0.0107095046854083,0.003772666423268833,0.7688837146094535,0.7798911026783782,0.7691072039910205,0.7062160890350087,0.7375599887102608,0.7110634968591533,0.06862745098039216,0.03042472921990994,0.03139832055494706,0.05870540987479329,0.1948399659243033,0.113179992698065,0.03177415544531065,0.0214190093708166,0.007301935012778387,0.0001181195369714151,0,0.0002433978337592795
"s05_confirmation","Equal-AOP","LIRCMOP2","LIR-CMOP",100,50000,5,236205,"all",249,400,50000,0.3333333333333332,0.3333333333333332,0.3333333333333332,0.3333333333333329,0.3333333333333329,0.3333333333333329,0.3333333333333329,0.3333333333333329,0.3333333333333329,16932,16434,16434,1460,1891,1267,0.086227261989133,0.1150663259096994,0.0770962638432518,0.0211433971178833,0.01241328952172326,0.00535475234270415,0.7972566460283884,0.7842304193810417,0.7905664611317221,0.7032761569624409,0.7212785708938384,0.7022580255609289,0.0744153082919915,0.03005963246927102,0.03444079347693806,0.09803921568627451,0.2000730193501278,0.1197517342095655,0.0422867942357666,0.02470488012656687,0.0107095046854083,0,0.0001216989168796398,0
"s05_confirmation","Equal-AOP","LIRCMOP3","LIR-CMOP",100,50000,1,236301,"all",249,400,50000,0.3333333333333332,0.3333333333333332,0.3333333333333332,0.3333333333333329,0.3333333333333329,0.3333333333333329,0.3333333333333329,0.3333333333333329,0.3333333333333329,16932,16434,16434,1328,1879,1327,0.07843137254901961,0.1143361324084216,0.08074723134964099,0.0297661233167966,0.01296093464768164,0.01058780576852866,0.6975805060353965,0.6613307835542748,0.6826985746325964,0.6852451770464933,0.7146527099859176,0.6908241594330856,0.0846917080085046,0.02786905196543751,0.04052573932092005,0.07217103708953461,0.2008032128514056,0.1209687233783619,0.0595322466335932,0.02592186929536327,0.02117561153705732,0,0,0
"s05_confirmation","Equal-AOP","LIRCMOP3","LIR-CMOP",100,50000,2,236302,"all",249,400,50000,0.3333333333333332,0.3333333333333332,0.3333333333333332,0.3333333333333329,0.3333333333333329,0.3333333333333329,0.3333333333333329,0.3333333333333329,0.3333333333333329,16932,16434,16434,1382,2095,1273,0.08162060004724782,0.1274796154314227,0.07746136059389072,0.021202456886369,0.01350857977364001,0.00553730071802361,0.703355028513432,0.5725977876492546,0.6460131962475839,0.7016484825825727,0.7109399585874699,0.6935044922233315,0.08114812189936216,0.03188511622246562,0.03699647073141049,0.08209307819513348,0.2230741146403797,0.1179262504563709,0.04240491377273801,0.02701715954728003,0.01107460143604722,0,0,0
"s05_confirmation","Equal-AOP","LIRCMOP3","LIR-CMOP",100,50000,3,236303,"all",249,400,50000,0.3333333333333332,0.3333333333333332,0.3333333333333332,0.3333333333333329,0.3333333333333329,0.3333333333333329,0.3333333333333329,0.3333333333333329,0.3333333333333329,16932,16434,16434,1271,2045,1277,0.07506496574533428,0.1244371425094317,0.07770475842765,0.03094731868651075,0.0211147620786175,0.01125714981136668,0.703384666349721,0.6460233707756163,0.6760216793490322,0.6859495200470327,0.7151544528479579,0.6911247944605857,0.09118828254193244,0.03797006206644761,0.04502859924546671,0.05894164894873612,0.2109042229524157,0.1103809176098333,0.06165839829907867,0.042229524157235,0.02251429962273336,0.0002362390739428301,0,0
"s05_confirmation","Equal-AOP","LIRCMOP3","LIR-CMOP",100,50000,4,236304,"all",249,400,50000,0.3333333333333332,0.3333333333333332,0.3333333333333332,0.3333333333333329,0.3333333333333329,0.3333333333333329,0.3333333333333329,0.3333333333333329,0.3333333333333329,16932,16434,16434,1146,1838,1201,0.06768249468462084,0.1118413046123889,0.07308019958622368,0.0313607370659107,0.01490811731775587,0.01210904222952416,0.7086412723041697,0.7038688282347033,0.7121868510992146,0.6969896185617449,0.7307169717079617,0.7058200330546717,0.09154264115284669,0.03103322380430814,0.04259462090787392,0.04382234821639499,0.1926493854204697,0.1035657782645734,0.0627214741318214,0.02981623463551174,0.02421808445904831,0,0,0
"s05_confirmation","Equal-AOP","LIRCMOP3","LIR-CMOP",100,50000,5,236305,"all",249,400,50000,0.3333333333333332,0.3333333333333332,0.3333333333333332,0.3333333333333329,0.3333333333333329,0.3333333333333329,0.3333333333333329,0.3333333333333329,0.3333333333333329,16932,16434,16434,1393,1935,1273,0.0822702575005906,0.1177437020810515,0.07746136059389072,0.027462792345854,0.01551661190215407,0.009735913350371182,0.7159951799147923,0.6579177471188346,0.6862261525076517,0.6983166750870273,0.7183031935211275,0.7003746609280973,0.08788093550673282,0.03298040647438238,0.03882195448460508,0.07665957949444838,0.2025069976877206,0.1161007667031763,0.05492558469170801,0.03103322380430814,0.01947182670074236,0,0,0
"s05_confirmation","Equal-AOP","LIRCMOP4","LIR-CMOP",100,50000,1,236401,"all",249,400,50000,0.3333333333333332,0.3333333333333332,0.3333333333333332,0.3333333333333329,0.3333333333333329,0.3333333333333329,0.3333333333333329,0.3333333333333329,0.3333333333333329,16932,16434,16434,1474,1982,1528,0.08705409874793291,0.120603626627723,0.09297797249604478,0.05108669974013702,0.0449677497870269,0.05373007180236096,0.6808941373619932,0.6741168105631791,0.6873832841796177,0.7183639204692381,0.7783831699496675,0.7433474146937751,0.08634538152610442,0.03687477181453085,0.06839479128635755,0.0877628159697614,0.2043324814409152,0.117561153705732,0.1020552799433026,0.08993549957405379,0.1074601436047219,0.0001181195369714151,0,0
"s05_confirmation","Equal-AOP","LIRCMOP4","LIR-CMOP",100,50000,2,236402,"all",249,400,50000,0.3333333333333332,0.3333333333333332,0.3333333333333332,0.3333333333333329,0.3333333333333329,0.3333333333333329,0.3333333333333329,0.3333333333333329,0.3333333333333329,16932,16434,16434,1498,1870,1325,0.08847153319158989,0.1137884872824632,0.08062553243276135,0.01759981100874084,0.01186564439576488,0.004928806133625411,0.7100866271629626,0.5978384416024232,0.6574020553247499,0.7170972573990712,0.7313734074430625,0.7115175792302312,0.07417906921804866,0.03237191188998418,0.03687477181453085,0.1027639971651311,0.1952050626749422,0.1243762930509918,0.03519962201748169,0.02373128879152975,0.009735913350371182,0,0,0.0001216989168796398
"s05_confirmation","Equal-AOP","LIRCMOP4","LIR-CMOP",100,50000,3,236403,"all",249,400,50000,0.3333333333333332,0.3333333333333332,0.3333333333333332,0.3333333333333329,0.3333333333333329,0.3333333333333329,0.3333333333333329,0.3333333333333329,0.3333333333333329,16932,16434,16434,1751,2122,1523,0.1034136546184739,0.1291225508092978,0.09267372520384569,0.03638081738719584,0.0202020202020202,0.01965437507606182,0.7124920076931548,0.6509190920022759,0.6893738019480777,0.6964728009577184,0.7216276488136628,0.704323893370873,0.08835341365461848,0.03103322380430814,0.04539369599610563,0.1184738955823293,0.2272118778142874,0.1399537544115857,0.07276163477439168,0.04040404040404041,0.03930875015212364,0,0,0
"s05_confirmation","Equal-AOP","LIRCMOP4","LIR-CMOP",100,50000,4,236404,"all",249,400,50000,0.3333333333333332,0.3333333333333332,0.3333333333333332,0.3333333333333329,0.3333333333333329,0.3333333333333329,0.3333333333333329,0.3333333333333329,0.3333333333333329,16932,16434,16434,1378,1955,1341,0.08138436097330498,0.1189606912498479,0.08159912376779847,0.02450980392156863,0.01472556894243641,0.007423633929658026,0.6958292938463638,0.591188243714202,0.6526696564557437,0.7077709363815873,0.7324879970527967,0.7069101437593743,0.09260571698558942,0.03200681513934526,0.04101253498843861,0.07016300496102056,0.2059145673603505,0.1221857125471583,0.04901960784313725,0.02945113788487282,0.01484726785931605,0,0,0
"s05_confirmation","Equal-AOP","LIRCMOP4","LIR-CMOP",100,50000,5,236405,"all",249,400,50000,0.3333333333333332,0.3333333333333332,0.3333333333333332,0.3333333333333329,0.3333333333333329,0.3333333333333329,0.3333333333333329,0.3333333333333329,0.3333333333333329,16932,16434,16434,1554,2110,1423,0.09177888022678951,0.12839235730802,0.0865887793598637,0.03183321521379636,0.0205062674942193,0.01338688085676037,0.6863208846215054,0.5675278488086327,0.6422483463903114,0.7022001706954701,0.734956050847682,0.7100108443533392,0.09614930309473187,0.03407569672629913,0.04271631982475356,0.08740845735884716,0.2227090178897408,0.1304612388949738,0.06366643042759272,0.04101253498843861,0.02653036387976147,0,0,0.0002433978337592795
"s05_confirmation","Equal-AOP","LIRCMOP5","LIR-CMOP",100,50000,1,236501,"all",249,400,50000,0.3333333333333332,0.3333333333333332,0.3333333333333332,0.3333333333333329,0.3333333333333329,0.3333333333333329,0.3333333333333329,0.3333333333333329,0.3333333333333329,16932,16434,16434,1663,1333,1113,0.09821639499173163,0.08111232810027991,0.06772544724351953,0.7299787384833452,0.5436899111597907,0.6964829013021784,0.9873427511309314,0.9776644135125392,0.9856853818058845,0.7590209610079554,0.8251899176139134,0.7800011874388503,0.08221119773210489,0.05379092126080078,0.0535475234270415,0.1142215922513584,0.108433734939759,0.08190337105999757,0.7156862745098039,0.5338931483509797,0.6748204940976026,0.7442712024568864,0.5534866739686016,0.7181453085067543
"s05_confirmation","Equal-AOP","LIRCMOP5","LIR-CMOP",100,50000,2,236502,"all",249,400,50000,0.3333333333333332,0.3333333333333332,0.3333333333333332,0.3333333333333329,0.3333333333333329,0.3333333333333329,0.3333333333333329,0.3333333333333329,0.3333333333333329,16932,16434,16434,2084,1560,1635,0.1230805575242145,0.09492515516611902,0.09948886454910551,0.4229860618946374,0.467567238651576,0.4686625289034927,0.9734899053572664,0.9761199395807257,0.9767523922632082,0.7696845227452828,0.7944126229866065,0.7870611671250018,0.086227261989133,0.08153827430935864,0.0798344894730437,0.159933853059296,0.1083120360228794,0.1191432396251673,0.4629104653909757,0.5043203115492272,0.4968966776195692,0.3830616583982991,0.4308141657539248,0.4404283801874163
"s05_confirmation","Equal-AOP","LIRCMOP5","LIR-CMOP",100,50000,3,236503,"all",249,400,50000,0.3333333333333332,0.3333333333333332,0.3333333333333332,0.3333333333333329,0.3333333333333329,0.3333333333333329,0.3333333333333329,0.3333333333333329,0.3333333333333329,16932,16434,16434,1842,1343,1358,0.1087880935506733,0.0817208226846781,0.08263356456127541,0.6458185683912119,0.5070585371790191,0.6238286479250335,0.9832731874244686,0.9732296354366242,0.9815805435333413,0.7725577249821586,0.8013800265954582,0.7776926054376909,0.0760689818095913,0.03419739564317877,0.05330412559328222,0.1415072052917553,0.1292442497261774,0.1119630035292686,0.5891802504134184,0.4439576487769259,0.5475234270414994,0.7024568863690054,0.5701594255811123,0.7001338688085676
"s05_confirmation","Equal-AOP","LIRCMOP5","LIR-CMOP",100,50000,4,236504,"all",249,400,50000,0.3333333333333332,0.3333333333333332,0.3333333333333332,0.3333333333333329,0.3333333333333329,0.3333333333333329,0.3333333333333329,0.3333333333333329,0.3333333333333329,16932,16434,16434,1979,1624,1645,0.1168792818332152,0.09881952050626749,0.1000973591335037,0.3698322702575006,0.5007910429597177,0.4733479372033589,0.9717977309578784,0.9820999041261301,0.9789344714883464,0.765593483310954,0.8030114701664041,0.784966130102669,0.08445546893456178,0.08202506997687721,0.08153827430935864,0.1493030947318686,0.1156139710356578,0.1186564439576488,0.4131821403260099,0.5433856638675916,0.5181939880735061,0.3264824001889913,0.4581964220518437,0.4285018863332116
"s05_confirmation","Equal-AOP","LIRCMOP5","LIR-CMOP",100,50000,5,236505,"all",249,400,50000,0.3333333333333332,0.3333333333333332,0.3333333333333332,0.3333333333333329,0.3333333333333329,0.3333333333333329,0.3333333333333329,0.3333333333333329,0.3333333333333329,16932,16434,16434,1707,1165,1246,0.1008150248051028,0.07088961908239017,0.07581842521601558,0.6774746042995512,0.5308506754289887,0.646951442132165,0.9849020679308794,0.9762060719624412,0.9833704094900123,0.7362538915505372,0.7791049123577818,0.746674753716562,0.07488778643987716,0.03383229889253986,0.05610320068151393,0.1267422631703284,0.1079469392722405,0.09553364975051722,0.6400897708480983,0.4562492393817695,0.5805038335158818,0.714859437751004,0.6054521114762078,0.7133990507484483
"s05_confirmation","Equal-AOP","LIRCMOP6","LIR-CMOP",100,50000,1,236601,"all",249,400,50000,0.3333333333333332,0.3333333333333332,0.3333333333333332,0.3333333333333329,0.3333333333333329,0.3333333333333329,0.3333333333333329,0.3333333333333329,0.3333333333333329,16932,16434,16434,1612,1631,1394,0.09520434679896055,0.09924546671534623,0.08482414506510892,0.4316087880935507,0.5952294024583181,0.5383960082755264,0.9700429689813238,0.9803963361661696,0.9762252167575237,0.7433828930683771,0.8072635917875772,0.7698914889896624,0.07335223245924875,0.08360715589631253,0.07034197395643178,0.1170564611386723,0.1148837775343799,0.09930631617378605,0.4699976376092606,0.6183521966654497,0.556407447973713,0.3932199385778408,0.5721066082511865,0.5203845685773396
"s05_confirmation","Equal-AOP","LIRCMOP6","LIR-CMOP",100,50000,2,236602,"all",249,400,50000,0.3333333333333332,0.3333333333333332,0.3333333333333332,0.3333333333333329,0.3333333333333329,0.3333333333333329,0.3333333333333329,0.3333333333333329,0.3333333333333329,16932,16434,16434,1771,1370,1213,0.104594849988188,0.08336375806255324,0.07381039308750152,0.6236711552090716,0.4640379700620664,0.5735061457953025,0.980671765370157,0.9714366991792397,0.9780541265306193,0.7427098830008918,0.8156613485502295,0.7703895341489302,0.08457358847153319,0.06072775952294025,0.05610320068151393,0.1246161115048429,0.1059997566021662,0.09151758549348911,0.6711552090715804,0.4792503346720214,0.5908482414506511,0.5761871013465627,0.4488256054521115,0.5561640501399537
"s05_confirmation","Equal-AOP","LIRCMOP6","LIR-CMOP",100,50000,3,236603,"all",249,400,50000,0.3333333333333332,0.3333333333333332,0.3333333333333332,0.3333333333333329,0.3333333333333329,0.3333333333333329,0.3333333333333329,0.3333333333333329,0.3333333333333329,16932,16434,16434,2030,1637,1603,0.1198913300259863,0.09961056346598515,0.09754168187903128,0.4933853059296008,0.4611780455153949,0.4955579895338931,0.9743368655031406,0.972262024071408,0.9744989785140675,0.7581166457886418,0.7905482526351691,0.7727036162278831,0.08079376328844791,0.07387124254594134,0.07241085554338567,0.1589888967635247,0.125349884386029,0.1226725082146769,0.5418143160878809,0.4702446148229281,0.517220396738469,0.4449562957713206,0.4521114762078617,0.4738955823293173
"s05_confirmation","Equal-AOP","LIRCMOP6","LIR-CMOP",100,50000,4,236604,"all",249,400,50000,0.3333333333333332,0.3333333333333332,0.3333333333333332,0.3333333333333329,0.3333333333333329,0.3333333333333329,0.3333333333333329,0.3333333333333329,0.3333333333333329,16932,16434,16434,1754,1206,1178,0.103590833923931,0.07338444687842278,0.07168066204210782,0.618946373730215,0.4578313253012048,0.5850066934404283,0.9811373260143457,0.971760574180204,0.9792437481202573,0.7442703108293733,0.7938085612815392,0.7589907337980034,0.0760689818095913,0.04539369599610563,0.05281732992576366,0.1311126860382707,0.1013751977607399,0.09054399415845199,0.6406803685329554,0.4586832177193623,0.5714981136667884,0.5972123789274746,0.4569794328830473,0.5985152732140684
"s05_confirmation","Equal-AOP","LIRCMOP6","LIR-CMOP",100,50000,5,236605,"all",249,400,50000,0.3333333333333332,0.3333333333333332,0.3333333333333332,0.3333333333333329,0.3333333333333329,0.3333333333333329,0.3333333333333329,0.3333333333333329,0.3333333333333329,16932,16434,16434,2010,1523,1496,0.1187101346562721,0.09267372520384569,0.09103078982597054,0.6605835105126387,0.476025313374711,0.6327126688572472,0.9829671800910774,0.9718838552367268,0.9814352157289375,0.773999025222182,0.8367451397374218,0.7904150614475692,0.1011103236475313,0.06498722161372764,0.08677132773518316,0.136309945665013,0.1203602287939637,0.09529025191675794,0.6776517836050082,0.4956796884507728,0.6278447121820616,0.6435152374202693,0.4563709382986492,0.6375806255324328
"s05_confirmation","Equal-AOP","LIRCMOP7","LIR-CMOP",100,50000,1,236701,"all",249,400,50000,0.3333333333333332,0.3333333333333332,0.3333333333333332,0.3333333333333329,0.3333333333333329,0.3333333333333329,0.3333333333333329,0.3333333333333329,0.3333333333333329,16932,16434,16434,2521,1311,1702,0.1488896763524687,0.07977364001460387,0.1035657782645734,0.4254665721710371,0.3465376658147742,0.3995983935742972,0.9699600992089887,0.962554253143914,0.9674897703187284,0.7503777972120061,0.742177907164314,0.7344728722929291,0.07795889440113395,0.0333455032250213,0.0523305342582451,0.2198204583038035,0.1262017768041865,0.1548010222709018,0.4479092841956059,0.33783619325788,0.3974686625289035,0.4030238601464682,0.3552391383716685,0.4017281246196909
"s05_confirmation","Equal-AOP","LIRCMOP7","LIR-CMOP",100,50000,2,236702,"all",249,400,50000,0.3333333333333332,0.3333333333333332,0.3333333333333332,0.3333333333333329,0.3333333333333329,0.3333333333333329,0.3333333333333329,0.3333333333333329,0.3333333333333329,16932,16434,16434,1650,1392,1135,0.09744861800141744,0.08470244614822928,0.06906413532919557,0.5399244034963383,0.3086284532067665,0.4679931848606547,0.9764108654119339,0.9629930565903326,0.9725206350144163,0.7695064954020806,0.8412294970691108,0.7915731445190479,0.06366643042759272,0.03894365340148473,0.04575879274674455,0.1312308055752421,0.1304612388949738,0.09236947791164658,0.5420505551618238,0.3057076792016551,0.4426189606912498,0.5377982518308528,0.3115492272118778,0.4933674090300597
"s05_confirmation","Equal-AOP","LIRCMOP7","LIR-CMOP",100,50000,3,236703,"all",249,400,50000,0.3333333333333332,0.3333333333333332,0.3333333333333332,0.3333333333333329,0.3333333333333329,0.3333333333333329,0.3333333333333329,0.3333333333333329,0.3333333333333329,16932,16434,16434,1665,1258,1284,0.09833451452870305,0.07654861871729342,0.07813070463672873,0.5102173399480274,0.3802482657904345,0.4728002920774005,0.9765606765561321,0.9689495048974973,0.9739798931204127,0.7541696791950731,0.7948898762836691,0.7656448173913237,0.06638317977793527,0.03699647073141049,0.05269563100888402,0.1302858492794708,0.1161007667031763,0.1035657782645734,0.48747932908103,0.3435560423512231,0.4260679079956188,0.5329553508150248,0.4169404892296459,0.5195326761591822
"s05_confirmation","Equal-AOP","LIRCMOP7","LIR-CMOP",100,50000,4,236704,"all",249,400,50000,0.3333333333333332,0.3333333333333332,0.3333333333333332,0.3333333333333329,0.3333333333333329,0.3333333333333329,0.3333333333333329,0.3333333333333329,0.3333333333333329,16932,16434,16434,2162,1447,1620,0.1276872194660997,0.08804916636241937,0.09857612267250822,0.4076305220883534,0.2762565413167823,0.3697821589387855,0.9706669626790838,0.9616866481150601,0.968352507615272,0.7621428463614827,0.7842033773388234,0.7641496772606902,0.07228915662650602,0.03261530972374346,0.05269563100888402,0.1830852823056934,0.1434830230010953,0.1444566143361324,0.4459012520670919,0.2841669709139589,0.367895825727151,0.3693597921096149,0.2683461117196057,0.3716684921504199
"s05_confirmation","Equal-AOP","LIRCMOP7","LIR-CMOP",100,50000,5,236705,"all",249,400,50000,0.3333333333333332,0.3333333333333332,0.3333333333333332,0.3333333333333329,0.3333333333333329,0.3333333333333329,0.3333333333333329,0.3333333333333329,0.3333333333333329,16932,16434,16434,1867,1345,1236,0.110264587762816,0.08184252160155775,0.07520993063161738,0.4895464209780298,0.3372885481319216,0.4519289278325423,0.9749663554417175,0.9662714657498451,0.9725063896931277,0.7591495231846411,0.8073150374329061,0.7703623462343403,0.07276163477439168,0.03650967506389193,0.04539369599610563,0.1477675407512403,0.1271753681392236,0.1050261652671291,0.4722419088117175,0.3102105391262018,0.4142631130582938,0.506850933144342,0.3643665571376415,0.4895947426067908
"s05_confirmation","Equal-AOP","LIRCMOP8","LIR-CMOP",100,50000,1,236801,"all",249,400,50000,0.3333333333333332,0.3333333333333332,0.3333333333333332,0.3333333333333329,0.3333333333333329,0.3333333333333329,0.3333333333333329,0.3333333333333329,0.3333333333333329,16932,16434,16434,1944,1135,1280,0.1148121899362154,0.06906413532919557,0.07788730680296946,0.3811717458067564,0.3075331629548497,0.3781185347450408,0.9691764122864305,0.9674685767839366,0.9699019846389466,0.7397398138665773,0.7797808908696365,0.743234426062083,0.06827309236947791,0.03565778264573445,0.05160034075696726,0.161351287502953,0.1024704880126567,0.1041742728489716,0.3986534372785259,0.3261530972374346,0.3835949860046245,0.363690054334987,0.2889132286722648,0.372642083485457
"s05_confirmation","Equal-AOP","LIRCMOP8","LIR-CMOP",100,50000,2,236802,"all",249,400,50000,0.3333333333333332,0.3333333333333332,0.3333333333333332,0.3333333333333329,0.3333333333333329,0.3333333333333329,0.3333333333333329,0.3333333333333329,0.3333333333333329,16932,16434,16434,1914,1184,1323,0.1130403968816442,0.07204575879274674,0.08050383351588171,0.3329199149539334,0.2822806377023244,0.3314470001216989,0.9679698796894954,0.9671985732156027,0.9684006196680771,0.7397895661109082,0.7793722018658916,0.7435358996425803,0.06957240727616348,0.03431909456005842,0.05184373859072654,0.156508386487125,0.1097724230254351,0.1091639284410369,0.3618001417434444,0.3253012048192771,0.3473287087744919,0.3040396881644224,0.2392600705853718,0.3155652914689059
"s05_confirmation","Equal-AOP","LIRCMOP8","LIR-CMOP",100,50000,3,236803,"all",249,400,50000,0.3333333333333332,0.3333333333333332,0.3333333333333332,0.3333333333333329,0.3333333333333329,0.3333333333333329,0.3333333333333329,0.3333333333333329,0.3333333333333329,16932,16434,16434,1638,1538,1134,0.09673990077958894,0.09358646708044298,0.06900328587075576,0.5513819985825655,0.3143483023001095,0.4885603018133138,0.9775627432432352,0.9636559743894184,0.9736705338109236,0.7991524342392423,0.8973455994896776,0.8375365549284154,0.06130403968816442,0.04807107216745771,0.04295971765851284,0.1321757618710135,0.1391018619934282,0.09504685408299866,0.6971415072052918,0.3716684921504199,0.5701594255811123,0.4056224899598393,0.2570281124497992,0.4069611780455154
"s05_confirmation","Equal-AOP","LIRCMOP8","LIR-CMOP",100,50000,4,236804,"all",249,400,50000,0.3333333333333332,0.3333333333333332,0.3333333333333332,0.3333333333333329,0.3333333333333329,0.3333333333333329,0.3333333333333329,0.3333333333333329,0.3333333333333329,16932,16434,16434,2005,1848,1439,0.1184148358138436,0.1124497991967871,0.08756237069490082,0.6340066146940704,0.3969818668613849,0.535475234270415,0.9821383716006381,0.9675452655514202,0.9752472062801691,0.7807310732459244,0.9030291429349212,0.8378774615753979,0.07536026458776282,0.05062674942193014,0.05257393209200438,0.1614694070399244,0.1742728489716442,0.1225508092977973,0.7192298606189463,0.4836314956796884,0.5990020688815869,0.5487833687691944,0.3103322380430814,0.471948399659243
"s05_confirmation","Equal-AOP","LIRCMOP8","LIR-CMOP",100,50000,5,236805,"all",249,400,50000,0.3333333333333332,0.3333333333333332,0.3333333333333332,0.3333333333333329,0.3333333333333329,0.3333333333333329,0.3333333333333329,0.3333333333333329,0.3333333333333329,16932,16434,16434,1988,1185,1432,0.1174108197495866,0.07210660825118656,0.08713642448582208,0.4334396409166076,0.3233540221492029,0.3990507484483388,0.9743769717413957,0.9695108790364515,0.9720264018603388,0.7516726243755499,0.7869993569120904,0.7574553826340183,0.0705173635719348,0.03590118047949373,0.05196543750760618,0.1643042759272384,0.1083120360228794,0.122307411464038,0.4376328844790928,0.3111841304612389,0.3779968358281611,0.4292463973541223,0.3355239138371668,0.4201046610685165
"s05_confirmation","Equal-AOP","LIRCMOP9","LIR-CMOP",100,50000,1,236901,"all",249,400,50000,0.3333333333333332,0.3333333333333332,0.3333333333333332,0.3333333333333329,0.3333333333333329,0.3333333333333329,0.3333333333333329,0.3333333333333329,0.3333333333333329,16932,16434,16434,2513,2833,2607,0.148417198204583,0.1723865157600097,0.1586345381526104,0.6616465863453815,0.6418400876232202,0.7179627601314348,0.911043945100582,0.9109706629975811,0.9345786546793675,0.8463710074826298,0.8688763900483646,0.8617432741737009,0.1354831089062131,0.1450651089205306,0.1492028720944384,0.161351287502953,0.1997079225994889,0.1680662042107825,0.8439640916607607,0.7653644882560545,0.8534745040769137,0.4793290810300024,0.5183156869903858,0.582451016185956
"s05_confirmation","Equal-AOP","LIRCMOP9","LIR-CMOP",100,50000,2,236902,"all",249,400,50000,0.3333333333333332,0.3333333333333332,0.3333333333333332,0.3333333333333329,0.3333333333333329,0.3333333333333329,0.3333333333333329,0.3333333333333329,0.3333333333333329,16932,16434,16434,2150,2711,2418,0.1269785022442712,0.1649628818303517,0.1471339905074845,0.6408575478384124,0.6389193136181088,0.7132773518315687,0.893260380219673,0.9046423110431711,0.9277940623262688,0.8319722213620487,0.8536369684867651,0.8464760148924428,0.1165839829907867,0.1415358403310211,0.1394669587440672,0.1373730214977557,0.1883899233296824,0.1548010222709018,0.8462083628632175,0.7681635633442863,0.8606547401728125,0.4355067328136074,0.5096750638919314,0.5658999634903249
"s05_confirmation","Equal-AOP","LIRCMOP9","LIR-CMOP",100,50000,3,236903,"all",249,400,50000,0.3333333333333332,0.3333333333333332,0.3333333333333332,0.3333333333333329,0.3333333333333329,0.3333333333333329,0.3333333333333329,0.3333333333333329,0.3333333333333329,16932,16434,16434,1956,2514,2308,0.1155209071580439,0.1529755385177072,0.1404405500791043,0.6650129931490668,0.6375197760739929,0.7188146525495923,0.9013090335563116,0.9051845371652859,0.9302084406092583,0.860593837349478,0.8908418584195819,0.8805075076986555,0.1119773210489015,0.1365461847389558,0.1412924424972618,0.1190644932671864,0.1694048922964586,0.1395886576609468,0.8659343255374439,0.7584276499939151,0.853717901910673,0.4640916607606898,0.5166119021540708,0.5839114031885116
"s05_confirmation","Equal-AOP","LIRCMOP9","LIR-CMOP",100,50000,4,236904,"all",249,400,50000,0.3333333333333332,0.3333333333333332,0.3333333333333332,0.3333333333333329,0.3333333333333329,0.3333333333333329,0.3333333333333329,0.3333333333333329,0.3333333333333329,16932,16434,16434,2553,2813,2693,0.1507795889440113,0.1711695265912133,0.1638675915784349,0.6827899834632648,0.6515151515151515,0.7397468662528903,0.9179609776096785,0.9145309674744369,0.9409164731467995,0.829841222343259,0.8519088747678502,0.8434189577373276,0.1470588235294118,0.1513934525982719,0.1545576244371425,0.1545003543586109,0.1909456005841548,0.1731775587197274,0.8504606661941885,0.7615918218327857,0.8652792990142387,0.5151193007323411,0.5414384811975174,0.6142144334915419
"s05_confirmation","Equal-AOP","LIRCMOP9","LIR-CMOP",100,50000,5,236905,"all",249,400,50000,0.3333333333333332,0.3333333333333332,0.3333333333333332,0.3333333333333329,0.3333333333333329,0.3333333333333329,0.3333333333333329,0.3333333333333329,0.3333333333333329,16932,16434,16434,2223,2705,2456,0.1312898653437279,0.1645977850797128,0.1494462699281977,0.6875738247106071,0.6683704515029816,0.7517950590239747,0.9171867092987536,0.9170741452376016,0.9414990912826195,0.842254810514016,0.8671042868520153,0.8558818328542579,0.1241436333569572,0.147620786175003,0.143239625167336,0.1384360973304985,0.1815747839844225,0.1556529146890593,0.857429718875502,0.7764390896921017,0.8692953632712669,0.5177179305457122,0.5603018133138615,0.6342947547766825
"s05_confirmation","Objective-Credit-AOP","CF10","CF",100,50000,1,266001,"all",249,400,50000,0.3403659754948948,0.311239985958666,0.3483940385464392,0.3403659754948946,0.3112399859586656,0.348394038546439,0.3403659754948946,0.3112399859586656,0.348394038546439,16970,15506,17324,2785,876,2468,0.1641131408367708,0.05649426028634077,0.1424613253290233,0.5770771950500884,0.4655617180446279,0.6543523435696144,0.6773360053814735,0.5622559935247696,0.7330011851976843,0.5818907699975072,0.5303532812398791,0.593329722778294,0.1700648202710666,0.05610731329807817,0.1437312398984068,0.1581614614024749,0.05688120727460338,0.1411914107596398,0.6585739540365351,0.5067715722945957,0.7225813899792196,0.4955804360636417,0.4243518637946601,0.5861232971600092
"s05_confirmation","Objective-Credit-AOP","CF10","CF",100,50000,2,266002,"all",249,400,50000,0.3405763002242061,0.3162458188492644,0.3431778809265295,0.3405763002242062,0.3162458188492644,0.3431778809265297,0.3405763002242062,0.3162458188492644,0.3431778809265297,16966,15742,17092,2875,989,2408,0.1694565601791819,0.06282556219031889,0.1408846243856775,0.5249911587881646,0.393533223224495,0.5706763398080974,0.6323025150028183,0.5082121853385086,0.6625768700612641,0.594012372615576,0.5485947225747687,0.5955896028115455,0.1774136508310739,0.06898742218269598,0.1366721273110227,0.1614994695272899,0.05666370219794181,0.1450971214603323,0.6049746551927384,0.4417481895566002,0.6266089398549028,0.4450076623835907,0.3453182568923898,0.5147437397612918
"s05_confirmation","Objective-Credit-AOP","CF10","CF",100,50000,3,266003,"all",249,400,50000,0.3350209298297634,0.3188826309177386,0.346096439252498,0.3350209298297635,0.3188826309177384,0.3460964392524977,0.3350209298297635,0.3188826309177384,0.3460964392524977,16696,15860,17244,2924,1094,3019,0.1751317680881648,0.06897856242118537,0.1750753885409418,0.5897220891231433,0.5208070617906684,0.716539086058919,0.675819317867612,0.5945944822988488,0.7815174457215349,0.5636202101537178,0.5335795094473146,0.5791994939408643,0.1782462865356972,0.07238335435056746,0.1773370447691951,0.1720172496406325,0.06557377049180328,0.1728137323126885,0.6605174892189746,0.5556116015132408,0.7716307121317559,0.518926689027312,0.4860025220680959,0.6614474599860821
"s05_confirmation","Objective-Credit-AOP","CF10","CF",100,50000,4,266004,"all",249,400,50000,0.336273486122378,0.331139668194823,0.3325868456827989,0.336273486122378,0.331139668194823,0.3325868456827991,0.336273486122378,0.331139668194823,0.3325868456827991,16746,16504,16550,1910,444,1064,0.114057088259883,0.02690256907416384,0.06429003021148036,0.3063418129702615,0.2403659718856035,0.3217522658610272,0.4734140389001045,0.3954370896030929,0.479459266417315,0.7186273472935955,0.7110993494653395,0.7121891667433161,0.1209841156096978,0.03284052350945225,0.06489425981873112,0.1071300609100681,0.02096461463887542,0.06368580060422961,0.4063059835184522,0.3299806107610276,0.4049546827794562,0.2063776424220709,0.1507513330101793,0.2385498489425982
"s05_confirmation","Objective-Credit-AOP","CF10","CF",100,50000,5,266005,"all",249,400,50000,0.3452145453635238,0.3130555288501959,0.3417299257862804,0.3452145453635238,0.3130555288501958,0.3417299257862805,0.3452145453635238,0.3130555288501958,0.3417299257862805,17176,15606,17018,2833,854,2090,0.1649394503959013,0.05472254261181596,0.1228111411446703,0.4760130414531905,0.357362552864283,0.5190386649430015,0.6057713578251176,0.4820445156314308,0.632823808141213,0.5907709218408812,0.5339731526830935,0.5832458116263413,0.1640661387983232,0.05856721773676791,0.1268069103302386,0.1658127619934793,0.05087786748686403,0.1188153719591021,0.5560083837913368,0.3968986287325388,0.5757433305911388,0.3960176991150443,0.3178264769960272,0.4623339992948642
"s05_confirmation","Objective-Credit-AOP","CF1","CF",100,50000,1,265101,"all",249,400,50000,0.3234645599277133,0.3469542049419415,0.3295812351303451,0.3234645599277137,0.3469542049419413,0.3295812351303451,0.3234645599277137,0.3469542049419413,0.3295812351303451,16016,17366,16418,1215,2924,1891,0.07586163836163837,0.1683749856040539,0.1151784626629309,0.2584290709290709,0.1419440285615571,0.2606894871482519,0.7803450346246681,0.7480241530376179,0.776543814155553,0.6016106317876336,0.6459738890071298,0.6129122531048216,0.07717282717282717,0.196706207531959,0.1565355098063101,0.07455044955044955,0.1400437636761488,0.07382141551955171,0.3424075924075924,0.2459979269837614,0.3479108295772932,0.1744505494505494,0.03789013013935276,0.1734681447192106
"s05_confirmation","Objective-Credit-AOP","CF1","CF",100,50000,2,265102,"all",249,400,50000,0.3235399792513594,0.3469332861262586,0.329526734622382,0.3235399792513595,0.3469332861262588,0.3295267346223821,0.3235399792513595,0.3469332861262588,0.3295267346223821,15998,17372,16430,1199,2789,1882,0.07494686835854482,0.160545705733364,0.114546561168594,0.2569071133891737,0.1342965691918029,0.2595861229458308,0.7825126222175448,0.7451455094752641,0.777838955883145,0.6013428567144861,0.6455805987859983,0.6126278182314995,0.07688461057632204,0.1839742113746258,0.157273280584297,0.0730091261407676,0.1371172000921022,0.07181984175289105,0.3289161145143143,0.2311766060326963,0.3605599513085819,0.184898112264033,0.03741653235090951,0.1586122945830797
"s05_confirmation","Objective-Credit-AOP","CF1","CF",100,50000,3,265103,"all",249,400,50000,0.3229418697693169,0.3470331167649057,0.3300250134657774,0.3229418697693171,0.3470331167649056,0.3300250134657772,0.3229418697693171,0.3470331167649056,0.3300250134657772,16004,17368,16428,1317,2905,1871,0.08229192701824543,0.1672616305849839,0.113890917944972,0.2697450637340665,0.1494127130354675,0.2580959337716094,0.7857080766962151,0.7486137248647124,0.7778773946448245,0.6020816744462346,0.6477463969019031,0.6154023910673069,0.08797800549862535,0.1953017042837402,0.1552227903579255,0.07660584853786553,0.1392215568862275,0.0725590455320185,0.3667833041739565,0.2616305849838784,0.3598733869004139,0.1727068232941764,0.03719484108705665,0.156318480642805
"s05_confirmation","Objective-Credit-AOP","CF1","CF",100,50000,4,265104,"all",249,400,50000,0.323614837619413,0.3473905693768622,0.3289945930037249,0.3236148376194131,0.3473905693768622,0.328994593003725,0.3236148376194131,0.3473905693768622,0.328994593003725,16002,17380,16418,1251,2714,1798,0.078177727784027,0.156156501726122,0.1095139481057376,0.260779902512186,0.1296892980437284,0.2722621512973565,0.7804795830887347,0.7458953342368598,0.784839725067948,0.6049531441972542,0.6501586654709419,0.6152152279533352,0.07111611048618922,0.1713463751438435,0.1452064806919235,0.08523934508186477,0.1409666283084005,0.07382141551955171,0.3494563179602549,0.2195627157652474,0.3697161651845535,0.172103487064117,0.03981588032220944,0.1748081374101596
"s05_confirmation","Objective-Credit-AOP","CF1","CF",100,50000,5,265105,"all",249,400,50000,0.3232092810381509,0.3466648935835966,0.3301258253782525,0.3232092810381513,0.3466648935835963,0.3301258253782524,0.3232092810381513,0.3466648935835963,0.3301258253782524,16012,17354,16434,1231,2757,1830,0.07687984011991007,0.1588682724443932,0.1113545089448704,0.2571196602548089,0.1353578425723176,0.2500304247292199,0.7804424437320984,0.7393583809313767,0.7721392835308325,0.5994941875742631,0.6437950172907753,0.6124373351154533,0.07344491631276542,0.1898121470554339,0.1461603991724474,0.08031476392705471,0.1279243978333525,0.07654861871729342,0.3361229078191357,0.2334908378471822,0.3397833759279543,0.1781164126904821,0.03722484729745304,0.1602774735304856
"s05_confirmation","Objective-Credit-AOP","CF2","CF",100,50000,1,265201,"all",249,400,50000,0.3567675674666159,0.3063899975004163,0.3368424350329678,0.3567675674666159,0.3063899975004164,0.3368424350329678,0.3567675674666159,0.3063899975004164,0.3368424350329678,17790,15258,16752,1404,576,647,0.07892074198988196,0.03775068816358632,0.03862225405921681,0.7735806632939853,0.8560099619871543,0.8253342884431709,0.9902182045775508,0.993766959423551,0.9920654109823055,0.7478137516136808,0.6407967522610606,0.7052722332116684,0.08521641371557055,0.03814392449862367,0.04106972301814708,0.07262507026419336,0.03735745182854896,0.03617478510028653,0.865654862282181,0.9068029885961463,0.8648519579751671,0.6815064643057898,0.8052169353781623,0.7858166189111748
"s05_confirmation","Objective-Credit-AOP","CF2","CF",100,50000,2,265202,"all",249,400,50000,0.354945718748633,0.3085946348695437,0.3364596463818234,0.3549457187486328,0.3085946348695438,0.3364596463818234,0.3549457187486328,0.3085946348695438,0.3364596463818234,17680,15350,16770,1361,566,686,0.07697963800904978,0.03687296416938111,0.04090638044126416,0.8054298642533937,0.8813680781758958,0.850268336314848,0.9913799130565776,0.9946029297017446,0.9929636426018198,0.7304489998236532,0.6337089088126604,0.6917063204798144,0.08156108597285068,0.03882736156351792,0.04269528920691711,0.07239819004524888,0.0349185667752443,0.03911747167561121,0.8880090497737556,0.9175244299674267,0.8757304710793082,0.7228506787330317,0.8452117263843648,0.8248062015503876
"s05_confirmation","Objective-Credit-AOP","CF2","CF",100,50000,3,265203,"all",249,400,50000,0.3553582213512004,0.3092762576922382,0.3353655209565614,0.3553582213512006,0.3092762576922383,0.3353655209565615,0.3553582213512006,0.3092762576922383,0.3353655209565615,17694,15400,16706,1287,568,551,0.07273652085452696,0.03688311688311689,0.03298216209745002,0.8237255566858822,0.8907792207792208,0.863941099006345,0.9922056478270975,0.995156775244035,0.9936361251953587,0.7233423362830034,0.6281039703071601,0.6821598720371165,0.07742737651181192,0.03662337662337662,0.03435891296540165,0.06804566519724201,0.03714285714285714,0.03160541122949839,0.8968011755397309,0.9268831168831169,0.8916556925655453,0.7506499378320335,0.8546753246753247,0.8362265054471447
"s05_confirmation","Objective-Credit-AOP","CF2","CF",100,50000,4,265204,"all",249,400,50000,0.3565577313318097,0.3077325956403208,0.3357096730278695,0.35655773133181,0.3077325956403209,0.3357096730278694,0.35655773133181,0.3077325956403209,0.3357096730278694,17744,15318,16738,1387,629,637,0.07816726780883679,0.04106280193236715,0.03805711554546541,0.7734445446348062,0.8502415458937198,0.8294300394312343,0.9902734632650326,0.9935093648500394,0.9922373152699798,0.7519697430424375,0.6471531663673403,0.707161982600243,0.08419747520288548,0.04086695391043217,0.04074560879436014,0.0721370604147881,0.04125864995430212,0.03536862229657068,0.869702434625789,0.9062540801671236,0.8727446528856494,0.6771866546438232,0.794229011620316,0.7861154259768192
"s05_confirmation","Objective-Credit-AOP","CF2","CF",100,50000,5,265205,"all",249,400,50000,0.3552895790645137,0.308348918299803,0.3363615026356834,0.3552895790645139,0.3083489182998029,0.3363615026356834,0.3552895790645139,0.3083489182998029,0.3363615026356834,17692,15358,16750,1330,618,660,0.07517522043861632,0.04023961453314234,0.03940298507462687,0.8037531087497174,0.8752441724182837,0.841134328358209,0.9914699623330645,0.9945027774544014,0.9926631642550394,0.7296802470224393,0.6320296288286873,0.6902739963994,0.08184490165046349,0.04076051569214741,0.03653731343283582,0.06850553922676916,0.03971871337413726,0.04226865671641791,0.8815283744065114,0.9178278421669488,0.8776119402985074,0.7259778430929233,0.8326605026696184,0.8046567164179105
"s05_confirmation","Objective-Credit-AOP","CF3","CF",100,50000,1,265301,"all",249,400,50000,0.3585251587101544,0.3012721927796535,0.3402026485101921,0.3585251587101545,0.3012721927796537,0.3402026485101921,0.3585251587101545,0.3012721927796537,0.3402026485101921,17862,15002,16936,2376,642,1981,0.1330198186093383,0.04279429409412078,0.1169697685403873,0.8923412831709775,0.9316757765631249,0.831542276806802,0.9736152071819266,0.9828126757915895,0.9562444812843286,0.8779569307933883,0.7363377940734944,0.8328754467865623,0.1204792296495353,0.03479536061858419,0.09801606046291922,0.1455604075691412,0.05079322756965738,0.1359234766178554,0.9187101108498489,0.9558725503266231,0.8813179026924893,0.8659724554921061,0.9074790027996267,0.7817666509211147
"s05_confirmation","Objective-Credit-AOP","CF3","CF",100,50000,2,265302,"all",249,400,50000,0.3573532928222941,0.3031487437088214,0.3394979634688843,0.3573532928222942,0.3031487437088215,0.3394979634688843,0.3573532928222942,0.3031487437088215,0.3394979634688843,17820,15100,16880,2495,754,2152,0.1400112233445567,0.04993377483443709,0.1274881516587678,0.9491021324354658,0.9626490066225165,0.9633886255924171,0.9878446171499453,0.9912811189257608,0.9890193133043208,0.868877856818416,0.7342428044075318,0.8254952300656172,0.1418630751964085,0.05245033112582782,0.1277251184834123,0.1381593714927048,0.04741721854304635,0.1272511848341232,0.9616161616161616,0.9660927152317881,0.9787914691943128,0.9365881032547699,0.9592052980132451,0.9479857819905213
"s05_confirmation","Objective-Credit-AOP","CF3","CF",100,50000,3,265303,"all",249,400,50000,0.3485441540391201,0.3280649211015217,0.3233909248593583,0.3485441540391199,0.3280649211015217,0.3233909248593581,0.3485441540391199,0.3280649211015217,0.3233909248593581,17366,16348,16086,1900,760,980,0.1094091903719912,0.04648886713971128,0.06092254134029591,0.980939767361511,0.9835453878150232,0.9857640184010941,0.9973201152073246,0.9976274761060954,0.9978835705132316,0.8567976848940976,0.8094884850044877,0.7948837376099442,0.1001957848669815,0.04391974553462197,0.05694392639562353,0.118622595877001,0.04905798874480059,0.0649011562849683,0.9818035241276056,0.9850746268656716,0.9858261842596047,0.9800760105954164,0.9820161487643748,0.9857018525425836
"s05_confirmation","Objective-Credit-AOP","CF3","CF",100,50000,4,265304,"all",249,400,50000,0.3574490137307787,0.3038101051218444,0.3387408811473769,0.3574490137307785,0.3038101051218445,0.3387408811473772,0.3574490137307785,0.3038101051218445,0.3387408811473772,17796,15128,16876,1884,717,1554,0.1058664868509777,0.04739555790586991,0.09208343209291302,0.9316138458080467,0.9258328926493918,0.8987911827447262,0.9851702539904824,0.9863042094700228,0.9808034019359912,0.870362595836055,0.7376809427300159,0.8249569311739871,0.102045403461452,0.05037017451084082,0.08817255273761555,0.1096875702405035,0.044420941300899,0.09599431144821048,0.9388626657675883,0.934690639873083,0.9106423323062337,0.9243650258485053,0.9169751454257007,0.8869400331832188
"s05_confirmation","Objective-Credit-AOP","CF3","CF",100,50000,5,265305,"all",249,400,50000,0.3562625092773137,0.3032343994341187,0.3405030912885676,0.3562625092773135,0.3032343994341188,0.3405030912885679,0.3562625092773135,0.3032343994341188,0.3405030912885679,17744,15098,16958,2423,771,2122,0.1365532010820559,0.05106636640614651,0.1251326807406534,0.9520401262398557,0.9627765266922771,0.9565396862837598,0.9883044481291106,0.9911510779701199,0.9873058152305683,0.8699600528939306,0.7381509438488465,0.8316987549419694,0.1364968440036068,0.04941051794939727,0.1279632032079255,0.136609558160505,0.05272221486289574,0.1223021582733813,0.9602119026149685,0.9647635448403762,0.9656799150843259,0.943868349864743,0.960789508544178,0.9473994574831938
"s05_confirmation","Objective-Credit-AOP","CF4","CF",100,50000,1,265401,"all",249,400,50000,0.3626726869134444,0.3034831344333719,0.3338441786531836,0.3626726869134447,0.303483134433372,0.3338441786531838,0.3626726869134447,0.303483134433372,0.3338441786531838,18060,15110,16630,1497,542,609,0.08289036544850498,0.03587028457974851,0.03662056524353578,0.8484496124031008,0.5836532097948378,0.7298256163559832,0.9936180168611354,0.9853403319628957,0.9895221099933474,0.828662519725843,0.6916151813806438,0.7620532654586419,0.08183831672203765,0.03732627399073461,0.03571858087793145,0.08394241417497232,0.03441429516876241,0.03752254960914011,0.8957918050941307,0.6062210456651225,0.7598316295850872,0.8011074197120709,0.5610853739245533,0.6998196031268792
"s05_confirmation","Objective-Credit-AOP","CF4","CF",100,50000,2,265402,"all",249,400,50000,0.364526388397297,0.2993807662479266,0.3360928453547765,0.3645263883972968,0.2993807662479268,0.3360928453547765,0.3645263883972968,0.2993807662479268,0.3360928453547765,18158,14910,16732,1744,590,1011,0.09604582002423175,0.03957075788061704,0.06042314128615826,0.72337261812975,0.7358148893360161,0.7551996174994023,0.9879976422906234,0.988778579670234,0.9892380063008558,0.8643216185139057,0.7080280835666107,0.795848334370524,0.09604582002423175,0.03755868544600939,0.06024384413100645,0.09604582002423175,0.04158283031522468,0.06060243844131007,0.8410617909461394,0.8077800134138162,0.8288309825484103,0.6056834453133605,0.6638497652582159,0.6815682524503944
"s05_confirmation","Objective-Credit-AOP","CF4","CF",100,50000,3,265403,"all",249,400,50000,0.3644021735453215,0.2993778620439845,0.336219964410694,0.3644021735453216,0.2993778620439846,0.3362199644106939,0.3644021735453216,0.2993778620439846,0.3362199644106939,18138,14910,16752,1653,504,953,0.09113463446907046,0.03380281690140845,0.05688872970391595,0.7951813871430147,0.8441985244802146,0.8369149952244508,0.9909689819490434,0.9932206344758279,0.9929493633033739,0.862349264800967,0.7060759578839373,0.7946877719540946,0.08644834050060646,0.03420523138832998,0.05551575931232092,0.09582092843753445,0.03340040241448692,0.05826170009551098,0.8995479104642188,0.8802146210596915,0.8874164278892073,0.6908148638218106,0.8081824279007378,0.7864135625596944
"s05_confirmation","Objective-Credit-AOP","CF4","CF",100,50000,4,265404,"all",249,400,50000,0.3551597478887275,0.3084782986419763,0.3363619534692961,0.3551597478887273,0.3084782986419763,0.336361953469296,0.3551597478887273,0.3084782986419763,0.336361953469296,17692,15362,16746,1445,572,684,0.08167533348406059,0.037234735060539,0.04084557506270154,0.7808048835631924,0.8558781408670746,0.8356025319479279,0.9900157766229988,0.9937641799350336,0.9926690222857918,0.8388276069569484,0.7271854495687223,0.7939337779090494,0.08320144698168663,0.03684416091654732,0.03809865042398185,0.08014921998643455,0.03762530920453066,0.04359249970142123,0.891702464390685,0.8903788569196719,0.8848680281858354,0.6699073027356998,0.8213774248144773,0.7863370357100203
"s05_confirmation","Objective-Credit-AOP","CF4","CF",100,50000,5,265405,"all",249,400,50000,0.3656214418782764,0.2985375606258476,0.3358409974958759,0.3656214418782763,0.2985375606258479,0.335840997495876,0.3656214418782763,0.2985375606258479,0.335840997495876,18218,14868,16714,1626,632,936,0.08925238774838072,0.04250739843960183,0.05600095728132105,0.723734767812054,0.7270648372343288,0.7418331937298074,0.9879820672848521,0.9887727561896128,0.9893123908331747,0.8613864031095985,0.7005831949548271,0.7903716672278824,0.08958173235261829,0.04008609093354856,0.05504367596027283,0.08892304314414315,0.0449287059456551,0.05695823860236927,0.8387309254583379,0.7988969599139091,0.8160823261936101,0.6087386101657701,0.6552327145547484,0.6675840612660046
"s05_confirmation","Objective-Credit-AOP","CF5","CF",100,50000,1,265501,"all",249,400,50000,0.3633930344446931,0.3023171214629268,0.3342898440923801,0.3633930344446933,0.3023171214629269,0.3342898440923801,0.3633930344446933,0.3023171214629269,0.3342898440923801,18094,15048,16658,1875,636,961,0.1036255112191887,0.04226475279106858,0.05768999879937568,0.841439151099812,0.7019537480063796,0.7892904310241325,0.9753917165864917,0.9469213235582881,0.9578630493744436,0.7384266594592579,0.612478436445085,0.6781479036376129,0.1043439814303084,0.04133439659755449,0.0565494056909593,0.102907041008069,0.04319510898458267,0.05883059190779205,0.8523267381452415,0.713184476342371,0.8033377356225238,0.8305515640543827,0.6907230196703881,0.7752431264257413
"s05_confirmation","Objective-Credit-AOP","CF5","CF",100,50000,2,265502,"all",249,400,50000,0.3525720977182599,0.3067502513552923,0.3406776509264479,0.35257209771826,0.3067502513552922,0.3406776509264478,0.35257209771826,0.3067502513552922,0.3406776509264478,17562,15282,16956,1708,724,976,0.09725543787723494,0.04737599790603324,0.05756074545883463,0.9624758000227764,0.9028922915848711,0.9406699693323897,0.9931942597310397,0.9807615552361768,0.9863890496588615,0.7356219189470283,0.6400221593538402,0.7114025327153628,0.09497779296207721,0.04816123544038738,0.05307855626326964,0.09953308279239266,0.0465907603716791,0.06204293465439963,0.9744903769502334,0.9079963355581731,0.9479830148619958,0.9504612230953194,0.8977882476115692,0.9333569238027837
"s05_confirmation","Objective-Credit-AOP","CF5","CF",100,50000,3,265503,"all",249,400,50000,0.3420984977942114,0.3148376418809677,0.3430638603248208,0.3420984977942116,0.3148376418809679,0.3430638603248212,0.3420984977942116,0.3148376418809679,0.3430638603248212,17060,15658,17082,1577,560,988,0.09243845252051583,0.03576446544897177,0.0578386605783866,0.9352286049237983,0.931792055179461,0.9340826601100574,0.9904842983031307,0.9882537056540545,0.9886150323443776,0.7501004272282924,0.6988530958730027,0.7598873681297187,0.09390386869871044,0.03525354451398646,0.05561409670998712,0.09097303634232122,0.03627538638395708,0.06006322444678609,0.9369284876905041,0.9370289947630605,0.9353705655075518,0.9335287221570926,0.9265551155958616,0.9327947547125629
"s05_confirmation","Objective-Credit-AOP","CF5","CF",100,50000,4,265504,"all",249,400,50000,0.342483614381258,0.3149068561169372,0.3426095295018047,0.342483614381258,0.3149068561169372,0.3426095295018048,0.342483614381258,0.3149068561169372,0.3426095295018048,17038,15682,17080,1790,652,1037,0.1050592792581289,0.04157632954980232,0.06071428571428571,0.9731776030050475,0.9236704501976789,0.9644613583138173,0.9945127252289073,0.9841781019936464,0.9914669899151342,0.7544836353729094,0.699878134130456,0.7617667328688917,0.1003638924756427,0.04310674658844535,0.05901639344262295,0.1097546660406151,0.04004591251115929,0.06241217798594847,0.9805141448526823,0.9297283509756409,0.9704918032786886,0.9658410611574129,0.9176125494197169,0.9584309133489461
"s05_confirmation","Objective-Credit-AOP","CF5","CF",100,50000,5,265505,"all",249,400,50000,0.3445403199037574,0.3170684720039795,0.3383912080922631,0.3445403199037574,0.3170684720039794,0.338391208092263,0.3445403199037574,0.3170684720039794,0.338391208092263,17160,15780,16860,1905,910,1346,0.111013986013986,0.05766793409378961,0.07983392645314354,0.8909090909090909,0.8749049429657795,0.8973902728351127,0.9807182045868463,0.9771793719747086,0.9773059130583964,0.7364915868787003,0.683779568510643,0.7282185702778702,0.1115384615384615,0.05754119138149556,0.07508896797153025,0.1104895104895105,0.05779467680608365,0.08457888493475682,0.9264568764568765,0.9002534854245881,0.9204033214709372,0.8553613053613054,0.8495564005069709,0.8743772241992882
"s05_confirmation","Objective-Credit-AOP","CF6","CF",100,50000,1,265601,"all",249,400,50000,0.3417682178293164,0.3231153657297212,0.3351164164409625,0.341768217829316,0.3231153657297214,0.3351164164409624,0.341768217829316,0.3231153657297214,0.3351164164409624,16992,16062,16746,1379,587,858,0.08115583804143126,0.0365458846967999,0.05123611608742386,0.8641713747645952,0.9132113061885195,0.9042159321629045,0.9674759845880619,0.9846281785664902,0.9790622914905063,0.7178644309148015,0.6778843830772617,0.7034833779840918,0.0800376647834275,0.03760428340181796,0.05493849277439389,0.08227401129943503,0.03548748599178184,0.04753373940045384,0.9203154425612052,0.9345037977835886,0.9325211990923206,0.808027306967985,0.8919188145934503,0.8759106652334886
"s05_confirmation","Objective-Credit-AOP","CF6","CF",100,50000,2,265602,"all",249,400,50000,0.3397751437654294,0.3249840244305028,0.3352408318040679,0.3397751437654291,0.3249840244305029,0.3352408318040678,0.3397751437654291,0.3249840244305029,0.3352408318040678,16922,16174,16704,1433,614,907,0.08468266162392152,0.03796216149375541,0.05429837164750958,0.7743765512350786,0.828366514158526,0.8278855363984674,0.9447998399038924,0.9641331175347346,0.9580046097000361,0.7335422020211479,0.7014410565100299,0.7238578067870963,0.08710554308001418,0.04105354272288859,0.0610632183908046,0.08225978016782887,0.03487078026462223,0.04753352490421456,0.8577000354568018,0.8558179794732287,0.8702107279693486,0.6910530670133554,0.8009150488438235,0.7855603448275862
"s05_confirmation","Objective-Credit-AOP","CF6","CF",100,50000,3,265603,"all",249,400,50000,0.3407195000148928,0.3240674356267955,0.3352130643583118,0.3407195000148929,0.3240674356267953,0.3352130643583118,0.3407195000148929,0.3240674356267953,0.3352130643583118,16972,16114,16714,1413,570,933,0.08325477256658025,0.03537296760580862,0.05582146703362451,0.8075654018383219,0.8411939928012908,0.8442024649994017,0.9512643534513896,0.9689553996031881,0.9627591724759201,0.7458791529916002,0.7089319872345508,0.7336221473655918,0.08378505774216356,0.03711058706714658,0.05659925810697618,0.08272448739099694,0.03363534814447065,0.05504367596027283,0.8506952627857648,0.8567705101154276,0.8649036735670695,0.7644355408908791,0.825617475487154,0.8235012564317339
"s05_confirmation","Objective-Credit-AOP","CF6","CF",100,50000,4,265604,"all",249,400,50000,0.3422043339736264,0.3217050846336211,0.3360905813927527,0.3422043339736266,0.3217050846336211,0.3360905813927522,0.3422043339736266,0.3217050846336211,0.3360905813927522,17000,16004,16796,1416,574,857,0.08329411764705882,0.03586603349162709,0.05102405334603477,0.8081764705882353,0.8454136465883529,0.862467254108121,0.9579791037961655,0.9638256070340487,0.9685518765166321,0.7373968268544929,0.6926534335213803,0.7240058149381017,0.08964705882352941,0.03786553361659585,0.0535841867111217,0.07694117647058824,0.03386653336665833,0.04846391998094784,0.8836470588235295,0.8742814296425894,0.9010478685401286,0.7327058823529412,0.8165458635341165,0.8238866396761133
"s05_confirmation","Objective-Credit-AOP","CF6","CF",100,50000,5,265605,"all",249,400,50000,0.3404269558385027,0.3256068473968556,0.3339661967646417,0.3404269558385026,0.3256068473968557,0.3339661967646416,0.3404269558385026,0.3256068473968557,0.3339661967646416,16984,16214,16602,1443,588,954,0.08496231747527085,0.03626495621068213,0.05746295627032887,0.8016368346679228,0.8827556432712471,0.8570051800987832,0.9504395799929847,0.9782375554339657,0.9671381750512591,0.7438807443869628,0.7111654538457525,0.7295806489933421,0.08466792275082431,0.0337979523868262,0.05698108661607035,0.08525671219971738,0.03873196003453806,0.0579448259245874,0.8396137541215262,0.8956457382508943,0.8831466088423081,0.7636599152143193,0.8698655482915999,0.8308637513552584
"s05_confirmation","Objective-Credit-AOP","CF7","CF",100,50000,1,265701,"all",249,400,50000,0.3457167925742438,0.3193335606173474,0.3349496468084087,0.3457167925742437,0.3193335606173474,0.3349496468084091,0.3457167925742437,0.3193335606173474,0.3349496468084091,17206,15912,16682,1959,1088,1453,0.1138556317563641,0.06837606837606838,0.08709986812132837,0.7937347436940602,0.7736928104575164,0.770051552571634,0.9277448533729524,0.8728387847130741,0.8952324262496433,0.8127120596048175,0.7564407606879894,0.7918322596194184,0.1155410903173312,0.06347410759175465,0.08284378371897853,0.112170173195397,0.0732780291603821,0.09135595252367822,0.822038823666163,0.7836852689793866,0.7906725812252727,0.7654306637219574,0.763700351935646,0.7494305239179955
"s05_confirmation","Objective-Credit-AOP","CF7","CF",100,50000,2,265702,"all",249,400,50000,0.3223406308257237,0.3293336799397738,0.3483256892345025,0.3223406308257235,0.3293336799397737,0.3483256892345024,0.3223406308257235,0.3293336799397737,0.3483256892345024,16062,16404,17334,1381,1080,1557,0.08597933009587846,0.06583760058522312,0.08982346832814123,0.9358112314780227,0.9164228237015362,0.9669435790931118,0.9775655926976262,0.9692631777726846,0.9872404102839304,0.8349304776813002,0.860140199436965,0.9085495289893727,0.08716224629560453,0.06803218727139722,0.09091958001615323,0.0847964138961524,0.06364301389904901,0.08872735664012922,0.943593574897273,0.923555230431602,0.9697703934464059,0.9280288880587723,0.9092904169714704,0.9641167647398177
"s05_confirmation","Objective-Credit-AOP","CF7","CF",100,50000,3,265703,"all",249,400,50000,0.3715165464090807,0.2879195551345733,0.3405638984563459,0.3715165464090806,0.2879195551345733,0.3405638984563461,0.3715165464090806,0.2879195551345733,0.3405638984563461,18510,14340,16950,1901,903,1773,0.1027012425715829,0.06297071129707113,0.1046017699115044,0.8357644516477579,0.6751046025104602,0.727315634218289,0.955657307020613,0.89890863205431,0.9018894704578707,0.8522382463146201,0.6543326074917452,0.7799790096481543,0.1012425715829282,0.06736401673640167,0.1082005899705015,0.1041599135602377,0.05857740585774059,0.1010029498525074,0.9186385737439222,0.7306834030683403,0.7768731563421829,0.7528903295515937,0.6195258019525802,0.6777581120943953
"s05_confirmation","Objective-Credit-AOP","CF7","CF",100,50000,4,265704,"all",249,400,50000,0.3235058003781845,0.3243454534669141,0.3521487461549013,0.3235058003781844,0.3243454534669142,0.3521487461549013,0.3235058003781844,0.3243454534669142,0.3521487461549013,16114,16144,17542,1641,1303,2141,0.1018369120019859,0.08071110009910802,0.1220499372933531,0.967543750775723,0.958374628344896,0.9705278759548512,0.9888015184015073,0.985218177231162,0.9890343767281262,0.8227504847249452,0.8332086410407443,0.9060687247675372,0.1027677795705598,0.08077304261645193,0.1211948466537453,0.1009060444334119,0.08064915758176412,0.1229050279329609,0.9792726821397543,0.966798810703667,0.9797058488199749,0.9558148194116917,0.9499504459861249,0.9613499030897276
"s05_confirmation","Objective-Credit-AOP","CF7","CF",100,50000,5,265705,"all",249,400,50000,0.3675190811573001,0.2938754534136579,0.338605465429042,0.3675190811573001,0.2938754534136579,0.3386054654290417,0.3675190811573001,0.2938754534136579,0.3386054654290417,18302,14624,16874,1809,522,939,0.0988416566495465,0.03569474835886215,0.05564774208842006,0.9036717298655884,0.9352434354485777,0.8955789972739125,0.9826857972927023,0.9836400323346899,0.9774469165126831,0.8273956384470772,0.6572542396726853,0.7608258939152301,0.1005354606053983,0.03829321663019693,0.05546995377503852,0.09714785269369468,0.03309628008752735,0.05582553040180159,0.9449240520161731,0.9578774617067833,0.9128837264430485,0.8624194077150038,0.912609409190372,0.8782742681047766
"s05_confirmation","Objective-Credit-AOP","CF8","CF",100,50000,1,265801,"all",249,400,50000,0.3374019665447348,0.3342559771623513,0.328342056292914,0.3374019665447349,0.3342559771623514,0.3283420562929141,0.3374019665447349,0.3342559771623514,0.3283420562929141,16824,16640,16336,2031,629,1092,0.1207203994293866,0.03780048076923077,0.0668462291870715,0.4293271516880647,0.39453125,0.3937928501469148,0.569325123785987,0.5410305234796055,0.5355147841903429,0.7529587308056032,0.7467911409203264,0.733294898828691,0.1151925820256776,0.03689903846153846,0.05974534769833496,0.1262482168330956,0.03870192307692308,0.07394711067580803,0.5345934379457917,0.4919471153846154,0.4729431929480901,0.3240608654303376,0.2971153846153846,0.3146425073457395
"s05_confirmation","Objective-Credit-AOP","CF8","CF",100,50000,2,265802,"all",249,400,50000,0.3348971917507768,0.336276463277206,0.3288263449720173,0.334897191750777,0.3362764632772058,0.3288263449720169,0.334897191750777,0.3362764632772058,0.3288263449720169,16644,16752,16404,1905,659,1121,0.1144556596971882,0.03933858643744031,0.06833699097781029,0.4707402066810863,0.460243553008596,0.4403194342843209,0.5917102451289507,0.5883786761970906,0.5679216003262398,0.7460351095638823,0.750705731101927,0.7330821252365856,0.1124729632299928,0.03342884431709647,0.06327724945135332,0.1164383561643836,0.04524832855778414,0.07339673250426725,0.5420571977889931,0.5432187201528176,0.5040234089246525,0.3994232155731795,0.3772683858643744,0.3766154596439893
"s05_confirmation","Objective-Credit-AOP","CF8","CF",100,50000,3,265803,"all",249,400,50000,0.3355890455652902,0.3359060154293306,0.3285049390053791,0.3355890455652906,0.3359060154293307,0.328504939005379,0.3355890455652906,0.3359060154293307,0.328504939005379,16698,16730,16372,1918,631,1064,0.114864055575518,0.03771667662881052,0.06498900561935012,0.4599952090070667,0.4197250448296473,0.4127168336183729,0.5904331089095799,0.5573077957279159,0.5489623395278849,0.7526596500712358,0.7547331302701662,0.7370280546192847,0.1082764402922506,0.03036461446503287,0.05509406303444906,0.1214516708587855,0.04506873879258817,0.07488394820425116,0.5252126003114146,0.4774656306037059,0.4650623014903494,0.3947778177027189,0.3619844590555887,0.3603713657463963
"s05_confirmation","Objective-Credit-AOP","CF8","CF",100,50000,4,265804,"all",249,400,50000,0.3359946175200903,0.334784972892534,0.3292204095873758,0.3359946175200902,0.3347849728925336,0.3292204095873758,0.3359946175200902,0.3347849728925336,0.3292204095873758,16690,16712,16398,1829,676,1127,0.1095865787896944,0.04044997606510292,0.06872789364556653,0.4753145596165368,0.4248444231689804,0.4215758019270643,0.608455729199686,0.5756067867827814,0.5680484472217572,0.7351233163090142,0.7343139268732128,0.7211315864295765,0.0975434391851408,0.03446625179511728,0.0606171484327357,0.121629718394248,0.04643370033508856,0.07683863885839737,0.5610545236668664,0.5140019147917664,0.4901817294792048,0.3895745955662073,0.3356869315461943,0.3529698743749238
"s05_confirmation","Objective-Credit-AOP","CF8","CF",100,50000,5,265805,"all",249,400,50000,0.3392555578690009,0.3337600387300974,0.3269844034009016,0.3392555578690011,0.3337600387300974,0.3269844034009017,0.3392555578690011,0.3337600387300974,0.3269844034009017,16884,16642,16274,1861,554,905,0.1102226960435916,0.03328926811681288,0.05561017574044488,0.435501066098081,0.3680447061651244,0.3795624923190365,0.5597873371968282,0.4956180946633686,0.5050175047759844,0.7280654315864902,0.7171058779823675,0.7018646585500073,0.1019900497512438,0.03389015743300084,0.05161607472041293,0.1184553423359394,0.03268837880062492,0.05960427676047683,0.5073442312248282,0.4411729359451989,0.4296423743394371,0.3636579009713338,0.2949164763850499,0.3294826102986358
"s05_confirmation","Objective-Credit-AOP","CF9","CF",100,50000,1,265901,"all",249,400,50000,0.3353442434582325,0.3351466165126387,0.3295091400291288,0.3353442434582325,0.3351466165126389,0.3295091400291289,0.3353442434582325,0.3351466165126389,0.3295091400291289,16698,16708,16394,2038,718,1037,0.1220505449754462,0.04297342590375868,0.06325484933512261,0.5604862857827285,0.4902441943978932,0.5163474441868976,0.7006255506884207,0.6503243451530351,0.6631168759499301,0.7614392654367468,0.7627835311203197,0.7488724008229924,0.1113905856988861,0.04033995690687096,0.0578260339148469,0.1327105042520062,0.0456068949006464,0.06868366475539832,0.5982752425440172,0.5050275317213311,0.5361717701598145,0.5226973290214397,0.4754608570744553,0.4965231182139807
"s05_confirmation","Objective-Credit-AOP","CF9","CF",100,50000,2,265902,"all",249,400,50000,0.3342467385443449,0.3357699225597047,0.3299833388959504,0.3342467385443447,0.3357699225597048,0.3299833388959504,0.3342467385443447,0.3357699225597048,0.3299833388959504,16642,16728,16430,1994,669,1061,0.1198173296478789,0.03999282639885222,0.06457699330493001,0.5590674197812763,0.5062769010043041,0.526110772976263,0.6936678809105721,0.6617850002745715,0.6716012643469067,0.7610385997872176,0.765266358961942,0.7515012601650813,0.1138084364859993,0.03861788617886179,0.05757760194765672,0.1258262228097584,0.04136776661884266,0.07157638466220329,0.6038937627688979,0.5344332855093257,0.5550821667681071,0.5142410767936546,0.4781205164992827,0.4971393791844188
"s05_confirmation","Objective-Credit-AOP","CF9","CF",100,50000,3,265903,"all",249,400,50000,0.3354675557139599,0.3356370360992351,0.3288954081868051,0.3354675557139598,0.3356370360992353,0.3288954081868051,0.3354675557139598,0.3356370360992353,0.3288954081868051,16672,16730,16398,1991,659,1070,0.1194217850287908,0.03939031679617454,0.06525185998292475,0.5611204414587332,0.489599521817095,0.5150018294914014,0.6997768788817733,0.6524768066710883,0.6646094442003621,0.7736758193410571,0.7750295446111034,0.7588239452946155,0.1092850287907869,0.03658099222952779,0.06134894499329187,0.1295585412667946,0.04219964136282128,0.06915477497255763,0.5960892514395394,0.5062761506276151,0.5359190145139651,0.5261516314779271,0.472922893006575,0.4940846444688377
"s05_confirmation","Objective-Credit-AOP","CF9","CF",100,50000,4,265904,"all",249,400,50000,0.3339568307989738,0.3354101903518316,0.3306329788491947,0.3339568307989735,0.3354101903518317,0.3306329788491948,0.3339568307989735,0.3354101903518317,0.3306329788491948,16620,16736,16444,1869,681,1062,0.1124548736462094,0.04069072657743786,0.06458282656288007,0.5613116726835138,0.5118307839388145,0.5327171004621747,0.693501476218245,0.6679529489477117,0.6737426477534216,0.775661001709628,0.7790962669340887,0.7681035593225878,0.1120336943441637,0.03537284894837476,0.06263682802237898,0.1128760529482551,0.04600860420650096,0.06652882510338118,0.6140794223826714,0.5492351816443595,0.5577718316711262,0.5085439229843562,0.4744263862332696,0.5076623692532231
"s05_confirmation","Objective-Credit-AOP","CF9","CF",100,50000,5,265905,"all",249,400,50000,0.3338907628445485,0.3365772367304904,0.3295320004249612,0.3338907628445485,0.3365772367304906,0.3295320004249614,0.3338907628445485,0.3365772367304906,0.3295320004249614,16600,16790,16410,2013,735,1053,0.1212650602409639,0.04377605717689101,0.06416819012797075,0.5636144578313254,0.5010125074449077,0.5226691042047532,0.6999562487742961,0.6613970994034102,0.6700322018593018,0.7672836823219823,0.7740999966521006,0.7574247375969956,0.1153012048192771,0.03883263847528291,0.05996343692870201,0.1272289156626506,0.0487194758784991,0.06837294332723949,0.6115662650602409,0.5241215008933889,0.5471054235222426,0.5156626506024097,0.4779035139964264,0.4982327848872639
"s05_confirmation","Objective-Credit-AOP","DASCMOP1","DAS-CMOP",100,50000,1,267501,"all",249,400,50000,0.3309031412454029,0.339176464930215,0.3299203938243822,0.330903141245403,0.3391764649302147,0.329920393824382,0.330903141245403,0.3391764649302147,0.329920393824382,16512,16886,16402,1778,1464,1457,0.1076792635658915,0.08669904062537014,0.0888306304109255,0.2341327519379845,0.2256306999881559,0.2238751371783929,0.7430912775613571,0.7938487975598318,0.7624150170788285,0.770085209540434,0.8046172044026091,0.7752124009995197,0.06128875968992248,0.03162383039204075,0.04206804048286794,0.1540697674418605,0.1417742508586995,0.1355932203389831,0.4061288759689923,0.4209404240198981,0.3870259724423851,0.06213662790697674,0.0303209759564136,0.06072430191440068
"s05_confirmation","Objective-Credit-AOP","DASCMOP1","DAS-CMOP",100,50000,2,267502,"all",249,400,50000,0.3376562104608978,0.3338243536841246,0.3285194358549776,0.3376562104608978,0.333824353684125,0.3285194358549776,0.3376562104608978,0.333824353684125,0.3285194358549776,16796,16652,16352,2130,1491,1628,0.1268159085496547,0.08953879413884218,0.09955968688845401,0.2495236961181234,0.2244174873889022,0.2339774951076321,0.771033288925986,0.7932371871857604,0.7687451212462589,0.7690878831256803,0.7735604572606324,0.7534501444821978,0.06668254346272923,0.03110737448955081,0.04452054794520548,0.1869492736365801,0.1479702137881335,0.1545988258317025,0.4558228149559419,0.4248138361758347,0.4208659491193738,0.04322457728030484,0.02402113860196973,0.04708904109589041
"s05_confirmation","Objective-Credit-AOP","DASCMOP1","DAS-CMOP",100,50000,3,267503,"all",249,400,50000,0.3332680326543266,0.3372582723684198,0.3294736949772536,0.3332680326543268,0.3372582723684199,0.3294736949772537,0.3332680326543268,0.3372582723684199,0.3294736949772537,16614,16790,16396,1965,1483,1531,0.1182737450343084,0.08832638475282907,0.09337643327640888,0.2388949079089924,0.2150089338892198,0.216333252012686,0.7378823178174847,0.7902008631558879,0.7568360824326742,0.7690090933384719,0.793738725021769,0.7672285525326763,0.06271818947875286,0.02882668254913639,0.03781410100024396,0.173829300589864,0.1478260869565217,0.1489387655525738,0.4224148308655351,0.3965455628350208,0.3770431812637229,0.05537498495244974,0.0334723049434187,0.05562332276164918
"s05_confirmation","Objective-Credit-AOP","DASCMOP1","DAS-CMOP",100,50000,4,267504,"all",249,400,50000,0.3265937879404036,0.34321249955307,0.3301937125065262,0.3265937879404037,0.34321249955307,0.3301937125065263,0.3265937879404037,0.34321249955307,0.3301937125065263,16300,17066,16434,1679,1484,1344,0.1030061349693251,0.08695652173913043,0.08178167214311792,0.2212269938650307,0.2150474627915153,0.2151636850432031,0.7238162441047411,0.7938823961177293,0.7569192304279442,0.7738344890351088,0.8268162992625456,0.7903716989178574,0.06282208588957056,0.03023555607640923,0.04308141657539248,0.1431901840490798,0.1436774874018516,0.1204819277108434,0.3714110429447853,0.3995077932731748,0.3637580625532433,0.07104294478527608,0.03058713230985585,0.06656930753316295
"s05_confirmation","Objective-Credit-AOP","DASCMOP1","DAS-CMOP",100,50000,5,267505,"all",249,400,50000,0.332770304014521,0.337665529641733,0.329564166343746,0.3327703040145209,0.337665529641733,0.329564166343746,0.3327703040145209,0.337665529641733,0.329564166343746,16590,16772,16438,2054,1545,1580,0.1238095238095238,0.0921178154066301,0.09611874923956686,0.2386377335744424,0.221380872883377,0.2234456746562842,0.7410232463378019,0.7896909575418821,0.7573046312341916,0.7661380296104202,0.7917877190501084,0.7652537219537214,0.06280892103676913,0.03088480801335559,0.03735247597031269,0.1848101265822785,0.1533508227999046,0.154885022508821,0.4260397830018083,0.4193894586215121,0.396520257938922,0.05123568414707655,0.02337228714524207,0.05037109137364643
"s05_confirmation","Objective-Credit-AOP","DASCMOP2","DAS-CMOP",100,50000,1,267601,"all",249,400,50000,0.3255049767342731,0.3444645860953994,0.3300304371703276,0.3255049767342732,0.3444645860953996,0.3300304371703274,0.3255049767342732,0.3444645860953996,0.3300304371703274,16200,17178,16422,1573,1418,1375,0.09709876543209876,0.08254744440563512,0.08372914383144563,0.215,0.2172546280125742,0.2269516502253075,0.6947883042132907,0.7954291790409138,0.7520795028889399,0.7600858197859387,0.8193290856415669,0.7778572797680642,0.04666666666666667,0.02433344976132262,0.03069053708439898,0.1475308641975309,0.1407614390499476,0.1367677505784923,0.3607407407407408,0.3854930725346373,0.3809523809523809,0.06925925925925926,0.04901618349051112,0.07295091949823408
"s05_confirmation","Objective-Credit-AOP","DASCMOP2","DAS-CMOP",100,50000,2,267602,"all",249,400,50000,0.3299897485769662,0.3395314502997075,0.3304788011233262,0.3299897485769661,0.3395314502997074,0.3304788011233264,0.3299897485769661,0.3395314502997074,0.3304788011233264,16426,16930,16444,1834,1456,1512,0.1116522586143918,0.08600118133490844,0.09194843103867673,0.2224522099111165,0.2164796219728293,0.230540014594989,0.7160700476553576,0.7933867458870356,0.7618859634275765,0.762298478030597,0.8012053975321417,0.7704288390921655,0.0546694265189334,0.02350856467808624,0.03296035027973729,0.1686350907098502,0.1484937979917307,0.1509365117976162,0.3776938999147693,0.3936207914943887,0.3956458282656288,0.06721051990746378,0.03933845245126993,0.0654342009243493
"s05_confirmation","Objective-Credit-AOP","DASCMOP2","DAS-CMOP",100,50000,3,267603,"all",249,400,50000,0.327705402557731,0.3425412447485535,0.3297533526937155,0.327705402557731,0.3425412447485536,0.3297533526937153,0.327705402557731,0.3425412447485536,0.3297533526937153,16328,17060,16412,1718,1622,1475,0.105218030377266,0.09507620164126612,0.08987326346575676,0.2291768740813327,0.2220398593200469,0.2326955885937119,0.719018247773607,0.7971255930607611,0.7646120733636643,0.7585413004044417,0.8083737485363269,0.770409872542597,0.04679078882900539,0.02731535756154748,0.03168413356080917,0.1636452719255267,0.1628370457209848,0.1480623933707044,0.3907398334149926,0.4037514654161782,0.3937362905191323,0.06761391474767271,0.04032825322391559,0.07165488666829149
"s05_confirmation","Objective-Credit-AOP","DASCMOP2","DAS-CMOP",100,50000,4,267604,"all",249,400,50000,0.3266172422512435,0.343514559833805,0.3298681979149515,0.3266172422512437,0.343514559833805,0.3298681979149515,0.3266172422512437,0.343514559833805,0.3298681979149515,16276,17124,16400,1642,1459,1352,0.10088473826493,0.08520205559448726,0.08243902439024391,0.2440403047431801,0.242233123102079,0.2389634146341463,0.714562796868407,0.8046032916090597,0.766977875952508,0.7541464777277087,0.8085354165355572,0.7692869843609321,0.05001228803145736,0.02697967764540995,0.0274390243902439,0.1517571884984026,0.1434244335435646,0.1374390243902439,0.4149668223150652,0.4377481896753095,0.4039024390243903,0.07311378717129516,0.0467180565288484,0.07402439024390244
"s05_confirmation","Objective-Credit-AOP","DASCMOP2","DAS-CMOP",100,50000,5,267605,"all",249,400,50000,0.3292079205533139,0.3404580947593532,0.3303339846873329,0.3292079205533139,0.3404580947593533,0.330333984687333,0.3292079205533139,0.3404580947593533,0.330333984687333,16394,16956,16450,1759,1529,1519,0.1072953519580334,0.09017456947393253,0.09234042553191489,0.2258753202391119,0.2273531493276716,0.2393313069908815,0.7108039684572838,0.7971992598525993,0.7660555243509493,0.7641030928859983,0.8061130089910346,0.7736245772549294,0.04794436989142369,0.02418023118660061,0.02990881458966565,0.1666463340246432,0.1561689077612644,0.1547720364741641,0.3906307185555691,0.4130691200754895,0.4100911854103343,0.06111992192265463,0.04163717857985374,0.06857142857142857
"s05_confirmation","Objective-Credit-AOP","DASCMOP3","DAS-CMOP",100,50000,1,267701,"all",249,400,50000,0.3357880001817514,0.3366346870299011,0.3275773127883475,0.3357880001817515,0.3366346870299011,0.3275773127883472,0.3357880001817515,0.3366346870299011,0.3275773127883472,16732,16726,16342,2385,1436,1492,0.1425412383456849,0.08585435848379767,0.09129849467629421,0.2225077695433899,0.2057276097094344,0.2062783013095092,0.6800237265902243,0.7310784311330084,0.700527883981194,0.7575646337944834,0.7773744417162934,0.746886665077322,0.07912981114032991,0.0346765514767428,0.0501774568596255,0.2059526655510399,0.1370321654908526,0.1324195324929629,0.42648816638776,0.3991390649288533,0.3953004528209522,0.01852737269901984,0.01231615449001554,0.01725614979806633
"s05_confirmation","Objective-Credit-AOP","DASCMOP3","DAS-CMOP",100,50000,2,267702,"all",249,400,50000,0.3302032716656683,0.3416889147601745,0.3281078135741572,0.3302032716656687,0.3416889147601747,0.3281078135741568,0.3302032716656687,0.3416889147601747,0.3281078135741568,16438,17028,16334,2444,1566,1481,0.1486798880642414,0.0919661733615222,0.09066976858087425,0.1794013870300523,0.158738548273432,0.1604016162605608,0.6525142220442568,0.7055136931013162,0.671814012037549,0.7468046262219784,0.7862038840058951,0.7482866543081172,0.08662854361844506,0.03676297862344374,0.04518182931308926,0.2107312325100377,0.1471693680996007,0.1361577078486592,0.3431074339944032,0.3056142823584684,0.3050079588588221,0.01569534006570142,0.01186281418839558,0.0157952736622995
"s05_confirmation","Objective-Credit-AOP","DASCMOP3","DAS-CMOP",100,50000,3,267703,"all",249,400,50000,0.3235458856984627,0.3474198626941501,0.3290342516073873,0.3235458856984625,0.3474198626941501,0.3290342516073873,0.3235458856984625,0.3474198626941501,0.3290342516073873,16088,17354,16358,2221,1378,1409,0.1380532073595226,0.0794053244208828,0.08613522435505563,0.1656514172053705,0.1475740463293765,0.1506907934955374,0.6059963015831437,0.7231814070933527,0.644074947752354,0.7651241698116656,0.8353710788707792,0.7840926594276681,0.08378915962207857,0.03019476777688141,0.03998043770632106,0.1923172550969667,0.1286158810648842,0.1322900110037902,0.3074341123818995,0.2730206292497407,0.2797407996087541,0.02386872202884137,0.02212746340901233,0.02164078738232058
"s05_confirmation","Objective-Credit-AOP","DASCMOP3","DAS-CMOP",100,50000,4,267704,"all",249,400,50000,0.3393695319641,0.3333193550788368,0.3273111129570631,0.3393695319641001,0.3333193550788367,0.3273111129570632,0.3393695319641001,0.3333193550788367,0.3273111129570632,16912,16590,16298,2471,1543,1579,0.1461092715231788,0.09300783604581073,0.09688305313535403,0.2398297067171239,0.2083785412899337,0.2151184194379679,0.697926024220938,0.7302329712088225,0.7091170959735624,0.7561740881828433,0.7576963403559542,0.7362815623423389,0.08053453169347209,0.03544303797468355,0.04749048963062952,0.2116840113528855,0.1505726341169379,0.1462756166400785,0.4568353831598865,0.4039783001808318,0.4140385323352558,0.0228240302743614,0.01277878239903556,0.01619830654067984
"s05_confirmation","Objective-Credit-AOP","DASCMOP3","DAS-CMOP",100,50000,5,267705,"all",249,400,50000,0.3474177515868739,0.3247087183750158,0.3278735300381104,0.347417751586874,0.324708718375016,0.3278735300381104,0.347417751586874,0.324708718375016,0.3278735300381104,17284,16190,16326,2433,1523,1634,0.1407660263827818,0.09407041383570106,0.1000857527869656,0.2597199722286508,0.2091414453366275,0.2301237290211932,0.7281843579669089,0.7116873749785685,0.7246165976494191,0.744663596126046,0.7007783749205116,0.7048063921154336,0.07810691969451516,0.03211859172328598,0.03760872228347421,0.2034251330710484,0.1560222359481161,0.162562783290457,0.5071742652163851,0.4091414453366276,0.4489770917554821,0.01226567924091646,0.009141445336627549,0.01127036628690432
"s05_confirmation","Objective-Credit-AOP","DASCMOP4","DAS-CMOP",100,50000,1,267801,"all",249,400,50000,0.3708889960821608,0.2747473238482043,0.3543636800696349,0.3708889960821612,0.2747473238482043,0.3543636800696348,0.3708889960821612,0.2747473238482043,0.3543636800696348,18490,13662,17648,4453,786,4012,0.2408328826392645,0.05753184014053579,0.2273345421577516,0.04618712817739318,0.01705460401112575,0.07723254759746147,0.2517957546776182,0.1300741988416085,0.2971768335415083,0.7789957492268318,0.5751939253530566,0.7452578243126043,0.2434829637641969,0.05826379739423217,0.2336808703535811,0.2381828015143321,0.05679988288683941,0.220988213961922,0.06554894537587885,0.02576489533011272,0.1112873980054397,0.02682531097890752,0.00834431269213878,0.04317769718948323
"s05_confirmation","Objective-Credit-AOP","DASCMOP4","DAS-CMOP",100,50000,2,267802,"all",249,400,50000,0.3738766867932277,0.2708558319534692,0.3552674812533032,0.3738766867932279,0.2708558319534694,0.3552674812533032,0.3738766867932279,0.2708558319534694,0.3552674812533032,18604,13494,17702,4079,688,3765,0.2192539238873361,0.0509856232399585,0.212687831883403,0.07111373898086433,0.0147472950941159,0.09162806462546605,0.294701992957596,0.1216900456180186,0.3194657884886806,0.7814376951816185,0.5644367736421921,0.7439743224734903,0.2156525478391744,0.04372313620868534,0.2048356117952774,0.2228552999354977,0.05824811027123166,0.2205400519715287,0.09514082992904752,0.02000889284126278,0.1271042820020337,0.04708664803268114,0.009485697346969022,0.05615184724889843
"s05_confirmation","Objective-Credit-AOP","DASCMOP4","DAS-CMOP",100,50000,3,267803,"all",249,400,50000,0.3700452496460624,0.2738702976233645,0.3560844527305732,0.3700452496460622,0.2738702976233646,0.3560844527305733,0.3700452496460622,0.2738702976233646,0.3560844527305733,18444,13614,17742,4359,734,3926,0.2363370201691607,0.0539150874100191,0.2212828316987938,0.07520060724354803,0.01410312913177611,0.09283057152519446,0.3142183137608751,0.1335853294894667,0.3406146624264004,0.7767193276697859,0.572123260502803,0.7479155451816435,0.2340056386900889,0.0506831203173204,0.2207191973847368,0.2386684016482325,0.05714705450271779,0.2218464660128509,0.09997831273042723,0.02042015572205083,0.1322286100777815,0.05042290175666884,0.007786102541501395,0.05343253297260737
"s05_confirmation","Objective-Credit-AOP","DASCMOP4","DAS-CMOP",100,50000,4,267804,"all",249,400,50000,0.3743891900348091,0.2704714395583521,0.3551393704068389,0.3743891900348089,0.2704714395583521,0.3551393704068388,0.3743891900348089,0.2704714395583521,0.3551393704068388,18648,13468,17684,4342,639,3941,0.2328399828399828,0.04744579744579745,0.2228568197240443,0.04284641784641784,0.01158301158301158,0.05750961320968107,0.2640243088681253,0.1078736847520824,0.2810501943049653,0.7833569438199097,0.5637578152598985,0.7440483837280668,0.2345559845559846,0.04737154737154737,0.2270979416421624,0.2311239811239811,0.04752004752004752,0.2186156978059263,0.05941655941655942,0.01633501633501633,0.07961999547613662,0.02627627627627628,0.006831006831006831,0.03539923094322552
"s05_confirmation","Objective-Credit-AOP","DASCMOP4","DAS-CMOP",100,50000,5,267805,"all",249,400,50000,0.367124462872066,0.2779002032542551,0.354975333873679,0.3671244628720661,0.2779002032542554,0.3549753338736794,0.3671244628720661,0.2779002032542554,0.3549753338736794,18296,13824,17680,4421,832,4298,0.2416375163970267,0.06018518518518518,0.2430995475113122,0.01459335373852208,0.002387152777777778,0.01923076923076923,0.2396112804339755,0.1176698813716342,0.2718513868328581,0.7879829640131152,0.5935744287365294,0.7602026571286079,0.2581985133362484,0.06004050925925926,0.2605203619909502,0.225076519457805,0.06032986111111111,0.2256787330316742,0.02219064276344556,0.004484953703703704,0.02963800904977375,0.006996064713598601,0.0002893518518518518,0.008823529411764706
"s05_confirmation","Objective-Credit-AOP","DASCMOP5","DAS-CMOP",100,50000,1,267901,"all",249,400,50000,0.3746365778251777,0.2708144099744101,0.3545490122004124,0.3746365778251779,0.2708144099744099,0.3545490122004122,0.3746365778251779,0.2708144099744099,0.3545490122004122,18658,13474,17668,4741,664,3920,0.2541001179118876,0.04928009499777349,0.2218700475435816,0.03290813592024869,0.005714709811488793,0.04148743491057279,0.2408132337392229,0.09580466875111834,0.253449882684209,0.7980883904851019,0.5755430268390239,0.757717862977447,0.2581198413549148,0.04957696303992875,0.2301335748245416,0.2500803944688605,0.04898322695561823,0.2136065202626217,0.03933969342909208,0.005937360843105239,0.04731718360878424,0.0264765784114053,0.005492058779872347,0.03565768621236133
"s05_confirmation","Objective-Credit-AOP","DASCMOP5","DAS-CMOP",100,50000,2,267902,"all",249,400,50000,0.3680219048494756,0.2779558197841248,0.3540222753663996,0.3680219048494754,0.2779558197841248,0.3540222753663995,0.3680219048494754,0.2779558197841248,0.3540222753663995,18348,13830,17622,4075,856,3868,0.2220950512317419,0.0618944323933478,0.219498354329815,0.03706126008284281,0.01077368040491685,0.05561230280331404,0.2277590455761454,0.1134323271860198,0.2598696378877875,0.7778010103810509,0.5850077959254091,0.7495283280594718,0.2173533900152605,0.05784526391901663,0.2168879809329247,0.2268367124482232,0.06594360086767896,0.2221087277267053,0.04883366034445171,0.01185827910339841,0.07172852116672342,0.02528885982123392,0.009689081706435286,0.03949608443990466
"s05_confirmation","Objective-Credit-AOP","DASCMOP5","DAS-CMOP",100,50000,3,267903,"all",249,400,50000,0.3734713102887229,0.2742221889784812,0.3523065007327961,0.3734713102887224,0.2742221889784811,0.3523065007327962,0.3734713102887224,0.2742221889784811,0.3523065007327962,18606,13648,17546,4677,734,3875,0.2513705256368913,0.05378077373974208,0.2208480565371025,0.01015801354401806,0.001611957796014068,0.0147042060868574,0.1767851913129433,0.06906853125850913,0.1782244338230725,0.8000057601167447,0.5843128875534164,0.755093391079614,0.2598086638718693,0.05378077373974208,0.2267183403624758,0.2429323874019134,0.05378077373974208,0.2149777727117292,0.01375900247232076,0.00205158264947245,0.01880770545993389,0.00655702461571536,0.001172332942555686,0.01060070671378092
"s05_confirmation","Objective-Credit-AOP","DASCMOP5","DAS-CMOP",100,50000,4,267904,"all",249,400,50000,0.3688530190331558,0.2737276688551296,0.3574193121117146,0.368853019033156,0.2737276688551295,0.3574193121117143,0.368853019033156,0.2737276688551295,0.3574193121117143,18376,13638,17786,4314,790,3792,0.2347627340008707,0.05792638216747324,0.2132013943551108,0.07270352633870265,0.02471036808916264,0.1044079613178905,0.2948039384307294,0.1434124453003191,0.335040010977357,0.7859995602967692,0.5807678181642452,0.7626484081147307,0.2295385285154549,0.05411350637923449,0.2083661306645676,0.2399869394862865,0.06173925795571198,0.2180366580456539,0.09588593818023509,0.02844991934301217,0.1357247273136175,0.04952111449717022,0.0209708168353131,0.0730911953221635
"s05_confirmation","Objective-Credit-AOP","DASCMOP5","DAS-CMOP",100,50000,5,267905,"all",249,400,50000,0.3610201241542284,0.2836775994477309,0.3553022763980409,0.3610201241542284,0.2836775994477309,0.355302276398041,0.3610201241542284,0.2836775994477309,0.355302276398041,17986,14130,17684,3859,934,4060,0.2145557655954631,0.06610049539985846,0.2295860665007917,0.05354164350050039,0.02123142250530785,0.08227776521149062,0.2846537260785462,0.1594414735318873,0.3353036142704512,0.7708998898620768,0.6035814037650068,0.7597184503606006,0.2163905259646392,0.0629865534324133,0.2280027143180276,0.2127210052262871,0.06921443736730361,0.2311694186835558,0.06427221172022685,0.02420382165605096,0.09511422755032797,0.04281107528077394,0.01825902335456476,0.06944130287265325
"s05_confirmation","Objective-Credit-AOP","DASCMOP6","DAS-CMOP",100,50000,1,268001,"all",249,400,50000,0.375879453153892,0.2700794791901081,0.354041067656,0.375879453153892,0.2700794791901081,0.3540410676559997,0.375879453153892,0.2700794791901081,0.3540410676559997,18726,13448,17626,4441,653,3842,0.2371568941578554,0.04855740630577037,0.2179734483149892,0.03439068674570116,0.009295062462819749,0.0469193237263134,0.2593386056884852,0.1015352343885125,0.267887789795784,0.7923629467148597,0.566235832616478,0.7462817987598624,0.2447933354694008,0.06067816775728733,0.2332917281289005,0.22952045284631,0.03643664485425342,0.202655168501078,0.04677987824415251,0.01561570493753718,0.0678543061386588,0.02200149524724981,0.00297441998810232,0.025984341313968
"s05_confirmation","Objective-Credit-AOP","DASCMOP6","DAS-CMOP",100,50000,2,268002,"all",249,400,50000,0.3667798383162524,0.2770916028341434,0.3561285588496043,0.3667798383162527,0.2770916028341431,0.3561285588496041,0.3667798383162527,0.2770916028341431,0.3561285588496041,18258,13804,17738,4261,788,4130,0.2333771497425786,0.05708490292668791,0.2328334648776638,0.04507613101106364,0.01666183714865256,0.07120306686210395,0.2842570626797447,0.1507926993388006,0.3359430280465567,0.7890749690253384,0.5947851571613945,0.7689420072501871,0.2323365100230036,0.05911330049261083,0.2379073176231819,0.2344177894621536,0.05505650536076499,0.2277596121321457,0.06287654726695148,0.02057374674007534,0.09606494531514263,0.02727571475517581,0.01274992755722979,0.04634118840906529
"s05_confirmation","Objective-Credit-AOP","DASCMOP6","DAS-CMOP",100,50000,3,268003,"all",249,400,50000,0.366454045316198,0.2752754505949867,0.3582705040888153,0.3664540453161982,0.2752754505949867,0.3582705040888154,0.3664540453161982,0.2752754505949867,0.3582705040888154,18260,13700,17840,3809,602,3899,0.2085980284775465,0.04394160583941606,0.2185538116591928,0.09802847754654984,0.03773722627737226,0.1497757847533632,0.3757060175707787,0.1948393566254706,0.4520125988238357,0.7776185898231383,0.5830212583244012,0.7635421320697473,0.1869660460021906,0.04861313868613139,0.204932735426009,0.2302300109529025,0.03927007299270073,0.2321748878923767,0.1360350492880613,0.0581021897810219,0.212780269058296,0.06002190580503834,0.01737226277372263,0.0867713004484305
"s05_confirmation","Objective-Credit-AOP","DASCMOP6","DAS-CMOP",100,50000,4,268004,"all",249,400,50000,0.3716898173165766,0.2720003797132551,0.3563098029701683,0.371689817316577,0.272000379713255,0.3563098029701683,0.371689817316577,0.272000379713255,0.3563098029701683,18510,13544,17746,4630,680,4180,0.2501350621285792,0.05020673360897814,0.2355460385438972,0.02220421393841167,0.007235676314235086,0.03510650287388707,0.2333001829823589,0.1078146925102504,0.2574424598564699,0.7874331647526077,0.5738258245295825,0.756455043613685,0.264073473797947,0.0629060838747785,0.2542544798827905,0.2361966504592112,0.03750738334317779,0.216837597205004,0.03230686115613182,0.01196101594802126,0.05251887749351967,0.01210156672069152,0.002510336680448907,0.01769412825425448
"s05_confirmation","Objective-Credit-AOP","DASCMOP6","DAS-CMOP",100,50000,5,268005,"all",249,400,50000,0.3688212969280523,0.2745949003923066,0.3565838026796411,0.3688212969280525,0.2745949003923065,0.3565838026796407,0.3688212969280525,0.2745949003923065,0.3565838026796407,18356,13692,17752,4356,787,4260,0.2373066027456962,0.0574788197487584,0.2399729607931501,0.03143386358683809,0.006865322816243062,0.03492564218116269,0.268027477475937,0.1140544200928154,0.2862260703732401,0.786450947644031,0.5820857533524096,0.7618792001193572,0.2442797995205927,0.07084428863569968,0.2599143758449752,0.2303334059707997,0.04411335086181712,0.2200315457413249,0.04216604924820222,0.01153958515921706,0.04923388913925192,0.02070167792547396,0.002191060473269062,0.02061739522307346
"s05_confirmation","Objective-Credit-AOP","DASCMOP7","DAS-CMOP",100,50000,1,268101,"all",249,400,50000,0.3864815410504164,0.2505305936022272,0.3629878653473564,0.3864815410504165,0.250530593602227,0.3629878653473563,0.3864815410504165,0.250530593602227,0.3629878653473563,19254,12474,18072,3914,521,3533,0.2032824348187389,0.04176687510020843,0.1954957945993803,0.1143139087981718,0.01106301106301106,0.1220119521912351,0.3444970680835042,0.1058319221929798,0.3421313065502463,0.7404717488199468,0.4765116941448354,0.6960297292351554,0.2136698867767736,0.04088504088504089,0.1956617972554228,0.1928949828607043,0.04264870931537598,0.1953297919433378,0.1389841071985042,0.01282667949334616,0.1498450641876937,0.08964371039783942,0.009299342632675966,0.09417884019477644
"s05_confirmation","Objective-Credit-AOP","DASCMOP7","DAS-CMOP",100,50000,2,268102,"all",249,400,50000,0.3725253067928584,0.2648418517038781,0.3626328415032635,0.3725253067928582,0.2648418517038781,0.3626328415032636,0.3725253067928582,0.2648418517038781,0.3626328415032636,18560,13192,18048,4363,845,4086,0.2350754310344828,0.06405397210430563,0.2263962765957447,0.05711206896551724,0.0119011522134627,0.06765292553191489,0.273551481284297,0.1343588029186352,0.3035885157173502,0.7118861012830524,0.5026044398034946,0.6939681134655824,0.2427801724137931,0.05139478471801091,0.236258865248227,0.2273706896551724,0.07671315949060037,0.2165336879432624,0.06637931034482758,0.01455427531837477,0.07923315602836879,0.0478448275862069,0.009248029108550637,0.05607269503546099
"s05_confirmation","Objective-Credit-AOP","DASCMOP7","DAS-CMOP",100,50000,3,268103,"all",249,400,50000,0.3737405187275837,0.2661242853009013,0.3601351959715151,0.3737405187275836,0.2661242853009014,0.3601351959715152,0.3737405187275836,0.2661242853009014,0.3601351959715152,18620,13244,17936,3778,732,3551,0.2029001074113856,0.05527031108426457,0.1979817127564674,0.08351235230934478,0.0252189670794322,0.1391614629794826,0.3016247551138179,0.1532942021927378,0.3545552704066466,0.7222536128710362,0.5118878170305066,0.6987632640568032,0.2140708915145005,0.04907882814859559,0.2030553077609278,0.1917293233082707,0.06146179401993355,0.1929081177520071,0.1052631578947368,0.02688009664753851,0.163693131132917,0.06176154672395274,0.02355783751132588,0.1146297948260482
"s05_confirmation","Objective-Credit-AOP","DASCMOP7","DAS-CMOP",100,50000,4,268104,"all",249,400,50000,0.3798253077826413,0.2579673713315719,0.3622073208857869,0.3798253077826411,0.2579673713315721,0.3622073208857868,0.3798253077826411,0.2579673713315721,0.3622073208857868,18918,12852,18030,4565,709,4136,0.2413045776509145,0.05516651104886399,0.2293954520244038,0.03435881171371181,0.0101151571739807,0.05069328896283971,0.2450232222556836,0.1145130396580759,0.2624908707395515,0.7287144056941541,0.4929606580129476,0.6965807537776965,0.260809810762237,0.05788982259570495,0.2478092068774265,0.2217993445395919,0.05244319950202303,0.210981697171381,0.04408499841420869,0.01151571739807034,0.06189683860232945,0.02463262501321493,0.008714596949891068,0.03948973932334997
"s05_confirmation","Objective-Credit-AOP","DASCMOP7","DAS-CMOP",100,50000,5,268105,"all",249,400,50000,0.3873747953618387,0.2512405532484175,0.3613846513897438,0.3873747953618387,0.2512405532484174,0.3613846513897439,0.3873747953618387,0.2512405532484174,0.3613846513897439,19300,12514,17986,4019,578,3434,0.2082383419689119,0.04618826913856481,0.1909262759924386,0.08341968911917098,0.004874540514623622,0.07978427665962415,0.2996245596516977,0.08815034827816556,0.2913656156862151,0.7389277095031482,0.4764229843287879,0.6903670045302404,0.2138860103626943,0.04267220712801662,0.1988213054598021,0.2025906735751295,0.04970433114911299,0.183031246525075,0.09906735751295337,0.006872303020616909,0.09485155120649394,0.0677720207253886,0.002876778008630334,0.06471700211275437
"s05_confirmation","Objective-Credit-AOP","DASCMOP8","DAS-CMOP",100,50000,1,268201,"all",249,400,50000,0.378577536181458,0.2600962678445402,0.3613261959740017,0.3785775361814582,0.2600962678445403,0.3613261959740018,0.3785775361814582,0.2600962678445403,0.3613261959740018,18856,12960,17984,4257,696,3774,0.2257636826474332,0.0537037037037037,0.2098532028469751,0.1074459058124735,0.01612654320987654,0.1137121886120996,0.3135766350079249,0.1274821867874714,0.318978797774744,0.7154373869035144,0.4888239907158132,0.6817207880934081,0.2324989393296563,0.0537037037037037,0.216414590747331,0.21902842596521,0.0537037037037037,0.2032918149466192,0.1285532456512516,0.01774691358024691,0.1340080071174377,0.08633856597369538,0.01450617283950617,0.09341637010676157
"s05_confirmation","Objective-Credit-AOP","DASCMOP8","DAS-CMOP",100,50000,2,268202,"all",249,400,50000,0.3846825845139479,0.2557164921821755,0.3596009233038765,0.3846825845139478,0.2557164921821755,0.3596009233038766,0.3846825845139478,0.2557164921821755,0.3596009233038766,19158,12732,17910,4139,559,3521,0.2160455162334273,0.04390512095507383,0.1965940815187046,0.07641716254306295,0.01068174677976752,0.08955890563930764,0.2997501967723154,0.09468836421327843,0.2938981769856143,0.7235241171831687,0.4766472419475234,0.676966364754351,0.2222570205658211,0.04021363493559535,0.2003350083752094,0.2098340119010335,0.04759660697455231,0.1928531546621999,0.09207641716254306,0.0117813383600377,0.1050809603573423,0.06075790792358284,0.00958215519949733,0.07403685092127303
"s05_confirmation","Objective-Credit-AOP","DASCMOP8","DAS-CMOP",100,50000,3,268203,"all",249,400,50000,0.3751531693282942,0.2614263759435739,0.3634204547281319,0.3751531693282943,0.2614263759435738,0.3634204547281319,0.3751531693282943,0.2614263759435738,0.3634204547281319,18686,13028,18086,4026,738,3734,0.2154554211709301,0.05664722136935831,0.206458033838328,0.09761318634271647,0.01964998464844949,0.1199823067566073,0.3105832536626761,0.1368169924043691,0.3423193732899095,0.708629323584912,0.4933685528090069,0.6880067168486306,0.232580541581933,0.05541909732883021,0.2205020457812673,0.1983303007599272,0.0578753454098864,0.1924140218953887,0.1168789468050947,0.02348787227509979,0.1441999336503373,0.07834742588033822,0.0158120970217992,0.09576467986287736
"s05_confirmation","Objective-Credit-AOP","DASCMOP8","DAS-CMOP",100,50000,4,268204,"all",249,400,50000,0.3847642354932296,0.2576144493274483,0.3576213151793222,0.3847642354932295,0.2576144493274486,0.357621315179322,0.3847642354932295,0.2576144493274486,0.357621315179322,19160,12842,17798,4532,703,3638,0.2365344467640919,0.05474225198567201,0.2044049893246432,0.05480167014613779,0.01362716087836786,0.07843577930104506,0.2631198550283065,0.1101743437202807,0.2733685056453666,0.7272626020556658,0.4832103057819256,0.6750118308759475,0.2522964509394572,0.05263977573586669,0.2120462973367794,0.2207724425887265,0.05684472823547734,0.196763681312507,0.06753653444676409,0.0160411150911073,0.09720193280143836,0.04206680584551148,0.01121320666562841,0.05966962580065176
"s05_confirmation","Objective-Credit-AOP","DASCMOP8","DAS-CMOP",100,50000,5,268205,"all",249,400,50000,0.3800847073935034,0.2593400258423191,0.3605752667641776,0.3800847073935031,0.2593400258423193,0.3605752667641777,0.3800847073935031,0.2593400258423193,0.3605752667641777,18920,12924,17956,4273,664,3726,0.225845665961945,0.05137728257505416,0.207507239919804,0.07653276955602537,0.004874651810584958,0.07206504789485409,0.3354796879482988,0.1343070353989897,0.3388960778424534,0.7106298653992842,0.4836696181527793,0.6737553388855622,0.2449260042283298,0.04642525533890436,0.2148585431053687,0.2067653276955602,0.05632930981120396,0.2001559367342393,0.09143763213530655,0.00634478489631693,0.08721318779238138,0.06162790697674419,0.003404518724852987,0.0569169079973268
"s05_confirmation","Objective-Credit-AOP","DASCMOP9","DAS-CMOP",100,50000,1,268301,"all",249,400,50000,0.3245697456942482,0.348610118240995,0.3268201360647568,0.3245697456942482,0.3486101182409948,0.3268201360647569,0.3245697456942482,0.3486101182409948,0.3268201360647569,16130,17370,16300,1675,1570,1228,0.1038437693738376,0.09038572251007485,0.07533742331288344,0.2784872907625542,0.1301093839953943,0.242760736196319,0.7112211493330879,0.6242891778549786,0.6791547945488129,0.6474119135621091,0.6986758532201913,0.6524699806474614,0.07030378177309361,0.01704087507196315,0.0392638036809816,0.1373837569745815,0.1637305699481865,0.1114110429447853,0.4892746435213887,0.2385722510074842,0.4276073619631902,0.06769993800371978,0.02164651698330455,0.05791411042944785
"s05_confirmation","Objective-Credit-AOP","DASCMOP9","DAS-CMOP",100,50000,2,268302,"all",249,400,50000,0.3188772950058559,0.3546134676403476,0.3265092373537964,0.3188772950058561,0.3546134676403472,0.3265092373537964,0.3188772950058561,0.3546134676403472,0.3265092373537964,15872,17656,16272,1384,1704,1178,0.0871975806451613,0.09651110104213866,0.07239429695181908,0.2791078629032258,0.1285115541458994,0.2433013765978368,0.685907579216848,0.6219847389854901,0.668735372335623,0.6380446884514777,0.7114410839613422,0.6534666241642988,0.06590221774193548,0.0284322609877662,0.04473942969518191,0.1084929435483871,0.1645899410965111,0.1000491642084562,0.4827368951612903,0.2317625736293611,0.4165437561455261,0.0754788306451613,0.0252605346624377,0.0700589970501475
"s05_confirmation","Objective-Credit-AOP","DASCMOP9","DAS-CMOP",100,50000,3,268303,"all",249,400,50000,0.3189609088085759,0.3541758570451121,0.3268632341463122,0.3189609088085759,0.3541758570451119,0.326863234146312,0.3189609088085759,0.3541758570451119,0.326863234146312,15858,17646,16296,1356,1616,1179,0.08550889141127507,0.09157882806301712,0.07234904270986746,0.285344936309749,0.1264875892553553,0.2507977417771232,0.6953926350966049,0.6250976303310249,0.6794104947148627,0.6345821451747092,0.7070135103979649,0.6507522969692094,0.0681044267877412,0.02221466621330613,0.04455081001472754,0.1029133560348089,0.1609429899127281,0.1001472754050074,0.4877033673855467,0.2295137708262496,0.4336033382425135,0.08298650523395132,0.02346140768446107,0.06799214531173293
"s05_confirmation","Objective-Credit-AOP","DASCMOP9","DAS-CMOP",100,50000,4,268304,"all",249,400,50000,0.3211707613755084,0.3507461106704953,0.3280831279539962,0.3211707613755087,0.3507461106704954,0.3280831279539962,0.3211707613755087,0.3507461106704954,0.3280831279539962,15952,17486,16362,1546,1635,1201,0.09691574724172518,0.09350337412787373,0.07340178462290674,0.2655466399197593,0.1258149376644173,0.2364014179195697,0.6940267753024884,0.6208118308627252,0.673596862777158,0.6357416098253352,0.6969988642156261,0.6501113039485213,0.07284353059177533,0.02253231156353654,0.03997066373303997,0.120987963891675,0.1644744366922109,0.1068329055127735,0.4657723169508526,0.231956994166762,0.4201197897567535,0.065320962888666,0.01967288116207251,0.05268304608238602
"s05_confirmation","Objective-Credit-AOP","DASCMOP9","DAS-CMOP",100,50000,5,268305,"all",249,400,50000,0.3206651322622638,0.3523596352907106,0.3269752324470256,0.3206651322622638,0.3523596352907107,0.3269752324470257,0.3206651322622638,0.3523596352907107,0.3269752324470257,15958,17536,16306,1377,1798,1187,0.08628900864770021,0.1025319343065693,0.07279529007727217,0.2761624263692192,0.1438754562043796,0.2493560652520544,0.7022236435908513,0.6275710947345012,0.6799438278348668,0.6317230027046428,0.6953696896799784,0.6440652868356116,0.06629903496678782,0.02372262773722628,0.04795780694222986,0.1062789823286126,0.1813412408759124,0.09763277321231449,0.482767264068179,0.2634580291970803,0.4373850116521526,0.06955758867025943,0.02429288321167883,0.06132711885195633
"s05_confirmation","Objective-Credit-AOP","LIRCMOP10","LIR-CMOP",100,50000,1,267001,"all",249,400,50000,0.3277827730594068,0.3387268523030058,0.3334903746375874,0.3277827730594067,0.338726852303006,0.3334903746375874,0.3277827730594067,0.338726852303006,0.3334903746375874,16370,16906,16524,1999,2179,2267,0.1221136224801466,0.128889151780433,0.1371943839264101,0.6439218081857055,0.6653850703892109,0.7126603727910917,0.9202775146809182,0.9003800462220602,0.9250001442677913,0.8304218957215428,0.8602433466100845,0.8462384720728784,0.1329260843005498,0.1142789542174376,0.145122246429436,0.1113011606597434,0.1434993493434284,0.1292665214233842,0.7898594990836897,0.7294451673961907,0.8149358508835634,0.4979841172877215,0.6013249733822311,0.6103848946986202
"s05_confirmation","Objective-Credit-AOP","LIRCMOP10","LIR-CMOP",100,50000,2,267002,"all",249,400,50000,0.3289710664807589,0.3369923428419067,0.3340365906773346,0.3289710664807589,0.3369923428419065,0.3340365906773346,0.3289710664807589,0.3369923428419065,0.3340365906773346,16374,16836,16590,2388,2351,2560,0.1458409673873214,0.1396412449512948,0.1543098251959011,0.6712470990594845,0.6846044191019245,0.7356841470765522,0.923456104310537,0.9088149219740117,0.9308094561812328,0.8128673718727674,0.8349084653377105,0.8270873295800013,0.1517039208501283,0.1222380612972202,0.1492465340566606,0.1399780139245145,0.1570444286053694,0.1593731163351416,0.8250885550262611,0.742456640532193,0.8285714285714286,0.517405643092708,0.626752197671656,0.6427968655816757
"s05_confirmation","Objective-Credit-AOP","LIRCMOP10","LIR-CMOP",100,50000,3,267003,"all",249,400,50000,0.3240982572961809,0.3417673534895985,0.3341343892142207,0.3240982572961809,0.3417673534895984,0.3341343892142207,0.3240982572961809,0.3417673534895984,0.3341343892142207,16130,17010,16660,1962,2166,2279,0.1216367017978921,0.127336860670194,0.1367947178871549,0.7107253564786112,0.6667842445620223,0.7396758703481393,0.9408440288971776,0.9084894563673441,0.9351119311456775,0.8309459436043471,0.8773614267496105,0.8574656908772202,0.1319280843149411,0.115461493239271,0.1447779111644658,0.1113453192808432,0.139212228101117,0.1288115246098439,0.792684438933664,0.7326278659611993,0.8160864345738296,0.6287662740235586,0.6009406231628454,0.6632653061224489
"s05_confirmation","Objective-Credit-AOP","LIRCMOP10","LIR-CMOP",100,50000,4,267004,"all",249,400,50000,0.3288788274671175,0.3381568443860106,0.3329643281468718,0.3288788274671177,0.3381568443860105,0.3329643281468715,0.3288788274671177,0.3381568443860105,0.3329643281468715,16396,16920,16484,1751,2072,2092,0.1067943400829471,0.1224586288416076,0.1269109439456443,0.6514393754574287,0.6660756501182034,0.7133584081533608,0.9215468420368043,0.900425080333897,0.9227164253401217,0.7600681266762762,0.7838571918697936,0.7709124383517899,0.1157599414491339,0.1062647754137116,0.1347973792768745,0.09782873871676019,0.1386524822695036,0.119024508614414,0.793120273237375,0.7187943262411347,0.8053870419801019,0.5097584776774823,0.6133569739952719,0.6213297743266197
"s05_confirmation","Objective-Credit-AOP","LIRCMOP10","LIR-CMOP",100,50000,5,267005,"all",249,400,50000,0.3254574429189947,0.3408299756799414,0.3337125814010639,0.3254574429189949,0.3408299756799416,0.3337125814010638,0.3254574429189949,0.3408299756799416,0.3337125814010638,16214,16966,16620,1793,2059,2435,0.1105834464043419,0.1213603677944124,0.1465102286401925,0.6971136055260886,0.6862548626665095,0.7394705174488568,0.9399285152506928,0.9124106622850804,0.936292694272671,0.8226542446375823,0.8627684689575963,0.844641654841607,0.1201430862217836,0.1134032771425203,0.1527075812274368,0.1010238065869002,0.1293174584463044,0.1403128760529483,0.7722955470580979,0.7500884121183543,0.8044524669073405,0.6219316639940792,0.6224213132146647,0.674488567990373
"s05_confirmation","Objective-Credit-AOP","LIRCMOP11","LIR-CMOP",100,50000,1,267101,"all",249,400,50000,0.3263949523836254,0.3398309259009484,0.3337741217154261,0.3263949523836254,0.3398309259009487,0.333774121715426,0.3263949523836254,0.3398309259009487,0.333774121715426,16264,16942,16594,2524,2679,2834,0.1551893753074274,0.1581277299020186,0.1707846209473304,0.5265002459419577,0.4054420965647503,0.5182596119079185,0.8274292339721393,0.788087031707157,0.8263092235213723,0.8209948228463702,0.8565618012597341,0.8407856232626796,0.1725282833251353,0.1173415181206469,0.181872966132337,0.1378504672897196,0.1989139416833904,0.1596962757623237,0.7295868175110674,0.6016999173651281,0.7467759431119682,0.323413674372848,0.2091842757643726,0.2897432807038688
"s05_confirmation","Objective-Credit-AOP","LIRCMOP11","LIR-CMOP",100,50000,2,267102,"all",249,400,50000,0.3236132477047231,0.3425449003559991,0.333841851939278,0.3236132477047226,0.3425449003559989,0.333841851939278,0.3236132477047226,0.3425449003559989,0.333841851939278,16140,17014,16646,2307,2530,2603,0.1429368029739777,0.1487010697072999,0.1563739036405142,0.6339529120198265,0.4469260608910309,0.5636789619127719,0.8749358445847519,0.8068567433648141,0.8496709367140339,0.8202438737183455,0.8701883343716205,0.8472574603914297,0.1499380421313507,0.1135535441401199,0.1573951700108134,0.1359355638166047,0.1838485952744798,0.1553526372702151,0.7550185873605948,0.6241918420124604,0.7279826985461972,0.5128872366790582,0.2696602797696015,0.3993752252793464
"s05_confirmation","Objective-Credit-AOP","LIRCMOP11","LIR-CMOP",100,50000,3,267103,"all",249,400,50000,0.3259706164653284,0.3399592225062945,0.3340701610283772,0.3259706164653284,0.3399592225062943,0.3340701610283772,0.3259706164653284,0.3399592225062943,0.3340701610283772,16258,16928,16614,2418,2606,2802,0.148726780661828,0.1539461247637051,0.1686529433008306,0.5112559970476074,0.3903000945179584,0.5036114120621162,0.8232664898973718,0.7790575290450071,0.8243072197333433,0.8269289890232304,0.8644446078270921,0.8490602680397894,0.1551236314429819,0.1112948960302457,0.1756350066209221,0.1423299298806741,0.1965973534971645,0.1616708799807391,0.712756796653955,0.5853024574669187,0.7314313229806187,0.3097551974412597,0.1952977315689981,0.2757915011436138
"s05_confirmation","Objective-Credit-AOP","LIRCMOP11","LIR-CMOP",100,50000,4,267104,"all",249,400,50000,0.3271996590219325,0.3401079630101723,0.3326923779678953,0.3271996590219323,0.3401079630101722,0.3326923779678953,0.3271996590219323,0.3401079630101722,0.3326923779678953,16324,16990,16486,2273,2377,2487,0.1392428326390591,0.1399058269570335,0.1508552711391484,0.4944253859348199,0.3755738669805768,0.496178575761252,0.8184977117835537,0.7686290815235313,0.8153970166419969,0.8147004184082871,0.8496229964265485,0.8296580577754038,0.1499632443028669,0.0998234255444379,0.1579522018682518,0.1285224209752512,0.1799882283696292,0.1437583404100449,0.6756922322960058,0.5546792230723955,0.6999878684944801,0.3131585395736339,0.1964685108887581,0.2923692830280238
"s05_confirmation","Objective-Credit-AOP","LIRCMOP11","LIR-CMOP",100,50000,5,267105,"all",249,400,50000,0.3268867639506776,0.3395413316184593,0.3335719044308632,0.3268867639506776,0.3395413316184591,0.3335719044308633,0.3268867639506776,0.3395413316184591,0.3335719044308633,16274,16942,16584,2708,2719,2795,0.1664003932653312,0.1604887262424743,0.1685359382537386,0.4896153373479169,0.3901546452602999,0.489447660395562,0.8149718704923831,0.7831936539883662,0.8196198301484741,0.8357724751905568,0.8702626017302781,0.8545696120936995,0.1671377657613371,0.1172234683036241,0.1669078630004824,0.1656630207693253,0.2037539841813245,0.1701640135069947,0.7388472409979108,0.6064219100460394,0.7285335262904004,0.2403834336979231,0.1738873804745603,0.2503617945007236
"s05_confirmation","Objective-Credit-AOP","LIRCMOP12","LIR-CMOP",100,50000,1,267201,"all",249,400,50000,0.327000224159589,0.3384444218472785,0.3345553539931325,0.3270002241595892,0.3384444218472785,0.3345553539931324,0.3270002241595892,0.3384444218472785,0.3345553539931324,16290,16876,16634,4517,5030,5794,0.2772866789441375,0.2980564114719128,0.3483227125165324,0.4961325966850829,0.481689973927471,0.5252494889984369,0.8218959445141519,0.8100792853636011,0.8375290197966178,0.8436163193038406,0.8744985439218409,0.8639694378632485,0.3377532228360958,0.3326617681915146,0.4388601659252134,0.2168201350521793,0.263451054752311,0.2577852591078514,0.8031921424186618,0.7924863711780042,0.8676205362510521,0.189073050951504,0.1708935766769377,0.1828784417458218
"s05_confirmation","Objective-Credit-AOP","LIRCMOP12","LIR-CMOP",100,50000,2,267202,"all",249,400,50000,0.3237572015085617,0.3429735742881966,0.3332692242032417,0.3237572015085616,0.3429735742881966,0.3332692242032418,0.3237572015085616,0.3429735742881966,0.3332692242032418,16120,17046,16634,2607,2883,2791,0.1617245657568238,0.1691305878211897,0.1677888661777083,0.4825062034739454,0.4195119089522469,0.4960923409883372,0.8214753050754324,0.7848076177285338,0.8256253550298939,0.8578664597172719,0.9112090055447953,0.8843530925540634,0.134863523573201,0.1046579842778364,0.1197547192497295,0.1885856079404467,0.233603191364543,0.2158230131056871,0.7064516129032258,0.6551683679455591,0.7262233978598052,0.258560794044665,0.1838554499589347,0.2659612841168691
"s05_confirmation","Objective-Credit-AOP","LIRCMOP12","LIR-CMOP",100,50000,3,267203,"all",249,400,50000,0.3242811272756177,0.3458282621563147,0.3298906105680676,0.3242811272756178,0.3458282621563148,0.3298906105680675,0.3242811272756178,0.3458282621563148,0.3298906105680675,16122,17242,16436,2831,2951,2031,0.1755985609725841,0.1711518385338128,0.123570211730348,0.5220816275896291,0.4229207748521053,0.6058651740082746,0.8320766460203508,0.7798968321998276,0.8598694333275942,0.8560588874421323,0.915794673080206,0.8723029595603899,0.1470040937848902,0.08815682635425125,0.1087855926016062,0.2041930281602779,0.2541468507133743,0.1383548308590898,0.710953975933507,0.6286973668947918,0.7458018982720857,0.3332092792457512,0.2171441828094189,0.4659284497444633
"s05_confirmation","Objective-Credit-AOP","LIRCMOP12","LIR-CMOP",100,50000,4,267204,"all",249,400,50000,0.3234943164825849,0.344111374580797,0.332394308936618,0.3234943164825849,0.3441113745807969,0.3323943089366178,0.3234943164825849,0.3441113745807969,0.3323943089366178,16112,17142,16546,2484,2546,2289,0.1541708043694141,0.1485240928713102,0.1383415931342923,0.4939796425024826,0.3925446272313616,0.5169829566058262,0.8185152270802415,0.7673170763554741,0.8295985629492605,0.8517334122752249,0.9087793245280514,0.8765477994509762,0.1230139026812314,0.06615330766538327,0.08908497522059712,0.1853277060575968,0.2308948780772372,0.1875982110479874,0.6799900695134061,0.5909462139773656,0.7031306660219993,0.3079692154915591,0.1941430404853576,0.3308352471896531
"s05_confirmation","Objective-Credit-AOP","LIRCMOP12","LIR-CMOP",100,50000,5,267205,"all",249,400,50000,0.3263254975972525,0.3439542215504973,0.3297202808522502,0.3263254975972525,0.343954221550497,0.3297202808522503,0.3263254975972525,0.343954221550497,0.3297202808522503,16248,17124,16428,2981,3031,2386,0.1834687346134909,0.1770030366736744,0.1452398344290236,0.4972304283604136,0.4529899556178463,0.5981251521792063,0.8144504962439378,0.7870885239486035,0.8525874973828128,0.8565416549674002,0.9045523478347545,0.8660399293080929,0.1479566715903496,0.1053492174725531,0.1224738251765279,0.2189807976366322,0.2486568558747956,0.1680058436815194,0.7139340226489415,0.690142490072413,0.7731921110299489,0.2805268340718858,0.2158374211632796,0.4230581933284636
"s05_confirmation","Objective-Credit-AOP","LIRCMOP13","LIR-CMOP",100,50000,1,267301,"all",249,400,50000,0.3374967151773977,0.3292728270565899,0.3332304577660125,0.3374967151773976,0.3292728270565898,0.3332304577660126,0.3374967151773976,0.3292728270565898,0.3332304577660126,16828,16372,16600,3870,1934,3192,0.2299738531019729,0.1181285120938187,0.192289156626506,0.7451865937722842,0.6614341558758856,0.7777108433734939,0.926445266186454,0.910087855777693,0.9397534114003118,0.4595962925619037,0.4462391398400065,0.4520270931921209,0.2139291656762539,0.1057903738089421,0.1785542168674699,0.246018540527692,0.1304666503786953,0.2060240963855422,0.78927977180889,0.6972880527730271,0.8213253012048193,0.7010934157356786,0.6255802589787443,0.7340963855421687
"s05_confirmation","Objective-Credit-AOP","LIRCMOP13","LIR-CMOP",100,50000,2,267302,"all",249,400,50000,0.3374906213289091,0.3292701005117315,0.3332392781593594,0.3374906213289091,0.3292701005117315,0.3332392781593597,0.3374906213289091,0.3292701005117315,0.3332392781593597,16850,16386,16564,3716,1930,3094,0.2205341246290801,0.1177834736970585,0.1867906302825404,0.7314540059347181,0.6545221530574881,0.7707075585607341,0.9201960712993827,0.9012678182460503,0.9320429687495595,0.4598723790560893,0.4464947795941911,0.4528085259445943,0.2039169139465875,0.1065543756865617,0.1758029461482734,0.2371513353115727,0.1290125717075552,0.1977783144168075,0.7844510385756677,0.6959599658244843,0.8191258150205264,0.6784569732937685,0.6130843402904919,0.7222893021009418
"s05_confirmation","Objective-Credit-AOP","LIRCMOP13","LIR-CMOP",100,50000,3,267303,"all",249,400,50000,0.3374787254051069,0.3294698332592132,0.3330514413356799,0.337478725405107,0.3294698332592131,0.3330514413356798,0.337478725405107,0.3294698332592131,0.3330514413356798,16800,16398,16602,3723,2030,3176,0.2216071428571429,0.123795584827418,0.1913022527406337,0.7380357142857142,0.6600804976216612,0.7811107095530659,0.9206887426866595,0.9043040261515988,0.9317733166750888,0.4578073546485074,0.4447207331041261,0.4499727363675951,0.2020238095238095,0.1097694840834248,0.1805806529333815,0.2411904761904762,0.1378216855714111,0.2020238525478858,0.7853571428571429,0.6920356140992804,0.824478978436333,0.6907142857142857,0.6281253811440419,0.7377424406697988
"s05_confirmation","Objective-Credit-AOP","LIRCMOP13","LIR-CMOP",100,50000,4,267304,"all",249,400,50000,0.3368525412976209,0.3296917266668049,0.3334557320355742,0.3368525412976207,0.3296917266668049,0.3334557320355741,0.3368525412976207,0.3296917266668049,0.3334557320355741,16776,16390,16634,3712,2086,3031,0.2212684787792084,0.1272727272727273,0.1822171456053866,0.7196590367191226,0.6533251982916413,0.7654202236383312,0.9152838769041721,0.9026791505676804,0.930704719246885,0.4597661158689977,0.4477508308312012,0.4534381331765794,0.2030281354315689,0.1114093959731544,0.1666466273896838,0.2395088221268479,0.1431360585723002,0.1977876638210893,0.7721745350500715,0.6923733984136669,0.8081038836118792,0.6671435383881735,0.6142769981696157,0.722736563664783
"s05_confirmation","Objective-Credit-AOP","LIRCMOP13","LIR-CMOP",100,50000,5,267305,"all",249,400,50000,0.3374058006622938,0.3290509010647047,0.3335432982730016,0.3374058006622939,0.329050901064705,0.3335432982730017,0.3374058006622939,0.329050901064705,0.3335432982730017,16808,16374,16618,3717,2043,3012,0.2211446930033318,0.1247709783803591,0.1812492478035865,0.7238219895287958,0.6483449370953951,0.7624864604645565,0.9143592907559134,0.8987345282881498,0.9279109110022481,0.4601789755260843,0.4463242487406741,0.4530500723708741,0.200261780104712,0.1100525222914377,0.1658442652545433,0.2420276059019515,0.1394894344692806,0.1966542303526297,0.7674916706330319,0.6739953584951752,0.8088819352509328,0.6801523084245598,0.622694515695615,0.7160909856781803
"s05_confirmation","Objective-Credit-AOP","LIRCMOP14","LIR-CMOP",100,50000,1,267401,"all",249,400,50000,0.3375329910496654,0.3292231129040172,0.3332438960463175,0.3375329910496653,0.3292231129040174,0.3332438960463175,0.3375329910496653,0.3292231129040174,0.3332438960463175,16844,16366,16590,3612,1710,2710,0.2144383756827357,0.1044849077355493,0.1633514165159735,0.6260983139396817,0.519858242698277,0.6361060880048222,0.9194057214639925,0.9027758874786659,0.9351259949748263,0.4630614849315701,0.4489557155020644,0.4550938980728425,0.1930657800997388,0.09153122326775022,0.150210970464135,0.2358109712657326,0.1174385922033484,0.1764918625678119,0.6971028259320826,0.5362336551387021,0.6951175406871609,0.555093801947281,0.5034828302578517,0.5770946353224834
"s05_confirmation","Objective-Credit-AOP","LIRCMOP14","LIR-CMOP",100,50000,2,267402,"all",249,400,50000,0.337810301331083,0.3289946127893583,0.3331950858795588,0.337810301331083,0.3289946127893582,0.333195085879559,0.337810301331083,0.3289946127893582,0.333195085879559,16860,16370,16570,3604,1731,2713,0.2137603795966785,0.105742211362248,0.1637296318648159,0.6138790035587188,0.5026267562614539,0.6269764634882318,0.9109061008513661,0.8875288859450502,0.9220992679130374,0.4615016375546394,0.4473747228830099,0.4534788092996015,0.1881376037959668,0.08869883934025656,0.1496680748340374,0.2393831553973903,0.1227855833842395,0.1777911888955944,0.6921708185053381,0.521808185705559,0.6914906457453228,0.5355871886120996,0.4834453268173488,0.5624622812311406
"s05_confirmation","Objective-Credit-AOP","LIRCMOP14","LIR-CMOP",100,50000,3,267403,"all",249,400,50000,0.3375227194669105,0.3295062269107645,0.332971053622325,0.3375227194669106,0.3295062269107643,0.3329710536223249,0.3375227194669106,0.3295062269107643,0.3329710536223249,16848,16372,16580,3493,1715,2714,0.2073243114909782,0.1047520156364525,0.1636911942098914,0.6233974358974359,0.5061690691424383,0.6244873341375151,0.9255534439241506,0.9061279316303449,0.9365857121488864,0.4587271911659218,0.445717034701719,0.4509877066682501,0.191951566951567,0.08306865379916932,0.1478890229191797,0.2226970560303894,0.1264353774737356,0.1794933655006031,0.6997863247863247,0.5152699731248473,0.6825090470446321,0.5470085470085471,0.4970681651600293,0.5664656212303981
"s05_confirmation","Objective-Credit-AOP","LIRCMOP14","LIR-CMOP",100,50000,4,267404,"all",249,400,50000,0.3377795291410611,0.3294247754848585,0.3327956953740805,0.337779529141061,0.3294247754848587,0.3327956953740804,0.337779529141061,0.3294247754848587,0.3327956953740804,16866,16372,16562,3511,1702,2738,0.2081702834104115,0.1039579770339604,0.1653181982852313,0.6150243092612356,0.5023210359149768,0.6176186450911726,0.9142868176627246,0.8899873788840565,0.9241385698294279,0.4633480129654336,0.4493720342499888,0.4545796343828966,0.1861733665362267,0.07989249938920108,0.1491365777080063,0.2301672002845962,0.1280234546787198,0.1814998188624562,0.6896715285189138,0.5173466894698265,0.6751600048303344,0.5403770900035575,0.487295382360127,0.5600772853520106
"s05_confirmation","Objective-Credit-AOP","LIRCMOP14","LIR-CMOP",100,50000,5,267405,"all",249,400,50000,0.3382391857309193,0.3285814825604667,0.333179331708614,0.338239185730919,0.3285814825604669,0.3331793317086137,0.338239185730919,0.3285814825604669,0.3331793317086137,16876,16346,16578,3702,1712,2694,0.2193647783835032,0.1047351033892084,0.162504524068042,0.6320218061151932,0.5242872874097638,0.6413318856315599,0.9121751958047131,0.8944173487685112,0.926425871542496,0.464696061555929,0.4488740109952097,0.4558362732903395,0.1932922493481868,0.08356784534442677,0.143925684642297,0.2454373074188196,0.12590236143399,0.181083363493787,0.696966105712254,0.5378685917043925,0.6962239112076246,0.5670775065181323,0.5107059831151352,0.5864398600554952
"s05_confirmation","Objective-Credit-AOP","LIRCMOP1","LIR-CMOP",100,50000,1,266101,"all",249,400,50000,0.3332335440378179,0.3370285648254597,0.3297378911367224,0.333233544037818,0.3370285648254597,0.3297378911367224,0.333233544037818,0.3370285648254597,0.3297378911367224,16606,16772,16422,1599,1756,1282,0.09629049741057449,0.1046983067016456,0.07806600901230057,0.02270263760086716,0.01615788218459337,0.009925709414200463,0.7321067118684094,0.7686418550945395,0.7400507126308116,0.6971567954856522,0.7078823918528068,0.6908673792439584,0.08514994580272191,0.03803958979251133,0.0473754719279016,0.1074310490184271,0.1713570236107799,0.1087565460966995,0.04540527520173431,0.03231576436918674,0.01985141882840093,0,0,0
"s05_confirmation","Objective-Credit-AOP","LIRCMOP1","LIR-CMOP",100,50000,2,266102,"all",249,400,50000,0.3326392977163887,0.337528246045568,0.3298324562380432,0.3326392977163888,0.337528246045568,0.3298324562380431,0.3326392977163888,0.337528246045568,0.3298324562380431,16634,16738,16428,1581,1728,1258,0.09504629072983047,0.1032381407575576,0.07657657657657657,0.0195382950583143,0.01535428366590991,0.007913318724129535,0.7383299304718225,0.7578104004026072,0.7361015467675092,0.6943351557160384,0.7075915367027862,0.6891211638815218,0.07899482986653841,0.03967021149480224,0.04309715120525932,0.1110977515931225,0.1668060700203131,0.1100560019478938,0.03907659011662859,0.03070856733181981,0.01582663744825907,0,0,0
"s05_confirmation","Objective-Credit-AOP","LIRCMOP1","LIR-CMOP",100,50000,3,266103,"all",249,400,50000,0.3295802857214914,0.3395690994087911,0.3308506148697175,0.329580285721491,0.3395690994087912,0.3308506148697175,0.329580285721491,0.3395690994087912,0.3308506148697175,16434,16910,16456,1363,1861,1134,0.0829378118534745,0.110053222945003,0.06891103548857559,0.02732140683947913,0.02081608515671201,0.009054448225571221,0.7244923910176974,0.7667524321332642,0.7414533456051913,0.7048009783128965,0.728350084290747,0.7081374937795586,0.09115248874285019,0.04683619160260201,0.04363150218765192,0.07472313496409883,0.1732702542874039,0.09419056878949927,0.05452111476207862,0.04163217031342401,0.01810889645114244,0.0001216989168796398,0,0
"s05_confirmation","Objective-Credit-AOP","LIRCMOP1","LIR-CMOP",100,50000,4,266104,"all",249,400,50000,0.3322263603036159,0.3383503490782281,0.329423290618156,0.3322263603036158,0.3383503490782281,0.3294232906181562,0.3322263603036158,0.3383503490782281,0.3294232906181562,16588,16804,16408,1497,1540,1117,0.09024596093561611,0.09164484646512736,0.06807654802535348,0.01718109476730166,0.01118781242561295,0.0053022915650902,0.775950954915775,0.8016995906802414,0.7773778966466767,0.6963962182754787,0.7123202823927285,0.6918057392669543,0.07137689896310585,0.03582480361818614,0.03705509507557289,0.1091150229081264,0.1474648893120686,0.09909800097513408,0.03436218953460333,0.02225660557010236,0.0106045831301804,0,0.000119019281123542,0
"s05_confirmation","Objective-Credit-AOP","LIRCMOP1","LIR-CMOP",100,50000,5,266105,"all",249,400,50000,0.3329182277084163,0.3375551718564883,0.3295266004350953,0.3329182277084164,0.3375551718564883,0.3295266004350954,0.3329182277084164,0.3375551718564883,0.3295266004350954,16616,16776,16408,1539,1529,1223,0.09262156957149735,0.09114210777300906,0.07453681131155535,0.01992055849783341,0.01597520267048164,0.008227693807898586,0.7684647859391958,0.7986915758355321,0.7719999261895834,0.7016409669510955,0.7142989099703605,0.6957451803900075,0.08124699085219066,0.03886504530281355,0.04692832764505119,0.103996148290804,0.1434191702432046,0.1021452949780595,0.03984111699566683,0.03195040534096328,0.01645538761579717,0,0,0
"s05_confirmation","Objective-Credit-AOP","LIRCMOP2","LIR-CMOP",100,50000,1,266201,"all",249,400,50000,0.3324063692683535,0.3379003051868522,0.3296933255447942,0.3324063692683536,0.3379003051868524,0.3296933255447945,0.3324063692683536,0.3379003051868524,0.3296933255447945,16542,16836,16422,1513,1878,1342,0.091464151855882,0.1115466856735567,0.08171964437949093,0.01849836779107726,0.01294844381088144,0.005967604433077579,0.8007830381279299,0.7994000183884863,0.7950216431800972,0.7169891721256473,0.7347744117693485,0.7137957904484699,0.07266352315318583,0.03171774768353528,0.03945926196565583,0.1102647805585782,0.191375623663578,0.123980026793326,0.03699673558215451,0.02589688762176289,0.01181342102058215,0,0,0.0001217878455730118
"s05_confirmation","Objective-Credit-AOP","LIRCMOP2","LIR-CMOP",100,50000,2,266202,"all",249,400,50000,0.3291523551314313,0.3414952556225082,0.3293523892460605,0.3291523551314314,0.341495255622508,0.3293523892460607,0.3291523551314314,0.341495255622508,0.3293523892460607,16390,17022,16388,1372,1829,1190,0.08370957901159243,0.1074491834097051,0.07261410788381743,0.02641854789505796,0.0134531782399248,0.006651208201122773,0.7754424514909282,0.7750160556472996,0.7744969378189192,0.7243635188027515,0.7572997270473774,0.7274376775109043,0.07980475899938987,0.02784631653154741,0.02989992677568953,0.087614399023795,0.1870520502878628,0.1153282889919453,0.05283709579011592,0.02690635647984961,0.01318037588479375,0,0,0.000122040517451794
"s05_confirmation","Objective-Credit-AOP","LIRCMOP2","LIR-CMOP",100,50000,3,266203,"all",249,400,50000,0.3314838227026722,0.3384519426909576,0.3300642346063702,0.3314838227026724,0.3384519426909577,0.33006423460637,0.3314838227026724,0.3384519426909577,0.33006423460637,16548,16818,16434,1306,1915,1285,0.07892192409958908,0.1138660958496849,0.07819155409516855,0.02133188300700991,0.01320014270424545,0.007180236095898747,0.7978905214021274,0.7950125375699691,0.7942995706860555,0.7136908552644041,0.732251536659463,0.7120797868466551,0.07021996615905245,0.02889760970388869,0.0321285140562249,0.08762388204012569,0.198834581995481,0.1242545941341122,0.04266376601401982,0.0264002854084909,0.01423877327491785,0,0,0.0001216989168796398
"s05_confirmation","Objective-Credit-AOP","LIRCMOP2","LIR-CMOP",100,50000,4,266204,"all",249,400,50000,0.3280728205021444,0.3419675973748291,0.3299595821230265,0.3280728205021444,0.3419675973748291,0.3299595821230262,0.3280728205021444,0.3419675973748291,0.3299595821230262,16322,17072,16406,1121,1976,1232,0.06868030878568802,0.1157450796626054,0.07509447763013531,0.02021811052567087,0.01622539831302718,0.008655369986590273,0.7712786415503544,0.7744724230442036,0.7680663552568902,0.7105882498301443,0.7436291766627475,0.715404886016181,0.07278519789241515,0.03397375820056232,0.03608435938071437,0.06457541967896091,0.1975164011246485,0.1141045958795563,0.04043622105134174,0.03245079662605436,0.0171888333536511,0,0,0.0001219066195294405
"s05_confirmation","Objective-Credit-AOP","LIRCMOP2","LIR-CMOP",100,50000,5,266205,"all",249,400,50000,0.3327998209707132,0.33873431226474,0.3284658667645468,0.3327998209707136,0.3387343122647399,0.3284658667645466,0.3327998209707136,0.3387343122647399,0.3284658667645466,16628,16816,16356,1404,1964,1300,0.08443589126774116,0.1167935299714558,0.07948153582783077,0.01936492662978109,0.01248810656517602,0.005747126436781609,0.7985740280086321,0.7880211068724142,0.7820499956368296,0.7099303884253543,0.7265862897793325,0.7024232359930489,0.07084435891267742,0.03080399619410086,0.03118121790168745,0.09802742362280491,0.2027830637488107,0.1277818537539741,0.03872985325956219,0.02497621313035205,0.01137197358767425,0,0,0.0001222792858889704
"s05_confirmation","Objective-Credit-AOP","LIRCMOP3","LIR-CMOP",100,50000,1,266301,"all",249,400,50000,0.3287380435532266,0.3404138681259526,0.3308480883208207,0.3287380435532265,0.3404138681259526,0.3308480883208206,0.3287380435532265,0.3404138681259526,0.3308480883208206,16374,16962,16464,1356,2125,1341,0.0828142176621473,0.1252800377313996,0.08145043731778426,0.03664345914254306,0.03560900837165429,0.02405247813411079,0.7165707221719758,0.629843619726568,0.6805626464826849,0.7025883961649252,0.7305869426403018,0.7083445998774828,0.08489068034689141,0.03926423770781747,0.0488338192419825,0.08073775497740319,0.2112958377549817,0.114067055393586,0.07328691828508611,0.07121801674330858,0.04810495626822157,0,0,0
"s05_confirmation","Objective-Credit-AOP","LIRCMOP3","LIR-CMOP",100,50000,2,266302,"all",249,400,50000,0.331566946758877,0.3387237677196274,0.3297092855214959,0.331566946758877,0.338723767719627,0.3297092855214955,0.331566946758877,0.338723767719627,0.3297092855214955,16554,16822,16424,1467,1904,1302,0.08861906487857919,0.1131851147307098,0.07927423283000487,0.02120333454150054,0.01147307097848056,0.006088650754992694,0.7088710255492991,0.584591437868952,0.658021570910031,0.6919227592641896,0.709538705560139,0.6889129683429795,0.09037090733357497,0.0307930091546784,0.042498782269849,0.08686722242358343,0.1955772203067412,0.1160496833901607,0.04240666908300109,0.02294614195696112,0.01217730150998539,0,0,0
"s05_confirmation","Objective-Credit-AOP","LIRCMOP3","LIR-CMOP",100,50000,3,266303,"all",249,400,50000,0.326600104283181,0.3428620221123643,0.3305378736044546,0.3266001042831809,0.3428620221123642,0.3305378736044546,0.3266001042831809,0.3428620221123642,0.3305378736044546,16250,17098,16452,1219,2028,1241,0.07501538461538461,0.118610363785238,0.07543155847313397,0.02264615384615385,0.01503099777751784,0.007050814490639436,0.7031701226818274,0.6056270191483233,0.6635447051422881,0.6836215965843521,0.7192038775889804,0.6923606772806414,0.09193846153846154,0.03497485085974968,0.04242645271091661,0.05809230769230769,0.2022458767107264,0.1084366642353513,0.04529230769230769,0.03006199555503568,0.01410162898127887,0,0,0
"s05_confirmation","Objective-Credit-AOP","LIRCMOP3","LIR-CMOP",100,50000,4,266304,"all",249,400,50000,0.3296289709152172,0.3401105489186812,0.3302604801661016,0.3296289709152173,0.3401105489186811,0.3302604801661016,0.3296289709152173,0.3401105489186811,0.3302604801661016,16450,16912,16438,1194,1891,1241,0.07258358662613981,0.111814096499527,0.0754958024090522,0.02054711246200608,0.0135406811731315,0.005900961187492395,0.7036120553304182,0.6264638934837016,0.6666377790239086,0.6994187510577378,0.7234957578177145,0.7013102578968654,0.08522796352583586,0.02968306527909177,0.03832583039299185,0.05993920972644377,0.1939451277199622,0.1126657744251125,0.04109422492401216,0.02708136234626301,0.01180192237498479,0,0,0
"s05_confirmation","Objective-Credit-AOP","LIRCMOP3","LIR-CMOP",100,50000,5,266305,"all",249,400,50000,0.3317515581174,0.3386063117362088,0.3296421301463912,0.3317515581174,0.3386063117362089,0.329642130146391,0.3317515581174,0.3386063117362089,0.329642130146391,16516,16848,16436,1454,2028,1268,0.08803584403003148,0.1203703703703704,0.07714772450717937,0.02312908694599176,0.02101139601139601,0.009613044536383548,0.7152504745929866,0.5726119715755313,0.6535340193092102,0.6979375127771341,0.7151988594015671,0.6944071230068463,0.09021554855897311,0.03252611585944919,0.04198101727914334,0.08585613950108985,0.2082146248812916,0.1123144317352154,0.04625817389198353,0.04202279202279202,0.0192260890727671,0,0,0
"s05_confirmation","Objective-Credit-AOP","LIRCMOP4","LIR-CMOP",100,50000,1,266401,"all",249,400,50000,0.3285053045244254,0.3413590963089284,0.3301355991666463,0.3285053045244252,0.3413590963089286,0.330135599166646,0.3285053045244252,0.3413590963089286,0.330135599166646,16346,17032,16422,1367,2077,1443,0.08362902239079897,0.1219469234382339,0.08786993058092803,0.02502141196623027,0.02747768905589478,0.01558884423334551,0.7059183053730296,0.5849535663683111,0.6548093305761724,0.7120290162571583,0.7449471780409177,0.7175665074153016,0.07965251437660589,0.03558008454673556,0.04323468517841919,0.08760553040499204,0.2083137623297323,0.1325051759834369,0.05004282393246054,0.05495537811178957,0.03105590062111801,0,0,0.0001217878455730118
"s05_confirmation","Objective-Credit-AOP","LIRCMOP4","LIR-CMOP",100,50000,2,266402,"all",249,400,50000,0.3316760296697219,0.3387284514070241,0.3295955189232541,0.3316760296697221,0.3387284514070242,0.3295955189232542,0.3316760296697221,0.3387284514070242,0.3295955189232542,16504,16880,16416,1584,1811,1368,0.09597673291323315,0.1072867298578199,0.08333333333333333,0.02229762481822588,0.01481042654028436,0.01090399610136452,0.7238859410603754,0.6184482931176397,0.6753475875828506,0.6981946115070155,0.7172378343436799,0.6952947752897909,0.07779932137663596,0.02725118483412322,0.04093567251461988,0.1141541444498303,0.1873222748815166,0.1257309941520468,0.04459524963645177,0.02962085308056872,0.02180799220272904,0,0,0
"s05_confirmation","Objective-Credit-AOP","LIRCMOP4","LIR-CMOP",100,50000,3,266403,"all",249,400,50000,0.3326278450407734,0.3362900037732531,0.3310821511859733,0.3326278450407733,0.336290003773253,0.3310821511859733,0.3326278450407733,0.336290003773253,0.3310821511859733,16566,16736,16498,1655,1920,1371,0.09990341663648436,0.1147227533460803,0.08310098193720451,0.02740552939756127,0.01804493307839388,0.01291065583707116,0.7307907363898757,0.70288776388764,0.7192946003777395,0.7116776534981865,0.7238867963114831,0.7104001726768966,0.08221658819268381,0.02796367112810708,0.03818644684204146,0.1175902450802849,0.2014818355640535,0.1280155170323675,0.05481105879512254,0.03608986615678776,0.02582131167414232,0,0,0
"s05_confirmation","Objective-Credit-AOP","LIRCMOP4","LIR-CMOP",100,50000,4,266404,"all",249,400,50000,0.3361810534405969,0.3352261737245041,0.3285927728348991,0.3361810534405968,0.335226173724504,0.3285927728348992,0.3361810534405968,0.335226173724504,0.3285927728348992,16778,16674,16348,1836,2083,1433,0.1094290141852426,0.1249250329854864,0.08765598238316613,0.02318512337584933,0.01271440566150894,0.005933447516515782,0.7212327307996064,0.6794975857391607,0.692156645116231,0.7111221026665623,0.7135838443276787,0.6971255217360391,0.08511145547741089,0.02842749190356243,0.033398580866161,0.1337465728930743,0.2214225740674103,0.1419133839001713,0.04637024675169865,0.02542881132301787,0.01186689503303156,0,0,0
"s05_confirmation","Objective-Credit-AOP","LIRCMOP4","LIR-CMOP",100,50000,5,266405,"all",249,400,50000,0.3298732229271392,0.3413709292686551,0.3287558478042059,0.3298732229271391,0.3413709292686553,0.3287558478042057,0.3298732229271391,0.3413709292686553,0.3287558478042057,16400,17018,16382,1495,1919,1262,0.09115853658536585,0.1127629568691973,0.07703577096813576,0.02591463414634146,0.0182160065812669,0.007019899890123306,0.7027995053829201,0.5878908184608551,0.6501738141665423,0.7097767870521899,0.7398405644753415,0.7093386686495722,0.08536585365853659,0.03466917381595958,0.03650347942864119,0.09695121951219512,0.1908567399224351,0.1175680625076303,0.05182926829268292,0.03643201316253379,0.0136735441338054,0,0,0.000366255646441216
"s05_confirmation","Objective-Credit-AOP","LIRCMOP5","LIR-CMOP",100,50000,1,266501,"all",249,400,50000,0.330258405953138,0.3412875082492614,0.3284540857976005,0.3302584059531379,0.3412875082492612,0.3284540857976005,0.3302584059531379,0.3412875082492612,0.3284540857976005,16464,16982,16354,1753,1085,1232,0.106474732750243,0.06389117889530091,0.07533325180384004,0.4918610301263363,0.3718643269344011,0.497737556561086,0.9756462115829666,0.9665271479097763,0.9757208492826976,0.7306836063620076,0.7585563243759202,0.727924283484661,0.06559766763848396,0.03497821222470852,0.04573804573804574,0.1473517978620019,0.0928041455658933,0.1049284578696343,0.4529883381924198,0.3271699446472736,0.43879173290938,0.5307337220602527,0.4165587092215287,0.556683380212792
"s05_confirmation","Objective-Credit-AOP","LIRCMOP5","LIR-CMOP",100,50000,2,266502,"all",249,400,50000,0.3314308890772975,0.3371802915163682,0.3313888194063343,0.3314308890772977,0.3371802915163685,0.3313888194063345,0.3314308890772977,0.3371802915163685,0.3313888194063345,16488,16822,16490,1987,1591,1558,0.1205118874332848,0.09457852811794079,0.0944815039417829,0.5154657933042213,0.4690286529544644,0.5272286234081262,0.9768487265003936,0.9724981070129878,0.977146671082324,0.7593223187010449,0.7833589057702068,0.7653753845765776,0.08430373605046095,0.07383188681488527,0.07228623408126138,0.1567200388161087,0.1153251694209963,0.1166767738023044,0.5390587093643863,0.4901914160028534,0.5519708914493633,0.4918728772440563,0.4478658899060754,0.502486355366889
"s05_confirmation","Objective-Credit-AOP","LIRCMOP5","LIR-CMOP",100,50000,3,266503,"all",249,400,50000,0.3274131344562038,0.3399353645897638,0.3326515009540325,0.3274131344562037,0.3399353645897636,0.3326515009540325,0.3274131344562037,0.3399353645897636,0.3326515009540325,16346,16910,16544,2076,1552,1741,0.1270035482686896,0.09178001182732111,0.1052345261121857,0.3878624739997553,0.582554701360142,0.5205512572533849,0.9728214700888193,0.9833770609545643,0.9794574139111787,0.7649074826344476,0.8118924810045594,0.7856879989471836,0.09103144500183531,0.08054405677114133,0.09006286266924565,0.1629756515355439,0.1030159668835009,0.1204061895551257,0.4152697907745014,0.6066232998225902,0.550894584139265,0.3604551572250092,0.5584861028976936,0.4902079303675048
"s05_confirmation","Objective-Credit-AOP","LIRCMOP5","LIR-CMOP",100,50000,4,266504,"all",249,400,50000,0.3315950753074853,0.3405221641612173,0.3278827605312974,0.3315950753074856,0.3405221641612174,0.3278827605312974,0.3315950753074856,0.3405221641612174,0.3278827605312974,16494,16964,16342,1786,1011,1133,0.1082817994422214,0.05959679320914878,0.06933055929506793,0.4936340487449982,0.3785663758547512,0.486904907600049,0.9754571003655631,0.9676618261402755,0.9751300467420468,0.7135108174911039,0.7361687168950248,0.7062501344567443,0.07372377834364011,0.02888469700542325,0.04907600048953616,0.1428398205408027,0.09030888941287432,0.08958511810059969,0.4613798957196557,0.3447300165055411,0.4446212213927304,0.5258882017703407,0.4124027352039613,0.5291885938073675
"s05_confirmation","Objective-Credit-AOP","LIRCMOP5","LIR-CMOP",100,50000,5,266505,"all",249,400,50000,0.3251743902704873,0.3460721061733295,0.3287535035561832,0.3251743902704873,0.3460721061733294,0.3287535035561832,0.3251743902704873,0.3460721061733294,0.3287535035561832,16196,17192,16412,1752,1263,1303,0.1081748579896271,0.07346440204746393,0.07939312698025834,0.6010743393430477,0.4043159609120521,0.561418474287107,0.9817967035697545,0.9713973740457306,0.9799048188870519,0.7460790784182028,0.7997599912409721,0.7563506963770157,0.08360088910842184,0.037691949744067,0.05386302705337558,0.1327488268708323,0.1092368543508609,0.1049232269071411,0.5748332921709064,0.3816891577477897,0.5393614428466975,0.6273153865151889,0.4269427640763145,0.5834755057275165
"s05_confirmation","Objective-Credit-AOP","LIRCMOP6","LIR-CMOP",100,50000,1,266601,"all",249,400,50000,0.3206040429494026,0.3470242624717046,0.3323716945788927,0.3206040429494028,0.3470242624717043,0.3323716945788926,0.3206040429494028,0.3470242624717043,0.3323716945788926,15966,17290,16544,1401,2183,1485,0.0877489665539271,0.1262579525737421,0.08976063829787234,0.6094200175372667,0.7102949681897051,0.6952973887814313,0.9798449691240335,0.9867916530330104,0.9850110103373513,0.8063505327031221,0.8767785540589891,0.8381315591539715,0.07641237629963672,0.1046847888953152,0.07918278529980657,0.09908555680821746,0.1478311162521689,0.1003384912959381,0.6398597018664662,0.7289762868710237,0.7018858800773694,0.5789803332080672,0.6916136495083863,0.6887088974854932
"s05_confirmation","Objective-Credit-AOP","LIRCMOP6","LIR-CMOP",100,50000,2,266602,"all",249,400,50000,0.3220461313758698,0.3487279315064961,0.3292259371176339,0.3220461313758699,0.3487279315064962,0.329225937117634,0.3220461313758699,0.3487279315064962,0.329225937117634,16020,17358,16422,1589,1399,1170,0.09918851435705368,0.0805968429542574,0.07124588966021191,0.5978776529338327,0.4135269040212006,0.5440872000974303,0.9795823628877147,0.9691201737229729,0.9766480197428451,0.7476889556489986,0.8181733679860924,0.7684733440587096,0.07240948813982521,0.04701002419633599,0.0484715625380587,0.1259675405742821,0.1141836617121788,0.09402021678236512,0.6280898876404495,0.4203249222260629,0.5525514553647546,0.5676654182272159,0.4067288858163383,0.535622944830106
"s05_confirmation","Objective-Credit-AOP","LIRCMOP6","LIR-CMOP",100,50000,3,266603,"all",249,400,50000,0.3262072454367713,0.3427314181263408,0.3310613364368878,0.3262072454367713,0.3427314181263407,0.3310613364368875,0.3262072454367713,0.3427314181263407,0.3310613364368875,16216,17096,16488,1715,1471,1407,0.1057597434632462,0.0860435189518016,0.08533478893740902,0.6623704982733103,0.5168460458586804,0.6245754488112567,0.9836744709584457,0.9749200295516004,0.981289266682291,0.7449041306494165,0.7939404604065136,0.7616693478996727,0.07844104588061174,0.05568554047730463,0.05846676370693838,0.1330784410458806,0.1164014974262985,0.1122028141678797,0.6676122348297977,0.4934487599438465,0.6106259097525473,0.6571287617168229,0.5402433317735142,0.638524987869966
"s05_confirmation","Objective-Credit-AOP","LIRCMOP6","LIR-CMOP",100,50000,4,266604,"all",249,400,50000,0.3224675954497273,0.3467361927449316,0.3307962118053411,0.3224675954497273,0.3467361927449318,0.3307962118053409,0.3224675954497273,0.3467361927449318,0.3307962118053409,16062,17254,16484,1722,1542,1367,0.1072095629435936,0.08937058073490205,0.0829289007522446,0.6830407172207695,0.5753448475715776,0.664462509099733,0.9839386388835812,0.9787779802000346,0.9829933115035615,0.763750171823232,0.8289091656702993,0.787590328349891,0.08815838625326858,0.06827402341486032,0.06563940791070129,0.1262607396339186,0.1104671380549438,0.1002183935937879,0.6809861785580874,0.5927900776631506,0.662096578500364,0.6850952558834517,0.5578996174800046,0.6668284396991021
"s05_confirmation","Objective-Credit-AOP","LIRCMOP6","LIR-CMOP",100,50000,5,266605,"all",249,400,50000,0.3192405192038762,0.3488378735050136,0.3319216072911101,0.3192405192038761,0.3488378735050136,0.3319216072911101,0.3192405192038761,0.3488378735050136,0.3319216072911101,15880,17408,16512,1597,1522,1267,0.1005667506297229,0.08743106617647059,0.07673207364341085,0.5535264483627204,0.5188993566176471,0.5362160852713178,0.9768017830113853,0.9763506139121314,0.9764142688031541,0.75093385051005,0.8307180753547236,0.7861060809613916,0.07455919395465994,0.07100183823529412,0.05983527131782946,0.1265743073047859,0.1038602941176471,0.09362887596899225,0.5763224181360201,0.5210248161764706,0.5393653100775194,0.5307304785894207,0.5167738970588235,0.5330668604651163
"s05_confirmation","Objective-Credit-AOP","LIRCMOP7","LIR-CMOP",100,50000,1,266701,"all",249,400,50000,0.3267283914100913,0.3431043044550051,0.3301673041349035,0.3267283914100911,0.3431043044550052,0.3301673041349035,0.3267283914100911,0.3431043044550052,0.3301673041349035,16256,17094,16450,1792,1459,1458,0.1102362204724409,0.08535158535158535,0.0886322188449848,0.5506889763779528,0.3914238914238914,0.5037082066869301,0.9782813528406508,0.9680364335243995,0.9752581646144802,0.7628029634739594,0.8100197537970832,0.7742804589773,0.07627952755905512,0.03697203697203697,0.05045592705167173,0.1441929133858268,0.1337311337311337,0.1268085106382979,0.5358021653543307,0.352053352053352,0.4500911854103343,0.5655757874015748,0.4307944307944308,0.5573252279635258
"s05_confirmation","Objective-Credit-AOP","LIRCMOP7","LIR-CMOP",100,50000,2,266702,"all",249,400,50000,0.336557846349027,0.3350437341773132,0.3283984194736599,0.3365578463490267,0.3350437341773133,0.3283984194736598,0.3365578463490267,0.3350437341773133,0.3283984194736598,16768,16654,16378,2292,1516,1733,0.1366889312977099,0.09102918217845563,0.105812675540359,0.389074427480916,0.2914014651134862,0.3816705336426914,0.9673214179884158,0.9585801939820943,0.9664054589935995,0.7673608463659742,0.7705856629973409,0.7507973677885676,0.07514312977099237,0.03434610303830912,0.0505556233972402,0.1982347328244275,0.1477122613186021,0.1610697276834778,0.4198473282442748,0.2834153957007325,0.3819758212235926,0.3583015267175573,0.29938753452624,0.3813652460617902
"s05_confirmation","Objective-Credit-AOP","LIRCMOP7","LIR-CMOP",100,50000,3,266703,"all",249,400,50000,0.3432258653252994,0.3289259678756127,0.3278481667990879,0.3432258653252995,0.3289259678756126,0.3278481667990882,0.3432258653252995,0.3289259678756126,0.3278481667990882,17104,16358,16338,2422,1059,1664,0.1416043030869972,0.06473896564372172,0.1018484514628474,0.2742633302151544,0.2310184619146595,0.2949565430285225,0.9616682750872669,0.9554065109489974,0.9615915913991073,0.7473076221047835,0.7171599470326421,0.7134946610982615,0.07448550046772685,0.02677588947304071,0.05263802178969274,0.2087231057062675,0.1027020418144027,0.151058881136002,0.355355472404116,0.2497860374128867,0.3485126698494308,0.1931711880261927,0.2122508864164323,0.2414004162076142
"s05_confirmation","Objective-Credit-AOP","LIRCMOP7","LIR-CMOP",100,50000,4,266704,"all",249,400,50000,0.3403662997383393,0.3314059613262538,0.3282277389354067,0.3403662997383393,0.3314059613262538,0.3282277389354067,0.3403662997383393,0.3314059613262538,0.3282277389354067,16960,16486,16354,2306,1027,1443,0.1359669811320755,0.06229528084435278,0.08823529411764706,0.3159198113207547,0.2886691738444741,0.3370429252782194,0.9666804359880184,0.9629532259215718,0.9671795531190989,0.7564501007812707,0.7382637234483449,0.7294115210016656,0.07912735849056604,0.02802377775081888,0.04830622477681301,0.1928066037735849,0.09656678393788669,0.1281643634584811,0.3571933962264151,0.2688341623195439,0.3342301577595695,0.2746462264150943,0.3085041853694043,0.3398556927968693
"s05_confirmation","Objective-Credit-AOP","LIRCMOP7","LIR-CMOP",100,50000,5,266705,"all",249,400,50000,0.3274052621340826,0.3437706073544595,0.328824130511458,0.3274052621340827,0.3437706073544595,0.3288241305114578,0.3274052621340827,0.3437706073544595,0.3288241305114578,16322,17108,16370,1847,1421,1375,0.1131601519421639,0.08306055646481178,0.0839951130116066,0.4562553608626394,0.2865326163198504,0.4136835675015272,0.9732598901765052,0.9629554155642406,0.9704077193483357,0.7577248461219948,0.806904117299187,0.7660042425156363,0.07450067393701752,0.03016132803366846,0.04886988393402566,0.1518196299473104,0.1359597848959551,0.1191203420891875,0.4645264060776866,0.2694645779752163,0.3773976786805132,0.4479843156475922,0.3036006546644844,0.4499694563225413
"s05_confirmation","Objective-Credit-AOP","LIRCMOP8","LIR-CMOP",100,50000,1,266801,"all",249,400,50000,0.3243846388443204,0.345482253395722,0.3301331077599576,0.3243846388443203,0.345482253395722,0.3301331077599578,0.3243846388443203,0.345482253395722,0.3301331077599578,16144,17236,16420,1953,1254,1292,0.1209737363726462,0.07275469946623346,0.07868453105968332,0.4809217046580773,0.3098166627987932,0.4285018270401949,0.9747825454235187,0.9675377193347153,0.9719944407071922,0.7572198936186862,0.8163794030634445,0.7740021459141445,0.07606541129831516,0.03202599210953817,0.04933008526187576,0.1658820614469772,0.1134834068229287,0.1080389768574909,0.4806739345887017,0.2896263634253887,0.3825822168087698,0.4811694747274529,0.3300069621721977,0.47442143727162
"s05_confirmation","Objective-Credit-AOP","LIRCMOP8","LIR-CMOP",100,50000,2,266802,"all",249,400,50000,0.3256996338072459,0.3445343130147112,0.3297660531780431,0.3256996338072457,0.3445343130147114,0.3297660531780431,0.3256996338072457,0.3445343130147114,0.3297660531780431,16220,17142,16438,1815,1249,1279,0.1118988902589396,0.07286197643215495,0.0778075191629152,0.4843403205918619,0.3355501108388753,0.4462830027983939,0.9750123554012256,0.9677208849947827,0.9727525056492263,0.7409984065816549,0.7937464324365201,0.7545187723986658,0.07595561035758323,0.03418504258546261,0.05280447743034433,0.1478421701602959,0.1115389102788473,0.1028105608954861,0.488039457459926,0.3221327733053319,0.4107555663706047,0.4806411837237978,0.3489674483724186,0.4818104392261832
"s05_confirmation","Objective-Credit-AOP","LIRCMOP8","LIR-CMOP",100,50000,3,266803,"all",249,400,50000,0.3216001298135661,0.3471277804126016,0.3312720897738325,0.3216001298135661,0.3471277804126013,0.3312720897738327,0.3216001298135661,0.3471277804126013,0.3312720897738327,16024,17288,16488,1720,1285,1231,0.1073389915127309,0.07432901434521055,0.07466035904900534,0.5009360958562157,0.315247570569181,0.4340732654051431,0.9748675069929845,0.9663988179313212,0.9719498375570829,0.7622086048695746,0.8325919915391289,0.7900486892985751,0.07401397903145282,0.03320222119389172,0.04949053857350801,0.140664003994009,0.1154558074965294,0.09983017952450267,0.5493010484273589,0.3358398889403054,0.4314653081028627,0.4525711432850724,0.2946552521980564,0.4366812227074236
"s05_confirmation","Objective-Credit-AOP","LIRCMOP8","LIR-CMOP",100,50000,4,266804,"all",249,400,50000,0.3291689497826679,0.3386060113270523,0.3322250388902798,0.3291689497826678,0.3386060113270525,0.3322250388902798,0.3291689497826678,0.3386060113270525,0.3322250388902798,16404,16846,16550,1906,1040,1332,0.1161911728846623,0.06173572361391428,0.0804833836858006,0.4856742257985857,0.3668526653211445,0.4415709969788519,0.9768179806479292,0.9695228804993433,0.9738190261148667,0.7604858034302779,0.788981376386739,0.7699451402064111,0.07266520360887588,0.0296806363528434,0.05268882175226586,0.1597171421604487,0.09379081087498516,0.1082779456193353,0.4758595464520848,0.3345601329692509,0.3980664652567976,0.4954889051450866,0.3991451976730381,0.4850755287009064
"s05_confirmation","Objective-Credit-AOP","LIRCMOP8","LIR-CMOP",100,50000,5,266805,"all",249,400,50000,0.3213781506652848,0.3493951042514091,0.3292267450833061,0.3213781506652849,0.3493951042514087,0.3292267450833063,0.3213781506652849,0.3493951042514087,0.3292267450833063,15984,17430,16386,1642,1424,1158,0.1027277277277277,0.08169822145725761,0.07067008421823508,0.5167042042042042,0.3259896729776248,0.449347003539607,0.9758651680162035,0.9683690739763777,0.9725206507173214,0.7523455482680715,0.8273944903745828,0.7753596483642914,0.07032032032032032,0.04142283419391853,0.04772366654461126,0.1351351351351351,0.1219736087205967,0.0936165018918589,0.5434184184184184,0.3466437177280551,0.4352496033199073,0.48998998998999,0.3053356282271945,0.4634444037593067
"s05_confirmation","Objective-Credit-AOP","LIRCMOP9","LIR-CMOP",100,50000,1,266901,"all",249,400,50000,0.3271198984639205,0.3383149779740425,0.334565123562037,0.3271198984639204,0.3383149779740428,0.334565123562037,0.3271198984639204,0.3383149779740428,0.334565123562037,16288,16888,16624,1921,2623,2141,0.1179395874263261,0.1553173851255329,0.1287897016361886,0.6638015717092338,0.6368427285646613,0.7181785370548605,0.9040659604409884,0.9046997210991866,0.9298534335633454,0.8614823159845307,0.8925648341492471,0.8824143716967928,0.1133349705304519,0.1406916153481762,0.1233156881616939,0.1225442043222004,0.1699431549028896,0.1342637151106834,0.856827111984283,0.7669351018474656,0.8633301251203079,0.4707760314341847,0.506750355281857,0.5730269489894129
"s05_confirmation","Objective-Credit-AOP","LIRCMOP9","LIR-CMOP",100,50000,2,266902,"all",249,400,50000,0.3258534527287378,0.3392518306982483,0.3348947165730138,0.325853452728738,0.3392518306982483,0.3348947165730142,0.325853452728738,0.3392518306982483,0.3348947165730142,16214,16914,16672,2162,2771,2603,0.1333415566794129,0.1638287808915691,0.1561300383877159,0.6786727519427656,0.6294785384888258,0.7158709213051824,0.9158049477324083,0.9072658797614671,0.9341898816467257,0.8401885560527634,0.8768126126611071,0.8649616706043306,0.1232268410016036,0.1453234007331205,0.1464731285988484,0.1434562723572222,0.1823341610500177,0.1657869481765835,0.8371777476255088,0.7521579756414805,0.8528071017274472,0.5201677562600222,0.5067991013361712,0.5789347408829175
"s05_confirmation","Objective-Credit-AOP","LIRCMOP9","LIR-CMOP",100,50000,3,266903,"all",249,400,50000,0.3285253198367522,0.3376282500713427,0.3338464300919052,0.3285253198367523,0.3376282500713428,0.3338464300919052,0.3285253198367523,0.3376282500713428,0.3338464300919052,16390,16820,16590,2300,2623,2513,0.1403294691885296,0.1559453032104637,0.1514767932489451,0.6867602196461257,0.6523781212841855,0.7317661241711875,0.9173088661806418,0.9138238709968551,0.936367203643513,0.8388247814944506,0.8636086521637599,0.8529304272004855,0.1291031116534472,0.13115338882283,0.1444243520192887,0.151555826723612,0.1807372175980975,0.1585292344786016,0.8529591214154972,0.7700356718192628,0.852200120554551,0.5205613178767541,0.5347205707491082,0.611332127787824
"s05_confirmation","Objective-Credit-AOP","LIRCMOP9","LIR-CMOP",100,50000,4,266904,"all",249,400,50000,0.3275051007156596,0.3383512298012707,0.3341436694830695,0.3275051007156597,0.3383512298012707,0.3341436694830696,0.3275051007156597,0.3383512298012707,0.3341436694830696,16334,16866,16600,2020,2622,2287,0.1236684216970736,0.1554606901458556,0.1377710843373494,0.6631566058528223,0.6404600972370449,0.7247590361445783,0.9028957306826176,0.9074874556687538,0.9296778593057189,0.8574404934072474,0.8873254887492871,0.8757098473030485,0.1169340026937676,0.1334044823906083,0.1363855421686747,0.1304028407003796,0.1775168979011028,0.1391566265060241,0.8398432717031958,0.7607020040317799,0.8572289156626506,0.4864699400024489,0.52021819044231,0.5922891566265061
"s05_confirmation","Objective-Credit-AOP","LIRCMOP9","LIR-CMOP",100,50000,5,266905,"all",249,400,50000,0.3275986171479884,0.338191227661132,0.3342101551908797,0.3275986171479883,0.3381912276611316,0.3342101551908796,0.3275986171479883,0.3381912276611316,0.3342101551908796,16342,16864,16594,2169,2618,2573,0.1327254925957655,0.155241935483871,0.1550560443533807,0.6707869293844083,0.6472367172675522,0.7099554055682777,0.9099805556048746,0.91128845151763,0.9304709902303329,0.8265548828887426,0.8550352954576229,0.8444365156159842,0.1144290784481704,0.1210863377609108,0.1284801735567072,0.1510219067433607,0.1893975332068311,0.1816319151500542,0.8443274996940399,0.7642314990512334,0.8436784379896348,0.4972463590747767,0.530241935483871,0.5762323731469206
"s05_confirmation","Stage-AOP","CF10","CF",100,50000,1,246001,"all",249,400,50000,0.305153949129853,0.3445113788487278,0.350334672021419,0.3051539491298524,0.3445113788487303,0.3503346720214193,0.3051539491298524,0.3445113788487303,0.3503346720214193,15346,17082,17372,2694,1355,3041,0.1755506320865372,0.0793232642547711,0.175051807506332,0.6367131500065164,0.3901767942863834,0.7668662215058715,0.7116136867829777,0.518794655113953,0.8136085608725182,0.5630006595128098,0.5605190537244594,0.5819268889332736,0.179590772839828,0.09237794169301018,0.1730370711489754,0.1715104913332464,0.06626858681653203,0.1770665438636887,0.6952951909292324,0.4305116496897319,0.8056642873589684,0.5781311090838004,0.3498419388830348,0.7280681556527746
"s05_confirmation","Stage-AOP","CF10","CF",100,50000,2,246002,"all",249,400,50000,0.305153949129853,0.3445113788487278,0.350334672021419,0.3051539491298524,0.3445113788487303,0.3503346720214193,0.3051539491298524,0.3445113788487303,0.3503346720214193,15346,17082,17372,2337,1088,2670,0.1522872409748469,0.06369277602154315,0.1536956021183514,0.5728528606803076,0.3838543496077743,0.7292769974671885,0.6622714938845302,0.5275635178785075,0.7853685491740475,0.5640946995052071,0.556989919282549,0.5839214186326153,0.1513097875667926,0.06591733988994262,0.1572645636656689,0.1532646943829011,0.06146821215314366,0.1501266405710338,0.6447282679525609,0.4405807282519612,0.7839051346995165,0.5009774534080542,0.3271279709635874,0.6746488602348607
"s05_confirmation","Stage-AOP","CF10","CF",100,50000,3,246003,"all",249,400,50000,0.305153949129853,0.3445113788487278,0.350334672021419,0.3051539491298524,0.3445113788487303,0.3503346720214193,0.3051539491298524,0.3445113788487303,0.3503346720214193,15346,17082,17372,1703,801,1244,0.110973543594422,0.04689146469968388,0.07160948653004835,0.377818323993223,0.2421262147289545,0.4729449689154962,0.5413973159114155,0.4389793602206872,0.6001155371011531,0.6068479577786569,0.578583011596838,0.6026074284588568,0.110908380033885,0.0532724505327245,0.07644485378770435,0.1110387071549589,0.04051047886664325,0.06677411927239235,0.5104913332464486,0.3319283456269758,0.5944047893161409,0.2451453147399974,0.1523240838309332,0.3514851485148515
"s05_confirmation","Stage-AOP","CF10","CF",100,50000,4,246004,"all",249,400,50000,0.305153949129853,0.3445113788487278,0.350334672021419,0.3051539491298524,0.3445113788487303,0.3503346720214193,0.3051539491298524,0.3445113788487303,0.3503346720214193,15346,17082,17372,2859,1157,2977,0.1863026195751336,0.06773211567732115,0.1713677181671656,0.5664668317476866,0.323674042852125,0.7020492746949113,0.6687419894145994,0.4934770426569828,0.7732197401935719,0.5749018957692696,0.5670206058351311,0.5834151080581023,0.1878013814674834,0.06650275143425828,0.1724614321897306,0.1848038576827838,0.06896147992038403,0.1702740041446005,0.6554150918806203,0.3674042852125044,0.7711259498042827,0.477518571614753,0.2799438004917457,0.63297259958554
"s05_confirmation","Stage-AOP","CF10","CF",100,50000,5,246005,"all",249,400,50000,0.305153949129853,0.3445113788487278,0.350334672021419,0.3051539491298524,0.3445113788487303,0.3503346720214193,0.3051539491298524,0.3445113788487303,0.3503346720214193,15346,17082,17372,2578,1297,2715,0.1679916590642513,0.07592787729774031,0.1562859774349528,0.5924670924019289,0.3628380751668423,0.7131015427124108,0.6765773683969681,0.5093842291028517,0.7695262461686616,0.6307071753120129,0.6179999000475878,0.6429542605197324,0.1674703505799557,0.08687507317644304,0.164172231176606,0.1685129675485469,0.06498068141903758,0.1483997236932996,0.6760067770102959,0.4168130195527456,0.7880497352060788,0.5089274077935618,0.308863130780939,0.6381533502187428
"s05_confirmation","Stage-AOP","CF1","CF",100,50000,1,245101,"all",249,400,50000,0.305153949129853,0.3445113788487278,0.350334672021419,0.3051539491298524,0.3445113788487303,0.3503346720214193,0.3051539491298524,0.3445113788487303,0.3503346720214193,15346,17082,17372,1011,2924,1873,0.06588035970285416,0.1711743355578972,0.1078171770665439,0.2508797080672488,0.1470553799320923,0.2546051116739581,0.7783523711911384,0.7457408638793331,0.7736121381773737,0.5988555098008258,0.6371729589704597,0.6131994411672328,0.06607585038446501,0.197869101978691,0.1576099470412158,0.06568486902124332,0.1444795691371034,0.05802440709187198,0.3280333637429949,0.2505561409670999,0.3570112825236012,0.1737260523915027,0.04355461889708465,0.152198940824315
"s05_confirmation","Stage-AOP","CF1","CF",100,50000,2,245102,"all",249,400,50000,0.305153949129853,0.3445113788487278,0.350334672021419,0.3051539491298524,0.3445113788487303,0.3503346720214193,0.3051539491298524,0.3445113788487303,0.3503346720214193,15346,17082,17372,1078,3152,1985,0.07024631825882967,0.1845217187682941,0.1142643334100852,0.2579173726052392,0.1613394216133942,0.268017499424361,0.780187419610334,0.7547129615227441,0.7791706643706025,0.6052895731904594,0.6398806345992443,0.6189596143841523,0.07506842173856379,0.2258517737969793,0.1736127101082201,0.06542421477909553,0.143191663739609,0.05491595671195026,0.3406750944871628,0.2795925535651563,0.3755468570112825,0.1751596507233155,0.04308628966163212,0.1604881418374396
"s05_confirmation","Stage-AOP","CF1","CF",100,50000,3,245103,"all",249,400,50000,0.305153949129853,0.3445113788487278,0.350334672021419,0.3051539491298524,0.3445113788487303,0.3503346720214193,0.3051539491298524,0.3445113788487303,0.3503346720214193,15346,17082,17372,1119,3160,1793,0.07291802424084452,0.1849900480037466,0.1032120653925858,0.253095269125505,0.1614565039222574,0.2589224038682938,0.7801236095533961,0.7523005409197476,0.7783391137986443,0.606286793223103,0.6397517066582566,0.617786905851599,0.0746774403753421,0.2140264606018031,0.1486299792769975,0.07115860810634693,0.1559536354056902,0.05779415150817407,0.3295972891958817,0.273972602739726,0.3556297490214138,0.1765932490551284,0.04894040510478866,0.1622150587151738
"s05_confirmation","Stage-AOP","CF1","CF",100,50000,4,245104,"all",249,400,50000,0.305153949129853,0.3445113788487278,0.350334672021419,0.3051539491298524,0.3445113788487303,0.3503346720214193,0.3051539491298524,0.3445113788487303,0.3503346720214193,15346,17082,17372,1014,2900,1944,0.06607585038446501,0.1697693478515396,0.1119042136771817,0.2555063208653721,0.1474066268586817,0.2597858623071609,0.7813256123966748,0.747956262694957,0.7786088358905544,0.6049237964770101,0.6413619957325325,0.6173581130507036,0.07037664537990355,0.1974007727432385,0.1635965922173613,0.06177505538902646,0.1421379229598408,0.06021183513700207,0.3349407011599114,0.2523123756000468,0.3540179599355284,0.1760719405708328,0.04250087811731647,0.1655537646787935
"s05_confirmation","Stage-AOP","CF1","CF",100,50000,5,245105,"all",249,400,50000,0.305153949129853,0.3445113788487278,0.350334672021419,0.3051539491298524,0.3445113788487303,0.3503346720214193,0.3051539491298524,0.3445113788487303,0.3503346720214193,15346,17082,17372,1065,3110,1877,0.06939919197184934,0.1820629902821684,0.1080474326502418,0.260589078587254,0.1563634234867111,0.2588648399723693,0.7799241165262328,0.7549723594144447,0.7768739979139057,0.6045108828953083,0.6411109715154301,0.6184897143690649,0.07428645901212043,0.2073527689966046,0.1533502187428045,0.06451192493157826,0.1567732115677321,0.06274464655767903,0.344063599635084,0.2697576396206533,0.3613861386138614,0.177114557539424,0.042969207352769,0.1563435413308773
"s05_confirmation","Stage-AOP","CF2","CF",100,50000,1,245201,"all",249,400,50000,0.305153949129853,0.3445113788487278,0.350334672021419,0.3051539491298524,0.3445113788487303,0.3503346720214193,0.3051539491298524,0.3445113788487303,0.3503346720214193,15346,17082,17372,1038,835,527,0.06763977583735176,0.0488818639503571,0.03033617315219894,0.7946696207480777,0.8771806580025758,0.8421022334791619,0.9910320132159187,0.9943859422080222,0.9926582649026122,0.7277501383287479,0.6319304739212566,0.6885938156001411,0.07246187931708589,0.0490574874136518,0.03350218742804513,0.06281767235761762,0.0487062404870624,0.02717015887635275,0.8681089534732178,0.8990750497599813,0.869560211835137,0.7212302880229375,0.8552862662451703,0.8146442551231867
"s05_confirmation","Stage-AOP","CF2","CF",100,50000,2,245202,"all",249,400,50000,0.305153949129853,0.3445113788487278,0.350334672021419,0.3051539491298524,0.3445113788487303,0.3503346720214193,0.3051539491298524,0.3445113788487303,0.3503346720214193,15346,17082,17372,1146,873,516,0.0746774403753421,0.05110642781875659,0.0297029702970297,0.806659715886876,0.8813956211216485,0.8585079438176376,0.9915697883316776,0.9948519929399577,0.993491110223147,0.7303829272812165,0.633363575517188,0.6838033002452424,0.08210608627655415,0.0517503805175038,0.03050886483997237,0.06724879447413007,0.05046247512000936,0.02889707575408704,0.901603023589209,0.9128907622058307,0.8902832143679484,0.7117164081845432,0.8499004800374663,0.8267326732673267
"s05_confirmation","Stage-AOP","CF2","CF",100,50000,3,245203,"all",249,400,50000,0.305153949129853,0.3445113788487278,0.350334672021419,0.3051539491298524,0.3445113788487303,0.3503346720214193,0.3051539491298524,0.3445113788487303,0.3503346720214193,15346,17082,17372,1050,935,572,0.06842173856379513,0.05473597939351364,0.03292654846880037,0.7712107389547765,0.8572766654958436,0.8358277688233939,0.9901206037077462,0.9937472948618595,0.9924883760249827,0.7580980886272545,0.6533565399264142,0.7095192679166846,0.07624136582822885,0.05549701440112399,0.03672576559981579,0.0606021112993614,0.05397494438590329,0.02912733133778494,0.8712368043789913,0.9082074698513055,0.8724384066313609,0.6711846735305617,0.8063458611403816,0.7992171310154271
"s05_confirmation","Stage-AOP","CF2","CF",100,50000,4,245204,"all",249,400,50000,0.305153949129853,0.3445113788487278,0.350334672021419,0.3051539491298524,0.3445113788487303,0.3503346720214193,0.3051539491298524,0.3445113788487303,0.3503346720214193,15346,17082,17372,980,884,521,0.06386028932620878,0.0517503805175038,0.02999078977665208,0.7657369998696729,0.8757756702962183,0.8335252129864149,0.9899783645803468,0.9945074528177082,0.9923776846825433,0.7599275184932839,0.6403688055687332,0.7117052755027486,0.06646683174768669,0.05350661515045077,0.03131475938291504,0.06125374690473087,0.04999414588455684,0.02866682017038913,0.8634171771145576,0.9205011122819342,0.8666820170389132,0.6680568226247883,0.8310502283105022,0.8003684089339167
"s05_confirmation","Stage-AOP","CF2","CF",100,50000,5,245205,"all",249,400,50000,0.305153949129853,0.3445113788487278,0.350334672021419,0.3051539491298524,0.3445113788487303,0.3503346720214193,0.3051539491298524,0.3445113788487303,0.3503346720214193,15346,17082,17372,1028,835,461,0.06698814023198228,0.0488818639503571,0.02653695602118351,0.8088101133845953,0.8756000468329236,0.8504489983882109,0.9915659809617504,0.9943185085241145,0.9929377562807752,0.7196771729553769,0.6327331508366859,0.6797748991051773,0.07611103870715497,0.0490574874136518,0.02774579783559751,0.05786524175680959,0.0487062404870624,0.02532811420676951,0.8776228333116122,0.9028216836436015,0.8740501957172462,0.7399973934575785,0.8483784100222457,0.8268478010591757
"s05_confirmation","Stage-AOP","CF3","CF",100,50000,1,245301,"all",249,400,50000,0.305153949129853,0.3445113788487278,0.350334672021419,0.3051539491298524,0.3445113788487303,0.3503346720214193,0.3051539491298524,0.3445113788487303,0.3503346720214193,15346,17082,17372,1812,902,1647,0.1180763716929493,0.05280412129727198,0.09480773658761225,0.9568617229245406,0.9707879639386489,0.9580934837669813,0.9890499729093598,0.9935991024619455,0.987648648861271,0.862907287343943,0.7177288738215865,0.8172976084932664,0.1208132412355011,0.0505795574288725,0.0934837669813493,0.1153395021503975,0.05502868516567147,0.0961317061938752,0.9659846213997133,0.9736564805057956,0.9698365185355745,0.947738824449368,0.9679194473715022,0.9463504489983882
"s05_confirmation","Stage-AOP","CF3","CF",100,50000,2,245302,"all",249,400,50000,0.305153949129853,0.3445113788487278,0.350334672021419,0.3051539491298524,0.3445113788487303,0.3503346720214193,0.3051539491298524,0.3445113788487303,0.3503346720214193,15346,17082,17372,2495,897,2478,0.1625830835396846,0.05251141552511415,0.1426433341008519,0.9520396194448064,0.9746516801311322,0.9682247294496892,0.9900462496858937,0.9949348554089681,0.9921307611358853,0.8801541476798245,0.7489984140945163,0.8501460931135288,0.158347452104783,0.05315536822386138,0.1381533502187428,0.1668187149745862,0.05186746282636694,0.1471333179829611,0.9545158347452105,0.9757639620653319,0.9752475247524752,0.9495634041444024,0.9735393981969325,0.961201934146903
"s05_confirmation","Stage-AOP","CF3","CF",100,50000,3,245303,"all",249,400,50000,0.305153949129853,0.3445113788487278,0.350334672021419,0.3051539491298524,0.3445113788487303,0.3503346720214193,0.3051539491298524,0.3445113788487303,0.3503346720214193,15346,17082,17372,1835,919,1498,0.1195751335852991,0.05379932092260859,0.0862307160948653,0.9552326339111169,0.9714904577918276,0.9446810960165783,0.9904626573271536,0.9951209489588793,0.9892340304568549,0.8695899703914726,0.7367200105871381,0.8315252303879447,0.1215952039619445,0.04964289895796745,0.08484918259267787,0.1175550632086537,0.05795574288724974,0.08761224959705273,0.9599895738303141,0.9728369043437537,0.9526824775500806,0.9504756939919197,0.9701440112399017,0.9366797144830762
"s05_confirmation","Stage-AOP","CF3","CF",100,50000,4,245304,"all",249,400,50000,0.305153949129853,0.3445113788487278,0.350334672021419,0.3051539491298524,0.3445113788487303,0.3503346720214193,0.3051539491298524,0.3445113788487303,0.3503346720214193,15346,17082,17372,2078,853,1866,0.1354098787957774,0.04993560473012528,0.1074142297950725,0.9391372344584908,0.9787495609413418,0.9106032696292885,0.9870186999979849,0.9952729127551149,0.9789915907016771,0.8725150507952598,0.7388045625063298,0.8297972973545563,0.1255050175941614,0.0460133473832104,0.09475017269168777,0.1453147399973934,0.05385786207704016,0.1200782868984573,0.9496937312654763,0.9823205713616673,0.9291964080128943,0.9285807376515053,0.9751785505210163,0.8920101312456827
"s05_confirmation","Stage-AOP","CF3","CF",100,50000,5,245305,"all",249,400,50000,0.305153949129853,0.3445113788487278,0.350334672021419,0.3051539491298524,0.3445113788487303,0.3503346720214193,0.3051539491298524,0.3445113788487303,0.3503346720214193,15346,17082,17372,2378,888,2416,0.1549589469568617,0.05198454513523006,0.1390743725535344,0.9526912550501759,0.9666315419740077,0.9567119502647939,0.9897209787687772,0.9946616430082107,0.989160313332798,0.8811719696616306,0.749263144302899,0.8459156477347533,0.155871236804379,0.04999414588455684,0.1363113055491596,0.1540466571093445,0.05397494438590329,0.1418374395579093,0.9582953212563534,0.9678023650626391,0.9674188349067465,0.9470871888439985,0.9654607188853764,0.9460050656228414
"s05_confirmation","Stage-AOP","CF4","CF",100,50000,1,245401,"all",249,400,50000,0.305153949129853,0.3445113788487278,0.350334672021419,0.3051539491298524,0.3445113788487303,0.3503346720214193,0.3051539491298524,0.3445113788487303,0.3503346720214193,15346,17082,17372,1319,983,935,0.08595073634823407,0.05754595480622878,0.05382224268938521,0.6824579695034537,0.8136049642898958,0.7608220124338015,0.9856545712443398,0.9919724601597791,0.9892553745887951,0.8731171556655385,0.7041602230930498,0.8007208889205039,0.09175029323602242,0.05467743823908208,0.05790927930002303,0.08015117946044571,0.06041447137337548,0.04973520607874741,0.8295321256353447,0.865706591733989,0.8436564586691228,0.5353838133715626,0.7615033368458026,0.6779875661984803
"s05_confirmation","Stage-AOP","CF4","CF",100,50000,2,245402,"all",249,400,50000,0.305153949129853,0.3445113788487278,0.350334672021419,0.3051539491298524,0.3445113788487303,0.3503346720214193,0.3051539491298524,0.3445113788487303,0.3503346720214193,15346,17082,17372,1291,919,719,0.08412615665319953,0.05379932092260859,0.04138844116969836,0.7251401016551544,0.743531202435312,0.7124683398572416,0.9883324229044889,0.9902083486696758,0.9891828599410076,0.8566164655974819,0.6995901173681723,0.7836005403528132,0.08510361006125375,0.05046247512000936,0.04524522219663827,0.08314870324514531,0.05713616672520782,0.03753166014275846,0.8456926886485078,0.8084533426999181,0.8025558369790468,0.6045875146618012,0.678609062170706,0.6223808427354364
"s05_confirmation","Stage-AOP","CF4","CF",100,50000,3,245403,"all",249,400,50000,0.305153949129853,0.3445113788487278,0.350334672021419,0.3051539491298524,0.3445113788487303,0.3503346720214193,0.3051539491298524,0.3445113788487303,0.3503346720214193,15346,17082,17372,1262,840,615,0.08223641339762805,0.04917456972251493,0.03540179599355284,0.7300925322559625,0.636576513288842,0.6804052498273083,0.9887850069900135,0.9864473247367762,0.988068584926742,0.8434425171081601,0.6856932954227283,0.7675779440101669,0.08471262869803206,0.0475354173984311,0.0345383375546857,0.07976019809722404,0.05081372204659876,0.03626525443241999,0.842955819105956,0.6693595597705186,0.7399263182132166,0.617229245405969,0.6037934668071654,0.6208841814414
"s05_confirmation","Stage-AOP","CF4","CF",100,50000,4,245404,"all",249,400,50000,0.305153949129853,0.3445113788487278,0.350334672021419,0.3051539491298524,0.3445113788487303,0.3503346720214193,0.3051539491298524,0.3445113788487303,0.3503346720214193,15346,17082,17372,1330,858,862,0.0866675355141405,0.0502283105022831,0.04962007828689845,0.760654242147791,0.8265425594192718,0.7857471793690997,0.9892902341976493,0.9926660353525879,0.9906608031529394,0.8675028416285074,0.705539948442068,0.7977130091619259,0.08184543203440636,0.04812082894274675,0.05123186737278379,0.09148963899387462,0.05233579206181946,0.04800828920101313,0.8657630652938877,0.8658236740428521,0.847801059175685,0.6555454190016943,0.7872614447956914,0.7236932995625144
"s05_confirmation","Stage-AOP","CF4","CF",100,50000,5,245405,"all",249,400,50000,0.305153949129853,0.3445113788487278,0.350334672021419,0.3051539491298524,0.3445113788487303,0.3503346720214193,0.3051539491298524,0.3445113788487303,0.3503346720214193,15346,17082,17372,1342,801,739,0.08744949824058386,0.04689146469968388,0.04253971908818789,0.7488596376906034,0.8157709870038637,0.800656228413539,0.9885801721332047,0.9927358435598725,0.9914029335791156,0.8625326203000773,0.7109020165564882,0.7963341546102535,0.08484295581910596,0.0487062404870624,0.0439788164862998,0.09005604066206177,0.04507668891230535,0.04110062169007599,0.8505147921282419,0.8592670647465168,0.8573566658991481,0.647204483252965,0.7722749092612107,0.74395579092793
"s05_confirmation","Stage-AOP","CF5","CF",100,50000,1,245501,"all",249,400,50000,0.305153949129853,0.3445113788487278,0.350334672021419,0.3051539491298524,0.3445113788487303,0.3503346720214193,0.3051539491298524,0.3445113788487303,0.3503346720214193,15346,17082,17372,1302,707,834,0.08484295581910596,0.04138859618311673,0.04800828920101313,0.9229766714453278,0.8883620184990048,0.8855629749021414,0.9900175705422832,0.9797839049894653,0.9793597941792157,0.703427260770124,0.6115760307987851,0.6859770067705645,0.08901342369347061,0.0399250673223276,0.04605111673958093,0.0806724879447413,0.04285212504390586,0.04996546166244532,0.9483904600547374,0.9076220583069898,0.8978816486299793,0.8975628828359181,0.8691019786910198,0.8732443011743035
"s05_confirmation","Stage-AOP","CF5","CF",100,50000,2,245502,"all",249,400,50000,0.305153949129853,0.3445113788487278,0.350334672021419,0.3051539491298524,0.3445113788487303,0.3503346720214193,0.3051539491298524,0.3445113788487303,0.3503346720214193,15346,17082,17372,1543,926,1172,0.1005473739085104,0.05420910900362955,0.06746488602348608,0.9668317476866936,0.8484954923311088,0.9089339166474787,0.994932491055817,0.9608597891501964,0.9774248486567341,0.7430932064323246,0.6533905414752563,0.7588810544121828,0.1000912289847517,0.05444327362135581,0.06988256965231407,0.101003518832269,0.05397494438590329,0.06504720239465807,0.9728919588166297,0.8541154431565391,0.915496200782869,0.9607715365567575,0.8428755415056784,0.9023716325120884
"s05_confirmation","Stage-AOP","CF5","CF",100,50000,3,245503,"all",249,400,50000,0.305153949129853,0.3445113788487278,0.350334672021419,0.3051539491298524,0.3445113788487303,0.3503346720214193,0.3051539491298524,0.3445113788487303,0.3503346720214193,15346,17082,17372,1282,913,1234,0.083539684608367,0.0534480739960192,0.0710338475708036,0.9801251140362309,0.9230183819224915,0.9846880036840894,0.9959362321784904,0.9830874278891155,0.9954393923448096,0.7946843822702466,0.7301197844091472,0.9129754273815868,0.08145445067118467,0.05139913359091441,0.07356665899148054,0.08562491854554932,0.05549701440112399,0.06850103615012663,0.985012381076502,0.9340826601100574,0.9877964540640111,0.9752378469959598,0.9119541037349257,0.9815795533041676
"s05_confirmation","Stage-AOP","CF5","CF",100,50000,4,245504,"all",249,400,50000,0.305153949129853,0.3445113788487278,0.350334672021419,0.3051539491298524,0.3445113788487303,0.3503346720214193,0.3051539491298524,0.3445113788487303,0.3503346720214193,15346,17082,17372,1328,875,1132,0.0865372083930666,0.05122351012761971,0.06516233018650702,0.9807115860810635,0.9603676384498302,0.9901565737969146,0.99628096036049,0.9891338325202446,0.9972092075061837,0.7915103424478984,0.7190599229280357,0.9038259068917592,0.08380033885051479,0.05081372204659876,0.06654386368869446,0.0892740779356184,0.05163329820864068,0.06378079668431959,0.9842304183500586,0.9680365296803652,0.9913654156113286,0.9771927538120683,0.9526987472192952,0.9889477319825005
"s05_confirmation","Stage-AOP","CF5","CF",100,50000,5,245505,"all",249,400,50000,0.305153949129853,0.3445113788487278,0.350334672021419,0.3051539491298524,0.3445113788487303,0.3503346720214193,0.3051539491298524,0.3445113788487303,0.3503346720214193,15346,17082,17372,1200,876,920,0.07819627264433729,0.05128205128205128,0.05295878425051807,0.991333246448586,0.9705537993209226,0.9911927239235552,0.9977732121159345,0.9913057287332143,0.997453122022391,0.737398721422567,0.6715639118403237,0.7723456492101086,0.07949954385507624,0.05163329820864068,0.05480082892010131,0.07689300143359833,0.05093080435546189,0.05111673958093484,0.9966114948520787,0.9802130898021308,0.9937830992401566,0.9860549980450932,0.9608945088397143,0.9886023486069537
"s05_confirmation","Stage-AOP","CF6","CF",100,50000,1,245601,"all",249,400,50000,0.305153949129853,0.3445113788487278,0.350334672021419,0.3051539491298524,0.3445113788487303,0.3503346720214193,0.3051539491298524,0.3445113788487303,0.3503346720214193,15346,17082,17372,1152,906,850,0.07506842173856379,0.05303828591499824,0.04892931153580474,0.8401537860028672,0.8414120126448894,0.8732443011743035,0.9669819427763748,0.9626080505820303,0.9719753892756257,0.7244080179305198,0.6918224291872499,0.7130311808578601,0.07624136582822885,0.05268703898840885,0.04766290582546627,0.07389547764889874,0.05338953284158764,0.05019571724614322,0.8867457317867848,0.868399484837841,0.8879806585309694,0.7935618402189496,0.8144245404519377,0.8585079438176376
"s05_confirmation","Stage-AOP","CF6","CF",100,50000,2,245602,"all",249,400,50000,0.305153949129853,0.3445113788487278,0.350334672021419,0.3051539491298524,0.3445113788487303,0.3503346720214193,0.3051539491298524,0.3445113788487303,0.3503346720214193,15346,17082,17372,1208,855,856,0.07871758112863286,0.05005268703898841,0.0492746949113516,0.8396976410791086,0.7903641259805644,0.8632281832834446,0.9703340245187392,0.9380550250119535,0.9681503324426929,0.7400869767582507,0.7103303347496426,0.7257164372536431,0.08158477779225858,0.05280412129727198,0.05399493437715865,0.07585038446500716,0.04730125278070484,0.04455445544554455,0.8980841913202138,0.8308160636927761,0.8874050195717246,0.7813110908380034,0.7499121882683526,0.8390513469951646
"s05_confirmation","Stage-AOP","CF6","CF",100,50000,3,245603,"all",249,400,50000,0.305153949129853,0.3445113788487278,0.350334672021419,0.3051539491298524,0.3445113788487303,0.3503346720214193,0.3051539491298524,0.3445113788487303,0.3503346720214193,15346,17082,17372,1157,906,822,0.07539423954124853,0.05303828591499824,0.04731752244991941,0.7983187801381467,0.8184638801077158,0.8381878885562974,0.9522753053076854,0.9582869427005912,0.9632434924867452,0.7281866833706521,0.7020840148429845,0.7198758943445709,0.08184543203440636,0.0563165905631659,0.05031084503799217,0.06894304704809071,0.04975998126683058,0.04432419986184665,0.8816629740649029,0.8595012293642431,0.8861386138613861,0.7149745862113905,0.7774265308511884,0.7902371632512089
"s05_confirmation","Stage-AOP","CF6","CF",100,50000,4,245604,"all",249,400,50000,0.305153949129853,0.3445113788487278,0.350334672021419,0.3051539491298524,0.3445113788487303,0.3503346720214193,0.3051539491298524,0.3445113788487303,0.3503346720214193,15346,17082,17372,1145,876,848,0.07461227681480516,0.05128205128205128,0.04881418374395579,0.8361136452495764,0.8352066502751434,0.8758922403868293,0.9660418746583945,0.9598984598627096,0.972939025020773,0.738945270583387,0.7115895020477178,0.7239118317918359,0.07441678613319432,0.05268703898840885,0.05157725074833065,0.074807767496416,0.04987706357569371,0.04605111673958093,0.8959989573830314,0.8692190609998829,0.8982270320055261,0.7762283331161215,0.8011942395504039,0.8535574487681327
"s05_confirmation","Stage-AOP","CF6","CF",100,50000,5,245605,"all",249,400,50000,0.305153949129853,0.3445113788487278,0.350334672021419,0.3051539491298524,0.3445113788487303,0.3503346720214193,0.3051539491298524,0.3445113788487303,0.3503346720214193,15346,17082,17372,1149,901,841,0.07487293105695295,0.05274558014284041,0.04841123647248446,0.811742473608758,0.8521250439058659,0.8637462583467649,0.9531576963559548,0.968417450331971,0.969863304575546,0.7386808004021955,0.7163192094902422,0.7290169151728602,0.07441678613319432,0.05163329820864068,0.04823854478471103,0.07532907598071159,0.05385786207704016,0.04858392816025789,0.8696728789261046,0.8796393864887015,0.9000690766751094,0.7538120682914115,0.82461070132303,0.8274234400184205
"s05_confirmation","Stage-AOP","CF7","CF",100,50000,1,245701,"all",249,400,50000,0.305153949129853,0.3445113788487278,0.350334672021419,0.3051539491298524,0.3445113788487303,0.3503346720214193,0.3051539491298524,0.3445113788487303,0.3503346720214193,15346,17082,17372,1330,854,974,0.0866675355141405,0.04999414588455684,0.05606723463043979,0.9300143359833182,0.9147055379932092,0.9472714713331798,0.9848190020502623,0.9726243731704546,0.9880311458336589,0.8307919681101201,0.6742551957741982,0.7798343120484945,0.08523393718232765,0.0517503805175038,0.05883030163481465,0.08810113384595335,0.04823791125160988,0.05330416762606494,0.9671575654893784,0.9422784217304765,0.9653465346534653,0.8928711064772579,0.8871326542559419,0.9291964080128943
"s05_confirmation","Stage-AOP","CF7","CF",100,50000,2,245702,"all",249,400,50000,0.305153949129853,0.3445113788487278,0.350334672021419,0.3051539491298524,0.3445113788487303,0.3503346720214193,0.3051539491298524,0.3445113788487303,0.3503346720214193,15346,17082,17372,1322,1181,1715,0.08614622702984491,0.06913710338367873,0.09872208151047662,0.9556887788348756,0.8819224915115326,0.961317061938752,0.9895887787940263,0.9618206038402267,0.988647973729859,0.8456422058150396,0.7923892769422857,0.9202365055050494,0.08314870324514531,0.07071771455333099,0.09728298411236473,0.08914375081454451,0.06755649221402646,0.1001611789085885,0.9693731265476345,0.9007142020840651,0.970987796454064,0.9420044311221165,0.8631307809390001,0.95164632742344
"s05_confirmation","Stage-AOP","CF7","CF",100,50000,3,245703,"all",249,400,50000,0.305153949129853,0.3445113788487278,0.350334672021419,0.3051539491298524,0.3445113788487303,0.3503346720214193,0.3051539491298524,0.3445113788487303,0.3503346720214193,15346,17082,17372,1535,841,934,0.1000260654242148,0.04923311087694649,0.05376467879346074,0.9054476736608889,0.9239550403933966,0.9346074142297951,0.9813671762111773,0.9749747381942749,0.9858254287108821,0.8413888002591271,0.7069721438114047,0.7867224609259819,0.09839697641079108,0.04858915817819928,0.05077135620538798,0.1016551544376385,0.04987706357569371,0.0567580013815335,0.9481298058125897,0.9503571010420325,0.9591296338936219,0.862765541509188,0.8975529797447606,0.9100851945659683
"s05_confirmation","Stage-AOP","CF7","CF",100,50000,4,245704,"all",249,400,50000,0.305153949129853,0.3445113788487278,0.350334672021419,0.3051539491298524,0.3445113788487303,0.3503346720214193,0.3051539491298524,0.3445113788487303,0.3503346720214193,15346,17082,17372,1483,984,1004,0.0966375602762935,0.05760449596066034,0.05779415150817407,0.8387853512315913,0.7951059594895211,0.8487220815104767,0.9669429189724739,0.9103574987150904,0.9561722978141086,0.8547760833263283,0.6960920705230953,0.7983824836196315,0.09696337807897823,0.05655075518089217,0.05836979046741884,0.09631174247360876,0.05865823674042852,0.05721851254892931,0.8482992310699856,0.8058775319049292,0.8616163941975593,0.8292714713931969,0.7843343870741131,0.8358277688233939
"s05_confirmation","Stage-AOP","CF7","CF",100,50000,5,245705,"all",249,400,50000,0.305153949129853,0.3445113788487278,0.350334672021419,0.3051539491298524,0.3445113788487303,0.3503346720214193,0.3051539491298524,0.3445113788487303,0.3503346720214193,15346,17082,17372,1380,901,1171,0.08992571354098788,0.05274558014284041,0.06740732212756159,0.8052912811156001,0.8418218007259103,0.8726110983191342,0.9658401179055972,0.9486255619018442,0.9727180891805759,0.8445823696752652,0.6795326668641755,0.8005137463883959,0.08810113384595335,0.04917456972251493,0.0642413078517154,0.09175029323602242,0.0563165905631659,0.07057333640340778,0.870324514531474,0.8639503571010421,0.9149205618236242,0.7402580476997264,0.8196932443507786,0.8303016348146443
"s05_confirmation","Stage-AOP","CF8","CF",100,50000,1,245801,"all",249,400,50000,0.305153949129853,0.3445113788487278,0.350334672021419,0.3051539491298524,0.3445113788487303,0.3503346720214193,0.3051539491298524,0.3445113788487303,0.3503346720214193,15346,17082,17372,1597,916,1024,0.1040662061775055,0.0536236974593139,0.05894542942666359,0.4409618141535254,0.3894743004332045,0.3923555146212296,0.5760730806842606,0.533129128916231,0.5371769417237088,0.7538346774789114,0.7309442481855923,0.7391764545429418,0.09331421868890916,0.05104788666432502,0.04962007828689845,0.1148181936661019,0.05619950825430278,0.06827078056642874,0.5197445588426952,0.4913944502985599,0.4593598894773198,0.3621790694643555,0.2875541505678492,0.3253511397651393
"s05_confirmation","Stage-AOP","CF8","CF",100,50000,2,245802,"all",249,400,50000,0.305153949129853,0.3445113788487278,0.350334672021419,0.3051539491298524,0.3445113788487303,0.3503346720214193,0.3051539491298524,0.3445113788487303,0.3503346720214193,15346,17082,17372,1593,931,983,0.1038055519353577,0.05450181477578738,0.05658530969376007,0.4515183109605109,0.3898840885142255,0.3932189730600967,0.5916417203105574,0.5388245509629828,0.5437901814846836,0.7456110442638032,0.7250210323397731,0.7334421475614048,0.09383552717320474,0.04940873434024119,0.04697213907437255,0.1137755766975107,0.05959489521133357,0.0661984803131476,0.512446240062557,0.473597939351364,0.4386368869445084,0.3905903818584647,0.306170237677087,0.347801059175685
"s05_confirmation","Stage-AOP","CF8","CF",100,50000,3,245803,"all",249,400,50000,0.305153949129853,0.3445113788487278,0.350334672021419,0.3051539491298524,0.3445113788487303,0.3503346720214193,0.3051539491298524,0.3445113788487303,0.3503346720214193,15346,17082,17372,1645,955,997,0.107194057083279,0.05590680248214495,0.05739120423670274,0.4446761371041314,0.4231354642313546,0.4013354823854479,0.5731580434693903,0.5467925239297177,0.5374014987004021,0.737384653923989,0.7124118262641078,0.7247379333248672,0.1028280985273035,0.05900948366701791,0.05387980658530969,0.1115600156392545,0.05280412129727198,0.06090260188809579,0.5411182066988141,0.5516918393630722,0.475708035919871,0.3482340675094487,0.294579089099637,0.3269629288510246
"s05_confirmation","Stage-AOP","CF8","CF",100,50000,4,245804,"all",249,400,50000,0.305153949129853,0.3445113788487278,0.350334672021419,0.3051539491298524,0.3445113788487303,0.3503346720214193,0.3051539491298524,0.3445113788487303,0.3503346720214193,15346,17082,17372,1631,975,1009,0.1062817672357618,0.05707762557077625,0.05808197098779645,0.466310439202398,0.4216133942161339,0.4016233018650702,0.6005894901355708,0.5594583926876703,0.5458091310772137,0.7401806771939862,0.7234373209345034,0.7275853527931156,0.09813632216864329,0.05795574288724974,0.04962007828689845,0.1144272123028802,0.05619950825430278,0.06654386368869446,0.5352534862504887,0.521016274440932,0.456366566889247,0.3973673921543073,0.3222105139913359,0.3468800368408934
"s05_confirmation","Stage-AOP","CF8","CF",100,50000,5,245805,"all",249,400,50000,0.305153949129853,0.3445113788487278,0.350334672021419,0.3051539491298524,0.3445113788487303,0.3503346720214193,0.3051539491298524,0.3445113788487303,0.3503346720214193,15346,17082,17372,1640,909,985,0.1068682392805943,0.05321390937829294,0.05670043748560902,0.4731526130587775,0.4128907622058307,0.4153235090950956,0.6024034393259923,0.5515818825619779,0.557986357833684,0.7475350166374516,0.7314640340079006,0.7345113241607821,0.1016551544376385,0.04999414588455684,0.05215288970757541,0.1120813241235501,0.05643367287202904,0.06124798526364264,0.5503714322950606,0.5043905865823674,0.4751323969606263,0.3959337938224944,0.321390937829294,0.3555146212295648
"s05_confirmation","Stage-AOP","CF9","CF",100,50000,1,245901,"all",249,400,50000,0.305153949129853,0.3445113788487278,0.350334672021419,0.3051539491298524,0.3445113788487303,0.3503346720214193,0.3051539491298524,0.3445113788487303,0.3503346720214193,15346,17082,17372,1582,1001,1091,0.1030887527694513,0.05859969558599695,0.0628022104536035,0.5466571093444546,0.4703196347031963,0.5114552152889708,0.6910021499432242,0.6388015872256392,0.664107675026039,0.7726037489169246,0.766527592438825,0.7604962019957265,0.09513879838394369,0.04812082894274675,0.05549159567119503,0.1110387071549589,0.06907856222924716,0.07011282523601198,0.5894695686172292,0.4983023065214846,0.5413308772737739,0.5038446500716799,0.4423369628849081,0.4815795533041676
"s05_confirmation","Stage-AOP","CF9","CF",100,50000,2,245902,"all",249,400,50000,0.305153949129853,0.3445113788487278,0.350334672021419,0.3051539491298524,0.3445113788487303,0.3503346720214193,0.3051539491298524,0.3445113788487303,0.3503346720214193,15346,17082,17372,1624,917,1023,0.1058256223120031,0.05368223861374546,0.05888786553073912,0.5555845171380164,0.5334269991804238,0.5225074833064702,0.6959614708237332,0.6767617051373918,0.669862461741267,0.7595247033569185,0.7537396856549452,0.7495972061102654,0.1028280985273035,0.05046247512000936,0.05376467879346074,0.1088231460967027,0.05690200210748156,0.0640110522680175,0.6025022807246188,0.5610584240721227,0.5444393276536956,0.508666753551414,0.505795574288725,0.5005756389592447
"s05_confirmation","Stage-AOP","CF9","CF",100,50000,3,245903,"all",249,400,50000,0.305153949129853,0.3445113788487278,0.350334672021419,0.3051539491298524,0.3445113788487303,0.3503346720214193,0.3051539491298524,0.3445113788487303,0.3503346720214193,15346,17082,17372,1603,880,978,0.1044571875407272,0.05151621589977754,0.05629749021413769,0.5402059168512967,0.4935019318580963,0.5030508864839972,0.6866725686289922,0.6513175107438138,0.659930003941912,0.7665413104785297,0.7372702525839041,0.7494806074510929,0.09670272383683044,0.04577918276548414,0.04754777803361732,0.112211651244624,0.05725324903407095,0.06504720239465807,0.5828228854424605,0.5198454513523006,0.5179599355284366,0.4975889482601329,0.4671584123638918,0.4881418374395579
"s05_confirmation","Stage-AOP","CF9","CF",100,50000,4,245904,"all",249,400,50000,0.305153949129853,0.3445113788487278,0.350334672021419,0.3051539491298524,0.3445113788487303,0.3503346720214193,0.3051539491298524,0.3445113788487303,0.3503346720214193,15346,17082,17372,1691,953,988,0.1101915808679786,0.05578972017328182,0.05687312917338246,0.5545419001694253,0.4862428287085822,0.5073681786783329,0.6925830873818537,0.649775453506142,0.6607230622991007,0.7819157666720945,0.7734344832530355,0.7646387528629028,0.1038707154958947,0.04952581664910432,0.0516923785401796,0.1165124462400626,0.06205362369745931,0.06205387980658531,0.592336765280855,0.514810912071186,0.5229104305779415,0.5167470350579956,0.4576747453459782,0.4918259267787244
"s05_confirmation","Stage-AOP","CF9","CF",100,50000,5,245905,"all",249,400,50000,0.305153949129853,0.3445113788487278,0.350334672021419,0.3051539491298524,0.3445113788487303,0.3503346720214193,0.3051539491298524,0.3445113788487303,0.3503346720214193,15346,17082,17372,1587,1001,968,0.1034145705721361,0.05859969558599695,0.05572185125489293,0.5531734653981494,0.5022245638683995,0.5096131706193875,0.6871768287699976,0.6586011711926563,0.6589620379798787,0.7857609232467376,0.776821807528614,0.771122236203293,0.1006125374690473,0.05186746282636694,0.0543403177527055,0.1062166036752248,0.06533192834562697,0.05710338475708036,0.6028932620878404,0.5319049291652032,0.5427124107759613,0.5034536687084582,0.4725441985715959,0.4765139304628137
"s05_confirmation","Stage-AOP","DASCMOP1","DAS-CMOP",100,50000,1,247501,"all",249,400,50000,0.305153949129853,0.3445113788487278,0.350334672021419,0.3051539491298524,0.3445113788487303,0.3503346720214193,0.3051539491298524,0.3445113788487303,0.3503346720214193,15346,17082,17372,1366,1878,1243,0.08901342369347061,0.1099402880224798,0.07155192263412388,0.2253355923367653,0.2228076337665379,0.2151738429656919,0.724828271478577,0.7951884613409047,0.7574688576264382,0.7928415357704365,0.7748881142809041,0.8150087070970726,0.05695295190929232,0.04378878351481091,0.03373244301174304,0.1210738954776489,0.1760917925301487,0.1093714022565047,0.3782093053564447,0.3997190024587285,0.3644945889937831,0.07246187931708589,0.04589626507434726,0.06585309693760073
"s05_confirmation","Stage-AOP","DASCMOP1","DAS-CMOP",100,50000,2,247502,"all",249,400,50000,0.305153949129853,0.3445113788487278,0.350334672021419,0.3051539491298524,0.3445113788487303,0.3503346720214193,0.3051539491298524,0.3445113788487303,0.3503346720214193,15346,17082,17372,1589,1922,1451,0.10354489769321,0.1125160988174687,0.08352521298641492,0.2472957122377167,0.2163095656246341,0.2292194335712641,0.7587283753345101,0.7805526265128289,0.7712942134442407,0.779143743966132,0.731170819753202,0.7852132304459251,0.0574742603935879,0.03933965577801194,0.03407782638728989,0.149615534992832,0.1856925418569254,0.1329725995855399,0.4378991268082888,0.39304531085353,0.4038682938061248,0.05669229766714453,0.0395738203957382,0.05457057333640341
"s05_confirmation","Stage-AOP","DASCMOP1","DAS-CMOP",100,50000,3,247503,"all",249,400,50000,0.305153949129853,0.3445113788487278,0.350334672021419,0.3051539491298524,0.3445113788487303,0.3503346720214193,0.3051539491298524,0.3445113788487303,0.3503346720214193,15346,17082,17372,1276,1899,1183,0.08314870324514531,0.1111696522655427,0.0680980888786553,0.2230548677179721,0.2154899894625922,0.2189730600967073,0.7428294469844823,0.7917967924820341,0.7732664896183632,0.795079158418736,0.7888575565664204,0.8189398177784488,0.05656197054607064,0.04133005502868516,0.03615012664057103,0.10973543594422,0.1810092495024002,0.1000460511167396,0.3697380424866415,0.39304531085353,0.3732443011743035,0.07637169294930275,0.03793466807165437,0.06470181901911122
"s05_confirmation","Stage-AOP","DASCMOP1","DAS-CMOP",100,50000,4,247504,"all",249,400,50000,0.305153949129853,0.3445113788487278,0.350334672021419,0.3051539491298524,0.3445113788487303,0.3503346720214193,0.3051539491298524,0.3445113788487303,0.3503346720214193,15346,17082,17372,1339,1786,1294,0.08725400755897303,0.1045545018147758,0.07448768132627216,0.2179069464355533,0.1959372438824494,0.1991710798986875,0.7057408417858494,0.7799616596989222,0.7484912497060713,0.7767186892798239,0.7577456839236886,0.7978963813723204,0.05825622312003128,0.04051047886664325,0.03661063780796684,0.1162517919979148,0.1685985247629083,0.1123647248445775,0.3602241626482471,0.3576864535768645,0.3343311075293576,0.07558973022285938,0.03418803418803419,0.0640110522680175
"s05_confirmation","Stage-AOP","DASCMOP1","DAS-CMOP",100,50000,5,247505,"all",249,400,50000,0.305153949129853,0.3445113788487278,0.350334672021419,0.3051539491298524,0.3445113788487303,0.3503346720214193,0.3051539491298524,0.3445113788487303,0.3503346720214193,15346,17082,17372,1220,1875,1167,0.07949954385507624,0.1097646645591851,0.06717706654386368,0.2178417828750163,0.2118604378878352,0.2171885793230486,0.717883146149105,0.7914856899101809,0.7631422913081478,0.7811000195748655,0.7773972183868688,0.8093803013613733,0.05799556887788349,0.04156421964641142,0.03568961547317522,0.101003518832269,0.1779651094719588,0.09866451761455215,0.3633520135540206,0.3816883268938063,0.367257655998158,0.07233155219601199,0.04203254888186395,0.06711950264793921
"s05_confirmation","Stage-AOP","DASCMOP2","DAS-CMOP",100,50000,1,247601,"all",249,400,50000,0.305153949129853,0.3445113788487278,0.350334672021419,0.3051539491298524,0.3445113788487303,0.3503346720214193,0.3051539491298524,0.3445113788487303,0.3503346720214193,15346,17082,17372,1095,1810,1143,0.07135409878795777,0.1059594895211334,0.06579553304167626,0.2338720187671054,0.2405456035593022,0.2379691457517845,0.6935318424368889,0.805193905678099,0.7575786124521006,0.7714984666185419,0.7646575765756395,0.8009593015402868,0.03675224814283853,0.03371970495258166,0.02152889707575409,0.105955949433077,0.1781992740896851,0.1100621690075984,0.3920239801902776,0.4195059126565976,0.3938521759152659,0.07572005734393328,0.06158529446200679,0.08208611558830302
"s05_confirmation","Stage-AOP","DASCMOP2","DAS-CMOP",100,50000,2,247602,"all",249,400,50000,0.305153949129853,0.3445113788487278,0.350334672021419,0.3051539491298524,0.3445113788487303,0.3503346720214193,0.3051539491298524,0.3445113788487303,0.3503346720214193,15346,17082,17372,1344,1843,1398,0.08757982536165776,0.107891347617375,0.08047432650241769,0.2338068552065685,0.2266713499590212,0.2417107989868754,0.7181465902642399,0.7958600178317798,0.7651517146338246,0.7731921017410023,0.7394792296994289,0.7881970186303449,0.04261696859116382,0.03594426882098115,0.02555836979046742,0.1325426821321517,0.1798384264137689,0.1353902832143679,0.4049263651765933,0.3998360847675916,0.4165323509095096,0.06268734523654372,0.05350661515045077,0.06688924706424131
"s05_confirmation","Stage-AOP","DASCMOP2","DAS-CMOP",100,50000,3,247603,"all",249,400,50000,0.305153949129853,0.3445113788487278,0.350334672021419,0.3051539491298524,0.3445113788487303,0.3503346720214193,0.3051539491298524,0.3445113788487303,0.3503346720214193,15346,17082,17372,1037,1800,1180,0.0675746122768148,0.1053740779768177,0.06792539719088188,0.2122377166688388,0.2426530851188385,0.2280681556527746,0.6686270740939964,0.8048415832160186,0.7417574603532047,0.7723583834987184,0.7813729319246013,0.8060934047379874,0.0376645379903558,0.03723217421847559,0.02164402486760304,0.09748468656327382,0.1735159817351598,0.1142067695141607,0.3434119640297146,0.4226671349959021,0.3776191572645637,0.08106346930796299,0.06263903524177497,0.0785171540409855
"s05_confirmation","Stage-AOP","DASCMOP2","DAS-CMOP",100,50000,4,247604,"all",249,400,50000,0.305153949129853,0.3445113788487278,0.350334672021419,0.3051539491298524,0.3445113788487303,0.3503346720214193,0.3051539491298524,0.3445113788487303,0.3503346720214193,15346,17082,17372,1063,1796,1110,0.06926886485077545,0.1051399133590914,0.06389592447616854,0.2259872279421348,0.2314717246224096,0.2320976283674879,0.6771038273398314,0.7966759212218323,0.7469596550649823,0.7699106000283347,0.7647592173670551,0.8017860420591801,0.03883748208002085,0.03430511649689732,0.02210453603499885,0.09970024762153004,0.1759747102212856,0.1056873129173382,0.3733872018767105,0.4044022948132537,0.3878655307391204,0.07858725400755898,0.05854115443156539,0.0763297259958554
"s05_confirmation","Stage-AOP","DASCMOP2","DAS-CMOP",100,50000,5,247605,"all",249,400,50000,0.305153949129853,0.3445113788487278,0.350334672021419,0.3051539491298524,0.3445113788487303,0.3503346720214193,0.3051539491298524,0.3445113788487303,0.3503346720214193,15346,17082,17372,661,1789,993,0.04307311351492246,0.1047301252780705,0.05716094865300483,0.1828489508666754,0.2422432970378176,0.2137923094635045,0.5775347259057304,0.7899597757362063,0.6939388155095093,0.7755717005796059,0.8533958307874178,0.8343823730090825,0.03362439723706503,0.04542793583889474,0.02383145291273314,0.05252182979277988,0.1640323147172462,0.09049044439327654,0.2723836830444415,0.3933965577801194,0.3331798296108681,0.09331421868890916,0.09109003629551575,0.09440478931614092
"s05_confirmation","Stage-AOP","DASCMOP3","DAS-CMOP",100,50000,1,247701,"all",249,400,50000,0.305153949129853,0.3445113788487278,0.350334672021419,0.3051539491298524,0.3445113788487303,0.3503346720214193,0.3051539491298524,0.3445113788487303,0.3503346720214193,15346,17082,17372,1987,2009,1514,0.1294799947869152,0.1176091792530149,0.08715173842965691,0.2102176462921934,0.1746282636693596,0.1828229334561363,0.6614360453556237,0.7220311606757692,0.6747677677975648,0.7695990549270088,0.723176378867895,0.7758783399730785,0.07389547764889874,0.05116496897318815,0.03891319364494589,0.1850645119249316,0.1840533895328416,0.1353902832143679,0.3998436074547113,0.3292354525231238,0.3491825926778724,0.02059168512967548,0.02002107481559536,0.01646327423440018
"s05_confirmation","Stage-AOP","DASCMOP3","DAS-CMOP",100,50000,2,247702,"all",249,400,50000,0.305153949129853,0.3445113788487278,0.350334672021419,0.3051539491298524,0.3445113788487303,0.3503346720214193,0.3051539491298524,0.3445113788487303,0.3503346720214193,15346,17082,17372,2164,1788,1166,0.1410139450019549,0.1046715841236389,0.06711950264793921,0.2351752899778444,0.1685399836084767,0.2096477089569422,0.7132845592839274,0.7124510847677262,0.717471581152498,0.7773949722659861,0.7041124464250648,0.7531868229258512,0.07089795386419914,0.03723217421847559,0.02751554225189961,0.2111299361397107,0.1721109940288023,0.1067234630439788,0.452626091489639,0.3184638801077157,0.4043288049735206,0.01772448846604979,0.0186160871092378,0.0149666129403638
"s05_confirmation","Stage-AOP","DASCMOP3","DAS-CMOP",100,50000,3,247703,"all",249,400,50000,0.305153949129853,0.3445113788487278,0.350334672021419,0.3051539491298524,0.3445113788487303,0.3503346720214193,0.3051539491298524,0.3445113788487303,0.3503346720214193,15346,17082,17372,2149,1993,1395,0.1400364915939007,0.1166725207821098,0.08030163481464425,0.2065033233415874,0.1643835616438356,0.1759728298411236,0.6637511677135143,0.7148798717514244,0.6793324482403531,0.7716222745618969,0.7352475447235851,0.7801568865410187,0.08471262869803206,0.05760449596066034,0.04570573336403408,0.1953603544897693,0.1757405456035593,0.1148975362652544,0.3916329988270559,0.3095656246341178,0.3335252129864149,0.02137364785611886,0.01920149865355345,0.01842044669583237
"s05_confirmation","Stage-AOP","DASCMOP3","DAS-CMOP",100,50000,4,247704,"all",249,400,50000,0.305153949129853,0.3445113788487278,0.350334672021419,0.3051539491298524,0.3445113788487303,0.3503346720214193,0.3051539491298524,0.3445113788487303,0.3503346720214193,15346,17082,17372,2062,1844,1451,0.1343672618271862,0.1079498887718066,0.08352521298641492,0.226899517789652,0.1773796979276431,0.2053304167626065,0.7010928653976198,0.7075264072389168,0.7059445668923301,0.7687070749045068,0.7015694887478698,0.7540862194867385,0.07389547764889874,0.04074464348436951,0.03856781026939903,0.1948390460054737,0.1751551340592437,0.1284826157034308,0.4367261827186237,0.3355578972017328,0.3982270320055261,0.01707285286068031,0.01920149865355345,0.01243380151968685
"s05_confirmation","Stage-AOP","DASCMOP3","DAS-CMOP",100,50000,5,247705,"all",249,400,50000,0.305153949129853,0.3445113788487278,0.350334672021419,0.3051539491298524,0.3445113788487303,0.3503346720214193,0.3051539491298524,0.3445113788487303,0.3503346720214193,15346,17082,17372,2055,1848,1505,0.1339111169034276,0.1081840533895328,0.08663366336633663,0.2418219731526131,0.191546657300082,0.2131015427124108,0.7088118860096271,0.7116874561084778,0.7115576709958799,0.7633457752458792,0.6910315890624495,0.7446553768250322,0.0718102437117164,0.04613042969207353,0.03557448768132628,0.1960119900951388,0.1702376770869922,0.137692839051347,0.4691776358660237,0.3655309682706943,0.4148054340317753,0.0144663104392024,0.01756234632946962,0.01139765139304628
"s05_confirmation","Stage-AOP","DASCMOP4","DAS-CMOP",100,50000,1,247801,"all",249,400,50000,0.305153949129853,0.3445113788487278,0.350334672021419,0.3051539491298524,0.3445113788487303,0.3503346720214193,0.3051539491298524,0.3445113788487303,0.3503346720214193,15346,17082,17372,3537,911,3958,0.2304835136191841,0.05333099168715607,0.2278379000690767,0.07135409878795777,0.004975998126683058,0.1058600046051117,0.3125086329654795,0.07104232111963302,0.3527753039896799,0.7857267078017112,0.5671552037048978,0.7556774383419479,0.2224683956731396,0.05573117901885025,0.2158646097167856,0.2384986315652287,0.05093080435546189,0.2398111904213677,0.09631174247360876,0.006673691605198455,0.1421828229334561,0.04639645510230679,0.003278304648167662,0.06953718627676721
"s05_confirmation","Stage-AOP","DASCMOP4","DAS-CMOP",100,50000,2,247802,"all",249,400,50000,0.305153949129853,0.3445113788487278,0.350334672021419,0.3051539491298524,0.3445113788487303,0.3503346720214193,0.3051539491298524,0.3445113788487303,0.3503346720214193,15346,17082,17372,3867,1018,4124,0.2519874885963769,0.05959489521133357,0.2373935067925397,0.02182979277987749,0.0015220700152207,0.02855169237854018,0.2559052278561182,0.05633440625195033,0.2902216769882894,0.7840864595758217,0.5739799022629823,0.7513345863351502,0.2610452235110126,0.06556609296335324,0.2457978355975133,0.2429297536817412,0.0536236974593139,0.2289891779875662,0.02906294799947869,0.002341646177262616,0.03557448768132628,0.01459663756027629,0.0007024938531787847,0.02152889707575409
"s05_confirmation","Stage-AOP","DASCMOP4","DAS-CMOP",100,50000,3,247803,"all",249,400,50000,0.305153949129853,0.3445113788487278,0.350334672021419,0.3051539491298524,0.3445113788487303,0.3503346720214193,0.3051539491298524,0.3445113788487303,0.3503346720214193,15346,17082,17372,3767,953,4289,0.2454711325426821,0.05578972017328182,0.2468915496200783,0.07200573439332725,0.008195761620419155,0.1300944047893161,0.3261767526212814,0.07704386471136437,0.3905259475828791,0.7851909455106436,0.5742277246715822,0.7777643255711382,0.2512706894304705,0.05198454513523006,0.2472944968915496,0.2396715756548938,0.05959489521133357,0.2464886023486069,0.1016551544376385,0.01147406626858682,0.1778724384066314,0.04235631434901603,0.004917456972251493,0.08231637117200093
"s05_confirmation","Stage-AOP","DASCMOP4","DAS-CMOP",100,50000,4,247804,"all",249,400,50000,0.305153949129853,0.3445113788487278,0.350334672021419,0.3051539491298524,0.3445113788487303,0.3503346720214193,0.3051539491298524,0.3445113788487303,0.3503346720214193,15346,17082,17372,4190,1140,4120,0.273035318649811,0.06673691605198455,0.2371632512088418,0,0,0,0.1565413964263116,0.03930037643391696,0.1779709998753727,0.7823679214865772,0.5741964625345525,0.7431660125647495,0.2877622833311612,0.06907856222924716,0.2461432189730601,0.2583083539684609,0.06439526987472192,0.2281832834446235,0,0,0,0,0,0
"s05_confirmation","Stage-AOP","DASCMOP4","DAS-CMOP",100,50000,5,247805,"all",249,400,50000,0.305153949129853,0.3445113788487278,0.350334672021419,0.3051539491298524,0.3445113788487303,0.3503346720214193,0.3051539491298524,0.3445113788487303,0.3503346720214193,15346,17082,17372,3849,1147,4452,0.2508145445067119,0.0671467041330055,0.2562744646557679,0.09109865763065293,0.0150450766889123,0.181211144370251,0.3584858268328513,0.1131365324832389,0.4606612383591383,0.7908002917525527,0.6095406464446492,0.7979724008628801,0.2471002215561058,0.06661983374312141,0.2381994013354824,0.2545288674573178,0.06767357452288959,0.2743495279760534,0.1294148312263782,0.01803067556492214,0.2431498963849873,0.05278248403492767,0.01205947781290247,0.1192723923555146
"s05_confirmation","Stage-AOP","DASCMOP5","DAS-CMOP",100,50000,1,247901,"all",249,400,50000,0.305153949129853,0.3445113788487278,0.350334672021419,0.3051539491298524,0.3445113788487303,0.3503346720214193,0.3051539491298524,0.3445113788487303,0.3503346720214193,15346,17082,17372,3306,1022,3921,0.2154307311351492,0.05982905982905983,0.2257080359198711,0.07839176332594813,0.0104788666432502,0.1524867603039374,0.3373130291593734,0.117475098011004,0.4452576105279581,0.764541947087772,0.5780479704671274,0.7714483911732397,0.2004431122116512,0.05420910900362955,0.2107989868754317,0.2304183500586472,0.0654490106544901,0.2406170849643104,0.09409618141535253,0.01112281934199742,0.1801749942436104,0.06268734523654372,0.009834913944502985,0.1247985263642643
"s05_confirmation","Stage-AOP","DASCMOP5","DAS-CMOP",100,50000,2,247902,"all",249,400,50000,0.305153949129853,0.3445113788487278,0.350334672021419,0.3051539491298524,0.3445113788487303,0.3503346720214193,0.3051539491298524,0.3445113788487303,0.3503346720214193,15346,17082,17372,3681,956,3823,0.2398670663365046,0.05596534363657651,0.2200667741192724,0.05942916720969633,0.006322444678609062,0.09227492516693529,0.2919997006049849,0.0611303983389872,0.3296731457572529,0.8126125772020516,0.5909990784128136,0.7745784771442878,0.2400625570181155,0.06158529446200679,0.2280681556527746,0.2396715756548938,0.05034539281114624,0.2120653925857702,0.07532907598071159,0.008898255473597939,0.1288279990789777,0.04352925843868109,0.003746633883620185,0.05572185125489293
"s05_confirmation","Stage-AOP","DASCMOP5","DAS-CMOP",100,50000,3,247903,"all",249,400,50000,0.305153949129853,0.3445113788487278,0.350334672021419,0.3051539491298524,0.3445113788487303,0.3503346720214193,0.3051539491298524,0.3445113788487303,0.3503346720214193,15346,17082,17372,4059,942,3623,0.2644988922194709,0.0551457674745346,0.2085539949343772,0,0,0,0.1518879753559923,0.03324923644081629,0.1678518551917599,0.8228635649380333,0.567237005291918,0.7612597306379024,0.2732959728919588,0.05678491979861843,0.214943587381994,0.2557018115469829,0.05350661515045077,0.2021644024867603,0,0,0,0,0,0
"s05_confirmation","Stage-AOP","DASCMOP5","DAS-CMOP",100,50000,4,247904,"all",249,400,50000,0.305153949129853,0.3445113788487278,0.350334672021419,0.3051539491298524,0.3445113788487303,0.3503346720214193,0.3051539491298524,0.3445113788487303,0.3503346720214193,15346,17082,17372,3793,1040,4476,0.2471653851166428,0.060882800608828,0.2576559981579553,0.0231982275511534,0.002751434258283573,0.03379000690766751,0.2798360554802228,0.07476631190029943,0.3334817339864127,0.782894274379506,0.5886557566271261,0.770089655732433,0.2588296624527564,0.06474651680131133,0.2702049274694912,0.2355011077805291,0.05701908441634469,0.2451070688464195,0.02867196663625701,0.00292705772157827,0.04340317752705503,0.01772448846604979,0.002575810794988877,0.02417683628827999
"s05_confirmation","Stage-AOP","DASCMOP5","DAS-CMOP",100,50000,5,247905,"all",249,400,50000,0.305153949129853,0.3445113788487278,0.350334672021419,0.3051539491298524,0.3445113788487303,0.3503346720214193,0.3051539491298524,0.3445113788487303,0.3503346720214193,15346,17082,17372,3564,1103,3882,0.2322429297536817,0.06457089333801662,0.2234630439788165,0.074807767496416,0.005854115443156539,0.1080474326502418,0.3300794418780777,0.07646186008545232,0.3672728175013995,0.7962881536889739,0.5827314832840198,0.7742888918043144,0.2227290499152874,0.060882800608828,0.2034308081970988,0.2417568095920761,0.06825898606720525,0.2434952797605342,0.09070767626743126,0.0060882800608828,0.1315910660833525,0.05890785872540075,0.005619950825430277,0.08450379921713101
"s05_confirmation","Stage-AOP","DASCMOP6","DAS-CMOP",100,50000,1,248001,"all",249,400,50000,0.305153949129853,0.3445113788487278,0.350334672021419,0.3051539491298524,0.3445113788487303,0.3503346720214193,0.3051539491298524,0.3445113788487303,0.3503346720214193,15346,17082,17372,3217,1036,3817,0.2096311742473609,0.06064863599110174,0.2197213907437255,0.1110387071549589,0.01633298208640674,0.1551922634123878,0.4096101980091297,0.1137825665025057,0.4555360633897799,0.7769225839682833,0.5915220943023654,0.7589217488859854,0.2003127850905773,0.06135112984428053,0.2018190191112134,0.2189495634041444,0.05994614213792296,0.2376237623762376,0.1578261436204874,0.02423603793466807,0.2095325811650932,0.06425127068943047,0.008429926238145416,0.1008519456596823
"s05_confirmation","Stage-AOP","DASCMOP6","DAS-CMOP",100,50000,2,248002,"all",249,400,50000,0.305153949129853,0.3445113788487278,0.350334672021419,0.3051539491298524,0.3445113788487303,0.3503346720214193,0.3051539491298524,0.3445113788487303,0.3503346720214193,15346,17082,17372,3999,1037,4026,0.260589078587254,0.06070717714553331,0.2317522449919411,0,0,0,0.1803703896442872,0.04346900399107102,0.1963030689532671,0.790760535307788,0.5677445864174169,0.7520791150064925,0.2652156913853773,0.07540100690785623,0.2481003914344923,0.2559624657891307,0.0460133473832104,0.2154040985493898,0,0,0,0,0,0
"s05_confirmation","Stage-AOP","DASCMOP6","DAS-CMOP",100,50000,3,248003,"all",249,400,50000,0.305153949129853,0.3445113788487278,0.350334672021419,0.3051539491298524,0.3445113788487303,0.3503346720214193,0.3051539491298524,0.3445113788487303,0.3503346720214193,15346,17082,17372,3749,771,3874,0.2442981884530171,0.04513523006673691,0.2230025328114207,0.04007558973022286,0.003219763493736096,0.05998157955330417,0.2829712058772679,0.06232297984528565,0.3197725411558923,0.7934914517038367,0.5649507157806412,0.7604801220961888,0.2447543333767757,0.04812082894274675,0.2277227722772277,0.2438420435292585,0.04214963119072708,0.2182822933456136,0.04809070767626743,0.005034539281114624,0.07402717015887635,0.03206047178417828,0.001404987706357569,0.04593598894773198
"s05_confirmation","Stage-AOP","DASCMOP6","DAS-CMOP",100,50000,4,248004,"all",249,400,50000,0.305153949129853,0.3445113788487278,0.350334672021419,0.3051539491298524,0.3445113788487303,0.3503346720214193,0.3051539491298524,0.3445113788487303,0.3503346720214193,15346,17082,17372,3703,1060,4379,0.2413006646683175,0.06205362369745931,0.2520723002532811,0.08262739476084974,0.01422550052687039,0.1414920561823624,0.4122495704266185,0.1474602313072702,0.4996205229281948,0.7671790397863598,0.5957815702459301,0.7793725837069566,0.2168643294669621,0.0688443976115209,0.2371632512088418,0.2657369998696729,0.05526284978339773,0.2669813492977205,0.1227681480516095,0.02072356866877415,0.2050425972829841,0.04248664147008992,0.007727432384966632,0.07794151508174073
"s05_confirmation","Stage-AOP","DASCMOP6","DAS-CMOP",100,50000,5,248005,"all",249,400,50000,0.305153949129853,0.3445113788487278,0.350334672021419,0.3051539491298524,0.3445113788487303,0.3503346720214193,0.3051539491298524,0.3445113788487303,0.3503346720214193,15346,17082,17372,3328,898,3512,0.2168643294669621,0.05256995667954572,0.2021644024867603,0.07083279030366219,0.00977637279007142,0.1224384066313608,0.30963613465525,0.06958589264079193,0.3555329425797561,0.7848830589244099,0.5761205697548268,0.7493413610367439,0.2026586732699075,0.05713616672520782,0.188349067464886,0.2310699856640167,0.04800374663388362,0.2159797375086346,0.09644206959468266,0.01299613628380752,0.1635965922173613,0.04522351101264173,0.006556609296335324,0.08128022104536035
"s05_confirmation","Stage-AOP","DASCMOP7","DAS-CMOP",100,50000,1,248101,"all",249,400,50000,0.305153949129853,0.3445113788487278,0.350334672021419,0.3051539491298524,0.3445113788487303,0.3503346720214193,0.3051539491298524,0.3445113788487303,0.3503346720214193,15346,17082,17372,3679,979,3687,0.2397367392154307,0.05731179018850252,0.2122380842735436,0.05089274077935618,0.00292705772157827,0.08047432650241769,0.2931670506280555,0.05665043657646648,0.3188545579675096,0.7534152213266438,0.484542973915734,0.7092411411316057,0.2491854554932882,0.05608242594543964,0.2215058715173843,0.2302880229375733,0.05854115443156539,0.202970297029703,0.063599635084061,0.003161222339304531,0.0985493898227032,0.03818584647465138,0.002692893103852008,0.06239926318213217
"s05_confirmation","Stage-AOP","DASCMOP7","DAS-CMOP",100,50000,2,248102,"all",249,400,50000,0.305153949129853,0.3445113788487278,0.350334672021419,0.3051539491298524,0.3445113788487303,0.3503346720214193,0.3051539491298524,0.3445113788487303,0.3503346720214193,15346,17082,17372,3613,989,4059,0.2354359442199922,0.05789720173281817,0.2336518535574488,0,0,0,0.2552009822287524,0.06902214683335751,0.3024775950064469,0.7350048253251706,0.495190874993983,0.7185123904898958,0.2683435422911508,0.06111696522655427,0.2679023716325121,0.2025283461488336,0.05467743823908208,0.1994013354823855,0,0,0,0,0,0
"s05_confirmation","Stage-AOP","DASCMOP7","DAS-CMOP",100,50000,3,248103,"all",249,400,50000,0.305153949129853,0.3445113788487278,0.350334672021419,0.3051539491298524,0.3445113788487303,0.3503346720214193,0.3051539491298524,0.3445113788487303,0.3503346720214193,15346,17082,17372,2080,1003,2726,0.1355402059168513,0.05871677789486009,0.156919180290122,0.1815456796559364,0.02646060180306756,0.1913423900529588,0.5448976764527093,0.200221231885595,0.5819691301222868,0.6878873243718627,0.510881948977811,0.7354919632150504,0.09318389156783527,0.04273504273504274,0.09774349527976053,0.1778965202658673,0.07469851305467744,0.2160948653004835,0.3091359311872801,0.03395386957030792,0.3489523370941746,0.05395542812459272,0.01896733403582719,0.03373244301174304
"s05_confirmation","Stage-AOP","DASCMOP7","DAS-CMOP",100,50000,4,248104,"all",249,400,50000,0.305153949129853,0.3445113788487278,0.350334672021419,0.3051539491298524,0.3445113788487303,0.3503346720214193,0.3051539491298524,0.3445113788487303,0.3503346720214193,15346,17082,17372,3431,978,3884,0.2235761762022677,0.05725324903407095,0.2235781717706654,0.05310830183761241,0.007083479686219412,0.1043057794151508,0.2934782705154421,0.07054931820976297,0.3520143222808803,0.7321909892366445,0.4900314732104303,0.711923658252552,0.2334158738433468,0.06111696522655427,0.2376237623762376,0.2137364785611886,0.05338953284158764,0.2095325811650932,0.06724879447413007,0.007376185458377239,0.1368869445084043,0.03896780920109475,0.006790773914061585,0.07172461432189731
"s05_confirmation","Stage-AOP","DASCMOP7","DAS-CMOP",100,50000,5,248105,"all",249,400,50000,0.305153949129853,0.3445113788487278,0.350334672021419,0.3051539491298524,0.3445113788487303,0.3503346720214193,0.3051539491298524,0.3445113788487303,0.3503346720214193,15346,17082,17372,3456,919,3644,0.2252052652156914,0.05379932092260859,0.2097628367487911,0.1135800860158999,0.005444327362135582,0.1612364724844577,0.3538841400929032,0.07476582099304956,0.3927532308249209,0.7254405000724323,0.4845045779890141,0.7071126812915702,0.2398019027759677,0.04975998126683058,0.2055031084503799,0.2106086276554151,0.0578386605783866,0.2140225650472024,0.137104131369738,0.006439526987472193,0.1873129173382455,0.09005604066206177,0.00444912773679897,0.13516002763067
"s05_confirmation","Stage-AOP","DASCMOP8","DAS-CMOP",100,50000,1,248201,"all",249,400,50000,0.305153949129853,0.3445113788487278,0.350334672021419,0.3051539491298524,0.3445113788487303,0.3503346720214193,0.3051539491298524,0.3445113788487303,0.3503346720214193,15346,17082,17372,3151,845,3332,0.2053303792519223,0.04946727549467275,0.1918029012203546,0.1592597419523003,0.01814775787378527,0.2262836748791158,0.3897821122939006,0.1036498262232364,0.4443540961001091,0.6938042256249628,0.4799755273017568,0.6774999297968949,0.2087840479603806,0.04624751200093666,0.1886944508404329,0.2018767105434641,0.05268703898840885,0.1949113516002763,0.1891046526782224,0.01908441634469032,0.2695141607183974,0.1294148312263782,0.01721109940288023,0.1830531890398342
"s05_confirmation","Stage-AOP","DASCMOP8","DAS-CMOP",100,50000,2,248202,"all",249,400,50000,0.305153949129853,0.3445113788487278,0.350334672021419,0.3051539491298524,0.3445113788487303,0.3503346720214193,0.3051539491298524,0.3445113788487303,0.3503346720214193,15346,17082,17372,3577,949,3684,0.2330900560406621,0.05555555555555555,0.2120653925857702,0.07865241756809592,0.004507668891230535,0.1104651162790698,0.3343853342910266,0.07385659332423804,0.367313120811006,0.7139282174472081,0.4883649410503204,0.6869680953151969,0.2459272774664408,0.05420910900362955,0.21977895463965,0.2202528346148833,0.05690200210748156,0.2043518305318904,0.09904861201616057,0.004097880810209577,0.1403407782638729,0.05825622312003128,0.004917456972251493,0.08058945429426663
"s05_confirmation","Stage-AOP","DASCMOP8","DAS-CMOP",100,50000,3,248203,"all",249,400,50000,0.305153949129853,0.3445113788487278,0.350334672021419,0.3051539491298524,0.3445113788487303,0.3503346720214193,0.3051539491298524,0.3445113788487303,0.3503346720214193,15346,17082,17372,4090,995,4286,0.2665189625961162,0.05824844865940756,0.2467188579323049,0.01589990877101525,0.001112281934199742,0.02285286668201704,0.2475184199237702,0.05993599614217333,0.280739855627957,0.7147421630854518,0.4936139852898226,0.6961367227378337,0.273035318649811,0.0578386605783866,0.2540870366106378,0.2600026065424215,0.05865823674042852,0.2393506792539719,0.01811546982927147,0.001287905397494439,0.0268247755008059,0.01368434771275902,0.0009366584709050462,0.01888095786322818
"s05_confirmation","Stage-AOP","DASCMOP8","DAS-CMOP",100,50000,4,248204,"all",249,400,50000,0.305153949129853,0.3445113788487278,0.350334672021419,0.3051539491298524,0.3445113788487303,0.3503346720214193,0.3051539491298524,0.3445113788487303,0.3503346720214193,15346,17082,17372,2743,897,2923,0.1787436465528476,0.05251141552511415,0.1682592677872438,0.1940570832790304,0.015220700152207,0.2180520377619157,0.4072718205961604,0.08284425833257002,0.4137999055818515,0.715118161261977,0.485956564320729,0.6771781638559626,0.1814153525348625,0.04929165203137806,0.1707345153119963,0.1760719405708328,0.05573117901885025,0.1657840202624914,0.2288544246057605,0.01627444093197518,0.2585770204927469,0.1592597419523003,0.01416695937243882,0.1775270550310845
"s05_confirmation","Stage-AOP","DASCMOP8","DAS-CMOP",100,50000,5,248205,"all",249,400,50000,0.305153949129853,0.3445113788487278,0.350334672021419,0.3051539491298524,0.3445113788487303,0.3503346720214193,0.3051539491298524,0.3445113788487303,0.3503346720214193,15346,17082,17372,3067,1096,3571,0.1998566401668187,0.06416110525699567,0.2055606723463044,0.2222729049915287,0.05292120360613511,0.2910430577941515,0.4718451292536647,0.1647891251240968,0.5413259836216899,0.6928935732872341,0.5126713024004386,0.712188574360792,0.1855858204092272,0.0566678374897553,0.1938752014736357,0.2141274599244103,0.07165437302423604,0.2172461432189731,0.2938876580216343,0.05596534363657651,0.383951185816256,0.1506581519614232,0.04987706357569371,0.198134929772047
"s05_confirmation","Stage-AOP","DASCMOP9","DAS-CMOP",100,50000,1,248301,"all",249,400,50000,0.305153949129853,0.3445113788487278,0.350334672021419,0.3051539491298524,0.3445113788487303,0.3503346720214193,0.3051539491298524,0.3445113788487303,0.3503346720214193,15346,17082,17372,1105,1808,1124,0.07200573439332725,0.1058424072122702,0.06470181901911122,0.276814805160954,0.1342348671115794,0.2376237623762376,0.6964082652211608,0.6245807770360232,0.6725313618078961,0.639027992042051,0.6837905318212585,0.6532891789130418,0.05721360615144012,0.02973890645123522,0.03615012664057103,0.08679786263521438,0.1819459079733052,0.0932535113976514,0.4840349276684478,0.2326425477110409,0.41538107299102,0.06959468265346018,0.03582718651211802,0.05986645176145521
"s05_confirmation","Stage-AOP","DASCMOP9","DAS-CMOP",100,50000,2,248302,"all",249,400,50000,0.305153949129853,0.3445113788487278,0.350334672021419,0.3051539491298524,0.3445113788487303,0.3503346720214193,0.3051539491298524,0.3445113788487303,0.3503346720214193,15346,17082,17372,1353,1786,1120,0.08816629740649029,0.1045545018147758,0.06447156343541331,0.269255832138668,0.14547476876244,0.2366451761455215,0.6962264903333143,0.6213654103500519,0.6716704590325828,0.6432335954188181,0.6678056669582556,0.6569464319269871,0.06698814023198228,0.03102681184872966,0.03304167626064932,0.1093444545809983,0.1780821917808219,0.0959014506101773,0.4923758634171771,0.2644889357218124,0.4265484688003684,0.046135800860159,0.02646060180306756,0.04674188349067465
"s05_confirmation","Stage-AOP","DASCMOP9","DAS-CMOP",100,50000,3,248303,"all",249,400,50000,0.305153949129853,0.3445113788487278,0.350334672021419,0.3051539491298524,0.3445113788487303,0.3503346720214193,0.3051539491298524,0.3445113788487303,0.3503346720214193,15346,17082,17372,950,1909,898,0.06190538251010035,0.1117550638098583,0.0516923785401796,0.2801381467483383,0.1314248916988643,0.2456251439097398,0.6948198961745744,0.623892090212787,0.6785585741572782,0.6369053687543399,0.6841936626705539,0.6581080133061925,0.04991528737130197,0.03699800960074932,0.03119963159106608,0.07389547764889874,0.1865121180189673,0.07218512548929311,0.481298058125896,0.2232759630019904,0.4266635965922174,0.07897823537078066,0.0395738203957382,0.06458669122726227
"s05_confirmation","Stage-AOP","DASCMOP9","DAS-CMOP",100,50000,4,248304,"all",249,400,50000,0.305153949129853,0.3445113788487278,0.350334672021419,0.3051539491298524,0.3445113788487303,0.3503346720214193,0.3051539491298524,0.3445113788487303,0.3503346720214193,15346,17082,17372,910,1882,876,0.05929884008862244,0.1101744526402061,0.05042597282984113,0.2695164863808158,0.1379815009951996,0.235609026018881,0.6791922237676051,0.6273637113684378,0.6725986984829423,0.6337922384911684,0.6923314733668743,0.6611157106801157,0.04939397888700638,0.03524177496780236,0.03315680405249827,0.06920370129023849,0.1851071303126098,0.06769514160718397,0.4670924019288414,0.2325254654021777,0.4148054340317753,0.0719405708327903,0.04343753658822152,0.05641261800598665
"s05_confirmation","Stage-AOP","DASCMOP9","DAS-CMOP",100,50000,5,248305,"all",249,400,50000,0.305153949129853,0.3445113788487278,0.350334672021419,0.3051539491298524,0.3445113788487303,0.3503346720214193,0.3051539491298524,0.3445113788487303,0.3503346720214193,15346,17082,17372,1154,1910,996,0.07519874885963769,0.1118136049642899,0.05733364034077826,0.2846995959859246,0.1400304414003044,0.2429196408012894,0.701571837785222,0.6218969126550534,0.6774530298143885,0.6324361408703915,0.6770419710564521,0.6515196857456169,0.06594552326339111,0.0307926472310034,0.03603499884872208,0.08445197445588427,0.1928345626975764,0.07863228183283445,0.4999348364394631,0.2394333216251024,0.4287358968454985,0.06946435553238629,0.04062756117550638,0.05710338475708036
"s05_confirmation","Stage-AOP","LIRCMOP10","LIR-CMOP",100,50000,1,247001,"all",249,400,50000,0.305153949129853,0.3445113788487278,0.350334672021419,0.3051539491298524,0.3445113788487303,0.3503346720214193,0.3051539491298524,0.3445113788487303,0.3503346720214193,15346,17082,17372,1254,2676,2030,0.08171510491333246,0.156656129258869,0.1168547087266866,0.5892089143750815,0.7148460367638449,0.6661294036380382,0.9020722346886931,0.9102443669074758,0.9076130361542607,0.7887336575280738,0.823936323931693,0.7951424656770825,0.09161996611494852,0.1493970261093549,0.123186737278379,0.0718102437117164,0.1639152324083831,0.1105226801749942,0.7628046396455103,0.7674745345978222,0.7722772277227723,0.4156131891046527,0.6622175389298677,0.5599815795533042
"s05_confirmation","Stage-AOP","LIRCMOP10","LIR-CMOP",100,50000,2,247002,"all",249,400,50000,0.305153949129853,0.3445113788487278,0.350334672021419,0.3051539491298524,0.3445113788487303,0.3503346720214193,0.3051539491298524,0.3445113788487303,0.3503346720214193,15346,17082,17372,1470,2599,1846,0.09579043398931318,0.1521484603676385,0.106262951876583,0.5844519744558843,0.6851656714670413,0.65110522680175,0.9136724211319205,0.9183581085630176,0.9139356966251724,0.7609665643104839,0.7775999938546172,0.7707284092027898,0.1040010426169686,0.13874253600281,0.113400874971218,0.08757982536165776,0.1655543847324669,0.09912502878194797,0.7276163169555585,0.7424189205011122,0.7451070688464195,0.4412876319562101,0.6279124224329704,0.5571033847570803
"s05_confirmation","Stage-AOP","LIRCMOP10","LIR-CMOP",100,50000,3,247003,"all",249,400,50000,0.305153949129853,0.3445113788487278,0.350334672021419,0.3051539491298524,0.3445113788487303,0.3503346720214193,0.3051539491298524,0.3445113788487303,0.3503346720214193,15346,17082,17372,1528,2726,2030,0.09956992050045614,0.1595831869804473,0.1168547087266866,0.6268734523654372,0.7294227842173048,0.6798871747639881,0.912463872859082,0.9209533002460886,0.9154284852921735,0.8095853929350091,0.8352409795105636,0.8310144717867327,0.1043920239801903,0.1443624868282403,0.1257195486990559,0.09474781702072201,0.1748038871326543,0.1079898687543173,0.7734914635735697,0.7879639386488702,0.7748100391434493,0.4802554411573048,0.6708816297857394,0.5849643103845268
"s05_confirmation","Stage-AOP","LIRCMOP10","LIR-CMOP",100,50000,4,247004,"all",249,400,50000,0.305153949129853,0.3445113788487278,0.350334672021419,0.3051539491298524,0.3445113788487303,0.3503346720214193,0.3051539491298524,0.3445113788487303,0.3503346720214193,15346,17082,17372,1857,2881,2291,0.121008731917112,0.1686570659173399,0.1318788855629749,0.6555454190016943,0.7402528977871443,0.7076905364955101,0.9133380905913496,0.9257745921748243,0.9149192688051343,0.8064716605543059,0.841634218474974,0.8150049603558055,0.129675485468526,0.1640323147172462,0.1437946120193415,0.1123419783656979,0.1732818171174336,0.1199631591066083,0.8476475954646162,0.8158295281582952,0.8250057563895924,0.4634432425387723,0.6646762674159934,0.5903753166014276
"s05_confirmation","Stage-AOP","LIRCMOP10","LIR-CMOP",100,50000,5,247005,"all",249,400,50000,0.305153949129853,0.3445113788487278,0.350334672021419,0.3051539491298524,0.3445113788487303,0.3503346720214193,0.3051539491298524,0.3445113788487303,0.3503346720214193,15346,17082,17372,1851,2956,2233,0.1206177505538903,0.1730476524997073,0.1285401795993553,0.6523524045353838,0.7455216016859852,0.7152314068616163,0.9177674422854331,0.9293867393259186,0.9232116814732345,0.8415966302276067,0.8644628041718037,0.8591790919370549,0.1273295972891959,0.1662568785856457,0.1358507943817638,0.1139059038185846,0.1798384264137689,0.1212295648169468,0.8080281506581519,0.8070483549935604,0.8073912042367027,0.4966766584126157,0.6839948483784101,0.6230716094865301
"s05_confirmation","Stage-AOP","LIRCMOP11","LIR-CMOP",100,50000,1,247101,"all",249,400,50000,0.305153949129853,0.3445113788487278,0.350334672021419,0.3051539491298524,0.3445113788487303,0.3503346720214193,0.3051539491298524,0.3445113788487303,0.3503346720214193,15346,17082,17372,1994,3150,2641,0.1299361397106738,0.184404636459431,0.1520262491365416,0.4765411182066988,0.4278187565858799,0.4685125489293115,0.8020742844315455,0.7977741276159765,0.8017783943757131,0.8508925404967691,0.8788562168460368,0.8721190305943258,0.1501368434771276,0.1317175974710221,0.1709647708956942,0.10973543594422,0.2370916754478398,0.1330877273773889,0.7213606151440115,0.616789603090973,0.7240386829380613,0.2317216212693862,0.2388479100807868,0.2129864149205618
"s05_confirmation","Stage-AOP","LIRCMOP11","LIR-CMOP",100,50000,2,247102,"all",249,400,50000,0.305153949129853,0.3445113788487278,0.350334672021419,0.3051539491298524,0.3445113788487303,0.3503346720214193,0.3051539491298524,0.3445113788487303,0.3503346720214193,15346,17082,17372,2019,2953,2616,0.1315652287240975,0.1728720290364126,0.1505871517384297,0.4307962987097615,0.4199742418920501,0.4332258807276076,0.7927350045699716,0.7893498633956006,0.7901204378563131,0.828671526178695,0.8565039098230537,0.8359392074697799,0.153395021503975,0.1278538812785388,0.1549620078286899,0.10973543594422,0.2178901767942864,0.1462122956481695,0.6701420565619706,0.5985247629083246,0.6752244991941054,0.1914505408575524,0.2414237208757757,0.1912272622611098
"s05_confirmation","Stage-AOP","LIRCMOP11","LIR-CMOP",100,50000,3,247103,"all",249,400,50000,0.305153949129853,0.3445113788487278,0.350334672021419,0.3051539491298524,0.3445113788487303,0.3503346720214193,0.3051539491298524,0.3445113788487303,0.3503346720214193,15346,17082,17372,1940,3454,2567,0.1264173074416786,0.2022011474066269,0.1477665208381303,0.4383552717320474,0.3918159466104671,0.4465231406861616,0.7988722575433582,0.7820506368583883,0.7963919106224523,0.8488825435811661,0.8717390612379475,0.8608990115007321,0.1381467483383292,0.1358154782812317,0.1562284135390283,0.114687866545028,0.268586816532022,0.1393046281372323,0.6744428515574091,0.5754595480622878,0.673958093483767,0.2022676919066858,0.2081723451586465,0.2190881878885563
"s05_confirmation","Stage-AOP","LIRCMOP11","LIR-CMOP",100,50000,4,247104,"all",249,400,50000,0.305153949129853,0.3445113788487278,0.350334672021419,0.3051539491298524,0.3445113788487303,0.3503346720214193,0.3051539491298524,0.3445113788487303,0.3503346720214193,15346,17082,17372,2279,2947,2749,0.1485077544637039,0.1725207821098232,0.158243149896385,0.4833181285025414,0.4528743706825898,0.4679944738659912,0.8170298988708257,0.806889177611314,0.8097707171058782,0.843982990200562,0.8801613226282673,0.8629991281662354,0.1588687605890786,0.1215314365999298,0.1578402026249137,0.1381467483383292,0.2235101276197167,0.1586460971678563,0.699465658803597,0.6268586816532022,0.6983651853557449,0.2671705982014858,0.2788900597119775,0.2376237623762376
"s05_confirmation","Stage-AOP","LIRCMOP11","LIR-CMOP",100,50000,5,247105,"all",249,400,50000,0.305153949129853,0.3445113788487278,0.350334672021419,0.3051539491298524,0.3445113788487303,0.3503346720214193,0.3051539491298524,0.3445113788487303,0.3503346720214193,15346,17082,17372,2358,3127,2996,0.1536556757461228,0.183058189907505,0.1724614321897306,0.4526912550501759,0.4733052335792062,0.4416302095325811,0.8025205689347277,0.8149138752920836,0.7986385538649676,0.7988811815771473,0.8421697232126109,0.8064374610011322,0.1673400234588818,0.1385083713850837,0.1767211604881418,0.1399713280333637,0.2276080084299262,0.1682017038913194,0.6950345366870846,0.6519142957499122,0.6946810960165783,0.2103479734132673,0.2946961714085002,0.1885793230485839
"s05_confirmation","Stage-AOP","LIRCMOP12","LIR-CMOP",100,50000,1,247201,"all",249,400,50000,0.305153949129853,0.3445113788487278,0.350334672021419,0.3051539491298524,0.3445113788487303,0.3503346720214193,0.3051539491298524,0.3445113788487303,0.3503346720214193,15346,17082,17372,1985,3037,1966,0.1293496676658413,0.1777894860086641,0.1131706193875201,0.4094878144141796,0.4018264840182648,0.448019801980198,0.8020468374063325,0.7787230062300956,0.8214233965812757,0.8709069632880581,0.8908395869403816,0.8885674709168997,0.1133845953342891,0.08547008547008547,0.08104996546166245,0.1453147399973934,0.2701088865472427,0.1452912733133779,0.6122768148051609,0.5857627912422433,0.6283674879115818,0.2066988140231982,0.2178901767942864,0.2676721160488142
"s05_confirmation","Stage-AOP","LIRCMOP12","LIR-CMOP",100,50000,2,247202,"all",249,400,50000,0.305153949129853,0.3445113788487278,0.350334672021419,0.3051539491298524,0.3445113788487303,0.3503346720214193,0.3051539491298524,0.3445113788487303,0.3503346720214193,15346,17082,17372,2059,3082,2056,0.1341717711455754,0.1804238379580845,0.118351370020723,0.3525348625048872,0.3789954337899543,0.3871172000921022,0.7742373624434182,0.7627296950759404,0.7916296292071883,0.8715145831517973,0.882541344260914,0.882994190003266,0.1133845953342891,0.09144128322210514,0.07943817637577712,0.1549589469568617,0.2694063926940639,0.1572645636656689,0.5488075068421738,0.5596534363657651,0.5763297259958554,0.1562622181676007,0.1983374312141435,0.1979046741883491
"s05_confirmation","Stage-AOP","LIRCMOP12","LIR-CMOP",100,50000,3,247203,"all",249,400,50000,0.305153949129853,0.3445113788487278,0.350334672021419,0.3051539491298524,0.3445113788487303,0.3503346720214193,0.3051539491298524,0.3445113788487303,0.3503346720214193,15346,17082,17372,2534,3322,2409,0.1651244624006256,0.1944737150216602,0.1386714252820631,0.4336634953733872,0.4312141435429107,0.4582661754547548,0.796508099565382,0.7808496808282821,0.8080368798348544,0.8701711545292914,0.8946616319380454,0.8918180528534199,0.1664277336113645,0.1183702142606252,0.1195026479392125,0.1638211911898866,0.2705772157826952,0.1578402026249137,0.6803075720057344,0.6342348671115794,0.676375777112595,0.18701941874104,0.2281934199742419,0.2401565737969146
"s05_confirmation","Stage-AOP","LIRCMOP12","LIR-CMOP",100,50000,4,247204,"all",249,400,50000,0.305153949129853,0.3445113788487278,0.350334672021419,0.3051539491298524,0.3445113788487303,0.3503346720214193,0.3051539491298524,0.3445113788487303,0.3503346720214193,15346,17082,17372,2327,3259,2534,0.1516356053694774,0.1907856222924716,0.1458669122726226,0.4541900169425258,0.4636459430979979,0.4833640340778264,0.8086080530877928,0.7943565037581515,0.8239823534491508,0.858514691393401,0.8972870237592586,0.8842161880794565,0.1378860940961814,0.09518791710572533,0.1150126640571034,0.1653851166427734,0.2863833274792179,0.1767211604881418,0.7111950997002476,0.679545720641611,0.7454524522219664,0.1971849341848038,0.2477461655543847,0.2212756159336864
"s05_confirmation","Stage-AOP","LIRCMOP12","LIR-CMOP",100,50000,5,247205,"all",249,400,50000,0.305153949129853,0.3445113788487278,0.350334672021419,0.3051539491298524,0.3445113788487303,0.3503346720214193,0.3051539491298524,0.3445113788487303,0.3503346720214193,15346,17082,17372,2317,3349,2139,0.1509839697641079,0.1960543261913125,0.1231291733824545,0.4104652678222338,0.4171057253249034,0.4396154731752245,0.7932816082890795,0.7741956544184463,0.8007737274330888,0.8725521158949274,0.8931167667133231,0.8833153202795502,0.1136452495764369,0.08921671935370566,0.07517844807736587,0.188322689951779,0.3028919330289193,0.1710798986875432,0.6430340153786003,0.6112867345744059,0.6526594519917108,0.1778965202658673,0.222924716075401,0.2265714943587382
"s05_confirmation","Stage-AOP","LIRCMOP13","LIR-CMOP",100,50000,1,247301,"all",249,400,50000,0.305153949129853,0.3445113788487278,0.350334672021419,0.3051539491298524,0.3445113788487303,0.3503346720214193,0.3051539491298524,0.3445113788487303,0.3503346720214193,15346,17082,17372,3242,2026,3167,0.2112602632607846,0.1186043788783515,0.182304858392816,0.711977062426691,0.6330055028685165,0.7782638728989179,0.9155943525133939,0.8465857127730188,0.9334139016554405,0.4562412322319648,0.4663544126746452,0.4490539341291588,0.1849341848038577,0.09319751785505211,0.1710798986875432,0.2375863417177115,0.1440112399016509,0.1935298180980889,0.7622833311612146,0.7041330055028685,0.8194796223808427,0.6616707936921673,0.5618780002341646,0.7370481234169929
"s05_confirmation","Stage-AOP","LIRCMOP13","LIR-CMOP",100,50000,2,247302,"all",249,400,50000,0.305153949129853,0.3445113788487278,0.350334672021419,0.3051539491298524,0.3445113788487303,0.3503346720214193,0.3051539491298524,0.3445113788487303,0.3503346720214193,15346,17082,17372,3440,2063,3222,0.2241626482471002,0.1207704015923194,0.1854708726686622,0.7341978365697902,0.6467041330055029,0.7879921713101543,0.9277187453943115,0.8578424020950527,0.9385144636358415,0.454591676138684,0.4643687074118366,0.4455555266557031,0.2081324123550111,0.1012761971666081,0.1752244991941055,0.2401928841391894,0.1402646060180307,0.195717246143219,0.7796168382640427,0.7158412363891816,0.8256965231406862,0.6887788348755376,0.5775670296218242,0.7502878194796224
"s05_confirmation","Stage-AOP","LIRCMOP13","LIR-CMOP",100,50000,3,247303,"all",249,400,50000,0.305153949129853,0.3445113788487278,0.350334672021419,0.3051539491298524,0.3445113788487303,0.3503346720214193,0.3051539491298524,0.3445113788487303,0.3503346720214193,15346,17082,17372,3309,2190,3181,0.2156262218167601,0.1282051282051282,0.1831107529357587,0.7448846604978496,0.665554384732467,0.8117084964310385,0.932842474793134,0.8661173040238868,0.950398826352211,0.4529553771920448,0.4621521505589211,0.4462852396284901,0.2016160563013163,0.1070132303009015,0.1725765599815796,0.2296363873322038,0.1493970261093549,0.1936449458899378,0.7820930535644468,0.726027397260274,0.8443472254202165,0.7076762674312524,0.6050813722046599,0.7790697674418605
"s05_confirmation","Stage-AOP","LIRCMOP13","LIR-CMOP",100,50000,4,247304,"all",249,400,50000,0.305153949129853,0.3445113788487278,0.350334672021419,0.3051539491298524,0.3445113788487303,0.3503346720214193,0.3051539491298524,0.3445113788487303,0.3503346720214193,15346,17082,17372,3278,2217,3219,0.2136061514401147,0.1297857393747805,0.1852981809808888,0.7470350579955689,0.6702376770869921,0.8133778494128483,0.9316830504828336,0.8711108821500579,0.9499430455481405,0.4512397472526837,0.4615157316883434,0.4446632214877261,0.198227551153395,0.1085353003161222,0.1751093714022565,0.2289847517268344,0.1510361784334387,0.1954869905595211,0.7923888961292845,0.7318815127034305,0.8497582316371172,0.7016812198618533,0.6085938414705538,0.7769974671885793
"s05_confirmation","Stage-AOP","LIRCMOP13","LIR-CMOP",100,50000,5,247305,"all",249,400,50000,0.305153949129853,0.3445113788487278,0.350334672021419,0.3051539491298524,0.3445113788487303,0.3503346720214193,0.3051539491298524,0.3445113788487303,0.3503346720214193,15346,17082,17372,3260,2046,3194,0.2124332073504496,0.1197752019669828,0.1838590835827769,0.7324384204352926,0.6522655426765016,0.7898917798756619,0.9269981602718481,0.8655607423282343,0.9447637462605309,0.4544950367379618,0.4639667062308176,0.4459928341434257,0.1975759155480255,0.09998829176911368,0.1706193875201474,0.2272904991528737,0.1395621121648519,0.1970987796454064,0.7680177244884661,0.702845100105374,0.8247755008058946,0.6968591163821192,0.6016859852476291,0.7550080589454294
"s05_confirmation","Stage-AOP","LIRCMOP14","LIR-CMOP",100,50000,1,247401,"all",249,400,50000,0.305153949129853,0.3445113788487278,0.350334672021419,0.3051539491298524,0.3445113788487303,0.3503346720214193,0.3051539491298524,0.3445113788487303,0.3503346720214193,15346,17082,17372,3090,1902,2782,0.2013554020591685,0.1113452757288374,0.1601427584618927,0.6200312785090577,0.5674394099051633,0.6230716094865301,0.9261561512104207,0.8605196114282646,0.9418346831880052,0.4527821970401583,0.4639380808228533,0.4459970211862395,0.184543203440636,0.09179253014869453,0.1410315450149666,0.218167600677701,0.1308980213089802,0.1792539719088188,0.6813501889743255,0.6242828708582133,0.6768362882799908,0.5587123680437899,0.5105959489521134,0.5693069306930693
"s05_confirmation","Stage-AOP","LIRCMOP14","LIR-CMOP",100,50000,2,247402,"all",249,400,50000,0.305153949129853,0.3445113788487278,0.350334672021419,0.3051539491298524,0.3445113788487303,0.3503346720214193,0.3051539491298524,0.3445113788487303,0.3503346720214193,15346,17082,17372,3052,2055,2802,0.1988791867587645,0.1203020723568669,0.1612940363803822,0.6227029844910726,0.5492331108769465,0.6241653235090951,0.9239814037419757,0.8429967842305812,0.9367859229315108,0.4527532341199721,0.4604498228349987,0.4463935685929847,0.1778965202658673,0.09237794169301018,0.1481694681096017,0.2198618532516617,0.1482262030207236,0.1744186046511628,0.6860419653329858,0.6070717714553331,0.6760303937370481,0.5593640036491594,0.4913944502985599,0.5723002532811421
"s05_confirmation","Stage-AOP","LIRCMOP14","LIR-CMOP",100,50000,3,247403,"all",249,400,50000,0.305153949129853,0.3445113788487278,0.350334672021419,0.3051539491298524,0.3445113788487303,0.3503346720214193,0.3051539491298524,0.3445113788487303,0.3503346720214193,15346,17082,17372,3131,1942,2747,0.2040271080411834,0.1136869219061,0.158128022104536,0.6075850384465007,0.5752253834445615,0.6204812341699286,0.9188316573300231,0.8557126443385141,0.9386355415101292,0.4541445026229075,0.4632469534328854,0.4462894275250026,0.1828489508666754,0.09120711860437888,0.1416071839742114,0.2252052652156914,0.1361667252078211,0.1746488602348607,0.6823928059429167,0.6378644186863365,0.6755698825696523,0.5327772709500848,0.5125863482027866,0.5653925857702049
"s05_confirmation","Stage-AOP","LIRCMOP14","LIR-CMOP",100,50000,4,247404,"all",249,400,50000,0.305153949129853,0.3445113788487278,0.350334672021419,0.3051539491298524,0.3445113788487303,0.3503346720214193,0.3051539491298524,0.3445113788487303,0.3503346720214193,15346,17082,17372,3092,1952,2828,0.2014857291802424,0.1142723334504156,0.1627906976744186,0.614687866545028,0.5591265659758811,0.6150702279530279,0.9247748091970246,0.8516221182336311,0.9392618951448017,0.4552707168822154,0.4656045473045877,0.4462563917519749,0.1835005864720448,0.08863130780939001,0.1416071839742114,0.21947087188844,0.1399133590914413,0.1839742113746258,0.6835657500325818,0.6214728954454982,0.6693529818098088,0.5458099830574743,0.4967802365062639,0.5607874740962469
"s05_confirmation","Stage-AOP","LIRCMOP14","LIR-CMOP",100,50000,5,247405,"all",249,400,50000,0.305153949129853,0.3445113788487278,0.350334672021419,0.3051539491298524,0.3445113788487303,0.3503346720214193,0.3051539491298524,0.3445113788487303,0.3503346720214193,15346,17082,17372,3168,1940,2676,0.2064381597810504,0.1135698395972369,0.1540409854938982,0.6146227029844911,0.5668539983608477,0.6245107068846419,0.9216747647692568,0.8471676885001772,0.9353229130671951,0.455513956896364,0.4658814006409128,0.4481933847013533,0.1840218949563404,0.09202669476642079,0.1341238775040295,0.2288544246057605,0.1351129844280529,0.173958093483767,0.6849993483643946,0.6410256410256411,0.6752244991941054,0.5442460576045876,0.4926823556960543,0.5737969145751785
"s05_confirmation","Stage-AOP","LIRCMOP1","LIR-CMOP",100,50000,1,246101,"all",249,400,50000,0.305153949129853,0.3445113788487278,0.350334672021419,0.3051539491298524,0.3445113788487303,0.3503346720214193,0.3051539491298524,0.3445113788487303,0.3503346720214193,15346,17082,17372,1148,2269,1034,0.074807767496416,0.1328298794052219,0.05952106838590836,0.02841131239410922,0.01469382976232291,0.009267787243840662,0.734666363989271,0.728249616440883,0.7494172290584138,0.7094035257347243,0.7120079755931306,0.7140173558856665,0.08041183370259351,0.0612340475354174,0.03902832143679484,0.06920370129023849,0.2044257112750263,0.08001381533502187,0.05682262478821843,0.02938765952464583,0.01853557448768132,0,0,0
"s05_confirmation","Stage-AOP","LIRCMOP1","LIR-CMOP",100,50000,2,246102,"all",249,400,50000,0.305153949129853,0.3445113788487278,0.350334672021419,0.3051539491298524,0.3445113788487303,0.3503346720214193,0.3051539491298524,0.3445113788487303,0.3503346720214193,15346,17082,17372,1182,2255,1035,0.07702332855467223,0.1320103032431799,0.05957863228183283,0.03922846344324254,0.02195293291183702,0.01479392125259038,0.7429557422784276,0.7440341658745259,0.7616674036135718,0.7059708852954308,0.7030811697872377,0.7135914003487174,0.08458230157695816,0.05537993209226086,0.03465346534653466,0.06946435553238629,0.2086406743940991,0.08450379921713101,0.07845692688648508,0.04390586582367404,0.02958784250518075,0,0,0
"s05_confirmation","Stage-AOP","LIRCMOP1","LIR-CMOP",100,50000,3,246103,"all",249,400,50000,0.305153949129853,0.3445113788487278,0.350334672021419,0.3051539491298524,0.3445113788487303,0.3503346720214193,0.3051539491298524,0.3445113788487303,0.3503346720214193,15346,17082,17372,1053,1895,881,0.06861722924540598,0.1109354876478164,0.0507137923094635,0.02841131239410922,0.01100573703313429,0.009267787243840662,0.7446070523926025,0.7640366292989589,0.7575982647409738,0.7057596099905064,0.724750885273283,0.7179446798700647,0.07454711325426822,0.04554501814775787,0.03327193184434723,0.06268734523654372,0.176325957147875,0.06815565277457979,0.05682262478821843,0.02201147406626859,0.01853557448768132,0,0,0
"s05_confirmation","Stage-AOP","LIRCMOP1","LIR-CMOP",100,50000,4,246104,"all",249,400,50000,0.305153949129853,0.3445113788487278,0.350334672021419,0.3051539491298524,0.3445113788487303,0.3503346720214193,0.3051539491298524,0.3445113788487303,0.3503346720214193,15346,17082,17372,1061,2111,856,0.06913853772970155,0.1235803770050345,0.0492746949113516,0.02033103088752769,0.007844514693829763,0.004605111673958094,0.7143872324937406,0.7574829221792098,0.7418616897651704,0.7148460069892578,0.7354600473284894,0.7305399510126338,0.07428645901212043,0.05128205128205128,0.02924245912963389,0.06399061644728268,0.1958787027280178,0.06930693069306931,0.04066206177505539,0.01568902938765953,0.009210223347916187,0,0,0
"s05_confirmation","Stage-AOP","LIRCMOP1","LIR-CMOP",100,50000,5,246105,"all",249,400,50000,0.305153949129853,0.3445113788487278,0.350334672021419,0.3051539491298524,0.3445113788487303,0.3503346720214193,0.3051539491298524,0.3445113788487303,0.3503346720214193,15346,17082,17372,1070,2076,920,0.06972500977453408,0.1215314365999298,0.05295878425051807,0.02345888179330119,0.01059594895211334,0.005641261800598664,0.7461387253295078,0.7652434683874342,0.7617430270779656,0.7027666305668827,0.7219200032466334,0.7119441389230075,0.0719405708327903,0.05350661515045077,0.02820630900299332,0.06750944871627786,0.1895562580494087,0.07771125949804283,0.04678743646552848,0.02119189790422667,0.01116739580934838,0.0001303271210738955,0,0.0001151277918489523
"s05_confirmation","Stage-AOP","LIRCMOP2","LIR-CMOP",100,50000,1,246201,"all",249,400,50000,0.305153949129853,0.3445113788487278,0.350334672021419,0.3051539491298524,0.3445113788487303,0.3503346720214193,0.3051539491298524,0.3445113788487303,0.3503346720214193,15346,17082,17372,885,2615,1112,0.05766975107519875,0.1530851188385435,0.0640110522680175,0.02332855467222729,0.01656714670413301,0.01053419295417914,0.7670046228605779,0.7600794548971778,0.7789866030288305,0.71702353467,0.7196185593219582,0.7349631160032073,0.06490290629479994,0.0505795574288725,0.03269629288510247,0.05043659585559755,0.2555906802482145,0.09532581165093254,0.04652678222338068,0.03313429340826601,0.02095325811650933,0.0001303271210738955,0,0.0001151277918489523
"s05_confirmation","Stage-AOP","LIRCMOP2","LIR-CMOP",100,50000,2,246202,"all",249,400,50000,0.305153949129853,0.3445113788487278,0.350334672021419,0.3051539491298524,0.3445113788487303,0.3503346720214193,0.3051539491298524,0.3445113788487303,0.3503346720214193,15346,17082,17372,853,2232,1064,0.05558451713801642,0.1306638566912539,0.06124798526364264,0.0245666623224293,0.01393279475471256,0.008634584388671426,0.7578661315448217,0.7561433660434366,0.7545629064720734,0.7173697721524351,0.7415813333919193,0.7295789529755737,0.0719405708327903,0.0502283105022831,0.03189039834215979,0.03922846344324254,0.2110994028802248,0.09060557218512549,0.0491333246448586,0.02786558950942513,0.0171540409854939,0,0,0.0001151277918489523
"s05_confirmation","Stage-AOP","LIRCMOP2","LIR-CMOP",100,50000,3,246203,"all",249,400,50000,0.305153949129853,0.3445113788487278,0.350334672021419,0.3051539491298524,0.3445113788487303,0.3503346720214193,0.3051539491298524,0.3445113788487303,0.3503346720214193,15346,17082,17372,879,2508,1098,0.05727876971197706,0.146821215314366,0.06320515772507483,0.04163951518310961,0.02523123756000468,0.0256159336863919,0.7282734582204213,0.7778355790689808,0.764152444479294,0.72170798892304,0.7568962462070846,0.7584630806483368,0.07128893522742083,0.05034539281114624,0.03753166014275846,0.0432686041965333,0.2432970378175858,0.08887865530739121,0.08327903036621921,0.05034539281114624,0.05123186737278379,0,0.0001170823088631308,0
"s05_confirmation","Stage-AOP","LIRCMOP2","LIR-CMOP",100,50000,4,246204,"all",249,400,50000,0.305153949129853,0.3445113788487278,0.350334672021419,0.3051539491298524,0.3445113788487303,0.3503346720214193,0.3051539491298524,0.3445113788487303,0.3503346720214193,15346,17082,17372,968,2408,1065,0.06307832659976541,0.1409670998712095,0.06130554915956712,0.02482731656457709,0.009659290481208289,0.009210223347916187,0.7753418639466904,0.7736410338044232,0.7800332426823607,0.7087462738210856,0.7061017005198726,0.7159984388915857,0.06777010295842564,0.04039339655778012,0.02855169237854018,0.05838655024110517,0.2415408031846388,0.09405940594059406,0.04965463312915418,0.01931858096241658,0.01830531890398342,0,0,0.0001151277918489523
"s05_confirmation","Stage-AOP","LIRCMOP2","LIR-CMOP",100,50000,5,246205,"all",249,400,50000,0.305153949129853,0.3445113788487278,0.350334672021419,0.3051539491298524,0.3445113788487303,0.3503346720214193,0.3051539491298524,0.3445113788487303,0.3503346720214193,15346,17082,17372,892,2351,1071,0.05812589599895739,0.1376302540686102,0.06165093253511398,0.02104783005343412,0.01123990165086055,0.006850103615012664,0.772045672008856,0.7588145894240282,0.7662399926492108,0.7032333788128926,0.7164598170867033,0.7111061896578666,0.06555454190016942,0.04695000585411544,0.0270550310845038,0.05069725009774534,0.228310502283105,0.09624683398572416,0.04209566010686824,0.02247980330172111,0.01346995164632742,0,0,0.0002302555836979047
"s05_confirmation","Stage-AOP","LIRCMOP3","LIR-CMOP",100,50000,1,246301,"all",249,400,50000,0.305153949129853,0.3445113788487278,0.350334672021419,0.3051539491298524,0.3445113788487303,0.3503346720214193,0.3051539491298524,0.3445113788487303,0.3503346720214193,15346,17082,17372,1060,2378,1159,0.06907337416916461,0.1392108652382625,0.06671655537646788,0.05154437638472566,0.02523123756000468,0.03724384066313608,0.7123306621106259,0.6031703696768651,0.6819598433416451,0.6826412714445939,0.7015955887504554,0.6993006721746026,0.09227160172031799,0.04542793583889474,0.04846880036840893,0.04587514661801121,0.2329937946376303,0.08496431038452683,0.1030887527694513,0.05046247512000936,0.07448768132627216,0,0,0
"s05_confirmation","Stage-AOP","LIRCMOP3","LIR-CMOP",100,50000,2,246302,"all",249,400,50000,0.305153949129853,0.3445113788487278,0.350334672021419,0.3051539491298524,0.3445113788487303,0.3503346720214193,0.3051539491298524,0.3445113788487303,0.3503346720214193,15346,17082,17372,974,2389,1118,0.0634693079629871,0.1398548179370097,0.06435643564356436,0.03421086928189757,0.01849900480037466,0.01277918489523371,0.7035388544502152,0.5953856407387234,0.6641827280749123,0.6998691023472805,0.710158872317536,0.7102863406328797,0.08836178808810113,0.04987706357569371,0.04006447156343541,0.03857682783787306,0.2298325722983257,0.0886483997236933,0.06842173856379513,0.03699800960074932,0.02555836979046742,0,0,0
"s05_confirmation","Stage-AOP","LIRCMOP3","LIR-CMOP",100,50000,3,246303,"all",249,400,50000,0.305153949129853,0.3445113788487278,0.350334672021419,0.3051539491298524,0.3445113788487303,0.3503346720214193,0.3051539491298524,0.3445113788487303,0.3503346720214193,15346,17082,17372,924,2346,1109,0.06021112993613971,0.1373375482964524,0.06383836058024407,0.02345888179330119,0.009659290481208289,0.01226110983191342,0.7005914340394457,0.6357036244287712,0.6810039740956721,0.6981106483561522,0.7148354962625294,0.7171299633851538,0.0808028150658152,0.04121297271982204,0.03868293806124799,0.03961944480646423,0.2334621238730828,0.08899378309924015,0.04678743646552848,0.01931858096241658,0.02452221966382685,0.0001303271210738955,0,0
"s05_confirmation","Stage-AOP","LIRCMOP3","LIR-CMOP",100,50000,4,246304,"all",249,400,50000,0.305153949129853,0.3445113788487278,0.350334672021419,0.3051539491298524,0.3445113788487303,0.3503346720214193,0.3051539491298524,0.3445113788487303,0.3503346720214193,15346,17082,17372,935,2393,1082,0.06092792910204613,0.140088982554736,0.06228413539028321,0.02991007428645901,0.02201147406626859,0.01559981579553304,0.6989323892909501,0.5755801438307958,0.6519068233951038,0.6881663924132163,0.705460883736104,0.7071680787815658,0.0720708979538642,0.04894040510478866,0.03419295417913885,0.04978496025022807,0.2312375600046833,0.09037531660142759,0.05982014857291802,0.04402294813253717,0.03108450379921713,0,0,0.0001151277918489523
"s05_confirmation","Stage-AOP","LIRCMOP3","LIR-CMOP",100,50000,5,246305,"all",249,400,50000,0.305153949129853,0.3445113788487278,0.350334672021419,0.3051539491298524,0.3445113788487303,0.3503346720214193,0.3051539491298524,0.3445113788487303,0.3503346720214193,15346,17082,17372,882,2467,1074,0.0574742603935879,0.1444210279826718,0.0618236242228874,0.03225596246578913,0.0258751902587519,0.01456366566889247,0.697284590010284,0.5886662572065839,0.6494344971808386,0.687657320322605,0.7087545141058397,0.7016398866807162,0.07715365567574613,0.05643367287202904,0.03200552613400875,0.03779486511142969,0.2324083830933146,0.09164172231176607,0.06451192493157826,0.0517503805175038,0.02901220354593599,0,0,0.0001151277918489523
"s05_confirmation","Stage-AOP","LIRCMOP4","LIR-CMOP",100,50000,1,246401,"all",249,400,50000,0.305153949129853,0.3445113788487278,0.350334672021419,0.3051539491298524,0.3445113788487303,0.3503346720214193,0.3051539491298524,0.3445113788487303,0.3503346720214193,15346,17082,17372,980,2326,1178,0.06386028932620878,0.1361667252078211,0.06781026939903292,0.03108301837612407,0.02113335674979511,0.01686622150587152,0.6991593098994123,0.6270058190271426,0.6726490848680731,0.7010969268065097,0.7157628829455037,0.7165079700351927,0.07167991659064252,0.0444912773679897,0.04006447156343541,0.05604066206177506,0.2278421730476525,0.09555606723463043,0.06203570963117425,0.04226671349959021,0.03373244301174304,0.0001303271210738955,0,0
"s05_confirmation","Stage-AOP","LIRCMOP4","LIR-CMOP",100,50000,2,246402,"all",249,400,50000,0.305153949129853,0.3445113788487278,0.350334672021419,0.3051539491298524,0.3445113788487303,0.3503346720214193,0.3051539491298524,0.3445113788487303,0.3503346720214193,15346,17082,17372,1193,2470,1300,0.07774012772057866,0.1445966514459665,0.07483306470181902,0.02951909292323733,0.01164968973188151,0.01629058254662676,0.7086769553986743,0.6531142668672448,0.7024811778400699,0.7141572687203721,0.6971021460521006,0.7220101277736163,0.07962987097615014,0.04027631424891699,0.03822242689385218,0.07585038446500716,0.248916988643016,0.1114437025097859,0.05903818584647465,0.02329937946376303,0.03258116509325351,0,0,0
"s05_confirmation","Stage-AOP","LIRCMOP4","LIR-CMOP",100,50000,3,246403,"all",249,400,50000,0.305153949129853,0.3445113788487278,0.350334672021419,0.3051539491298524,0.3445113788487303,0.3503346720214193,0.3051539491298524,0.3445113788487303,0.3503346720214193,15346,17082,17372,1057,2466,1156,0.06887788348755376,0.1443624868282403,0.06654386368869446,0.03258178026847387,0.01551340592436483,0.00915265945199171,0.7068014799033515,0.5816697141052658,0.6598740623306749,0.7149075833381986,0.7164553080896104,0.7235705012364594,0.08549459142447544,0.05093080435546189,0.03258116509325351,0.05226117555063209,0.2377941693010186,0.1005065622841354,0.06516356053694775,0.03102681184872966,0.01830531890398342,0,0,0
"s05_confirmation","Stage-AOP","LIRCMOP4","LIR-CMOP",100,50000,4,246404,"all",249,400,50000,0.305153949129853,0.3445113788487278,0.350334672021419,0.3051539491298524,0.3445113788487303,0.3503346720214193,0.3051539491298524,0.3445113788487303,0.3503346720214193,15346,17082,17372,963,2393,1233,0.06275250879708068,0.140088982554736,0.07097628367487911,0.05460706372996221,0.03161222339304531,0.05808197098779645,0.702592451625997,0.6755398323349795,0.7093813062093153,0.724103408432172,0.7414465403563136,0.7451134581646328,0.08419132021373647,0.05221870975295633,0.05341929541791388,0.04131369738042487,0.2279592553565156,0.08853327193184435,0.1092141274599244,0.06322444678609063,0.1161639419755929,0,0,0
"s05_confirmation","Stage-AOP","LIRCMOP4","LIR-CMOP",100,50000,5,246405,"all",249,400,50000,0.305153949129853,0.3445113788487278,0.350334672021419,0.3051539491298524,0.3445113788487303,0.3503346720214193,0.3051539491298524,0.3445113788487303,0.3503346720214193,15346,17082,17372,867,2195,1083,0.05649680698553369,0.128497833977286,0.06234169928620769,0.02991007428645901,0.01328884205596534,0.01629058254662676,0.6984819572252521,0.594590017093021,0.666952066698135,0.710050205429296,0.7301900533057969,0.7291134301919439,0.07545940310178548,0.04332045427935839,0.03338705963619618,0.03753421086928189,0.2136752136752137,0.0912963389362192,0.05982014857291802,0.02657768411193069,0.03258116509325351,0,0,0
"s05_confirmation","Stage-AOP","LIRCMOP5","LIR-CMOP",100,50000,1,246501,"all",249,400,50000,0.305153949129853,0.3445113788487278,0.350334672021419,0.3051539491298524,0.3445113788487303,0.3503346720214193,0.3051539491298524,0.3445113788487303,0.3503346720214193,15346,17082,17372,1445,1592,1151,0.09416134497588949,0.09319751785505211,0.06625604420907207,0.5957252704287762,0.5629902821683643,0.5725880727607644,0.9804961883868398,0.9771486751996039,0.9787989740046357,0.759011141656846,0.7680062238716385,0.7782274553635763,0.06151440114687867,0.05795574288724974,0.03833755468570113,0.1268082888049003,0.1284392928228545,0.09417453373244301,0.5576697510751988,0.5382273738438123,0.5133548238544785,0.6337807897823537,0.5877531904929165,0.6318213216670504
"s05_confirmation","Stage-AOP","LIRCMOP5","LIR-CMOP",100,50000,2,246502,"all",249,400,50000,0.305153949129853,0.3445113788487278,0.350334672021419,0.3051539491298524,0.3445113788487303,0.3503346720214193,0.3051539491298524,0.3445113788487303,0.3503346720214193,15346,17082,17372,1605,1362,1123,0.1045875146618011,0.07973305233579206,0.06464425512318674,0.4633780789782354,0.5896265074347267,0.4756504720239466,0.9744534930889028,0.9784131768723187,0.9745733919154297,0.7360559396790924,0.7339590183904091,0.7165306489770512,0.06868239280594292,0.058189907504976,0.04144600506562284,0.1404926365176593,0.1012761971666081,0.08784250518075064,0.4222598722794214,0.5422081723451586,0.4161869675339627,0.5044962856770494,0.6370448425242946,0.5351139765139304
"s05_confirmation","Stage-AOP","LIRCMOP5","LIR-CMOP",100,50000,3,246503,"all",249,400,50000,0.305153949129853,0.3445113788487278,0.350334672021419,0.3051539491298524,0.3445113788487303,0.3503346720214193,0.3051539491298524,0.3445113788487303,0.3503346720214193,15346,17082,17372,1493,1664,1244,0.09728919588166297,0.0974124809741248,0.07160948653004835,0.6414049263651765,0.6353471490457792,0.621977895463965,0.9830465084979967,0.9810130356733168,0.9816857987086242,0.7537296393207923,0.7440460278436005,0.7674181511051689,0.06724879447413007,0.06322444678609063,0.04547547778033617,0.1273295972891959,0.131600515162159,0.09774349527976053,0.5813892871106477,0.604261796042618,0.5427124107759613,0.7014205656197054,0.6664325020489404,0.7012433801519686
"s05_confirmation","Stage-AOP","LIRCMOP5","LIR-CMOP",100,50000,4,246504,"all",249,400,50000,0.305153949129853,0.3445113788487278,0.350334672021419,0.3051539491298524,0.3445113788487303,0.3503346720214193,0.3051539491298524,0.3445113788487303,0.3503346720214193,15346,17082,17372,1586,1555,1404,0.1033494070115991,0.09103149514108418,0.08081970987796454,0.3919588166297406,0.4580259922725676,0.3878655307391204,0.9704474483176078,0.9724296103765021,0.9717207880904645,0.7474980309840822,0.7378170770552193,0.7722135209573675,0.07011599113775577,0.0639269406392694,0.05756389592447617,0.1365828228854425,0.118136049642899,0.1040755238314529,0.4332073504496285,0.4817937009717831,0.4183743955790928,0.3507102828098527,0.4342582835733521,0.3573566658991481
"s05_confirmation","Stage-AOP","LIRCMOP5","LIR-CMOP",100,50000,5,246505,"all",249,400,50000,0.305153949129853,0.3445113788487278,0.350334672021419,0.3051539491298524,0.3445113788487303,0.3503346720214193,0.3051539491298524,0.3445113788487303,0.3503346720214193,15346,17082,17372,1465,1414,956,0.09546461618662844,0.08277719236623346,0.05503108450379922,0.5052782484034928,0.4999414588455685,0.454064011052268,0.9761125326516649,0.9739247792748422,0.9731855256265773,0.7565598932359615,0.777232828928294,0.7732041638584242,0.05799556887788349,0.05760449596066034,0.03327193184434723,0.1329336634953734,0.1079498887718066,0.07679023716325122,0.5046266127981233,0.4972485657417164,0.4478471102924246,0.5059298840088623,0.5026343519494204,0.4602809118121114
"s05_confirmation","Stage-AOP","LIRCMOP6","LIR-CMOP",100,50000,1,246601,"all",249,400,50000,0.305153949129853,0.3445113788487278,0.350334672021419,0.3051539491298524,0.3445113788487303,0.3503346720214193,0.3051539491298524,0.3445113788487303,0.3503346720214193,15346,17082,17372,1270,1633,1007,0.08275772188192362,0.09559770518674628,0.0579668431959475,0.6632347191450541,0.5637513171759747,0.5678678332949574,0.9832196267252525,0.9775435999733357,0.9785764938462449,0.7676753684722012,0.7992374748333512,0.8150509885935899,0.06620617750553891,0.07247394918627795,0.04167626064932074,0.09930926625830835,0.1187214611872146,0.07425742574257425,0.7084582301576958,0.5697225149279944,0.5830071379230947,0.6180112081324124,0.557780119423955,0.5527285286668202
"s05_confirmation","Stage-AOP","LIRCMOP6","LIR-CMOP",100,50000,2,246602,"all",249,400,50000,0.305153949129853,0.3445113788487278,0.350334672021419,0.3051539491298524,0.3445113788487303,0.3503346720214193,0.3051539491298524,0.3445113788487303,0.3503346720214193,15346,17082,17372,1457,1704,1222,0.09494330770233285,0.09975412715138743,0.07034308081970987,0.5475042356314349,0.5816063692776021,0.5142182822933457,0.9764169906997918,0.9779498192928685,0.9751073436468145,0.7421335793591752,0.765881878444022,0.7725454534984398,0.06907337416916461,0.07223978456855169,0.05272852866682017,0.1208132412355011,0.1272684697342231,0.08795763297259959,0.5808679786263522,0.5975881044374195,0.5299332258807276,0.5141404926365176,0.5656246341177849,0.4985033387059636
"s05_confirmation","Stage-AOP","LIRCMOP6","LIR-CMOP",100,50000,3,246603,"all",249,400,50000,0.305153949129853,0.3445113788487278,0.350334672021419,0.3051539491298524,0.3445113788487303,0.3503346720214193,0.3051539491298524,0.3445113788487303,0.3503346720214193,15346,17082,17372,1262,2302,1381,0.08223641339762805,0.1347617375014635,0.07949574027170159,0.6500065163560537,0.7399016508605549,0.667683628827999,0.9820097085968423,0.9875443836419842,0.9837914669029278,0.8046923091711909,0.8326401662847908,0.8511420723502328,0.06816108432164733,0.1112281934199742,0.07437255353442321,0.09631174247360876,0.1582952815829528,0.08461892700897997,0.6749641600417047,0.7771923662334621,0.6900759843426203,0.6250488726704027,0.7026109354876479,0.6452912733133779
"s05_confirmation","Stage-AOP","LIRCMOP6","LIR-CMOP",100,50000,4,246604,"all",249,400,50000,0.305153949129853,0.3445113788487278,0.350334672021419,0.3051539491298524,0.3445113788487303,0.3503346720214193,0.3051539491298524,0.3445113788487303,0.3503346720214193,15346,17082,17372,1378,1786,1404,0.08979538641991398,0.1045545018147758,0.08081970987796454,0.4244102697771406,0.578386605783866,0.5055836979046742,0.9690904773216702,0.9785804201524736,0.974968782865472,0.7463298654904857,0.7775695483362163,0.7883059821005247,0.06568486902124332,0.08418218007259103,0.0664287358968455,0.1139059038185846,0.1249268235569605,0.09521068385908359,0.4695686172292454,0.5889240135815478,0.5322357817177067,0.3792519223250359,0.5678491979861843,0.4789316140916417
"s05_confirmation","Stage-AOP","LIRCMOP6","LIR-CMOP",100,50000,5,246605,"all",249,400,50000,0.305153949129853,0.3445113788487278,0.350334672021419,0.3051539491298524,0.3445113788487303,0.3503346720214193,0.3051539491298524,0.3445113788487303,0.3503346720214193,15346,17082,17372,1378,1640,1247,0.08979538641991398,0.09600749326776724,0.07178217821782178,0.6688387853512316,0.6210631073644772,0.6010246373474557,0.9833994220245161,0.9804163484809776,0.9800378070921109,0.7573384608778779,0.7756171209051204,0.7954925658398261,0.06607585038446501,0.06861023299379464,0.0516923785401796,0.113514922455363,0.1234047535417398,0.09187197789546396,0.6722272904991529,0.5912656597588104,0.5868063550541101,0.6654502802033103,0.6508605549701441,0.6152429196408012
"s05_confirmation","Stage-AOP","LIRCMOP7","LIR-CMOP",100,50000,1,246701,"all",249,400,50000,0.305153949129853,0.3445113788487278,0.350334672021419,0.3051539491298524,0.3445113788487303,0.3503346720214193,0.3051539491298524,0.3445113788487303,0.3503346720214193,15346,17082,17372,1988,1832,1757,0.1295451583474521,0.1072473949186278,0.1011397651393046,0.4779095529779747,0.4511181360496429,0.4644255123186737,0.9758955828120047,0.97154590217559,0.9734717320135253,0.767834999865227,0.7423909574435159,0.7688047008493561,0.06477257917372606,0.04823791125160988,0.03948883260419065,0.1943177375211781,0.1662568785856457,0.1627906976744186,0.4601850645119249,0.4066268586816532,0.3916647478701358,0.4956340414440245,0.4956094134176326,0.5371862767672116
"s05_confirmation","Stage-AOP","LIRCMOP7","LIR-CMOP",100,50000,2,246702,"all",249,400,50000,0.305153949129853,0.3445113788487278,0.350334672021419,0.3051539491298524,0.3445113788487303,0.3503346720214193,0.3051539491298524,0.3445113788487303,0.3503346720214193,15346,17082,17372,1640,1559,1420,0.1068682392805943,0.09126565975881044,0.08174073221275616,0.4450019549068161,0.4651680131132186,0.4132512088418144,0.9739952808829029,0.9724887467374903,0.971175157372049,0.7665824655758922,0.7468948105188744,0.7683802020590836,0.06594552326339111,0.05198454513523006,0.0391434492286438,0.1477909552977975,0.1305467743823908,0.1243380151968685,0.4238237977323081,0.428872497365648,0.3535574487681326,0.4661801120813241,0.5014635288607892,0.4729449689154962
"s05_confirmation","Stage-AOP","LIRCMOP7","LIR-CMOP",100,50000,3,246703,"all",249,400,50000,0.305153949129853,0.3445113788487278,0.350334672021419,0.3051539491298524,0.3445113788487303,0.3503346720214193,0.3051539491298524,0.3445113788487303,0.3503346720214193,15346,17082,17372,1591,1618,1349,0.1036752248142839,0.09471958787027281,0.07765369560211835,0.4056431643424997,0.4365999297506147,0.3932765369560212,0.9712519010463043,0.971086565446363,0.9700470193929644,0.7672988089953754,0.7467561152485928,0.7675391967533606,0.05982014857291802,0.0547945205479452,0.03753166014275846,0.1475303010556497,0.1346446551926004,0.1177757310614782,0.4036230939658543,0.4020606486359911,0.3349067464886024,0.4076632347191451,0.4711392108652382,0.45164632742344
"s05_confirmation","Stage-AOP","LIRCMOP7","LIR-CMOP",100,50000,4,246704,"all",249,400,50000,0.305153949129853,0.3445113788487278,0.350334672021419,0.3051539491298524,0.3445113788487303,0.3503346720214193,0.3051539491298524,0.3445113788487303,0.3503346720214193,15346,17082,17372,1591,1626,1265,0.1036752248142839,0.09518791710572533,0.07281832834446235,0.5844519744558843,0.5667369160519845,0.5098434262030854,0.9805068923960165,0.9775500624870849,0.9760635042022527,0.7674860870955158,0.7649307730371173,0.787390272365356,0.0719405708327903,0.05701908441634469,0.04340317752705503,0.1354098787957774,0.1333567497951059,0.1022334791618697,0.5419001694252574,0.5110642781875658,0.4377158646097168,0.6270037794865111,0.6224095539164032,0.5819709877964541
"s05_confirmation","Stage-AOP","LIRCMOP7","LIR-CMOP",100,50000,5,246705,"all",249,400,50000,0.305153949129853,0.3445113788487278,0.350334672021419,0.3051539491298524,0.3445113788487303,0.3503346720214193,0.3051539491298524,0.3445113788487303,0.3503346720214193,15346,17082,17372,1698,1821,1512,0.1106477257917373,0.1066034422198806,0.08703661063780797,0.3499934836439463,0.4078562229247161,0.3185010361501266,0.9664973668983968,0.9673971992117241,0.9643238845140502,0.7514145564327606,0.7336093902508907,0.7472032549218207,0.05617098918284895,0.05877531904929165,0.03971908818788856,0.1651244624006256,0.1544315653904695,0.1343541330877274,0.3825101003518832,0.4052218709752956,0.321206539258577,0.3174768669360094,0.4104905748741365,0.3157955330416762
"s05_confirmation","Stage-AOP","LIRCMOP8","LIR-CMOP",100,50000,1,246801,"all",249,400,50000,0.305153949129853,0.3445113788487278,0.350334672021419,0.3051539491298524,0.3445113788487303,0.3503346720214193,0.3051539491298524,0.3445113788487303,0.3503346720214193,15346,17082,17372,1538,1524,1020,0.1002215561058256,0.08921671935370566,0.05871517384296569,0.4915287371301968,0.4902821683643602,0.4387520147363573,0.9744804004615092,0.9748751184499495,0.9721650720378318,0.7543845776157897,0.7688820678592218,0.7826658227937825,0.06242669099439593,0.06064863599110174,0.03707114897536265,0.1380164212172553,0.1177848027163096,0.08035919871056874,0.4948520787175811,0.486125746399719,0.4024867603039374,0.4882053955428124,0.4944385903290013,0.4750172691687773
"s05_confirmation","Stage-AOP","LIRCMOP8","LIR-CMOP",100,50000,2,246802,"all",249,400,50000,0.305153949129853,0.3445113788487278,0.350334672021419,0.3051539491298524,0.3445113788487303,0.3503346720214193,0.3051539491298524,0.3445113788487303,0.3503346720214193,15346,17082,17372,1457,1577,1082,0.09494330770233285,0.09231940053857862,0.06228413539028321,0.5230027368695426,0.4933848495492331,0.4607989868754317,0.9764737564417367,0.9752929449162507,0.9735686577410417,0.772813097341923,0.7861143211161946,0.8044649660621772,0.06138407402580477,0.05795574288724974,0.03591987105687313,0.1285025413788609,0.1266830581899075,0.0886483997236933,0.4882053955428124,0.4565039222573469,0.3893621920331568,0.5578000781962726,0.5302657768411193,0.5322357817177067
"s05_confirmation","Stage-AOP","LIRCMOP8","LIR-CMOP",100,50000,3,246803,"all",249,400,50000,0.305153949129853,0.3445113788487278,0.350334672021419,0.3051539491298524,0.3445113788487303,0.3503346720214193,0.3051539491298524,0.3445113788487303,0.3503346720214193,15346,17082,17372,1479,1639,1070,0.09637690603414571,0.09594895211333568,0.0615933686391895,0.6068682392805943,0.5184990048003747,0.5113976513930463,0.9807166420837676,0.9760296928370412,0.9754352816151091,0.7691168059886426,0.782226672664601,0.8068607423298565,0.06151440114687867,0.06404402294813254,0.03925857702049275,0.1312394109214128,0.1278538812785388,0.08392816025788626,0.5975498501238108,0.4802716309565624,0.470987796454064,0.6161866284373778,0.5567263786441868,0.5518075063320286
"s05_confirmation","Stage-AOP","LIRCMOP8","LIR-CMOP",100,50000,4,246804,"all",249,400,50000,0.305153949129853,0.3445113788487278,0.350334672021419,0.3051539491298524,0.3445113788487303,0.3503346720214193,0.3051539491298524,0.3445113788487303,0.3503346720214193,15346,17082,17372,1619,1356,1034,0.1054998045093184,0.07938180540920267,0.05952106838590836,0.4362048742343282,0.4844280529212036,0.383951185816256,0.9720353052880222,0.9753262753375592,0.9698648281759679,0.753024259383632,0.7618214031174293,0.772129378757403,0.06594552326339111,0.05139913359091441,0.03684089339166475,0.1450540857552457,0.1073644772274909,0.08220124338015197,0.4320344063599635,0.4692658939234282,0.357471793690997,0.4403753421086928,0.4995902119189791,0.4104305779415151
"s05_confirmation","Stage-AOP","LIRCMOP8","LIR-CMOP",100,50000,5,246805,"all",249,400,50000,0.305153949129853,0.3445113788487278,0.350334672021419,0.3051539491298524,0.3445113788487303,0.3503346720214193,0.3051539491298524,0.3445113788487303,0.3503346720214193,15346,17082,17372,1334,1557,1006,0.08692818975628828,0.09114857744994731,0.05790927930002303,0.4731526130587775,0.4392928228544667,0.4050195717246143,0.9731309857367589,0.9736762726753959,0.9709976736167588,0.7684186927955989,0.7961171253864362,0.8057088864998035,0.05343411964029714,0.05772157826952348,0.03810729910200322,0.1204222598722794,0.1245755766303712,0.07771125949804283,0.4957643685650984,0.4532256176091792,0.3973060096707345,0.4505408575524567,0.4253600280997542,0.4127331337784941
"s05_confirmation","Stage-AOP","LIRCMOP9","LIR-CMOP",100,50000,1,246901,"all",249,400,50000,0.305153949129853,0.3445113788487278,0.350334672021419,0.3051539491298524,0.3445113788487303,0.3503346720214193,0.3051539491298524,0.3445113788487303,0.3503346720214193,15346,17082,17372,1763,3423,2307,0.1148833572266389,0.2003863716192483,0.1327999078977665,0.6754203049654633,0.6574757054209109,0.7272622611098319,0.9166530173264951,0.9164630864596717,0.9383696366605881,0.8171637526379298,0.8517688286229261,0.8271190061059811,0.1085624918545549,0.1513874253600281,0.1287128712871287,0.1212042225987228,0.2493853178784686,0.1368869445084043,0.8526000260654242,0.7718065800257581,0.8511397651393047,0.4982405838655024,0.5431448308160637,0.6033847570803592
"s05_confirmation","Stage-AOP","LIRCMOP9","LIR-CMOP",100,50000,2,246902,"all",249,400,50000,0.305153949129853,0.3445113788487278,0.350334672021419,0.3051539491298524,0.3445113788487303,0.3503346720214193,0.3051539491298524,0.3445113788487303,0.3503346720214193,15346,17082,17372,1834,3440,2511,0.1195099700247622,0.2013815712445849,0.1445429426663597,0.6502020070376645,0.632946961714085,0.708784250518075,0.9077524896193037,0.9104530967901171,0.9310382352738718,0.8544929907018979,0.8603541793840327,0.8679792104658203,0.1153395021503975,0.1609881746868048,0.1353902832143679,0.1236804378991268,0.2417749678023651,0.1536956021183514,0.8257526391242017,0.7308277719236623,0.8345613631130555,0.4746513749511273,0.5350661515045076,0.5830071379230947
"s05_confirmation","Stage-AOP","LIRCMOP9","LIR-CMOP",100,50000,3,246903,"all",249,400,50000,0.305153949129853,0.3445113788487278,0.350334672021419,0.3051539491298524,0.3445113788487303,0.3503346720214193,0.3051539491298524,0.3445113788487303,0.3503346720214193,15346,17082,17372,1915,3549,2530,0.1247882184282549,0.2077625570776256,0.1456366566889247,0.6542421477909554,0.6304296920735277,0.6949113516002763,0.9031445997206552,0.9058442629364245,0.9233820398041184,0.855683707494006,0.874215147149122,0.8728629042333903,0.1265476345627525,0.1724622409553916,0.1495510016117891,0.1230288022937573,0.2430628731998595,0.1417223117660603,0.844128763195621,0.7461655543847324,0.8366336633663366,0.4643555323862896,0.5146938297623229,0.553189039834216
"s05_confirmation","Stage-AOP","LIRCMOP9","LIR-CMOP",100,50000,4,246904,"all",249,400,50000,0.305153949129853,0.3445113788487278,0.350334672021419,0.3051539491298524,0.3445113788487303,0.3503346720214193,0.3051539491298524,0.3445113788487303,0.3503346720214193,15346,17082,17372,1549,3267,2075,0.100938355271732,0.1912539515279241,0.119445084043288,0.6429036882575264,0.6568317527221637,0.6975017269168777,0.8958211779239709,0.9138231072462527,0.9217297868009883,0.8527631470365176,0.8762664776729602,0.8668547542472977,0.09409618141535253,0.1560707177145533,0.1089108910891089,0.1077805291281116,0.2264371853412949,0.1299792769974672,0.8455623615274339,0.7759044608359676,0.8534423209762837,0.4402450149876189,0.5377590446083597,0.5415611328574718
"s05_confirmation","Stage-AOP","LIRCMOP9","LIR-CMOP",100,50000,5,246905,"all",249,400,50000,0.305153949129853,0.3445113788487278,0.350334672021419,0.3051539491298524,0.3445113788487303,0.3503346720214193,0.3051539491298524,0.3445113788487303,0.3503346720214193,15346,17082,17372,1999,3498,2701,0.1302619575133585,0.2047769582016157,0.1554800828920101,0.6747686693600938,0.6550169769347851,0.7144255123186737,0.9137868763234073,0.9126416150263076,0.9324610760565325,0.8354313700148732,0.8532587181531732,0.8511752761812971,0.1264173074416786,0.1695351832338134,0.15933686391895,0.1341066075850385,0.2400187331694181,0.1516233018650702,0.8309657239671575,0.771689497716895,0.8445774810039144,0.5185716147530302,0.5383444561526753,0.5842735436334331
"s05_confirmation","Survival-Credit-AOP","CF10","CF",100,50000,1,256001,"all",249,400,50000,0.3955153914173657,0.1821444701287921,0.4223401384538422,0.3955153914173659,0.182144470128792,0.4223401384538425,0.3955153914173659,0.182144470128792,0.4223401384538425,19704,9072,21024,3389,714,3721,0.1719955339017459,0.07870370370370371,0.176988203957382,0.5585667884693464,0.5365961199294532,0.7294520547945206,0.6633488426725636,0.6078104157355163,0.7920196801119614,0.5777873445171463,0.5367036302212046,0.5799656727269882,0.177324401136825,0.07892416225749559,0.1757990867579909,0.1666666666666667,0.07848324514991181,0.1781773211567732,0.6272838002436053,0.5667989417989417,0.7798706240487062,0.4898497766950873,0.5063932980599647,0.6790334855403348
"s05_confirmation","Survival-Credit-AOP","CF10","CF",100,50000,2,256002,"all",249,400,50000,0.4781169690332464,0.1590270279344072,0.3628560030323465,0.4781169690332459,0.1590270279344072,0.3628560030323466,0.4781169690332459,0.1590270279344072,0.3628560030323466,23812,7920,18068,3575,416,2004,0.1501343860238535,0.05252525252525252,0.1109143236661501,0.481689904249958,0.4297979797979798,0.5781492140801416,0.6331606127171167,0.5462886843592466,0.688649649780826,0.5934271715732204,0.5319949117693901,0.5897817175180746,0.1521081807492021,0.05530303030303031,0.1117998671684746,0.148160591298505,0.04974747474747475,0.1100287801638255,0.5781118763648581,0.4742424242424242,0.6383661722382112,0.3852679321350579,0.3853535353535353,0.5179322559220721
"s05_confirmation","Survival-Credit-AOP","CF10","CF",100,50000,3,256003,"all",249,400,50000,0.4193828035277588,0.1830065743512402,0.3976106221210011,0.4193828035277585,0.1830065743512402,0.3976106221210011,0.4193828035277585,0.1830065743512402,0.3976106221210011,20904,9094,19802,3443,703,3265,0.1647053195560658,0.07730371673630966,0.1648823351176649,0.5002870264064294,0.4729491972729272,0.6632158367841632,0.6250087437893179,0.567190096368607,0.7429508136340985,0.574960480667135,0.5316225329411152,0.579616690051542,0.1663796402602373,0.07719375412359798,0.1739218260781739,0.1630309988518944,0.07741367934902134,0.1558428441571559,0.5896479142747799,0.525621288761821,0.7351782648217352,0.4109261385380789,0.4202771057840334,0.5912534087465913
"s05_confirmation","Survival-Credit-AOP","CF10","CF",100,50000,4,256004,"all",249,400,50000,0.5174845287774062,0.1508859948123304,0.3316294764102632,0.5174845287774062,0.1508859948123304,0.331629476410263,0.5174845287774062,0.1508859948123304,0.331629476410263,25786,7514,16500,3368,350,1564,0.130613511207632,0.04657971785999468,0.09478787878787878,0.4637787946947956,0.3252595155709342,0.512,0.6169405307016169,0.4871958602667585,0.635170592941654,0.6072458727403397,0.5384312736639206,0.5932811428770258,0.1344140231133173,0.05270162363587969,0.1019393939393939,0.1268129993019468,0.04045781208410966,0.08763636363636364,0.594818893973474,0.402448762310354,0.6099393939393939,0.3327386954161173,0.2480702688315145,0.4140606060606061
"s05_confirmation","Survival-Credit-AOP","CF10","CF",100,50000,5,256005,"all",249,400,50000,0.3976126993920252,0.1841375782043877,0.4182497224035872,0.3976126993920248,0.1841375782043878,0.418249722403587,0.3976126993920248,0.1841375782043878,0.418249722403587,19806,9158,20836,3542,754,3655,0.178834696556599,0.08233238698405765,0.1754175465540411,0.5886095122690094,0.5369076217514741,0.7510558648492993,0.6865399063567028,0.6035563831614678,0.8017972176974043,0.5699256188035493,0.5305674477176251,0.576690978209182,0.1736847419973745,0.08102205721773313,0.1755615281244001,0.1839846511158235,0.08364271675038218,0.1752735649836821,0.6474805614460265,0.568246341996069,0.8016893837588789,0.5297384630919924,0.5055689015068793,0.7004223459397197
"s05_confirmation","Survival-Credit-AOP","CF1","CF",100,50000,1,255101,"all",249,400,50000,0.221467001867046,0.4856456584116384,0.2928873397213156,0.2214670018670459,0.4856456584116384,0.2928873397213157,0.2214670018670459,0.4856456584116384,0.2928873397213157,11030,24180,14590,972,3854,1546,0.08812330009066183,0.1593879239040529,0.1059629883481837,0.2759746146872167,0.1323407775020678,0.2600411240575737,0.7872647139478669,0.7495005536135367,0.7785885045830743,0.5940812997023414,0.6392121857454799,0.605459919271174,0.09301903898458749,0.1889991728701406,0.1418779986291981,0.08322756119673617,0.1297766749379653,0.07004797806716929,0.3671804170444243,0.2303556658395368,0.3511994516792323,0.1847688123300091,0.03432588916459884,0.168882796435915
"s05_confirmation","Survival-Credit-AOP","CF1","CF",100,50000,2,255102,"all",249,400,50000,0.2217473697935846,0.4683720157891725,0.3098806144172429,0.2217473697935846,0.4683720157891722,0.3098806144172429,0.2217473697935846,0.4683720157891722,0.3098806144172429,11064,23340,15396,947,3499,1688,0.08559291395516992,0.1499143101970865,0.1096388672382437,0.2647324656543745,0.1277634961439589,0.2676019745388413,0.7837967500368676,0.7470048005472349,0.7800929865167069,0.5933664346047005,0.6391689318248345,0.6058249303463253,0.08839479392624729,0.1747215081405313,0.1536762795531307,0.08279103398409256,0.1251071122536418,0.06560145492335671,0.3505061460592914,0.2184233076263924,0.3613925694985711,0.1789587852494577,0.03710368466152528,0.1738113795791115
"s05_confirmation","Survival-Credit-AOP","CF1","CF",100,50000,3,255103,"all",249,400,50000,0.214963762493899,0.4740295078106181,0.3110067296954829,0.2149637624938989,0.4740295078106182,0.3110067296954828,0.2149637624938989,0.4740295078106182,0.3110067296954828,10716,23604,15480,889,3666,1716,0.08296005972377753,0.1553126588713777,0.1108527131782946,0.2649309443822322,0.1293424843246907,0.2563953488372093,0.7845626541687672,0.7395810125288006,0.7748322630271449,0.5906115369977846,0.6349070087141246,0.6028034175502835,0.08286674132138858,0.1775122860532113,0.1503875968992248,0.08305337812616648,0.1331130316895441,0.07131782945736434,0.3404255319148936,0.2242840196576851,0.3425064599483204,0.1894363568495707,0.03440094899169632,0.1702842377260982
"s05_confirmation","Survival-Credit-AOP","CF1","CF",100,50000,4,255104,"all",249,400,50000,0.2035439963953137,0.4923581670728194,0.3040978365318669,0.2035439963953138,0.4923581670728194,0.3040978365318669,0.2035439963953138,0.4923581670728194,0.3040978365318669,10128,24518,15154,840,4008,1695,0.08293838862559241,0.1634717350517987,0.1118516563283622,0.2621445497630332,0.1295374826657966,0.2583476309885179,0.7823678477274014,0.7432843521063691,0.778143499680934,0.590320315453799,0.6338456418763252,0.601144985290735,0.08649289099526067,0.1914511787258341,0.1565263296819322,0.07938388625592417,0.1354922913777633,0.06717698297479213,0.3503159557661927,0.232237539766702,0.3552857331397651,0.1739731437598736,0.0268374255648911,0.1614095288372707
"s05_confirmation","Survival-Credit-AOP","CF1","CF",100,50000,5,255105,"all",249,400,50000,0.2283635966653157,0.4720627155215696,0.2995736878131147,0.2283635966653156,0.4720627155215698,0.2995736878131147,0.2283635966653156,0.4720627155215698,0.2995736878131147,11382,23520,14898,944,3572,1616,0.08293797223686522,0.1518707482993197,0.1084709356960666,0.2635740643120717,0.1247448979591837,0.2598335347026446,0.7806608290508074,0.743363147339432,0.7768173100794402,0.5933280834674353,0.6374502685638639,0.6048061152663675,0.07836935512212265,0.1727891156462585,0.1490132903745469,0.08750658935160781,0.130952380952381,0.06792858101758625,0.3545949745211738,0.2163265306122449,0.3564236810310109,0.1725531541029696,0.03316326530612245,0.1632433883742784
"s05_confirmation","Survival-Credit-AOP","CF2","CF",100,50000,1,255201,"all",249,400,50000,0.5283843973826379,0.2420914157132986,0.2295241869040636,0.5283843973826376,0.2420914157132987,0.2295241869040635,0.5283843973826376,0.2420914157132987,0.2295241869040635,26316,12054,11430,2073,445,624,0.07877336981304149,0.03691720590675295,0.05459317585301837,0.7851497188022496,0.8442010950721752,0.8356955380577428,0.9907384982574731,0.9934172430476529,0.992435436294666,0.7414642192770501,0.642823401978856,0.6993715315897293,0.09043927648578812,0.03633648581383773,0.057917760279965,0.06710746314029488,0.03749792599966816,0.05126859142607174,0.8774889800881593,0.8898291023726563,0.8705161854768154,0.6928104575163399,0.798573087771694,0.8008748906386701
"s05_confirmation","Survival-Credit-AOP","CF2","CF",100,50000,2,255202,"all",249,400,50000,0.526122007091976,0.2633313726278362,0.2105466202801877,0.526122007091976,0.2633313726278363,0.2105466202801878,0.526122007091976,0.2633313726278363,0.2105466202801878,26206,13110,10484,1930,532,475,0.07364725635350683,0.04057971014492753,0.04530713468141931,0.7921468366023048,0.8700228832951945,0.8464326592903472,0.9907374309453115,0.994027874720975,0.9928272374672636,0.7362109214739878,0.635337440772172,0.6934337836386355,0.07700526596962527,0.04012204424103737,0.04597481877146128,0.07028924673738839,0.04103737604881769,0.04463945059137734,0.87819583301534,0.9177726926010679,0.876001526135063,0.7060978401892697,0.8222730739893211,0.8168637924456315
"s05_confirmation","Survival-Credit-AOP","CF2","CF",100,50000,3,255203,"all",249,400,50000,0.5401096173653352,0.2629418568640117,0.196948525770653,0.5401096173653354,0.2629418568640117,0.1969485257706531,0.5401096173653354,0.2629418568640117,0.1969485257706531,26902,13082,9816,1790,449,370,0.06653780388075237,0.03432196911787189,0.03769356153219234,0.829008995613709,0.88266320134536,0.8732681336593318,0.9923810312139246,0.9946603781636648,0.9939826133712596,0.7252469958399622,0.6414212417678252,0.6781761707382152,0.06891680915917033,0.03470417367375019,0.03911980440097799,0.06415879860233439,0.03393976456199358,0.03626731866340668,0.9055832280127871,0.8925240788870203,0.8971067644661777,0.7524347632146309,0.8728023238036997,0.8494295028524858
"s05_confirmation","Survival-Credit-AOP","CF2","CF",100,50000,4,255204,"all",249,400,50000,0.5228115059935937,0.260463165342133,0.2167253286642731,0.5228115059935939,0.2604631653421332,0.2167253286642733,0.5228115059935939,0.2604631653421332,0.2167253286642733,26040,12978,10782,2049,533,500,0.07868663594470046,0.04106950223455078,0.04637358560563903,0.7834485407066052,0.8871166589613192,0.8491930996104619,0.9907511278698324,0.9952669100161873,0.9932357489563926,0.7431403162678741,0.625596089045003,0.6875633123972474,0.08095238095238096,0.04469101556480197,0.04822852902986459,0.07642089093701997,0.03744798890429958,0.04451864218141346,0.8840245775729647,0.9334257975034674,0.8766462622890002,0.6828725038402458,0.840807520419171,0.8217399369319236
"s05_confirmation","Survival-Credit-AOP","CF2","CF",100,50000,5,255205,"all",249,400,50000,0.5114211423811934,0.2803725151383414,0.2082063424804653,0.511421142381193,0.2803725151383413,0.2082063424804654,0.511421142381193,0.2803725151383413,0.2082063424804654,25474,13950,10376,1976,556,457,0.07756928633116118,0.03985663082437276,0.04404394757131843,0.7899426866609092,0.8442293906810036,0.8524479568234387,0.9910966461395845,0.9935303502610555,0.9933364710299322,0.7438318338683895,0.6526422386026831,0.6947713806512434,0.07968909476328806,0.0421505376344086,0.04722436391673092,0.07544947789903431,0.03756272401433692,0.04086353122590593,0.8924393499254142,0.8962007168458781,0.8943716268311488,0.6874460233964041,0.792258064516129,0.8105242868157286
"s05_confirmation","Survival-Credit-AOP","CF3","CF",100,50000,1,255301,"all",249,400,50000,0.4754629083465826,0.2289415713237956,0.2955955203296218,0.4754629083465824,0.2289415713237953,0.2955955203296215,0.4754629083465824,0.2289415713237953,0.2955955203296215,23698,11388,14714,2068,418,892,0.08726474808000675,0.0367053038285915,0.06062253635992932,0.9689003291416998,0.97980330172111,0.9599700965067283,0.9943436657109052,0.9966428212606053,0.9925154798401096,0.8680792600560923,0.658680254387938,0.7568027494855909,0.08785551523335303,0.03898840885142255,0.06035068642109555,0.08667398092666048,0.03442219880576045,0.06089438629876309,0.9721495484851043,0.9826132771338251,0.9627565583797744,0.9656511097982952,0.9769933263083947,0.9571836346336822
"s05_confirmation","Survival-Credit-AOP","CF3","CF",100,50000,2,255302,"all",249,400,50000,0.5021667117871114,0.1332873154704325,0.3645459727424562,0.5021667117871113,0.1332873154704325,0.3645459727424562,0.5021667117871113,0.1332873154704325,0.3645459727424562,24996,6650,18154,3595,258,1941,0.1438230116818691,0.03879699248120301,0.1069185854357166,0.9107857257161146,0.96,0.8920898975432412,0.981694032176523,0.9925701050065012,0.9776444422071657,0.8661200666674173,0.7433233543427816,0.8263104238768104,0.1234597535605697,0.03398496240601503,0.09298226286217913,0.1641862698031685,0.04360902255639098,0.1208549080092542,0.9343094895183229,0.9735338345864661,0.9259667290955161,0.8872619619139063,0.9464661654135338,0.8582130659909661
"s05_confirmation","Survival-Credit-AOP","CF3","CF",100,50000,3,255303,"all",249,400,50000,0.4669881635643633,0.2888470495185882,0.2441647869170485,0.4669881635643635,0.2888470495185883,0.2441647869170487,0.4669881635643635,0.2888470495185883,0.2441647869170487,23246,14390,12164,1990,656,649,0.08560612578508131,0.04558721334259903,0.05335415981585005,0.9822765206917319,0.9858929812369701,0.9787076619533048,0.9973202361908491,0.9977964584932715,0.9965185078089244,0.8530562806906852,0.7249699258544502,0.7933929691343424,0.08672459778026327,0.04656011118832522,0.05277869121999342,0.08448765378989934,0.04461431549687283,0.05392962841170668,0.9833949926869139,0.9883252258512856,0.97977638934561,0.98115804869655,0.9834607366226547,0.9776389345609997
"s05_confirmation","Survival-Credit-AOP","CF3","CF",100,50000,4,255304,"all",249,400,50000,0.4881620753000391,0.1279105495793589,0.383927375120602,0.488162075300039,0.127910549579359,0.383927375120602,0.488162075300039,0.127910549579359,0.383927375120602,24316,6360,19124,3484,259,2137,0.1432801447606514,0.04072327044025157,0.1117444049362058,0.902985688435598,0.95,0.8752353064212508,0.9778975072535361,0.9893676704222527,0.9703967025105923,0.8676771741480126,0.7318396963904731,0.8205885656796119,0.1278170751768383,0.03836477987421383,0.09548211671198494,0.1587432143444646,0.04308176100628931,0.1280066931604267,0.9277841750287876,0.9691823899371069,0.917695042878059,0.8781872018424083,0.9308176100628931,0.8327755699644426
"s05_confirmation","Survival-Credit-AOP","CF3","CF",100,50000,5,255305,"all",249,400,50000,0.4710082220093222,0.139805210961667,0.3891865670290109,0.4710082220093222,0.1398052109616671,0.3891865670290107,0.4710082220093222,0.1398052109616671,0.3891865670290107,23468,6948,19384,3338,293,2238,0.1422362365774672,0.04217040875071963,0.1154560462236896,0.918399522754389,0.9444444444444444,0.8976991333058192,0.9815533583167377,0.9901202925566686,0.9765363843191533,0.870986311887387,0.7355270347329698,0.8277553314386985,0.1307312084540651,0.03857225100748417,0.1022492777548494,0.1537412647008693,0.0457685664939551,0.1286628146925299,0.9376171808419976,0.959412780656304,0.925402393726785,0.8991818646667803,0.9294761082325849,0.8699958728848535
"s05_confirmation","Survival-Credit-AOP","CF4","CF",100,50000,1,255401,"all",249,400,50000,0.4800887848784046,0.2529191609651321,0.2669920541564634,0.4800887848784043,0.252919160965132,0.2669920541564634,0.4800887848784043,0.252919160965132,0.2669920541564634,23916,12590,13294,2265,509,837,0.09470647265429001,0.04042891183478951,0.06296073416578908,0.7457768857668506,0.7698173153296267,0.7806529261320897,0.9885280590707992,0.9901296538059977,0.9901826175652201,0.8687248469031336,0.7065619231141319,0.7936265977792983,0.09357752132463623,0.03701350277998412,0.06168196178727246,0.0958354239839438,0.04384432088959492,0.0642395065443057,0.8710486703462117,0.8393963463065925,0.8471490898149541,0.6205051011874896,0.7002382843526609,0.7141567624492252
"s05_confirmation","Survival-Credit-AOP","CF4","CF",100,50000,2,255402,"all",249,400,50000,0.49518539082585,0.2682157550093558,0.2365988541647943,0.4951853908258499,0.2682157550093557,0.2365988541647942,0.4951853908258499,0.2682157550093557,0.2365988541647942,24674,13358,11768,2084,529,713,0.08446137634757234,0.03960173678694415,0.06058803535010197,0.7447110318553943,0.4577781104955831,0.6469238613188307,0.9891543536687606,0.9828412092245388,0.9876566772315477,0.846362535481003,0.7194239925972074,0.7671376818572526,0.08008429926238145,0.03847881419374158,0.05608429639700883,0.08883845343276323,0.04072465938014673,0.0650917743031951,0.872821593580287,0.5180416229974547,0.7075118966689327,0.6166004701305018,0.3975145979937116,0.5863358259687288
"s05_confirmation","Survival-Credit-AOP","CF4","CF",100,50000,3,255403,"all",249,400,50000,0.500345098414137,0.2107635255288368,0.2888913760570261,0.500345098414137,0.2107635255288367,0.2888913760570262,0.500345098414137,0.2107635255288367,0.2888913760570262,24922,10516,14362,2266,407,1002,0.09092368188748896,0.03870292887029288,0.06976744186046512,0.748776181686863,0.7797641688855078,0.7862414705472776,0.9886076150223542,0.9904309800955882,0.9901094902825945,0.86720220915547,0.7015110807266888,0.7967604093487349,0.09164593531819276,0.03651578546976036,0.07004595460242306,0.09020142845678517,0.04089007227082541,0.06948892911850717,0.8575555733889736,0.8408139977177634,0.8528060158752263,0.6399967899847524,0.7187143400532522,0.7196769252193288
"s05_confirmation","Survival-Credit-AOP","CF4","CF",100,50000,4,255404,"all",249,400,50000,0.5540810299224794,0.2052442820439704,0.2406746880335502,0.5540810299224799,0.2052442820439703,0.24067468803355,0.5540810299224799,0.2052442820439703,0.24067468803355,27588,10220,11992,2435,314,577,0.08826301290416123,0.03072407045009785,0.04811541027351568,0.7310424822386545,0.7250489236790607,0.7633422281521014,0.9880914433517558,0.9887570316629772,0.9899873967904173,0.8241293097422046,0.7003788551817205,0.7520485774193726,0.08684935479193852,0.03209393346379648,0.05103402268178786,0.08967667101638394,0.02935420743639922,0.0451967978652435,0.8506597071190373,0.7964774951076321,0.8363909272848565,0.6114252573582717,0.6536203522504892,0.6902935290193463
"s05_confirmation","Survival-Credit-AOP","CF4","CF",100,50000,5,255405,"all",249,400,50000,0.5543788351742357,0.2363773813437249,0.2092437834820393,0.5543788351742358,0.2363773813437249,0.2092437834820393,0.5543788351742358,0.2363773813437249,0.2092437834820393,27632,11756,10412,2133,391,461,0.07719310943833237,0.03325961211296359,0.04427583557433731,0.7505066589461494,0.6026709765226267,0.7160007683442182,0.9897738820020543,0.9849569635466073,0.9894992778183427,0.8219776461494516,0.7125767654520031,0.7561929844124577,0.07614360162130862,0.03215379380741749,0.04686899731079524,0.07824261725535611,0.03436543041850969,0.04168267383787937,0.8328025477707006,0.6304865600544403,0.7604686899731079,0.6682107701215981,0.5748553929908132,0.6715328467153284
"s05_confirmation","Survival-Credit-AOP","CF5","CF",100,50000,1,255501,"all",249,400,50000,0.506041410167242,0.2617653286241023,0.2321932612086556,0.506041410167242,0.2617653286241023,0.2321932612086557,0.506041410167242,0.2617653286241023,0.2321932612086557,25208,13032,11560,2203,476,609,0.08739289114566805,0.03652547575199509,0.05268166089965398,0.982148524278007,0.9849600982197667,0.9737889273356402,0.9961626123660065,0.9952665730877051,0.9931504237934347,0.7077293793188343,0.627246367775275,0.6597106355775281,0.0853697238971755,0.03606507059545733,0.0486159169550173,0.08941605839416059,0.03698588090853284,0.05674740484429066,0.9902411932719771,0.9886433394720687,0.9840830449826989,0.9740558552840368,0.9812768569674647,0.9634948096885814
"s05_confirmation","Survival-Credit-AOP","CF5","CF",100,50000,2,255502,"all",249,400,50000,0.3360076473308549,0.3287162923192866,0.3352760603498586,0.3360076473308549,0.3287162923192866,0.3352760603498587,0.3360076473308549,0.3287162923192866,0.3352760603498587,16732,16368,16700,1882,996,1257,0.1124790819985656,0.06085043988269795,0.07526946107784431,0.8808271575424337,0.8527003910068426,0.8949101796407186,0.9775111699841452,0.9749790147853946,0.978285960525248,0.773942230008197,0.7397725649140504,0.7882676798901695,0.1141525221133158,0.06439393939393939,0.07604790419161676,0.1108056418838154,0.0573069403714565,0.07449101796407186,0.9147740855845087,0.8690127077223851,0.9198802395209581,0.8468802295003586,0.8363880742913001,0.869940119760479
"s05_confirmation","Survival-Credit-AOP","CF5","CF",100,50000,3,255503,"all",249,400,50000,0.4040510598647504,0.285555098313566,0.3103938418216836,0.4040510598647504,0.2855550983135659,0.3103938418216836,0.4040510598647504,0.2855550983135659,0.3103938418216836,20110,14226,15464,1769,599,937,0.08796618597712581,0.04210600309292844,0.06059234350750129,0.8898557931377424,0.8915366230844932,0.8920719089498189,0.9816972962797141,0.9801959028596775,0.9758971250774986,0.728718457164537,0.7251230066575426,0.7423277489990345,0.08950770760815514,0.04091100801349642,0.05781169167097776,0.08642466434609647,0.04330099817236047,0.06337299534402484,0.9185479860765788,0.8927316181639252,0.8980858768753234,0.861163600198906,0.8903416280050611,0.8860579410243146
"s05_confirmation","Survival-Credit-AOP","CF5","CF",100,50000,4,255504,"all",249,400,50000,0.3573204443257557,0.3250304101593065,0.3176491455149377,0.3573204443257559,0.3250304101593065,0.3176491455149378,0.3573204443257559,0.3250304101593065,0.3176491455149378,17802,16186,15812,1697,692,940,0.09532636782384002,0.04275299641665637,0.05944852011130787,0.9509605662285137,0.9139379710861238,0.9509233493549203,0.9913819175951241,0.9819862380955356,0.9881191762288598,0.736173094578819,0.8048589140620023,0.8239677135340195,0.09583192899674194,0.04287655999011492,0.05717176827725778,0.0948208066509381,0.04262943284319783,0.06172527194535796,0.9575328614762386,0.918077350796985,0.9547179357450037,0.9443882709807887,0.9097985913752625,0.9471287629648368
"s05_confirmation","Survival-Credit-AOP","CF5","CF",100,50000,5,255505,"all",249,400,50000,0.3717562318165498,0.2769358381983235,0.3513079299851267,0.3717562318165497,0.2769358381983236,0.3513079299851267,0.3717562318165497,0.2769358381983236,0.3513079299851267,18520,13784,17496,1762,584,1174,0.09514038876889849,0.04236796285548462,0.0671010516689529,0.9233801295896328,0.9140307603017992,0.926954732510288,0.9837091584690744,0.9832044891955873,0.9809741927969058,0.7477471366526779,0.7527147556248666,0.7855953212048574,0.09254859611231102,0.04556006964596634,0.06275720164609054,0.09773218142548597,0.0391758560650029,0.07144490169181528,0.9544276457883369,0.9284677887405688,0.9453589391860997,0.8923326133909287,0.8995937318630296,0.9085505258344765
"s05_confirmation","Survival-Credit-AOP","CF6","CF",100,50000,1,255601,"all",249,400,50000,0.4452451486142787,0.2307230287437271,0.3240318226419943,0.4452451486142787,0.230723028743727,0.3240318226419942,0.4452451486142787,0.230723028743727,0.3240318226419942,22178,11488,16134,1807,448,988,0.08147713950762016,0.03899721448467967,0.06123713896119995,0.8595454955361169,0.9015494428969359,0.9086401388372382,0.9661349865797825,0.9795151512816221,0.9783828666578049,0.7088675874503569,0.6713208255860196,0.6960637205948298,0.08377671566417171,0.04056406685236769,0.06284864261807363,0.07917756335106862,0.03743036211699164,0.05962563530432627,0.9379565335016683,0.9340181058495822,0.9442171811082186,0.7811344575705654,0.8690807799442897,0.8730630965662576
"s05_confirmation","Survival-Credit-AOP","CF6","CF",100,50000,2,255602,"all",249,400,50000,0.4707660183457175,0.211776952754909,0.3174570288993736,0.4707660183457174,0.211776952754909,0.3174570288993738,0.4707660183457174,0.211776952754909,0.3174570288993738,23448,10538,15814,1979,375,877,0.08439952234732173,0.03558550009489467,0.05545718983179461,0.8109433640395769,0.8144809261719491,0.8481725053749842,0.9599539716014183,0.9518665504095216,0.96367655412354,0.7055502488042392,0.6690812169021862,0.6939122752059866,0.08657454793585807,0.03833744543556652,0.05691159731883141,0.0822244967587854,0.03283355475422281,0.05400278234475781,0.9191402251791198,0.8605048396280129,0.8993297078538004,0.7027465029000342,0.7684570127158854,0.797015302896168
"s05_confirmation","Survival-Credit-AOP","CF6","CF",100,50000,3,255603,"all",249,400,50000,0.4710406538805222,0.213201834354577,0.3157575117649009,0.4710406538805222,0.2132018343545769,0.3157575117649007,0.4710406538805222,0.2132018343545769,0.3157575117649007,23466,10610,15724,1854,389,924,0.07900792636154436,0.03666352497643732,0.05876367336555584,0.875181113099804,0.8688030160226202,0.8927753752225897,0.9812467165225692,0.9696904683438815,0.9782653992652491,0.6897787172418866,0.6455743095010515,0.6749596597152568,0.07841131850336658,0.03770028275212064,0.05482065632154668,0.07960453421972215,0.03562676720075401,0.062706690409565,0.8977243671695219,0.8767200754005655,0.9075298906130755,0.852637859030086,0.8608859566446748,0.8780208598321038
"s05_confirmation","Survival-Credit-AOP","CF6","CF",100,50000,4,255604,"all",249,400,50000,0.4924376860114321,0.2089697703970905,0.2985925435914775,0.492437686011432,0.2089697703970903,0.2985925435914774,0.492437686011432,0.2089697703970903,0.2985925435914774,24528,10400,14872,1946,367,801,0.079337899543379,0.03528846153846154,0.05385960193652501,0.826320939334638,0.7892307692307692,0.8467590102205487,0.9679389571987173,0.945080431947238,0.9631482441738928,0.7154861320472038,0.6758373951430364,0.7039341920203552,0.08113176777560339,0.03826923076923077,0.05876815492200108,0.0775440313111546,0.03230769230769231,0.04895104895104895,0.910877364644488,0.8282692307692308,0.8910704679935449,0.741764514024788,0.7501923076923077,0.8024475524475524
"s05_confirmation","Survival-Credit-AOP","CF6","CF",100,50000,5,255605,"all",249,400,50000,0.4608447542322314,0.2184571423546668,0.3206981034131017,0.4608447542322314,0.2184571423546667,0.3206981034131017,0.4608447542322314,0.2184571423546667,0.3206981034131017,22948,10876,15976,1862,381,960,0.08113996862471676,0.03503126149319603,0.06009013520280421,0.8817761896461566,0.8322912835601324,0.8818853279919879,0.9838415987596204,0.9602570544715592,0.976365996208351,0.6935079471696688,0.6494161922475429,0.6794103716593444,0.08183719714136309,0.03512320706141964,0.06447170756134202,0.08044274010807043,0.03493931592497242,0.0557085628442664,0.9176398814711522,0.8528870908422214,0.899849774661993,0.8459124978211608,0.8116954762780434,0.863920881321983
"s05_confirmation","Survival-Credit-AOP","CF7","CF",100,50000,1,255701,"all",249,400,50000,0.3159109664180171,0.3565183340011615,0.3275706995808214,0.315910966418017,0.3565183340011614,0.3275706995808215,0.315910966418017,0.3565183340011614,0.3275706995808215,15740,17762,16298,1735,1005,1441,0.1102287166454892,0.05658146605112037,0.08841575653454412,0.716836086404066,0.7566152460308524,0.7703399190084673,0.9380982041348284,0.9457539497319241,0.9430720434887184,0.8380193840181729,0.705506707255342,0.8127007882061635,0.114866581956798,0.05562436662538003,0.09080868818259909,0.1055908513341804,0.05753856547686071,0.08602282488648914,0.8351969504447269,0.8815448710730773,0.8491839489507915,0.5984752223634053,0.6316856209886275,0.6914958890661431
"s05_confirmation","Survival-Credit-AOP","CF7","CF",100,50000,2,255702,"all",249,400,50000,0.312565767728606,0.3550384221744552,0.3323958100969388,0.3125657677286059,0.3550384221744551,0.3323958100969386,0.3125657677286059,0.3550384221744551,0.3323958100969386,15572,17678,16550,1573,989,1147,0.1010146416645261,0.05594524267451069,0.06930513595166163,0.7932828153095299,0.7806312931327073,0.8090030211480362,0.9484893492280901,0.9452381385323568,0.9360267688225486,0.8109959199604831,0.831782106464162,0.823776721059193,0.1012072951451323,0.05600181015952031,0.07190332326283988,0.1008219881839199,0.05588867518950107,0.06670694864048339,0.8660416131518109,0.832447109401516,0.850392749244713,0.7205240174672489,0.7288154768638986,0.7676132930513595
"s05_confirmation","Survival-Credit-AOP","CF7","CF",100,50000,3,255703,"all",249,400,50000,0.2801772188830958,0.3440623000912355,0.3757604810256689,0.2801772188830954,0.3440623000912355,0.3757604810256688,0.2801772188830954,0.3440623000912355,0.3757604810256688,13964,17120,18716,2006,1207,2117,0.1436551131480951,0.07050233644859813,0.1131117760205172,0.8428100830707533,0.9057827102803738,0.8899337465270357,0.9754843232856741,0.984513750542799,0.9824889566126597,0.8440328559980995,0.7471694125759405,0.8407602384949279,0.146089945574334,0.07067757009345794,0.1129514853601197,0.1412202807218562,0.07032710280373831,0.1132720666809147,0.9213692351761673,0.9488317757009346,0.9350288523188716,0.7642509309653395,0.8627336448598131,0.8448386407351999
"s05_confirmation","Survival-Credit-AOP","CF7","CF",100,50000,4,255704,"all",249,400,50000,0.3219939436220608,0.3642145718873779,0.3137914844905613,0.3219939436220609,0.364214571887378,0.3137914844905614,0.3219939436220609,0.364214571887378,0.3137914844905614,16042,18130,15628,1783,841,1256,0.1111457424261314,0.04638720353006067,0.08036856923470694,0.8143622989652163,0.4396028681742967,0.6846045559252624,0.9506955514119881,0.7437003402406829,0.8569810776340638,0.8382066356280971,0.6470194991072082,0.7766791250067242,0.1122054606657524,0.05261996690568119,0.08280010238034298,0.1100860241865104,0.04015444015444015,0.0779370360890709,0.8990150854008229,0.4946497517926089,0.7371384694138725,0.7297095125296098,0.3845559845559846,0.6320706424366521
"s05_confirmation","Survival-Credit-AOP","CF7","CF",100,50000,5,255705,"all",249,400,50000,0.3231364762486047,0.3329670202184783,0.3438965035329169,0.3231364762486044,0.3329670202184786,0.343896503532917,0.3231364762486044,0.3329670202184786,0.343896503532917,16090,16580,17130,1853,1178,1393,0.1151646985705407,0.07104945717732207,0.08131932282545243,0.9537600994406463,0.9645958986731001,0.971395213076474,0.9889569175878108,0.9913280155142639,0.9914463388945614,0.8011395461208829,0.8374982426758014,0.8602263266540653,0.1168427594779366,0.07503015681544029,0.07845884413309982,0.1134866376631448,0.06706875753920385,0.08417980151780502,0.9651957737725295,0.9670687575392038,0.9772329246935202,0.9423244251087632,0.9621230398069964,0.9655575014594279
"s05_confirmation","Survival-Credit-AOP","CF8","CF",100,50000,1,255801,"all",249,400,50000,0.5405837614175456,0.1701378103751988,0.2892784282072556,0.5405837614175456,0.1701378103751987,0.2892784282072554,0.5405837614175456,0.1701378103751987,0.2892784282072554,26910,8476,14414,2880,331,899,0.1070234113712375,0.03905143935818783,0.06236991813514638,0.4805648457822371,0.4300377536573856,0.4265297627306785,0.5863025352025297,0.5358958852089146,0.5364879498371696,0.7199509444441924,0.7065624352387467,0.6989667550948152,0.09743589743589744,0.03846153846153846,0.05508533370334397,0.1166109253065775,0.03964134025483719,0.0696545025669488,0.5276105536975102,0.4898537045776309,0.4576106563063688,0.4335191378669639,0.3702218027371402,0.3954488691549882
"s05_confirmation","Survival-Credit-AOP","CF8","CF",100,50000,2,255802,"all",249,400,50000,0.5476353892452104,0.1658252121561944,0.2865393985985953,0.5476353892452102,0.1658252121561944,0.2865393985985955,0.5476353892452102,0.1658252121561944,0.2865393985985955,27282,8270,14248,2846,383,913,0.1043178652591452,0.04631197097944377,0.0640791690061763,0.4480243383916135,0.3782345828295042,0.3941605839416059,0.5908895497098974,0.5276734244467762,0.5376792475866391,0.7394656268818893,0.7284913453822081,0.7210251404014191,0.09442123011509421,0.04159613059250302,0.05572711959573273,0.1142145004031963,0.05102781136638452,0.07243121841661988,0.5232021112821641,0.4607013301088271,0.4595732734418866,0.372846565501063,0.2957678355501814,0.3287478944413251
"s05_confirmation","Survival-Credit-AOP","CF8","CF",100,50000,3,255803,"all",249,400,50000,0.5398958128761238,0.1644332020873484,0.2956709850365279,0.5398958128761234,0.1644332020873484,0.2956709850365277,0.5398958128761234,0.1644332020873484,0.2956709850365277,26892,8182,14726,2755,322,946,0.1024468243343745,0.03935468100708873,0.06424011951650142,0.4138033615945262,0.3213150818870692,0.3549504278147494,0.5649231737531307,0.4845346385580884,0.5138370084034821,0.7427183594664911,0.7376045536691882,0.7238698152830326,0.09036144578313253,0.0307993155707651,0.05256009778622844,0.1145322028856165,0.04791004644341237,0.07592014124677442,0.4805146511973821,0.3813248594475678,0.3995653945402689,0.3470920719916704,0.2613053043265705,0.3103354610892299
"s05_confirmation","Survival-Credit-AOP","CF8","CF",100,50000,4,255804,"all",249,400,50000,0.5466111484208508,0.1553700687867292,0.2980187827924201,0.5466111484208509,0.1553700687867293,0.2980187827924201,0.5466111484208509,0.1553700687867293,0.2980187827924201,27230,7744,14826,2790,320,951,0.1024605214836577,0.04132231404958678,0.0641440712262242,0.4653690782225486,0.412577479338843,0.4218265209766626,0.5967256208341096,0.5580767844093043,0.560593449467824,0.7432347345624846,0.7333473586243873,0.7222238067079554,0.09540947484392215,0.04261363636363636,0.05733171455551059,0.1095115681233933,0.04003099173553719,0.07095642789693782,0.5448402497245685,0.4925103305785124,0.4829353837852421,0.3858979067205288,0.3326446280991736,0.3607176581680831
"s05_confirmation","Survival-Credit-AOP","CF8","CF",100,50000,5,255805,"all",249,400,50000,0.5355241643156846,0.165462805253542,0.2990130304307734,0.5355241643156845,0.165462805253542,0.2990130304307733,0.5355241643156845,0.165462805253542,0.2990130304307733,26676,8242,14882,2583,341,929,0.09682860998650472,0.04137345304537734,0.06242440532186534,0.4421952316689159,0.4079107012860956,0.4091519956995028,0.5753244721877292,0.5569608616168382,0.5480137475549001,0.747716281223368,0.7430543502086743,0.7279017221523378,0.09056830109461689,0.0393108468818248,0.05442816825695471,0.1030889188783926,0.04343605920892987,0.07042064238677598,0.52834008097166,0.5115263285610289,0.4838059400618197,0.3560503823661718,0.3042950740111623,0.3344980513371859
"s05_confirmation","Survival-Credit-AOP","CF9","CF",100,50000,1,255901,"all",249,400,50000,0.5082104297473556,0.2030659958264301,0.2887235744262144,0.5082104297473558,0.2030659958264301,0.2887235744262142,0.5082104297473558,0.2030659958264301,0.2887235744262142,25302,10124,14374,2753,491,945,0.1088056280135958,0.04849861714737258,0.06574370390983721,0.5444628883092245,0.4732319241406558,0.49346041463754,0.690370027139583,0.6381042827295906,0.6503698774482917,0.7567846172068324,0.7537148786777229,0.7418863179567863,0.1014939530471899,0.04227578032398262,0.0603868095171838,0.1161173029800016,0.05472145397076254,0.0711005983024906,0.5846968619081495,0.4881469774792572,0.5273410324196466,0.5042289147102996,0.4583168708020545,0.4595797968554334
"s05_confirmation","Survival-Credit-AOP","CF9","CF",100,50000,2,255902,"all",249,400,50000,0.505588057620677,0.1995576436464542,0.2948542987328687,0.5055880576206773,0.1995576436464542,0.2948542987328688,0.5055880576206773,0.1995576436464542,0.2948542987328688,25190,9930,14680,2673,454,978,0.1061135371179039,0.04572004028197382,0.06662125340599455,0.536919412465264,0.4789526686807654,0.4990463215258856,0.686182660308164,0.6453633656322544,0.6565582659942374,0.76570466145676,0.767199920548137,0.7528658911131763,0.09876935291782453,0.0418932527693857,0.05776566757493188,0.1134577213179833,0.04954682779456193,0.07547683923705722,0.5789599047240969,0.5067472306143,0.5216621253405994,0.4948789202064311,0.4511581067472306,0.4764305177111717
"s05_confirmation","Survival-Credit-AOP","CF9","CF",100,50000,3,255903,"all",249,400,50000,0.5038866286482365,0.195603465887307,0.3005099054644563,0.503886628648237,0.195603465887307,0.3005099054644564,0.503886628648237,0.195603465887307,0.3005099054644564,25070,9748,14982,2764,501,1024,0.1102512963701635,0.05139515798112433,0.06834868508877319,0.5839250099720782,0.5112843660237998,0.5374449339207048,0.7148317498694485,0.6617615531043373,0.6795613744687337,0.7544781660104348,0.7574414217958066,0.7404056124126555,0.1001994415636219,0.04164956914238818,0.05953811240154853,0.1203031511767052,0.06114074681986048,0.07715925777599786,0.6247307538891105,0.5332375871973738,0.5642771325590709,0.5431192660550459,0.4893311448502257,0.5106127352823389
"s05_confirmation","Survival-Credit-AOP","CF9","CF",100,50000,4,255904,"all",249,400,50000,0.5250009981174162,0.1926818612167542,0.2823171406658298,0.5250009981174159,0.192681861216754,0.2823171406658296,0.5250009981174159,0.192681861216754,0.2823171406658296,26132,9592,14076,2804,465,934,0.1073013929282106,0.04847789824854045,0.06635407786302927,0.5450788305525792,0.4798790658882402,0.5041204887752202,0.694399884289625,0.6459194193290355,0.6610726686905162,0.7604230818208264,0.7657042143179508,0.7450466720989684,0.102020511250574,0.04399499582985821,0.06024438761011651,0.1125822746058472,0.05296080066722268,0.07246376811594203,0.596203887953467,0.5027105921601335,0.5372264847968172,0.4939537731516914,0.457047539616347,0.4710144927536232
"s05_confirmation","Survival-Credit-AOP","CF9","CF",100,50000,5,255905,"all",249,400,50000,0.5208225065909444,0.1862921754222731,0.2928853179867825,0.5208225065909445,0.1862921754222733,0.2928853179867822,0.5208225065909445,0.1862921754222733,0.2928853179867822,25930,9286,14584,2660,432,925,0.1025838796760509,0.04652164548783114,0.06342567196928141,0.5780948708060162,0.5333835881972863,0.5334613274821722,0.7078741140135902,0.6846966132195402,0.6754458855369793,0.7400497015143244,0.7533137420815198,0.7319333256840245,0.09687620516775935,0.04307559767391773,0.05718595721338453,0.1082915541843425,0.04996769330174456,0.06966538672517827,0.625530273814115,0.5696747792375619,0.5606143719144268,0.5306594677979175,0.4970923971570105,0.5063082830499177
"s05_confirmation","Survival-Credit-AOP","DASCMOP1","DAS-CMOP",100,50000,1,257501,"all",249,400,50000,0.3041223659240977,0.3949596952968522,0.30091793877905,0.3041223659240977,0.3949596952968522,0.30091793877905,0.3041223659240977,0.3949596952968522,0.30091793877905,15144,19668,14988,2181,1691,1260,0.1440174326465927,0.08597722188326215,0.08406725380304243,0.2522451135763338,0.2264083790929428,0.2291833466773419,0.7638500105642003,0.7966268801673655,0.7726045395287332,0.7613957663100327,0.8188847700185501,0.7669954684663981,0.07435287902799789,0.02887939800691479,0.03629570322925007,0.2136819862651875,0.1430750457596095,0.1318388043768348,0.4496830427892234,0.4321740898922107,0.4028556178275954,0.05480718436344427,0.020642668293675,0.05551107552708834
"s05_confirmation","Survival-Credit-AOP","DASCMOP1","DAS-CMOP",100,50000,2,257502,"all",249,400,50000,0.3076748622912226,0.3670105523951843,0.3253145853135931,0.3076748622912225,0.3670105523951845,0.3253145853135934,0.3076748622912225,0.3670105523951845,0.3253145853135934,15330,18264,16206,2325,1448,1375,0.1516634050880626,0.07928164695575997,0.08484511909169444,0.236986301369863,0.2372974156811213,0.2332469455757127,0.748792717675599,0.807131425151092,0.7728218127429813,0.7697102663182646,0.84337453284285,0.7918307595582408,0.06562296151337248,0.03712220762155059,0.04047883499938294,0.2377038486627528,0.1214410862899693,0.1292114031840059,0.4113502935420744,0.4408672798948752,0.4020733061828952,0.06262230919765166,0.0337275514673675,0.06442058496853018
"s05_confirmation","Survival-Credit-AOP","DASCMOP1","DAS-CMOP",100,50000,3,257503,"all",249,400,50000,0.3132328638291401,0.3715258548436414,0.3152412813272185,0.3132328638291402,0.3715258548436414,0.3152412813272184,0.3132328638291402,0.3715258548436414,0.3152412813272184,15596,18494,15710,2387,1531,1482,0.1530520646319569,0.08278360549367363,0.09433481858688733,0.2285201333675301,0.1905482859305721,0.2011457670273711,0.7358280590242714,0.7739542722084497,0.7416801342774794,0.7518701929249335,0.8140910699579861,0.758483396203645,0.07796870992562195,0.03060452038498973,0.03857415658816041,0.2281354193382919,0.1349626906023575,0.1500954805856143,0.4102333931777379,0.3628203741754082,0.3592616168045831,0.04680687355732239,0.01827619768573591,0.04302991725015914
"s05_confirmation","Survival-Credit-AOP","DASCMOP1","DAS-CMOP",100,50000,4,257504,"all",249,400,50000,0.3082031451285099,0.3629172861541299,0.3288795687173602,0.30820314512851,0.3629172861541299,0.32887956871736,0.30820314512851,0.3629172861541299,0.32887956871736,15352,18076,16372,2359,1472,1429,0.1536607608129234,0.08143394556317769,0.08728316638162717,0.2466779572694112,0.2080106218189865,0.2224529684827755,0.7621092048269414,0.7845532802798604,0.7579074099672136,0.7644852981155438,0.8114420359709965,0.7674559809755467,0.07621156852527358,0.03042708563841558,0.03909113119960909,0.2311099531005732,0.1324408054879398,0.1354752015636453,0.4402032308494007,0.3930073025005532,0.3918885902760811,0.05315268368942157,0.02301394113741978,0.05301734668946983
"s05_confirmation","Survival-Credit-AOP","DASCMOP1","DAS-CMOP",100,50000,5,257505,"all",249,400,50000,0.3067692463916345,0.3700351660358437,0.3231955875725219,0.3067692463916342,0.3700351660358435,0.3231955875725219,0.3067692463916342,0.3700351660358435,0.3231955875725219,15270,18432,16098,2363,1641,1419,0.1547478716437459,0.08902994791666667,0.08814759597465524,0.2546823837590046,0.2144097222222222,0.2209591253571872,0.7671520081046941,0.7898335080612576,0.7604439024182987,0.7492899107829522,0.7953798878630108,0.7563920268719255,0.06509495743287491,0.02897135416666667,0.04025344763324636,0.2444007858546169,0.1490885416666667,0.1360417443160641,0.4568434839554683,0.4087456597222222,0.390856006957386,0.05252128356254093,0.02007378472222222,0.05106224375698844
"s05_confirmation","Survival-Credit-AOP","DASCMOP2","DAS-CMOP",100,50000,1,257601,"all",249,400,50000,0.2444783504885767,0.4274659872788936,0.3280556622325297,0.2444783504885767,0.4274659872788935,0.3280556622325295,0.2444783504885767,0.4274659872788935,0.3280556622325295,12176,21284,16340,1884,1602,1148,0.15473061760841,0.07526780680323247,0.07025703794369645,0.2421977660972405,0.2305487690283781,0.2298653610771114,0.74097140939785,0.7986385105156317,0.7532451807610107,0.7421495229702968,0.8225176376263972,0.767398417069982,0.06948094612352168,0.02142454425859801,0.02643818849449204,0.2399802890932983,0.129111069347867,0.1140758873929009,0.4177069645203679,0.4227588799097914,0.3843329253365973,0.06668856767411301,0.03833865814696485,0.07539779681762546
"s05_confirmation","Survival-Credit-AOP","DASCMOP2","DAS-CMOP",100,50000,2,257602,"all",249,400,50000,0.2676375286852138,0.404582839651792,0.3277796316629941,0.2676375286852138,0.4045828396517921,0.3277796316629939,0.2676375286852138,0.4045828396517921,0.3277796316629939,13318,20160,16322,2127,1566,1305,0.1597086649647094,0.07767857142857143,0.07995343707878937,0.2600991139810783,0.2430059523809524,0.2363068251439775,0.7598624474052516,0.803046434722686,0.7609342306076673,0.7475272312278642,0.8123294775078824,0.7595398298718131,0.06712719627571707,0.02033730158730159,0.02597720867540743,0.2522901336537017,0.1350198412698413,0.1339296654821713,0.4541222405766632,0.4433531746031746,0.4017889964465139,0.06607598738549332,0.04265873015873016,0.070824653841441
"s05_confirmation","Survival-Credit-AOP","DASCMOP2","DAS-CMOP",100,50000,3,257603,"all",249,400,50000,0.2528365456851085,0.3931731758112055,0.3539902785036859,0.2528365456851086,0.3931731758112056,0.3539902785036858,0.2528365456851086,0.3931731758112056,0.3539902785036858,12612,19574,17614,1851,1506,1379,0.1467649857278782,0.07693879636252171,0.07828999659361871,0.2607833809070726,0.2319914171860631,0.2367434994890428,0.7621213557005982,0.7982161757179493,0.7596223313067006,0.7528022591906297,0.8157568442068049,0.7666303815593859,0.05692990802410403,0.02074180034739961,0.02554785965709095,0.2366000634316524,0.1331357923776438,0.1310321335301465,0.4527434189660641,0.4194339429855931,0.3937776768479618,0.0688233428480812,0.04454889138653315,0.07970932213012377
"s05_confirmation","Survival-Credit-AOP","DASCMOP2","DAS-CMOP",100,50000,4,257604,"all",249,400,50000,0.2648517763637592,0.3793281459548444,0.3558200776813965,0.2648517763637592,0.3793281459548445,0.3558200776813963,0.2648517763637592,0.3793281459548445,0.3558200776813963,13192,18888,17720,1914,1347,1244,0.1450879320800485,0.0713151207115629,0.07020316027088036,0.23650697392359,0.2284519271495129,0.2264672686230248,0.7225086736661614,0.7936130362877478,0.737704442769844,0.7497919736283901,0.8225919266108886,0.7748522200657779,0.07337780473013948,0.02107157983905125,0.02516930022573364,0.2167980594299576,0.1215586615840746,0.1152370203160271,0.4032747119466343,0.4175137653536637,0.3787810383747178,0.06973923590054579,0.03939008894536213,0.07415349887133182
"s05_confirmation","Survival-Credit-AOP","DASCMOP2","DAS-CMOP",100,50000,5,257605,"all",249,400,50000,0.2484733915055051,0.4053901221327644,0.3461364863617305,0.2484733915055051,0.4053901221327644,0.3461364863617304,0.2484733915055051,0.4053901221327644,0.3461364863617304,12366,20194,17240,1896,1570,1457,0.1533236293061621,0.07774586510844805,0.08451276102088168,0.2530325084910238,0.2282856293948698,0.2330626450116009,0.7649130972362863,0.7953889048314939,0.7643641964218338,0.7490290598034811,0.810553257368208,0.7593016202113462,0.06437004690279799,0.01624244825195603,0.02819025522041763,0.2422772117095261,0.1392492819649401,0.1408352668213457,0.4426653727963772,0.4219074972764187,0.4005800464037123,0.06339964418567039,0.03466376151332079,0.06554524361948956
"s05_confirmation","Survival-Credit-AOP","DASCMOP3","DAS-CMOP",100,50000,1,257701,"all",249,400,50000,0.3651398008051515,0.3462962721663679,0.2885639270284807,0.3651398008051513,0.346296272166368,0.2885639270284806,0.3651398008051513,0.346296272166368,0.2885639270284806,18172,17254,14374,2899,1493,1476,0.1595311468192824,0.08653065955720413,0.1026854042020314,0.25099053488884,0.2624318998493103,0.2329205509948518,0.7177870906348469,0.731056066775139,0.7175888966712067,0.7469484255331834,0.7689510340810453,0.7288506513277189,0.07219898745322474,0.03199258143039295,0.04271601502713232,0.2468633061853401,0.1410687376840153,0.1626547933769306,0.4802993616552939,0.5182566361423439,0.4487268679560317,0.02168170812238609,0.006607163556276805,0.01711423403367191
"s05_confirmation","Survival-Credit-AOP","DASCMOP3","DAS-CMOP",100,50000,2,257702,"all",249,400,50000,0.366037111068351,0.3762409504381206,0.2577219384935285,0.3660371110683509,0.3762409504381207,0.2577219384935285,0.3660371110683509,0.3762409504381207,0.2577219384935285,18216,18748,12836,2911,1528,1221,0.1598045674132631,0.08150202688286751,0.09512309130570271,0.2402832674571805,0.1883934286323874,0.2198504206918043,0.7103653811838926,0.7103478181744114,0.7099481438418549,0.7378313279072006,0.7650339355059275,0.7102620708963057,0.0836627140974967,0.03179005760614466,0.04331567466500467,0.2359464207290294,0.1312139961595904,0.1469305079464008,0.4635485287659201,0.3721997013014722,0.4256777812402618,0.01701800614844093,0.004587155963302753,0.01402306014334684
"s05_confirmation","Survival-Credit-AOP","DASCMOP3","DAS-CMOP",100,50000,3,257703,"all",249,400,50000,0.3689015175317237,0.3385279400277534,0.2925705424405229,0.3689015175317241,0.3385279400277534,0.292570542440523,0.3689015175317241,0.3385279400277534,0.292570542440523,18370,16864,14566,3122,1497,1638,0.1699510070767556,0.08876897533206832,0.112453659206371,0.2584648884050081,0.2009606261859583,0.2251819305231361,0.7343077720308381,0.7065493489882162,0.7264507069535159,0.7447533463635703,0.7218640940551855,0.7126143278743791,0.08622754491017964,0.04305028462998103,0.04311410133186874,0.2536744692433315,0.1344876660341556,0.1817932170808733,0.5015786608600979,0.3969402277039848,0.4396539887409035,0.01535111594991835,0.004981024667931689,0.01070987230536867
"s05_confirmation","Survival-Credit-AOP","DASCMOP3","DAS-CMOP",100,50000,4,257704,"all",249,400,50000,0.3812022370688378,0.3596587290413825,0.2591390338897798,0.3812022370688372,0.3596587290413825,0.2591390338897797,0.3812022370688372,0.3596587290413825,0.2591390338897797,18976,17914,12910,2884,1529,1188,0.1519814502529511,0.08535223847270292,0.09202168861347793,0.2322407251264756,0.2290387406497711,0.2094500387296669,0.6956277000420729,0.7283980700543332,0.7092940585806511,0.7438293908179244,0.7996486498092443,0.7332176409433491,0.08168212478920742,0.04119682929552305,0.04570100697134005,0.2222807757166948,0.1295076476498828,0.1383423702556158,0.441610455311973,0.4509322317740315,0.3996901626646011,0.02287099494097808,0.007145249525510774,0.01920991479473276
"s05_confirmation","Survival-Credit-AOP","DASCMOP3","DAS-CMOP",100,50000,5,257705,"all",249,400,50000,0.3765139265140707,0.3744026039820562,0.2490834695038732,0.3765139265140706,0.3744026039820561,0.2490834695038732,0.3765139265140706,0.3744026039820561,0.2490834695038732,18740,18660,12400,2909,1683,1103,0.1552294557097118,0.09019292604501608,0.08895161290322581,0.2537353255069371,0.2118971061093247,0.2331451612903226,0.7255577847306824,0.7169333713395901,0.7263887759364682,0.7456265973939857,0.760478694704777,0.709428486647887,0.07780149413020278,0.03344051446945338,0.03467741935483871,0.2326574172892209,0.1469453376205788,0.1432258064516129,0.4858057630736393,0.4182207931404073,0.4490322580645161,0.02166488794023479,0.005573419078242229,0.01725806451612903
"s05_confirmation","Survival-Credit-AOP","DASCMOP4","DAS-CMOP",100,50000,1,257801,"all",249,400,50000,0.4742990521327802,0.1090501424077056,0.4166508054595141,0.4742990521327804,0.1090501424077056,0.4166508054595142,0.4742990521327804,0.1090501424077056,0.4166508054595142,23632,5426,20742,5424,322,4474,0.2295192958700068,0.05934389974198304,0.2156976183588853,0.04375423155044008,0.009583486914854404,0.0682190724134606,0.2686955640595713,0.09858029040796838,0.305898323348853,0.7660655512372063,0.5520454738676178,0.7324320797621797,0.2347664184157075,0.05344636933284187,0.2224472085623373,0.224272173324306,0.06524143015112421,0.2089480281554334,0.06660460392687881,0.01548101732399558,0.09651913990936264,0.02090385917400136,0.003685956505713233,0.03991900491755858
"s05_confirmation","Survival-Credit-AOP","DASCMOP4","DAS-CMOP",100,50000,2,257802,"all",249,400,50000,0.4640140233996697,0.1110859102581346,0.4249000663421957,0.4640140233996698,0.1110859102581346,0.4249000663421957,0.4640140233996698,0.1110859102581346,0.4249000663421957,23102,5540,21158,4495,323,4173,0.1945718985369232,0.05830324909747293,0.1972303620379998,0.1209851960869189,0.05018050541516245,0.204036298326874,0.3884312531534092,0.251635988348762,0.5235195655378289,0.7583987759036127,0.5688177396592337,0.7436073264999252,0.1840533287161285,0.04223826714801444,0.1686359769354381,0.2050904683577179,0.07436823104693141,0.2258247471405615,0.1819755865293048,0.07472924187725631,0.308346724643161,0.05999480564453294,0.02563176895306859,0.09972587201058701
"s05_confirmation","Survival-Credit-AOP","DASCMOP4","DAS-CMOP",100,50000,3,257803,"all",249,400,50000,0.4392964962724057,0.1223510705648602,0.4383524331627341,0.4392964962724056,0.1223510705648602,0.438352433162734,0.4392964962724056,0.1223510705648602,0.438352433162734,21868,6102,21830,5156,430,5360,0.2357783062008414,0.07046869878728286,0.2455336692624828,0.05382293762575453,0.007374631268436578,0.06697205680256528,0.3042172380055218,0.1493662545255908,0.3605272021353331,0.7372529253673555,0.5745087873331618,0.7332158506075593,0.2420888970184745,0.06784660766961652,0.2522217132386624,0.2294677153832083,0.0730907899049492,0.2388456252863033,0.07325772818730565,0.01048836447066536,0.09317453046266605,0.0343881470642034,0.0042608980662078,0.0407695831424645
"s05_confirmation","Survival-Credit-AOP","DASCMOP4","DAS-CMOP",100,50000,4,257804,"all",249,400,50000,0.46425385625118,0.1048799851668227,0.4308661585819974,0.46425385625118,0.1048799851668226,0.4308661585819976,0.46425385625118,0.1048799851668226,0.4308661585819976,23128,5202,21470,4666,256,4198,0.2017468004150813,0.04921184159938485,0.1955286446204006,0.087512971290211,0.0265282583621684,0.140055891942245,0.3305562061221889,0.1541649913063811,0.4035588465123293,0.767638582097288,0.5516574343638521,0.7429023555135145,0.1924074714631615,0.0392156862745098,0.1812761993479274,0.211086129367001,0.0592079969242599,0.2097810898928738,0.1167416118989969,0.02845059592464437,0.1865859338612017,0.05828433068142511,0.02460592079969243,0.09352585002328831
"s05_confirmation","Survival-Credit-AOP","DASCMOP4","DAS-CMOP",100,50000,5,257805,"all",249,400,50000,0.4497014358424068,0.1164776590217296,0.4338209051358637,0.449701435842407,0.1164776590217297,0.4338209051358637,0.449701435842407,0.1164776590217297,0.4338209051358637,22382,5820,21598,4769,344,4554,0.2130730050933786,0.05910652920962199,0.210852856745995,0.08060048253060495,0.02542955326460481,0.1171404759699972,0.3378332891328557,0.1735644517101426,0.399301311473326,0.749874269541676,0.5645403852710537,0.7296980664313022,0.2017692788848182,0.05223367697594502,0.2047411797388647,0.2243767313019391,0.06597938144329897,0.2169645337531253,0.1144669823965687,0.03195876288659794,0.1712195573664228,0.04673398266464123,0.01890034364261168,0.06306139457357163
"s05_confirmation","Survival-Credit-AOP","DASCMOP5","DAS-CMOP",100,50000,1,257901,"all",249,400,50000,0.4684951950773807,0.1076760604141835,0.423828744508436,0.4684951950773803,0.1076760604141835,0.4238287445084359,0.4684951950773803,0.1076760604141835,0.4238287445084359,23332,5372,21096,5524,340,4639,0.2367563860792045,0.06329113924050633,0.219899507015548,0.03308760500600035,0.01675353685778109,0.06892301858172166,0.250732900363011,0.100212918909312,0.2812312842034552,0.7833479774656905,0.5538495755579375,0.745090201034204,0.2323847076975827,0.06403574087862993,0.2117937049677664,0.2411280644608263,0.06254653760238273,0.2280053090633296,0.04268815360877765,0.0182427401340283,0.09148653773227151,0.02348705640322304,0.01526433358153388,0.04635949943117178
"s05_confirmation","Survival-Credit-AOP","DASCMOP5","DAS-CMOP",100,50000,2,257902,"all",249,400,50000,0.4586060763636914,0.122834722932908,0.4185592007034006,0.4586060763636914,0.122834722932908,0.4185592007034004,0.4586060763636914,0.122834722932908,0.4185592007034004,22850,6116,20834,4650,406,4135,0.2035010940919037,0.06638325703073905,0.198473648843237,0.08035010940919038,0.0250163505559189,0.1088605164634732,0.3105008873961147,0.158203403875659,0.3533096799450279,0.763433410131526,0.5710759754197814,0.7371612490614911,0.1870459518599562,0.05068672334859385,0.1784582893347413,0.2199562363238512,0.08207979071288424,0.2184890083517327,0.1027571115973742,0.02321778940483976,0.1358356532590957,0.05794310722100657,0.02681491170699804,0.08188537966785063
"s05_confirmation","Survival-Credit-AOP","DASCMOP5","DAS-CMOP",100,50000,3,257903,"all",249,400,50000,0.4566001679523891,0.1164422985930979,0.4269575334545131,0.4566001679523894,0.1164422985930979,0.426957533454513,0.4566001679523894,0.1164422985930979,0.426957533454513,22736,5804,21260,4986,358,4613,0.2192997888810697,0.0616815988973122,0.2169802445907808,0.06417135819845179,0.02842866988283942,0.1119473189087488,0.2988907686900402,0.1776684853222737,0.3754777804673909,0.7717509547818779,0.5715946830609525,0.7436307127954348,0.2131421534130894,0.04720882150241213,0.2050799623706491,0.22545742434905,0.07615437629221226,0.2288805268109125,0.08374384236453201,0.02963473466574776,0.1458137347130762,0.04459887403237157,0.02722260509993108,0.07808090310442145
"s05_confirmation","Survival-Credit-AOP","DASCMOP5","DAS-CMOP",100,50000,4,257904,"all",249,400,50000,0.4730479992112984,0.1069586329327371,0.4199933678559645,0.4730479992112981,0.1069586329327371,0.4199933678559647,0.4730479992112981,0.1069586329327371,0.4199933678559647,23562,5320,20918,4764,272,4037,0.2021899668958493,0.05112781954887218,0.1929916818051439,0.0819539937186996,0.01484962406015038,0.09881441820441725,0.3289356989376688,0.1163330162451583,0.3613006150516503,0.7791220315577039,0.5408400678674917,0.7346888680516591,0.1833460656990069,0.04323308270676691,0.1757338177646046,0.2210338680926916,0.05902255639097744,0.2102495458456831,0.104320516085222,0.01428571428571429,0.121808968352615,0.05958747135217723,0.01541353383458647,0.07581986805621953
"s05_confirmation","Survival-Credit-AOP","DASCMOP5","DAS-CMOP",100,50000,5,257905,"all",249,400,50000,0.4745026859244343,0.1092951307864536,0.416202183289112,0.4745026859244345,0.1092951307864535,0.4162021832891122,0.4745026859244345,0.1092951307864535,0.4162021832891122,23626,5434,20740,5078,297,4052,0.2149327012613223,0.05465587044534413,0.1953712632594021,0.06611360365698807,0.01950680898049319,0.09281581485053038,0.3058592284092183,0.1225276892218603,0.344172519559064,0.7860391018577794,0.5607159946350636,0.7537937570955642,0.1967324134428172,0.04490246595509753,0.1742526518804243,0.2331329890798273,0.06440927493559072,0.2164898746383799,0.08287479895030898,0.01950680898049319,0.1103182256509161,0.04935240836366715,0.01950680898049319,0.07531340405014465
"s05_confirmation","Survival-Credit-AOP","DASCMOP6","DAS-CMOP",100,50000,1,258001,"all",249,400,50000,0.4831984510481447,0.1026834521832933,0.4141180967685621,0.4831984510481444,0.1026834521832933,0.4141180967685619,0.4831984510481444,0.1026834521832933,0.4141180967685619,24050,5112,20638,5558,284,4222,0.2311018711018711,0.05555555555555555,0.204574086636302,0.05014553014553014,0.01095461658841941,0.06793293923829828,0.2984942563427561,0.105250685101906,0.3047676218517068,0.7771727267597368,0.5417573136258976,0.7298688870773072,0.2332640332640333,0.06064162754303599,0.2102916949316794,0.2289397089397089,0.05046948356807512,0.1988564783409245,0.06893970893970894,0.01291079812206573,0.09060955518945635,0.03135135135135135,0.008998435054773083,0.04525632328714023
"s05_confirmation","Survival-Credit-AOP","DASCMOP6","DAS-CMOP",100,50000,2,258002,"all",249,400,50000,0.4708787066653112,0.1103699475200214,0.4187513458146674,0.4708787066653112,0.1103699475200214,0.4187513458146673,0.4708787066653112,0.1103699475200214,0.4187513458146673,23458,5496,20846,5343,297,4412,0.2277687782419644,0.05403930131004367,0.2116473184303943,0.04130786938357917,0.01746724890829694,0.06888611724071764,0.2735486113968297,0.1176855191472306,0.3068332703674265,0.7738231644353181,0.5548881986305585,0.732939030586292,0.2253389035723421,0.0611353711790393,0.2145255684543797,0.2301986529115867,0.04694323144104803,0.2087690684064089,0.05814647455026004,0.02547307132459971,0.09795644248297035,0.02446926421689829,0.009461426491994178,0.03981579199846493
"s05_confirmation","Survival-Credit-AOP","DASCMOP6","DAS-CMOP",100,50000,3,258003,"all",249,400,50000,0.4441247361302652,0.1077770037208721,0.4480982601488627,0.4441247361302652,0.1077770037208721,0.448098260148863,0.4441247361302652,0.1077770037208721,0.448098260148863,22124,5372,22304,4854,311,5127,0.219399746881215,0.0578927773641102,0.2298690817790531,0.06237570059663713,0.02401340282948623,0.09177725968436155,0.3303560538822422,0.1601892137673553,0.3818256498533349,0.7554721683381393,0.5615610568823802,0.74369645045124,0.2116253841981559,0.05882352941176471,0.2299139167862267,0.2271741095642741,0.05696202531645569,0.2298242467718795,0.08868197432652324,0.03350707371556218,0.1288558106169297,0.03606942686675104,0.01451973194341028,0.0546987087517934
"s05_confirmation","Survival-Credit-AOP","DASCMOP6","DAS-CMOP",100,50000,4,258004,"all",249,400,50000,0.4490705580987154,0.1053250181628844,0.4456044237384002,0.4490705580987157,0.1053250181628844,0.4456044237384003,0.4490705580987157,0.1053250181628844,0.4456044237384003,22378,5250,22172,4950,310,5077,0.2211993922602556,0.05904761904761905,0.2289825004510193,0.09209938332290643,0.02647619047619048,0.1464459678874256,0.3825765380975342,0.1934610304845754,0.4662022258573917,0.7570991743485718,0.5632172989726012,0.743917979345821,0.2100277057824649,0.05942857142857143,0.2161284502976727,0.2323710787380463,0.05866666666666667,0.2418365506043659,0.1286978282241487,0.02819047619047619,0.189428107523002,0.05550093842166413,0.02476190476190476,0.1034638282518492
"s05_confirmation","Survival-Credit-AOP","DASCMOP6","DAS-CMOP",100,50000,5,258005,"all",249,400,50000,0.4529075532098997,0.1082471869163945,0.4388452598737059,0.4529075532098998,0.1082471869163945,0.4388452598737059,0.4529075532098998,0.1082471869163945,0.4388452598737059,22562,5390,21848,4291,279,4128,0.1901870401560145,0.05176252319109462,0.1889417795679239,0.08554206187394735,0.04972170686456401,0.1723269864518491,0.3508365427436287,0.2067203091507896,0.4702217257931673,0.7590779368966519,0.5729679759339997,0.7496223239091245,0.1627515291197589,0.04749536178107606,0.1484804101061882,0.2176225511922702,0.05602968460111317,0.2294031490296595,0.1264072334012942,0.0679035250463822,0.2381911387770048,0.04467689034660048,0.03153988868274583,0.1064628341266935
"s05_confirmation","Survival-Credit-AOP","DASCMOP7","DAS-CMOP",100,50000,1,258101,"all",249,400,50000,0.4750340375276502,0.1161515591130926,0.4088144033592571,0.4750340375276502,0.1161515591130926,0.4088144033592571,0.4750340375276502,0.1161515591130926,0.4088144033592571,23648,5782,20370,4532,314,3572,0.1916441136671177,0.05430646835005189,0.1753559155621011,0.1329499323410014,0.01746800415081287,0.1471281296023564,0.3673604080148862,0.1371552023858099,0.3790657311873933,0.7186985755755012,0.4742788033645516,0.6710059688959543,0.1983254397834912,0.05084745762711865,0.1794796269023073,0.1849627875507442,0.05776547907298513,0.1712322042218949,0.1683017591339648,0.01764095468695953,0.1737849779086892,0.09759810554803788,0.0172950536146662,0.1204712812960236
"s05_confirmation","Survival-Credit-AOP","DASCMOP7","DAS-CMOP",100,50000,2,258102,"all",249,400,50000,0.4610846543167707,0.1147424961775921,0.4241728495056372,0.4610846543167712,0.1147424961775921,0.4241728495056368,0.4610846543167712,0.1147424961775921,0.4241728495056368,22962,5726,21112,4726,326,4077,0.2058183085097117,0.05693328676213762,0.1931129215611974,0.1052173155648463,0.03440447083478868,0.1859132247063282,0.3274776841053381,0.1831414083765684,0.4208314042925386,0.7033023712785487,0.4890897028454865,0.6950576855057896,0.2209737827715356,0.04959832343695424,0.2032019704433498,0.1906628342478878,0.064268250087321,0.1830238726790451,0.1347443602473652,0.03388054488298987,0.2300113679424024,0.07569027088232733,0.0349283967865875,0.1418150814702539
"s05_confirmation","Survival-Credit-AOP","DASCMOP7","DAS-CMOP",100,50000,3,258103,"all",249,400,50000,0.4499999573387276,0.117359330363022,0.4326407122982504,0.4499999573387278,0.1173593303630221,0.4326407122982502,0.4499999573387278,0.1173593303630221,0.4326407122982502,22430,5836,21534,3731,311,3646,0.1663397235844851,0.05328992460589445,0.1693136435404477,0.1967454302273741,0.04129540781357094,0.2723599888548342,0.4226761552732745,0.2028971395006761,0.5058735127134001,0.6935694269899376,0.4889262777068091,0.6870860936063418,0.1629959875167187,0.05037697052775874,0.1595616234791493,0.1696834596522515,0.05620287868403016,0.1790656636017461,0.2552831029870709,0.04557916381082933,0.3415064549085168,0.1382077574676772,0.03701165181631254,0.2032135228011517
"s05_confirmation","Survival-Credit-AOP","DASCMOP7","DAS-CMOP",100,50000,4,258104,"all",249,400,50000,0.4673747557714637,0.110546199639014,0.4220790445895223,0.467374755771464,0.110546199639014,0.4220790445895222,0.467374755771464,0.110546199639014,0.4220790445895222,23262,5516,21022,4471,312,3763,0.1922018743014358,0.05656272661348803,0.1790029492912187,0.163055627203164,0.01812907904278463,0.1529350204547617,0.3865920864164659,0.1283198121526242,0.3699617666005664,0.7232212893206734,0.4731782010000763,0.680057400755783,0.1952540624193964,0.05148658448150834,0.1799067643421178,0.1891496861834752,0.06163886874546773,0.1780991342403197,0.1883758920127246,0.02102973168963017,0.1746741508895443,0.1377353623936033,0.01522842639593909,0.1311958900199791
"s05_confirmation","Survival-Credit-AOP","DASCMOP7","DAS-CMOP",100,50000,5,258105,"all",249,400,50000,0.4606123724106483,0.1182764543897145,0.4211111731996375,0.4606123724106481,0.1182764543897144,0.4211111731996374,0.4606123724106481,0.1182764543897144,0.4211111731996374,22936,5890,20974,4599,392,3979,0.2005144750610394,0.06655348047538201,0.1897110708496234,0.1103069410533659,0.02071307300509338,0.1343568227329074,0.3442642489696948,0.17554077303792,0.3812493061187404,0.7053251259948924,0.4970303952722664,0.6858262960684094,0.2050052319497733,0.05806451612903226,0.1942404882235148,0.1960237181723055,0.07504244482173175,0.1851816534757319,0.1405650505755145,0.02376910016977929,0.1729760656050348,0.08004883153121731,0.01765704584040747,0.09573757986078002
"s05_confirmation","Survival-Credit-AOP","DASCMOP8","DAS-CMOP",100,50000,1,258201,"all",249,400,50000,0.4835600723246463,0.1032507119187664,0.4131892157565874,0.4835600723246458,0.1032507119187663,0.4131892157565872,0.4835600723246458,0.1032507119187663,0.4131892157565872,24084,5146,20570,4983,243,3673,0.2069008470353762,0.04722114263505636,0.178561011181332,0.1391795382826773,0.0198212203653323,0.1614000972289742,0.3527373907383263,0.1041629621361222,0.3534468522734388,0.7198041071304527,0.4538696120455964,0.6669251920027167,0.2130875269888723,0.04663816556548776,0.1789013125911522,0.2007141670818801,0.04780411970462495,0.1782207097715119,0.1695731606045507,0.02254178002331908,0.1960136120563928,0.1087859159608039,0.01710066070734551,0.1267865824015557
"s05_confirmation","Survival-Credit-AOP","DASCMOP8","DAS-CMOP",100,50000,2,258202,"all",249,400,50000,0.4746226300306879,0.1127960788647542,0.4125812911045579,0.4746226300306877,0.1127960788647542,0.4125812911045581,0.4746226300306877,0.1127960788647542,0.4125812911045581,23644,5608,20548,5549,337,4397,0.234689561833869,0.06009272467902996,0.2139867627019661,0.03971409237015733,0.00427960057061341,0.04608721043410551,0.2501918254256845,0.1130406210511438,0.2886163073640633,0.7053443769208514,0.4668657677380075,0.6680923465408022,0.2524107596007444,0.05171184022824536,0.2303873856336383,0.2169683640669937,0.06847360912981455,0.1975861397702939,0.04466249365589579,0.006419400855920114,0.05392252287327234,0.03476569108441888,0.002139800285306705,0.03825189799493868
"s05_confirmation","Survival-Credit-AOP","DASCMOP8","DAS-CMOP",100,50000,3,258203,"all",249,400,50000,0.4518843854008177,0.1111354889198149,0.4369801256793676,0.4518843854008175,0.1111354889198149,0.4369801256793677,0.4518843854008175,0.1111354889198149,0.4369801256793677,22502,5532,21766,4823,333,4532,0.214336503421918,0.06019522776572668,0.2082146466966829,0.06115011998933428,0.005603759942154736,0.05104291096205091,0.318001796220636,0.1237440512259369,0.3156437992046836,0.6942989801463392,0.4665819461640795,0.667872432815907,0.2358901430983913,0.05712219812002892,0.2276026830837085,0.1927828637454448,0.06326825741142444,0.1888266103096573,0.06541640743045063,0.008315256688358641,0.05503997059634292,0.05688383254821794,0.002892263195950831,0.04704585132775889
"s05_confirmation","Survival-Credit-AOP","DASCMOP8","DAS-CMOP",100,50000,4,258204,"all",249,400,50000,0.4724610117608766,0.1151993933214882,0.4123395949176351,0.4724610117608767,0.1151993933214882,0.4123395949176349,0.4724610117608767,0.1151993933214882,0.4123395949176349,23534,5750,20516,5281,350,4227,0.2243987422452622,0.06086956521739131,0.2060343146812244,0.09042236763831053,0.04939130434782608,0.1623610840319751,0.2976541104947626,0.1740572053985532,0.3721359659588641,0.7070504441231587,0.4776297879849618,0.6808432524066944,0.2269907368063228,0.05217391304347826,0.2075453304737766,0.2218067476842016,0.06956521739130435,0.2045232988886723,0.1090337384210079,0.05043478260869565,0.1873659582764672,0.07181099685561315,0.04834782608695652,0.1373562097874829
"s05_confirmation","Survival-Credit-AOP","DASCMOP8","DAS-CMOP",100,50000,5,258205,"all",249,400,50000,0.4687961208959359,0.1098572197493356,0.4213466593547285,0.4687961208959358,0.1098572197493355,0.4213466593547287,0.4687961208959358,0.1098572197493355,0.4213466593547287,23348,5466,20986,4590,278,3888,0.1965907144080863,0.0508598609586535,0.1852663680548937,0.1335017988692822,0.01646542261251372,0.1732583627180025,0.3463891548610678,0.1255518418492881,0.3922195965518585,0.6950806076158419,0.4555694992840258,0.6596603887894981,0.2039575124207641,0.04537138675448225,0.1953683407986277,0.1892239163954086,0.05634833516282473,0.1751643953111598,0.1582148363885558,0.01536772777167947,0.2038501858381778,0.1087887613500086,0.01756311745334797,0.1426665395978271
"s05_confirmation","Survival-Credit-AOP","DASCMOP9","DAS-CMOP",100,50000,1,258301,"all",249,400,50000,0.3065779110877847,0.4083862706244963,0.285035818287719,0.3065779110877849,0.4083862706244962,0.2850358182877191,0.3065779110877849,0.4083862706244962,0.2850358182877191,15262,20342,14196,2026,1689,1145,0.1327480015725331,0.08303018385606135,0.08065652296421527,0.2736862796488009,0.1385311178841805,0.2335869258946182,0.7200997462841611,0.6279463733491653,0.6771818579018006,0.6503061267165724,0.6726714542779856,0.63796152996317,0.07757829904337571,0.01592763740045227,0.03719357565511412,0.1879177041016905,0.1501327303116704,0.1241194702733164,0.4884025684707116,0.2673286795791958,0.4242040011270781,0.05896999082689031,0.009733556189165275,0.04296985066215835
"s05_confirmation","Survival-Credit-AOP","DASCMOP9","DAS-CMOP",100,50000,2,258302,"all",249,400,50000,0.3101195513712597,0.4101112838305144,0.2797691647982261,0.3101195513712598,0.4101112838305145,0.2797691647982259,0.3101195513712598,0.4101112838305145,0.2797691647982259,15448,20432,13920,1984,1687,1059,0.1284308648368721,0.08256656225528583,0.07607758620689656,0.2817840497151735,0.1254404855129209,0.2488505747126437,0.7118872646307335,0.6217751347661508,0.6798932069691371,0.6436084743318456,0.6851550644333971,0.6400321835556484,0.08609528741584671,0.01820673453406421,0.04554597701149425,0.1707664422578975,0.1469263899765074,0.1066091954022989,0.4878301398239254,0.2349256068911511,0.4369252873563219,0.07573795960642155,0.01595536413469068,0.06077586206896551
"s05_confirmation","Survival-Credit-AOP","DASCMOP9","DAS-CMOP",100,50000,3,258303,"all",249,400,50000,0.2898600939741526,0.4505957282820424,0.2595441777438051,0.2898600939741526,0.4505957282820424,0.2595441777438051,0.2898600939741526,0.4505957282820424,0.2595441777438051,14408,22452,12940,1637,1968,944,0.1136174347584675,0.08765366114377339,0.07295208655332303,0.2789422543031649,0.1216372706217709,0.23887171561051,0.6986954530158294,0.6195648708374442,0.6715371029894415,0.6348672567775555,0.6914533084348697,0.6434996667983581,0.08703498056635203,0.01941920541599857,0.04667697063369397,0.140199888950583,0.1558881168715482,0.09922720247295208,0.4822320932815103,0.2265277035453412,0.4142194744976816,0.07565241532481955,0.01674683769820061,0.06352395672333848
"s05_confirmation","Survival-Credit-AOP","DASCMOP9","DAS-CMOP",100,50000,4,258304,"all",249,400,50000,0.2542074800648179,0.4665037925259383,0.2792887274092439,0.2542074800648176,0.4665037925259382,0.2792887274092439,0.2542074800648176,0.4665037925259382,0.2792887274092439,12668,23236,13896,1184,2086,954,0.09346384591095674,0.08977448786365984,0.06865284974093264,0.2819703189137985,0.1257101050094681,0.2486327000575705,0.6841986643582011,0.6285848027872043,0.674461767485898,0.6201280753510074,0.7027008519703919,0.6403587131948123,0.08335964635301547,0.02031330693751076,0.04620034542314335,0.103568045468898,0.1592356687898089,0.09110535405872193,0.4640037890748342,0.2305904630745395,0.4206966033390904,0.09993684875276286,0.02082974694439663,0.07656879677605066
"s05_confirmation","Survival-Credit-AOP","DASCMOP9","DAS-CMOP",100,50000,5,258305,"all",249,400,50000,0.2967073807393195,0.4363284440488417,0.2669641752118389,0.2967073807393195,0.4363284440488417,0.2669641752118388,0.2967073807393195,0.4363284440488417,0.2669641752118388,14788,21710,13302,2035,1870,996,0.1376115769542873,0.08613542146476279,0.07487595850248083,0.2741411955639708,0.1279594656840166,0.2399639152007217,0.7165136065176637,0.6172608572623982,0.6819670928827071,0.6454292129305979,0.6708518233703694,0.6368033840847215,0.09534757911820395,0.01547673883003224,0.04119681250939709,0.1798755747903706,0.1567941040994933,0.1085551044955646,0.4860697863132269,0.2452326116996776,0.4259509848143136,0.06221260481471463,0.0106863196683556,0.05397684558712976
"s05_confirmation","Survival-Credit-AOP","LIRCMOP10","LIR-CMOP",100,50000,1,257001,"all",249,400,50000,0.2941539138840081,0.3680220406550665,0.3378240454609255,0.2941539138840077,0.3680220406550663,0.3378240454609253,0.2941539138840077,0.3680220406550663,0.3378240454609253,14654,18328,16818,1990,2041,2146,0.1357990992220554,0.1113596682671323,0.1276013794743727,0.7769209772075883,0.6528808380619817,0.756094660482816,0.9612257505562497,0.9125440267566098,0.9462919919253967,0.79522972210669,0.8288415879239984,0.8114298317645899,0.1314316910058687,0.1041030117852466,0.129385182542514,0.1401665074382421,0.1186163247490179,0.1258175764062314,0.8231199672444384,0.731230903535574,0.8176953264359614,0.7307219871707383,0.5745307725883894,0.6944939945296706
"s05_confirmation","Survival-Credit-AOP","LIRCMOP10","LIR-CMOP",100,50000,2,257002,"all",249,400,50000,0.2823600940289171,0.3567266952608076,0.3609132107102753,0.2823600940289173,0.3567266952608076,0.3609132107102752,0.2823600940289173,0.3567266952608076,0.3609132107102752,14076,17772,17952,2258,2441,2827,0.1604148905939187,0.1373508890389377,0.1574754901960784,0.6872691105427678,0.6765136169255008,0.7335115864527629,0.9319726576191426,0.9024125939970092,0.9308994089685302,0.7997661021634395,0.8070521200247021,0.805793512105741,0.1571469167377096,0.1230024758046365,0.1659982174688057,0.1636828644501279,0.1516993022732388,0.1489527629233512,0.829923273657289,0.7344136844474454,0.8245320855614974,0.5446149474282467,0.6186135494035562,0.6424910873440285
"s05_confirmation","Survival-Credit-AOP","LIRCMOP10","LIR-CMOP",100,50000,3,257003,"all",249,400,50000,0.2793936621828179,0.356285585951254,0.3643207518659279,0.2793936621828179,0.3562855859512542,0.364320751865928,0.2793936621828179,0.3562855859512542,0.364320751865928,13920,17736,18144,1929,2163,2584,0.1385775862068966,0.1219553450608931,0.1424162257495591,0.6991379310344827,0.6704442940911142,0.7436067019400353,0.9278810434657104,0.8959784614740026,0.9287259440384621,0.8337968336425913,0.8683930186714267,0.8541138592132574,0.1456896551724138,0.1064501578709968,0.1599426807760141,0.1314655172413793,0.1374605322507894,0.1248897707231041,0.8367816091954023,0.7228236355435272,0.8346560846560847,0.5614942528735632,0.618064952638701,0.6525573192239859
"s05_confirmation","Survival-Credit-AOP","LIRCMOP10","LIR-CMOP",100,50000,4,257004,"all",249,400,50000,0.2757062542133558,0.380507386191099,0.3437863595955452,0.2757062542133558,0.3805073861910991,0.3437863595955453,0.2757062542133558,0.3805073861910991,0.3437863595955453,13756,18928,17116,1724,2333,2089,0.1253271299796452,0.1232565511411665,0.1220495442860481,0.6481535330037802,0.6496196111580727,0.6899976630053751,0.9237187849764933,0.8957114893220725,0.9197746906576225,0.7515771290077593,0.7561904027288682,0.7505357637972419,0.1321605117766793,0.1079881656804734,0.1298200514138818,0.1184937481826112,0.1385249366018597,0.1142790371582145,0.7762430939226519,0.7043533389687235,0.7791540079457817,0.5200639720849084,0.5948858833474218,0.6008413180649684
"s05_confirmation","Survival-Credit-AOP","LIRCMOP10","LIR-CMOP",100,50000,5,257005,"all",249,400,50000,0.2878685012853325,0.3547783573766302,0.3573531413380374,0.2878685012853325,0.3547783573766303,0.3573531413380374,0.2878685012853325,0.3547783573766303,0.3573531413380374,14332,17656,17812,2207,2252,2698,0.1539910689366453,0.1275487086542818,0.1514709184819223,0.6660619592520235,0.6517331218849116,0.7165394116326073,0.932204962514573,0.9004555114195323,0.9308064228957016,0.8204012369997128,0.8323802831785638,0.8291878451802223,0.1462461624337148,0.1062528318985048,0.1541657309678868,0.1617359754395758,0.1488445854100589,0.1487761059959578,0.7863522188110522,0.7109198006343452,0.8042892432068268,0.5457716996929947,0.592546443135478,0.6287895800583876
"s05_confirmation","Survival-Credit-AOP","LIRCMOP11","LIR-CMOP",100,50000,1,257101,"all",249,400,50000,0.2983861036338259,0.335166267862263,0.3664476285039111,0.2983861036338259,0.3351662678622632,0.366447628503911,0.2983861036338259,0.3351662678622632,0.366447628503911,14874,16676,18250,2519,2608,3015,0.1693559230872664,0.156392420244663,0.1652054794520548,0.5264891757429071,0.3854041736627489,0.478958904109589,0.8270965222572808,0.7715724153334679,0.8022641754457543,0.8278028709391052,0.8548807158147346,0.838673581373738,0.1830038994218099,0.1187335092348285,0.1836712328767123,0.1557079467527229,0.1940513312544975,0.1467397260273973,0.736049482318139,0.5880307028064284,0.7356712328767123,0.3169288691676752,0.1827776445190693,0.2222465753424658
"s05_confirmation","Survival-Credit-AOP","LIRCMOP11","LIR-CMOP",100,50000,2,257102,"all",249,400,50000,0.2988939666843439,0.3474395785498188,0.3536664547658374,0.2988939666843438,0.3474395785498185,0.3536664547658375,0.2988939666843438,0.3474395785498185,0.3536664547658375,14898,17292,17610,2271,2493,2529,0.1524365686669352,0.1441707147814018,0.1436115843270869,0.6113572291582763,0.3853805227851029,0.5272004542873368,0.8636754431977075,0.7829740576947725,0.8342190055659159,0.8207358272704217,0.8772462343755156,0.8451754344816791,0.1475365820915559,0.1142724959518853,0.1466212379329926,0.1573365552423144,0.1740689336109184,0.1406019307211812,0.7531212243254128,0.5847790885958825,0.7113003975014196,0.4695932339911397,0.1859819569743234,0.3431005110732538
"s05_confirmation","Survival-Credit-AOP","LIRCMOP11","LIR-CMOP",100,50000,3,257103,"all",249,400,50000,0.3238591092734526,0.3269646256370054,0.3491762650895421,0.3238591092734524,0.3269646256370052,0.3491762650895417,0.3238591092734524,0.3269646256370052,0.3491762650895417,16124,16282,17394,2475,2353,2615,0.1534978913420987,0.1445154157965852,0.1503391974243992,0.6011535599106921,0.4466895958727429,0.5448430493273543,0.8561574625920365,0.8022747172261092,0.8388045703502949,0.827150375248652,0.8844659221007638,0.8580954773656737,0.1642272388985364,0.1235720427465913,0.1640795676670116,0.1427685437856611,0.1654587888465791,0.1365988271817868,0.7095013644257008,0.6140523277238669,0.7167988961710935,0.4928057553956834,0.279326864021619,0.3728872024836151
"s05_confirmation","Survival-Credit-AOP","LIRCMOP11","LIR-CMOP",100,50000,4,257104,"all",249,400,50000,0.3032191792418737,0.3186543423288626,0.3781264784292637,0.3032191792418736,0.3186543423288625,0.3781264784292639,0.3032191792418736,0.3186543423288625,0.3781264784292639,15104,15870,18826,2619,2385,3233,0.1733977754237288,0.1502835538752363,0.1717305853606714,0.4994703389830508,0.3725267800882168,0.4647827472644215,0.8209319735978352,0.7684540648817908,0.8041528178253857,0.8165864971789714,0.8279391258331933,0.8184700748180465,0.1851165254237288,0.1203528670447385,0.189631360883884,0.1616790254237288,0.1802142407057341,0.1538298098374588,0.7182203389830508,0.5634530560806553,0.7118878147243174,0.2807203389830508,0.1816005040957782,0.2176776798045257
"s05_confirmation","Survival-Credit-AOP","LIRCMOP11","LIR-CMOP",100,50000,5,257105,"all",249,400,50000,0.299123330746727,0.3409066488063611,0.359970020446912,0.299123330746727,0.340906648806361,0.359970020446912,0.299123330746727,0.340906648806361,0.359970020446912,14896,16984,17920,2250,2487,2783,0.151047261009667,0.146431935939708,0.1553013392857143,0.5261143931256713,0.3692887423457372,0.4700892857142857,0.8316403737180513,0.7665199136468313,0.8018352864587308,0.8068642271653665,0.8293164858316068,0.8138350961536683,0.1604457572502685,0.1122232689590203,0.1658482142857143,0.1416487647690655,0.1806406029203957,0.1447544642857143,0.6973684210526315,0.5514601978332548,0.6840401785714286,0.3548603651987111,0.1871172868582195,0.2561383928571428
"s05_confirmation","Survival-Credit-AOP","LIRCMOP12","LIR-CMOP",100,50000,1,257201,"all",249,400,50000,0.3397976600216045,0.3399495380350318,0.3202528019433638,0.3397976600216046,0.3399495380350321,0.3202528019433638,0.3397976600216046,0.3399495380350321,0.3202528019433638,16908,16936,15956,3597,3483,3786,0.2127395315826827,0.2056565895134624,0.2372775131611933,0.447125621007807,0.372579121398205,0.4872148408122337,0.7942158159533136,0.7579852280322984,0.813427940656463,0.8618213882071644,0.8894156530590734,0.8626708037125397,0.2014431038561628,0.1428908833254605,0.2218601153171221,0.2240359593092028,0.2684222957014644,0.2526949110052645,0.6717530163236338,0.5931743032593293,0.7056906492855353,0.2224982256919801,0.1519839395370808,0.268739032338932
"s05_confirmation","Survival-Credit-AOP","LIRCMOP12","LIR-CMOP",100,50000,2,257202,"all",249,400,50000,0.3319053695665844,0.3565494895275137,0.311545140905902,0.3319053695665844,0.3565494895275139,0.3115451409059022,0.3319053695665844,0.3565494895275139,0.3115451409059022,16532,17750,15518,2853,2669,2209,0.172574401161384,0.1503661971830986,0.1423508184044336,0.4491894507621582,0.3527887323943662,0.4427116896507282,0.8069022776952596,0.7614125424688949,0.8078610970147829,0.8431338997095088,0.8891618769837477,0.8599903469257522,0.1396080329058795,0.07481690140845071,0.1013017141384199,0.2055407694168885,0.2259154929577465,0.1833999226704472,0.6703363174449553,0.5583098591549296,0.637582162649826,0.2280425840793612,0.1472676056338028,0.2478412166516304
"s05_confirmation","Survival-Credit-AOP","LIRCMOP12","LIR-CMOP",100,50000,3,257203,"all",249,400,50000,0.3189227087800596,0.3623706379922651,0.3187066532276753,0.3189227087800596,0.362370637992265,0.3187066532276754,0.3189227087800596,0.362370637992265,0.3187066532276754,15876,18050,15874,2487,2501,2275,0.1566515495086924,0.1385595567867036,0.1433161144009071,0.4341143864953389,0.3328531855955679,0.4271765150560665,0.8226571624612394,0.7675642265988922,0.8183313019441593,0.8665802798416644,0.9143520406356539,0.887212477881033,0.1148904006046863,0.06537396121883657,0.07887110999118055,0.1984126984126984,0.2117451523545706,0.2077611188106337,0.6638951877047116,0.543601108033241,0.6599470832808366,0.2043335852859662,0.1221052631578947,0.1944059468312965
"s05_confirmation","Survival-Credit-AOP","LIRCMOP12","LIR-CMOP",100,50000,4,257204,"all",249,400,50000,0.3413927170899995,0.3353527404806445,0.3232545424293561,0.3413927170899997,0.3353527404806443,0.3232545424293564,0.3413927170899997,0.3353527404806443,0.3232545424293564,17008,16696,16096,2751,2215,2346,0.1617474129821261,0.1326665069477719,0.1457504970178926,0.4439675446848542,0.3663152850982271,0.4580641153081511,0.8033879283295122,0.7674114903765858,0.8142525766701488,0.8441081220090371,0.8913804847846325,0.8600224433261229,0.1292333019755409,0.06432678485864878,0.08175944333996024,0.1942615239887112,0.2010062290368951,0.2097415506958251,0.6830903104421449,0.6006229036895064,0.7164512922465208,0.2048447789275635,0.1320076665069478,0.1996769383697813
"s05_confirmation","Survival-Credit-AOP","LIRCMOP12","LIR-CMOP",100,50000,5,257205,"all",249,400,50000,0.3390379275969516,0.3685980955363639,0.2923639768666845,0.3390379275969518,0.3685980955363638,0.2923639768666849,0.3390379275969518,0.3685980955363638,0.2923639768666849,16894,18354,14552,2659,2526,1854,0.1573931573339647,0.1376266753841125,0.1274051676745465,0.436486326506452,0.3354582107442519,0.4881803188565146,0.8035921714075607,0.7506571286931735,0.8218444989948082,0.855666352897877,0.9068733073585389,0.8680524119433684,0.1433645081093879,0.07518796992481203,0.1061022539857064,0.1714218065585415,0.2000653808434129,0.1487080813633865,0.6705339173671125,0.5400457665903891,0.6829301814183617,0.2024387356457914,0.1308706548981149,0.2934304562946674
"s05_confirmation","Survival-Credit-AOP","LIRCMOP13","LIR-CMOP",100,50000,1,257301,"all",249,400,50000,0.4112491951918643,0.2377050439457319,0.3510457608624039,0.411249195191864,0.2377050439457319,0.3510457608624039,0.411249195191864,0.2377050439457319,0.3510457608624039,20482,11830,17488,4543,1470,3138,0.2218045112781955,0.1242603550295858,0.1794373284537969,0.7480714773947856,0.6908706677937447,0.7950022872827082,0.9270420849419083,0.9209958789498417,0.945107663763805,0.4600394223288113,0.4430983755339963,0.446231226270595,0.2048628063665658,0.1129332206255283,0.1665141811527905,0.2387462161898252,0.1355874894336433,0.1923604757548033,0.7856654623571917,0.7181741335587489,0.8329139981701739,0.7104774924323797,0.6635672020287405,0.7570905763952425
"s05_confirmation","Survival-Credit-AOP","LIRCMOP13","LIR-CMOP",100,50000,2,257302,"all",249,400,50000,0.4111665130019329,0.2389031650593602,0.3499303219387069,0.4111665130019328,0.23890316505936,0.349930321938707,0.4111665130019328,0.23890316505936,0.349930321938707,20472,11902,17426,4623,1510,3149,0.225820633059789,0.1268694337086204,0.1807069895558361,0.7340758108636186,0.6864392539069064,0.7990359233329508,0.9140481990104926,0.9176315768068088,0.9428820551789645,0.4624245996797592,0.4426890077950295,0.448269928474462,0.2099452911293474,0.1127541589648798,0.1707792953058648,0.2416959749902306,0.1409847084523609,0.1906346838058074,0.7849745994529113,0.7181986220803226,0.831171812234592,0.6831770222743259,0.6546798857334901,0.7669000344313095
"s05_confirmation","Survival-Credit-AOP","LIRCMOP13","LIR-CMOP",100,50000,3,257303,"all",249,400,50000,0.4101576938911997,0.2349766906375332,0.3548656154712671,0.4101576938911995,0.2349766906375332,0.3548656154712669,0.4101576938911995,0.2349766906375332,0.3548656154712669,20428,11688,17684,4603,1456,3286,0.2253279812022714,0.1245722108145106,0.1858176883058132,0.7521539064029763,0.7042265571526352,0.8168966297217825,0.9205462778142477,0.9273013997017966,0.9492273844569301,0.4597415353477836,0.4411551513514002,0.4485071854721376,0.2047190131192481,0.1103696098562628,0.17959737615924,0.2459369492852947,0.1387748117727584,0.1920380004523863,0.8010573722341884,0.7222792607802875,0.852295860665008,0.7032504405717642,0.6861738535249828,0.7814973987785568
"s05_confirmation","Survival-Credit-AOP","LIRCMOP13","LIR-CMOP",100,50000,4,257304,"all",249,400,50000,0.4067696171833045,0.2361286470462736,0.3571017357704219,0.4067696171833046,0.2361286470462738,0.3571017357704221,0.4067696171833046,0.2361286470462738,0.3571017357704221,20258,11758,17784,4393,1433,3207,0.2168526014414059,0.1218744684470148,0.1803306342780027,0.7340310000987265,0.6870216023133185,0.8045996401259559,0.9151105688740091,0.9226294001886127,0.9439827089555456,0.4609315723738489,0.4422364702991859,0.448005261462817,0.1969592259847961,0.109032148324545,0.1657669815564553,0.2367459768980156,0.1347167885694846,0.1948942869995502,0.7751011945897917,0.7155978907977547,0.8449167791273055,0.6929608056076612,0.6584453138288825,0.7642825011246064
"s05_confirmation","Survival-Credit-AOP","LIRCMOP13","LIR-CMOP",100,50000,5,257305,"all",249,400,50000,0.4023502241395861,0.2396483522792693,0.3580014235811445,0.4023502241395862,0.2396483522792694,0.3580014235811445,0.4023502241395862,0.2396483522792694,0.3580014235811445,20038,11944,17818,4345,1483,3255,0.2168380077852081,0.1241627595445412,0.1826804355146481,0.7400439165585387,0.6814300066979236,0.7936356493433606,0.9190998580981492,0.9165495213157003,0.9428123893574617,0.4589678376293391,0.4421086753898285,0.4467985583398482,0.1966264098213394,0.1080040187541862,0.1737568750701538,0.2370496057490767,0.1403215003348962,0.1916039959591424,0.7910969158598663,0.7047890154052244,0.8279268155797508,0.6889909172572113,0.6580709979906229,0.7593444831069704
"s05_confirmation","Survival-Credit-AOP","LIRCMOP14","LIR-CMOP",100,50000,1,257401,"all",249,400,50000,0.4333559814792403,0.2196380554254281,0.3470059630953317,0.4333559814792405,0.2196380554254282,0.3470059630953317,0.4333559814792405,0.2196380554254282,0.3470059630953317,21574,10956,17270,4468,1079,2650,0.2071011402614258,0.09848484848484848,0.1534452808338159,0.6284416427180866,0.5224534501642936,0.6381586566299942,0.919740643724265,0.9104045614719822,0.9437898586451784,0.4616523896216676,0.4437408841651644,0.4493223232381634,0.1874478538982108,0.08013873676524279,0.1429067747539085,0.2267544266246408,0.1168309602044542,0.1639837869137232,0.7058496338184852,0.5328587075575028,0.6944991314418066,0.5510336516176879,0.5120481927710844,0.5818181818181818
"s05_confirmation","Survival-Credit-AOP","LIRCMOP14","LIR-CMOP",100,50000,2,257402,"all",249,400,50000,0.4289442459421074,0.2211991397660969,0.3498566142917958,0.4289442459421073,0.221199139766097,0.3498566142917954,0.4289442459421073,0.221199139766097,0.3498566142917954,21368,11008,17424,4474,1127,2783,0.2093785099213778,0.1023800872093023,0.1597222222222222,0.6191033320853613,0.5147165697674418,0.6304522497704316,0.9059781055139027,0.8979662988091628,0.9366263314779821,0.459966518927465,0.4439771628574065,0.4485700465483964,0.1798015724447772,0.08557412790697674,0.143595041322314,0.2389554473979783,0.1191860465116279,0.1758494031221304,0.7020778734556345,0.5198037790697675,0.6864095500459136,0.536128790715088,0.5096293604651163,0.5744949494949495
"s05_confirmation","Survival-Credit-AOP","LIRCMOP14","LIR-CMOP",100,50000,3,257403,"all",249,400,50000,0.4302430124406503,0.2250045289405187,0.3447524586188309,0.4302430124406504,0.2250045289405188,0.344752458618831,0.4302430124406504,0.2250045289405188,0.344752458618831,21440,11196,17164,4512,1188,2703,0.2104477611940299,0.1061093247588424,0.1574807737124213,0.6264458955223881,0.5196498749553412,0.6288161267769751,0.9179347474878229,0.9055131824154391,0.9413344064723788,0.4612641163973366,0.4456825095463832,0.4496043903586882,0.1913246268656716,0.09396212933190425,0.1420414821719879,0.229570895522388,0.1182565201857806,0.1729200652528548,0.7053171641791045,0.5280457306180779,0.6816592868795153,0.5475746268656716,0.5112540192926045,0.5759729666744349
"s05_confirmation","Survival-Credit-AOP","LIRCMOP14","LIR-CMOP",100,50000,4,257404,"all",249,400,50000,0.4337428491980244,0.2262779258536749,0.3399792249483007,0.4337428491980241,0.2262779258536748,0.3399792249483008,0.4337428491980241,0.2262779258536748,0.3399792249483008,21612,11264,16924,4537,1138,2608,0.2099296687025727,0.1010298295454545,0.1541006854171591,0.6111419581713863,0.5073686079545454,0.6334199952729851,0.9072816918974663,0.8976498046034113,0.9320246709107525,0.4620003616255642,0.4431483839367523,0.4496446370403239,0.1842494910235055,0.08753551136363637,0.1372016071850626,0.2356098463816398,0.1145241477272727,0.1709997636492555,0.6880436794373497,0.5232599431818182,0.6903805246986529,0.5342402369054229,0.4914772727272727,0.5764594658473174
"s05_confirmation","Survival-Credit-AOP","LIRCMOP14","LIR-CMOP",100,50000,5,257405,"all",249,400,50000,0.4376313946867004,0.2231744124957288,0.339194192817571,0.4376313946867005,0.2231744124957288,0.3391941928175713,0.4376313946867005,0.2231744124957288,0.3391941928175713,21800,11098,16902,4558,1135,2620,0.2090825688073394,0.102270679401694,0.1550112412732221,0.6219266055045871,0.5224364750405478,0.6392734587622767,0.9089336527980989,0.908480045209618,0.9371444817466643,0.4607468435407789,0.4447678400359672,0.4513391104723522,0.1834862385321101,0.07947377905928996,0.1473198438054668,0.2346788990825688,0.125067579744098,0.1627026387409774,0.6997247706422018,0.5449630564065597,0.6887942255354396,0.5441284403669725,0.499909893674536,0.5897526919891137
"s05_confirmation","Survival-Credit-AOP","LIRCMOP1","LIR-CMOP",100,50000,1,256101,"all",249,400,50000,0.3016003955191682,0.4589016672825881,0.2394979371982436,0.3016003955191679,0.4589016672825884,0.2394979371982434,0.3016003955191679,0.4589016672825884,0.2394979371982434,15032,22870,11898,1560,2097,904,0.1037786056412986,0.09169217315260166,0.07597915616069928,0.0175625332623736,0.01355487538259729,0.006555723651033787,0.7608385724083494,0.7966619812281068,0.7601958374660339,0.6917090082425651,0.7171363123542343,0.686700647558206,0.08861096327833955,0.03095758635767381,0.04975626155656413,0.1189462480042576,0.1524267599475295,0.1022020507648344,0.03512506652474721,0.02710975076519458,0.01311144730206757,0,0,0
"s05_confirmation","Survival-Credit-AOP","LIRCMOP1","LIR-CMOP",100,50000,2,256102,"all",249,400,50000,0.2969103196067744,0.4473593591239491,0.2557303212692764,0.2969103196067743,0.447359359123949,0.2557303212692766,0.2969103196067743,0.447359359123949,0.2557303212692766,14804,22268,12728,1598,1979,943,0.1079437989732505,0.08887192383689599,0.07408862350722815,0.01587408808430154,0.01383150709538351,0.004949717159019484,0.7682098281476538,0.7907178408595213,0.7591792614902736,0.6878123453266787,0.7092977150783055,0.6802458845692271,0.08902999189408269,0.03197413328543201,0.04541169076052797,0.1268576060524183,0.14576971438836,0.1027655562539283,0.03174817616860308,0.02766301419076702,0.009899434318038969,0,0,0
"s05_confirmation","Survival-Credit-AOP","LIRCMOP1","LIR-CMOP",100,50000,3,256103,"all",249,400,50000,0.3011845691781198,0.4308196153471682,0.267995815474712,0.3011845691781198,0.4308196153471682,0.2679958154747121,0.3011845691781198,0.4308196153471682,0.2679958154747121,15010,21442,13348,1785,1681,995,0.1189207195203198,0.07839753754313963,0.07454300269703326,0.02051965356429047,0.01711594067717564,0.01153730896014384,0.8087451929183381,0.8157753548429716,0.7924778115004292,0.6954006617077385,0.719225553630282,0.6853738611667638,0.09020652898067955,0.02891521313310326,0.04420137848366797,0.14763491005996,0.127879861953176,0.1048846269103986,0.04103930712858095,0.03423188135435128,0.02307461792028768,0,0,0
"s05_confirmation","Survival-Credit-AOP","LIRCMOP1","LIR-CMOP",100,50000,4,256104,"all",249,400,50000,0.299773407255866,0.4442254919953722,0.2560011007487617,0.2997734072558662,0.4442254919953724,0.2560011007487616,0.2997734072558662,0.4442254919953724,0.2560011007487616,14916,22130,12754,1615,1920,913,0.108272995441137,0.0867600542250339,0.07158538497726204,0.02111826226870475,0.02123813827383642,0.01042810098792536,0.7870669817260174,0.8011884160526089,0.7758015138220526,0.6863010941696214,0.7108528634045169,0.6832586079519651,0.08943416465540359,0.03163126976954361,0.0434373529872981,0.1271118262268705,0.1418888386805242,0.09973341696722597,0.04210244033252883,0.04247627654767284,0.02085620197585071,0.0001340842048806651,0,0
"s05_confirmation","Survival-Credit-AOP","LIRCMOP1","LIR-CMOP",100,50000,5,256105,"all",249,400,50000,0.31643581784285,0.4356368339094485,0.2479273482477016,0.31643581784285,0.4356368339094483,0.2479273482477015,0.31643581784285,0.4356368339094483,0.2479273482477015,15740,21704,12356,1688,1561,928,0.1072426937738247,0.07192222631772945,0.07510521204273228,0.01893265565438373,0.01681717655731662,0.00534153447717708,0.7633173679366292,0.7998784115022582,0.7614181758604254,0.6902380645774409,0.712096358697461,0.6808490632370773,0.09021601016518424,0.03013269443420568,0.04742635157008741,0.1242693773824651,0.1137117582012532,0.1027840725153771,0.03773824650571792,0.03354220420199042,0.01068306895435416,0.0001270648030495553,9.214891264283081e-05,0
"s05_confirmation","Survival-Credit-AOP","LIRCMOP2","LIR-CMOP",100,50000,1,256201,"all",249,400,50000,0.2265061388555036,0.4763474446146889,0.2971464165298076,0.2265061388555036,0.4763474446146888,0.2971464165298075,0.2265061388555036,0.4763474446146888,0.2971464165298075,11282,23720,14798,1203,2464,1155,0.1066300301365006,0.1038785834738617,0.07805108798486282,0.01232051054777522,0.01201517706576728,0.004054601973239627,0.7917353319867094,0.7751334623096587,0.7708228188245139,0.6973045431977587,0.7291074745915784,0.696541894559019,0.09005495479524907,0.02630691399662732,0.03216650898770104,0.1232051054777522,0.1814502529510961,0.1239356669820246,0.02446374756248892,0.02403035413153457,0.007974050547371266,0.0001772735330615139,0,0.0001351533991079876
"s05_confirmation","Survival-Credit-AOP","LIRCMOP2","LIR-CMOP",100,50000,2,256202,"all",249,400,50000,0.2351063579682176,0.4704568308418479,0.2944368111899347,0.2351063579682176,0.4704568308418476,0.2944368111899348,0.2351063579682176,0.4704568308418476,0.2944368111899348,11714,23420,14666,1525,2534,1224,0.1301861021000512,0.108198121263877,0.08345833901540979,0.01690285128905583,0.02275832621690863,0.009818628119459976,0.8162641767067766,0.7746759111266855,0.7877443120987759,0.6980146720695301,0.7309855159054656,0.6942559775413417,0.08775823800580503,0.03091374893253629,0.03491067775807991,0.1726139661942974,0.1854824935952178,0.1320060002727397,0.03380570257811166,0.04551665243381725,0.01963725623891995,0,0,0
"s05_confirmation","Survival-Credit-AOP","LIRCMOP2","LIR-CMOP",100,50000,3,256203,"all",249,400,50000,0.253834324898866,0.4666407905566176,0.2795248845445165,0.253834324898866,0.4666407905566176,0.2795248845445163,0.253834324898866,0.4666407905566176,0.2795248845445163,12632,23252,13916,1423,2551,1085,0.1126504116529449,0.1097109926027869,0.07796780684104627,0.01622862571247625,0.01255805952176157,0.006251796493245186,0.8125873082230204,0.7845827801201469,0.7847319792371589,0.6940002017839716,0.7263014600491763,0.6907159077384666,0.08549715009499684,0.02657835885085154,0.03319919517102616,0.139803673210893,0.1928436263547222,0.1227364185110664,0.0324572514249525,0.02511611904352314,0.01221615406726071,0,0,0.0002874389192296637
"s05_confirmation","Survival-Credit-AOP","LIRCMOP2","LIR-CMOP",100,50000,4,256204,"all",249,400,50000,0.2461166250150137,0.4570151668099722,0.2968682081750143,0.2461166250150137,0.4570151668099719,0.2968682081750144,0.2461166250150137,0.4570151668099719,0.2968682081750144,12248,22750,14802,1505,2354,1130,0.1228772044415415,0.1034725274725275,0.07634103499527091,0.01012410189418681,0.009934065934065935,0.004256181597081476,0.8196381092572824,0.7849396431087781,0.7892808318475008,0.6990270114326634,0.7226740851901594,0.6900211308236391,0.08393207054212933,0.02452747252747253,0.03242805026347791,0.1618223383409536,0.1824175824175824,0.1202540197270639,0.02024820378837361,0.01986813186813187,0.008107012565869477,0,0,0.0004053506282934738
"s05_confirmation","Survival-Credit-AOP","LIRCMOP2","LIR-CMOP",100,50000,5,256205,"all",249,400,50000,0.25315419757884,0.4572807027151478,0.2895650997060122,0.25315419757884,0.457280702715148,0.2895650997060124,0.25315419757884,0.457280702715148,0.2895650997060124,12608,22774,14418,1587,2582,1144,0.125872461928934,0.1133749012031264,0.07934526286586212,0.015625,0.0112847984543778,0.007559994451380219,0.8031185132249217,0.7775994665674345,0.7790052003954591,0.6939535884327273,0.7282815185635479,0.6968108720145513,0.09930203045685279,0.0243259857732502,0.0368983215425163,0.1524428934010152,0.2024238166330025,0.1217922041892079,0.03125,0.0225695969087556,0.0149812734082397,0,0,0.000138715494520738
"s05_confirmation","Survival-Credit-AOP","LIRCMOP3","LIR-CMOP",100,50000,1,256301,"all",249,400,50000,0.2169633214127638,0.4792520228388828,0.3037846557483533,0.216963321412764,0.4792520228388829,0.3037846557483535,0.216963321412764,0.4792520228388829,0.3037846557483535,10806,23872,15122,1132,2604,1202,0.104756616694429,0.1090817694369973,0.07948684036503108,0.02507866000370165,0.02911360589812332,0.02254992725829917,0.6816420478835469,0.621314052312205,0.6546898910097356,0.6808503851815143,0.7281309596544172,0.695442409250036,0.1214140292430131,0.033093163538874,0.05210950932416347,0.08809920414584491,0.1850703753351206,0.1068641714058987,0.05015732000740329,0.05822721179624665,0.04509985451659834,0,0,0
"s05_confirmation","Survival-Credit-AOP","LIRCMOP3","LIR-CMOP",100,50000,2,256302,"all",249,400,50000,0.2428072233015622,0.4364956699089773,0.3206971067894606,0.2428072233015621,0.4364956699089773,0.3206971067894607,0.2428072233015621,0.4364956699089773,0.3206971067894607,12106,21744,15950,1572,2411,1425,0.1298529654716669,0.1108811626195732,0.08934169278996865,0.05270113993061292,0.06788079470198675,0.07448275862068965,0.732982553470685,0.6824094003868163,0.7073015103631155,0.6776902095666769,0.7216473456222238,0.6897461662129623,0.1196101106889146,0.03210080941869022,0.05993730407523511,0.1400958202544193,0.1896615158204562,0.1187460815047022,0.1054022798612258,0.1357615894039735,0.1489655172413793,0,0,0
"s05_confirmation","Survival-Credit-AOP","LIRCMOP3","LIR-CMOP",100,50000,3,256303,"all",249,400,50000,0.2133714115608252,0.4718833463663715,0.3147452420728034,0.2133714115608253,0.4718833463663711,0.3147452420728036,0.2133714115608253,0.4718833463663711,0.3147452420728036,10616,23504,15680,1274,2420,1234,0.1200075357950264,0.1029611980939415,0.07869897959183673,0.03937452901281085,0.03297311095983663,0.03769132653061225,0.7382099019908679,0.6490077630034312,0.6939208566052478,0.6818327690961352,0.7279986222584596,0.6940112682559696,0.1132253202712886,0.02876106194690265,0.05229591836734694,0.1267897513187641,0.1771613342409803,0.1051020408163265,0.07874905802562171,0.06594622191967325,0.07538265306122449,0,0,0
"s05_confirmation","Survival-Credit-AOP","LIRCMOP3","LIR-CMOP",100,50000,4,256304,"all",249,400,50000,0.2349334724140033,0.4767053969175829,0.2883611306684138,0.2349334724140032,0.4767053969175828,0.2883611306684138,0.2349334724140032,0.4767053969175828,0.2883611306684138,11714,23726,14360,1320,2620,1200,0.1126856752603722,0.1104273792463964,0.08356545961002786,0.01579306812361277,0.009778302284413723,0.005710306406685237,0.7108048385233489,0.6350721732617298,0.660131309801165,0.6910340358818433,0.7135463464129171,0.6867429889029288,0.1101246371862728,0.02393998145494394,0.0415041782729805,0.1152467133344716,0.1969147770378488,0.1256267409470752,0.03158613624722554,0.01955660456882745,0.01142061281337047,0,0,0
"s05_confirmation","Survival-Credit-AOP","LIRCMOP3","LIR-CMOP",100,50000,5,256305,"all",249,400,50000,0.2271376567920306,0.4894879848719464,0.2833743583360231,0.2271376567920306,0.4894879848719459,0.2833743583360231,0.2271376567920306,0.4894879848719459,0.2833743583360231,11316,24364,14120,1278,2561,1133,0.1129374337221633,0.1051141027745855,0.08024079320113314,0.01422764227642276,0.01346248563454277,0.005736543909348442,0.7140088118967322,0.5910860525803048,0.6561194027845579,0.6779448159713879,0.7064782282734552,0.6726845324069531,0.1058677978084129,0.0259399113446068,0.03980169971671388,0.1200070696359137,0.1842882942045641,0.1206798866855524,0.02845528455284553,0.02692497126908554,0.01147308781869688,0,0,0
"s05_confirmation","Survival-Credit-AOP","LIRCMOP4","LIR-CMOP",100,50000,1,256401,"all",249,400,50000,0.2551728455814395,0.4499867630662965,0.294840391352264,0.2551728455814395,0.4499867630662965,0.2948403913522641,0.2551728455814395,0.4499867630662965,0.2948403913522641,12714,22398,14688,1917,2706,1310,0.1507786691835772,0.1208143584248594,0.08918845315904139,0.02634890671700488,0.02991338512367176,0.02342047930283224,0.7300139410793118,0.7126655405103236,0.7145513313823761,0.6928978691388253,0.7296280987214372,0.6979004638815155,0.1178228724240994,0.03544959371372444,0.04411764705882353,0.1837344659430549,0.2061791231359943,0.1342592592592593,0.05269781343400975,0.05982677024734352,0.04684095860566449,0,0,0
"s05_confirmation","Survival-Credit-AOP","LIRCMOP4","LIR-CMOP",100,50000,2,256402,"all",249,400,50000,0.2750126198397647,0.449045101061434,0.2759422790988015,0.2750126198397646,0.4490451010614338,0.2759422790988016,0.2750126198397646,0.4490451010614338,0.2759422790988016,13704,22348,13748,1880,2606,1185,0.1371862230005838,0.1166099874709146,0.08619435554262438,0.02364273204903678,0.02402899588330052,0.01083794006400931,0.7478422887132864,0.7050091743067316,0.7139662358694334,0.697489463070168,0.7201833802552449,0.6886231323826607,0.09982486865148861,0.02953284410238053,0.03913296479487925,0.1745475773496789,0.2036871308394487,0.1332557462903695,0.04728546409807356,0.04805799176660104,0.02153040442246145,0,0,0.000145475705557172
"s05_confirmation","Survival-Credit-AOP","LIRCMOP4","LIR-CMOP",100,50000,3,256403,"all",249,400,50000,0.2485654506206064,0.4556495698696579,0.2957849795097354,0.2485654506206063,0.4556495698696584,0.2957849795097356,0.2485654506206063,0.4556495698696584,0.2957849795097356,12382,22686,14732,1579,2365,1229,0.1275238249071232,0.1042493167592348,0.08342383926147162,0.01768696494911969,0.01908666137706074,0.009435243008417051,0.7494229727565335,0.6088721236265501,0.6836283826669919,0.7038480380335908,0.7399650076059886,0.702685701257354,0.09594572766919722,0.02856387199153663,0.03801248981808308,0.1591019221450493,0.1799347615269329,0.1288351887048602,0.03537392989823938,0.03817332275412148,0.0188704860168341,0,0,0
"s05_confirmation","Survival-Credit-AOP","LIRCMOP4","LIR-CMOP",100,50000,4,256404,"all",249,400,50000,0.2655118209744184,0.441104051083566,0.2933841279420156,0.2655118209744183,0.4411040510835663,0.2933841279420158,0.2655118209744183,0.4411040510835663,0.2933841279420158,13218,21960,14622,1892,2383,1256,0.1431381449538508,0.1085154826958106,0.085897961975106,0.01331517627477682,0.01311475409836066,0.005129257283545343,0.7389565480838974,0.6464570588809029,0.6896748826345287,0.688673620419968,0.7163421942355059,0.6839477808949693,0.1018308367377818,0.02531876138433516,0.03583641088770346,0.1844454531699198,0.191712204007286,0.1359595130625086,0.02647904372824936,0.02622950819672131,0.01025851456709069,0.0001513088213042821,0,0
"s05_confirmation","Survival-Credit-AOP","LIRCMOP4","LIR-CMOP",100,50000,5,256405,"all",249,400,50000,0.2318457102893221,0.4652333269584944,0.3029209627521837,0.231845710289322,0.4652333269584945,0.3029209627521837,0.231845710289322,0.4652333269584945,0.3029209627521837,11548,23166,15086,1498,2526,1283,0.129719431936266,0.109039109039109,0.08504573777011799,0.01220990647731209,0.0113960113960114,0.004706350258517831,0.7118672780734034,0.5944768136948982,0.6541806883165072,0.6986909190903514,0.7270044844496617,0.6966573696458565,0.1051264288188431,0.02227402227402227,0.03605992310751691,0.1543124350536889,0.1958041958041958,0.1340315524327191,0.02424662279182542,0.02279202279202279,0.009412700517035662,0.000173190162798753,0,0
"s05_confirmation","Survival-Credit-AOP","LIRCMOP5","LIR-CMOP",100,50000,1,256501,"all",249,400,50000,0.2873721410731164,0.3934910836747315,0.3191367752521522,0.2873721410731164,0.3934910836747315,0.3191367752521522,0.2873721410731164,0.3934910836747315,0.3191367752521522,14306,19592,15902,2293,2194,1693,0.1602823989934293,0.1119844834626378,0.1064645956483461,0.4479239479938487,0.671345447121274,0.5909948434159226,0.9749919929220262,0.9886600541808951,0.982485772664383,0.7506861131586703,0.8513623886221635,0.7912808956874792,0.1119809869984622,0.1100449162923642,0.09558546094830839,0.2085838109883965,0.1139240506329114,0.1173437303483839,0.4760240458548861,0.7097795018374847,0.6146396679662935,0.4198238501328114,0.6329113924050633,0.5673500188655515
"s05_confirmation","Survival-Credit-AOP","LIRCMOP5","LIR-CMOP",100,50000,2,256502,"all",249,400,50000,0.2778844828723515,0.3876022134611016,0.3345133036665469,0.2778844828723515,0.3876022134611018,0.3345133036665471,0.2778844828723515,0.3876022134611018,0.3345133036665471,13832,19302,16666,2402,2017,1892,0.1736552920763447,0.1044969433219356,0.1135245409816393,0.4511278195488722,0.659776188995959,0.6116044641785672,0.9774196233989845,0.990826758455588,0.9851789527162492,0.764672384751664,0.859530118314686,0.8038287050144528,0.1253614806246385,0.1006113356128899,0.1046441857674307,0.2219491035280509,0.1083825510309812,0.1224048961958478,0.5151821862348178,0.7111180188581494,0.6579863194527781,0.3870734528629265,0.6084343591337685,0.5652226089043562
"s05_confirmation","Survival-Credit-AOP","LIRCMOP5","LIR-CMOP",100,50000,3,256503,"all",249,400,50000,0.3430434647476219,0.3524681631303558,0.3044883721220223,0.3430434647476217,0.3524681631303559,0.3044883721220223,0.3430434647476217,0.3524681631303559,0.3044883721220223,17092,17550,15158,2148,1524,1334,0.1256728293938685,0.08683760683760684,0.08800633328935216,0.5484437163585303,0.4471225071225071,0.5553503100672912,0.9787540229586819,0.9726045523173058,0.9784726029381158,0.7410473274402768,0.8352310147500998,0.7689352374653554,0.0944301427568453,0.06700854700854701,0.07006201345823987,0.1569155160308917,0.1066666666666667,0.1059506531204644,0.5332319213667213,0.4714529914529915,0.532656023222061,0.5636555113503393,0.4227920227920228,0.5780445969125214
"s05_confirmation","Survival-Credit-AOP","LIRCMOP5","LIR-CMOP",100,50000,4,256504,"all",249,400,50000,0.3360009085636012,0.3639890293353913,0.3000100621010077,0.336000908563601,0.3639890293353913,0.3000100621010076,0.336000908563601,0.3639890293353913,0.3000100621010076,16726,18122,14952,1988,1586,1285,0.1188568695444219,0.08751793400286945,0.08594168004280364,0.6054047590577544,0.4214214766582055,0.5978464419475655,0.9810173410903377,0.9704653266109855,0.9803841833521661,0.7463846222725511,0.8311912858727092,0.7645401845912356,0.09553987803419825,0.05816135084427768,0.06915462814339218,0.1421738610546455,0.1168745171614612,0.1027287319422151,0.5957192395073538,0.4230217415296325,0.5840021401819154,0.615090278608155,0.4198212117867785,0.6116907437132156
"s05_confirmation","Survival-Credit-AOP","LIRCMOP5","LIR-CMOP",100,50000,5,256505,"all",249,400,50000,0.3076261812414928,0.3886496656684833,0.303724153090024,0.3076261812414927,0.3886496656684833,0.3037241530900241,0.3076261812414927,0.3886496656684833,0.3037241530900241,15306,19366,15128,2158,1764,1337,0.1409904612570234,0.09108747289063307,0.08837916446324696,0.4336208022997518,0.4617887018486007,0.4476467477525119,0.9734526251166717,0.9818578072771255,0.9763350050227591,0.7362646213793467,0.8536215790928038,0.7719716412290786,0.1002221351104142,0.07931426210885056,0.07205182443151771,0.1817587874036325,0.1028606836724156,0.1047065044949762,0.4706650986541226,0.4985025302075803,0.4736911686938128,0.3965765059453809,0.425074873489621,0.421602326811211
"s05_confirmation","Survival-Credit-AOP","LIRCMOP6","LIR-CMOP",100,50000,1,256601,"all",249,400,50000,0.2905609641598391,0.3803054105096709,0.32913362533049,0.290560964159839,0.380305410509671,0.3291336253304902,0.290560964159839,0.380305410509671,0.3291336253304902,14480,18924,16396,2119,1980,1696,0.1463397790055249,0.1046290424857324,0.1034398633813125,0.4779696132596685,0.6783449587824985,0.582337155403757,0.9742365816010219,0.986942423105358,0.980134987225786,0.7302724126738366,0.8148215910840461,0.7635490102250846,0.1116022099447514,0.09469456774466287,0.08892412783605758,0.1810773480662984,0.1145635172268019,0.1179555989265675,0.5227900552486188,0.6993236102303952,0.605147596974872,0.4331491712707182,0.6573663073346016,0.5595267138326421
"s05_confirmation","Survival-Credit-AOP","LIRCMOP6","LIR-CMOP",100,50000,2,256602,"all",249,400,50000,0.3810673526481238,0.3431952472794857,0.2757374000723905,0.3810673526481237,0.3431952472794856,0.2757374000723905,0.3810673526481237,0.3431952472794856,0.2757374000723905,18968,17104,13728,2084,1188,1079,0.1098692534795445,0.06945743685687558,0.07859848484848485,0.5824019401096584,0.4037652011225444,0.5533216783216783,0.9785550721335301,0.9692151205709612,0.9768448681614029,0.7286797402278494,0.8214896437426091,0.749233068633137,0.06843104175453395,0.04922825070159027,0.06424825174825174,0.151307465204555,0.0896866230121609,0.09294871794871795,0.6140868831716575,0.4183816651075772,0.5600233100233101,0.5507169970476592,0.3891487371375117,0.5466200466200466
"s05_confirmation","Survival-Credit-AOP","LIRCMOP6","LIR-CMOP",100,50000,3,256603,"all",249,400,50000,0.2948514602558366,0.4138758292917042,0.2912727104524591,0.2948514602558366,0.4138758292917045,0.2912727104524591,0.2948514602558366,0.4138758292917045,0.2912727104524591,14686,20614,14500,1489,2410,1453,0.1013890780335013,0.1169108372950422,0.1002068965517241,0.787552771346861,0.647812166488794,0.7875862068965517,0.989354342597533,0.9823988652047098,0.9891473687801532,0.7716923360469387,0.8822878030300723,0.820894517344923,0.09192428162876208,0.1161346657611332,0.1067586206896552,0.1108538744382405,0.1176870088289512,0.09365517241379311,0.8251395887239548,0.7265935771805569,0.8195862068965517,0.7499659539697672,0.5690307557970311,0.7555862068965518
"s05_confirmation","Survival-Credit-AOP","LIRCMOP6","LIR-CMOP",100,50000,4,256604,"all",249,400,50000,0.3495355321265827,0.3561624611895204,0.2943020066838969,0.3495355321265823,0.3561624611895203,0.2943020066838969,0.3495355321265823,0.3561624611895203,0.2943020066838969,17428,17744,14628,2063,1463,1258,0.118372733532247,0.08245040577096484,0.08599945310363687,0.5048772090888226,0.4821348061316502,0.515791632485644,0.9749227119127617,0.9741922582983201,0.9753743728960074,0.7159185499155449,0.8102375405095653,0.7413902140764795,0.08078953408308469,0.06537421100090171,0.06521739130434782,0.1559559329814092,0.09952660054102795,0.1067815149029259,0.5323617167775992,0.4996618575293057,0.5300792999726551,0.4773927014000459,0.4646077547339946,0.5015039649986328
"s05_confirmation","Survival-Credit-AOP","LIRCMOP6","LIR-CMOP",100,50000,5,256605,"all",249,400,50000,0.3109580682085766,0.4038532078788044,0.285188723912619,0.3109580682085766,0.4038532078788044,0.285188723912619,0.3109580682085766,0.4038532078788044,0.285188723912619,15482,20120,14198,1626,1555,1071,0.1050251905438574,0.07728628230616302,0.07543315959994365,0.5932696034104121,0.4271868787276342,0.5430342301732638,0.9796187926351105,0.971244229299116,0.9765824489557174,0.7426273711907722,0.8651121643107846,0.7837254699987309,0.07712181888644878,0.05248508946322068,0.05676855895196507,0.132928562201266,0.1020874751491054,0.09409776024792224,0.6349308874822375,0.4182902584493042,0.5620509930976194,0.5516083193385868,0.4360834990059642,0.5240174672489083
"s05_confirmation","Survival-Credit-AOP","LIRCMOP7","LIR-CMOP",100,50000,1,256701,"all",249,400,50000,0.3466428296915998,0.3509198868937034,0.3024372834146968,0.3466428296916001,0.3509198868937033,0.3024372834146964,0.3466428296916001,0.3509198868937033,0.3024372834146964,17248,17492,15060,2265,1329,1313,0.131319573283859,0.07597758975531671,0.08718459495351925,0.424860853432282,0.2430253830322433,0.3939575033200531,0.9728433442947192,0.9584294716417123,0.9697344240623763,0.7492807318884536,0.8324859327003934,0.7625635228182179,0.08337198515769945,0.02595472215870112,0.04887118193891102,0.1792671614100186,0.1260004573519323,0.1254980079681275,0.449095547309833,0.2349645552252458,0.3723771580345285,0.400626159554731,0.2510862108392408,0.4155378486055777
"s05_confirmation","Survival-Credit-AOP","LIRCMOP7","LIR-CMOP",100,50000,2,256702,"all",249,400,50000,0.3544194441933842,0.3734804053002942,0.2721001505063215,0.3544194441933841,0.3734804053002942,0.2721001505063216,0.3544194441933841,0.3734804053002942,0.2721001505063216,17654,18596,13550,1971,1454,1074,0.11164608587289,0.07818885781888578,0.0792619926199262,0.5488841055851366,0.2714562271456227,0.4983763837638376,0.9776102507345131,0.960936853084114,0.9742273199858826,0.7554044329720604,0.8625431005681811,0.7791004048075366,0.07579018919225104,0.03172725317272532,0.05180811808118081,0.1475019825535289,0.1246504624650462,0.1067158671586716,0.5649711113628639,0.2622069262206926,0.4611070110701107,0.5327970998074091,0.2807055280705528,0.5356457564575646
"s05_confirmation","Survival-Credit-AOP","LIRCMOP7","LIR-CMOP",100,50000,3,256703,"all",249,400,50000,0.3609012903397195,0.3419371373338053,0.2971615723264753,0.3609012903397196,0.3419371373338053,0.2971615723264749,0.3609012903397196,0.3419371373338053,0.2971615723264749,17974,17028,14798,2478,1380,1261,0.1378658061644598,0.08104298801973221,0.08521421813758616,0.441415377767887,0.3289875499177825,0.4495202054331666,0.9734916128199452,0.9650797310089312,0.972495676836605,0.7535779658549081,0.8056301571252884,0.7542706094992577,0.08567931456548347,0.02724923655156213,0.0532504392485471,0.1900522977634361,0.1348367394879023,0.1171779970266252,0.4486480471792589,0.2919896640826873,0.4064062711177186,0.434182708356515,0.3659854357528776,0.4926341397486147
"s05_confirmation","Survival-Credit-AOP","LIRCMOP7","LIR-CMOP",100,50000,4,256704,"all",249,400,50000,0.324940852451549,0.3861347664138721,0.2889243811345788,0.324940852451549,0.3861347664138725,0.2889243811345791,0.324940852451549,0.3861347664138725,0.2889243811345791,16188,19240,14372,1734,1584,1153,0.1071163825055597,0.08232848232848233,0.0802254383523518,0.636150234741784,0.3800935550935551,0.5654745338157529,0.9822807107109093,0.9691686663037571,0.9782794135210833,0.7547982318122308,0.8505233470851842,0.7784234045823164,0.07721769211761799,0.03492723492723493,0.05329807959922071,0.1370150728935014,0.1297297297297297,0.1071527971054829,0.6202125030887077,0.3432432432432432,0.5062621764542166,0.6520879663948604,0.4169438669438669,0.6246868911772891
"s05_confirmation","Survival-Credit-AOP","LIRCMOP7","LIR-CMOP",100,50000,5,256705,"all",249,400,50000,0.3318341805855742,0.3859885307042578,0.2821772887101681,0.331834180585574,0.3859885307042579,0.2821772887101677,0.331834180585574,0.3859885307042579,0.2821772887101677,16530,19230,14040,1718,1555,1088,0.1039322444041137,0.08086323452938117,0.07749287749287749,0.4988505747126437,0.2762350494019761,0.4630341880341881,0.9755908899502234,0.962394208982994,0.9731339934937092,0.7484552397375214,0.8414430791797366,0.7667473665356359,0.07114337568058077,0.02589703588143526,0.04686609686609686,0.1367211131276467,0.1358294331773271,0.1081196581196581,0.4773139745916515,0.2566822672906916,0.4131054131054131,0.5203871748336358,0.2957878315132605,0.512962962962963
"s05_confirmation","Survival-Credit-AOP","LIRCMOP8","LIR-CMOP",100,50000,1,256801,"all",249,400,50000,0.3650307850077824,0.3676697838322029,0.2672994311600148,0.3650307850077821,0.3676697838322027,0.2672994311600149,0.3650307850077821,0.3676697838322027,0.2672994311600149,18182,18312,13306,2044,1282,1026,0.1124188758112419,0.07000873743993009,0.07710807154667068,0.519909800901991,0.2720074268239406,0.4688862167443258,0.9759242096528049,0.9657673694067763,0.9736389871781901,0.7553298777824871,0.8611073586723975,0.7782539456577932,0.08260917390826092,0.03211009174311927,0.05426123553284232,0.1422285777142229,0.1079073831367409,0.09995490756049902,0.5233747662523375,0.27304499781564,0.4432586802946039,0.5164448355516444,0.2709698558322411,0.4945137531940478
"s05_confirmation","Survival-Credit-AOP","LIRCMOP8","LIR-CMOP",100,50000,2,256802,"all",249,400,50000,0.371095458994713,0.3539017296612423,0.2750028113440448,0.3710954589947128,0.3539017296612422,0.2750028113440446,0.3710954589947128,0.3539017296612422,0.2750028113440446,18480,17630,13690,2070,1236,1062,0.112012987012987,0.07010777084515031,0.07757487216946676,0.4515151515151515,0.2447532614861032,0.4048210372534697,0.9727941125039546,0.9638899631020648,0.9703798717690102,0.7590901428879854,0.8498486898055561,0.7782975948564202,0.07316017316017316,0.02813386273397618,0.05434623813002191,0.1508658008658009,0.1120816789563244,0.1008035062089116,0.4661255411255411,0.2586500283607487,0.3940102264426589,0.4369047619047619,0.2308564946114577,0.4156318480642805
"s05_confirmation","Survival-Credit-AOP","LIRCMOP8","LIR-CMOP",100,50000,3,256803,"all",249,400,50000,0.4249388145324802,0.2928365569109529,0.282224628556567,0.4249388145324803,0.2928365569109528,0.2822246285565669,0.4249388145324803,0.2928365569109528,0.2822246285565669,21166,14590,14044,2511,891,1107,0.1186336577530001,0.06106922549691569,0.0788236969524352,0.3689879996220353,0.2700479780671693,0.3646397037880946,0.9702929116094814,0.9664909318215549,0.9694091208928948,0.744189869185362,0.7914850714595373,0.7437834851688673,0.07493149390531985,0.02782727895819054,0.05112503560239248,0.1623358216006803,0.09431117203564085,0.1065223583024779,0.3842955683643579,0.2685400959561343,0.3561663343776702,0.3536804308797127,0.2715558601782043,0.3731130731985189
"s05_confirmation","Survival-Credit-AOP","LIRCMOP8","LIR-CMOP",100,50000,4,256804,"all",249,400,50000,0.3967839294048473,0.3216141718967429,0.2816018986984098,0.3967839294048471,0.3216141718967429,0.2816018986984098,0.3967839294048471,0.3216141718967429,0.2816018986984098,19754,16030,14016,2362,1014,1107,0.1195707198542067,0.06325639426076107,0.07898116438356165,0.4198643312746785,0.2720524017467249,0.4196632420091324,0.9719140790239926,0.9657896652338742,0.9718847192050255,0.7434666372400434,0.8034273684796261,0.7486225327360623,0.08423610408018629,0.02033686837180287,0.05322488584474886,0.1549053356282272,0.1061759201497193,0.1047374429223744,0.4296851270628733,0.2694946974422957,0.3954052511415525,0.4100435354864838,0.2746101060511541,0.4439212328767123
"s05_confirmation","Survival-Credit-AOP","LIRCMOP8","LIR-CMOP",100,50000,5,256805,"all",249,400,50000,0.3945380600916345,0.3533340340578894,0.252127905850476,0.3945380600916343,0.3533340340578894,0.2521279058504762,0.3945380600916343,0.3533340340578894,0.2521279058504762,19642,17600,12558,2051,1289,938,0.1044191019244476,0.07323863636363637,0.07469342251950947,0.5864983199266877,0.3217613636363637,0.5379837553750597,0.9797012909348579,0.9660987774265056,0.9770154672757869,0.7574070737056658,0.8485700959245835,0.7670014611069984,0.07636696874045412,0.03625,0.05239687848383501,0.1324712351084411,0.1102272727272727,0.09698996655518395,0.6127685571734039,0.3313636363636364,0.5255613951266125,0.5602280826799715,0.3121590909090909,0.5504061156235069
"s05_confirmation","Survival-Credit-AOP","LIRCMOP9","LIR-CMOP",100,50000,1,256901,"all",249,400,50000,0.2661859311746262,0.3870445065617141,0.3467695622636596,0.2661859311746261,0.3870445065617141,0.3467695622636596,0.2661859311746261,0.3870445065617141,0.3467695622636596,13250,19284,17266,2304,2969,2784,0.1738867924528302,0.1539618336444721,0.1612417467855902,0.6812830188679245,0.627929890064302,0.7120352137148153,0.9124305231519766,0.9035094768777329,0.9296005472003382,0.8243554372842605,0.8483709671908648,0.8416024141098358,0.1550188679245283,0.1365899191039203,0.1538283331402757,0.1927547169811321,0.1713337481850239,0.1686551604309047,0.8442264150943396,0.7522298278365485,0.8496467045059655,0.5183396226415095,0.5036299522920555,0.5744237229236651
"s05_confirmation","Survival-Credit-AOP","LIRCMOP9","LIR-CMOP",100,50000,2,256902,"all",249,400,50000,0.2729869526442871,0.3887938695910521,0.3382191777646609,0.2729869526442872,0.3887938695910523,0.3382191777646607,0.2729869526442872,0.3887938695910523,0.3382191777646607,13602,19360,16838,2329,2991,2534,0.1712248198794295,0.1544938016528926,0.150492932652334,0.6492427584178797,0.6311983471074381,0.7091103456467513,0.9041956051861517,0.9044102871987725,0.929521074352314,0.8412755540984224,0.8617906574354361,0.8526359893593189,0.1420379355977062,0.1335743801652892,0.1377835847487825,0.2004117041611528,0.1754132231404959,0.1632022805558855,0.8306131451257168,0.7559917355371901,0.8447559092528804,0.4678723717100426,0.506404958677686,0.5734647820406225
"s05_confirmation","Survival-Credit-AOP","LIRCMOP9","LIR-CMOP",100,50000,3,256903,"all",249,400,50000,0.2904891563417505,0.375785786428913,0.3337250572293364,0.2904891563417504,0.3757857864289129,0.3337250572293367,0.2904891563417504,0.3757857864289129,0.3337250572293367,14450,18726,16624,2405,2796,2393,0.1664359861591695,0.1493111182313361,0.1439485081809432,0.7071280276816609,0.6388443874826445,0.7327358036573628,0.9223566723100115,0.9087339469490028,0.9363171894312993,0.8572305544694343,0.9015645348511476,0.8855452257160402,0.1554325259515571,0.1355334828580583,0.1397978825794033,0.177439446366782,0.1630887536046139,0.1480991337824832,0.855363321799308,0.7480508384064937,0.8496150144369586,0.5588927335640138,0.5296379365587952,0.6158565928777671
"s05_confirmation","Survival-Credit-AOP","LIRCMOP9","LIR-CMOP",100,50000,4,256904,"all",249,400,50000,0.2608005362332408,0.3896546670749986,0.3495447966917606,0.2608005362332408,0.3896546670749988,0.3495447966917606,0.2608005362332408,0.3896546670749988,0.3495447966917606,12982,19406,17412,1941,2926,2709,0.1495147126790941,0.150778109862929,0.1555823569951758,0.6663842243105839,0.633927651241884,0.7083620491614978,0.9104351346678936,0.9067809155677402,0.9311192166793747,0.8461162672599486,0.8726162233776935,0.8678055881964527,0.1315667847789247,0.1357312171493353,0.138754881690788,0.1674626405792636,0.1658250025765227,0.1724098322995635,0.8544138037282391,0.7574976811295475,0.8447048012864691,0.4783546448929287,0.5103576213542204,0.5720192970365265
"s05_confirmation","Survival-Credit-AOP","LIRCMOP9","LIR-CMOP",100,50000,5,256905,"all",249,400,50000,0.280719369487453,0.3622853018599588,0.356995328652588,0.2807193694874532,0.3622853018599592,0.3569953286525882,0.2807193694874532,0.3622853018599592,0.3569953286525882,13976,18036,17788,2366,2719,2911,0.1692902117916428,0.1507540474606343,0.163649651450416,0.7112907842014883,0.6498669328010646,0.7268383179671689,0.9226297290798041,0.9121855669290607,0.9357073333646558,0.8516770782375199,0.8906299126241828,0.8764034737883125,0.1697195191757298,0.1475937014859171,0.1670789296154711,0.1688609044075558,0.1539143934353515,0.1602203732853609,0.8437321121923297,0.7536039033045021,0.852484821227794,0.5788494562106469,0.546129962297627,0.6011918147065437
