config,algorithm,problem,suite,N,maxFE,run,seed,finishedFE,runtime,IGD,HV,Feasible_rate,file
"s02_controller_fast","CMOEA-AOP","CF10","CF",100,20000,1,223001,20162,24.5681,0.5014376266891142,0.04069861802349887,1,"CMOEA_AOP_CF10_N100_FE20000_run1_seed223001.mat"
"s02_controller_fast","CMOEA-AOP","CF10","CF",100,20000,2,223002,20156,27.2548,0.4529160938491392,0.07335089311845244,1,"CMOEA_AOP_CF10_N100_FE20000_run2_seed223002.mat"
"s02_controller_fast","CMOEA-AOP","CF10","CF",100,20000,3,223003,20152,7.4602,0.7129812432659524,0,1,"CMOEA_AOP_CF10_N100_FE20000_run3_seed223003.mat"
"s02_controller_fast","CMOEA-AOP","CF1","CF",100,20000,1,222101,20078,13.8049,0.01547758350093368,0.5485633676578009,1,"CMOEA_AOP_CF1_N100_FE20000_run1_seed222101.mat"
"s02_controller_fast","CMOEA-AOP","CF1","CF",100,20000,2,222102,20124,15.0548,0.01009155720110415,0.5538300494505396,1,"CMOEA_AOP_CF1_N100_FE20000_run2_seed222102.mat"
"s02_controller_fast","CMOEA-AOP","CF1","CF",100,20000,3,222103,20064,15.4366,0.01716536194035674,0.5467648530550671,1,"CMOEA_AOP_CF1_N100_FE20000_run3_seed222103.mat"
"s02_controller_fast","CMOEA-AOP","CF2","CF",100,20000,1,222201,20192,14.1765,0.04812409452224624,0.6163762642508887,1,"CMOEA_AOP_CF2_N100_FE20000_run1_seed222201.mat"
"s02_controller_fast","CMOEA-AOP","CF2","CF",100,20000,2,222202,20014,13.7851,0.0390097898928593,0.6189554443910409,1,"CMOEA_AOP_CF2_N100_FE20000_run2_seed222202.mat"
"s02_controller_fast","CMOEA-AOP","CF2","CF",100,20000,3,222203,20100,14.19,0.03502826768900056,0.6233779649687597,1,"CMOEA_AOP_CF2_N100_FE20000_run3_seed222203.mat"
"s02_controller_fast","CMOEA-AOP","CF3","CF",100,20000,1,222301,20074,11.7827,0.2057971727358479,0.1739192445659999,1,"CMOEA_AOP_CF3_N100_FE20000_run1_seed222301.mat"
"s02_controller_fast","CMOEA-AOP","CF3","CF",100,20000,2,222302,20070,10.6228,0.09909136894435187,0.2336951337923375,1,"CMOEA_AOP_CF3_N100_FE20000_run2_seed222302.mat"
"s02_controller_fast","CMOEA-AOP","CF3","CF",100,20000,3,222303,20024,8.0779,0.356721654968229,0.04081253870344706,1,"CMOEA_AOP_CF3_N100_FE20000_run3_seed222303.mat"
"s02_controller_fast","CMOEA-AOP","CF4","CF",100,20000,1,222401,20144,8.8436,0.06659212411277765,0.4389132590907869,1,"CMOEA_AOP_CF4_N100_FE20000_run1_seed222401.mat"
"s02_controller_fast","CMOEA-AOP","CF4","CF",100,20000,2,222402,20118,7.6715,0.07841062582183146,0.4289968248149151,1,"CMOEA_AOP_CF4_N100_FE20000_run2_seed222402.mat"
"s02_controller_fast","CMOEA-AOP","CF4","CF",100,20000,3,222403,20088,8.7858,0.07755243904768358,0.4348290882105059,1,"CMOEA_AOP_CF4_N100_FE20000_run3_seed222403.mat"
"s02_controller_fast","CMOEA-AOP","CF5","CF",100,20000,1,222501,20020,7.4881,0.1601746018854711,0.3202434437399414,1,"CMOEA_AOP_CF5_N100_FE20000_run1_seed222501.mat"
"s02_controller_fast","CMOEA-AOP","CF5","CF",100,20000,2,222502,20150,6.9588,0.3300310963504036,0.2466136650096438,1,"CMOEA_AOP_CF5_N100_FE20000_run2_seed222502.mat"
"s02_controller_fast","CMOEA-AOP","CF5","CF",100,20000,3,222503,20056,7.1541,0.1790121479066854,0.2844788213745454,1,"CMOEA_AOP_CF5_N100_FE20000_run3_seed222503.mat"
"s02_controller_fast","CMOEA-AOP","CF6","CF",100,20000,1,222601,20068,10.594,0.04208304409356807,0.6482801776528408,1,"CMOEA_AOP_CF6_N100_FE20000_run1_seed222601.mat"
"s02_controller_fast","CMOEA-AOP","CF6","CF",100,20000,2,222602,20168,10.8552,0.067324552273586,0.6249371583132111,1,"CMOEA_AOP_CF6_N100_FE20000_run2_seed222602.mat"
"s02_controller_fast","CMOEA-AOP","CF6","CF",100,20000,3,222603,20140,10.3427,0.05878978111026089,0.6348516124687701,1,"CMOEA_AOP_CF6_N100_FE20000_run3_seed222603.mat"
"s02_controller_fast","CMOEA-AOP","CF7","CF",100,20000,1,222701,20070,6.8686,0.1318487988815734,0.4956778627655783,1,"CMOEA_AOP_CF7_N100_FE20000_run1_seed222701.mat"
"s02_controller_fast","CMOEA-AOP","CF7","CF",100,20000,2,222702,20062,6.6518,0.6630660182902279,0.0789318874439186,1,"CMOEA_AOP_CF7_N100_FE20000_run2_seed222702.mat"
"s02_controller_fast","CMOEA-AOP","CF7","CF",100,20000,3,222703,20076,6.1564,0.1156543538781559,0.5309337955575396,1,"CMOEA_AOP_CF7_N100_FE20000_run3_seed222703.mat"
"s02_controller_fast","CMOEA-AOP","CF8","CF",100,20000,1,222801,20126,27.9073,0.3716796071672464,0.1997175710984057,1,"CMOEA_AOP_CF8_N100_FE20000_run1_seed222801.mat"
"s02_controller_fast","CMOEA-AOP","CF8","CF",100,20000,2,222802,20106,31.1596,0.1960025848302286,0.2727364232917154,1,"CMOEA_AOP_CF8_N100_FE20000_run2_seed222802.mat"
"s02_controller_fast","CMOEA-AOP","CF8","CF",100,20000,3,222803,20196,30.2299,0.2765530294287962,0.2305852030256937,1,"CMOEA_AOP_CF8_N100_FE20000_run3_seed222803.mat"
"s02_controller_fast","CMOEA-AOP","CF9","CF",100,20000,1,222901,20170,28.742,0.09068615675182588,0.4231430960124237,1,"CMOEA_AOP_CF9_N100_FE20000_run1_seed222901.mat"
"s02_controller_fast","CMOEA-AOP","CF9","CF",100,20000,2,222902,20040,32.8856,0.1410588439650482,0.3597056132082743,1,"CMOEA_AOP_CF9_N100_FE20000_run2_seed222902.mat"
"s02_controller_fast","CMOEA-AOP","CF9","CF",100,20000,3,222903,20056,34.0889,0.1475471889175487,0.360791888403677,1,"CMOEA_AOP_CF9_N100_FE20000_run3_seed222903.mat"
"s02_controller_fast","CMOEA-AOP","DASCMOP1","DAS-CMOP",100,20000,1,224501,20142,4.2428,0.7196935477011402,0.008988472045402358,1,"CMOEA_AOP_DASCMOP1_N100_FE20000_run1_seed224501.mat"
"s02_controller_fast","CMOEA-AOP","DASCMOP1","DAS-CMOP",100,20000,2,224502,20080,4.1461,0.7757172412340119,0,1,"CMOEA_AOP_DASCMOP1_N100_FE20000_run2_seed224502.mat"
"s02_controller_fast","CMOEA-AOP","DASCMOP1","DAS-CMOP",100,20000,3,224503,20148,5.3095,0.7408697670431931,0.004648147155427989,1,"CMOEA_AOP_DASCMOP1_N100_FE20000_run3_seed224503.mat"
"s02_controller_fast","CMOEA-AOP","DASCMOP2","DAS-CMOP",100,20000,1,224601,20038,4.157,0.2270263921417737,0.264975719918164,1,"CMOEA_AOP_DASCMOP2_N100_FE20000_run1_seed224601.mat"
"s02_controller_fast","CMOEA-AOP","DASCMOP2","DAS-CMOP",100,20000,2,224602,20046,4.4721,0.265181311622721,0.2492092779226854,1,"CMOEA_AOP_DASCMOP2_N100_FE20000_run2_seed224602.mat"
"s02_controller_fast","CMOEA-AOP","DASCMOP2","DAS-CMOP",100,20000,3,224603,20124,4.654,0.2095852942768867,0.2704863731364054,1,"CMOEA_AOP_DASCMOP2_N100_FE20000_run3_seed224603.mat"
"s02_controller_fast","CMOEA-AOP","DASCMOP3","DAS-CMOP",100,20000,1,224701,20040,3.5398,0.2346223147517213,0.2430858694927397,1,"CMOEA_AOP_DASCMOP3_N100_FE20000_run1_seed224701.mat"
"s02_controller_fast","CMOEA-AOP","DASCMOP3","DAS-CMOP",100,20000,2,224702,20034,3.7223,0.3451611898903715,0.207730969680788,1,"CMOEA_AOP_DASCMOP3_N100_FE20000_run2_seed224702.mat"
"s02_controller_fast","CMOEA-AOP","DASCMOP3","DAS-CMOP",100,20000,3,224703,20122,3.4257,0.3445778474901565,0.2083661722441165,1,"CMOEA_AOP_DASCMOP3_N100_FE20000_run3_seed224703.mat"
"s02_controller_fast","CMOEA-AOP","DASCMOP4","DAS-CMOP",100,20000,1,224801,20166,2.9442,NaN,NaN,0,"CMOEA_AOP_DASCMOP4_N100_FE20000_run1_seed224801.mat"
"s02_controller_fast","CMOEA-AOP","DASCMOP4","DAS-CMOP",100,20000,2,224802,20028,3.7776,NaN,NaN,0,"CMOEA_AOP_DASCMOP4_N100_FE20000_run2_seed224802.mat"
"s02_controller_fast","CMOEA-AOP","DASCMOP4","DAS-CMOP",100,20000,3,224803,20086,3.2482,NaN,NaN,0,"CMOEA_AOP_DASCMOP4_N100_FE20000_run3_seed224803.mat"
"s02_controller_fast","CMOEA-AOP","DASCMOP5","DAS-CMOP",100,20000,1,224901,20080,3.7694,NaN,NaN,0,"CMOEA_AOP_DASCMOP5_N100_FE20000_run1_seed224901.mat"
"s02_controller_fast","CMOEA-AOP","DASCMOP5","DAS-CMOP",100,20000,2,224902,20112,3.8347,0.6183685259893581,0.04769762298403148,1,"CMOEA_AOP_DASCMOP5_N100_FE20000_run2_seed224902.mat"
"s02_controller_fast","CMOEA-AOP","DASCMOP5","DAS-CMOP",100,20000,3,224903,20122,3.6869,NaN,NaN,0,"CMOEA_AOP_DASCMOP5_N100_FE20000_run3_seed224903.mat"
"s02_controller_fast","CMOEA-AOP","DASCMOP6","DAS-CMOP",100,20000,1,225001,20192,3.8286,0.02751775386881099,0.3020068383303434,1,"CMOEA_AOP_DASCMOP6_N100_FE20000_run1_seed225001.mat"
"s02_controller_fast","CMOEA-AOP","DASCMOP6","DAS-CMOP",100,20000,2,225002,20148,3.0028,NaN,NaN,0,"CMOEA_AOP_DASCMOP6_N100_FE20000_run2_seed225002.mat"
"s02_controller_fast","CMOEA-AOP","DASCMOP6","DAS-CMOP",100,20000,3,225003,20076,3.3405,NaN,NaN,0,"CMOEA_AOP_DASCMOP6_N100_FE20000_run3_seed225003.mat"
"s02_controller_fast","CMOEA-AOP","DASCMOP7","DAS-CMOP",100,20000,1,225101,20020,4.0107,NaN,NaN,0,"CMOEA_AOP_DASCMOP7_N100_FE20000_run1_seed225101.mat"
"s02_controller_fast","CMOEA-AOP","DASCMOP7","DAS-CMOP",100,20000,2,225102,20054,3.5766,NaN,NaN,0,"CMOEA_AOP_DASCMOP7_N100_FE20000_run2_seed225102.mat"
"s02_controller_fast","CMOEA-AOP","DASCMOP7","DAS-CMOP",100,20000,3,225103,20012,3.5791,NaN,NaN,0,"CMOEA_AOP_DASCMOP7_N100_FE20000_run3_seed225103.mat"
"s02_controller_fast","CMOEA-AOP","DASCMOP8","DAS-CMOP",100,20000,1,225201,20120,3.4713,NaN,NaN,0,"CMOEA_AOP_DASCMOP8_N100_FE20000_run1_seed225201.mat"
"s02_controller_fast","CMOEA-AOP","DASCMOP8","DAS-CMOP",100,20000,2,225202,20164,3.6755,NaN,NaN,0,"CMOEA_AOP_DASCMOP8_N100_FE20000_run2_seed225202.mat"
"s02_controller_fast","CMOEA-AOP","DASCMOP8","DAS-CMOP",100,20000,3,225203,20200,3.9007,NaN,NaN,0,"CMOEA_AOP_DASCMOP8_N100_FE20000_run3_seed225203.mat"
"s02_controller_fast","CMOEA-AOP","DASCMOP9","DAS-CMOP",100,20000,1,225301,20164,32.1966,0.05819658712484667,0.1985436580507522,1,"CMOEA_AOP_DASCMOP9_N100_FE20000_run1_seed225301.mat"
"s02_controller_fast","CMOEA-AOP","DASCMOP9","DAS-CMOP",100,20000,2,225302,20100,23.2886,0.3127606272643106,0.1367644029734837,1,"CMOEA_AOP_DASCMOP9_N100_FE20000_run2_seed225302.mat"
"s02_controller_fast","CMOEA-AOP","DASCMOP9","DAS-CMOP",100,20000,3,225303,20092,52.5541,0.3781407126318368,0.1329248148929189,1,"CMOEA_AOP_DASCMOP9_N100_FE20000_run3_seed225303.mat"
"s02_controller_fast","CMOEA-AOP","LIRCMOP10","LIR-CMOP",100,20000,1,224001,20120,9.2165,0.4482252794344411,0.4435878812087037,1,"CMOEA_AOP_LIRCMOP10_N100_FE20000_run1_seed224001.mat"
"s02_controller_fast","CMOEA-AOP","LIRCMOP10","LIR-CMOP",100,20000,2,224002,20064,8.1953,0.4313105611632707,0.4669346125731468,1,"CMOEA_AOP_LIRCMOP10_N100_FE20000_run2_seed224002.mat"
"s02_controller_fast","CMOEA-AOP","LIRCMOP10","LIR-CMOP",100,20000,3,224003,20134,9.31,0.4660150056570666,0.4238976251174562,1,"CMOEA_AOP_LIRCMOP10_N100_FE20000_run3_seed224003.mat"
"s02_controller_fast","CMOEA-AOP","LIRCMOP11","LIR-CMOP",100,20000,1,224101,20040,5.1113,0.2981859420013717,0.4890272752839001,1,"CMOEA_AOP_LIRCMOP11_N100_FE20000_run1_seed224101.mat"
"s02_controller_fast","CMOEA-AOP","LIRCMOP11","LIR-CMOP",100,20000,2,224102,20056,4.7131,0.1845765298490056,0.6222392025579901,1,"CMOEA_AOP_LIRCMOP11_N100_FE20000_run2_seed224102.mat"
"s02_controller_fast","CMOEA-AOP","LIRCMOP11","LIR-CMOP",100,20000,3,224103,20146,4.2692,0.1663234766126421,0.6136698707454653,1,"CMOEA_AOP_LIRCMOP11_N100_FE20000_run3_seed224103.mat"
"s02_controller_fast","CMOEA-AOP","LIRCMOP12","LIR-CMOP",100,20000,1,224201,20098,4.5288,0.2907345043807706,0.4617909283041038,1,"CMOEA_AOP_LIRCMOP12_N100_FE20000_run1_seed224201.mat"
"s02_controller_fast","CMOEA-AOP","LIRCMOP12","LIR-CMOP",100,20000,2,224202,20090,3.9247,0.4285830659958317,0.3559058067791562,1,"CMOEA_AOP_LIRCMOP12_N100_FE20000_run2_seed224202.mat"
"s02_controller_fast","CMOEA-AOP","LIRCMOP12","LIR-CMOP",100,20000,3,224203,20124,3.8604,0.1822718278890747,0.5209782362821789,1,"CMOEA_AOP_LIRCMOP12_N100_FE20000_run3_seed224203.mat"
"s02_controller_fast","CMOEA-AOP","LIRCMOP13","LIR-CMOP",100,20000,1,224301,20146,31.25,0.1058540151866264,0.5340963408453694,1,"CMOEA_AOP_LIRCMOP13_N100_FE20000_run1_seed224301.mat"
"s02_controller_fast","CMOEA-AOP","LIRCMOP13","LIR-CMOP",100,20000,2,224302,20058,26.9954,0.1121827069612714,0.5183527061597435,1,"CMOEA_AOP_LIRCMOP13_N100_FE20000_run2_seed224302.mat"
"s02_controller_fast","CMOEA-AOP","LIRCMOP13","LIR-CMOP",100,20000,3,224303,20188,26.0095,0.1275297419561684,0.5078143808560649,1,"CMOEA_AOP_LIRCMOP13_N100_FE20000_run3_seed224303.mat"
"s02_controller_fast","CMOEA-AOP","LIRCMOP14","LIR-CMOP",100,20000,1,224401,20004,25.3607,0.1008294517250182,0.54842231367526,1,"CMOEA_AOP_LIRCMOP14_N100_FE20000_run1_seed224401.mat"
"s02_controller_fast","CMOEA-AOP","LIRCMOP14","LIR-CMOP",100,20000,2,224402,20188,27.1256,0.1782287596698265,0.4665642385552853,1,"CMOEA_AOP_LIRCMOP14_N100_FE20000_run2_seed224402.mat"
"s02_controller_fast","CMOEA-AOP","LIRCMOP14","LIR-CMOP",100,20000,3,224403,20206,30.7288,0.2361970942133162,0.3864306584854142,1,"CMOEA_AOP_LIRCMOP14_N100_FE20000_run3_seed224403.mat"
"s02_controller_fast","CMOEA-AOP","LIRCMOP1","LIR-CMOP",100,20000,1,223101,20106,3.3835,0.3204614305100045,0.09998068134018415,1,"CMOEA_AOP_LIRCMOP1_N100_FE20000_run1_seed223101.mat"
"s02_controller_fast","CMOEA-AOP","LIRCMOP1","LIR-CMOP",100,20000,2,223102,20040,3.3852,0.2711786640801959,0.1223931136234749,0.16,"CMOEA_AOP_LIRCMOP1_N100_FE20000_run2_seed223102.mat"
"s02_controller_fast","CMOEA-AOP","LIRCMOP1","LIR-CMOP",100,20000,3,223103,20164,3.9872,0.2935683944860897,0.1233053332694296,1,"CMOEA_AOP_LIRCMOP1_N100_FE20000_run3_seed223103.mat"
"s02_controller_fast","CMOEA-AOP","LIRCMOP2","LIR-CMOP",100,20000,1,223201,20036,4.1608,0.2418959866859908,0.2425953519460696,1,"CMOEA_AOP_LIRCMOP2_N100_FE20000_run1_seed223201.mat"
"s02_controller_fast","CMOEA-AOP","LIRCMOP2","LIR-CMOP",100,20000,2,223202,20108,3.9168,0.2195852878011095,0.2411142409116891,1,"CMOEA_AOP_LIRCMOP2_N100_FE20000_run2_seed223202.mat"
"s02_controller_fast","CMOEA-AOP","LIRCMOP2","LIR-CMOP",100,20000,3,223203,20170,3.7363,0.2355740248340426,0.2389361494252498,0.75,"CMOEA_AOP_LIRCMOP2_N100_FE20000_run3_seed223203.mat"
"s02_controller_fast","CMOEA-AOP","LIRCMOP3","LIR-CMOP",100,20000,1,223301,20102,4.0739,0.282519912397047,0.1062666258054879,1,"CMOEA_AOP_LIRCMOP3_N100_FE20000_run1_seed223301.mat"
"s02_controller_fast","CMOEA-AOP","LIRCMOP3","LIR-CMOP",100,20000,2,223302,20082,3.4168,0.2292135919727588,0.1222689908156059,0.57,"CMOEA_AOP_LIRCMOP3_N100_FE20000_run2_seed223302.mat"
"s02_controller_fast","CMOEA-AOP","LIRCMOP3","LIR-CMOP",100,20000,3,223303,20120,3.664,0.2746419125163559,0.1057709803087022,0.48,"CMOEA_AOP_LIRCMOP3_N100_FE20000_run3_seed223303.mat"
"s02_controller_fast","CMOEA-AOP","LIRCMOP4","LIR-CMOP",100,20000,1,223401,20044,3.6659,0.3151193741242965,0.1806813057787204,0.53,"CMOEA_AOP_LIRCMOP4_N100_FE20000_run1_seed223401.mat"
"s02_controller_fast","CMOEA-AOP","LIRCMOP4","LIR-CMOP",100,20000,2,223402,20068,3.5594,0.2188726077103765,0.2269046730732493,0.16,"CMOEA_AOP_LIRCMOP4_N100_FE20000_run2_seed223402.mat"
"s02_controller_fast","CMOEA-AOP","LIRCMOP4","LIR-CMOP",100,20000,3,223403,20054,3.4456,0.249261700900887,0.210884397528558,0.14,"CMOEA_AOP_LIRCMOP4_N100_FE20000_run3_seed223403.mat"
"s02_controller_fast","CMOEA-AOP","LIRCMOP5","LIR-CMOP",100,20000,1,223501,20168,6.1835,1.21586411421638,0,1,"CMOEA_AOP_LIRCMOP5_N100_FE20000_run1_seed223501.mat"
"s02_controller_fast","CMOEA-AOP","LIRCMOP5","LIR-CMOP",100,20000,2,223502,20052,6.4382,1.240918792972297,0,1,"CMOEA_AOP_LIRCMOP5_N100_FE20000_run2_seed223502.mat"
"s02_controller_fast","CMOEA-AOP","LIRCMOP5","LIR-CMOP",100,20000,3,223503,20120,5.8154,0.3388804290740158,0.1312349949891513,1,"CMOEA_AOP_LIRCMOP5_N100_FE20000_run3_seed223503.mat"
"s02_controller_fast","CMOEA-AOP","LIRCMOP6","LIR-CMOP",100,20000,1,223601,20100,8.2809,1.352423197280633,0,1,"CMOEA_AOP_LIRCMOP6_N100_FE20000_run1_seed223601.mat"
"s02_controller_fast","CMOEA-AOP","LIRCMOP6","LIR-CMOP",100,20000,2,223602,20108,6.8456,1.347349014898509,0,1,"CMOEA_AOP_LIRCMOP6_N100_FE20000_run2_seed223602.mat"
"s02_controller_fast","CMOEA-AOP","LIRCMOP6","LIR-CMOP",100,20000,3,223603,20032,5.866,0.6204554399289439,0.06350523769567164,1,"CMOEA_AOP_LIRCMOP6_N100_FE20000_run3_seed223603.mat"
"s02_controller_fast","CMOEA-AOP","LIRCMOP7","LIR-CMOP",100,20000,1,223701,20122,5.9492,0.1711984072968538,0.2329661231756905,1,"CMOEA_AOP_LIRCMOP7_N100_FE20000_run1_seed223701.mat"
"s02_controller_fast","CMOEA-AOP","LIRCMOP7","LIR-CMOP",100,20000,2,223702,20180,6.7696,0.1749306889126072,0.2316455805692098,1,"CMOEA_AOP_LIRCMOP7_N100_FE20000_run2_seed223702.mat"
"s02_controller_fast","CMOEA-AOP","LIRCMOP7","LIR-CMOP",100,20000,3,223703,20172,6.933,0.1332858804052509,0.24303579383993,1,"CMOEA_AOP_LIRCMOP7_N100_FE20000_run3_seed223703.mat"
"s02_controller_fast","CMOEA-AOP","LIRCMOP8","LIR-CMOP",100,20000,1,223801,20004,10.4139,0.1873209522719426,0.2299857871245103,1,"CMOEA_AOP_LIRCMOP8_N100_FE20000_run1_seed223801.mat"
"s02_controller_fast","CMOEA-AOP","LIRCMOP8","LIR-CMOP",100,20000,2,223802,20110,7.8626,1.684258062811693,0,1,"CMOEA_AOP_LIRCMOP8_N100_FE20000_run2_seed223802.mat"
"s02_controller_fast","CMOEA-AOP","LIRCMOP8","LIR-CMOP",100,20000,3,223803,20044,6.1777,0.1742160451301963,0.2320171191293082,1,"CMOEA_AOP_LIRCMOP8_N100_FE20000_run3_seed223803.mat"
"s02_controller_fast","CMOEA-AOP","LIRCMOP9","LIR-CMOP",100,20000,1,223901,20048,6.9958,0.6115917852384527,0.2917256079542759,1,"CMOEA_AOP_LIRCMOP9_N100_FE20000_run1_seed223901.mat"
"s02_controller_fast","CMOEA-AOP","LIRCMOP9","LIR-CMOP",100,20000,2,223902,20142,6.224,0.510870571755222,0.3480624331770019,1,"CMOEA_AOP_LIRCMOP9_N100_FE20000_run2_seed223902.mat"
"s02_controller_fast","CMOEA-AOP","LIRCMOP9","LIR-CMOP",100,20000,3,223903,20054,5.5237,0.5317515145423194,0.3158005256921071,1,"CMOEA_AOP_LIRCMOP9_N100_FE20000_run3_seed223903.mat"
"s02_controller_fast","EMCMO","CF10","CF",100,20000,1,213001,20000,3.8419,0.24811612278596,0.1584018993914235,1,"EMCMO_CF10_N100_FE20000_run1_seed213001.mat"
"s02_controller_fast","EMCMO","CF10","CF",100,20000,2,213002,20000,4.1168,0.176853373222351,0.2697401685491773,1,"EMCMO_CF10_N100_FE20000_run2_seed213002.mat"
"s02_controller_fast","EMCMO","CF10","CF",100,20000,3,213003,20000,3.5933,0.3900737038299599,0.1155821061333489,1,"EMCMO_CF10_N100_FE20000_run3_seed213003.mat"
"s02_controller_fast","EMCMO","CF1","CF",100,20000,1,212101,20000,2.3303,0.02152740838788723,0.5394147896408203,1,"EMCMO_CF1_N100_FE20000_run1_seed212101.mat"
"s02_controller_fast","EMCMO","CF1","CF",100,20000,2,212102,20000,2.2925,0.02505941618246483,0.5356645111287911,1,"EMCMO_CF1_N100_FE20000_run2_seed212102.mat"
"s02_controller_fast","EMCMO","CF1","CF",100,20000,3,212103,20000,2.4255,0.02494764004632721,0.5352224825946563,1,"EMCMO_CF1_N100_FE20000_run3_seed212103.mat"
"s02_controller_fast","EMCMO","CF2","CF",100,20000,1,212201,20000,4.0289,0.05678309384420694,0.6197364209020608,1,"EMCMO_CF2_N100_FE20000_run1_seed212201.mat"
"s02_controller_fast","EMCMO","CF2","CF",100,20000,2,212202,20000,4.4245,0.04958864669082524,0.5825795454282313,1,"EMCMO_CF2_N100_FE20000_run2_seed212202.mat"
"s02_controller_fast","EMCMO","CF2","CF",100,20000,3,212203,20000,4.4394,0.06885554680490186,0.5788815008405704,1,"EMCMO_CF2_N100_FE20000_run3_seed212203.mat"
"s02_controller_fast","EMCMO","CF3","CF",100,20000,1,212301,20000,2.8028,0.2339117407339787,0.09897870740260097,1,"EMCMO_CF3_N100_FE20000_run1_seed212301.mat"
"s02_controller_fast","EMCMO","CF3","CF",100,20000,2,212302,20000,3.2633,0.309258954504627,0.1260409389247965,1,"EMCMO_CF3_N100_FE20000_run2_seed212302.mat"
"s02_controller_fast","EMCMO","CF3","CF",100,20000,3,212303,20000,2.8326,0.2471397130797822,0.1862722084062196,1,"EMCMO_CF3_N100_FE20000_run3_seed212303.mat"
"s02_controller_fast","EMCMO","CF4","CF",100,20000,1,212401,20000,3.9117,0.1403182522038448,0.36684312897153,1,"EMCMO_CF4_N100_FE20000_run1_seed212401.mat"
"s02_controller_fast","EMCMO","CF4","CF",100,20000,2,212402,20000,3.8638,0.08854911942862292,0.4250620884242019,1,"EMCMO_CF4_N100_FE20000_run2_seed212402.mat"
"s02_controller_fast","EMCMO","CF4","CF",100,20000,3,212403,20000,4.2311,0.07553903181448998,0.4345712948195194,1,"EMCMO_CF4_N100_FE20000_run3_seed212403.mat"
"s02_controller_fast","EMCMO","CF5","CF",100,20000,1,212501,20000,3.1295,0.2935516520961981,0.2652480353539722,1,"EMCMO_CF5_N100_FE20000_run1_seed212501.mat"
"s02_controller_fast","EMCMO","CF5","CF",100,20000,2,212502,20000,3.719,0.2512331187983292,0.340325558118398,1,"EMCMO_CF5_N100_FE20000_run2_seed212502.mat"
"s02_controller_fast","EMCMO","CF5","CF",100,20000,3,212503,20000,2.9643,0.2595686655463239,0.2125060667095806,1,"EMCMO_CF5_N100_FE20000_run3_seed212503.mat"
"s02_controller_fast","EMCMO","CF6","CF",100,20000,1,212601,20000,4.8883,0.05225096025141161,0.6475590815558634,1,"EMCMO_CF6_N100_FE20000_run1_seed212601.mat"
"s02_controller_fast","EMCMO","CF6","CF",100,20000,2,212602,20000,5.0245,0.06487530014841161,0.6319646068085405,1,"EMCMO_CF6_N100_FE20000_run2_seed212602.mat"
"s02_controller_fast","EMCMO","CF6","CF",100,20000,3,212603,20000,4.9073,0.05283074142236049,0.6378162549615566,1,"EMCMO_CF6_N100_FE20000_run3_seed212603.mat"
"s02_controller_fast","EMCMO","CF7","CF",100,20000,1,212701,20000,2.746,0.4090672755489594,0.3208924682580053,1,"EMCMO_CF7_N100_FE20000_run1_seed212701.mat"
"s02_controller_fast","EMCMO","CF7","CF",100,20000,2,212702,20000,2.8301,0.2483990248825503,0.506663202265168,1,"EMCMO_CF7_N100_FE20000_run2_seed212702.mat"
"s02_controller_fast","EMCMO","CF7","CF",100,20000,3,212703,20000,2.9266,0.3706463783582215,0.4306142004838627,1,"EMCMO_CF7_N100_FE20000_run3_seed212703.mat"
"s02_controller_fast","EMCMO","CF8","CF",100,20000,1,212801,20000,4.4356,0.2193074281044515,0.2183037649249732,1,"EMCMO_CF8_N100_FE20000_run1_seed212801.mat"
"s02_controller_fast","EMCMO","CF8","CF",100,20000,2,212802,20000,4.9218,0.2295431127579418,0.2144020847822405,1,"EMCMO_CF8_N100_FE20000_run2_seed212802.mat"
"s02_controller_fast","EMCMO","CF8","CF",100,20000,3,212803,20000,4.3091,0.2343024102992667,0.2409675348690197,1,"EMCMO_CF8_N100_FE20000_run3_seed212803.mat"
"s02_controller_fast","EMCMO","CF9","CF",100,20000,1,212901,20000,5.0017,0.1691049924156114,0.3179623052476224,1,"EMCMO_CF9_N100_FE20000_run1_seed212901.mat"
"s02_controller_fast","EMCMO","CF9","CF",100,20000,2,212902,20000,4.7698,0.1445640164612163,0.369237206794656,1,"EMCMO_CF9_N100_FE20000_run2_seed212902.mat"
"s02_controller_fast","EMCMO","CF9","CF",100,20000,3,212903,20000,5.0824,0.130720976799408,0.366330543342724,1,"EMCMO_CF9_N100_FE20000_run3_seed212903.mat"
"s02_controller_fast","EMCMO","DASCMOP1","DAS-CMOP",100,20000,1,214501,20000,2.1192,0.7214925644497878,0.008893595040941435,1,"EMCMO_DASCMOP1_N100_FE20000_run1_seed214501.mat"
"s02_controller_fast","EMCMO","DASCMOP1","DAS-CMOP",100,20000,2,214502,20000,2.1355,0.716204021490404,0.009669238164169536,1,"EMCMO_DASCMOP1_N100_FE20000_run2_seed214502.mat"
"s02_controller_fast","EMCMO","DASCMOP1","DAS-CMOP",100,20000,3,214503,20000,2.3959,0.7275847704672679,0.007181418500196083,1,"EMCMO_DASCMOP1_N100_FE20000_run3_seed214503.mat"
"s02_controller_fast","EMCMO","DASCMOP2","DAS-CMOP",100,20000,1,214601,20000,2.3216,0.2610689056756287,0.2440116151307387,1,"EMCMO_DASCMOP2_N100_FE20000_run1_seed214601.mat"
"s02_controller_fast","EMCMO","DASCMOP2","DAS-CMOP",100,20000,2,214602,20000,2.4136,0.2941211030945466,0.2448464453918052,1,"EMCMO_DASCMOP2_N100_FE20000_run2_seed214602.mat"
"s02_controller_fast","EMCMO","DASCMOP2","DAS-CMOP",100,20000,3,214603,20000,2.4391,0.2621515853877839,0.253923652903712,1,"EMCMO_DASCMOP2_N100_FE20000_run3_seed214603.mat"
"s02_controller_fast","EMCMO","DASCMOP3","DAS-CMOP",100,20000,1,214701,20000,2.3373,0.3467348274904648,0.207991622765766,1,"EMCMO_DASCMOP3_N100_FE20000_run1_seed214701.mat"
"s02_controller_fast","EMCMO","DASCMOP3","DAS-CMOP",100,20000,2,214702,20000,2.4135,0.3457922046185817,0.2079908361143314,1,"EMCMO_DASCMOP3_N100_FE20000_run2_seed214702.mat"
"s02_controller_fast","EMCMO","DASCMOP3","DAS-CMOP",100,20000,3,214703,20000,2.1659,0.3427432791529723,0.2081987227273526,1,"EMCMO_DASCMOP3_N100_FE20000_run3_seed214703.mat"
"s02_controller_fast","EMCMO","DASCMOP4","DAS-CMOP",100,20000,1,214801,20000,1.9665,0.5613634665937112,0.005999704647654674,1,"EMCMO_DASCMOP4_N100_FE20000_run1_seed214801.mat"
"s02_controller_fast","EMCMO","DASCMOP4","DAS-CMOP",100,20000,2,214802,20000,2.2663,0.2577452447745939,0.1056967584016119,1,"EMCMO_DASCMOP4_N100_FE20000_run2_seed214802.mat"
"s02_controller_fast","EMCMO","DASCMOP4","DAS-CMOP",100,20000,3,214803,20000,2.1262,0.579129835980528,0.009792017108979622,1,"EMCMO_DASCMOP4_N100_FE20000_run3_seed214803.mat"
"s02_controller_fast","EMCMO","DASCMOP5","DAS-CMOP",100,20000,1,214901,20000,2.1639,0.6886969870013476,0.03718389217168601,1,"EMCMO_DASCMOP5_N100_FE20000_run1_seed214901.mat"
"s02_controller_fast","EMCMO","DASCMOP5","DAS-CMOP",100,20000,2,214902,20000,2.2775,0.2884470161040333,0.1636670822436536,1,"EMCMO_DASCMOP5_N100_FE20000_run2_seed214902.mat"
"s02_controller_fast","EMCMO","DASCMOP5","DAS-CMOP",100,20000,3,214903,20000,2.2076,0.1576966515169259,0.2465368355403605,1,"EMCMO_DASCMOP5_N100_FE20000_run3_seed214903.mat"
"s02_controller_fast","EMCMO","DASCMOP6","DAS-CMOP",100,20000,1,215001,20000,2.1042,0.1463793307671097,0.2636547982276719,1,"EMCMO_DASCMOP6_N100_FE20000_run1_seed215001.mat"
"s02_controller_fast","EMCMO","DASCMOP6","DAS-CMOP",100,20000,2,215002,20000,1.939,0.8255916786527461,0.004122501121905065,1,"EMCMO_DASCMOP6_N100_FE20000_run2_seed215002.mat"
"s02_controller_fast","EMCMO","DASCMOP6","DAS-CMOP",100,20000,3,215003,20000,2.0419,0.4882380680382974,0.1016676082301615,1,"EMCMO_DASCMOP6_N100_FE20000_run3_seed215003.mat"
"s02_controller_fast","EMCMO","DASCMOP7","DAS-CMOP",100,20000,1,215101,20000,2.5584,0.7446990914327715,0.03087664509083439,1,"EMCMO_DASCMOP7_N100_FE20000_run1_seed215101.mat"
"s02_controller_fast","EMCMO","DASCMOP7","DAS-CMOP",100,20000,2,215102,20000,1.9249,0.9116550358759353,0.01118934113780161,1,"EMCMO_DASCMOP7_N100_FE20000_run2_seed215102.mat"
"s02_controller_fast","EMCMO","DASCMOP7","DAS-CMOP",100,20000,3,215103,20000,2.5276,0.1800651444064102,0.1987368925646167,1,"EMCMO_DASCMOP7_N100_FE20000_run3_seed215103.mat"
"s02_controller_fast","EMCMO","DASCMOP8","DAS-CMOP",100,20000,1,215201,20000,2.1898,0.1273326447720499,0.1719248660163817,1,"EMCMO_DASCMOP8_N100_FE20000_run1_seed215201.mat"
"s02_controller_fast","EMCMO","DASCMOP8","DAS-CMOP",100,20000,2,215202,20000,2.5409,0.2352320901620489,0.09550294686509087,1,"EMCMO_DASCMOP8_N100_FE20000_run2_seed215202.mat"
"s02_controller_fast","EMCMO","DASCMOP8","DAS-CMOP",100,20000,3,215203,20000,2.2826,0.2250959129006624,0.09104951757114114,1,"EMCMO_DASCMOP8_N100_FE20000_run3_seed215203.mat"
"s02_controller_fast","EMCMO","DASCMOP9","DAS-CMOP",100,20000,1,215301,20000,2.0448,0.4866482631806705,0.1071498148178257,1,"EMCMO_DASCMOP9_N100_FE20000_run1_seed215301.mat"
"s02_controller_fast","EMCMO","DASCMOP9","DAS-CMOP",100,20000,2,215302,20000,2.1609,0.2137233727573153,0.1507591469901615,1,"EMCMO_DASCMOP9_N100_FE20000_run2_seed215302.mat"
"s02_controller_fast","EMCMO","DASCMOP9","DAS-CMOP",100,20000,3,215303,20000,2.1286,0.4022542050756456,0.1134380633944935,1,"EMCMO_DASCMOP9_N100_FE20000_run3_seed215303.mat"
"s02_controller_fast","EMCMO","LIRCMOP10","LIR-CMOP",100,20000,1,214001,20000,2.2831,0.6405877311611127,0.2017957087147454,1,"EMCMO_LIRCMOP10_N100_FE20000_run1_seed214001.mat"
"s02_controller_fast","EMCMO","LIRCMOP10","LIR-CMOP",100,20000,2,214002,20000,2.4184,0.739416631147274,0.1558447817082385,1,"EMCMO_LIRCMOP10_N100_FE20000_run2_seed214002.mat"
"s02_controller_fast","EMCMO","LIRCMOP10","LIR-CMOP",100,20000,3,214003,20000,2.6299,0.66005623152669,0.2202451731673017,1,"EMCMO_LIRCMOP10_N100_FE20000_run3_seed214003.mat"
"s02_controller_fast","EMCMO","LIRCMOP11","LIR-CMOP",100,20000,1,214101,20000,2.1962,0.4518208410685859,0.3790276932295009,1,"EMCMO_LIRCMOP11_N100_FE20000_run1_seed214101.mat"
"s02_controller_fast","EMCMO","LIRCMOP11","LIR-CMOP",100,20000,2,214102,20000,2.4235,0.2233561169066328,0.5620174630743449,1,"EMCMO_LIRCMOP11_N100_FE20000_run2_seed214102.mat"
"s02_controller_fast","EMCMO","LIRCMOP11","LIR-CMOP",100,20000,3,214103,20000,2.1973,0.2579364522098219,0.5251984988937325,1,"EMCMO_LIRCMOP11_N100_FE20000_run3_seed214103.mat"
"s02_controller_fast","EMCMO","LIRCMOP12","LIR-CMOP",100,20000,1,214201,20000,2.3466,0.5588612408227407,0.3784609992440175,1,"EMCMO_LIRCMOP12_N100_FE20000_run1_seed214201.mat"
"s02_controller_fast","EMCMO","LIRCMOP12","LIR-CMOP",100,20000,2,214202,20000,2.2274,0.4022515208781532,0.4608877978386035,1,"EMCMO_LIRCMOP12_N100_FE20000_run2_seed214202.mat"
"s02_controller_fast","EMCMO","LIRCMOP12","LIR-CMOP",100,20000,3,214203,20000,2.3373,0.3329802527352661,0.4659953916228999,1,"EMCMO_LIRCMOP12_N100_FE20000_run3_seed214203.mat"
"s02_controller_fast","EMCMO","LIRCMOP13","LIR-CMOP",100,20000,1,214301,20000,4.979,0.09870338079160006,0.5383467202532215,1,"EMCMO_LIRCMOP13_N100_FE20000_run1_seed214301.mat"
"s02_controller_fast","EMCMO","LIRCMOP13","LIR-CMOP",100,20000,2,214302,20000,5.0145,0.1098199250280093,0.5212628166671626,1,"EMCMO_LIRCMOP13_N100_FE20000_run2_seed214302.mat"
"s02_controller_fast","EMCMO","LIRCMOP13","LIR-CMOP",100,20000,3,214303,20000,5.1776,0.1018031709169875,0.5357826087495721,1,"EMCMO_LIRCMOP13_N100_FE20000_run3_seed214303.mat"
"s02_controller_fast","EMCMO","LIRCMOP14","LIR-CMOP",100,20000,1,214401,20000,5.4241,0.09495708066095356,0.555033595794288,1,"EMCMO_LIRCMOP14_N100_FE20000_run1_seed214401.mat"
"s02_controller_fast","EMCMO","LIRCMOP14","LIR-CMOP",100,20000,2,214402,20000,4.46,0.0951348533601262,0.5559277752890106,1,"EMCMO_LIRCMOP14_N100_FE20000_run2_seed214402.mat"
"s02_controller_fast","EMCMO","LIRCMOP14","LIR-CMOP",100,20000,3,214403,20000,4.8391,0.09470639036688723,0.5556297548021127,1,"EMCMO_LIRCMOP14_N100_FE20000_run3_seed214403.mat"
"s02_controller_fast","EMCMO","LIRCMOP1","LIR-CMOP",100,20000,1,213101,20000,2.1704,0.2334924861545191,0.1311150355856883,1,"EMCMO_LIRCMOP1_N100_FE20000_run1_seed213101.mat"
"s02_controller_fast","EMCMO","LIRCMOP1","LIR-CMOP",100,20000,2,213102,20000,2.2894,0.2977825929866538,0.1068287751648976,1,"EMCMO_LIRCMOP1_N100_FE20000_run2_seed213102.mat"
"s02_controller_fast","EMCMO","LIRCMOP1","LIR-CMOP",100,20000,3,213103,20000,1.9609,0.2094958378682611,0.1322183326991103,1,"EMCMO_LIRCMOP1_N100_FE20000_run3_seed213103.mat"
"s02_controller_fast","EMCMO","LIRCMOP2","LIR-CMOP",100,20000,1,213201,20000,1.9187,0.2809053616618661,0.2178152120729623,1,"EMCMO_LIRCMOP2_N100_FE20000_run1_seed213201.mat"
"s02_controller_fast","EMCMO","LIRCMOP2","LIR-CMOP",100,20000,2,213202,20000,2.1498,0.2875361686518207,0.2077232643129144,1,"EMCMO_LIRCMOP2_N100_FE20000_run2_seed213202.mat"
"s02_controller_fast","EMCMO","LIRCMOP2","LIR-CMOP",100,20000,3,213203,20000,1.9551,0.203845744240251,0.2727289790209097,1,"EMCMO_LIRCMOP2_N100_FE20000_run3_seed213203.mat"
"s02_controller_fast","EMCMO","LIRCMOP3","LIR-CMOP",100,20000,1,213301,20000,2.097,0.2705839033427303,0.1175459614388755,1,"EMCMO_LIRCMOP3_N100_FE20000_run1_seed213301.mat"
"s02_controller_fast","EMCMO","LIRCMOP3","LIR-CMOP",100,20000,2,213302,20000,1.9501,0.2711783546875259,0.1070760983888151,1,"EMCMO_LIRCMOP3_N100_FE20000_run2_seed213302.mat"
"s02_controller_fast","EMCMO","LIRCMOP3","LIR-CMOP",100,20000,3,213303,20000,2.0353,0.3395287780563545,0.09459497954939133,1,"EMCMO_LIRCMOP3_N100_FE20000_run3_seed213303.mat"
"s02_controller_fast","EMCMO","LIRCMOP4","LIR-CMOP",100,20000,1,213401,20000,2.1149,0.2603706813691304,0.2058676320579823,1,"EMCMO_LIRCMOP4_N100_FE20000_run1_seed213401.mat"
"s02_controller_fast","EMCMO","LIRCMOP4","LIR-CMOP",100,20000,2,213402,20000,1.8957,0.2482726034135848,0.210641647584679,1,"EMCMO_LIRCMOP4_N100_FE20000_run2_seed213402.mat"
"s02_controller_fast","EMCMO","LIRCMOP4","LIR-CMOP",100,20000,3,213403,20000,1.852,0.3157248534940083,0.1800374133315467,1,"EMCMO_LIRCMOP4_N100_FE20000_run3_seed213403.mat"
"s02_controller_fast","EMCMO","LIRCMOP5","LIR-CMOP",100,20000,1,213501,20000,2.1971,0.4667048192260984,0.08959110235200268,1,"EMCMO_LIRCMOP5_N100_FE20000_run1_seed213501.mat"
"s02_controller_fast","EMCMO","LIRCMOP5","LIR-CMOP",100,20000,2,213502,20000,3.0184,0.3000568109243033,0.1582525706304828,1,"EMCMO_LIRCMOP5_N100_FE20000_run2_seed213502.mat"
"s02_controller_fast","EMCMO","LIRCMOP5","LIR-CMOP",100,20000,3,213503,20000,2.6449,0.3536576023445154,0.1367612567686862,1,"EMCMO_LIRCMOP5_N100_FE20000_run3_seed213503.mat"
"s02_controller_fast","EMCMO","LIRCMOP6","LIR-CMOP",100,20000,1,213601,20000,2.906,0.3879737428045698,0.0924727929647024,1,"EMCMO_LIRCMOP6_N100_FE20000_run1_seed213601.mat"
"s02_controller_fast","EMCMO","LIRCMOP6","LIR-CMOP",100,20000,2,213602,20000,2.3921,0.4073553194363602,0.09016179423986648,1,"EMCMO_LIRCMOP6_N100_FE20000_run2_seed213602.mat"
"s02_controller_fast","EMCMO","LIRCMOP6","LIR-CMOP",100,20000,3,213603,20000,2.4274,0.3784927731853575,0.1026485086811491,1,"EMCMO_LIRCMOP6_N100_FE20000_run3_seed213603.mat"
"s02_controller_fast","EMCMO","LIRCMOP7","LIR-CMOP",100,20000,1,213701,20000,2.0547,0.1328693627903116,0.2457009323940693,1,"EMCMO_LIRCMOP7_N100_FE20000_run1_seed213701.mat"
"s02_controller_fast","EMCMO","LIRCMOP7","LIR-CMOP",100,20000,2,213702,20000,2.0112,0.1650033401671867,0.2383618025516656,1,"EMCMO_LIRCMOP7_N100_FE20000_run2_seed213702.mat"
"s02_controller_fast","EMCMO","LIRCMOP7","LIR-CMOP",100,20000,3,213703,20000,2.1618,0.1058800293300677,0.2518765474945037,1,"EMCMO_LIRCMOP7_N100_FE20000_run3_seed213703.mat"
"s02_controller_fast","EMCMO","LIRCMOP8","LIR-CMOP",100,20000,1,213801,20000,2.1211,0.2105888993280402,0.231539476454909,1,"EMCMO_LIRCMOP8_N100_FE20000_run1_seed213801.mat"
"s02_controller_fast","EMCMO","LIRCMOP8","LIR-CMOP",100,20000,2,213802,20000,2.271,0.1699331738736606,0.2381988975702104,1,"EMCMO_LIRCMOP8_N100_FE20000_run2_seed213802.mat"
"s02_controller_fast","EMCMO","LIRCMOP8","LIR-CMOP",100,20000,3,213803,20000,2.0833,0.2165478325333026,0.2267413399813437,1,"EMCMO_LIRCMOP8_N100_FE20000_run3_seed213803.mat"
"s02_controller_fast","EMCMO","LIRCMOP9","LIR-CMOP",100,20000,1,213901,20000,2.2798,0.8251084143218571,0.22753857341602,1,"EMCMO_LIRCMOP9_N100_FE20000_run1_seed213901.mat"
"s02_controller_fast","EMCMO","LIRCMOP9","LIR-CMOP",100,20000,2,213902,20000,2.3725,0.6254424797805048,0.2967746478334075,1,"EMCMO_LIRCMOP9_N100_FE20000_run2_seed213902.mat"
"s02_controller_fast","EMCMO","LIRCMOP9","LIR-CMOP",100,20000,3,213903,20000,2.2402,0.9523261785520075,0.1516536084520214,1,"EMCMO_LIRCMOP9_N100_FE20000_run3_seed213903.mat"
"s02_controller_fast","Equal-AOP","CF10","CF",100,20000,1,233001,20000,2.2636,0.5114783101154873,0.06649151772739968,1,"Equal_AOP_CF10_N100_FE20000_run1_seed233001.mat"
"s02_controller_fast","Equal-AOP","CF10","CF",100,20000,2,233002,20000,2.322,0.7266741938460414,0.09679788748071172,1,"Equal_AOP_CF10_N100_FE20000_run2_seed233002.mat"
"s02_controller_fast","Equal-AOP","CF10","CF",100,20000,3,233003,20000,2.2766,0.4958198635183816,0.04847022686860163,1,"Equal_AOP_CF10_N100_FE20000_run3_seed233003.mat"
"s02_controller_fast","Equal-AOP","CF1","CF",100,20000,1,232101,20000,2.7001,0.01508636896736571,0.5483679429827216,1,"Equal_AOP_CF1_N100_FE20000_run1_seed232101.mat"
"s02_controller_fast","Equal-AOP","CF1","CF",100,20000,2,232102,20000,2.822,0.0146097991871529,0.5502016393718832,1,"Equal_AOP_CF1_N100_FE20000_run2_seed232102.mat"
"s02_controller_fast","Equal-AOP","CF1","CF",100,20000,3,232103,20000,2.7777,0.01213311239522723,0.5514390482604039,1,"Equal_AOP_CF1_N100_FE20000_run3_seed232103.mat"
"s02_controller_fast","Equal-AOP","CF2","CF",100,20000,1,232201,20000,2.3741,0.0260089354273882,0.6467747796617666,1,"Equal_AOP_CF2_N100_FE20000_run1_seed232201.mat"
"s02_controller_fast","Equal-AOP","CF2","CF",100,20000,2,232202,20000,2.7113,0.02260717563089069,0.6376439977543693,1,"Equal_AOP_CF2_N100_FE20000_run2_seed232202.mat"
"s02_controller_fast","Equal-AOP","CF2","CF",100,20000,3,232203,20000,2.6569,0.03370749819186682,0.6289091709903488,1,"Equal_AOP_CF2_N100_FE20000_run3_seed232203.mat"
"s02_controller_fast","Equal-AOP","CF3","CF",100,20000,1,232301,20000,2.5604,0.3336667756941072,0.0546886019506563,1,"Equal_AOP_CF3_N100_FE20000_run1_seed232301.mat"
"s02_controller_fast","Equal-AOP","CF3","CF",100,20000,2,232302,20000,2.5447,0.2485415828078838,0.1051565968148079,1,"Equal_AOP_CF3_N100_FE20000_run2_seed232302.mat"
"s02_controller_fast","Equal-AOP","CF3","CF",100,20000,3,232303,20000,2.058,0.3184665400967305,0.09918454377789379,1,"Equal_AOP_CF3_N100_FE20000_run3_seed232303.mat"
"s02_controller_fast","Equal-AOP","CF4","CF",100,20000,1,232401,20000,2.5152,0.0771417239575931,0.4317736301564506,1,"Equal_AOP_CF4_N100_FE20000_run1_seed232401.mat"
"s02_controller_fast","Equal-AOP","CF4","CF",100,20000,2,232402,20000,2.2962,0.08849700795089749,0.4271387448727362,1,"Equal_AOP_CF4_N100_FE20000_run2_seed232402.mat"
"s02_controller_fast","Equal-AOP","CF4","CF",100,20000,3,232403,20000,2.147,0.06262379531476728,0.4571209192471528,1,"Equal_AOP_CF4_N100_FE20000_run3_seed232403.mat"
"s02_controller_fast","Equal-AOP","CF5","CF",100,20000,1,232501,20000,2.1281,0.2988424230627836,0.1971906689758969,1,"Equal_AOP_CF5_N100_FE20000_run1_seed232501.mat"
"s02_controller_fast","Equal-AOP","CF5","CF",100,20000,2,232502,20000,2.4097,0.146803279971277,0.3155719867268248,1,"Equal_AOP_CF5_N100_FE20000_run2_seed232502.mat"
"s02_controller_fast","Equal-AOP","CF5","CF",100,20000,3,232503,20000,2.3089,0.3420513380228303,0.2127361206249713,1,"Equal_AOP_CF5_N100_FE20000_run3_seed232503.mat"
"s02_controller_fast","Equal-AOP","CF6","CF",100,20000,1,232601,20000,2.9969,0.0744058861793143,0.6335038597947426,1,"Equal_AOP_CF6_N100_FE20000_run1_seed232601.mat"
"s02_controller_fast","Equal-AOP","CF6","CF",100,20000,2,232602,20000,2.8968,0.07141191105279253,0.6244436980958633,1,"Equal_AOP_CF6_N100_FE20000_run2_seed232602.mat"
"s02_controller_fast","Equal-AOP","CF6","CF",100,20000,3,232603,20000,2.7466,0.09718954636786653,0.617599440908462,1,"Equal_AOP_CF6_N100_FE20000_run3_seed232603.mat"
"s02_controller_fast","Equal-AOP","CF7","CF",100,20000,1,232701,20000,2.1004,0.1420183675067355,0.541643434325882,1,"Equal_AOP_CF7_N100_FE20000_run1_seed232701.mat"
"s02_controller_fast","Equal-AOP","CF7","CF",100,20000,2,232702,20000,2.1017,0.1175286871412323,0.5542414446487907,1,"Equal_AOP_CF7_N100_FE20000_run2_seed232702.mat"
"s02_controller_fast","Equal-AOP","CF7","CF",100,20000,3,232703,20000,2.0809,0.174459606056766,0.5213338728684688,1,"Equal_AOP_CF7_N100_FE20000_run3_seed232703.mat"
"s02_controller_fast","Equal-AOP","CF8","CF",100,20000,1,232801,20000,2.4621,0.2298489137657412,0.2527433554428196,1,"Equal_AOP_CF8_N100_FE20000_run1_seed232801.mat"
"s02_controller_fast","Equal-AOP","CF8","CF",100,20000,2,232802,20000,2.4156,0.3100248034621419,0.2727852886468633,1,"Equal_AOP_CF8_N100_FE20000_run2_seed232802.mat"
"s02_controller_fast","Equal-AOP","CF8","CF",100,20000,3,232803,20000,2.4999,0.2635887922836006,0.2471138304495323,1,"Equal_AOP_CF8_N100_FE20000_run3_seed232803.mat"
"s02_controller_fast","Equal-AOP","CF9","CF",100,20000,1,232901,20000,2.8983,0.1126778930049476,0.4157157160673596,1,"Equal_AOP_CF9_N100_FE20000_run1_seed232901.mat"
"s02_controller_fast","Equal-AOP","CF9","CF",100,20000,2,232902,20000,2.6435,0.1222321435221149,0.3906125959907724,1,"Equal_AOP_CF9_N100_FE20000_run2_seed232902.mat"
"s02_controller_fast","Equal-AOP","CF9","CF",100,20000,3,232903,20000,2.5104,0.1190943510067554,0.3993136300960099,1,"Equal_AOP_CF9_N100_FE20000_run3_seed232903.mat"
"s02_controller_fast","Equal-AOP","DASCMOP1","DAS-CMOP",100,20000,1,234501,20000,1.8778,0.08165180868409853,0.1500072903402869,1,"Equal_AOP_DASCMOP1_N100_FE20000_run1_seed234501.mat"
"s02_controller_fast","Equal-AOP","DASCMOP1","DAS-CMOP",100,20000,2,234502,20000,2.1037,0.01958762087824407,0.1986386063824375,1,"Equal_AOP_DASCMOP1_N100_FE20000_run2_seed234502.mat"
"s02_controller_fast","Equal-AOP","DASCMOP1","DAS-CMOP",100,20000,3,234503,20000,1.9903,0.6136340856440444,0.02046785261072803,1,"Equal_AOP_DASCMOP1_N100_FE20000_run3_seed234503.mat"
"s02_controller_fast","Equal-AOP","DASCMOP2","DAS-CMOP",100,20000,1,234601,20000,1.9373,0.2382448683749002,0.2628592115515502,1,"Equal_AOP_DASCMOP2_N100_FE20000_run1_seed234601.mat"
"s02_controller_fast","Equal-AOP","DASCMOP2","DAS-CMOP",100,20000,2,234602,20000,2.0911,0.1691334962148903,0.2645590813803952,1,"Equal_AOP_DASCMOP2_N100_FE20000_run2_seed234602.mat"
"s02_controller_fast","Equal-AOP","DASCMOP2","DAS-CMOP",100,20000,3,234603,20000,1.9184,0.03953650895001703,0.3210493721488002,1,"Equal_AOP_DASCMOP2_N100_FE20000_run3_seed234603.mat"
"s02_controller_fast","Equal-AOP","DASCMOP3","DAS-CMOP",100,20000,1,234701,20000,2.0104,0.3443287072208094,0.2085296308054401,1,"Equal_AOP_DASCMOP3_N100_FE20000_run1_seed234701.mat"
"s02_controller_fast","Equal-AOP","DASCMOP3","DAS-CMOP",100,20000,2,234702,20000,2.2359,0.2579640627811242,0.2460767106227031,1,"Equal_AOP_DASCMOP3_N100_FE20000_run2_seed234702.mat"
"s02_controller_fast","Equal-AOP","DASCMOP3","DAS-CMOP",100,20000,3,234703,20000,1.8922,0.344911056473703,0.2083033838604525,1,"Equal_AOP_DASCMOP3_N100_FE20000_run3_seed234703.mat"
"s02_controller_fast","Equal-AOP","DASCMOP4","DAS-CMOP",100,20000,1,234801,20000,1.749,NaN,NaN,0,"Equal_AOP_DASCMOP4_N100_FE20000_run1_seed234801.mat"
"s02_controller_fast","Equal-AOP","DASCMOP4","DAS-CMOP",100,20000,2,234802,20000,1.8001,NaN,NaN,0,"Equal_AOP_DASCMOP4_N100_FE20000_run2_seed234802.mat"
"s02_controller_fast","Equal-AOP","DASCMOP4","DAS-CMOP",100,20000,3,234803,20000,1.9237,NaN,NaN,0,"Equal_AOP_DASCMOP4_N100_FE20000_run3_seed234803.mat"
"s02_controller_fast","Equal-AOP","DASCMOP5","DAS-CMOP",100,20000,1,234901,20000,2.1595,NaN,NaN,0,"Equal_AOP_DASCMOP5_N100_FE20000_run1_seed234901.mat"
"s02_controller_fast","Equal-AOP","DASCMOP5","DAS-CMOP",100,20000,2,234902,20000,1.932,NaN,NaN,0,"Equal_AOP_DASCMOP5_N100_FE20000_run2_seed234902.mat"
"s02_controller_fast","Equal-AOP","DASCMOP5","DAS-CMOP",100,20000,3,234903,20000,1.8653,NaN,NaN,0,"Equal_AOP_DASCMOP5_N100_FE20000_run3_seed234903.mat"
"s02_controller_fast","Equal-AOP","DASCMOP6","DAS-CMOP",100,20000,1,235001,20000,1.9312,NaN,NaN,0,"Equal_AOP_DASCMOP6_N100_FE20000_run1_seed235001.mat"
"s02_controller_fast","Equal-AOP","DASCMOP6","DAS-CMOP",100,20000,2,235002,20000,1.9416,NaN,NaN,0,"Equal_AOP_DASCMOP6_N100_FE20000_run2_seed235002.mat"
"s02_controller_fast","Equal-AOP","DASCMOP6","DAS-CMOP",100,20000,3,235003,20000,1.7298,NaN,NaN,0,"Equal_AOP_DASCMOP6_N100_FE20000_run3_seed235003.mat"
"s02_controller_fast","Equal-AOP","DASCMOP7","DAS-CMOP",100,20000,1,235101,20000,2.2609,NaN,NaN,0,"Equal_AOP_DASCMOP7_N100_FE20000_run1_seed235101.mat"
"s02_controller_fast","Equal-AOP","DASCMOP7","DAS-CMOP",100,20000,2,235102,20000,1.8323,NaN,NaN,0,"Equal_AOP_DASCMOP7_N100_FE20000_run2_seed235102.mat"
"s02_controller_fast","Equal-AOP","DASCMOP7","DAS-CMOP",100,20000,3,235103,20000,2.0018,NaN,NaN,0,"Equal_AOP_DASCMOP7_N100_FE20000_run3_seed235103.mat"
"s02_controller_fast","Equal-AOP","DASCMOP8","DAS-CMOP",100,20000,1,235201,20000,1.8082,NaN,NaN,0,"Equal_AOP_DASCMOP8_N100_FE20000_run1_seed235201.mat"
"s02_controller_fast","Equal-AOP","DASCMOP8","DAS-CMOP",100,20000,2,235202,20000,1.7706,NaN,NaN,0,"Equal_AOP_DASCMOP8_N100_FE20000_run2_seed235202.mat"
"s02_controller_fast","Equal-AOP","DASCMOP8","DAS-CMOP",100,20000,3,235203,20000,2.0866,NaN,NaN,0,"Equal_AOP_DASCMOP8_N100_FE20000_run3_seed235203.mat"
"s02_controller_fast","Equal-AOP","DASCMOP9","DAS-CMOP",100,20000,1,235301,20000,2.0521,0.2958014645381721,0.1377145227634501,1,"Equal_AOP_DASCMOP9_N100_FE20000_run1_seed235301.mat"
"s02_controller_fast","Equal-AOP","DASCMOP9","DAS-CMOP",100,20000,2,235302,20000,2.293,0.3626802363585603,0.1330756718900178,1,"Equal_AOP_DASCMOP9_N100_FE20000_run2_seed235302.mat"
"s02_controller_fast","Equal-AOP","DASCMOP9","DAS-CMOP",100,20000,3,235303,20000,1.9403,0.3830184479448441,0.1314197975356556,1,"Equal_AOP_DASCMOP9_N100_FE20000_run3_seed235303.mat"
"s02_controller_fast","Equal-AOP","LIRCMOP10","LIR-CMOP",100,20000,1,234001,20000,3.3766,0.4629244782735255,0.4239014547063051,1,"Equal_AOP_LIRCMOP10_N100_FE20000_run1_seed234001.mat"
"s02_controller_fast","Equal-AOP","LIRCMOP10","LIR-CMOP",100,20000,2,234002,20000,3.5504,0.3221339966979371,0.5214804034305688,1,"Equal_AOP_LIRCMOP10_N100_FE20000_run2_seed234002.mat"
"s02_controller_fast","Equal-AOP","LIRCMOP10","LIR-CMOP",100,20000,3,234003,20000,3.0271,0.4374385745724496,0.4591999560919722,1,"Equal_AOP_LIRCMOP10_N100_FE20000_run3_seed234003.mat"
"s02_controller_fast","Equal-AOP","LIRCMOP11","LIR-CMOP",100,20000,1,234101,20000,2.5847,0.1629982927840823,0.5796805712945112,1,"Equal_AOP_LIRCMOP11_N100_FE20000_run1_seed234101.mat"
"s02_controller_fast","Equal-AOP","LIRCMOP11","LIR-CMOP",100,20000,2,234102,20000,2.7921,0.1815366847078242,0.5676266426683956,1,"Equal_AOP_LIRCMOP11_N100_FE20000_run2_seed234102.mat"
"s02_controller_fast","Equal-AOP","LIRCMOP11","LIR-CMOP",100,20000,3,234103,20000,2.6812,0.4247529662935728,0.4035300438207774,1,"Equal_AOP_LIRCMOP11_N100_FE20000_run3_seed234103.mat"
"s02_controller_fast","Equal-AOP","LIRCMOP12","LIR-CMOP",100,20000,1,234201,20000,2.6039,0.2905218457275076,0.4665585458686867,1,"Equal_AOP_LIRCMOP12_N100_FE20000_run1_seed234201.mat"
"s02_controller_fast","Equal-AOP","LIRCMOP12","LIR-CMOP",100,20000,2,234202,20000,2.6665,0.2609675380567044,0.4587037845604863,1,"Equal_AOP_LIRCMOP12_N100_FE20000_run2_seed234202.mat"
"s02_controller_fast","Equal-AOP","LIRCMOP12","LIR-CMOP",100,20000,3,234203,20000,2.5911,0.4218971127469034,0.3553972655621193,1,"Equal_AOP_LIRCMOP12_N100_FE20000_run3_seed234203.mat"
"s02_controller_fast","Equal-AOP","LIRCMOP13","LIR-CMOP",100,20000,1,234301,20000,3.2758,0.1146384507552479,0.5161359905272469,1,"Equal_AOP_LIRCMOP13_N100_FE20000_run1_seed234301.mat"
"s02_controller_fast","Equal-AOP","LIRCMOP13","LIR-CMOP",100,20000,2,234302,20000,3.2973,0.1128685548004033,0.5206050160040577,1,"Equal_AOP_LIRCMOP13_N100_FE20000_run2_seed234302.mat"
"s02_controller_fast","Equal-AOP","LIRCMOP13","LIR-CMOP",100,20000,3,234303,20000,3.3941,0.1137782997019445,0.5193448950872342,1,"Equal_AOP_LIRCMOP13_N100_FE20000_run3_seed234303.mat"
"s02_controller_fast","Equal-AOP","LIRCMOP14","LIR-CMOP",100,20000,1,234401,20000,3.4621,0.09723074189730101,0.5506808125905517,1,"Equal_AOP_LIRCMOP14_N100_FE20000_run1_seed234401.mat"
"s02_controller_fast","Equal-AOP","LIRCMOP14","LIR-CMOP",100,20000,2,234402,20000,3.2454,0.0998135014785263,0.5472844259064507,1,"Equal_AOP_LIRCMOP14_N100_FE20000_run2_seed234402.mat"
"s02_controller_fast","Equal-AOP","LIRCMOP14","LIR-CMOP",100,20000,3,234403,20000,3.3076,0.1066674590975758,0.5444493884985765,1,"Equal_AOP_LIRCMOP14_N100_FE20000_run3_seed234403.mat"
"s02_controller_fast","Equal-AOP","LIRCMOP1","LIR-CMOP",100,20000,1,233101,20000,1.9283,0.3059592271422469,0.1077642211037977,1,"Equal_AOP_LIRCMOP1_N100_FE20000_run1_seed233101.mat"
"s02_controller_fast","Equal-AOP","LIRCMOP1","LIR-CMOP",100,20000,2,233102,20000,2.0674,0.2245190092608116,0.1289225589210532,1,"Equal_AOP_LIRCMOP1_N100_FE20000_run2_seed233102.mat"
"s02_controller_fast","Equal-AOP","LIRCMOP1","LIR-CMOP",100,20000,3,233103,20000,1.9415,0.2665745988125163,0.1115378603702605,1,"Equal_AOP_LIRCMOP1_N100_FE20000_run3_seed233103.mat"
"s02_controller_fast","Equal-AOP","LIRCMOP2","LIR-CMOP",100,20000,1,233201,20000,2.0273,0.2370034165763577,0.2369572901750572,1,"Equal_AOP_LIRCMOP2_N100_FE20000_run1_seed233201.mat"
"s02_controller_fast","Equal-AOP","LIRCMOP2","LIR-CMOP",100,20000,2,233202,20000,1.8069,0.198140362962178,0.2578248650863397,1,"Equal_AOP_LIRCMOP2_N100_FE20000_run2_seed233202.mat"
"s02_controller_fast","Equal-AOP","LIRCMOP2","LIR-CMOP",100,20000,3,233203,20000,1.7545,0.2271153945998132,0.2486419751754217,1,"Equal_AOP_LIRCMOP2_N100_FE20000_run3_seed233203.mat"
"s02_controller_fast","Equal-AOP","LIRCMOP3","LIR-CMOP",100,20000,1,233301,20000,2.1027,0.332803119332047,0.09488818779678913,1,"Equal_AOP_LIRCMOP3_N100_FE20000_run1_seed233301.mat"
"s02_controller_fast","Equal-AOP","LIRCMOP3","LIR-CMOP",100,20000,2,233302,20000,2.1832,0.2385849789904825,0.1196698364756205,1,"Equal_AOP_LIRCMOP3_N100_FE20000_run2_seed233302.mat"
"s02_controller_fast","Equal-AOP","LIRCMOP3","LIR-CMOP",100,20000,3,233303,20000,2.1311,0.2703522828673685,0.1170179084287733,1,"Equal_AOP_LIRCMOP3_N100_FE20000_run3_seed233303.mat"
"s02_controller_fast","Equal-AOP","LIRCMOP4","LIR-CMOP",100,20000,1,233401,20000,2.0372,0.2529059941556013,0.2081771930491727,1,"Equal_AOP_LIRCMOP4_N100_FE20000_run1_seed233401.mat"
"s02_controller_fast","Equal-AOP","LIRCMOP4","LIR-CMOP",100,20000,2,233402,20000,1.988,0.2093797482507268,0.2184757294254153,1,"Equal_AOP_LIRCMOP4_N100_FE20000_run2_seed233402.mat"
"s02_controller_fast","Equal-AOP","LIRCMOP4","LIR-CMOP",100,20000,3,233403,20000,1.9231,0.2554631920886495,0.209074264955726,1,"Equal_AOP_LIRCMOP4_N100_FE20000_run3_seed233403.mat"
"s02_controller_fast","Equal-AOP","LIRCMOP5","LIR-CMOP",100,20000,1,233501,20000,2.2685,0.2672914054128295,0.1640793796146916,1,"Equal_AOP_LIRCMOP5_N100_FE20000_run1_seed233501.mat"
"s02_controller_fast","Equal-AOP","LIRCMOP5","LIR-CMOP",100,20000,2,233502,20000,2.279,1.218930302045879,0,1,"Equal_AOP_LIRCMOP5_N100_FE20000_run2_seed233502.mat"
"s02_controller_fast","Equal-AOP","LIRCMOP5","LIR-CMOP",100,20000,3,233503,20000,2.2906,1.222089172863016,0,1,"Equal_AOP_LIRCMOP5_N100_FE20000_run3_seed233503.mat"
"s02_controller_fast","Equal-AOP","LIRCMOP6","LIR-CMOP",100,20000,1,233601,20000,2.3001,1.346639803487774,0,1,"Equal_AOP_LIRCMOP6_N100_FE20000_run1_seed233601.mat"
"s02_controller_fast","Equal-AOP","LIRCMOP6","LIR-CMOP",100,20000,2,233602,20000,2.2582,1.347045855363274,0,1,"Equal_AOP_LIRCMOP6_N100_FE20000_run2_seed233602.mat"
"s02_controller_fast","Equal-AOP","LIRCMOP6","LIR-CMOP",100,20000,3,233603,20000,2.4066,1.347850611161117,0,1,"Equal_AOP_LIRCMOP6_N100_FE20000_run3_seed233603.mat"
"s02_controller_fast","Equal-AOP","LIRCMOP7","LIR-CMOP",100,20000,1,233701,20000,2.0591,0.1737595575147311,0.2328637685495051,1,"Equal_AOP_LIRCMOP7_N100_FE20000_run1_seed233701.mat"
"s02_controller_fast","Equal-AOP","LIRCMOP7","LIR-CMOP",100,20000,2,233702,20000,2.0817,0.1683955821324861,0.2328454309026664,1,"Equal_AOP_LIRCMOP7_N100_FE20000_run2_seed233702.mat"
"s02_controller_fast","Equal-AOP","LIRCMOP7","LIR-CMOP",100,20000,3,233703,20000,2.286,0.1237259549710307,0.244178567937244,1,"Equal_AOP_LIRCMOP7_N100_FE20000_run3_seed233703.mat"
"s02_controller_fast","Equal-AOP","LIRCMOP8","LIR-CMOP",100,20000,1,233801,20000,2.2792,0.284082358500693,0.2017026354104727,1,"Equal_AOP_LIRCMOP8_N100_FE20000_run1_seed233801.mat"
"s02_controller_fast","Equal-AOP","LIRCMOP8","LIR-CMOP",100,20000,2,233802,20000,2.3627,0.2252209537433539,0.2135414268652477,1,"Equal_AOP_LIRCMOP8_N100_FE20000_run2_seed233802.mat"
"s02_controller_fast","Equal-AOP","LIRCMOP8","LIR-CMOP",100,20000,3,233803,20000,2.6111,0.1911218699068604,0.2277522879126677,1,"Equal_AOP_LIRCMOP8_N100_FE20000_run3_seed233803.mat"
"s02_controller_fast","Equal-AOP","LIRCMOP9","LIR-CMOP",100,20000,1,233901,20000,2.9745,0.5408276433613796,0.298757445130042,1,"Equal_AOP_LIRCMOP9_N100_FE20000_run1_seed233901.mat"
"s02_controller_fast","Equal-AOP","LIRCMOP9","LIR-CMOP",100,20000,2,233902,20000,2.5249,0.4468004399365627,0.3934021276782851,1,"Equal_AOP_LIRCMOP9_N100_FE20000_run2_seed233902.mat"
"s02_controller_fast","Equal-AOP","LIRCMOP9","LIR-CMOP",100,20000,3,233903,20000,2.8685,0.5052190876872978,0.35530224476096,1,"Equal_AOP_LIRCMOP9_N100_FE20000_run3_seed233903.mat"
"s02_controller_fast","Random-AOP","CF10","CF",100,20000,1,243001,20000,2.3097,0.5201964404848933,0.09868624371312035,1,"Random_AOP_CF10_N100_FE20000_run1_seed243001.mat"
"s02_controller_fast","Random-AOP","CF10","CF",100,20000,2,243002,20000,2.7652,0.4754436887288416,0.05828067361060482,1,"Random_AOP_CF10_N100_FE20000_run2_seed243002.mat"
"s02_controller_fast","Random-AOP","CF10","CF",100,20000,3,243003,20000,2.3403,0.408234091142379,0.07668876345718469,1,"Random_AOP_CF10_N100_FE20000_run3_seed243003.mat"
"s02_controller_fast","Random-AOP","CF1","CF",100,20000,1,242101,20000,2.3749,0.01346587212602006,0.5500040812202159,1,"Random_AOP_CF1_N100_FE20000_run1_seed242101.mat"
"s02_controller_fast","Random-AOP","CF1","CF",100,20000,2,242102,20000,3.0881,0.010757985733769,0.553240079868264,1,"Random_AOP_CF1_N100_FE20000_run2_seed242102.mat"
"s02_controller_fast","Random-AOP","CF1","CF",100,20000,3,242103,20000,2.9483,0.01132815119951181,0.5521895962774408,1,"Random_AOP_CF1_N100_FE20000_run3_seed242103.mat"
"s02_controller_fast","Random-AOP","CF2","CF",100,20000,1,242201,20000,2.8129,0.01992038154878342,0.6504753525455376,1,"Random_AOP_CF2_N100_FE20000_run1_seed242201.mat"
"s02_controller_fast","Random-AOP","CF2","CF",100,20000,2,242202,20000,3.0665,0.02975682558319265,0.6428350871534623,1,"Random_AOP_CF2_N100_FE20000_run2_seed242202.mat"
"s02_controller_fast","Random-AOP","CF2","CF",100,20000,3,242203,20000,2.6134,0.02542213921311166,0.6517312739221097,1,"Random_AOP_CF2_N100_FE20000_run3_seed242203.mat"
"s02_controller_fast","Random-AOP","CF3","CF",100,20000,1,242301,20000,2.5914,0.1560148033542936,0.1665873663651163,1,"Random_AOP_CF3_N100_FE20000_run1_seed242301.mat"
"s02_controller_fast","Random-AOP","CF3","CF",100,20000,2,242302,20000,2.5282,0.607476541841389,0.05949102924607812,1,"Random_AOP_CF3_N100_FE20000_run2_seed242302.mat"
"s02_controller_fast","Random-AOP","CF3","CF",100,20000,3,242303,20000,2.3514,0.238775914683007,0.1266470131226543,1,"Random_AOP_CF3_N100_FE20000_run3_seed242303.mat"
"s02_controller_fast","Random-AOP","CF4","CF",100,20000,1,242401,20000,2.3926,0.06376239295576791,0.4558119804727892,1,"Random_AOP_CF4_N100_FE20000_run1_seed242401.mat"
"s02_controller_fast","Random-AOP","CF4","CF",100,20000,2,242402,20000,2.4588,0.0734612122339643,0.4342200314497074,1,"Random_AOP_CF4_N100_FE20000_run2_seed242402.mat"
"s02_controller_fast","Random-AOP","CF4","CF",100,20000,3,242403,20000,2.5213,0.07879005309899584,0.4399332735049023,1,"Random_AOP_CF4_N100_FE20000_run3_seed242403.mat"
"s02_controller_fast","Random-AOP","CF5","CF",100,20000,1,242501,20000,2.5295,0.1413517256715464,0.3524557827479468,1,"Random_AOP_CF5_N100_FE20000_run1_seed242501.mat"
"s02_controller_fast","Random-AOP","CF5","CF",100,20000,2,242502,20000,2.1936,0.1744850947486022,0.3205264409314867,1,"Random_AOP_CF5_N100_FE20000_run2_seed242502.mat"
"s02_controller_fast","Random-AOP","CF5","CF",100,20000,3,242503,20000,2.4334,0.6013948894901241,0.1122727295730611,1,"Random_AOP_CF5_N100_FE20000_run3_seed242503.mat"
"s02_controller_fast","Random-AOP","CF6","CF",100,20000,1,242601,20000,3.0752,0.0528244207475891,0.6427012548173421,1,"Random_AOP_CF6_N100_FE20000_run1_seed242601.mat"
"s02_controller_fast","Random-AOP","CF6","CF",100,20000,2,242602,20000,3.4574,0.1364286398682705,0.6188091126852865,1,"Random_AOP_CF6_N100_FE20000_run2_seed242602.mat"
"s02_controller_fast","Random-AOP","CF6","CF",100,20000,3,242603,20000,3.113,0.1327278691867711,0.6212669004767353,1,"Random_AOP_CF6_N100_FE20000_run3_seed242603.mat"
"s02_controller_fast","Random-AOP","CF7","CF",100,20000,1,242701,20000,2.6193,0.3305215267374134,0.4037839798190679,1,"Random_AOP_CF7_N100_FE20000_run1_seed242701.mat"
"s02_controller_fast","Random-AOP","CF7","CF",100,20000,2,242702,20000,2.1398,0.2605792229931717,0.4027122809188488,1,"Random_AOP_CF7_N100_FE20000_run2_seed242702.mat"
"s02_controller_fast","Random-AOP","CF7","CF",100,20000,3,242703,20000,2.5159,0.2820705259366725,0.4540847490380946,1,"Random_AOP_CF7_N100_FE20000_run3_seed242703.mat"
"s02_controller_fast","Random-AOP","CF8","CF",100,20000,1,242801,20000,2.3016,0.2020205253500749,0.2809651881471044,1,"Random_AOP_CF8_N100_FE20000_run1_seed242801.mat"
"s02_controller_fast","Random-AOP","CF8","CF",100,20000,2,242802,20000,2.321,0.215355005064956,0.2761782902773062,1,"Random_AOP_CF8_N100_FE20000_run2_seed242802.mat"
"s02_controller_fast","Random-AOP","CF8","CF",100,20000,3,242803,20000,2.4959,0.3054477894935158,0.209791377270428,1,"Random_AOP_CF8_N100_FE20000_run3_seed242803.mat"
"s02_controller_fast","Random-AOP","CF9","CF",100,20000,1,242901,20000,2.9085,0.1068665423509071,0.40826023832106,1,"Random_AOP_CF9_N100_FE20000_run1_seed242901.mat"
"s02_controller_fast","Random-AOP","CF9","CF",100,20000,2,242902,20000,2.7125,0.1108079135420775,0.4107386687811959,1,"Random_AOP_CF9_N100_FE20000_run2_seed242902.mat"
"s02_controller_fast","Random-AOP","CF9","CF",100,20000,3,242903,20000,2.9982,0.1123741239017516,0.3891470730745362,1,"Random_AOP_CF9_N100_FE20000_run3_seed242903.mat"
"s02_controller_fast","Random-AOP","DASCMOP1","DAS-CMOP",100,20000,1,244501,20000,1.9527,0.7087351721152102,0.01106224830628743,1,"Random_AOP_DASCMOP1_N100_FE20000_run1_seed244501.mat"
"s02_controller_fast","Random-AOP","DASCMOP1","DAS-CMOP",100,20000,2,244502,20000,2.5517,0.02778790213656369,0.2036605794764865,1,"Random_AOP_DASCMOP1_N100_FE20000_run2_seed244502.mat"
"s02_controller_fast","Random-AOP","DASCMOP1","DAS-CMOP",100,20000,3,244503,20000,2.2286,0.7456247985576033,0.003750332294944051,1,"Random_AOP_DASCMOP1_N100_FE20000_run3_seed244503.mat"
"s02_controller_fast","Random-AOP","DASCMOP2","DAS-CMOP",100,20000,1,244601,20000,2.0956,0.02348181140700051,0.3324345240711855,1,"Random_AOP_DASCMOP2_N100_FE20000_run1_seed244601.mat"
"s02_controller_fast","Random-AOP","DASCMOP2","DAS-CMOP",100,20000,2,244602,20000,2.2092,0.1825506766592111,0.2659522549226706,1,"Random_AOP_DASCMOP2_N100_FE20000_run2_seed244602.mat"
"s02_controller_fast","Random-AOP","DASCMOP2","DAS-CMOP",100,20000,3,244603,20000,2.204,0.2370107236055286,0.2681134862243856,1,"Random_AOP_DASCMOP2_N100_FE20000_run3_seed244603.mat"
"s02_controller_fast","Random-AOP","DASCMOP3","DAS-CMOP",100,20000,1,244701,20000,2.3376,0.2452633098233619,0.2353656451794241,1,"Random_AOP_DASCMOP3_N100_FE20000_run1_seed244701.mat"
"s02_controller_fast","Random-AOP","DASCMOP3","DAS-CMOP",100,20000,2,244702,20000,2.2997,0.3441363042852465,0.2083489522566365,1,"Random_AOP_DASCMOP3_N100_FE20000_run2_seed244702.mat"
"s02_controller_fast","Random-AOP","DASCMOP3","DAS-CMOP",100,20000,3,244703,20000,2.0269,0.2400146095375606,0.2396051668257106,1,"Random_AOP_DASCMOP3_N100_FE20000_run3_seed244703.mat"
"s02_controller_fast","Random-AOP","DASCMOP4","DAS-CMOP",100,20000,1,244801,20000,2.0717,NaN,NaN,0,"Random_AOP_DASCMOP4_N100_FE20000_run1_seed244801.mat"
"s02_controller_fast","Random-AOP","DASCMOP4","DAS-CMOP",100,20000,2,244802,20000,1.8844,NaN,NaN,0,"Random_AOP_DASCMOP4_N100_FE20000_run2_seed244802.mat"
"s02_controller_fast","Random-AOP","DASCMOP4","DAS-CMOP",100,20000,3,244803,20000,1.93,NaN,NaN,0,"Random_AOP_DASCMOP4_N100_FE20000_run3_seed244803.mat"
"s02_controller_fast","Random-AOP","DASCMOP5","DAS-CMOP",100,20000,1,244901,20000,2.079,NaN,NaN,0,"Random_AOP_DASCMOP5_N100_FE20000_run1_seed244901.mat"
"s02_controller_fast","Random-AOP","DASCMOP5","DAS-CMOP",100,20000,2,244902,20000,1.8223,NaN,NaN,0,"Random_AOP_DASCMOP5_N100_FE20000_run2_seed244902.mat"
"s02_controller_fast","Random-AOP","DASCMOP5","DAS-CMOP",100,20000,3,244903,20000,2.0251,NaN,NaN,0,"Random_AOP_DASCMOP5_N100_FE20000_run3_seed244903.mat"
"s02_controller_fast","Random-AOP","DASCMOP6","DAS-CMOP",100,20000,1,245001,20000,2.167,NaN,NaN,0,"Random_AOP_DASCMOP6_N100_FE20000_run1_seed245001.mat"
"s02_controller_fast","Random-AOP","DASCMOP6","DAS-CMOP",100,20000,2,245002,20000,1.912,NaN,NaN,0,"Random_AOP_DASCMOP6_N100_FE20000_run2_seed245002.mat"
"s02_controller_fast","Random-AOP","DASCMOP6","DAS-CMOP",100,20000,3,245003,20000,1.8909,NaN,NaN,0,"Random_AOP_DASCMOP6_N100_FE20000_run3_seed245003.mat"
"s02_controller_fast","Random-AOP","DASCMOP7","DAS-CMOP",100,20000,1,245101,20000,1.9589,NaN,NaN,0,"Random_AOP_DASCMOP7_N100_FE20000_run1_seed245101.mat"
"s02_controller_fast","Random-AOP","DASCMOP7","DAS-CMOP",100,20000,2,245102,20000,1.8538,NaN,NaN,0,"Random_AOP_DASCMOP7_N100_FE20000_run2_seed245102.mat"
"s02_controller_fast","Random-AOP","DASCMOP7","DAS-CMOP",100,20000,3,245103,20000,2.1196,NaN,NaN,0,"Random_AOP_DASCMOP7_N100_FE20000_run3_seed245103.mat"
"s02_controller_fast","Random-AOP","DASCMOP8","DAS-CMOP",100,20000,1,245201,20000,1.8889,NaN,NaN,0,"Random_AOP_DASCMOP8_N100_FE20000_run1_seed245201.mat"
"s02_controller_fast","Random-AOP","DASCMOP8","DAS-CMOP",100,20000,2,245202,20000,1.8502,NaN,NaN,0,"Random_AOP_DASCMOP8_N100_FE20000_run2_seed245202.mat"
"s02_controller_fast","Random-AOP","DASCMOP8","DAS-CMOP",100,20000,3,245203,20000,1.8839,NaN,NaN,0,"Random_AOP_DASCMOP8_N100_FE20000_run3_seed245203.mat"
"s02_controller_fast","Random-AOP","DASCMOP9","DAS-CMOP",100,20000,1,245301,20000,2.2946,0.135189797863077,0.1705255283706445,1,"Random_AOP_DASCMOP9_N100_FE20000_run1_seed245301.mat"
"s02_controller_fast","Random-AOP","DASCMOP9","DAS-CMOP",100,20000,2,245302,20000,2.2255,0.1182441524491818,0.164464530273771,1,"Random_AOP_DASCMOP9_N100_FE20000_run2_seed245302.mat"
"s02_controller_fast","Random-AOP","DASCMOP9","DAS-CMOP",100,20000,3,245303,20000,2.2931,0.4215408809233347,0.129937389668005,1,"Random_AOP_DASCMOP9_N100_FE20000_run3_seed245303.mat"
"s02_controller_fast","Random-AOP","LIRCMOP10","LIR-CMOP",100,20000,1,244001,20000,3.3076,0.4944121041708571,0.4213345992786531,1,"Random_AOP_LIRCMOP10_N100_FE20000_run1_seed244001.mat"
"s02_controller_fast","Random-AOP","LIRCMOP10","LIR-CMOP",100,20000,2,244002,20000,3.566,0.4411691463540949,0.4489507641714089,1,"Random_AOP_LIRCMOP10_N100_FE20000_run2_seed244002.mat"
"s02_controller_fast","Random-AOP","LIRCMOP10","LIR-CMOP",100,20000,3,244003,20000,3.9143,0.4955041505136026,0.4312216727026432,1,"Random_AOP_LIRCMOP10_N100_FE20000_run3_seed244003.mat"
"s02_controller_fast","Random-AOP","LIRCMOP11","LIR-CMOP",100,20000,1,244101,20000,2.6409,0.288788540361625,0.5075356439633778,1,"Random_AOP_LIRCMOP11_N100_FE20000_run1_seed244101.mat"
"s02_controller_fast","Random-AOP","LIRCMOP11","LIR-CMOP",100,20000,2,244102,20000,2.3402,0.2842525853665848,0.5140568601323744,1,"Random_AOP_LIRCMOP11_N100_FE20000_run2_seed244102.mat"
"s02_controller_fast","Random-AOP","LIRCMOP11","LIR-CMOP",100,20000,3,244103,20000,2.5011,0.3185512192322714,0.4828444820914608,1,"Random_AOP_LIRCMOP11_N100_FE20000_run3_seed244103.mat"
"s02_controller_fast","Random-AOP","LIRCMOP12","LIR-CMOP",100,20000,1,244201,20000,2.4969,0.1849983082152439,0.5152421220446961,1,"Random_AOP_LIRCMOP12_N100_FE20000_run1_seed244201.mat"
"s02_controller_fast","Random-AOP","LIRCMOP12","LIR-CMOP",100,20000,2,244202,20000,2.557,0.4210723582031366,0.3531380191627457,1,"Random_AOP_LIRCMOP12_N100_FE20000_run2_seed244202.mat"
"s02_controller_fast","Random-AOP","LIRCMOP12","LIR-CMOP",100,20000,3,244203,20000,2.8133,0.2367532963083487,0.4820316727950856,1,"Random_AOP_LIRCMOP12_N100_FE20000_run3_seed244203.mat"
"s02_controller_fast","Random-AOP","LIRCMOP13","LIR-CMOP",100,20000,1,244301,20000,3.1606,0.1198840344227344,0.515076223264475,1,"Random_AOP_LIRCMOP13_N100_FE20000_run1_seed244301.mat"
"s02_controller_fast","Random-AOP","LIRCMOP13","LIR-CMOP",100,20000,2,244302,20000,3.2621,0.1102961467682898,0.5233205646601753,1,"Random_AOP_LIRCMOP13_N100_FE20000_run2_seed244302.mat"
"s02_controller_fast","Random-AOP","LIRCMOP13","LIR-CMOP",100,20000,3,244303,20000,3.2025,0.1182951588583466,0.5122107464014118,1,"Random_AOP_LIRCMOP13_N100_FE20000_run3_seed244303.mat"
"s02_controller_fast","Random-AOP","LIRCMOP14","LIR-CMOP",100,20000,1,244401,20000,3.2896,0.1066605693435769,0.5430064938023322,1,"Random_AOP_LIRCMOP14_N100_FE20000_run1_seed244401.mat"
"s02_controller_fast","Random-AOP","LIRCMOP14","LIR-CMOP",100,20000,2,244402,20000,3.1556,0.1051589582467398,0.542390622656419,1,"Random_AOP_LIRCMOP14_N100_FE20000_run2_seed244402.mat"
"s02_controller_fast","Random-AOP","LIRCMOP14","LIR-CMOP",100,20000,3,244403,20000,3.1752,0.0990753090378783,0.5502750088372924,1,"Random_AOP_LIRCMOP14_N100_FE20000_run3_seed244403.mat"
"s02_controller_fast","Random-AOP","LIRCMOP1","LIR-CMOP",100,20000,1,243101,20000,1.9529,0.3041293106065163,0.1184785630094029,0.63,"Random_AOP_LIRCMOP1_N100_FE20000_run1_seed243101.mat"
"s02_controller_fast","Random-AOP","LIRCMOP1","LIR-CMOP",100,20000,2,243102,20000,2.0237,0.3076842865344483,0.1062537476590213,1,"Random_AOP_LIRCMOP1_N100_FE20000_run2_seed243102.mat"
"s02_controller_fast","Random-AOP","LIRCMOP1","LIR-CMOP",100,20000,3,243103,20000,2.2459,0.2643998898600215,0.1260261449354278,1,"Random_AOP_LIRCMOP1_N100_FE20000_run3_seed243103.mat"
"s02_controller_fast","Random-AOP","LIRCMOP2","LIR-CMOP",100,20000,1,243201,20000,2.0989,0.2405865514427998,0.2418556274277816,1,"Random_AOP_LIRCMOP2_N100_FE20000_run1_seed243201.mat"
"s02_controller_fast","Random-AOP","LIRCMOP2","LIR-CMOP",100,20000,2,243202,20000,2.0533,0.2466473354455448,0.2435324560060627,1,"Random_AOP_LIRCMOP2_N100_FE20000_run2_seed243202.mat"
"s02_controller_fast","Random-AOP","LIRCMOP2","LIR-CMOP",100,20000,3,243203,20000,2.1586,0.2048251191111624,0.2552418620162156,1,"Random_AOP_LIRCMOP2_N100_FE20000_run3_seed243203.mat"
"s02_controller_fast","Random-AOP","LIRCMOP3","LIR-CMOP",100,20000,1,243301,20000,2.0933,0.3382316558839826,0.09329780413567115,1,"Random_AOP_LIRCMOP3_N100_FE20000_run1_seed243301.mat"
"s02_controller_fast","Random-AOP","LIRCMOP3","LIR-CMOP",100,20000,2,243302,20000,2.0775,0.2202627619306807,0.1261900273646431,1,"Random_AOP_LIRCMOP3_N100_FE20000_run2_seed243302.mat"
"s02_controller_fast","Random-AOP","LIRCMOP3","LIR-CMOP",100,20000,3,243303,20000,2.0298,0.1563590273374989,0.1472103719417325,0.48,"Random_AOP_LIRCMOP3_N100_FE20000_run3_seed243303.mat"
"s02_controller_fast","Random-AOP","LIRCMOP4","LIR-CMOP",100,20000,1,243401,20000,2.1552,0.2129856218669308,0.2299111795728541,1,"Random_AOP_LIRCMOP4_N100_FE20000_run1_seed243401.mat"
"s02_controller_fast","Random-AOP","LIRCMOP4","LIR-CMOP",100,20000,2,243402,20000,1.8759,0.3184615261178249,0.177061257476668,0.29,"Random_AOP_LIRCMOP4_N100_FE20000_run2_seed243402.mat"
"s02_controller_fast","Random-AOP","LIRCMOP4","LIR-CMOP",100,20000,3,243403,20000,1.9755,0.3066799518757851,0.1822725858185646,1,"Random_AOP_LIRCMOP4_N100_FE20000_run3_seed243403.mat"
"s02_controller_fast","Random-AOP","LIRCMOP5","LIR-CMOP",100,20000,1,243501,20000,2.5763,1.192787421799127,0,1,"Random_AOP_LIRCMOP5_N100_FE20000_run1_seed243501.mat"
"s02_controller_fast","Random-AOP","LIRCMOP5","LIR-CMOP",100,20000,2,243502,20000,2.3221,1.226090702056061,0,1,"Random_AOP_LIRCMOP5_N100_FE20000_run2_seed243502.mat"
"s02_controller_fast","Random-AOP","LIRCMOP5","LIR-CMOP",100,20000,3,243503,20000,2.1748,0.3272029181068292,0.1387579343930838,1,"Random_AOP_LIRCMOP5_N100_FE20000_run3_seed243503.mat"
"s02_controller_fast","Random-AOP","LIRCMOP6","LIR-CMOP",100,20000,1,243601,20000,2.2124,1.346547601535875,0,1,"Random_AOP_LIRCMOP6_N100_FE20000_run1_seed243601.mat"
"s02_controller_fast","Random-AOP","LIRCMOP6","LIR-CMOP",100,20000,2,243602,20000,2.275,1.346850560656494,0,1,"Random_AOP_LIRCMOP6_N100_FE20000_run2_seed243602.mat"
"s02_controller_fast","Random-AOP","LIRCMOP6","LIR-CMOP",100,20000,3,243603,20000,2.1333,1.347779587081117,0,1,"Random_AOP_LIRCMOP6_N100_FE20000_run3_seed243603.mat"
"s02_controller_fast","Random-AOP","LIRCMOP7","LIR-CMOP",100,20000,1,243701,20000,2.0855,0.09232452818042812,0.2576733495125861,1,"Random_AOP_LIRCMOP7_N100_FE20000_run1_seed243701.mat"
"s02_controller_fast","Random-AOP","LIRCMOP7","LIR-CMOP",100,20000,2,243702,20000,2.2022,0.04402327845620693,0.2790852143549415,1,"Random_AOP_LIRCMOP7_N100_FE20000_run2_seed243702.mat"
"s02_controller_fast","Random-AOP","LIRCMOP7","LIR-CMOP",100,20000,3,243703,20000,2.476,0.1068045966601109,0.2506365566243792,1,"Random_AOP_LIRCMOP7_N100_FE20000_run3_seed243703.mat"
"s02_controller_fast","Random-AOP","LIRCMOP8","LIR-CMOP",100,20000,1,243801,20000,2.4141,0.2663017315104306,0.2162787830415419,1,"Random_AOP_LIRCMOP8_N100_FE20000_run1_seed243801.mat"
"s02_controller_fast","Random-AOP","LIRCMOP8","LIR-CMOP",100,20000,2,243802,20000,2.1395,0.1842754213991321,0.2326138698996374,1,"Random_AOP_LIRCMOP8_N100_FE20000_run2_seed243802.mat"
"s02_controller_fast","Random-AOP","LIRCMOP8","LIR-CMOP",100,20000,3,243803,20000,2.3837,0.1730138739103855,0.2371763863162925,1,"Random_AOP_LIRCMOP8_N100_FE20000_run3_seed243803.mat"
"s02_controller_fast","Random-AOP","LIRCMOP9","LIR-CMOP",100,20000,1,243901,20000,2.8223,0.5057821577603732,0.3552935510419405,1,"Random_AOP_LIRCMOP9_N100_FE20000_run1_seed243901.mat"
"s02_controller_fast","Random-AOP","LIRCMOP9","LIR-CMOP",100,20000,2,243902,20000,3.0581,0.5051726567535281,0.3543442195830135,1,"Random_AOP_LIRCMOP9_N100_FE20000_run2_seed243902.mat"
"s02_controller_fast","Random-AOP","LIRCMOP9","LIR-CMOP",100,20000,3,243903,20000,2.5329,0.5071005832605454,0.3535689634116863,1,"Random_AOP_LIRCMOP9_N100_FE20000_run3_seed243903.mat"
"s02_controller_fast","Stage-AOP","CF10","CF",100,20000,1,253001,20000,3.0407,0.3236440592896359,0.1585297194998687,1,"Stage_AOP_CF10_N100_FE20000_run1_seed253001.mat"
"s02_controller_fast","Stage-AOP","CF10","CF",100,20000,2,253002,20000,2.7977,0.1969482669490119,0.2486719831397319,1,"Stage_AOP_CF10_N100_FE20000_run2_seed253002.mat"
"s02_controller_fast","Stage-AOP","CF10","CF",100,20000,3,253003,20000,2.4455,0.2012405769191226,0.2408254571650024,1,"Stage_AOP_CF10_N100_FE20000_run3_seed253003.mat"
"s02_controller_fast","Stage-AOP","CF1","CF",100,20000,1,252101,20000,2.9361,0.01127778578229137,0.5526675972377952,1,"Stage_AOP_CF1_N100_FE20000_run1_seed252101.mat"
"s02_controller_fast","Stage-AOP","CF1","CF",100,20000,2,252102,20000,2.7873,0.01257734323580279,0.5511048404071591,1,"Stage_AOP_CF1_N100_FE20000_run2_seed252102.mat"
"s02_controller_fast","Stage-AOP","CF1","CF",100,20000,3,252103,20000,3.2961,0.01441390542308474,0.549135935012853,1,"Stage_AOP_CF1_N100_FE20000_run3_seed252103.mat"
"s02_controller_fast","Stage-AOP","CF2","CF",100,20000,1,252201,20000,2.7576,0.04855745075235749,0.62782574714666,1,"Stage_AOP_CF2_N100_FE20000_run1_seed252201.mat"
"s02_controller_fast","Stage-AOP","CF2","CF",100,20000,2,252202,20000,2.6658,0.03216156233945796,0.6269612058965452,1,"Stage_AOP_CF2_N100_FE20000_run2_seed252202.mat"
"s02_controller_fast","Stage-AOP","CF2","CF",100,20000,3,252203,20000,2.8363,0.05172046361288827,0.6111473737430717,1,"Stage_AOP_CF2_N100_FE20000_run3_seed252203.mat"
"s02_controller_fast","Stage-AOP","CF3","CF",100,20000,1,252301,20000,2.4217,0.4148058678777123,0.07540490205391241,1,"Stage_AOP_CF3_N100_FE20000_run1_seed252301.mat"
"s02_controller_fast","Stage-AOP","CF3","CF",100,20000,2,252302,20000,2.4449,0.3200930098834318,0.0800038357468285,1,"Stage_AOP_CF3_N100_FE20000_run2_seed252302.mat"
"s02_controller_fast","Stage-AOP","CF3","CF",100,20000,3,252303,20000,2.4298,0.3873687575524008,0.1073295597862305,1,"Stage_AOP_CF3_N100_FE20000_run3_seed252303.mat"
"s02_controller_fast","Stage-AOP","CF4","CF",100,20000,1,252401,20000,1.9297,0.07595168126004088,0.4447989520130253,1,"Stage_AOP_CF4_N100_FE20000_run1_seed252401.mat"
"s02_controller_fast","Stage-AOP","CF4","CF",100,20000,2,252402,20000,2.5946,0.07580763725313938,0.4313208478966668,1,"Stage_AOP_CF4_N100_FE20000_run2_seed252402.mat"
"s02_controller_fast","Stage-AOP","CF4","CF",100,20000,3,252403,20000,2.6434,0.07268239516660303,0.4340347281998977,1,"Stage_AOP_CF4_N100_FE20000_run3_seed252403.mat"
"s02_controller_fast","Stage-AOP","CF5","CF",100,20000,1,252501,20000,2.4786,0.408680830204651,0.1269014980361571,1,"Stage_AOP_CF5_N100_FE20000_run1_seed252501.mat"
"s02_controller_fast","Stage-AOP","CF5","CF",100,20000,2,252502,20000,2.5306,0.1405279063465124,0.374338497117047,1,"Stage_AOP_CF5_N100_FE20000_run2_seed252502.mat"
"s02_controller_fast","Stage-AOP","CF5","CF",100,20000,3,252503,20000,2.3571,0.147869219147401,0.3535676531141314,1,"Stage_AOP_CF5_N100_FE20000_run3_seed252503.mat"
"s02_controller_fast","Stage-AOP","CF6","CF",100,20000,1,252601,20000,3.2162,0.05673387799998687,0.6396076245726551,1,"Stage_AOP_CF6_N100_FE20000_run1_seed252601.mat"
"s02_controller_fast","Stage-AOP","CF6","CF",100,20000,2,252602,20000,3.0484,0.07102894129651241,0.6163962095778847,1,"Stage_AOP_CF6_N100_FE20000_run2_seed252602.mat"
"s02_controller_fast","Stage-AOP","CF6","CF",100,20000,3,252603,20000,2.1322,0.06537626619976368,0.6278664185564417,1,"Stage_AOP_CF6_N100_FE20000_run3_seed252603.mat"
"s02_controller_fast","Stage-AOP","CF7","CF",100,20000,1,252701,20000,2.3406,0.1114019941040392,0.5504980761393983,1,"Stage_AOP_CF7_N100_FE20000_run1_seed252701.mat"
"s02_controller_fast","Stage-AOP","CF7","CF",100,20000,2,252702,20000,2.2531,0.3524667873047265,0.4248853078653066,1,"Stage_AOP_CF7_N100_FE20000_run2_seed252702.mat"
"s02_controller_fast","Stage-AOP","CF7","CF",100,20000,3,252703,20000,2.254,0.1150233020127088,0.5553133647682581,1,"Stage_AOP_CF7_N100_FE20000_run3_seed252703.mat"
"s02_controller_fast","Stage-AOP","CF8","CF",100,20000,1,252801,20000,2.3151,0.2146222310241439,0.2793334786830478,1,"Stage_AOP_CF8_N100_FE20000_run1_seed252801.mat"
"s02_controller_fast","Stage-AOP","CF8","CF",100,20000,2,252802,20000,2.6083,0.2433432469965308,0.2548673639165336,1,"Stage_AOP_CF8_N100_FE20000_run2_seed252802.mat"
"s02_controller_fast","Stage-AOP","CF8","CF",100,20000,3,252803,20000,2.3946,0.1885399773628039,0.2800980148572759,1,"Stage_AOP_CF8_N100_FE20000_run3_seed252803.mat"
"s02_controller_fast","Stage-AOP","CF9","CF",100,20000,1,252901,20000,2.81,0.1225656109292319,0.3844002894479324,1,"Stage_AOP_CF9_N100_FE20000_run1_seed252901.mat"
"s02_controller_fast","Stage-AOP","CF9","CF",100,20000,2,252902,20000,2.0634,0.1094190589437894,0.4057258276763505,1,"Stage_AOP_CF9_N100_FE20000_run2_seed252902.mat"
"s02_controller_fast","Stage-AOP","CF9","CF",100,20000,3,252903,20000,2.8459,0.1186953427700333,0.4005813308826317,1,"Stage_AOP_CF9_N100_FE20000_run3_seed252903.mat"
"s02_controller_fast","Stage-AOP","DASCMOP1","DAS-CMOP",100,20000,1,254501,20000,2.1285,0.726247106173765,0.007987662641561772,1,"Stage_AOP_DASCMOP1_N100_FE20000_run1_seed254501.mat"
"s02_controller_fast","Stage-AOP","DASCMOP1","DAS-CMOP",100,20000,2,254502,20000,1.1905,0.6513359434089896,0.01903147810641233,1,"Stage_AOP_DASCMOP1_N100_FE20000_run2_seed254502.mat"
"s02_controller_fast","Stage-AOP","DASCMOP1","DAS-CMOP",100,20000,3,254503,20000,2.1476,0.03197755247491572,0.1983130723673354,1,"Stage_AOP_DASCMOP1_N100_FE20000_run3_seed254503.mat"
"s02_controller_fast","Stage-AOP","DASCMOP2","DAS-CMOP",100,20000,1,254601,20000,2.4491,0.2416426627245944,0.2602696726434234,1,"Stage_AOP_DASCMOP2_N100_FE20000_run1_seed254601.mat"
"s02_controller_fast","Stage-AOP","DASCMOP2","DAS-CMOP",100,20000,2,254602,20000,2.3747,0.03550579688304718,0.3278337127878226,1,"Stage_AOP_DASCMOP2_N100_FE20000_run2_seed254602.mat"
"s02_controller_fast","Stage-AOP","DASCMOP2","DAS-CMOP",100,20000,3,254603,20000,2.1271,0.1446345764122407,0.2778230105750495,1,"Stage_AOP_DASCMOP2_N100_FE20000_run3_seed254603.mat"
"s02_controller_fast","Stage-AOP","DASCMOP3","DAS-CMOP",100,20000,1,254701,20000,2.4256,0.229325849639827,0.2339762311484191,1,"Stage_AOP_DASCMOP3_N100_FE20000_run1_seed254701.mat"
"s02_controller_fast","Stage-AOP","DASCMOP3","DAS-CMOP",100,20000,2,254702,20000,2.3205,0.2576811735311836,0.2482509516429475,1,"Stage_AOP_DASCMOP3_N100_FE20000_run2_seed254702.mat"
"s02_controller_fast","Stage-AOP","DASCMOP3","DAS-CMOP",100,20000,3,254703,20000,2.3564,0.2308604997413117,0.2308549980094293,1,"Stage_AOP_DASCMOP3_N100_FE20000_run3_seed254703.mat"
"s02_controller_fast","Stage-AOP","DASCMOP4","DAS-CMOP",100,20000,1,254801,20000,1.1166,NaN,NaN,0,"Stage_AOP_DASCMOP4_N100_FE20000_run1_seed254801.mat"
"s02_controller_fast","Stage-AOP","DASCMOP4","DAS-CMOP",100,20000,2,254802,20000,2.0609,NaN,NaN,0,"Stage_AOP_DASCMOP4_N100_FE20000_run2_seed254802.mat"
"s02_controller_fast","Stage-AOP","DASCMOP4","DAS-CMOP",100,20000,3,254803,20000,1.9663,NaN,NaN,0,"Stage_AOP_DASCMOP4_N100_FE20000_run3_seed254803.mat"
"s02_controller_fast","Stage-AOP","DASCMOP5","DAS-CMOP",100,20000,1,254901,20000,2.0668,NaN,NaN,0,"Stage_AOP_DASCMOP5_N100_FE20000_run1_seed254901.mat"
"s02_controller_fast","Stage-AOP","DASCMOP5","DAS-CMOP",100,20000,2,254902,20000,2.022,NaN,NaN,0,"Stage_AOP_DASCMOP5_N100_FE20000_run2_seed254902.mat"
"s02_controller_fast","Stage-AOP","DASCMOP5","DAS-CMOP",100,20000,3,254903,20000,2.0405,NaN,NaN,0,"Stage_AOP_DASCMOP5_N100_FE20000_run3_seed254903.mat"
"s02_controller_fast","Stage-AOP","DASCMOP6","DAS-CMOP",100,20000,1,255001,20000,2.013,NaN,NaN,0,"Stage_AOP_DASCMOP6_N100_FE20000_run1_seed255001.mat"
"s02_controller_fast","Stage-AOP","DASCMOP6","DAS-CMOP",100,20000,2,255002,20000,2.1529,NaN,NaN,0,"Stage_AOP_DASCMOP6_N100_FE20000_run2_seed255002.mat"
"s02_controller_fast","Stage-AOP","DASCMOP6","DAS-CMOP",100,20000,3,255003,20000,1.0966,NaN,NaN,0,"Stage_AOP_DASCMOP6_N100_FE20000_run3_seed255003.mat"
"s02_controller_fast","Stage-AOP","DASCMOP7","DAS-CMOP",100,20000,1,255101,20000,1.9347,NaN,NaN,0,"Stage_AOP_DASCMOP7_N100_FE20000_run1_seed255101.mat"
"s02_controller_fast","Stage-AOP","DASCMOP7","DAS-CMOP",100,20000,2,255102,20000,2.0326,NaN,NaN,0,"Stage_AOP_DASCMOP7_N100_FE20000_run2_seed255102.mat"
"s02_controller_fast","Stage-AOP","DASCMOP7","DAS-CMOP",100,20000,3,255103,20000,2.1012,NaN,NaN,0,"Stage_AOP_DASCMOP7_N100_FE20000_run3_seed255103.mat"
"s02_controller_fast","Stage-AOP","DASCMOP8","DAS-CMOP",100,20000,1,255201,20000,1.9111,NaN,NaN,0,"Stage_AOP_DASCMOP8_N100_FE20000_run1_seed255201.mat"
"s02_controller_fast","Stage-AOP","DASCMOP8","DAS-CMOP",100,20000,2,255202,20000,2.1926,NaN,NaN,0,"Stage_AOP_DASCMOP8_N100_FE20000_run2_seed255202.mat"
"s02_controller_fast","Stage-AOP","DASCMOP8","DAS-CMOP",100,20000,3,255203,20000,2.151,NaN,NaN,0,"Stage_AOP_DASCMOP8_N100_FE20000_run3_seed255203.mat"
"s02_controller_fast","Stage-AOP","DASCMOP9","DAS-CMOP",100,20000,1,255301,20000,2.4205,0.06654978476342709,0.2003037935186771,1,"Stage_AOP_DASCMOP9_N100_FE20000_run1_seed255301.mat"
"s02_controller_fast","Stage-AOP","DASCMOP9","DAS-CMOP",100,20000,2,255302,20000,1.2533,0.137877741703036,0.1613629094120555,1,"Stage_AOP_DASCMOP9_N100_FE20000_run2_seed255302.mat"
"s02_controller_fast","Stage-AOP","DASCMOP9","DAS-CMOP",100,20000,3,255303,20000,2.3899,0.06088398466252864,0.1971924585113229,1,"Stage_AOP_DASCMOP9_N100_FE20000_run3_seed255303.mat"
"s02_controller_fast","Stage-AOP","LIRCMOP10","LIR-CMOP",100,20000,1,254001,20000,2.1733,0.6060554146281489,0.4226154442830637,1,"Stage_AOP_LIRCMOP10_N100_FE20000_run1_seed254001.mat"
"s02_controller_fast","Stage-AOP","LIRCMOP10","LIR-CMOP",100,20000,2,254002,20000,4.0723,0.4302003222322744,0.4585175141070366,1,"Stage_AOP_LIRCMOP10_N100_FE20000_run2_seed254002.mat"
"s02_controller_fast","Stage-AOP","LIRCMOP10","LIR-CMOP",100,20000,3,254003,20000,3.6648,0.5211961755567206,0.4313786531595601,1,"Stage_AOP_LIRCMOP10_N100_FE20000_run3_seed254003.mat"
"s02_controller_fast","Stage-AOP","LIRCMOP11","LIR-CMOP",100,20000,1,254101,20000,2.9898,0.166293300625312,0.576045126290364,1,"Stage_AOP_LIRCMOP11_N100_FE20000_run1_seed254101.mat"
"s02_controller_fast","Stage-AOP","LIRCMOP11","LIR-CMOP",100,20000,2,254102,20000,2.7786,0.2933159014113107,0.5099941452339689,1,"Stage_AOP_LIRCMOP11_N100_FE20000_run2_seed254102.mat"
"s02_controller_fast","Stage-AOP","LIRCMOP11","LIR-CMOP",100,20000,3,254103,20000,2.9406,0.3069299372763789,0.5547655874560216,1,"Stage_AOP_LIRCMOP11_N100_FE20000_run3_seed254103.mat"
"s02_controller_fast","Stage-AOP","LIRCMOP12","LIR-CMOP",100,20000,1,254201,20000,2.7133,0.1895969108401324,0.5101772433607543,1,"Stage_AOP_LIRCMOP12_N100_FE20000_run1_seed254201.mat"
"s02_controller_fast","Stage-AOP","LIRCMOP12","LIR-CMOP",100,20000,2,254202,20000,2.7892,0.4233851579483945,0.3603138974283606,1,"Stage_AOP_LIRCMOP12_N100_FE20000_run2_seed254202.mat"
"s02_controller_fast","Stage-AOP","LIRCMOP12","LIR-CMOP",100,20000,3,254203,20000,1.537,0.4201213885188847,0.3510436007307733,1,"Stage_AOP_LIRCMOP12_N100_FE20000_run3_seed254203.mat"
"s02_controller_fast","Stage-AOP","LIRCMOP13","LIR-CMOP",100,20000,1,254301,20000,3.442,0.1270671291678738,0.5066044823253191,1,"Stage_AOP_LIRCMOP13_N100_FE20000_run1_seed254301.mat"
"s02_controller_fast","Stage-AOP","LIRCMOP13","LIR-CMOP",100,20000,2,254302,20000,3.5536,0.1110126046619937,0.5253163461144292,1,"Stage_AOP_LIRCMOP13_N100_FE20000_run2_seed254302.mat"
"s02_controller_fast","Stage-AOP","LIRCMOP13","LIR-CMOP",100,20000,3,254303,20000,3.2896,0.1136866855204344,0.5167825975788154,1,"Stage_AOP_LIRCMOP13_N100_FE20000_run3_seed254303.mat"
"s02_controller_fast","Stage-AOP","LIRCMOP14","LIR-CMOP",100,20000,1,254401,20000,3.1423,0.09911325112943342,0.5440040865366282,1,"Stage_AOP_LIRCMOP14_N100_FE20000_run1_seed254401.mat"
"s02_controller_fast","Stage-AOP","LIRCMOP14","LIR-CMOP",100,20000,2,254402,20000,3.4095,0.1038102712910845,0.5441919651215474,1,"Stage_AOP_LIRCMOP14_N100_FE20000_run2_seed254402.mat"
"s02_controller_fast","Stage-AOP","LIRCMOP14","LIR-CMOP",100,20000,3,254403,20000,3.2977,0.10459148231753,0.5416132058904018,1,"Stage_AOP_LIRCMOP14_N100_FE20000_run3_seed254403.mat"
"s02_controller_fast","Stage-AOP","LIRCMOP1","LIR-CMOP",100,20000,1,253101,20000,2.1752,0.2979748955943136,0.1186304552675136,1,"Stage_AOP_LIRCMOP1_N100_FE20000_run1_seed253101.mat"
"s02_controller_fast","Stage-AOP","LIRCMOP1","LIR-CMOP",100,20000,2,253102,20000,2.1114,0.2305877802138187,0.1345696385119478,0.67,"Stage_AOP_LIRCMOP1_N100_FE20000_run2_seed253102.mat"
"s02_controller_fast","Stage-AOP","LIRCMOP1","LIR-CMOP",100,20000,3,253103,20000,2.1308,0.1633518929798874,0.1522788684298733,1,"Stage_AOP_LIRCMOP1_N100_FE20000_run3_seed253103.mat"
"s02_controller_fast","Stage-AOP","LIRCMOP2","LIR-CMOP",100,20000,1,253201,20000,1.2379,0.2404260316694239,0.2371857834185463,1,"Stage_AOP_LIRCMOP2_N100_FE20000_run1_seed253201.mat"
"s02_controller_fast","Stage-AOP","LIRCMOP2","LIR-CMOP",100,20000,2,253202,20000,2.1145,0.2266717356688984,0.2402940638327392,1,"Stage_AOP_LIRCMOP2_N100_FE20000_run2_seed253202.mat"
"s02_controller_fast","Stage-AOP","LIRCMOP2","LIR-CMOP",100,20000,3,253203,20000,2.0439,0.2283783999296502,0.2428436355578324,1,"Stage_AOP_LIRCMOP2_N100_FE20000_run3_seed253203.mat"
"s02_controller_fast","Stage-AOP","LIRCMOP3","LIR-CMOP",100,20000,1,253301,20000,2.1334,0.2344951406587311,0.1148786517505746,1,"Stage_AOP_LIRCMOP3_N100_FE20000_run1_seed253301.mat"
"s02_controller_fast","Stage-AOP","LIRCMOP3","LIR-CMOP",100,20000,2,253302,20000,2.256,0.1854520354782286,0.1393435693357758,1,"Stage_AOP_LIRCMOP3_N100_FE20000_run2_seed253302.mat"
"s02_controller_fast","Stage-AOP","LIRCMOP3","LIR-CMOP",100,20000,3,253303,20000,2.2172,0.2787010899515777,0.114184750171004,1,"Stage_AOP_LIRCMOP3_N100_FE20000_run3_seed253303.mat"
"s02_controller_fast","Stage-AOP","LIRCMOP4","LIR-CMOP",100,20000,1,253401,20000,2.3685,0.2721312436765475,0.190888220099104,1,"Stage_AOP_LIRCMOP4_N100_FE20000_run1_seed253401.mat"
"s02_controller_fast","Stage-AOP","LIRCMOP4","LIR-CMOP",100,20000,2,253402,20000,2.2271,0.2171266195224935,0.2270105816894191,1,"Stage_AOP_LIRCMOP4_N100_FE20000_run2_seed253402.mat"
"s02_controller_fast","Stage-AOP","LIRCMOP4","LIR-CMOP",100,20000,3,253403,20000,1.3467,0.2479876660439572,0.2303913087860948,1,"Stage_AOP_LIRCMOP4_N100_FE20000_run3_seed253403.mat"
"s02_controller_fast","Stage-AOP","LIRCMOP5","LIR-CMOP",100,20000,1,253501,20000,2.3829,1.17064247417497,0,1,"Stage_AOP_LIRCMOP5_N100_FE20000_run1_seed253501.mat"
"s02_controller_fast","Stage-AOP","LIRCMOP5","LIR-CMOP",100,20000,2,253502,20000,2.3049,1.20655975082534,0,1,"Stage_AOP_LIRCMOP5_N100_FE20000_run2_seed253502.mat"
"s02_controller_fast","Stage-AOP","LIRCMOP5","LIR-CMOP",100,20000,3,253503,20000,2.2796,0.2607299335064751,0.1688678027106871,1,"Stage_AOP_LIRCMOP5_N100_FE20000_run3_seed253503.mat"
"s02_controller_fast","Stage-AOP","LIRCMOP6","LIR-CMOP",100,20000,1,253601,20000,2.2678,1.347976930055647,0,1,"Stage_AOP_LIRCMOP6_N100_FE20000_run1_seed253601.mat"
"s02_controller_fast","Stage-AOP","LIRCMOP6","LIR-CMOP",100,20000,2,253602,20000,2.4986,1.348201359313683,0,1,"Stage_AOP_LIRCMOP6_N100_FE20000_run2_seed253602.mat"
"s02_controller_fast","Stage-AOP","LIRCMOP6","LIR-CMOP",100,20000,3,253603,20000,2.8033,1.348970667284145,0,1,"Stage_AOP_LIRCMOP6_N100_FE20000_run3_seed253603.mat"
"s02_controller_fast","Stage-AOP","LIRCMOP7","LIR-CMOP",100,20000,1,253701,20000,2.4428,0.144126270728812,0.2402779173980895,1,"Stage_AOP_LIRCMOP7_N100_FE20000_run1_seed253701.mat"
"s02_controller_fast","Stage-AOP","LIRCMOP7","LIR-CMOP",100,20000,2,253702,20000,1.3681,0.1495080442238203,0.2378825568785391,1,"Stage_AOP_LIRCMOP7_N100_FE20000_run2_seed253702.mat"
"s02_controller_fast","Stage-AOP","LIRCMOP7","LIR-CMOP",100,20000,3,253703,20000,2.1489,0.1297203879168218,0.2432276385073942,1,"Stage_AOP_LIRCMOP7_N100_FE20000_run3_seed253703.mat"
"s02_controller_fast","Stage-AOP","LIRCMOP8","LIR-CMOP",100,20000,1,253801,20000,2.4319,0.0400747894427129,0.2786789088743906,1,"Stage_AOP_LIRCMOP8_N100_FE20000_run1_seed253801.mat"
"s02_controller_fast","Stage-AOP","LIRCMOP8","LIR-CMOP",100,20000,2,253802,20000,2.3244,0.1921643153316522,0.2290706377067395,1,"Stage_AOP_LIRCMOP8_N100_FE20000_run2_seed253802.mat"
"s02_controller_fast","Stage-AOP","LIRCMOP8","LIR-CMOP",100,20000,3,253803,20000,2.3693,0.161692887098322,0.2351394506653989,1,"Stage_AOP_LIRCMOP8_N100_FE20000_run3_seed253803.mat"
"s02_controller_fast","Stage-AOP","LIRCMOP9","LIR-CMOP",100,20000,1,253901,20000,2.4126,0.6593503119125389,0.2703244770501692,1,"Stage_AOP_LIRCMOP9_N100_FE20000_run1_seed253901.mat"
"s02_controller_fast","Stage-AOP","LIRCMOP9","LIR-CMOP",100,20000,2,253902,20000,3.1226,0.5299062576607294,0.3174809962523391,1,"Stage_AOP_LIRCMOP9_N100_FE20000_run2_seed253902.mat"
"s02_controller_fast","Stage-AOP","LIRCMOP9","LIR-CMOP",100,20000,3,253903,20000,3.4649,0.5508445356209923,0.2920837630196179,1,"Stage_AOP_LIRCMOP9_N100_FE20000_run3_seed253903.mat"
"s02_controller_fast","Survival-Credit-AOP","CF10","CF",100,20000,1,263001,20000,2.6667,0.4137335613793158,0.08708105879562003,1,"Survival_Credit_AOP_CF10_N100_FE20000_run1_seed263001.mat"
"s02_controller_fast","Survival-Credit-AOP","CF10","CF",100,20000,2,263002,20000,2.5036,0.3958490778837067,0.08906014634389935,1,"Survival_Credit_AOP_CF10_N100_FE20000_run2_seed263002.mat"
"s02_controller_fast","Survival-Credit-AOP","CF10","CF",100,20000,3,263003,20000,3.2926,0.2835929159564534,0.1685697773104582,1,"Survival_Credit_AOP_CF10_N100_FE20000_run3_seed263003.mat"
"s02_controller_fast","Survival-Credit-AOP","CF1","CF",100,20000,1,262101,20000,3.3175,0.009217933672198805,0.5549147253256729,1,"Survival_Credit_AOP_CF1_N100_FE20000_run1_seed262101.mat"
"s02_controller_fast","Survival-Credit-AOP","CF1","CF",100,20000,2,262102,20000,3.2549,0.009204402957174548,0.5549803019616033,1,"Survival_Credit_AOP_CF1_N100_FE20000_run2_seed262102.mat"
"s02_controller_fast","Survival-Credit-AOP","CF1","CF",100,20000,3,262103,20000,3.2565,0.01271723100489064,0.5507772033358884,1,"Survival_Credit_AOP_CF1_N100_FE20000_run3_seed262103.mat"
"s02_controller_fast","Survival-Credit-AOP","CF2","CF",100,20000,1,262201,20000,2.9274,0.04414052699656101,0.6177193657991698,1,"Survival_Credit_AOP_CF2_N100_FE20000_run1_seed262201.mat"
"s02_controller_fast","Survival-Credit-AOP","CF2","CF",100,20000,2,262202,20000,2.6275,0.03576089785349569,0.6345658671248675,1,"Survival_Credit_AOP_CF2_N100_FE20000_run2_seed262202.mat"
"s02_controller_fast","Survival-Credit-AOP","CF2","CF",100,20000,3,262203,20000,2.7129,0.04138789109557606,0.6184303380476835,1,"Survival_Credit_AOP_CF2_N100_FE20000_run3_seed262203.mat"
"s02_controller_fast","Survival-Credit-AOP","CF3","CF",100,20000,1,262301,20000,1.4684,0.3238039892258169,0.1108783405789855,1,"Survival_Credit_AOP_CF3_N100_FE20000_run1_seed262301.mat"
"s02_controller_fast","Survival-Credit-AOP","CF3","CF",100,20000,2,262302,20000,2.7771,0.3422292192955304,0.08848650952169608,1,"Survival_Credit_AOP_CF3_N100_FE20000_run2_seed262302.mat"
"s02_controller_fast","Survival-Credit-AOP","CF3","CF",100,20000,3,262303,20000,2.6134,0.08194084992698569,0.274504225877185,1,"Survival_Credit_AOP_CF3_N100_FE20000_run3_seed262303.mat"
"s02_controller_fast","Survival-Credit-AOP","CF4","CF",100,20000,1,262401,20000,2.9444,0.07373297545401192,0.4346480454898957,1,"Survival_Credit_AOP_CF4_N100_FE20000_run1_seed262401.mat"
"s02_controller_fast","Survival-Credit-AOP","CF4","CF",100,20000,2,262402,20000,2.8336,0.07958939546660544,0.4289255633823361,1,"Survival_Credit_AOP_CF4_N100_FE20000_run2_seed262402.mat"
"s02_controller_fast","Survival-Credit-AOP","CF4","CF",100,20000,3,262403,20000,2.6893,0.08206791167558813,0.4270136128753133,1,"Survival_Credit_AOP_CF4_N100_FE20000_run3_seed262403.mat"
"s02_controller_fast","Survival-Credit-AOP","CF5","CF",100,20000,1,262501,20000,2.2675,0.2728312298087063,0.3237997668518456,1,"Survival_Credit_AOP_CF5_N100_FE20000_run1_seed262501.mat"
"s02_controller_fast","Survival-Credit-AOP","CF5","CF",100,20000,2,262502,20000,2.3834,0.2147933216671828,0.3432460368181583,1,"Survival_Credit_AOP_CF5_N100_FE20000_run2_seed262502.mat"
"s02_controller_fast","Survival-Credit-AOP","CF5","CF",100,20000,3,262503,20000,1.4689,0.2531293578940618,0.2545396785276626,1,"Survival_Credit_AOP_CF5_N100_FE20000_run3_seed262503.mat"
"s02_controller_fast","Survival-Credit-AOP","CF6","CF",100,20000,1,262601,20000,3.3311,0.0556847769936928,0.6386748563469392,1,"Survival_Credit_AOP_CF6_N100_FE20000_run1_seed262601.mat"
"s02_controller_fast","Survival-Credit-AOP","CF6","CF",100,20000,2,262602,20000,3.5831,0.0636876283081603,0.625853342881761,1,"Survival_Credit_AOP_CF6_N100_FE20000_run2_seed262602.mat"
"s02_controller_fast","Survival-Credit-AOP","CF6","CF",100,20000,3,262603,20000,3.2871,0.04758149288376025,0.6448831017971995,1,"Survival_Credit_AOP_CF6_N100_FE20000_run3_seed262603.mat"
"s02_controller_fast","Survival-Credit-AOP","CF7","CF",100,20000,1,262701,20000,2.6051,0.1005964429102375,0.5419411757350353,1,"Survival_Credit_AOP_CF7_N100_FE20000_run1_seed262701.mat"
"s02_controller_fast","Survival-Credit-AOP","CF7","CF",100,20000,2,262702,20000,2.7459,0.102628865390836,0.5845566169183218,1,"Survival_Credit_AOP_CF7_N100_FE20000_run2_seed262702.mat"
"s02_controller_fast","Survival-Credit-AOP","CF7","CF",100,20000,3,262703,20000,2.2397,0.1550570694152283,0.4731804872565154,1,"Survival_Credit_AOP_CF7_N100_FE20000_run3_seed262703.mat"
"s02_controller_fast","Survival-Credit-AOP","CF8","CF",100,20000,1,262801,20000,2.3845,0.1846269567666932,0.3121194831926242,1,"Survival_Credit_AOP_CF8_N100_FE20000_run1_seed262801.mat"
"s02_controller_fast","Survival-Credit-AOP","CF8","CF",100,20000,2,262802,20000,1.549,0.2015449133848825,0.2928677320974754,1,"Survival_Credit_AOP_CF8_N100_FE20000_run2_seed262802.mat"
"s02_controller_fast","Survival-Credit-AOP","CF8","CF",100,20000,3,262803,20000,2.5947,0.1969778717204125,0.2618825049961702,1,"Survival_Credit_AOP_CF8_N100_FE20000_run3_seed262803.mat"
"s02_controller_fast","Survival-Credit-AOP","CF9","CF",100,20000,1,262901,20000,3.0318,0.1096715848359018,0.4040775080447276,1,"Survival_Credit_AOP_CF9_N100_FE20000_run1_seed262901.mat"
"s02_controller_fast","Survival-Credit-AOP","CF9","CF",100,20000,2,262902,20000,3.4553,0.08378422004299324,0.4244739974195153,1,"Survival_Credit_AOP_CF9_N100_FE20000_run2_seed262902.mat"
"s02_controller_fast","Survival-Credit-AOP","CF9","CF",100,20000,3,262903,20000,3.0244,0.1322816753715464,0.3840628078431165,1,"Survival_Credit_AOP_CF9_N100_FE20000_run3_seed262903.mat"
"s02_controller_fast","Survival-Credit-AOP","DASCMOP1","DAS-CMOP",100,20000,1,264501,20000,2.1673,0.1599605696104134,0.1203201717777939,1,"Survival_Credit_AOP_DASCMOP1_N100_FE20000_run1_seed264501.mat"
"s02_controller_fast","Survival-Credit-AOP","DASCMOP1","DAS-CMOP",100,20000,2,264502,20000,2.1815,0.6967254265499111,0.01319185524592706,1,"Survival_Credit_AOP_DASCMOP1_N100_FE20000_run2_seed264502.mat"
"s02_controller_fast","Survival-Credit-AOP","DASCMOP1","DAS-CMOP",100,20000,3,264503,20000,2.0463,0.7565223401565596,0.0009194024552610265,1,"Survival_Credit_AOP_DASCMOP1_N100_FE20000_run3_seed264503.mat"
"s02_controller_fast","Survival-Credit-AOP","DASCMOP2","DAS-CMOP",100,20000,1,264601,20000,2.4062,0.2144657702456673,0.2652178101656654,1,"Survival_Credit_AOP_DASCMOP2_N100_FE20000_run1_seed264601.mat"
"s02_controller_fast","Survival-Credit-AOP","DASCMOP2","DAS-CMOP",100,20000,2,264602,20000,1.4166,0.2569759461694512,0.2531465564405992,1,"Survival_Credit_AOP_DASCMOP2_N100_FE20000_run2_seed264602.mat"
"s02_controller_fast","Survival-Credit-AOP","DASCMOP2","DAS-CMOP",100,20000,3,264603,20000,1.4139,0.1024005285493379,0.2935772677926395,1,"Survival_Credit_AOP_DASCMOP2_N100_FE20000_run3_seed264603.mat"
"s02_controller_fast","Survival-Credit-AOP","DASCMOP3","DAS-CMOP",100,20000,1,264701,20000,1.1918,0.2671951161458699,0.2518016001178681,1,"Survival_Credit_AOP_DASCMOP3_N100_FE20000_run1_seed264701.mat"
"s02_controller_fast","Survival-Credit-AOP","DASCMOP3","DAS-CMOP",100,20000,2,264702,20000,2.1141,0.3438161132258221,0.2085111700341917,1,"Survival_Credit_AOP_DASCMOP3_N100_FE20000_run2_seed264702.mat"
"s02_controller_fast","Survival-Credit-AOP","DASCMOP3","DAS-CMOP",100,20000,3,264703,20000,2.5178,0.2664242729910424,0.2497690978592756,1,"Survival_Credit_AOP_DASCMOP3_N100_FE20000_run3_seed264703.mat"
"s02_controller_fast","Survival-Credit-AOP","DASCMOP4","DAS-CMOP",100,20000,1,264801,20000,2.0607,NaN,NaN,0,"Survival_Credit_AOP_DASCMOP4_N100_FE20000_run1_seed264801.mat"
"s02_controller_fast","Survival-Credit-AOP","DASCMOP4","DAS-CMOP",100,20000,2,264802,20000,2.0271,NaN,NaN,0,"Survival_Credit_AOP_DASCMOP4_N100_FE20000_run2_seed264802.mat"
"s02_controller_fast","Survival-Credit-AOP","DASCMOP4","DAS-CMOP",100,20000,3,264803,20000,2.0369,NaN,NaN,0,"Survival_Credit_AOP_DASCMOP4_N100_FE20000_run3_seed264803.mat"
"s02_controller_fast","Survival-Credit-AOP","DASCMOP5","DAS-CMOP",100,20000,1,264901,20000,1.4526,NaN,NaN,0,"Survival_Credit_AOP_DASCMOP5_N100_FE20000_run1_seed264901.mat"
"s02_controller_fast","Survival-Credit-AOP","DASCMOP5","DAS-CMOP",100,20000,2,264902,20000,1.3849,NaN,NaN,0,"Survival_Credit_AOP_DASCMOP5_N100_FE20000_run2_seed264902.mat"
"s02_controller_fast","Survival-Credit-AOP","DASCMOP5","DAS-CMOP",100,20000,3,264903,20000,1.1229,NaN,NaN,0,"Survival_Credit_AOP_DASCMOP5_N100_FE20000_run3_seed264903.mat"
"s02_controller_fast","Survival-Credit-AOP","DASCMOP6","DAS-CMOP",100,20000,1,265001,20000,1.6562,NaN,NaN,0,"Survival_Credit_AOP_DASCMOP6_N100_FE20000_run1_seed265001.mat"
"s02_controller_fast","Survival-Credit-AOP","DASCMOP6","DAS-CMOP",100,20000,2,265002,20000,2.0865,NaN,NaN,0,"Survival_Credit_AOP_DASCMOP6_N100_FE20000_run2_seed265002.mat"
"s02_controller_fast","Survival-Credit-AOP","DASCMOP6","DAS-CMOP",100,20000,3,265003,20000,2.0562,NaN,NaN,0,"Survival_Credit_AOP_DASCMOP6_N100_FE20000_run3_seed265003.mat"
"s02_controller_fast","Survival-Credit-AOP","DASCMOP7","DAS-CMOP",100,20000,1,265101,20000,2.1524,NaN,NaN,0,"Survival_Credit_AOP_DASCMOP7_N100_FE20000_run1_seed265101.mat"
"s02_controller_fast","Survival-Credit-AOP","DASCMOP7","DAS-CMOP",100,20000,2,265102,20000,2.1524,NaN,NaN,0,"Survival_Credit_AOP_DASCMOP7_N100_FE20000_run2_seed265102.mat"
"s02_controller_fast","Survival-Credit-AOP","DASCMOP7","DAS-CMOP",100,20000,3,265103,20000,1.446,1.191662399429368,0,0.07000000000000001,"Survival_Credit_AOP_DASCMOP7_N100_FE20000_run3_seed265103.mat"
"s02_controller_fast","Survival-Credit-AOP","DASCMOP8","DAS-CMOP",100,20000,1,265201,20000,1.4295,NaN,NaN,0,"Survival_Credit_AOP_DASCMOP8_N100_FE20000_run1_seed265201.mat"
"s02_controller_fast","Survival-Credit-AOP","DASCMOP8","DAS-CMOP",100,20000,2,265202,20000,1.1263,NaN,NaN,0,"Survival_Credit_AOP_DASCMOP8_N100_FE20000_run2_seed265202.mat"
"s02_controller_fast","Survival-Credit-AOP","DASCMOP8","DAS-CMOP",100,20000,3,265203,20000,1.7502,NaN,NaN,0,"Survival_Credit_AOP_DASCMOP8_N100_FE20000_run3_seed265203.mat"
"s02_controller_fast","Survival-Credit-AOP","DASCMOP9","DAS-CMOP",100,20000,1,265301,20000,1.9009,0.3638428758503479,0.1326982325563195,1,"Survival_Credit_AOP_DASCMOP9_N100_FE20000_run1_seed265301.mat"
"s02_controller_fast","Survival-Credit-AOP","DASCMOP9","DAS-CMOP",100,20000,2,265302,20000,2.2343,0.4298972110796649,0.1217064207105452,1,"Survival_Credit_AOP_DASCMOP9_N100_FE20000_run2_seed265302.mat"
"s02_controller_fast","Survival-Credit-AOP","DASCMOP9","DAS-CMOP",100,20000,3,265303,20000,2.1377,0.1475041708252299,0.1557592705863285,1,"Survival_Credit_AOP_DASCMOP9_N100_FE20000_run3_seed265303.mat"
"s02_controller_fast","Survival-Credit-AOP","LIRCMOP10","LIR-CMOP",100,20000,1,264001,20000,3.4462,0.4520898040374685,0.4482643396654155,1,"Survival_Credit_AOP_LIRCMOP10_N100_FE20000_run1_seed264001.mat"
"s02_controller_fast","Survival-Credit-AOP","LIRCMOP10","LIR-CMOP",100,20000,2,264002,20000,3.7084,0.4363771477038152,0.4623616826211937,1,"Survival_Credit_AOP_LIRCMOP10_N100_FE20000_run2_seed264002.mat"
"s02_controller_fast","Survival-Credit-AOP","LIRCMOP10","LIR-CMOP",100,20000,3,264003,20000,3.1185,0.4398014312072418,0.455147687772762,1,"Survival_Credit_AOP_LIRCMOP10_N100_FE20000_run3_seed264003.mat"
"s02_controller_fast","Survival-Credit-AOP","LIRCMOP11","LIR-CMOP",100,20000,1,264101,20000,3.0715,0.1612061857381614,0.5792574451352293,1,"Survival_Credit_AOP_LIRCMOP11_N100_FE20000_run1_seed264101.mat"
"s02_controller_fast","Survival-Credit-AOP","LIRCMOP11","LIR-CMOP",100,20000,2,264102,20000,3.0272,0.2851379537432745,0.5114853881588159,1,"Survival_Credit_AOP_LIRCMOP11_N100_FE20000_run2_seed264102.mat"
"s02_controller_fast","Survival-Credit-AOP","LIRCMOP11","LIR-CMOP",100,20000,3,264103,20000,1.4479,0.2958933379425464,0.5663354375617048,1,"Survival_Credit_AOP_LIRCMOP11_N100_FE20000_run3_seed264103.mat"
"s02_controller_fast","Survival-Credit-AOP","LIRCMOP12","LIR-CMOP",100,20000,1,264201,20000,2.4781,0.4135446022817172,0.3524271399996624,1,"Survival_Credit_AOP_LIRCMOP12_N100_FE20000_run1_seed264201.mat"
"s02_controller_fast","Survival-Credit-AOP","LIRCMOP12","LIR-CMOP",100,20000,2,264202,20000,2.6592,0.2907935098946222,0.466552703946601,1,"Survival_Credit_AOP_LIRCMOP12_N100_FE20000_run2_seed264202.mat"
"s02_controller_fast","Survival-Credit-AOP","LIRCMOP12","LIR-CMOP",100,20000,3,264203,20000,2.6541,0.2974751329751513,0.4581598981555221,1,"Survival_Credit_AOP_LIRCMOP12_N100_FE20000_run3_seed264203.mat"
"s02_controller_fast","Survival-Credit-AOP","LIRCMOP13","LIR-CMOP",100,20000,1,264301,20000,3.5842,0.1112990810789517,0.5216715119793336,1,"Survival_Credit_AOP_LIRCMOP13_N100_FE20000_run1_seed264301.mat"
"s02_controller_fast","Survival-Credit-AOP","LIRCMOP13","LIR-CMOP",100,20000,2,264302,20000,3.6378,0.1131444498892815,0.5199972263254933,1,"Survival_Credit_AOP_LIRCMOP13_N100_FE20000_run2_seed264302.mat"
"s02_controller_fast","Survival-Credit-AOP","LIRCMOP13","LIR-CMOP",100,20000,3,264303,20000,3.2678,0.1064578684648098,0.5336392603447975,1,"Survival_Credit_AOP_LIRCMOP13_N100_FE20000_run3_seed264303.mat"
"s02_controller_fast","Survival-Credit-AOP","LIRCMOP14","LIR-CMOP",100,20000,1,264401,20000,3.0665,0.09778096870158978,0.5509379684654947,1,"Survival_Credit_AOP_LIRCMOP14_N100_FE20000_run1_seed264401.mat"
"s02_controller_fast","Survival-Credit-AOP","LIRCMOP14","LIR-CMOP",100,20000,2,264402,20000,2.0596,0.1005111711233326,0.5490611531337595,1,"Survival_Credit_AOP_LIRCMOP14_N100_FE20000_run2_seed264402.mat"
"s02_controller_fast","Survival-Credit-AOP","LIRCMOP14","LIR-CMOP",100,20000,3,264403,20000,3.4966,0.09746905123588862,0.551098202537884,1,"Survival_Credit_AOP_LIRCMOP14_N100_FE20000_run3_seed264403.mat"
"s02_controller_fast","Survival-Credit-AOP","LIRCMOP1","LIR-CMOP",100,20000,1,263101,20000,1.1928,0.2507156975429917,0.1264691662864123,1,"Survival_Credit_AOP_LIRCMOP1_N100_FE20000_run1_seed263101.mat"
"s02_controller_fast","Survival-Credit-AOP","LIRCMOP1","LIR-CMOP",100,20000,2,263102,20000,2.0491,0.2081663000593983,0.1412095228895065,1,"Survival_Credit_AOP_LIRCMOP1_N100_FE20000_run2_seed263102.mat"
"s02_controller_fast","Survival-Credit-AOP","LIRCMOP1","LIR-CMOP",100,20000,3,263103,20000,2.1126,0.3176359432880887,0.1011253696327803,1,"Survival_Credit_AOP_LIRCMOP1_N100_FE20000_run3_seed263103.mat"
"s02_controller_fast","Survival-Credit-AOP","LIRCMOP2","LIR-CMOP",100,20000,1,263201,20000,2.2111,0.2172863939987144,0.2523694397898718,1,"Survival_Credit_AOP_LIRCMOP2_N100_FE20000_run1_seed263201.mat"
"s02_controller_fast","Survival-Credit-AOP","LIRCMOP2","LIR-CMOP",100,20000,2,263202,20000,2.2629,0.2175875704699728,0.2438540106766883,0.64,"Survival_Credit_AOP_LIRCMOP2_N100_FE20000_run2_seed263202.mat"
"s02_controller_fast","Survival-Credit-AOP","LIRCMOP2","LIR-CMOP",100,20000,3,263203,20000,2.0949,0.2852325320487016,0.2182847348421982,0.8100000000000001,"Survival_Credit_AOP_LIRCMOP2_N100_FE20000_run3_seed263203.mat"
"s02_controller_fast","Survival-Credit-AOP","LIRCMOP3","LIR-CMOP",100,20000,1,263301,20000,2.188,0.3432690001430218,0.09348295629479129,1,"Survival_Credit_AOP_LIRCMOP3_N100_FE20000_run1_seed263301.mat"
"s02_controller_fast","Survival-Credit-AOP","LIRCMOP3","LIR-CMOP",100,20000,2,263302,20000,2.204,0.2739598281015,0.106369118027874,1,"Survival_Credit_AOP_LIRCMOP3_N100_FE20000_run2_seed263302.mat"
"s02_controller_fast","Survival-Credit-AOP","LIRCMOP3","LIR-CMOP",100,20000,3,263303,20000,1.2372,0.3412184698471011,0.08535972490113104,1,"Survival_Credit_AOP_LIRCMOP3_N100_FE20000_run3_seed263303.mat"
"s02_controller_fast","Survival-Credit-AOP","LIRCMOP4","LIR-CMOP",100,20000,1,263401,20000,2.0814,0.259383842754549,0.2053075988341555,1,"Survival_Credit_AOP_LIRCMOP4_N100_FE20000_run1_seed263401.mat"
"s02_controller_fast","Survival-Credit-AOP","LIRCMOP4","LIR-CMOP",100,20000,2,263402,20000,2.1345,0.3121863036988261,0.1912190822407205,1,"Survival_Credit_AOP_LIRCMOP4_N100_FE20000_run2_seed263402.mat"
"s02_controller_fast","Survival-Credit-AOP","LIRCMOP4","LIR-CMOP",100,20000,3,263403,20000,2.0857,0.2118642300501708,0.2302735133691144,1,"Survival_Credit_AOP_LIRCMOP4_N100_FE20000_run3_seed263403.mat"
"s02_controller_fast","Survival-Credit-AOP","LIRCMOP5","LIR-CMOP",100,20000,1,263501,20000,2.5886,1.215917320414698,0,1,"Survival_Credit_AOP_LIRCMOP5_N100_FE20000_run1_seed263501.mat"
"s02_controller_fast","Survival-Credit-AOP","LIRCMOP5","LIR-CMOP",100,20000,2,263502,20000,2.3174,0.3242672565666786,0.1395424397789429,1,"Survival_Credit_AOP_LIRCMOP5_N100_FE20000_run2_seed263502.mat"
"s02_controller_fast","Survival-Credit-AOP","LIRCMOP5","LIR-CMOP",100,20000,3,263503,20000,2.4925,1.213772486975655,0,1,"Survival_Credit_AOP_LIRCMOP5_N100_FE20000_run3_seed263503.mat"
"s02_controller_fast","Survival-Credit-AOP","LIRCMOP6","LIR-CMOP",100,20000,1,263601,20000,2.4644,1.348730018254038,0,1,"Survival_Credit_AOP_LIRCMOP6_N100_FE20000_run1_seed263601.mat"
"s02_controller_fast","Survival-Credit-AOP","LIRCMOP6","LIR-CMOP",100,20000,2,263602,20000,1.3653,1.346429741297814,0,1,"Survival_Credit_AOP_LIRCMOP6_N100_FE20000_run2_seed263602.mat"
"s02_controller_fast","Survival-Credit-AOP","LIRCMOP6","LIR-CMOP",100,20000,3,263603,20000,2.1586,1.346403572234813,0,1,"Survival_Credit_AOP_LIRCMOP6_N100_FE20000_run3_seed263603.mat"
"s02_controller_fast","Survival-Credit-AOP","LIRCMOP7","LIR-CMOP",100,20000,1,263701,20000,2.1041,0.1900295340497789,0.2303426594113663,1,"Survival_Credit_AOP_LIRCMOP7_N100_FE20000_run1_seed263701.mat"
"s02_controller_fast","Survival-Credit-AOP","LIRCMOP7","LIR-CMOP",100,20000,2,263702,20000,2.0419,0.1018138935085015,0.2510357328045339,1,"Survival_Credit_AOP_LIRCMOP7_N100_FE20000_run2_seed263702.mat"
"s02_controller_fast","Survival-Credit-AOP","LIRCMOP7","LIR-CMOP",100,20000,3,263703,20000,2.562,0.09236191434823142,0.2540387283974625,1,"Survival_Credit_AOP_LIRCMOP7_N100_FE20000_run3_seed263703.mat"
"s02_controller_fast","Survival-Credit-AOP","LIRCMOP8","LIR-CMOP",100,20000,1,263801,20000,2.32,0.2505725833239469,0.2198274425376088,1,"Survival_Credit_AOP_LIRCMOP8_N100_FE20000_run1_seed263801.mat"
"s02_controller_fast","Survival-Credit-AOP","LIRCMOP8","LIR-CMOP",100,20000,2,263802,20000,2.5282,0.1360857748808476,0.2443212328382277,1,"Survival_Credit_AOP_LIRCMOP8_N100_FE20000_run2_seed263802.mat"
"s02_controller_fast","Survival-Credit-AOP","LIRCMOP8","LIR-CMOP",100,20000,3,263803,20000,2.565,0.2357509019517371,0.2156411427620866,1,"Survival_Credit_AOP_LIRCMOP8_N100_FE20000_run3_seed263803.mat"
"s02_controller_fast","Survival-Credit-AOP","LIRCMOP9","LIR-CMOP",100,20000,1,263901,20000,1.816,0.5079001493423267,0.3556467972615991,1,"Survival_Credit_AOP_LIRCMOP9_N100_FE20000_run1_seed263901.mat"
"s02_controller_fast","Survival-Credit-AOP","LIRCMOP9","LIR-CMOP",100,20000,2,263902,20000,2.9767,0.5070692915522339,0.3556069884263639,1,"Survival_Credit_AOP_LIRCMOP9_N100_FE20000_run2_seed263902.mat"
"s02_controller_fast","Survival-Credit-AOP","LIRCMOP9","LIR-CMOP",100,20000,3,263903,20000,2.7442,0.4208804554953934,0.3896998947669178,1,"Survival_Credit_AOP_LIRCMOP9_N100_FE20000_run3_seed263903.mat"
