config,algorithm,problem,suite,N,maxFE,run,seed,finishedFE,runtime,IGD,HV,Feasible_rate,file
"s09_biscop_confirmation","BiSCOP-CMOEA","CF10","CF",100,100000,10,310010,100000,35.3478,0.3837741801832446,0.1519667775761044,1,"BiSCOP_CMOEA_CF10_N100_FE100000_run10_seed310010.mat"
"s09_biscop_confirmation","BiSCOP-CMOEA","CF10","CF",100,100000,1,310001,100000,35.5103,0.3839295825897275,0.1531609278702477,1,"BiSCOP_CMOEA_CF10_N100_FE100000_run1_seed310001.mat"
"s09_biscop_confirmation","BiSCOP-CMOEA","CF10","CF",100,100000,2,310002,100000,39.1571,0.3271586467916488,0.2061701948213034,1,"BiSCOP_CMOEA_CF10_N100_FE100000_run2_seed310002.mat"
"s09_biscop_confirmation","BiSCOP-CMOEA","CF10","CF",100,100000,3,310003,100000,16.2206,0.1810968117641706,0.3256911687846154,1,"BiSCOP_CMOEA_CF10_N100_FE100000_run3_seed310003.mat"
"s09_biscop_confirmation","BiSCOP-CMOEA","CF10","CF",100,100000,4,310004,100000,36.7245,0.3567141367910102,0.2077010402455691,1,"BiSCOP_CMOEA_CF10_N100_FE100000_run4_seed310004.mat"
"s09_biscop_confirmation","BiSCOP-CMOEA","CF10","CF",100,100000,5,310005,100000,17.3538,0.47019139363441,0.1287767164822307,1,"BiSCOP_CMOEA_CF10_N100_FE100000_run5_seed310005.mat"
"s09_biscop_confirmation","BiSCOP-CMOEA","CF10","CF",100,100000,6,310006,100000,36.1035,0.3098928615866558,0.2382612618299301,1,"BiSCOP_CMOEA_CF10_N100_FE100000_run6_seed310006.mat"
"s09_biscop_confirmation","BiSCOP-CMOEA","CF10","CF",100,100000,7,310007,100000,36.9182,0.3142231443210425,0.2008918585857832,1,"BiSCOP_CMOEA_CF10_N100_FE100000_run7_seed310007.mat"
"s09_biscop_confirmation","BiSCOP-CMOEA","CF10","CF",100,100000,8,310008,100000,36.5447,0.3337673281312963,0.1741485805060085,1,"BiSCOP_CMOEA_CF10_N100_FE100000_run8_seed310008.mat"
"s09_biscop_confirmation","BiSCOP-CMOEA","CF10","CF",100,100000,9,310009,100000,34.8042,0.3294535851699372,0.1926492976461266,1,"BiSCOP_CMOEA_CF10_N100_FE100000_run9_seed310009.mat"
"s09_biscop_confirmation","BiSCOP-CMOEA","CF1","CF",100,100000,10,309110,100000,15.2146,0.002501165415725121,0.5630582480671733,1,"BiSCOP_CMOEA_CF1_N100_FE100000_run10_seed309110.mat"
"s09_biscop_confirmation","BiSCOP-CMOEA","CF1","CF",100,100000,1,309101,100000,14.0641,0.002735960383263554,0.5627744754843298,1,"BiSCOP_CMOEA_CF1_N100_FE100000_run1_seed309101.mat"
"s09_biscop_confirmation","BiSCOP-CMOEA","CF1","CF",100,100000,2,309102,100000,15.4764,0.002026965634875513,0.5636294800437626,1,"BiSCOP_CMOEA_CF1_N100_FE100000_run2_seed309102.mat"
"s09_biscop_confirmation","BiSCOP-CMOEA","CF1","CF",100,100000,3,309103,100000,14.0038,0.002757349208593869,0.5627678050982107,1,"BiSCOP_CMOEA_CF1_N100_FE100000_run3_seed309103.mat"
"s09_biscop_confirmation","BiSCOP-CMOEA","CF1","CF",100,100000,4,309104,100000,14.9614,0.002848018709374749,0.5626388401909851,1,"BiSCOP_CMOEA_CF1_N100_FE100000_run4_seed309104.mat"
"s09_biscop_confirmation","BiSCOP-CMOEA","CF1","CF",100,100000,5,309105,100000,14.0315,0.003193249200645484,0.5622120462210197,1,"BiSCOP_CMOEA_CF1_N100_FE100000_run5_seed309105.mat"
"s09_biscop_confirmation","BiSCOP-CMOEA","CF1","CF",100,100000,6,309106,100000,14.5549,0.002459773038414953,0.5631036475740853,1,"BiSCOP_CMOEA_CF1_N100_FE100000_run6_seed309106.mat"
"s09_biscop_confirmation","BiSCOP-CMOEA","CF1","CF",100,100000,7,309107,100000,14.6196,0.002109773729085627,0.5635525940387343,1,"BiSCOP_CMOEA_CF1_N100_FE100000_run7_seed309107.mat"
"s09_biscop_confirmation","BiSCOP-CMOEA","CF1","CF",100,100000,8,309108,100000,14.7048,0.002999846663186806,0.5624734053311535,1,"BiSCOP_CMOEA_CF1_N100_FE100000_run8_seed309108.mat"
"s09_biscop_confirmation","BiSCOP-CMOEA","CF1","CF",100,100000,9,309109,100000,13.9052,0.002655380211705446,0.562873510431661,1,"BiSCOP_CMOEA_CF1_N100_FE100000_run9_seed309109.mat"
"s09_biscop_confirmation","BiSCOP-CMOEA","CF2","CF",100,100000,10,309210,100000,15.0421,0.00869258204493693,0.6706498373979399,1,"BiSCOP_CMOEA_CF2_N100_FE100000_run10_seed309210.mat"
"s09_biscop_confirmation","BiSCOP-CMOEA","CF2","CF",100,100000,1,309201,100000,14.8126,0.02211510835039756,0.6618252552541828,1,"BiSCOP_CMOEA_CF2_N100_FE100000_run1_seed309201.mat"
"s09_biscop_confirmation","BiSCOP-CMOEA","CF2","CF",100,100000,2,309202,100000,14.0067,0.01519787352368038,0.6654297732623565,1,"BiSCOP_CMOEA_CF2_N100_FE100000_run2_seed309202.mat"
"s09_biscop_confirmation","BiSCOP-CMOEA","CF2","CF",100,100000,3,309203,100000,14.5454,0.007969487111702913,0.6696967433198311,1,"BiSCOP_CMOEA_CF2_N100_FE100000_run3_seed309203.mat"
"s09_biscop_confirmation","BiSCOP-CMOEA","CF2","CF",100,100000,4,309204,100000,14.7644,0.01607735681920309,0.66510513244363,1,"BiSCOP_CMOEA_CF2_N100_FE100000_run4_seed309204.mat"
"s09_biscop_confirmation","BiSCOP-CMOEA","CF2","CF",100,100000,5,309205,100000,14.2832,0.005472115501985437,0.6743777120252189,1,"BiSCOP_CMOEA_CF2_N100_FE100000_run5_seed309205.mat"
"s09_biscop_confirmation","BiSCOP-CMOEA","CF2","CF",100,100000,6,309206,100000,14.7287,0.01769103626790913,0.6604057088597575,1,"BiSCOP_CMOEA_CF2_N100_FE100000_run6_seed309206.mat"
"s09_biscop_confirmation","BiSCOP-CMOEA","CF2","CF",100,100000,7,309207,100000,14.8458,0.004628172994083144,0.6755135195592081,1,"BiSCOP_CMOEA_CF2_N100_FE100000_run7_seed309207.mat"
"s09_biscop_confirmation","BiSCOP-CMOEA","CF2","CF",100,100000,8,309208,100000,14.0415,0.01033142210744408,0.6702096922220946,1,"BiSCOP_CMOEA_CF2_N100_FE100000_run8_seed309208.mat"
"s09_biscop_confirmation","BiSCOP-CMOEA","CF2","CF",100,100000,9,309209,100000,14.3179,0.008878955049481529,0.6700816105284673,1,"BiSCOP_CMOEA_CF2_N100_FE100000_run9_seed309209.mat"
"s09_biscop_confirmation","BiSCOP-CMOEA","CF3","CF",100,100000,10,309310,100000,9.2161,0.06974471985281276,0.2970618435918377,1,"BiSCOP_CMOEA_CF3_N100_FE100000_run10_seed309310.mat"
"s09_biscop_confirmation","BiSCOP-CMOEA","CF3","CF",100,100000,1,309301,100000,11.3122,0.07118922957850563,0.2794046320138777,1,"BiSCOP_CMOEA_CF3_N100_FE100000_run1_seed309301.mat"
"s09_biscop_confirmation","BiSCOP-CMOEA","CF3","CF",100,100000,2,309302,100000,13.4142,0.1118643706430204,0.2983247357633434,1,"BiSCOP_CMOEA_CF3_N100_FE100000_run2_seed309302.mat"
"s09_biscop_confirmation","BiSCOP-CMOEA","CF3","CF",100,100000,3,309303,100000,10.7124,0.1184881462199727,0.3021667051824162,1,"BiSCOP_CMOEA_CF3_N100_FE100000_run3_seed309303.mat"
"s09_biscop_confirmation","BiSCOP-CMOEA","CF3","CF",100,100000,4,309304,100000,9.9536,0.2047910343008941,0.2153752390531766,1,"BiSCOP_CMOEA_CF3_N100_FE100000_run4_seed309304.mat"
"s09_biscop_confirmation","BiSCOP-CMOEA","CF3","CF",100,100000,5,309305,100000,13.9692,0.3920459970715489,0.1536272172560486,1,"BiSCOP_CMOEA_CF3_N100_FE100000_run5_seed309305.mat"
"s09_biscop_confirmation","BiSCOP-CMOEA","CF3","CF",100,100000,6,309306,100000,14.2863,0.09984779481125321,0.2675587232747422,1,"BiSCOP_CMOEA_CF3_N100_FE100000_run6_seed309306.mat"
"s09_biscop_confirmation","BiSCOP-CMOEA","CF3","CF",100,100000,7,309307,100000,10.8634,0.1060204402331667,0.2680241007976045,1,"BiSCOP_CMOEA_CF3_N100_FE100000_run7_seed309307.mat"
"s09_biscop_confirmation","BiSCOP-CMOEA","CF3","CF",100,100000,8,309308,100000,9.9397,0.1633197872495759,0.2705211122215579,1,"BiSCOP_CMOEA_CF3_N100_FE100000_run8_seed309308.mat"
"s09_biscop_confirmation","BiSCOP-CMOEA","CF3","CF",100,100000,9,309309,100000,13.2953,0.069270614181745,0.2594090805343555,1,"BiSCOP_CMOEA_CF3_N100_FE100000_run9_seed309309.mat"
"s09_biscop_confirmation","BiSCOP-CMOEA","CF4","CF",100,100000,10,309410,100000,10.3276,0.04376800566187219,0.4831978109432103,1,"BiSCOP_CMOEA_CF4_N100_FE100000_run10_seed309410.mat"
"s09_biscop_confirmation","BiSCOP-CMOEA","CF4","CF",100,100000,1,309401,100000,10.113,0.0350823372559696,0.4891534902324946,1,"BiSCOP_CMOEA_CF4_N100_FE100000_run1_seed309401.mat"
"s09_biscop_confirmation","BiSCOP-CMOEA","CF4","CF",100,100000,2,309402,100000,11.3052,0.05869332347563316,0.4620776574150697,1,"BiSCOP_CMOEA_CF4_N100_FE100000_run2_seed309402.mat"
"s09_biscop_confirmation","BiSCOP-CMOEA","CF4","CF",100,100000,3,309403,100000,13.7275,0.05511369990121989,0.4613084869510805,1,"BiSCOP_CMOEA_CF4_N100_FE100000_run3_seed309403.mat"
"s09_biscop_confirmation","BiSCOP-CMOEA","CF4","CF",100,100000,4,309404,100000,11.484,0.06131342277195106,0.4612448300958421,1,"BiSCOP_CMOEA_CF4_N100_FE100000_run4_seed309404.mat"
"s09_biscop_confirmation","BiSCOP-CMOEA","CF4","CF",100,100000,5,309405,100000,12.8326,0.05419662730688338,0.4666834415391716,1,"BiSCOP_CMOEA_CF4_N100_FE100000_run5_seed309405.mat"
"s09_biscop_confirmation","BiSCOP-CMOEA","CF4","CF",100,100000,6,309406,100000,10.6951,0.05625038941635456,0.4574664030423353,1,"BiSCOP_CMOEA_CF4_N100_FE100000_run6_seed309406.mat"
"s09_biscop_confirmation","BiSCOP-CMOEA","CF4","CF",100,100000,7,309407,100000,12.3447,0.05361665452362924,0.4641533071657268,1,"BiSCOP_CMOEA_CF4_N100_FE100000_run7_seed309407.mat"
"s09_biscop_confirmation","BiSCOP-CMOEA","CF4","CF",100,100000,8,309408,100000,10.339,0.0544199017297297,0.4623958466356666,1,"BiSCOP_CMOEA_CF4_N100_FE100000_run8_seed309408.mat"
"s09_biscop_confirmation","BiSCOP-CMOEA","CF4","CF",100,100000,9,309409,100000,12.2375,0.02344353875506316,0.5052258889373626,1,"BiSCOP_CMOEA_CF4_N100_FE100000_run9_seed309409.mat"
"s09_biscop_confirmation","BiSCOP-CMOEA","CF5","CF",100,100000,10,309510,100000,17.0437,0.1554092785969901,0.4114438444708982,1,"BiSCOP_CMOEA_CF5_N100_FE100000_run10_seed309510.mat"
"s09_biscop_confirmation","BiSCOP-CMOEA","CF5","CF",100,100000,1,309501,100000,16.3469,0.1095088535463559,0.3932095735520663,1,"BiSCOP_CMOEA_CF5_N100_FE100000_run1_seed309501.mat"
"s09_biscop_confirmation","BiSCOP-CMOEA","CF5","CF",100,100000,2,309502,100000,16.6605,0.09353986987249964,0.4302843658370483,1,"BiSCOP_CMOEA_CF5_N100_FE100000_run2_seed309502.mat"
"s09_biscop_confirmation","BiSCOP-CMOEA","CF5","CF",100,100000,3,309503,100000,16.3636,0.108352120497717,0.4221965032537681,1,"BiSCOP_CMOEA_CF5_N100_FE100000_run3_seed309503.mat"
"s09_biscop_confirmation","BiSCOP-CMOEA","CF5","CF",100,100000,4,309504,100000,17.4526,0.2601916371676272,0.3415375721238196,1,"BiSCOP_CMOEA_CF5_N100_FE100000_run4_seed309504.mat"
"s09_biscop_confirmation","BiSCOP-CMOEA","CF5","CF",100,100000,5,309505,100000,17.4634,0.2860225678926729,0.2623673673421346,1,"BiSCOP_CMOEA_CF5_N100_FE100000_run5_seed309505.mat"
"s09_biscop_confirmation","BiSCOP-CMOEA","CF5","CF",100,100000,6,309506,100000,17.4364,0.1577156489023554,0.3319160813670538,1,"BiSCOP_CMOEA_CF5_N100_FE100000_run6_seed309506.mat"
"s09_biscop_confirmation","BiSCOP-CMOEA","CF5","CF",100,100000,7,309507,100000,16.9713,0.1158900322030738,0.3955911008043572,1,"BiSCOP_CMOEA_CF5_N100_FE100000_run7_seed309507.mat"
"s09_biscop_confirmation","BiSCOP-CMOEA","CF5","CF",100,100000,8,309508,100000,15.6013,0.1105124325083506,0.409518354400884,1,"BiSCOP_CMOEA_CF5_N100_FE100000_run8_seed309508.mat"
"s09_biscop_confirmation","BiSCOP-CMOEA","CF5","CF",100,100000,9,309509,100000,17.784,0.1462375336365463,0.3808344678414355,1,"BiSCOP_CMOEA_CF5_N100_FE100000_run9_seed309509.mat"
"s09_biscop_confirmation","BiSCOP-CMOEA","CF6","CF",100,100000,10,309610,100000,18.422,0.03563468243306502,0.6651241171120835,1,"BiSCOP_CMOEA_CF6_N100_FE100000_run10_seed309610.mat"
"s09_biscop_confirmation","BiSCOP-CMOEA","CF6","CF",100,100000,1,309601,100000,18.4266,0.02745526171278125,0.6698096047562971,1,"BiSCOP_CMOEA_CF6_N100_FE100000_run1_seed309601.mat"
"s09_biscop_confirmation","BiSCOP-CMOEA","CF6","CF",100,100000,2,309602,100000,20.2116,0.04058509624044615,0.6726657720312937,1,"BiSCOP_CMOEA_CF6_N100_FE100000_run2_seed309602.mat"
"s09_biscop_confirmation","BiSCOP-CMOEA","CF6","CF",100,100000,3,309603,100000,20.7011,0.02921513123433483,0.6760954388877227,1,"BiSCOP_CMOEA_CF6_N100_FE100000_run3_seed309603.mat"
"s09_biscop_confirmation","BiSCOP-CMOEA","CF6","CF",100,100000,4,309604,100000,19.162,0.03141098904798645,0.6649991016478303,1,"BiSCOP_CMOEA_CF6_N100_FE100000_run4_seed309604.mat"
"s09_biscop_confirmation","BiSCOP-CMOEA","CF6","CF",100,100000,5,309605,100000,18.1909,0.04326152850499407,0.6702006244793702,1,"BiSCOP_CMOEA_CF6_N100_FE100000_run5_seed309605.mat"
"s09_biscop_confirmation","BiSCOP-CMOEA","CF6","CF",100,100000,6,309606,100000,21.8144,0.08082563281754127,0.6533134744869943,1,"BiSCOP_CMOEA_CF6_N100_FE100000_run6_seed309606.mat"
"s09_biscop_confirmation","BiSCOP-CMOEA","CF6","CF",100,100000,7,309607,100000,18.0763,0.09053942967117073,0.6471342822344909,1,"BiSCOP_CMOEA_CF6_N100_FE100000_run7_seed309607.mat"
"s09_biscop_confirmation","BiSCOP-CMOEA","CF6","CF",100,100000,8,309608,100000,19.4013,0.03341935930236396,0.6683444868915588,1,"BiSCOP_CMOEA_CF6_N100_FE100000_run8_seed309608.mat"
"s09_biscop_confirmation","BiSCOP-CMOEA","CF6","CF",100,100000,9,309609,100000,18.9621,0.0333653324524627,0.6721160608533483,1,"BiSCOP_CMOEA_CF6_N100_FE100000_run9_seed309609.mat"
"s09_biscop_confirmation","BiSCOP-CMOEA","CF7","CF",100,100000,10,309710,100000,19.7794,0.3132713055815698,0.4453199006645209,1,"BiSCOP_CMOEA_CF7_N100_FE100000_run10_seed309710.mat"
"s09_biscop_confirmation","BiSCOP-CMOEA","CF7","CF",100,100000,1,309701,100000,10.2914,0.09770881293285978,0.5557901521573189,1,"BiSCOP_CMOEA_CF7_N100_FE100000_run1_seed309701.mat"
"s09_biscop_confirmation","BiSCOP-CMOEA","CF7","CF",100,100000,2,309702,100000,17.3538,0.2745090372003324,0.4598374824130093,1,"BiSCOP_CMOEA_CF7_N100_FE100000_run2_seed309702.mat"
"s09_biscop_confirmation","BiSCOP-CMOEA","CF7","CF",100,100000,3,309703,100000,13.6578,0.08546323336219318,0.5760913529168794,1,"BiSCOP_CMOEA_CF7_N100_FE100000_run3_seed309703.mat"
"s09_biscop_confirmation","BiSCOP-CMOEA","CF7","CF",100,100000,4,309704,100000,13.4433,0.09315439871327658,0.5833470068033184,1,"BiSCOP_CMOEA_CF7_N100_FE100000_run4_seed309704.mat"
"s09_biscop_confirmation","BiSCOP-CMOEA","CF7","CF",100,100000,5,309705,100000,14.2072,0.1750756011631137,0.5570890893766488,1,"BiSCOP_CMOEA_CF7_N100_FE100000_run5_seed309705.mat"
"s09_biscop_confirmation","BiSCOP-CMOEA","CF7","CF",100,100000,6,309706,100000,16.3076,0.2384115520693273,0.5020412952761071,1,"BiSCOP_CMOEA_CF7_N100_FE100000_run6_seed309706.mat"
"s09_biscop_confirmation","BiSCOP-CMOEA","CF7","CF",100,100000,7,309707,100000,14.2126,0.1075930248498123,0.5690963443662821,1,"BiSCOP_CMOEA_CF7_N100_FE100000_run7_seed309707.mat"
"s09_biscop_confirmation","BiSCOP-CMOEA","CF7","CF",100,100000,8,309708,100000,20.3578,0.3174990085391783,0.4569752251299653,1,"BiSCOP_CMOEA_CF7_N100_FE100000_run8_seed309708.mat"
"s09_biscop_confirmation","BiSCOP-CMOEA","CF7","CF",100,100000,9,309709,100000,14.8495,0.110172843023831,0.5654923620636414,1,"BiSCOP_CMOEA_CF7_N100_FE100000_run9_seed309709.mat"
"s09_biscop_confirmation","BiSCOP-CMOEA","CF8","CF",100,100000,10,309810,100000,16.1287,0.1405316807846606,0.3834392475794571,1,"BiSCOP_CMOEA_CF8_N100_FE100000_run10_seed309810.mat"
"s09_biscop_confirmation","BiSCOP-CMOEA","CF8","CF",100,100000,1,309801,100000,13.6775,0.1485057707113583,0.3714900792668932,1,"BiSCOP_CMOEA_CF8_N100_FE100000_run1_seed309801.mat"
"s09_biscop_confirmation","BiSCOP-CMOEA","CF8","CF",100,100000,2,309802,100000,13.7843,0.1465260750262652,0.3639449269894865,1,"BiSCOP_CMOEA_CF8_N100_FE100000_run2_seed309802.mat"
"s09_biscop_confirmation","BiSCOP-CMOEA","CF8","CF",100,100000,3,309803,100000,14.0712,0.1556726682197705,0.350352427375295,1,"BiSCOP_CMOEA_CF8_N100_FE100000_run3_seed309803.mat"
"s09_biscop_confirmation","BiSCOP-CMOEA","CF8","CF",100,100000,4,309804,100000,14.6266,0.1658729130597082,0.3441351230707851,1,"BiSCOP_CMOEA_CF8_N100_FE100000_run4_seed309804.mat"
"s09_biscop_confirmation","BiSCOP-CMOEA","CF8","CF",100,100000,5,309805,100000,13.4281,0.1518548453908598,0.3698024216996275,1,"BiSCOP_CMOEA_CF8_N100_FE100000_run5_seed309805.mat"
"s09_biscop_confirmation","BiSCOP-CMOEA","CF8","CF",100,100000,6,309806,100000,13.7243,0.155216201505584,0.3685683946045076,1,"BiSCOP_CMOEA_CF8_N100_FE100000_run6_seed309806.mat"
"s09_biscop_confirmation","BiSCOP-CMOEA","CF8","CF",100,100000,7,309807,100000,14.4492,0.1699054083500888,0.3473248128528436,1,"BiSCOP_CMOEA_CF8_N100_FE100000_run7_seed309807.mat"
"s09_biscop_confirmation","BiSCOP-CMOEA","CF8","CF",100,100000,8,309808,100000,13.3188,0.1501599750656483,0.3683265784983438,1,"BiSCOP_CMOEA_CF8_N100_FE100000_run8_seed309808.mat"
"s09_biscop_confirmation","BiSCOP-CMOEA","CF8","CF",100,100000,9,309809,100000,13.4786,0.1502454714810984,0.3606281811312863,1,"BiSCOP_CMOEA_CF8_N100_FE100000_run9_seed309809.mat"
"s09_biscop_confirmation","BiSCOP-CMOEA","CF9","CF",100,100000,10,309910,100000,37.0739,0.08803897638264947,0.4319481008375231,1,"BiSCOP_CMOEA_CF9_N100_FE100000_run10_seed309910.mat"
"s09_biscop_confirmation","BiSCOP-CMOEA","CF9","CF",100,100000,1,309901,100000,20.2304,0.08901201687038801,0.422453406961674,1,"BiSCOP_CMOEA_CF9_N100_FE100000_run1_seed309901.mat"
"s09_biscop_confirmation","BiSCOP-CMOEA","CF9","CF",100,100000,2,309902,100000,20.7312,0.09648600132310881,0.4261977809619915,1,"BiSCOP_CMOEA_CF9_N100_FE100000_run2_seed309902.mat"
"s09_biscop_confirmation","BiSCOP-CMOEA","CF9","CF",100,100000,3,309903,100000,20.9231,0.08569979455209831,0.4412512637348912,1,"BiSCOP_CMOEA_CF9_N100_FE100000_run3_seed309903.mat"
"s09_biscop_confirmation","BiSCOP-CMOEA","CF9","CF",100,100000,4,309904,100000,20.496,0.09235936748940771,0.4330538074447359,1,"BiSCOP_CMOEA_CF9_N100_FE100000_run4_seed309904.mat"
"s09_biscop_confirmation","BiSCOP-CMOEA","CF9","CF",100,100000,5,309905,100000,19.4191,0.0825296678199242,0.4468885120473749,1,"BiSCOP_CMOEA_CF9_N100_FE100000_run5_seed309905.mat"
"s09_biscop_confirmation","BiSCOP-CMOEA","CF9","CF",100,100000,6,309906,100000,20.3966,0.09745213860886538,0.4238721938193712,1,"BiSCOP_CMOEA_CF9_N100_FE100000_run6_seed309906.mat"
"s09_biscop_confirmation","BiSCOP-CMOEA","CF9","CF",100,100000,7,309907,100000,20.7262,0.08718219832606539,0.4349746212395707,1,"BiSCOP_CMOEA_CF9_N100_FE100000_run7_seed309907.mat"
"s09_biscop_confirmation","BiSCOP-CMOEA","CF9","CF",100,100000,8,309908,100000,21.0385,0.09043828937358242,0.4389237266897211,1,"BiSCOP_CMOEA_CF9_N100_FE100000_run8_seed309908.mat"
"s09_biscop_confirmation","BiSCOP-CMOEA","CF9","CF",100,100000,9,309909,100000,20.5939,0.08515629851404312,0.4367198861647058,1,"BiSCOP_CMOEA_CF9_N100_FE100000_run9_seed309909.mat"
"s09_biscop_confirmation","BiSCOP-CMOEA","DASCMOP1","DAS-CMOP",100,100000,10,311510,100000,9.227,0.005328230814983715,0.2109686777108159,1,"BiSCOP_CMOEA_DASCMOP1_N100_FE100000_run10_seed311510.mat"
"s09_biscop_confirmation","BiSCOP-CMOEA","DASCMOP1","DAS-CMOP",100,100000,1,311501,100000,9.4001,0.007595691056255695,0.2088154181891609,1,"BiSCOP_CMOEA_DASCMOP1_N100_FE100000_run1_seed311501.mat"
"s09_biscop_confirmation","BiSCOP-CMOEA","DASCMOP1","DAS-CMOP",100,100000,2,311502,100000,9.1649,0.004432716412965285,0.2114669264659679,1,"BiSCOP_CMOEA_DASCMOP1_N100_FE100000_run2_seed311502.mat"
"s09_biscop_confirmation","BiSCOP-CMOEA","DASCMOP1","DAS-CMOP",100,100000,3,311503,100000,9.2461,0.004781494213066608,0.2127922289543769,1,"BiSCOP_CMOEA_DASCMOP1_N100_FE100000_run3_seed311503.mat"
"s09_biscop_confirmation","BiSCOP-CMOEA","DASCMOP1","DAS-CMOP",100,100000,4,311504,100000,9.1438,0.004083897601887307,0.2112688225184106,1,"BiSCOP_CMOEA_DASCMOP1_N100_FE100000_run4_seed311504.mat"
"s09_biscop_confirmation","BiSCOP-CMOEA","DASCMOP1","DAS-CMOP",100,100000,5,311505,100000,9.1842,0.00453551707121203,0.2117502251228087,1,"BiSCOP_CMOEA_DASCMOP1_N100_FE100000_run5_seed311505.mat"
"s09_biscop_confirmation","BiSCOP-CMOEA","DASCMOP1","DAS-CMOP",100,100000,6,311506,100000,9.3253,0.005022271400782242,0.2114233499119185,1,"BiSCOP_CMOEA_DASCMOP1_N100_FE100000_run6_seed311506.mat"
"s09_biscop_confirmation","BiSCOP-CMOEA","DASCMOP1","DAS-CMOP",100,100000,7,311507,100000,9.2402,0.004210765816547164,0.2123851318255816,1,"BiSCOP_CMOEA_DASCMOP1_N100_FE100000_run7_seed311507.mat"
"s09_biscop_confirmation","BiSCOP-CMOEA","DASCMOP1","DAS-CMOP",100,100000,8,311508,100000,8.9038,0.004553711174996447,0.2110897182069234,1,"BiSCOP_CMOEA_DASCMOP1_N100_FE100000_run8_seed311508.mat"
"s09_biscop_confirmation","BiSCOP-CMOEA","DASCMOP1","DAS-CMOP",100,100000,9,311509,100000,8.9517,0.003861606291774703,0.210118026327778,1,"BiSCOP_CMOEA_DASCMOP1_N100_FE100000_run9_seed311509.mat"
"s09_biscop_confirmation","BiSCOP-CMOEA","DASCMOP2","DAS-CMOP",100,100000,10,311610,100000,10.5914,0.005173472548332193,0.3545743491766859,1,"BiSCOP_CMOEA_DASCMOP2_N100_FE100000_run10_seed311610.mat"
"s09_biscop_confirmation","BiSCOP-CMOEA","DASCMOP2","DAS-CMOP",100,100000,1,311601,100000,8.6132,0.005439995566348779,0.3539884439665621,1,"BiSCOP_CMOEA_DASCMOP2_N100_FE100000_run1_seed311601.mat"
"s09_biscop_confirmation","BiSCOP-CMOEA","DASCMOP2","DAS-CMOP",100,100000,2,311602,100000,8.6359,0.005148353687759206,0.354473833028176,1,"BiSCOP_CMOEA_DASCMOP2_N100_FE100000_run2_seed311602.mat"
"s09_biscop_confirmation","BiSCOP-CMOEA","DASCMOP2","DAS-CMOP",100,100000,3,311603,100000,8.8414,0.005530719197956066,0.3544982912226959,1,"BiSCOP_CMOEA_DASCMOP2_N100_FE100000_run3_seed311603.mat"
"s09_biscop_confirmation","BiSCOP-CMOEA","DASCMOP2","DAS-CMOP",100,100000,4,311604,100000,8.5669,0.005640817793208555,0.3541535509023241,1,"BiSCOP_CMOEA_DASCMOP2_N100_FE100000_run4_seed311604.mat"
"s09_biscop_confirmation","BiSCOP-CMOEA","DASCMOP2","DAS-CMOP",100,100000,5,311605,100000,8.6101,0.00549559823018769,0.354063252542119,1,"BiSCOP_CMOEA_DASCMOP2_N100_FE100000_run5_seed311605.mat"
"s09_biscop_confirmation","BiSCOP-CMOEA","DASCMOP2","DAS-CMOP",100,100000,6,311606,100000,8.768,0.005334021878370835,0.354607488717015,1,"BiSCOP_CMOEA_DASCMOP2_N100_FE100000_run6_seed311606.mat"
"s09_biscop_confirmation","BiSCOP-CMOEA","DASCMOP2","DAS-CMOP",100,100000,7,311607,100000,8.5894,0.005244510612737164,0.3544016144731408,1,"BiSCOP_CMOEA_DASCMOP2_N100_FE100000_run7_seed311607.mat"
"s09_biscop_confirmation","BiSCOP-CMOEA","DASCMOP2","DAS-CMOP",100,100000,8,311608,100000,8.4848,0.005536824765682502,0.3541923821986573,1,"BiSCOP_CMOEA_DASCMOP2_N100_FE100000_run8_seed311608.mat"
"s09_biscop_confirmation","BiSCOP-CMOEA","DASCMOP2","DAS-CMOP",100,100000,9,311609,100000,8.8069,0.005796889240835023,0.3540251129421703,1,"BiSCOP_CMOEA_DASCMOP2_N100_FE100000_run9_seed311609.mat"
"s09_biscop_confirmation","BiSCOP-CMOEA","DASCMOP3","DAS-CMOP",100,100000,10,311710,100000,7.9613,0.02024787665681579,0.3108996424480311,1,"BiSCOP_CMOEA_DASCMOP3_N100_FE100000_run10_seed311710.mat"
"s09_biscop_confirmation","BiSCOP-CMOEA","DASCMOP3","DAS-CMOP",100,100000,1,311701,100000,8.1261,0.02084871261761994,0.3102679275769016,1,"BiSCOP_CMOEA_DASCMOP3_N100_FE100000_run1_seed311701.mat"
"s09_biscop_confirmation","BiSCOP-CMOEA","DASCMOP3","DAS-CMOP",100,100000,2,311702,100000,10.2385,0.02280453263265929,0.3097806300804575,1,"BiSCOP_CMOEA_DASCMOP3_N100_FE100000_run2_seed311702.mat"
"s09_biscop_confirmation","BiSCOP-CMOEA","DASCMOP3","DAS-CMOP",100,100000,3,311703,100000,10.3869,0.02374715666345724,0.3070669407840594,1,"BiSCOP_CMOEA_DASCMOP3_N100_FE100000_run3_seed311703.mat"
"s09_biscop_confirmation","BiSCOP-CMOEA","DASCMOP3","DAS-CMOP",100,100000,4,311704,100000,7.7952,0.0264282393944196,0.3061789050870423,1,"BiSCOP_CMOEA_DASCMOP3_N100_FE100000_run4_seed311704.mat"
"s09_biscop_confirmation","BiSCOP-CMOEA","DASCMOP3","DAS-CMOP",100,100000,5,311705,100000,8.0423,0.01974850039150754,0.3119248382611846,1,"BiSCOP_CMOEA_DASCMOP3_N100_FE100000_run5_seed311705.mat"
"s09_biscop_confirmation","BiSCOP-CMOEA","DASCMOP3","DAS-CMOP",100,100000,6,311706,100000,8.8591,0.02045956834509503,0.3099783975146383,1,"BiSCOP_CMOEA_DASCMOP3_N100_FE100000_run6_seed311706.mat"
"s09_biscop_confirmation","BiSCOP-CMOEA","DASCMOP3","DAS-CMOP",100,100000,7,311707,100000,8.049,0.02041601620909806,0.3091111745268312,1,"BiSCOP_CMOEA_DASCMOP3_N100_FE100000_run7_seed311707.mat"
"s09_biscop_confirmation","BiSCOP-CMOEA","DASCMOP3","DAS-CMOP",100,100000,8,311708,100000,8.8593,0.02086972074652025,0.3109558024449589,1,"BiSCOP_CMOEA_DASCMOP3_N100_FE100000_run8_seed311708.mat"
"s09_biscop_confirmation","BiSCOP-CMOEA","DASCMOP3","DAS-CMOP",100,100000,9,311709,100000,9.0579,0.01318216676901216,0.3107086518040884,1,"BiSCOP_CMOEA_DASCMOP3_N100_FE100000_run9_seed311709.mat"
"s09_biscop_confirmation","BiSCOP-CMOEA","DASCMOP4","DAS-CMOP",100,100000,10,311810,100000,8.611,0.005138510031043535,0.19485866097578,1,"BiSCOP_CMOEA_DASCMOP4_N100_FE100000_run10_seed311810.mat"
"s09_biscop_confirmation","BiSCOP-CMOEA","DASCMOP4","DAS-CMOP",100,100000,1,311801,100000,7.9546,0.001715247980668657,0.2037813545061029,1,"BiSCOP_CMOEA_DASCMOP4_N100_FE100000_run1_seed311801.mat"
"s09_biscop_confirmation","BiSCOP-CMOEA","DASCMOP4","DAS-CMOP",100,100000,2,311802,100000,9.7714,0.001940841253210949,0.2034264917470052,1,"BiSCOP_CMOEA_DASCMOP4_N100_FE100000_run2_seed311802.mat"
"s09_biscop_confirmation","BiSCOP-CMOEA","DASCMOP4","DAS-CMOP",100,100000,3,311803,100000,7.9111,0.00142264887164665,0.2035680318440913,1,"BiSCOP_CMOEA_DASCMOP4_N100_FE100000_run3_seed311803.mat"
"s09_biscop_confirmation","BiSCOP-CMOEA","DASCMOP4","DAS-CMOP",100,100000,4,311804,100000,9.3957,0.00249253629820475,0.2038356547964122,1,"BiSCOP_CMOEA_DASCMOP4_N100_FE100000_run4_seed311804.mat"
"s09_biscop_confirmation","BiSCOP-CMOEA","DASCMOP4","DAS-CMOP",100,100000,5,311805,100000,9.2036,0.00258874710374998,0.2026097283898279,1,"BiSCOP_CMOEA_DASCMOP4_N100_FE100000_run5_seed311805.mat"
"s09_biscop_confirmation","BiSCOP-CMOEA","DASCMOP4","DAS-CMOP",100,100000,6,311806,100000,7.6882,0.002409704220441509,0.2031053925672404,1,"BiSCOP_CMOEA_DASCMOP4_N100_FE100000_run6_seed311806.mat"
"s09_biscop_confirmation","BiSCOP-CMOEA","DASCMOP4","DAS-CMOP",100,100000,7,311807,100000,7.8483,0.001863104870971046,0.2036692544167343,1,"BiSCOP_CMOEA_DASCMOP4_N100_FE100000_run7_seed311807.mat"
"s09_biscop_confirmation","BiSCOP-CMOEA","DASCMOP4","DAS-CMOP",100,100000,8,311808,100000,8.4448,0.001584879978654347,0.203645188101214,1,"BiSCOP_CMOEA_DASCMOP4_N100_FE100000_run8_seed311808.mat"
"s09_biscop_confirmation","BiSCOP-CMOEA","DASCMOP4","DAS-CMOP",100,100000,9,311809,100000,7.7318,0.002287634449707588,0.2037474592822929,1,"BiSCOP_CMOEA_DASCMOP4_N100_FE100000_run9_seed311809.mat"
"s09_biscop_confirmation","BiSCOP-CMOEA","DASCMOP5","DAS-CMOP",100,100000,10,311910,100000,8.8635,0.003237030138303614,0.3507743068887631,1,"BiSCOP_CMOEA_DASCMOP5_N100_FE100000_run10_seed311910.mat"
"s09_biscop_confirmation","BiSCOP-CMOEA","DASCMOP5","DAS-CMOP",100,100000,1,311901,100000,8.634,0.002804234722820764,0.3511998094516847,1,"BiSCOP_CMOEA_DASCMOP5_N100_FE100000_run1_seed311901.mat"
"s09_biscop_confirmation","BiSCOP-CMOEA","DASCMOP5","DAS-CMOP",100,100000,2,311902,100000,7.7127,0.003134055493715957,0.3508557890295954,1,"BiSCOP_CMOEA_DASCMOP5_N100_FE100000_run2_seed311902.mat"
"s09_biscop_confirmation","BiSCOP-CMOEA","DASCMOP5","DAS-CMOP",100,100000,3,311903,100000,7.9245,0.002932736037365397,0.3508571705893144,1,"BiSCOP_CMOEA_DASCMOP5_N100_FE100000_run3_seed311903.mat"
"s09_biscop_confirmation","BiSCOP-CMOEA","DASCMOP5","DAS-CMOP",100,100000,4,311904,100000,9.4806,0.002844888004908972,0.3513211692262492,1,"BiSCOP_CMOEA_DASCMOP5_N100_FE100000_run4_seed311904.mat"
"s09_biscop_confirmation","BiSCOP-CMOEA","DASCMOP5","DAS-CMOP",100,100000,5,311905,100000,7.8729,0.003982679960862629,0.3510170385737156,1,"BiSCOP_CMOEA_DASCMOP5_N100_FE100000_run5_seed311905.mat"
"s09_biscop_confirmation","BiSCOP-CMOEA","DASCMOP5","DAS-CMOP",100,100000,6,311906,100000,8.7929,0.002894618814526503,0.3510386477111123,1,"BiSCOP_CMOEA_DASCMOP5_N100_FE100000_run6_seed311906.mat"
"s09_biscop_confirmation","BiSCOP-CMOEA","DASCMOP5","DAS-CMOP",100,100000,7,311907,100000,8.6425,0.003190852400487283,0.3509536417341694,1,"BiSCOP_CMOEA_DASCMOP5_N100_FE100000_run7_seed311907.mat"
"s09_biscop_confirmation","BiSCOP-CMOEA","DASCMOP5","DAS-CMOP",100,100000,8,311908,100000,7.7203,0.003248909661810183,0.3510385151304101,1,"BiSCOP_CMOEA_DASCMOP5_N100_FE100000_run8_seed311908.mat"
"s09_biscop_confirmation","BiSCOP-CMOEA","DASCMOP5","DAS-CMOP",100,100000,9,311909,100000,7.9446,0.003478192803500905,0.3507031699125708,1,"BiSCOP_CMOEA_DASCMOP5_N100_FE100000_run9_seed311909.mat"
"s09_biscop_confirmation","BiSCOP-CMOEA","DASCMOP6","DAS-CMOP",100,100000,10,312010,100000,7.4961,0.01969801883821569,0.312125720324771,1,"BiSCOP_CMOEA_DASCMOP6_N100_FE100000_run10_seed312010.mat"
"s09_biscop_confirmation","BiSCOP-CMOEA","DASCMOP6","DAS-CMOP",100,100000,1,312001,100000,7.6885,0.01953072305089586,0.3119907702449717,1,"BiSCOP_CMOEA_DASCMOP6_N100_FE100000_run1_seed312001.mat"
"s09_biscop_confirmation","BiSCOP-CMOEA","DASCMOP6","DAS-CMOP",100,100000,2,312002,100000,8.1315,0.01927155349758955,0.3120593826432599,1,"BiSCOP_CMOEA_DASCMOP6_N100_FE100000_run2_seed312002.mat"
"s09_biscop_confirmation","BiSCOP-CMOEA","DASCMOP6","DAS-CMOP",100,100000,3,312003,100000,8.2976,0.02024059492100072,0.3113181517301454,1,"BiSCOP_CMOEA_DASCMOP6_N100_FE100000_run3_seed312003.mat"
"s09_biscop_confirmation","BiSCOP-CMOEA","DASCMOP6","DAS-CMOP",100,100000,4,312004,100000,7.6265,0.0193912571691709,0.3122979486589455,1,"BiSCOP_CMOEA_DASCMOP6_N100_FE100000_run4_seed312004.mat"
"s09_biscop_confirmation","BiSCOP-CMOEA","DASCMOP6","DAS-CMOP",100,100000,5,312005,100000,7.885,0.02050315643880713,0.31197393273726,1,"BiSCOP_CMOEA_DASCMOP6_N100_FE100000_run5_seed312005.mat"
"s09_biscop_confirmation","BiSCOP-CMOEA","DASCMOP6","DAS-CMOP",100,100000,6,312006,100000,8.3018,0.01972557369274516,0.3121756682094365,1,"BiSCOP_CMOEA_DASCMOP6_N100_FE100000_run6_seed312006.mat"
"s09_biscop_confirmation","BiSCOP-CMOEA","DASCMOP6","DAS-CMOP",100,100000,7,312007,100000,7.5556,0.0194835119149421,0.3117253005572166,1,"BiSCOP_CMOEA_DASCMOP6_N100_FE100000_run7_seed312007.mat"
"s09_biscop_confirmation","BiSCOP-CMOEA","DASCMOP6","DAS-CMOP",100,100000,8,312008,100000,8.4512,0.01270900529426906,0.3123210820369545,1,"BiSCOP_CMOEA_DASCMOP6_N100_FE100000_run8_seed312008.mat"
"s09_biscop_confirmation","BiSCOP-CMOEA","DASCMOP6","DAS-CMOP",100,100000,9,312009,100000,8.3653,0.01964619183606985,0.3121224578009092,1,"BiSCOP_CMOEA_DASCMOP6_N100_FE100000_run9_seed312009.mat"
"s09_biscop_confirmation","BiSCOP-CMOEA","DASCMOP7","DAS-CMOP",100,100000,10,312110,100000,11.7101,0.03044185520408506,0.2880112553073715,1,"BiSCOP_CMOEA_DASCMOP7_N100_FE100000_run10_seed312110.mat"
"s09_biscop_confirmation","BiSCOP-CMOEA","DASCMOP7","DAS-CMOP",100,100000,1,312101,100000,13.8882,0.0330304007838432,0.2855445721900131,1,"BiSCOP_CMOEA_DASCMOP7_N100_FE100000_run1_seed312101.mat"
"s09_biscop_confirmation","BiSCOP-CMOEA","DASCMOP7","DAS-CMOP",100,100000,2,312102,100000,9.9677,0.02902643310231418,0.2878630914804627,1,"BiSCOP_CMOEA_DASCMOP7_N100_FE100000_run2_seed312102.mat"
"s09_biscop_confirmation","BiSCOP-CMOEA","DASCMOP7","DAS-CMOP",100,100000,3,312103,100000,10.4737,0.03092798732420923,0.2872359481948202,1,"BiSCOP_CMOEA_DASCMOP7_N100_FE100000_run3_seed312103.mat"
"s09_biscop_confirmation","BiSCOP-CMOEA","DASCMOP7","DAS-CMOP",100,100000,4,312104,100000,12.0575,0.03060693152912835,0.287877449010146,1,"BiSCOP_CMOEA_DASCMOP7_N100_FE100000_run4_seed312104.mat"
"s09_biscop_confirmation","BiSCOP-CMOEA","DASCMOP7","DAS-CMOP",100,100000,5,312105,100000,11.5671,0.03047410871877916,0.2881636702132214,1,"BiSCOP_CMOEA_DASCMOP7_N100_FE100000_run5_seed312105.mat"
"s09_biscop_confirmation","BiSCOP-CMOEA","DASCMOP7","DAS-CMOP",100,100000,6,312106,100000,9.9763,0.03101098517142051,0.2875031071747923,1,"BiSCOP_CMOEA_DASCMOP7_N100_FE100000_run6_seed312106.mat"
"s09_biscop_confirmation","BiSCOP-CMOEA","DASCMOP7","DAS-CMOP",100,100000,7,312107,100000,10.9661,0.03024029599777964,0.2879682233431068,1,"BiSCOP_CMOEA_DASCMOP7_N100_FE100000_run7_seed312107.mat"
"s09_biscop_confirmation","BiSCOP-CMOEA","DASCMOP7","DAS-CMOP",100,100000,8,312108,100000,11.509,0.0304016719760688,0.2886316859191584,1,"BiSCOP_CMOEA_DASCMOP7_N100_FE100000_run8_seed312108.mat"
"s09_biscop_confirmation","BiSCOP-CMOEA","DASCMOP7","DAS-CMOP",100,100000,9,312109,100000,11.5717,0.02901715588109208,0.2885165481537281,1,"BiSCOP_CMOEA_DASCMOP7_N100_FE100000_run9_seed312109.mat"
"s09_biscop_confirmation","BiSCOP-CMOEA","DASCMOP8","DAS-CMOP",100,100000,10,312210,100000,10.3912,0.03951954109743477,0.2069373711224464,1,"BiSCOP_CMOEA_DASCMOP8_N100_FE100000_run10_seed312210.mat"
"s09_biscop_confirmation","BiSCOP-CMOEA","DASCMOP8","DAS-CMOP",100,100000,1,312201,100000,11.3974,0.03872611493107499,0.2066097747493086,1,"BiSCOP_CMOEA_DASCMOP8_N100_FE100000_run1_seed312201.mat"
"s09_biscop_confirmation","BiSCOP-CMOEA","DASCMOP8","DAS-CMOP",100,100000,2,312202,100000,10.8541,0.0395243654936666,0.2070143682145294,1,"BiSCOP_CMOEA_DASCMOP8_N100_FE100000_run2_seed312202.mat"
"s09_biscop_confirmation","BiSCOP-CMOEA","DASCMOP8","DAS-CMOP",100,100000,3,312203,100000,9.4173,0.03873127644884621,0.2076718313071631,1,"BiSCOP_CMOEA_DASCMOP8_N100_FE100000_run3_seed312203.mat"
"s09_biscop_confirmation","BiSCOP-CMOEA","DASCMOP8","DAS-CMOP",100,100000,4,312204,100000,9.4898,0.03770750388566434,0.206615383501527,1,"BiSCOP_CMOEA_DASCMOP8_N100_FE100000_run4_seed312204.mat"
"s09_biscop_confirmation","BiSCOP-CMOEA","DASCMOP8","DAS-CMOP",100,100000,5,312205,100000,9.8174,0.04062300878300424,0.2068333344891606,1,"BiSCOP_CMOEA_DASCMOP8_N100_FE100000_run5_seed312205.mat"
"s09_biscop_confirmation","BiSCOP-CMOEA","DASCMOP8","DAS-CMOP",100,100000,6,312206,100000,10.3119,0.03865506639091226,0.2064134709453798,1,"BiSCOP_CMOEA_DASCMOP8_N100_FE100000_run6_seed312206.mat"
"s09_biscop_confirmation","BiSCOP-CMOEA","DASCMOP8","DAS-CMOP",100,100000,7,312207,100000,11.6411,0.03838495886688499,0.2067964471933053,1,"BiSCOP_CMOEA_DASCMOP8_N100_FE100000_run7_seed312207.mat"
"s09_biscop_confirmation","BiSCOP-CMOEA","DASCMOP8","DAS-CMOP",100,100000,8,312208,100000,9.2608,0.0387218752072718,0.2064371601196359,1,"BiSCOP_CMOEA_DASCMOP8_N100_FE100000_run8_seed312208.mat"
"s09_biscop_confirmation","BiSCOP-CMOEA","DASCMOP8","DAS-CMOP",100,100000,9,312209,100000,10.202,0.03893660841060033,0.206542272428037,1,"BiSCOP_CMOEA_DASCMOP8_N100_FE100000_run9_seed312209.mat"
"s09_biscop_confirmation","BiSCOP-CMOEA","DASCMOP9","DAS-CMOP",100,100000,10,312310,100000,10.1971,0.04272169094314336,0.2058283188253715,1,"BiSCOP_CMOEA_DASCMOP9_N100_FE100000_run10_seed312310.mat"
"s09_biscop_confirmation","BiSCOP-CMOEA","DASCMOP9","DAS-CMOP",100,100000,1,312301,100000,10.2666,0.04726754610092204,0.2052297095501649,1,"BiSCOP_CMOEA_DASCMOP9_N100_FE100000_run1_seed312301.mat"
"s09_biscop_confirmation","BiSCOP-CMOEA","DASCMOP9","DAS-CMOP",100,100000,2,312302,100000,10.6617,0.04059323707205054,0.2059089347306472,1,"BiSCOP_CMOEA_DASCMOP9_N100_FE100000_run2_seed312302.mat"
"s09_biscop_confirmation","BiSCOP-CMOEA","DASCMOP9","DAS-CMOP",100,100000,3,312303,100000,10.577,0.04378104272345125,0.2044353603769362,1,"BiSCOP_CMOEA_DASCMOP9_N100_FE100000_run3_seed312303.mat"
"s09_biscop_confirmation","BiSCOP-CMOEA","DASCMOP9","DAS-CMOP",100,100000,4,312304,100000,10.3121,0.04338118148856204,0.2054567395845403,1,"BiSCOP_CMOEA_DASCMOP9_N100_FE100000_run4_seed312304.mat"
"s09_biscop_confirmation","BiSCOP-CMOEA","DASCMOP9","DAS-CMOP",100,100000,5,312305,100000,10.556,0.03953878113488501,0.2054564705585827,1,"BiSCOP_CMOEA_DASCMOP9_N100_FE100000_run5_seed312305.mat"
"s09_biscop_confirmation","BiSCOP-CMOEA","DASCMOP9","DAS-CMOP",100,100000,6,312306,100000,10.303,0.04513835035664921,0.205994769028912,1,"BiSCOP_CMOEA_DASCMOP9_N100_FE100000_run6_seed312306.mat"
"s09_biscop_confirmation","BiSCOP-CMOEA","DASCMOP9","DAS-CMOP",100,100000,7,312307,100000,10.0148,0.04720217809569364,0.2055652774405529,1,"BiSCOP_CMOEA_DASCMOP9_N100_FE100000_run7_seed312307.mat"
"s09_biscop_confirmation","BiSCOP-CMOEA","DASCMOP9","DAS-CMOP",100,100000,8,312308,100000,10.3141,0.04298934447723806,0.2053007619107657,1,"BiSCOP_CMOEA_DASCMOP9_N100_FE100000_run8_seed312308.mat"
"s09_biscop_confirmation","BiSCOP-CMOEA","DASCMOP9","DAS-CMOP",100,100000,9,312309,100000,10.5768,0.04195692916356449,0.2054960163696526,1,"BiSCOP_CMOEA_DASCMOP9_N100_FE100000_run9_seed312309.mat"
"s09_biscop_confirmation","BiSCOP-CMOEA","LIRCMOP10","LIR-CMOP",100,100000,10,311010,100000,18.8991,0.03517164163597635,0.6884389893434966,1,"BiSCOP_CMOEA_LIRCMOP10_N100_FE100000_run10_seed311010.mat"
"s09_biscop_confirmation","BiSCOP-CMOEA","LIRCMOP10","LIR-CMOP",100,100000,1,311001,100000,20.616,0.03036191732122953,0.6911579858366388,1,"BiSCOP_CMOEA_LIRCMOP10_N100_FE100000_run1_seed311001.mat"
"s09_biscop_confirmation","BiSCOP-CMOEA","LIRCMOP10","LIR-CMOP",100,100000,2,311002,100000,18.7716,0.02874344390510324,0.6918417539740804,1,"BiSCOP_CMOEA_LIRCMOP10_N100_FE100000_run2_seed311002.mat"
"s09_biscop_confirmation","BiSCOP-CMOEA","LIRCMOP10","LIR-CMOP",100,100000,3,311003,100000,19.8955,0.02783685112366423,0.6923631979631764,1,"BiSCOP_CMOEA_LIRCMOP10_N100_FE100000_run3_seed311003.mat"
"s09_biscop_confirmation","BiSCOP-CMOEA","LIRCMOP10","LIR-CMOP",100,100000,4,311004,100000,18.5247,0.1023400670230509,0.6700017993837821,1,"BiSCOP_CMOEA_LIRCMOP10_N100_FE100000_run4_seed311004.mat"
"s09_biscop_confirmation","BiSCOP-CMOEA","LIRCMOP10","LIR-CMOP",100,100000,5,311005,100000,19.2112,0.02060195897605425,0.6966618371061964,1,"BiSCOP_CMOEA_LIRCMOP10_N100_FE100000_run5_seed311005.mat"
"s09_biscop_confirmation","BiSCOP-CMOEA","LIRCMOP10","LIR-CMOP",100,100000,6,311006,100000,19.7145,0.103889422993273,0.6677346598449618,1,"BiSCOP_CMOEA_LIRCMOP10_N100_FE100000_run6_seed311006.mat"
"s09_biscop_confirmation","BiSCOP-CMOEA","LIRCMOP10","LIR-CMOP",100,100000,7,311007,100000,20.1403,0.05406704807787729,0.6808533547013179,1,"BiSCOP_CMOEA_LIRCMOP10_N100_FE100000_run7_seed311007.mat"
"s09_biscop_confirmation","BiSCOP-CMOEA","LIRCMOP10","LIR-CMOP",100,100000,8,311008,100000,19.5568,0.1170760355692242,0.659810294683718,1,"BiSCOP_CMOEA_LIRCMOP10_N100_FE100000_run8_seed311008.mat"
"s09_biscop_confirmation","BiSCOP-CMOEA","LIRCMOP10","LIR-CMOP",100,100000,9,311009,100000,19.8243,0.126199548879677,0.652941416258039,1,"BiSCOP_CMOEA_LIRCMOP10_N100_FE100000_run9_seed311009.mat"
"s09_biscop_confirmation","BiSCOP-CMOEA","LIRCMOP11","LIR-CMOP",100,100000,10,311110,100000,17.0935,0.07265120193903538,0.6596814529450129,1,"BiSCOP_CMOEA_LIRCMOP11_N100_FE100000_run10_seed311110.mat"
"s09_biscop_confirmation","BiSCOP-CMOEA","LIRCMOP11","LIR-CMOP",100,100000,1,311101,100000,17.1487,0.07258437747339931,0.6600517445012504,1,"BiSCOP_CMOEA_LIRCMOP11_N100_FE100000_run1_seed311101.mat"
"s09_biscop_confirmation","BiSCOP-CMOEA","LIRCMOP11","LIR-CMOP",100,100000,2,311102,100000,17.2773,0.07280107627183496,0.6588414382632095,1,"BiSCOP_CMOEA_LIRCMOP11_N100_FE100000_run2_seed311102.mat"
"s09_biscop_confirmation","BiSCOP-CMOEA","LIRCMOP11","LIR-CMOP",100,100000,3,311103,100000,18.114,0.07388002541664694,0.6594195261218301,1,"BiSCOP_CMOEA_LIRCMOP11_N100_FE100000_run3_seed311103.mat"
"s09_biscop_confirmation","BiSCOP-CMOEA","LIRCMOP11","LIR-CMOP",100,100000,4,311104,100000,15.2333,0.006368876254026273,0.6904295234712627,1,"BiSCOP_CMOEA_LIRCMOP11_N100_FE100000_run4_seed311104.mat"
"s09_biscop_confirmation","BiSCOP-CMOEA","LIRCMOP11","LIR-CMOP",100,100000,5,311105,100000,15.3425,0.007832126538477233,0.690426956372532,1,"BiSCOP_CMOEA_LIRCMOP11_N100_FE100000_run5_seed311105.mat"
"s09_biscop_confirmation","BiSCOP-CMOEA","LIRCMOP11","LIR-CMOP",100,100000,6,311106,100000,17.7177,0.02180431328564716,0.6805830508837284,1,"BiSCOP_CMOEA_LIRCMOP11_N100_FE100000_run6_seed311106.mat"
"s09_biscop_confirmation","BiSCOP-CMOEA","LIRCMOP11","LIR-CMOP",100,100000,7,311107,100000,17.3029,0.07249087699908041,0.6596631609895111,1,"BiSCOP_CMOEA_LIRCMOP11_N100_FE100000_run7_seed311107.mat"
"s09_biscop_confirmation","BiSCOP-CMOEA","LIRCMOP11","LIR-CMOP",100,100000,8,311108,100000,14.7315,0.005962639946924915,0.6919586577767648,1,"BiSCOP_CMOEA_LIRCMOP11_N100_FE100000_run8_seed311108.mat"
"s09_biscop_confirmation","BiSCOP-CMOEA","LIRCMOP11","LIR-CMOP",100,100000,9,311109,100000,16.8453,0.0722720360404587,0.660050115510832,1,"BiSCOP_CMOEA_LIRCMOP11_N100_FE100000_run9_seed311109.mat"
"s09_biscop_confirmation","BiSCOP-CMOEA","LIRCMOP12","LIR-CMOP",100,100000,10,311210,100000,9.0601,0.09388885413022925,0.5794968274336008,1,"BiSCOP_CMOEA_LIRCMOP12_N100_FE100000_run10_seed311210.mat"
"s09_biscop_confirmation","BiSCOP-CMOEA","LIRCMOP12","LIR-CMOP",100,100000,1,311201,100000,11.1579,0.1350032220527459,0.5554020514676066,1,"BiSCOP_CMOEA_LIRCMOP12_N100_FE100000_run1_seed311201.mat"
"s09_biscop_confirmation","BiSCOP-CMOEA","LIRCMOP12","LIR-CMOP",100,100000,2,311202,100000,9.6915,0.09509220936106014,0.579823430783403,1,"BiSCOP_CMOEA_LIRCMOP12_N100_FE100000_run2_seed311202.mat"
"s09_biscop_confirmation","BiSCOP-CMOEA","LIRCMOP12","LIR-CMOP",100,100000,3,311203,100000,8.9669,0.1302691599976062,0.5605669489617555,1,"BiSCOP_CMOEA_LIRCMOP12_N100_FE100000_run3_seed311203.mat"
"s09_biscop_confirmation","BiSCOP-CMOEA","LIRCMOP12","LIR-CMOP",100,100000,4,311204,100000,9.5983,0.1256465012070225,0.5578684435882842,1,"BiSCOP_CMOEA_LIRCMOP12_N100_FE100000_run4_seed311204.mat"
"s09_biscop_confirmation","BiSCOP-CMOEA","LIRCMOP12","LIR-CMOP",100,100000,5,311205,100000,9.6847,0.09729405386105262,0.5769279484889093,1,"BiSCOP_CMOEA_LIRCMOP12_N100_FE100000_run5_seed311205.mat"
"s09_biscop_confirmation","BiSCOP-CMOEA","LIRCMOP12","LIR-CMOP",100,100000,6,311206,100000,9.8722,0.08416655705774991,0.5864836628403116,1,"BiSCOP_CMOEA_LIRCMOP12_N100_FE100000_run6_seed311206.mat"
"s09_biscop_confirmation","BiSCOP-CMOEA","LIRCMOP12","LIR-CMOP",100,100000,7,311207,100000,9.657,0.08127843709299125,0.5881967051077043,1,"BiSCOP_CMOEA_LIRCMOP12_N100_FE100000_run7_seed311207.mat"
"s09_biscop_confirmation","BiSCOP-CMOEA","LIRCMOP12","LIR-CMOP",100,100000,8,311208,100000,9.3711,0.08664210307624648,0.5850843845636213,1,"BiSCOP_CMOEA_LIRCMOP12_N100_FE100000_run8_seed311208.mat"
"s09_biscop_confirmation","BiSCOP-CMOEA","LIRCMOP12","LIR-CMOP",100,100000,9,311209,100000,9.2811,0.1326880745666551,0.560286572532804,1,"BiSCOP_CMOEA_LIRCMOP12_N100_FE100000_run9_seed311209.mat"
"s09_biscop_confirmation","BiSCOP-CMOEA","LIRCMOP13","LIR-CMOP",100,100000,10,311310,100000,47.6721,0.09719798823511183,0.5429646552746286,1,"BiSCOP_CMOEA_LIRCMOP13_N100_FE100000_run10_seed311310.mat"
"s09_biscop_confirmation","BiSCOP-CMOEA","LIRCMOP13","LIR-CMOP",100,100000,1,311301,100000,47.4381,0.09826553994446077,0.5421259815354182,1,"BiSCOP_CMOEA_LIRCMOP13_N100_FE100000_run1_seed311301.mat"
"s09_biscop_confirmation","BiSCOP-CMOEA","LIRCMOP13","LIR-CMOP",100,100000,2,311302,100000,47.3604,0.09653274683945139,0.5487462757679524,1,"BiSCOP_CMOEA_LIRCMOP13_N100_FE100000_run2_seed311302.mat"
"s09_biscop_confirmation","BiSCOP-CMOEA","LIRCMOP13","LIR-CMOP",100,100000,3,311303,100000,47.4503,0.09870510322588112,0.5426653106623216,1,"BiSCOP_CMOEA_LIRCMOP13_N100_FE100000_run3_seed311303.mat"
"s09_biscop_confirmation","BiSCOP-CMOEA","LIRCMOP13","LIR-CMOP",100,100000,4,311304,100000,46.7168,0.09536759617418372,0.5457341146437005,1,"BiSCOP_CMOEA_LIRCMOP13_N100_FE100000_run4_seed311304.mat"
"s09_biscop_confirmation","BiSCOP-CMOEA","LIRCMOP13","LIR-CMOP",100,100000,5,311305,100000,46.3773,0.09664884823811717,0.5429116821233528,1,"BiSCOP_CMOEA_LIRCMOP13_N100_FE100000_run5_seed311305.mat"
"s09_biscop_confirmation","BiSCOP-CMOEA","LIRCMOP13","LIR-CMOP",100,100000,6,311306,100000,47.6137,0.09574244897767373,0.5457233701365238,1,"BiSCOP_CMOEA_LIRCMOP13_N100_FE100000_run6_seed311306.mat"
"s09_biscop_confirmation","BiSCOP-CMOEA","LIRCMOP13","LIR-CMOP",100,100000,7,311307,100000,47.1357,0.09832746242843415,0.5429718581597239,1,"BiSCOP_CMOEA_LIRCMOP13_N100_FE100000_run7_seed311307.mat"
"s09_biscop_confirmation","BiSCOP-CMOEA","LIRCMOP13","LIR-CMOP",100,100000,8,311308,100000,46.9723,0.09501676884465041,0.547877439640322,1,"BiSCOP_CMOEA_LIRCMOP13_N100_FE100000_run8_seed311308.mat"
"s09_biscop_confirmation","BiSCOP-CMOEA","LIRCMOP13","LIR-CMOP",100,100000,9,311309,100000,46.995,0.0951771352429584,0.547238699777761,1,"BiSCOP_CMOEA_LIRCMOP13_N100_FE100000_run9_seed311309.mat"
"s09_biscop_confirmation","BiSCOP-CMOEA","LIRCMOP14","LIR-CMOP",100,100000,10,311410,100000,32.4561,0.09836614327858652,0.5495686064572235,1,"BiSCOP_CMOEA_LIRCMOP14_N100_FE100000_run10_seed311410.mat"
"s09_biscop_confirmation","BiSCOP-CMOEA","LIRCMOP14","LIR-CMOP",100,100000,1,311401,100000,34.0726,0.09672586662866513,0.5531148431907962,1,"BiSCOP_CMOEA_LIRCMOP14_N100_FE100000_run1_seed311401.mat"
"s09_biscop_confirmation","BiSCOP-CMOEA","LIRCMOP14","LIR-CMOP",100,100000,2,311402,100000,33.2991,0.09724064665137271,0.55051554370585,1,"BiSCOP_CMOEA_LIRCMOP14_N100_FE100000_run2_seed311402.mat"
"s09_biscop_confirmation","BiSCOP-CMOEA","LIRCMOP14","LIR-CMOP",100,100000,3,311403,100000,34.0328,0.09604479141118745,0.551416751358178,1,"BiSCOP_CMOEA_LIRCMOP14_N100_FE100000_run3_seed311403.mat"
"s09_biscop_confirmation","BiSCOP-CMOEA","LIRCMOP14","LIR-CMOP",100,100000,4,311404,100000,32.9462,0.09716909384283318,0.5499207251179667,1,"BiSCOP_CMOEA_LIRCMOP14_N100_FE100000_run4_seed311404.mat"
"s09_biscop_confirmation","BiSCOP-CMOEA","LIRCMOP14","LIR-CMOP",100,100000,5,311405,100000,33.4876,0.09921562536654345,0.5501429338611452,1,"BiSCOP_CMOEA_LIRCMOP14_N100_FE100000_run5_seed311405.mat"
"s09_biscop_confirmation","BiSCOP-CMOEA","LIRCMOP14","LIR-CMOP",100,100000,6,311406,100000,33.4257,0.09796318707810439,0.5493946423595766,1,"BiSCOP_CMOEA_LIRCMOP14_N100_FE100000_run6_seed311406.mat"
"s09_biscop_confirmation","BiSCOP-CMOEA","LIRCMOP14","LIR-CMOP",100,100000,7,311407,100000,34.0258,0.09740706038068085,0.5512819973914589,1,"BiSCOP_CMOEA_LIRCMOP14_N100_FE100000_run7_seed311407.mat"
"s09_biscop_confirmation","BiSCOP-CMOEA","LIRCMOP14","LIR-CMOP",100,100000,8,311408,100000,33.4049,0.09658082971968097,0.5516943013114399,1,"BiSCOP_CMOEA_LIRCMOP14_N100_FE100000_run8_seed311408.mat"
"s09_biscop_confirmation","BiSCOP-CMOEA","LIRCMOP14","LIR-CMOP",100,100000,9,311409,100000,33.3108,0.09724336518073254,0.5531818251265662,1,"BiSCOP_CMOEA_LIRCMOP14_N100_FE100000_run9_seed311409.mat"
"s09_biscop_confirmation","BiSCOP-CMOEA","LIRCMOP1","LIR-CMOP",100,100000,10,310110,100000,8.6548,0.2135163736596599,0.1436551530994003,1,"BiSCOP_CMOEA_LIRCMOP1_N100_FE100000_run10_seed310110.mat"
"s09_biscop_confirmation","BiSCOP-CMOEA","LIRCMOP1","LIR-CMOP",100,100000,1,310101,100000,8.5844,0.2167720140426883,0.1373468253135586,1,"BiSCOP_CMOEA_LIRCMOP1_N100_FE100000_run1_seed310101.mat"
"s09_biscop_confirmation","BiSCOP-CMOEA","LIRCMOP1","LIR-CMOP",100,100000,2,310102,100000,8.6205,0.2433159757170239,0.1290215486418665,1,"BiSCOP_CMOEA_LIRCMOP1_N100_FE100000_run2_seed310102.mat"
"s09_biscop_confirmation","BiSCOP-CMOEA","LIRCMOP1","LIR-CMOP",100,100000,3,310103,100000,8.7644,0.1851053533756739,0.1644063430554585,1,"BiSCOP_CMOEA_LIRCMOP1_N100_FE100000_run3_seed310103.mat"
"s09_biscop_confirmation","BiSCOP-CMOEA","LIRCMOP1","LIR-CMOP",100,100000,4,310104,100000,10.1014,0.2451527780769053,0.1324462006552256,1,"BiSCOP_CMOEA_LIRCMOP1_N100_FE100000_run4_seed310104.mat"
"s09_biscop_confirmation","BiSCOP-CMOEA","LIRCMOP1","LIR-CMOP",100,100000,5,310105,100000,8.6212,0.275416056569369,0.11383044863613,1,"BiSCOP_CMOEA_LIRCMOP1_N100_FE100000_run5_seed310105.mat"
"s09_biscop_confirmation","BiSCOP-CMOEA","LIRCMOP1","LIR-CMOP",100,100000,6,310106,100000,8.57,0.296289962648798,0.1133666259502049,1,"BiSCOP_CMOEA_LIRCMOP1_N100_FE100000_run6_seed310106.mat"
"s09_biscop_confirmation","BiSCOP-CMOEA","LIRCMOP1","LIR-CMOP",100,100000,7,310107,100000,8.5388,0.0854623260802392,0.1899121176993034,1,"BiSCOP_CMOEA_LIRCMOP1_N100_FE100000_run7_seed310107.mat"
"s09_biscop_confirmation","BiSCOP-CMOEA","LIRCMOP1","LIR-CMOP",100,100000,8,310108,100000,8.5132,0.2674713084983352,0.122559882386664,1,"BiSCOP_CMOEA_LIRCMOP1_N100_FE100000_run8_seed310108.mat"
"s09_biscop_confirmation","BiSCOP-CMOEA","LIRCMOP1","LIR-CMOP",100,100000,9,310109,100000,8.7809,0.2963354764675047,0.1109472138771632,1,"BiSCOP_CMOEA_LIRCMOP1_N100_FE100000_run9_seed310109.mat"
"s09_biscop_confirmation","BiSCOP-CMOEA","LIRCMOP2","LIR-CMOP",100,100000,10,310210,100000,10.8717,0.1172558904363803,0.3020067728726378,1,"BiSCOP_CMOEA_LIRCMOP2_N100_FE100000_run10_seed310210.mat"
"s09_biscop_confirmation","BiSCOP-CMOEA","LIRCMOP2","LIR-CMOP",100,100000,1,310201,100000,10.4392,0.1926141861957294,0.268048404857293,1,"BiSCOP_CMOEA_LIRCMOP2_N100_FE100000_run1_seed310201.mat"
"s09_biscop_confirmation","BiSCOP-CMOEA","LIRCMOP2","LIR-CMOP",100,100000,2,310202,100000,10.7053,0.1413876685290151,0.2960470529296534,1,"BiSCOP_CMOEA_LIRCMOP2_N100_FE100000_run2_seed310202.mat"
"s09_biscop_confirmation","BiSCOP-CMOEA","LIRCMOP2","LIR-CMOP",100,100000,3,310203,100000,10.9689,0.1045813997730031,0.2971077800656075,1,"BiSCOP_CMOEA_LIRCMOP2_N100_FE100000_run3_seed310203.mat"
"s09_biscop_confirmation","BiSCOP-CMOEA","LIRCMOP2","LIR-CMOP",100,100000,4,310204,100000,10.5745,0.09306353417766812,0.3177907078922028,1,"BiSCOP_CMOEA_LIRCMOP2_N100_FE100000_run4_seed310204.mat"
"s09_biscop_confirmation","BiSCOP-CMOEA","LIRCMOP2","LIR-CMOP",100,100000,5,310205,100000,10.7179,0.2047889793179853,0.2661811802018248,1,"BiSCOP_CMOEA_LIRCMOP2_N100_FE100000_run5_seed310205.mat"
"s09_biscop_confirmation","BiSCOP-CMOEA","LIRCMOP2","LIR-CMOP",100,100000,6,310206,100000,11.5499,0.1123941079179231,0.3092867387237794,1,"BiSCOP_CMOEA_LIRCMOP2_N100_FE100000_run6_seed310206.mat"
"s09_biscop_confirmation","BiSCOP-CMOEA","LIRCMOP2","LIR-CMOP",100,100000,7,310207,100000,10.7074,0.0709479369141465,0.319266954192769,1,"BiSCOP_CMOEA_LIRCMOP2_N100_FE100000_run7_seed310207.mat"
"s09_biscop_confirmation","BiSCOP-CMOEA","LIRCMOP2","LIR-CMOP",100,100000,8,310208,100000,11.1404,0.160225280018556,0.2567184391846842,1,"BiSCOP_CMOEA_LIRCMOP2_N100_FE100000_run8_seed310208.mat"
"s09_biscop_confirmation","BiSCOP-CMOEA","LIRCMOP2","LIR-CMOP",100,100000,9,310209,100000,11.0416,0.2643576899186199,0.2250135782023528,1,"BiSCOP_CMOEA_LIRCMOP2_N100_FE100000_run9_seed310209.mat"
"s09_biscop_confirmation","BiSCOP-CMOEA","LIRCMOP3","LIR-CMOP",100,100000,10,310310,100000,10.2876,0.1397032540918112,0.1453074990048239,1,"BiSCOP_CMOEA_LIRCMOP3_N100_FE100000_run10_seed310310.mat"
"s09_biscop_confirmation","BiSCOP-CMOEA","LIRCMOP3","LIR-CMOP",100,100000,1,310301,100000,10.8302,0.1416928310458238,0.1602917522767858,1,"BiSCOP_CMOEA_LIRCMOP3_N100_FE100000_run1_seed310301.mat"
"s09_biscop_confirmation","BiSCOP-CMOEA","LIRCMOP3","LIR-CMOP",100,100000,2,310302,100000,10.7896,0.2391717508318784,0.1337445556427021,1,"BiSCOP_CMOEA_LIRCMOP3_N100_FE100000_run2_seed310302.mat"
"s09_biscop_confirmation","BiSCOP-CMOEA","LIRCMOP3","LIR-CMOP",100,100000,3,310303,100000,10.5829,0.2042495670030132,0.1220471903058934,1,"BiSCOP_CMOEA_LIRCMOP3_N100_FE100000_run3_seed310303.mat"
"s09_biscop_confirmation","BiSCOP-CMOEA","LIRCMOP3","LIR-CMOP",100,100000,4,310304,100000,10.6172,0.2134017675825401,0.1285511200458339,1,"BiSCOP_CMOEA_LIRCMOP3_N100_FE100000_run4_seed310304.mat"
"s09_biscop_confirmation","BiSCOP-CMOEA","LIRCMOP3","LIR-CMOP",100,100000,5,310305,100000,10.7504,0.3334041147032434,0.09599287899201359,1,"BiSCOP_CMOEA_LIRCMOP3_N100_FE100000_run5_seed310305.mat"
"s09_biscop_confirmation","BiSCOP-CMOEA","LIRCMOP3","LIR-CMOP",100,100000,6,310306,100000,10.7209,0.3283425605976842,0.09712118677159817,1,"BiSCOP_CMOEA_LIRCMOP3_N100_FE100000_run6_seed310306.mat"
"s09_biscop_confirmation","BiSCOP-CMOEA","LIRCMOP3","LIR-CMOP",100,100000,7,310307,100000,10.7677,0.2748622721400232,0.1073060713021494,1,"BiSCOP_CMOEA_LIRCMOP3_N100_FE100000_run7_seed310307.mat"
"s09_biscop_confirmation","BiSCOP-CMOEA","LIRCMOP3","LIR-CMOP",100,100000,8,310308,100000,12.0239,0.2360919581644905,0.1133061701417857,1,"BiSCOP_CMOEA_LIRCMOP3_N100_FE100000_run8_seed310308.mat"
"s09_biscop_confirmation","BiSCOP-CMOEA","LIRCMOP3","LIR-CMOP",100,100000,9,310309,100000,10.4773,0.1930956083514048,0.125505139217808,1,"BiSCOP_CMOEA_LIRCMOP3_N100_FE100000_run9_seed310309.mat"
"s09_biscop_confirmation","BiSCOP-CMOEA","LIRCMOP4","LIR-CMOP",100,100000,10,310410,100000,12.1619,0.1346433071678814,0.2505242423486051,1,"BiSCOP_CMOEA_LIRCMOP4_N100_FE100000_run10_seed310410.mat"
"s09_biscop_confirmation","BiSCOP-CMOEA","LIRCMOP4","LIR-CMOP",100,100000,1,310401,100000,11.0749,0.2523848748527418,0.2091497954267389,1,"BiSCOP_CMOEA_LIRCMOP4_N100_FE100000_run1_seed310401.mat"
"s09_biscop_confirmation","BiSCOP-CMOEA","LIRCMOP4","LIR-CMOP",100,100000,2,310402,100000,10.6593,0.1827705188651548,0.2482432855072525,1,"BiSCOP_CMOEA_LIRCMOP4_N100_FE100000_run2_seed310402.mat"
"s09_biscop_confirmation","BiSCOP-CMOEA","LIRCMOP4","LIR-CMOP",100,100000,3,310403,100000,10.9112,0.3169329374402894,0.1922381422720418,1,"BiSCOP_CMOEA_LIRCMOP4_N100_FE100000_run3_seed310403.mat"
"s09_biscop_confirmation","BiSCOP-CMOEA","LIRCMOP4","LIR-CMOP",100,100000,4,310404,100000,10.9329,0.1389624294310299,0.2577629052368212,1,"BiSCOP_CMOEA_LIRCMOP4_N100_FE100000_run4_seed310404.mat"
"s09_biscop_confirmation","BiSCOP-CMOEA","LIRCMOP4","LIR-CMOP",100,100000,5,310405,100000,10.3072,0.2491151228055078,0.2114150104995347,1,"BiSCOP_CMOEA_LIRCMOP4_N100_FE100000_run5_seed310405.mat"
"s09_biscop_confirmation","BiSCOP-CMOEA","LIRCMOP4","LIR-CMOP",100,100000,6,310406,100000,10.9995,0.2493145069601798,0.2109638857645671,1,"BiSCOP_CMOEA_LIRCMOP4_N100_FE100000_run6_seed310406.mat"
"s09_biscop_confirmation","BiSCOP-CMOEA","LIRCMOP4","LIR-CMOP",100,100000,7,310407,100000,11.1596,0.2520566777905642,0.2085565150815232,1,"BiSCOP_CMOEA_LIRCMOP4_N100_FE100000_run7_seed310407.mat"
"s09_biscop_confirmation","BiSCOP-CMOEA","LIRCMOP4","LIR-CMOP",100,100000,8,310408,100000,10.8611,0.1903662959252032,0.226133006044397,1,"BiSCOP_CMOEA_LIRCMOP4_N100_FE100000_run8_seed310408.mat"
"s09_biscop_confirmation","BiSCOP-CMOEA","LIRCMOP4","LIR-CMOP",100,100000,9,310409,100000,11.2944,0.1392777513432598,0.2524641082903987,1,"BiSCOP_CMOEA_LIRCMOP4_N100_FE100000_run9_seed310409.mat"
"s09_biscop_confirmation","BiSCOP-CMOEA","LIRCMOP5","LIR-CMOP",100,100000,10,310510,100000,14.5623,0.0119310499031653,0.2881034974110911,1,"BiSCOP_CMOEA_LIRCMOP5_N100_FE100000_run10_seed310510.mat"
"s09_biscop_confirmation","BiSCOP-CMOEA","LIRCMOP5","LIR-CMOP",100,100000,1,310501,100000,14.3848,0.02027861177092707,0.2835926448537868,1,"BiSCOP_CMOEA_LIRCMOP5_N100_FE100000_run1_seed310501.mat"
"s09_biscop_confirmation","BiSCOP-CMOEA","LIRCMOP5","LIR-CMOP",100,100000,2,310502,100000,15.3974,0.01013410177373488,0.2892820452551072,1,"BiSCOP_CMOEA_LIRCMOP5_N100_FE100000_run2_seed310502.mat"
"s09_biscop_confirmation","BiSCOP-CMOEA","LIRCMOP5","LIR-CMOP",100,100000,3,310503,100000,15.2532,0.01902604623546048,0.2844032632229757,1,"BiSCOP_CMOEA_LIRCMOP5_N100_FE100000_run3_seed310503.mat"
"s09_biscop_confirmation","BiSCOP-CMOEA","LIRCMOP5","LIR-CMOP",100,100000,4,310504,100000,17.1264,0.009964904604805955,0.2890906257489648,1,"BiSCOP_CMOEA_LIRCMOP5_N100_FE100000_run4_seed310504.mat"
"s09_biscop_confirmation","BiSCOP-CMOEA","LIRCMOP5","LIR-CMOP",100,100000,5,310505,100000,16.5281,0.009277973885453065,0.2888621121871558,1,"BiSCOP_CMOEA_LIRCMOP5_N100_FE100000_run5_seed310505.mat"
"s09_biscop_confirmation","BiSCOP-CMOEA","LIRCMOP5","LIR-CMOP",100,100000,6,310506,100000,12.5636,0.01679297691952111,0.2863863531851831,1,"BiSCOP_CMOEA_LIRCMOP5_N100_FE100000_run6_seed310506.mat"
"s09_biscop_confirmation","BiSCOP-CMOEA","LIRCMOP5","LIR-CMOP",100,100000,7,310507,100000,14.7325,0.01542799346079078,0.2851881667946456,1,"BiSCOP_CMOEA_LIRCMOP5_N100_FE100000_run7_seed310507.mat"
"s09_biscop_confirmation","BiSCOP-CMOEA","LIRCMOP5","LIR-CMOP",100,100000,8,310508,100000,15.783,0.02986064677830176,0.2813668051185015,1,"BiSCOP_CMOEA_LIRCMOP5_N100_FE100000_run8_seed310508.mat"
"s09_biscop_confirmation","BiSCOP-CMOEA","LIRCMOP5","LIR-CMOP",100,100000,9,310509,100000,12.7947,0.01617434137641161,0.2866922331035638,1,"BiSCOP_CMOEA_LIRCMOP5_N100_FE100000_run9_seed310509.mat"
"s09_biscop_confirmation","BiSCOP-CMOEA","LIRCMOP6","LIR-CMOP",100,100000,10,310610,100000,15.8148,0.01174376569964339,0.1950597254865297,1,"BiSCOP_CMOEA_LIRCMOP6_N100_FE100000_run10_seed310610.mat"
"s09_biscop_confirmation","BiSCOP-CMOEA","LIRCMOP6","LIR-CMOP",100,100000,1,310601,100000,17.1923,0.01596160161525003,0.1930200383307734,1,"BiSCOP_CMOEA_LIRCMOP6_N100_FE100000_run1_seed310601.mat"
"s09_biscop_confirmation","BiSCOP-CMOEA","LIRCMOP6","LIR-CMOP",100,100000,2,310602,100000,19.0511,0.01286811361439165,0.1944269269483367,1,"BiSCOP_CMOEA_LIRCMOP6_N100_FE100000_run2_seed310602.mat"
"s09_biscop_confirmation","BiSCOP-CMOEA","LIRCMOP6","LIR-CMOP",100,100000,3,310603,100000,15.1095,0.01120659292062995,0.1941580040097629,1,"BiSCOP_CMOEA_LIRCMOP6_N100_FE100000_run3_seed310603.mat"
"s09_biscop_confirmation","BiSCOP-CMOEA","LIRCMOP6","LIR-CMOP",100,100000,4,310604,100000,15.685,0.01193494751689981,0.1941469037939955,1,"BiSCOP_CMOEA_LIRCMOP6_N100_FE100000_run4_seed310604.mat"
"s09_biscop_confirmation","BiSCOP-CMOEA","LIRCMOP6","LIR-CMOP",100,100000,5,310605,100000,15.1633,0.01808477432728176,0.1930598789034131,1,"BiSCOP_CMOEA_LIRCMOP6_N100_FE100000_run5_seed310605.mat"
"s09_biscop_confirmation","BiSCOP-CMOEA","LIRCMOP6","LIR-CMOP",100,100000,6,310606,100000,16.5682,0.01007964814576594,0.1951743941321384,1,"BiSCOP_CMOEA_LIRCMOP6_N100_FE100000_run6_seed310606.mat"
"s09_biscop_confirmation","BiSCOP-CMOEA","LIRCMOP6","LIR-CMOP",100,100000,7,310607,100000,16.2413,0.01862342246191702,0.193545353759383,1,"BiSCOP_CMOEA_LIRCMOP6_N100_FE100000_run7_seed310607.mat"
"s09_biscop_confirmation","BiSCOP-CMOEA","LIRCMOP6","LIR-CMOP",100,100000,8,310608,100000,15.2598,0.01270487567486524,0.1941456359218144,1,"BiSCOP_CMOEA_LIRCMOP6_N100_FE100000_run8_seed310608.mat"
"s09_biscop_confirmation","BiSCOP-CMOEA","LIRCMOP6","LIR-CMOP",100,100000,9,310609,100000,16.8528,0.0107520165564692,0.1951180391313191,1,"BiSCOP_CMOEA_LIRCMOP6_N100_FE100000_run9_seed310609.mat"
"s09_biscop_confirmation","BiSCOP-CMOEA","LIRCMOP7","LIR-CMOP",100,100000,10,310710,100000,8.4623,0.01213627770458096,0.2918272205263573,1,"BiSCOP_CMOEA_LIRCMOP7_N100_FE100000_run10_seed310710.mat"
"s09_biscop_confirmation","BiSCOP-CMOEA","LIRCMOP7","LIR-CMOP",100,100000,1,310701,100000,8.3331,0.008013272126876084,0.2940332923321771,1,"BiSCOP_CMOEA_LIRCMOP7_N100_FE100000_run1_seed310701.mat"
"s09_biscop_confirmation","BiSCOP-CMOEA","LIRCMOP7","LIR-CMOP",100,100000,2,310702,100000,7.9765,0.008242053872037476,0.2936645338267508,1,"BiSCOP_CMOEA_LIRCMOP7_N100_FE100000_run2_seed310702.mat"
"s09_biscop_confirmation","BiSCOP-CMOEA","LIRCMOP7","LIR-CMOP",100,100000,3,310703,100000,8.2737,0.008865122000678903,0.2937025730061951,1,"BiSCOP_CMOEA_LIRCMOP7_N100_FE100000_run3_seed310703.mat"
"s09_biscop_confirmation","BiSCOP-CMOEA","LIRCMOP7","LIR-CMOP",100,100000,4,310704,100000,8.3127,0.007596161864198707,0.2941885676688488,1,"BiSCOP_CMOEA_LIRCMOP7_N100_FE100000_run4_seed310704.mat"
"s09_biscop_confirmation","BiSCOP-CMOEA","LIRCMOP7","LIR-CMOP",100,100000,5,310705,100000,8.0224,0.008095541079657605,0.293826365475098,1,"BiSCOP_CMOEA_LIRCMOP7_N100_FE100000_run5_seed310705.mat"
"s09_biscop_confirmation","BiSCOP-CMOEA","LIRCMOP7","LIR-CMOP",100,100000,6,310706,100000,8.5799,0.007887253669559243,0.2941969593046825,1,"BiSCOP_CMOEA_LIRCMOP7_N100_FE100000_run6_seed310706.mat"
"s09_biscop_confirmation","BiSCOP-CMOEA","LIRCMOP7","LIR-CMOP",100,100000,7,310707,100000,8.6049,0.007789919387501998,0.2939762411503797,1,"BiSCOP_CMOEA_LIRCMOP7_N100_FE100000_run7_seed310707.mat"
"s09_biscop_confirmation","BiSCOP-CMOEA","LIRCMOP7","LIR-CMOP",100,100000,8,310708,100000,7.9252,0.01004501009533087,0.2925938593827205,1,"BiSCOP_CMOEA_LIRCMOP7_N100_FE100000_run8_seed310708.mat"
"s09_biscop_confirmation","BiSCOP-CMOEA","LIRCMOP7","LIR-CMOP",100,100000,9,310709,100000,8.1288,0.008472996782830242,0.2939321618445095,1,"BiSCOP_CMOEA_LIRCMOP7_N100_FE100000_run9_seed310709.mat"
"s09_biscop_confirmation","BiSCOP-CMOEA","LIRCMOP8","LIR-CMOP",100,100000,10,310810,100000,7.9653,0.007906172481599808,0.2940844936479251,1,"BiSCOP_CMOEA_LIRCMOP8_N100_FE100000_run10_seed310810.mat"
"s09_biscop_confirmation","BiSCOP-CMOEA","LIRCMOP8","LIR-CMOP",100,100000,1,310801,100000,8.0043,0.008302537941222973,0.2936592626593033,1,"BiSCOP_CMOEA_LIRCMOP8_N100_FE100000_run1_seed310801.mat"
"s09_biscop_confirmation","BiSCOP-CMOEA","LIRCMOP8","LIR-CMOP",100,100000,2,310802,100000,8.5991,0.007584538234808372,0.2940771107021062,1,"BiSCOP_CMOEA_LIRCMOP8_N100_FE100000_run2_seed310802.mat"
"s09_biscop_confirmation","BiSCOP-CMOEA","LIRCMOP8","LIR-CMOP",100,100000,3,310803,100000,8.3665,0.008546943846208679,0.2933230326414104,1,"BiSCOP_CMOEA_LIRCMOP8_N100_FE100000_run3_seed310803.mat"
"s09_biscop_confirmation","BiSCOP-CMOEA","LIRCMOP8","LIR-CMOP",100,100000,4,310804,100000,8.011,0.008094643554918162,0.2940049801698119,1,"BiSCOP_CMOEA_LIRCMOP8_N100_FE100000_run4_seed310804.mat"
"s09_biscop_confirmation","BiSCOP-CMOEA","LIRCMOP8","LIR-CMOP",100,100000,5,310805,100000,8.1562,0.008072345295730273,0.2939869525266072,1,"BiSCOP_CMOEA_LIRCMOP8_N100_FE100000_run5_seed310805.mat"
"s09_biscop_confirmation","BiSCOP-CMOEA","LIRCMOP8","LIR-CMOP",100,100000,6,310806,100000,8.5573,0.00810728619175622,0.2940804456504972,1,"BiSCOP_CMOEA_LIRCMOP8_N100_FE100000_run6_seed310806.mat"
"s09_biscop_confirmation","BiSCOP-CMOEA","LIRCMOP8","LIR-CMOP",100,100000,7,310807,100000,7.9932,0.008324741397698917,0.2938308173190089,1,"BiSCOP_CMOEA_LIRCMOP8_N100_FE100000_run7_seed310807.mat"
"s09_biscop_confirmation","BiSCOP-CMOEA","LIRCMOP8","LIR-CMOP",100,100000,8,310808,100000,8.303,0.007729186872932926,0.2939681884933971,1,"BiSCOP_CMOEA_LIRCMOP8_N100_FE100000_run8_seed310808.mat"
"s09_biscop_confirmation","BiSCOP-CMOEA","LIRCMOP8","LIR-CMOP",100,100000,9,310809,100000,8.4897,0.007966300803719358,0.2940778582908673,1,"BiSCOP_CMOEA_LIRCMOP8_N100_FE100000_run9_seed310809.mat"
"s09_biscop_confirmation","BiSCOP-CMOEA","LIRCMOP9","LIR-CMOP",100,100000,10,310910,100000,17.573,0.2171392872044912,0.432740780363914,1,"BiSCOP_CMOEA_LIRCMOP9_N100_FE100000_run10_seed310910.mat"
"s09_biscop_confirmation","BiSCOP-CMOEA","LIRCMOP9","LIR-CMOP",100,100000,1,310901,100000,18.4665,0.3001474146094811,0.4068542693016282,1,"BiSCOP_CMOEA_LIRCMOP9_N100_FE100000_run1_seed310901.mat"
"s09_biscop_confirmation","BiSCOP-CMOEA","LIRCMOP9","LIR-CMOP",100,100000,2,310902,100000,18.0439,0.2223515483096482,0.4283128477464366,1,"BiSCOP_CMOEA_LIRCMOP9_N100_FE100000_run2_seed310902.mat"
"s09_biscop_confirmation","BiSCOP-CMOEA","LIRCMOP9","LIR-CMOP",100,100000,3,310903,100000,17.6888,0.2822435782692928,0.4181992004922631,1,"BiSCOP_CMOEA_LIRCMOP9_N100_FE100000_run3_seed310903.mat"
"s09_biscop_confirmation","BiSCOP-CMOEA","LIRCMOP9","LIR-CMOP",100,100000,4,310904,100000,17.8328,0.2006195882304857,0.4441755366522117,1,"BiSCOP_CMOEA_LIRCMOP9_N100_FE100000_run4_seed310904.mat"
"s09_biscop_confirmation","BiSCOP-CMOEA","LIRCMOP9","LIR-CMOP",100,100000,5,310905,100000,17.2449,0.2184158587223797,0.4379241669323029,1,"BiSCOP_CMOEA_LIRCMOP9_N100_FE100000_run5_seed310905.mat"
"s09_biscop_confirmation","BiSCOP-CMOEA","LIRCMOP9","LIR-CMOP",100,100000,6,310906,100000,18.0028,0.2066238207850354,0.4402400764632978,1,"BiSCOP_CMOEA_LIRCMOP9_N100_FE100000_run6_seed310906.mat"
"s09_biscop_confirmation","BiSCOP-CMOEA","LIRCMOP9","LIR-CMOP",100,100000,7,310907,100000,17.5652,0.2073719371244777,0.4444172876271654,1,"BiSCOP_CMOEA_LIRCMOP9_N100_FE100000_run7_seed310907.mat"
"s09_biscop_confirmation","BiSCOP-CMOEA","LIRCMOP9","LIR-CMOP",100,100000,8,310908,100000,18.5982,0.2147648520923701,0.4357886871327648,1,"BiSCOP_CMOEA_LIRCMOP9_N100_FE100000_run8_seed310908.mat"
"s09_biscop_confirmation","BiSCOP-CMOEA","LIRCMOP9","LIR-CMOP",100,100000,9,310909,100000,17.6873,0.2036910618528711,0.4418381607245484,1,"BiSCOP_CMOEA_LIRCMOP9_N100_FE100000_run9_seed310909.mat"
"s09_biscop_confirmation","CMOEA-AOP","CF10","CF",100,100000,10,230010,100018,112.8281,0.1252672770385193,0.3675294613591499,1,"CMOEA_AOP_CF10_N100_FE100000_run10_seed230010.mat"
"s09_biscop_confirmation","CMOEA-AOP","CF10","CF",100,100000,1,230001,100078,112.5888,0.4877892510660869,0.03121993734689947,1,"CMOEA_AOP_CF10_N100_FE100000_run1_seed230001.mat"
"s09_biscop_confirmation","CMOEA-AOP","CF10","CF",100,100000,2,230002,100046,83.5289,0.4645918072655915,0.08776971517905069,1,"CMOEA_AOP_CF10_N100_FE100000_run2_seed230002.mat"
"s09_biscop_confirmation","CMOEA-AOP","CF10","CF",100,100000,3,230003,100088,121.6779,0.3622798481786156,0.2053861546981212,1,"CMOEA_AOP_CF10_N100_FE100000_run3_seed230003.mat"
"s09_biscop_confirmation","CMOEA-AOP","CF10","CF",100,100000,4,230004,100022,100.0974,0.413352655782646,0.174038978223925,1,"CMOEA_AOP_CF10_N100_FE100000_run4_seed230004.mat"
"s09_biscop_confirmation","CMOEA-AOP","CF10","CF",100,100000,5,230005,100172,99.9727,0.3456628883053796,0.1816381262637441,1,"CMOEA_AOP_CF10_N100_FE100000_run5_seed230005.mat"
"s09_biscop_confirmation","CMOEA-AOP","CF10","CF",100,100000,6,230006,100116,170.8826,0.3851649805661841,0.08817070800601337,1,"CMOEA_AOP_CF10_N100_FE100000_run6_seed230006.mat"
"s09_biscop_confirmation","CMOEA-AOP","CF10","CF",100,100000,7,230007,100034,96.4612,0.4233631496066354,0.09274444032940585,1,"CMOEA_AOP_CF10_N100_FE100000_run7_seed230007.mat"
"s09_biscop_confirmation","CMOEA-AOP","CF10","CF",100,100000,8,230008,100136,84.6378,0.4129608015604957,0.1312377121613986,1,"CMOEA_AOP_CF10_N100_FE100000_run8_seed230008.mat"
"s09_biscop_confirmation","CMOEA-AOP","CF10","CF",100,100000,9,230009,100198,88.6005,0.3794972177442458,0.1606098816745052,1,"CMOEA_AOP_CF10_N100_FE100000_run9_seed230009.mat"
"s09_biscop_confirmation","CMOEA-AOP","CF1","CF",100,100000,10,229110,100052,34.4876,0.002620832277256339,0.5628895310371386,1,"CMOEA_AOP_CF1_N100_FE100000_run10_seed229110.mat"
"s09_biscop_confirmation","CMOEA-AOP","CF1","CF",100,100000,1,229101,100116,42.4618,0.00424974962427198,0.5610192439712565,1,"CMOEA_AOP_CF1_N100_FE100000_run1_seed229101.mat"
"s09_biscop_confirmation","CMOEA-AOP","CF1","CF",100,100000,2,229102,100116,41.8908,0.002061567068088101,0.5635931668750624,1,"CMOEA_AOP_CF1_N100_FE100000_run2_seed229102.mat"
"s09_biscop_confirmation","CMOEA-AOP","CF1","CF",100,100000,3,229103,100096,42.1861,0.001953638092554944,0.5637174391954273,1,"CMOEA_AOP_CF1_N100_FE100000_run3_seed229103.mat"
"s09_biscop_confirmation","CMOEA-AOP","CF1","CF",100,100000,4,229104,100102,40.6757,0.002328409436625672,0.5632695525066534,1,"CMOEA_AOP_CF1_N100_FE100000_run4_seed229104.mat"
"s09_biscop_confirmation","CMOEA-AOP","CF1","CF",100,100000,5,229105,100106,43.6332,0.00505119226554885,0.5599979287437808,1,"CMOEA_AOP_CF1_N100_FE100000_run5_seed229105.mat"
"s09_biscop_confirmation","CMOEA-AOP","CF1","CF",100,100000,6,229106,100110,40.1688,0.004806867730858867,0.5602648700306098,1,"CMOEA_AOP_CF1_N100_FE100000_run6_seed229106.mat"
"s09_biscop_confirmation","CMOEA-AOP","CF1","CF",100,100000,7,229107,100118,34.9316,0.004270481640850961,0.5609371256141452,1,"CMOEA_AOP_CF1_N100_FE100000_run7_seed229107.mat"
"s09_biscop_confirmation","CMOEA-AOP","CF1","CF",100,100000,8,229108,100000,43.1185,0.005196977015884304,0.5596758573589947,1,"CMOEA_AOP_CF1_N100_FE100000_run8_seed229108.mat"
"s09_biscop_confirmation","CMOEA-AOP","CF1","CF",100,100000,9,229109,100168,37.3928,0.003384578625223579,0.5619952946072526,1,"CMOEA_AOP_CF1_N100_FE100000_run9_seed229109.mat"
"s09_biscop_confirmation","CMOEA-AOP","CF2","CF",100,100000,10,229210,100108,39.0499,0.008147578878544821,0.6682172080443575,1,"CMOEA_AOP_CF2_N100_FE100000_run10_seed229210.mat"
"s09_biscop_confirmation","CMOEA-AOP","CF2","CF",100,100000,1,229201,100042,35.8325,0.01111724100117317,0.666224387933275,1,"CMOEA_AOP_CF2_N100_FE100000_run1_seed229201.mat"
"s09_biscop_confirmation","CMOEA-AOP","CF2","CF",100,100000,2,229202,100174,35.4971,0.005898750899480857,0.6746503127410119,1,"CMOEA_AOP_CF2_N100_FE100000_run2_seed229202.mat"
"s09_biscop_confirmation","CMOEA-AOP","CF2","CF",100,100000,3,229203,100006,35.5534,0.006173811751797347,0.670393449689848,1,"CMOEA_AOP_CF2_N100_FE100000_run3_seed229203.mat"
"s09_biscop_confirmation","CMOEA-AOP","CF2","CF",100,100000,4,229204,100124,34.9958,0.01804456734004942,0.6621235761372928,1,"CMOEA_AOP_CF2_N100_FE100000_run4_seed229204.mat"
"s09_biscop_confirmation","CMOEA-AOP","CF2","CF",100,100000,5,229205,100000,34.8041,0.01524821516706865,0.6656808020470217,1,"CMOEA_AOP_CF2_N100_FE100000_run5_seed229205.mat"
"s09_biscop_confirmation","CMOEA-AOP","CF2","CF",100,100000,6,229206,100164,34.9084,0.00707719039167579,0.6640524550755025,1,"CMOEA_AOP_CF2_N100_FE100000_run6_seed229206.mat"
"s09_biscop_confirmation","CMOEA-AOP","CF2","CF",100,100000,7,229207,100176,35.2637,0.01386464684640902,0.6643557638640767,1,"CMOEA_AOP_CF2_N100_FE100000_run7_seed229207.mat"
"s09_biscop_confirmation","CMOEA-AOP","CF2","CF",100,100000,8,229208,100180,34.871,0.006692684288787434,0.6718900732308735,1,"CMOEA_AOP_CF2_N100_FE100000_run8_seed229208.mat"
"s09_biscop_confirmation","CMOEA-AOP","CF2","CF",100,100000,9,229209,100132,35.134,0.00525194295671272,0.674113184015891,1,"CMOEA_AOP_CF2_N100_FE100000_run9_seed229209.mat"
"s09_biscop_confirmation","CMOEA-AOP","CF3","CF",100,100000,10,229310,100000,31.379,0.3495784791599524,0.1351868186666464,1,"CMOEA_AOP_CF3_N100_FE100000_run10_seed229310.mat"
"s09_biscop_confirmation","CMOEA-AOP","CF3","CF",100,100000,1,229301,100182,26.8357,0.1940949592509946,0.2525378883340428,1,"CMOEA_AOP_CF3_N100_FE100000_run1_seed229301.mat"
"s09_biscop_confirmation","CMOEA-AOP","CF3","CF",100,100000,2,229302,100126,36.1417,0.106471076724798,0.3047025337959649,1,"CMOEA_AOP_CF3_N100_FE100000_run2_seed229302.mat"
"s09_biscop_confirmation","CMOEA-AOP","CF3","CF",100,100000,3,229303,100160,29.4424,0.1072092140498441,0.3020133314495057,1,"CMOEA_AOP_CF3_N100_FE100000_run3_seed229303.mat"
"s09_biscop_confirmation","CMOEA-AOP","CF3","CF",100,100000,4,229304,100180,33.2884,0.3985423616418664,0.1489136636189583,1,"CMOEA_AOP_CF3_N100_FE100000_run4_seed229304.mat"
"s09_biscop_confirmation","CMOEA-AOP","CF3","CF",100,100000,5,229305,100076,24.043,0.1239872719267221,0.2442979410453116,1,"CMOEA_AOP_CF3_N100_FE100000_run5_seed229305.mat"
"s09_biscop_confirmation","CMOEA-AOP","CF3","CF",100,100000,6,229306,100050,30.1831,0.08631019666166788,0.2798638664821159,1,"CMOEA_AOP_CF3_N100_FE100000_run6_seed229306.mat"
"s09_biscop_confirmation","CMOEA-AOP","CF3","CF",100,100000,7,229307,100044,31.0588,0.1091284358894633,0.3064628242767216,1,"CMOEA_AOP_CF3_N100_FE100000_run7_seed229307.mat"
"s09_biscop_confirmation","CMOEA-AOP","CF3","CF",100,100000,8,229308,100012,31.9417,0.1029192060261459,0.3066383356384365,1,"CMOEA_AOP_CF3_N100_FE100000_run8_seed229308.mat"
"s09_biscop_confirmation","CMOEA-AOP","CF3","CF",100,100000,9,229309,100066,35.1673,0.1227513198665965,0.2582567083709083,1,"CMOEA_AOP_CF3_N100_FE100000_run9_seed229309.mat"
"s09_biscop_confirmation","CMOEA-AOP","CF4","CF",100,100000,10,229410,100128,29.9617,0.03717643457029331,0.4807668468673796,1,"CMOEA_AOP_CF4_N100_FE100000_run10_seed229410.mat"
"s09_biscop_confirmation","CMOEA-AOP","CF4","CF",100,100000,1,229401,100066,30.6776,0.04514574364138411,0.474052735259862,1,"CMOEA_AOP_CF4_N100_FE100000_run1_seed229401.mat"
"s09_biscop_confirmation","CMOEA-AOP","CF4","CF",100,100000,2,229402,100138,34.7227,0.02554147737828798,0.5046460086805505,1,"CMOEA_AOP_CF4_N100_FE100000_run2_seed229402.mat"
"s09_biscop_confirmation","CMOEA-AOP","CF4","CF",100,100000,3,229403,100150,32.1093,0.05657907687131995,0.4571191492185054,1,"CMOEA_AOP_CF4_N100_FE100000_run3_seed229403.mat"
"s09_biscop_confirmation","CMOEA-AOP","CF4","CF",100,100000,4,229404,100046,31.0066,0.059860838242493,0.4596718155583175,1,"CMOEA_AOP_CF4_N100_FE100000_run4_seed229404.mat"
"s09_biscop_confirmation","CMOEA-AOP","CF4","CF",100,100000,5,229405,100110,31.4739,0.06033120693185563,0.4592627735823459,1,"CMOEA_AOP_CF4_N100_FE100000_run5_seed229405.mat"
"s09_biscop_confirmation","CMOEA-AOP","CF4","CF",100,100000,6,229406,100124,33.7705,0.02833814388293389,0.4982142329164486,1,"CMOEA_AOP_CF4_N100_FE100000_run6_seed229406.mat"
"s09_biscop_confirmation","CMOEA-AOP","CF4","CF",100,100000,7,229407,100030,31.6715,0.04681602575193337,0.4720790363219377,1,"CMOEA_AOP_CF4_N100_FE100000_run7_seed229407.mat"
"s09_biscop_confirmation","CMOEA-AOP","CF4","CF",100,100000,8,229408,100102,31.1466,0.05372199925638049,0.4637774281483735,1,"CMOEA_AOP_CF4_N100_FE100000_run8_seed229408.mat"
"s09_biscop_confirmation","CMOEA-AOP","CF4","CF",100,100000,9,229409,100174,30.1199,0.06080939691020108,0.4590322276857041,1,"CMOEA_AOP_CF4_N100_FE100000_run9_seed229409.mat"
"s09_biscop_confirmation","CMOEA-AOP","CF5","CF",100,100000,10,229510,100128,33.8657,0.3026007194621058,0.2731656344804499,1,"CMOEA_AOP_CF5_N100_FE100000_run10_seed229510.mat"
"s09_biscop_confirmation","CMOEA-AOP","CF5","CF",100,100000,1,229501,100180,35.1427,0.1450944292869655,0.4017665144585251,1,"CMOEA_AOP_CF5_N100_FE100000_run1_seed229501.mat"
"s09_biscop_confirmation","CMOEA-AOP","CF5","CF",100,100000,2,229502,100142,34.6586,0.08486262333305698,0.4351842376467409,1,"CMOEA_AOP_CF5_N100_FE100000_run2_seed229502.mat"
"s09_biscop_confirmation","CMOEA-AOP","CF5","CF",100,100000,3,229503,100028,38.0219,0.3061143729918932,0.2578730825695178,1,"CMOEA_AOP_CF5_N100_FE100000_run3_seed229503.mat"
"s09_biscop_confirmation","CMOEA-AOP","CF5","CF",100,100000,4,229504,100064,36.4581,0.1771430832013394,0.3838671091831928,1,"CMOEA_AOP_CF5_N100_FE100000_run4_seed229504.mat"
"s09_biscop_confirmation","CMOEA-AOP","CF5","CF",100,100000,5,229505,100024,41.9592,0.4189986846272835,0.1851091337776804,1,"CMOEA_AOP_CF5_N100_FE100000_run5_seed229505.mat"
"s09_biscop_confirmation","CMOEA-AOP","CF5","CF",100,100000,6,229506,100168,37.7316,0.08150302851843819,0.428417724346943,1,"CMOEA_AOP_CF5_N100_FE100000_run6_seed229506.mat"
"s09_biscop_confirmation","CMOEA-AOP","CF5","CF",100,100000,7,229507,100116,35.7679,0.09764323850773765,0.4173607843818746,1,"CMOEA_AOP_CF5_N100_FE100000_run7_seed229507.mat"
"s09_biscop_confirmation","CMOEA-AOP","CF5","CF",100,100000,8,229508,100188,37.369,0.1471923439210793,0.3583941109314335,1,"CMOEA_AOP_CF5_N100_FE100000_run8_seed229508.mat"
"s09_biscop_confirmation","CMOEA-AOP","CF5","CF",100,100000,9,229509,100014,34.3908,0.08560336730430051,0.4308801398095136,1,"CMOEA_AOP_CF5_N100_FE100000_run9_seed229509.mat"
"s09_biscop_confirmation","CMOEA-AOP","CF6","CF",100,100000,10,229610,100134,39.046,0.04977027634139155,0.6569588295262223,1,"CMOEA_AOP_CF6_N100_FE100000_run10_seed229610.mat"
"s09_biscop_confirmation","CMOEA-AOP","CF6","CF",100,100000,1,229601,100076,39.9994,0.03232968798199991,0.6676386407388235,1,"CMOEA_AOP_CF6_N100_FE100000_run1_seed229601.mat"
"s09_biscop_confirmation","CMOEA-AOP","CF6","CF",100,100000,2,229602,100086,39.3581,0.03099378696480391,0.6635833444445305,1,"CMOEA_AOP_CF6_N100_FE100000_run2_seed229602.mat"
"s09_biscop_confirmation","CMOEA-AOP","CF6","CF",100,100000,3,229603,100164,39.2493,0.0276075475318289,0.6676203094736739,1,"CMOEA_AOP_CF6_N100_FE100000_run3_seed229603.mat"
"s09_biscop_confirmation","CMOEA-AOP","CF6","CF",100,100000,4,229604,100024,41.7464,0.09250098650837472,0.6411186568238731,1,"CMOEA_AOP_CF6_N100_FE100000_run4_seed229604.mat"
"s09_biscop_confirmation","CMOEA-AOP","CF6","CF",100,100000,6,229606,100050,46.0416,0.04735009356341957,0.6493646318416291,1,"CMOEA_AOP_CF6_N100_FE100000_run6_seed229606.mat"
"s09_biscop_confirmation","CMOEA-AOP","CF6","CF",100,100000,7,229607,100104,38.4891,0.07148301995871183,0.6515258389107715,1,"CMOEA_AOP_CF6_N100_FE100000_run7_seed229607.mat"
"s09_biscop_confirmation","CMOEA-AOP","CF6","CF",100,100000,8,229608,100112,39.0591,0.03775342960892821,0.6703775209860606,1,"CMOEA_AOP_CF6_N100_FE100000_run8_seed229608.mat"
"s09_biscop_confirmation","CMOEA-AOP","CF6","CF",100,100000,9,229609,100054,41.1429,0.1206830233642638,0.6315514655149546,1,"CMOEA_AOP_CF6_N100_FE100000_run9_seed229609.mat"
"s09_biscop_confirmation","CMOEA-AOP","CF7","CF",100,100000,10,229710,100044,34.5938,0.2006752497834861,0.5370591303600054,1,"CMOEA_AOP_CF7_N100_FE100000_run10_seed229710.mat"
"s09_biscop_confirmation","CMOEA-AOP","CF7","CF",100,100000,1,229701,100182,34.6841,0.09361174639094816,0.5806172562723905,1,"CMOEA_AOP_CF7_N100_FE100000_run1_seed229701.mat"
"s09_biscop_confirmation","CMOEA-AOP","CF7","CF",100,100000,2,229702,100000,37.4349,0.3280675783573649,0.4428394025004913,1,"CMOEA_AOP_CF7_N100_FE100000_run2_seed229702.mat"
"s09_biscop_confirmation","CMOEA-AOP","CF7","CF",100,100000,3,229703,100162,27.4432,0.1114968556790014,0.5634720379876954,1,"CMOEA_AOP_CF7_N100_FE100000_run3_seed229703.mat"
"s09_biscop_confirmation","CMOEA-AOP","CF7","CF",100,100000,4,229704,100006,30.9464,0.0881074938606911,0.5964805729832958,1,"CMOEA_AOP_CF7_N100_FE100000_run4_seed229704.mat"
"s09_biscop_confirmation","CMOEA-AOP","CF7","CF",100,100000,5,229705,100202,42.6951,0.2005482660924444,0.5230800597746608,1,"CMOEA_AOP_CF7_N100_FE100000_run5_seed229705.mat"
"s09_biscop_confirmation","CMOEA-AOP","CF7","CF",100,100000,6,229706,100108,35.5391,0.1563198986356588,0.5212184522554304,1,"CMOEA_AOP_CF7_N100_FE100000_run6_seed229706.mat"
"s09_biscop_confirmation","CMOEA-AOP","CF7","CF",100,100000,7,229707,100124,34.1093,0.1014366574025846,0.5777479871712345,1,"CMOEA_AOP_CF7_N100_FE100000_run7_seed229707.mat"
"s09_biscop_confirmation","CMOEA-AOP","CF7","CF",100,100000,8,229708,100082,37.9164,0.2585045695878145,0.4151078329519122,1,"CMOEA_AOP_CF7_N100_FE100000_run8_seed229708.mat"
"s09_biscop_confirmation","CMOEA-AOP","CF7","CF",100,100000,9,229709,100168,33.2133,0.08899331714814855,0.5746965326964877,1,"CMOEA_AOP_CF7_N100_FE100000_run9_seed229709.mat"
"s09_biscop_confirmation","CMOEA-AOP","CF8","CF",100,100000,10,229810,100102,121.807,0.1406113273638505,0.3770311589326969,1,"CMOEA_AOP_CF8_N100_FE100000_run10_seed229810.mat"
"s09_biscop_confirmation","CMOEA-AOP","CF8","CF",100,100000,1,229801,100016,115.2752,0.1517382645699632,0.3814592239871135,1,"CMOEA_AOP_CF8_N100_FE100000_run1_seed229801.mat"
"s09_biscop_confirmation","CMOEA-AOP","CF8","CF",100,100000,2,229802,100146,109.093,0.176845474258796,0.3168385401565009,1,"CMOEA_AOP_CF8_N100_FE100000_run2_seed229802.mat"
"s09_biscop_confirmation","CMOEA-AOP","CF8","CF",100,100000,3,229803,100198,118.9251,0.1408740598418123,0.379033865309525,1,"CMOEA_AOP_CF8_N100_FE100000_run3_seed229803.mat"
"s09_biscop_confirmation","CMOEA-AOP","CF8","CF",100,100000,4,229804,100020,109.3077,0.1368933683298034,0.3909320470731524,1,"CMOEA_AOP_CF8_N100_FE100000_run4_seed229804.mat"
"s09_biscop_confirmation","CMOEA-AOP","CF8","CF",100,100000,5,229805,100100,121.372,0.1500671882925866,0.362543480730958,1,"CMOEA_AOP_CF8_N100_FE100000_run5_seed229805.mat"
"s09_biscop_confirmation","CMOEA-AOP","CF8","CF",100,100000,6,229806,100194,106.7126,0.1287172046253079,0.4068530674792038,1,"CMOEA_AOP_CF8_N100_FE100000_run6_seed229806.mat"
"s09_biscop_confirmation","CMOEA-AOP","CF8","CF",100,100000,7,229807,100122,126.8776,0.1735777161865002,0.3403037053024358,1,"CMOEA_AOP_CF8_N100_FE100000_run7_seed229807.mat"
"s09_biscop_confirmation","CMOEA-AOP","CF8","CF",100,100000,8,229808,100072,126.2597,0.1413754205085703,0.3908472872033149,1,"CMOEA_AOP_CF8_N100_FE100000_run8_seed229808.mat"
"s09_biscop_confirmation","CMOEA-AOP","CF8","CF",100,100000,9,229809,100038,127.016,0.1641838289683424,0.3528375018186788,1,"CMOEA_AOP_CF8_N100_FE100000_run9_seed229809.mat"
"s09_biscop_confirmation","CMOEA-AOP","CF9","CF",100,100000,10,229910,100068,131.8807,0.08693533728434473,0.4378524079266052,1,"CMOEA_AOP_CF9_N100_FE100000_run10_seed229910.mat"
"s09_biscop_confirmation","CMOEA-AOP","CF9","CF",100,100000,1,229901,100160,125.3731,0.09745091300825043,0.4190004148389473,1,"CMOEA_AOP_CF9_N100_FE100000_run1_seed229901.mat"
"s09_biscop_confirmation","CMOEA-AOP","CF9","CF",100,100000,2,229902,100070,138.0036,0.08410258350436196,0.4401271969848892,1,"CMOEA_AOP_CF9_N100_FE100000_run2_seed229902.mat"
"s09_biscop_confirmation","CMOEA-AOP","CF9","CF",100,100000,3,229903,100014,117.49,0.08012407684470743,0.4437571125457259,1,"CMOEA_AOP_CF9_N100_FE100000_run3_seed229903.mat"
"s09_biscop_confirmation","CMOEA-AOP","CF9","CF",100,100000,4,229904,100090,130.7222,0.08534975973801785,0.4399101329759491,1,"CMOEA_AOP_CF9_N100_FE100000_run4_seed229904.mat"
"s09_biscop_confirmation","CMOEA-AOP","CF9","CF",100,100000,5,229905,100122,126.9553,0.08609969552391908,0.4365274428203582,1,"CMOEA_AOP_CF9_N100_FE100000_run5_seed229905.mat"
"s09_biscop_confirmation","CMOEA-AOP","CF9","CF",100,100000,6,229906,100108,130.2782,0.08508959931918963,0.4477811342493204,1,"CMOEA_AOP_CF9_N100_FE100000_run6_seed229906.mat"
"s09_biscop_confirmation","CMOEA-AOP","CF9","CF",100,100000,7,229907,100104,131.5748,0.10814757006163,0.420882125474061,1,"CMOEA_AOP_CF9_N100_FE100000_run7_seed229907.mat"
"s09_biscop_confirmation","CMOEA-AOP","CF9","CF",100,100000,8,229908,100094,126.7131,0.1005938885040153,0.4180615536088635,1,"CMOEA_AOP_CF9_N100_FE100000_run8_seed229908.mat"
"s09_biscop_confirmation","CMOEA-AOP","CF9","CF",100,100000,9,229909,100094,126.8378,0.09844250535814349,0.4178994328268669,1,"CMOEA_AOP_CF9_N100_FE100000_run9_seed229909.mat"
"s09_biscop_confirmation","CMOEA-AOP","DASCMOP1","DAS-CMOP",100,100000,10,231510,100144,29.822,0.005624238029998321,0.2091081767379426,1,"CMOEA_AOP_DASCMOP1_N100_FE100000_run10_seed231510.mat"
"s09_biscop_confirmation","CMOEA-AOP","DASCMOP1","DAS-CMOP",100,100000,1,231501,100194,23.9649,0.003774808087254748,0.2117710570982774,1,"CMOEA_AOP_DASCMOP1_N100_FE100000_run1_seed231501.mat"
"s09_biscop_confirmation","CMOEA-AOP","DASCMOP1","DAS-CMOP",100,100000,2,231502,100098,27.8815,0.003780923039178499,0.2126131312519647,1,"CMOEA_AOP_DASCMOP1_N100_FE100000_run2_seed231502.mat"
"s09_biscop_confirmation","CMOEA-AOP","DASCMOP1","DAS-CMOP",100,100000,3,231503,100054,26.3425,0.005575920959238951,0.2085509332929019,1,"CMOEA_AOP_DASCMOP1_N100_FE100000_run3_seed231503.mat"
"s09_biscop_confirmation","CMOEA-AOP","DASCMOP1","DAS-CMOP",100,100000,4,231504,100084,29.24,0.007478036819926833,0.2099039827316978,1,"CMOEA_AOP_DASCMOP1_N100_FE100000_run4_seed231504.mat"
"s09_biscop_confirmation","CMOEA-AOP","DASCMOP1","DAS-CMOP",100,100000,5,231505,100106,33.7668,0.004800232958061144,0.2113365431981969,1,"CMOEA_AOP_DASCMOP1_N100_FE100000_run5_seed231505.mat"
"s09_biscop_confirmation","CMOEA-AOP","DASCMOP1","DAS-CMOP",100,100000,6,231506,100144,29.8867,0.004753123772981893,0.210026128909738,1,"CMOEA_AOP_DASCMOP1_N100_FE100000_run6_seed231506.mat"
"s09_biscop_confirmation","CMOEA-AOP","DASCMOP1","DAS-CMOP",100,100000,7,231507,100058,28.4617,0.004347957792484718,0.2112044941194676,1,"CMOEA_AOP_DASCMOP1_N100_FE100000_run7_seed231507.mat"
"s09_biscop_confirmation","CMOEA-AOP","DASCMOP1","DAS-CMOP",100,100000,8,231508,100150,25.6612,0.005263107878086666,0.2121018483974111,1,"CMOEA_AOP_DASCMOP1_N100_FE100000_run8_seed231508.mat"
"s09_biscop_confirmation","CMOEA-AOP","DASCMOP1","DAS-CMOP",100,100000,9,231509,100126,30.7913,0.004271464640558017,0.2124187752037132,1,"CMOEA_AOP_DASCMOP1_N100_FE100000_run9_seed231509.mat"
"s09_biscop_confirmation","CMOEA-AOP","DASCMOP2","DAS-CMOP",100,100000,10,231610,100102,26.2966,0.1020092646755738,0.3176067351058742,1,"CMOEA_AOP_DASCMOP2_N100_FE100000_run10_seed231610.mat"
"s09_biscop_confirmation","CMOEA-AOP","DASCMOP2","DAS-CMOP",100,100000,1,231601,100128,27.9401,0.005293664289632852,0.3542589590589919,1,"CMOEA_AOP_DASCMOP2_N100_FE100000_run1_seed231601.mat"
"s09_biscop_confirmation","CMOEA-AOP","DASCMOP2","DAS-CMOP",100,100000,2,231602,100080,27.6466,0.005628098604270076,0.3540153552293561,1,"CMOEA_AOP_DASCMOP2_N100_FE100000_run2_seed231602.mat"
"s09_biscop_confirmation","CMOEA-AOP","DASCMOP2","DAS-CMOP",100,100000,3,231603,100006,28.9666,0.005464299962722778,0.3542028460601032,1,"CMOEA_AOP_DASCMOP2_N100_FE100000_run3_seed231603.mat"
"s09_biscop_confirmation","CMOEA-AOP","DASCMOP2","DAS-CMOP",100,100000,4,231604,100104,30.1161,0.004883943080325216,0.3548069355791959,1,"CMOEA_AOP_DASCMOP2_N100_FE100000_run4_seed231604.mat"
"s09_biscop_confirmation","CMOEA-AOP","DASCMOP2","DAS-CMOP",100,100000,5,231605,100138,26.6325,0.005666589322064601,0.3543779549809236,1,"CMOEA_AOP_DASCMOP2_N100_FE100000_run5_seed231605.mat"
"s09_biscop_confirmation","CMOEA-AOP","DASCMOP2","DAS-CMOP",100,100000,6,231606,100024,26.9934,0.005358560982721509,0.3542119037653017,1,"CMOEA_AOP_DASCMOP2_N100_FE100000_run6_seed231606.mat"
"s09_biscop_confirmation","CMOEA-AOP","DASCMOP2","DAS-CMOP",100,100000,7,231607,100094,29.1452,0.005521588946068148,0.354122844212761,1,"CMOEA_AOP_DASCMOP2_N100_FE100000_run7_seed231607.mat"
"s09_biscop_confirmation","CMOEA-AOP","DASCMOP2","DAS-CMOP",100,100000,8,231608,100120,28.8906,0.005150583564987275,0.3544326743482694,1,"CMOEA_AOP_DASCMOP2_N100_FE100000_run8_seed231608.mat"
"s09_biscop_confirmation","CMOEA-AOP","DASCMOP2","DAS-CMOP",100,100000,9,231609,100196,28.1566,0.00549668016773065,0.3544881711617406,1,"CMOEA_AOP_DASCMOP2_N100_FE100000_run9_seed231609.mat"
"s09_biscop_confirmation","CMOEA-AOP","DASCMOP3","DAS-CMOP",100,100000,10,231710,100184,20.3997,0.02175634336268057,0.3087119903395901,1,"CMOEA_AOP_DASCMOP3_N100_FE100000_run10_seed231710.mat"
"s09_biscop_confirmation","CMOEA-AOP","DASCMOP3","DAS-CMOP",100,100000,1,231701,100112,20.8983,0.02126465663036278,0.3088577235450202,1,"CMOEA_AOP_DASCMOP3_N100_FE100000_run1_seed231701.mat"
"s09_biscop_confirmation","CMOEA-AOP","DASCMOP3","DAS-CMOP",100,100000,2,231702,100008,27.8879,0.02102943756673723,0.3098886824749374,1,"CMOEA_AOP_DASCMOP3_N100_FE100000_run2_seed231702.mat"
"s09_biscop_confirmation","CMOEA-AOP","DASCMOP3","DAS-CMOP",100,100000,3,231703,100152,19.9895,0.02031904894962413,0.3107836695682766,1,"CMOEA_AOP_DASCMOP3_N100_FE100000_run3_seed231703.mat"
"s09_biscop_confirmation","CMOEA-AOP","DASCMOP3","DAS-CMOP",100,100000,4,231704,100008,22.2463,0.0195988585111864,0.3102329112556342,1,"CMOEA_AOP_DASCMOP3_N100_FE100000_run4_seed231704.mat"
"s09_biscop_confirmation","CMOEA-AOP","DASCMOP3","DAS-CMOP",100,100000,5,231705,100160,24.9793,0.02204507093296127,0.3104580212590622,1,"CMOEA_AOP_DASCMOP3_N100_FE100000_run5_seed231705.mat"
"s09_biscop_confirmation","CMOEA-AOP","DASCMOP3","DAS-CMOP",100,100000,6,231706,100016,17.8773,0.02068261549131712,0.3103256420674284,1,"CMOEA_AOP_DASCMOP3_N100_FE100000_run6_seed231706.mat"
"s09_biscop_confirmation","CMOEA-AOP","DASCMOP3","DAS-CMOP",100,100000,7,231707,100108,23.8554,0.02059917813280718,0.3111200865285282,1,"CMOEA_AOP_DASCMOP3_N100_FE100000_run7_seed231707.mat"
"s09_biscop_confirmation","CMOEA-AOP","DASCMOP3","DAS-CMOP",100,100000,8,231708,100208,22.6288,0.2646498975892079,0.2528917331812238,1,"CMOEA_AOP_DASCMOP3_N100_FE100000_run8_seed231708.mat"
"s09_biscop_confirmation","CMOEA-AOP","DASCMOP3","DAS-CMOP",100,100000,9,231709,100062,20.896,0.02104161169015832,0.311458645094851,1,"CMOEA_AOP_DASCMOP3_N100_FE100000_run9_seed231709.mat"
"s09_biscop_confirmation","CMOEA-AOP","DASCMOP4","DAS-CMOP",100,100000,10,231810,100040,21.5356,0.00197506769355245,0.203048953648143,1,"CMOEA_AOP_DASCMOP4_N100_FE100000_run10_seed231810.mat"
"s09_biscop_confirmation","CMOEA-AOP","DASCMOP4","DAS-CMOP",100,100000,1,231801,100162,22.6891,0.001998959814488457,0.2037802987427473,1,"CMOEA_AOP_DASCMOP4_N100_FE100000_run1_seed231801.mat"
"s09_biscop_confirmation","CMOEA-AOP","DASCMOP4","DAS-CMOP",100,100000,2,231802,100038,24.4556,0.004231604014541496,0.1953261223932541,1,"CMOEA_AOP_DASCMOP4_N100_FE100000_run2_seed231802.mat"
"s09_biscop_confirmation","CMOEA-AOP","DASCMOP4","DAS-CMOP",100,100000,3,231803,100112,15.7973,0.006515522301863278,0.2024568169825185,1,"CMOEA_AOP_DASCMOP4_N100_FE100000_run3_seed231803.mat"
"s09_biscop_confirmation","CMOEA-AOP","DASCMOP4","DAS-CMOP",100,100000,4,231804,100046,17.9293,0.001873690202667229,0.2031072407252421,1,"CMOEA_AOP_DASCMOP4_N100_FE100000_run4_seed231804.mat"
"s09_biscop_confirmation","CMOEA-AOP","DASCMOP4","DAS-CMOP",100,100000,5,231805,100022,19.5859,0.001796696686697389,0.2037843213928806,1,"CMOEA_AOP_DASCMOP4_N100_FE100000_run5_seed231805.mat"
"s09_biscop_confirmation","CMOEA-AOP","DASCMOP4","DAS-CMOP",100,100000,6,231806,100158,20.1594,0.001643651346468453,0.2040255326606391,1,"CMOEA_AOP_DASCMOP4_N100_FE100000_run6_seed231806.mat"
"s09_biscop_confirmation","CMOEA-AOP","DASCMOP4","DAS-CMOP",100,100000,7,231807,100132,20.1675,0.001386940294176513,0.2034476150777793,1,"CMOEA_AOP_DASCMOP4_N100_FE100000_run7_seed231807.mat"
"s09_biscop_confirmation","CMOEA-AOP","DASCMOP4","DAS-CMOP",100,100000,8,231808,100026,16.4851,0.4328784807100146,0.04354793202909429,1,"CMOEA_AOP_DASCMOP4_N100_FE100000_run8_seed231808.mat"
"s09_biscop_confirmation","CMOEA-AOP","DASCMOP4","DAS-CMOP",100,100000,9,231809,100182,21.3073,0.00178809289621379,0.2036155483905582,1,"CMOEA_AOP_DASCMOP4_N100_FE100000_run9_seed231809.mat"
"s09_biscop_confirmation","CMOEA-AOP","DASCMOP5","DAS-CMOP",100,100000,10,231910,100072,18.5494,0.003032646159013034,0.3506904071545929,1,"CMOEA_AOP_DASCMOP5_N100_FE100000_run10_seed231910.mat"
"s09_biscop_confirmation","CMOEA-AOP","DASCMOP5","DAS-CMOP",100,100000,1,231901,100202,27.6818,0.002873376995773014,0.3507228509562226,1,"CMOEA_AOP_DASCMOP5_N100_FE100000_run1_seed231901.mat"
"s09_biscop_confirmation","CMOEA-AOP","DASCMOP5","DAS-CMOP",100,100000,2,231902,100082,19.3399,0.00383131683508117,0.3500909195843891,1,"CMOEA_AOP_DASCMOP5_N100_FE100000_run2_seed231902.mat"
"s09_biscop_confirmation","CMOEA-AOP","DASCMOP5","DAS-CMOP",100,100000,3,231903,100058,18.0217,0.005141908204644087,0.3491441518593552,1,"CMOEA_AOP_DASCMOP5_N100_FE100000_run3_seed231903.mat"
"s09_biscop_confirmation","CMOEA-AOP","DASCMOP5","DAS-CMOP",100,100000,4,231904,100156,20.153,0.002995069060130258,0.3510118590673253,1,"CMOEA_AOP_DASCMOP5_N100_FE100000_run4_seed231904.mat"
"s09_biscop_confirmation","CMOEA-AOP","DASCMOP5","DAS-CMOP",100,100000,5,231905,100122,18.6008,0.003632650328001307,0.3502519590628783,1,"CMOEA_AOP_DASCMOP5_N100_FE100000_run5_seed231905.mat"
"s09_biscop_confirmation","CMOEA-AOP","DASCMOP5","DAS-CMOP",100,100000,6,231906,100090,21.9982,0.003008544192305747,0.3510904868815548,1,"CMOEA_AOP_DASCMOP5_N100_FE100000_run6_seed231906.mat"
"s09_biscop_confirmation","CMOEA-AOP","DASCMOP5","DAS-CMOP",100,100000,7,231907,100026,18.1165,0.00357422141789975,0.3504158522071003,1,"CMOEA_AOP_DASCMOP5_N100_FE100000_run7_seed231907.mat"
"s09_biscop_confirmation","CMOEA-AOP","DASCMOP5","DAS-CMOP",100,100000,8,231908,100030,17.503,0.4556310027614306,0.09308750581978707,1,"CMOEA_AOP_DASCMOP5_N100_FE100000_run8_seed231908.mat"
"s09_biscop_confirmation","CMOEA-AOP","DASCMOP5","DAS-CMOP",100,100000,9,231909,100118,17.9617,0.5420508117691796,0.06187505988547551,1,"CMOEA_AOP_DASCMOP5_N100_FE100000_run9_seed231909.mat"
"s09_biscop_confirmation","CMOEA-AOP","DASCMOP6","DAS-CMOP",100,100000,10,232010,100088,12.4356,0.7817934887441668,0.01225643370394688,1,"CMOEA_AOP_DASCMOP6_N100_FE100000_run10_seed232010.mat"
"s09_biscop_confirmation","CMOEA-AOP","DASCMOP6","DAS-CMOP",100,100000,1,232001,100148,12.6878,0.6100171794767303,0.03318031422560412,1,"CMOEA_AOP_DASCMOP6_N100_FE100000_run1_seed232001.mat"
"s09_biscop_confirmation","CMOEA-AOP","DASCMOP6","DAS-CMOP",100,100000,2,232002,100136,13.4019,0.4849730686105614,0.06924104701855301,1,"CMOEA_AOP_DASCMOP6_N100_FE100000_run2_seed232002.mat"
"s09_biscop_confirmation","CMOEA-AOP","DASCMOP6","DAS-CMOP",100,100000,3,232003,100010,14.3013,0.01944954017531862,0.3122584285884847,1,"CMOEA_AOP_DASCMOP6_N100_FE100000_run3_seed232003.mat"
"s09_biscop_confirmation","CMOEA-AOP","DASCMOP6","DAS-CMOP",100,100000,4,232004,100076,15.683,0.01980230670199712,0.3121619081734214,1,"CMOEA_AOP_DASCMOP6_N100_FE100000_run4_seed232004.mat"
"s09_biscop_confirmation","CMOEA-AOP","DASCMOP6","DAS-CMOP",100,100000,5,232005,100152,19.9802,0.01273541057323254,0.3123005747820072,1,"CMOEA_AOP_DASCMOP6_N100_FE100000_run5_seed232005.mat"
"s09_biscop_confirmation","CMOEA-AOP","DASCMOP6","DAS-CMOP",100,100000,6,232006,100156,27.9267,0.1101895831807234,0.2481931619904981,1,"CMOEA_AOP_DASCMOP6_N100_FE100000_run6_seed232006.mat"
"s09_biscop_confirmation","CMOEA-AOP","DASCMOP6","DAS-CMOP",100,100000,7,232007,100162,16.5149,0.01942626109429815,0.3115228211066837,1,"CMOEA_AOP_DASCMOP6_N100_FE100000_run7_seed232007.mat"
"s09_biscop_confirmation","CMOEA-AOP","DASCMOP6","DAS-CMOP",100,100000,8,232008,100060,21.619,0.01992898596376615,0.31203444798376,1,"CMOEA_AOP_DASCMOP6_N100_FE100000_run8_seed232008.mat"
"s09_biscop_confirmation","CMOEA-AOP","DASCMOP6","DAS-CMOP",100,100000,9,232009,100122,20.3596,0.01962149695590799,0.3121994432311479,1,"CMOEA_AOP_DASCMOP6_N100_FE100000_run9_seed232009.mat"
"s09_biscop_confirmation","CMOEA-AOP","DASCMOP7","DAS-CMOP",100,100000,10,232110,100028,152.0146,0.03010113183699166,0.285989358654864,1,"CMOEA_AOP_DASCMOP7_N100_FE100000_run10_seed232110.mat"
"s09_biscop_confirmation","CMOEA-AOP","DASCMOP7","DAS-CMOP",100,100000,1,232101,100006,65.9059,0.03052001306814436,0.2876830066933499,1,"CMOEA_AOP_DASCMOP7_N100_FE100000_run1_seed232101.mat"
"s09_biscop_confirmation","CMOEA-AOP","DASCMOP7","DAS-CMOP",100,100000,2,232102,100068,114.7831,0.03022929621593287,0.2858104611522979,1,"CMOEA_AOP_DASCMOP7_N100_FE100000_run2_seed232102.mat"
"s09_biscop_confirmation","CMOEA-AOP","DASCMOP7","DAS-CMOP",100,100000,3,232103,100060,96.6283,0.02991369520355107,0.2883805607926186,1,"CMOEA_AOP_DASCMOP7_N100_FE100000_run3_seed232103.mat"
"s09_biscop_confirmation","CMOEA-AOP","DASCMOP7","DAS-CMOP",100,100000,4,232104,100140,132.6949,0.03142538020481698,0.2871279559972894,1,"CMOEA_AOP_DASCMOP7_N100_FE100000_run4_seed232104.mat"
"s09_biscop_confirmation","CMOEA-AOP","DASCMOP7","DAS-CMOP",100,100000,5,232105,100056,102.0629,0.03034201477808487,0.2879668275559865,1,"CMOEA_AOP_DASCMOP7_N100_FE100000_run5_seed232105.mat"
"s09_biscop_confirmation","CMOEA-AOP","DASCMOP7","DAS-CMOP",100,100000,6,232106,100168,70.9305,0.232383816585137,0.184753929739742,1,"CMOEA_AOP_DASCMOP7_N100_FE100000_run6_seed232106.mat"
"s09_biscop_confirmation","CMOEA-AOP","DASCMOP7","DAS-CMOP",100,100000,7,232107,100152,113.2261,0.03105130159351246,0.2872334586291279,1,"CMOEA_AOP_DASCMOP7_N100_FE100000_run7_seed232107.mat"
"s09_biscop_confirmation","CMOEA-AOP","DASCMOP7","DAS-CMOP",100,100000,8,232108,100004,47.598,0.9097705640085275,0.01486824844965125,1,"CMOEA_AOP_DASCMOP7_N100_FE100000_run8_seed232108.mat"
"s09_biscop_confirmation","CMOEA-AOP","DASCMOP7","DAS-CMOP",100,100000,9,232109,100006,147.7446,0.03093983127914186,0.2870691812566866,1,"CMOEA_AOP_DASCMOP7_N100_FE100000_run9_seed232109.mat"
"s09_biscop_confirmation","CMOEA-AOP","DASCMOP8","DAS-CMOP",100,100000,10,232210,100066,98.0824,0.03673323279520055,0.2065117812251677,1,"CMOEA_AOP_DASCMOP8_N100_FE100000_run10_seed232210.mat"
"s09_biscop_confirmation","CMOEA-AOP","DASCMOP8","DAS-CMOP",100,100000,1,232201,100170,107.2684,0.04038682852444259,0.2068796185291544,1,"CMOEA_AOP_DASCMOP8_N100_FE100000_run1_seed232201.mat"
"s09_biscop_confirmation","CMOEA-AOP","DASCMOP8","DAS-CMOP",100,100000,2,232202,100134,92.6546,0.03854181084924468,0.2055485709203381,1,"CMOEA_AOP_DASCMOP8_N100_FE100000_run2_seed232202.mat"
"s09_biscop_confirmation","CMOEA-AOP","DASCMOP8","DAS-CMOP",100,100000,3,232203,100190,71.4028,0.03830322289130886,0.2058931901599098,1,"CMOEA_AOP_DASCMOP8_N100_FE100000_run3_seed232203.mat"
"s09_biscop_confirmation","CMOEA-AOP","DASCMOP8","DAS-CMOP",100,100000,4,232204,100196,137.1628,0.03868413641457357,0.2066857610974752,1,"CMOEA_AOP_DASCMOP8_N100_FE100000_run4_seed232204.mat"
"s09_biscop_confirmation","CMOEA-AOP","DASCMOP8","DAS-CMOP",100,100000,5,232205,100104,89.643,0.03741979903655477,0.2073362380026295,1,"CMOEA_AOP_DASCMOP8_N100_FE100000_run5_seed232205.mat"
"s09_biscop_confirmation","CMOEA-AOP","DASCMOP8","DAS-CMOP",100,100000,6,232206,100014,103.3126,0.03932612668501675,0.2069857608569816,1,"CMOEA_AOP_DASCMOP8_N100_FE100000_run6_seed232206.mat"
"s09_biscop_confirmation","CMOEA-AOP","DASCMOP8","DAS-CMOP",100,100000,7,232207,100082,97.9605,0.03706161087129987,0.2069402777038325,1,"CMOEA_AOP_DASCMOP8_N100_FE100000_run7_seed232207.mat"
"s09_biscop_confirmation","CMOEA-AOP","DASCMOP8","DAS-CMOP",100,100000,8,232208,100174,98.8465,0.03899008393580366,0.2066103494180839,1,"CMOEA_AOP_DASCMOP8_N100_FE100000_run8_seed232208.mat"
"s09_biscop_confirmation","CMOEA-AOP","DASCMOP8","DAS-CMOP",100,100000,9,232209,100056,11.7972,NaN,NaN,0,"CMOEA_AOP_DASCMOP8_N100_FE100000_run9_seed232209.mat"
"s09_biscop_confirmation","CMOEA-AOP","DASCMOP9","DAS-CMOP",100,100000,10,232310,100104,188.7204,0.03937671851357824,0.2058548586650823,1,"CMOEA_AOP_DASCMOP9_N100_FE100000_run10_seed232310.mat"
"s09_biscop_confirmation","CMOEA-AOP","DASCMOP9","DAS-CMOP",100,100000,1,232301,100052,153.8606,0.03903594251315438,0.2056713989983456,1,"CMOEA_AOP_DASCMOP9_N100_FE100000_run1_seed232301.mat"
"s09_biscop_confirmation","CMOEA-AOP","DASCMOP9","DAS-CMOP",100,100000,2,232302,100074,165.144,0.0409334460114838,0.2046035147457083,1,"CMOEA_AOP_DASCMOP9_N100_FE100000_run2_seed232302.mat"
"s09_biscop_confirmation","CMOEA-AOP","DASCMOP9","DAS-CMOP",100,100000,3,232303,100042,138.8148,0.04117089998117068,0.2039743033629956,1,"CMOEA_AOP_DASCMOP9_N100_FE100000_run3_seed232303.mat"
"s09_biscop_confirmation","CMOEA-AOP","DASCMOP9","DAS-CMOP",100,100000,4,232304,100006,156.3574,0.0402468539252096,0.2053379607376896,1,"CMOEA_AOP_DASCMOP9_N100_FE100000_run4_seed232304.mat"
"s09_biscop_confirmation","CMOEA-AOP","DASCMOP9","DAS-CMOP",100,100000,5,232305,100048,132.9026,0.04154171952214476,0.2043191821371799,1,"CMOEA_AOP_DASCMOP9_N100_FE100000_run5_seed232305.mat"
"s09_biscop_confirmation","CMOEA-AOP","DASCMOP9","DAS-CMOP",100,100000,6,232306,100016,151.3871,0.03772212486356875,0.2053217756804182,1,"CMOEA_AOP_DASCMOP9_N100_FE100000_run6_seed232306.mat"
"s09_biscop_confirmation","CMOEA-AOP","DASCMOP9","DAS-CMOP",100,100000,7,232307,100006,134.0422,0.03985825497737432,0.206068858738436,1,"CMOEA_AOP_DASCMOP9_N100_FE100000_run7_seed232307.mat"
"s09_biscop_confirmation","CMOEA-AOP","DASCMOP9","DAS-CMOP",100,100000,8,232308,100020,194.388,0.04135632466506136,0.2046940427577435,1,"CMOEA_AOP_DASCMOP9_N100_FE100000_run8_seed232308.mat"
"s09_biscop_confirmation","CMOEA-AOP","DASCMOP9","DAS-CMOP",100,100000,9,232309,100008,131.2008,0.03859938370983189,0.2058198021276341,1,"CMOEA_AOP_DASCMOP9_N100_FE100000_run9_seed232309.mat"
"s09_biscop_confirmation","CMOEA-AOP","LIRCMOP10","LIR-CMOP",100,100000,10,231010,100022,42.8286,0.1049345619341117,0.6677586721787823,1,"CMOEA_AOP_LIRCMOP10_N100_FE100000_run10_seed231010.mat"
"s09_biscop_confirmation","CMOEA-AOP","LIRCMOP10","LIR-CMOP",100,100000,1,231001,100126,45.3315,0.03568437369083689,0.6893051769991299,1,"CMOEA_AOP_LIRCMOP10_N100_FE100000_run1_seed231001.mat"
"s09_biscop_confirmation","CMOEA-AOP","LIRCMOP10","LIR-CMOP",100,100000,2,231002,100084,41.3609,0.0537824717917126,0.6752932042918471,1,"CMOEA_AOP_LIRCMOP10_N100_FE100000_run2_seed231002.mat"
"s09_biscop_confirmation","CMOEA-AOP","LIRCMOP10","LIR-CMOP",100,100000,3,231003,100212,42.6925,0.1324347352043838,0.6486298232647585,1,"CMOEA_AOP_LIRCMOP10_N100_FE100000_run3_seed231003.mat"
"s09_biscop_confirmation","CMOEA-AOP","LIRCMOP10","LIR-CMOP",100,100000,4,231004,100158,44.7146,0.0573806358122534,0.6795925995862697,1,"CMOEA_AOP_LIRCMOP10_N100_FE100000_run4_seed231004.mat"
"s09_biscop_confirmation","CMOEA-AOP","LIRCMOP10","LIR-CMOP",100,100000,5,231005,100148,43.2469,0.1537664517795654,0.6353201280522169,1,"CMOEA_AOP_LIRCMOP10_N100_FE100000_run5_seed231005.mat"
"s09_biscop_confirmation","CMOEA-AOP","LIRCMOP10","LIR-CMOP",100,100000,6,231006,100074,41.3785,0.03378997373817912,0.6904159615309574,1,"CMOEA_AOP_LIRCMOP10_N100_FE100000_run6_seed231006.mat"
"s09_biscop_confirmation","CMOEA-AOP","LIRCMOP10","LIR-CMOP",100,100000,7,231007,100102,41.9953,0.1030592318380518,0.6703898127643906,1,"CMOEA_AOP_LIRCMOP10_N100_FE100000_run7_seed231007.mat"
"s09_biscop_confirmation","CMOEA-AOP","LIRCMOP10","LIR-CMOP",100,100000,8,231008,100120,41.3411,0.1210582125164324,0.657335493337271,1,"CMOEA_AOP_LIRCMOP10_N100_FE100000_run8_seed231008.mat"
"s09_biscop_confirmation","CMOEA-AOP","LIRCMOP11","LIR-CMOP",100,100000,10,231110,100040,34.3792,0.07325891318124375,0.6595997803382995,1,"CMOEA_AOP_LIRCMOP11_N100_FE100000_run10_seed231110.mat"
"s09_biscop_confirmation","CMOEA-AOP","LIRCMOP11","LIR-CMOP",100,100000,1,231101,100088,39.3793,0.07354744504369015,0.6590825525603831,1,"CMOEA_AOP_LIRCMOP11_N100_FE100000_run1_seed231101.mat"
"s09_biscop_confirmation","CMOEA-AOP","LIRCMOP11","LIR-CMOP",100,100000,2,231102,100128,43.4897,0.07254975413815139,0.660001864638399,1,"CMOEA_AOP_LIRCMOP11_N100_FE100000_run2_seed231102.mat"
"s09_biscop_confirmation","CMOEA-AOP","LIRCMOP11","LIR-CMOP",100,100000,3,231103,100180,33.629,0.005822853928634152,0.6916470284338768,1,"CMOEA_AOP_LIRCMOP11_N100_FE100000_run3_seed231103.mat"
"s09_biscop_confirmation","CMOEA-AOP","LIRCMOP11","LIR-CMOP",100,100000,4,231104,100128,36.4258,0.01282684916847953,0.6863853592124427,1,"CMOEA_AOP_LIRCMOP11_N100_FE100000_run4_seed231104.mat"
"s09_biscop_confirmation","CMOEA-AOP","LIRCMOP11","LIR-CMOP",100,100000,5,231105,100142,36.2773,0.005021575362709196,0.6911324700213431,1,"CMOEA_AOP_LIRCMOP11_N100_FE100000_run5_seed231105.mat"
"s09_biscop_confirmation","CMOEA-AOP","LIRCMOP11","LIR-CMOP",100,100000,6,231106,100006,37.8678,0.08504974819648201,0.645264758941814,1,"CMOEA_AOP_LIRCMOP11_N100_FE100000_run6_seed231106.mat"
"s09_biscop_confirmation","CMOEA-AOP","LIRCMOP11","LIR-CMOP",100,100000,7,231107,100010,37.5185,0.07321165505055126,0.6597308340866123,1,"CMOEA_AOP_LIRCMOP11_N100_FE100000_run7_seed231107.mat"
"s09_biscop_confirmation","CMOEA-AOP","LIRCMOP11","LIR-CMOP",100,100000,8,231108,100134,39.4442,0.07335408611428273,0.6597082713687002,1,"CMOEA_AOP_LIRCMOP11_N100_FE100000_run8_seed231108.mat"
"s09_biscop_confirmation","CMOEA-AOP","LIRCMOP11","LIR-CMOP",100,100000,9,231109,100184,35.2821,0.01729550917022339,0.6824610422483468,1,"CMOEA_AOP_LIRCMOP11_N100_FE100000_run9_seed231109.mat"
"s09_biscop_confirmation","CMOEA-AOP","LIRCMOP12","LIR-CMOP",100,100000,10,231210,100152,24.2624,0.1374395165553538,0.5526102829996613,1,"CMOEA_AOP_LIRCMOP12_N100_FE100000_run10_seed231210.mat"
"s09_biscop_confirmation","CMOEA-AOP","LIRCMOP12","LIR-CMOP",100,100000,1,231201,100184,31.7666,0.084740155899226,0.5873620779795635,1,"CMOEA_AOP_LIRCMOP12_N100_FE100000_run1_seed231201.mat"
"s09_biscop_confirmation","CMOEA-AOP","LIRCMOP12","LIR-CMOP",100,100000,2,231202,100118,24.7866,0.03575646984747222,0.6065890293465002,1,"CMOEA_AOP_LIRCMOP12_N100_FE100000_run2_seed231202.mat"
"s09_biscop_confirmation","CMOEA-AOP","LIRCMOP12","LIR-CMOP",100,100000,3,231203,100184,18.3346,0.06335215358258942,0.5906233902591266,1,"CMOEA_AOP_LIRCMOP12_N100_FE100000_run3_seed231203.mat"
"s09_biscop_confirmation","CMOEA-AOP","LIRCMOP12","LIR-CMOP",100,100000,4,231204,100034,24.2271,0.04735605463612375,0.5997675828062996,1,"CMOEA_AOP_LIRCMOP12_N100_FE100000_run4_seed231204.mat"
"s09_biscop_confirmation","CMOEA-AOP","LIRCMOP12","LIR-CMOP",100,100000,5,231205,100194,31.7294,0.1108140884372912,0.5676122709908943,1,"CMOEA_AOP_LIRCMOP12_N100_FE100000_run5_seed231205.mat"
"s09_biscop_confirmation","CMOEA-AOP","LIRCMOP12","LIR-CMOP",100,100000,6,231206,100072,24.4636,0.1046448620136085,0.5707503750971646,1,"CMOEA_AOP_LIRCMOP12_N100_FE100000_run6_seed231206.mat"
"s09_biscop_confirmation","CMOEA-AOP","LIRCMOP12","LIR-CMOP",100,100000,7,231207,100096,23.5753,0.03955008273044748,0.6015726325591141,1,"CMOEA_AOP_LIRCMOP12_N100_FE100000_run7_seed231207.mat"
"s09_biscop_confirmation","CMOEA-AOP","LIRCMOP12","LIR-CMOP",100,100000,8,231208,100024,25.806,0.03366018621966728,0.6050514802985809,1,"CMOEA_AOP_LIRCMOP12_N100_FE100000_run8_seed231208.mat"
"s09_biscop_confirmation","CMOEA-AOP","LIRCMOP12","LIR-CMOP",100,100000,9,231209,100052,25.3919,0.1141888348940019,0.564582330391864,1,"CMOEA_AOP_LIRCMOP12_N100_FE100000_run9_seed231209.mat"
"s09_biscop_confirmation","CMOEA-AOP","LIRCMOP13","LIR-CMOP",100,100000,10,231310,100030,155.141,0.09865713510651353,0.5390303685102018,1,"CMOEA_AOP_LIRCMOP13_N100_FE100000_run10_seed231310.mat"
"s09_biscop_confirmation","CMOEA-AOP","LIRCMOP13","LIR-CMOP",100,100000,1,231301,100004,149.6295,0.09270297677008635,0.5561141123257085,1,"CMOEA_AOP_LIRCMOP13_N100_FE100000_run1_seed231301.mat"
"s09_biscop_confirmation","CMOEA-AOP","LIRCMOP13","LIR-CMOP",100,100000,2,231302,100048,154.4163,0.09782093295186918,0.5452292862638506,1,"CMOEA_AOP_LIRCMOP13_N100_FE100000_run2_seed231302.mat"
"s09_biscop_confirmation","CMOEA-AOP","LIRCMOP13","LIR-CMOP",100,100000,3,231303,100138,152.833,0.09216824211699444,0.5538988419461446,1,"CMOEA_AOP_LIRCMOP13_N100_FE100000_run3_seed231303.mat"
"s09_biscop_confirmation","CMOEA-AOP","LIRCMOP13","LIR-CMOP",100,100000,4,231304,100078,163.5695,0.09527632689612107,0.5491628325842164,1,"CMOEA_AOP_LIRCMOP13_N100_FE100000_run4_seed231304.mat"
"s09_biscop_confirmation","CMOEA-AOP","LIRCMOP13","LIR-CMOP",100,100000,5,231305,100052,152.8995,0.09549691527581133,0.5441620520181932,1,"CMOEA_AOP_LIRCMOP13_N100_FE100000_run5_seed231305.mat"
"s09_biscop_confirmation","CMOEA-AOP","LIRCMOP13","LIR-CMOP",100,100000,6,231306,100072,150.7324,0.09218701693251759,0.554945837363354,1,"CMOEA_AOP_LIRCMOP13_N100_FE100000_run6_seed231306.mat"
"s09_biscop_confirmation","CMOEA-AOP","LIRCMOP13","LIR-CMOP",100,100000,7,231307,100052,160.8638,0.0992066806577271,0.54285753942853,1,"CMOEA_AOP_LIRCMOP13_N100_FE100000_run7_seed231307.mat"
"s09_biscop_confirmation","CMOEA-AOP","LIRCMOP13","LIR-CMOP",100,100000,8,231308,100044,152.1642,0.09354463585811143,0.5495562400289198,1,"CMOEA_AOP_LIRCMOP13_N100_FE100000_run8_seed231308.mat"
"s09_biscop_confirmation","CMOEA-AOP","LIRCMOP13","LIR-CMOP",100,100000,9,231309,100046,141.1463,0.09542745599608379,0.54527916806277,1,"CMOEA_AOP_LIRCMOP13_N100_FE100000_run9_seed231309.mat"
"s09_biscop_confirmation","CMOEA-AOP","LIRCMOP14","LIR-CMOP",100,100000,10,231410,100082,136.4185,0.09860455669431732,0.5514124589784697,1,"CMOEA_AOP_LIRCMOP14_N100_FE100000_run10_seed231410.mat"
"s09_biscop_confirmation","CMOEA-AOP","LIRCMOP14","LIR-CMOP",100,100000,1,231401,100088,127.7064,0.09619891237980248,0.5526284134942979,1,"CMOEA_AOP_LIRCMOP14_N100_FE100000_run1_seed231401.mat"
"s09_biscop_confirmation","CMOEA-AOP","LIRCMOP14","LIR-CMOP",100,100000,2,231402,100040,127.9025,0.09737132522689877,0.54915342583356,1,"CMOEA_AOP_LIRCMOP14_N100_FE100000_run2_seed231402.mat"
"s09_biscop_confirmation","CMOEA-AOP","LIRCMOP14","LIR-CMOP",100,100000,3,231403,100128,132.8443,0.09525355455433121,0.5521008649343682,1,"CMOEA_AOP_LIRCMOP14_N100_FE100000_run3_seed231403.mat"
"s09_biscop_confirmation","CMOEA-AOP","LIRCMOP14","LIR-CMOP",100,100000,4,231404,100212,131.9535,0.09976662763945641,0.5446314734151292,1,"CMOEA_AOP_LIRCMOP14_N100_FE100000_run4_seed231404.mat"
"s09_biscop_confirmation","CMOEA-AOP","LIRCMOP14","LIR-CMOP",100,100000,5,231405,100116,142.3973,0.09961475605728802,0.5506164249995129,1,"CMOEA_AOP_LIRCMOP14_N100_FE100000_run5_seed231405.mat"
"s09_biscop_confirmation","CMOEA-AOP","LIRCMOP14","LIR-CMOP",100,100000,6,231406,100090,147.9438,0.09951388120556948,0.5484834028624879,1,"CMOEA_AOP_LIRCMOP14_N100_FE100000_run6_seed231406.mat"
"s09_biscop_confirmation","CMOEA-AOP","LIRCMOP14","LIR-CMOP",100,100000,7,231407,100116,128.1051,0.09558761562759982,0.5536629309580631,1,"CMOEA_AOP_LIRCMOP14_N100_FE100000_run7_seed231407.mat"
"s09_biscop_confirmation","CMOEA-AOP","LIRCMOP14","LIR-CMOP",100,100000,8,231408,100034,147.1113,0.09748481151439715,0.5456548173641502,1,"CMOEA_AOP_LIRCMOP14_N100_FE100000_run8_seed231408.mat"
"s09_biscop_confirmation","CMOEA-AOP","LIRCMOP14","LIR-CMOP",100,100000,9,231409,100198,143.1118,0.09857872468519339,0.549666075570638,1,"CMOEA_AOP_LIRCMOP14_N100_FE100000_run9_seed231409.mat"
"s09_biscop_confirmation","CMOEA-AOP","LIRCMOP1","LIR-CMOP",100,100000,10,230110,100158,22.6235,0.1225807759061234,0.1715409957094905,1,"CMOEA_AOP_LIRCMOP1_N100_FE100000_run10_seed230110.mat"
"s09_biscop_confirmation","CMOEA-AOP","LIRCMOP1","LIR-CMOP",100,100000,1,230101,100120,17.8408,0.2223257754885234,0.1400463737612942,1,"CMOEA_AOP_LIRCMOP1_N100_FE100000_run1_seed230101.mat"
"s09_biscop_confirmation","CMOEA-AOP","LIRCMOP1","LIR-CMOP",100,100000,2,230102,100126,24.9586,0.2888137581741235,0.113529143544751,1,"CMOEA_AOP_LIRCMOP1_N100_FE100000_run2_seed230102.mat"
"s09_biscop_confirmation","CMOEA-AOP","LIRCMOP1","LIR-CMOP",100,100000,3,230103,100082,17.8598,0.2505516380791035,0.1351918920342773,1,"CMOEA_AOP_LIRCMOP1_N100_FE100000_run3_seed230103.mat"
"s09_biscop_confirmation","CMOEA-AOP","LIRCMOP1","LIR-CMOP",100,100000,4,230104,100102,21.7123,0.3242924958829983,0.1000501188626059,1,"CMOEA_AOP_LIRCMOP1_N100_FE100000_run4_seed230104.mat"
"s09_biscop_confirmation","CMOEA-AOP","LIRCMOP1","LIR-CMOP",100,100000,5,230105,100056,17.5641,0.2599470460652032,0.1305702968540775,1,"CMOEA_AOP_LIRCMOP1_N100_FE100000_run5_seed230105.mat"
"s09_biscop_confirmation","CMOEA-AOP","LIRCMOP1","LIR-CMOP",100,100000,6,230106,100172,17.2898,0.1364774949412823,0.1712433822046011,1,"CMOEA_AOP_LIRCMOP1_N100_FE100000_run6_seed230106.mat"
"s09_biscop_confirmation","CMOEA-AOP","LIRCMOP1","LIR-CMOP",100,100000,7,230107,100196,17.9589,0.2869515873332214,0.1083042031512339,1,"CMOEA_AOP_LIRCMOP1_N100_FE100000_run7_seed230107.mat"
"s09_biscop_confirmation","CMOEA-AOP","LIRCMOP1","LIR-CMOP",100,100000,8,230108,100062,32.6549,0.2216949077183785,0.1304428061177357,1,"CMOEA_AOP_LIRCMOP1_N100_FE100000_run8_seed230108.mat"
"s09_biscop_confirmation","CMOEA-AOP","LIRCMOP1","LIR-CMOP",100,100000,9,230109,100184,17.2158,0.1640901947322667,0.1647945011580799,1,"CMOEA_AOP_LIRCMOP1_N100_FE100000_run9_seed230109.mat"
"s09_biscop_confirmation","CMOEA-AOP","LIRCMOP2","LIR-CMOP",100,100000,10,230210,100078,55.4671,0.212909398965295,0.2557688362419629,1,"CMOEA_AOP_LIRCMOP2_N100_FE100000_run10_seed230210.mat"
"s09_biscop_confirmation","CMOEA-AOP","LIRCMOP2","LIR-CMOP",100,100000,1,230201,100180,23.1058,0.06867648633648303,0.3134530886898342,1,"CMOEA_AOP_LIRCMOP2_N100_FE100000_run1_seed230201.mat"
"s09_biscop_confirmation","CMOEA-AOP","LIRCMOP2","LIR-CMOP",100,100000,2,230202,100202,26.4168,0.1641175800089594,0.2604236485337299,1,"CMOEA_AOP_LIRCMOP2_N100_FE100000_run2_seed230202.mat"
"s09_biscop_confirmation","CMOEA-AOP","LIRCMOP2","LIR-CMOP",100,100000,3,230203,100102,16.9566,0.1237702948875996,0.2999123868774293,1,"CMOEA_AOP_LIRCMOP2_N100_FE100000_run3_seed230203.mat"
"s09_biscop_confirmation","CMOEA-AOP","LIRCMOP2","LIR-CMOP",100,100000,4,230204,100010,68.1342,0.1104448712404025,0.3020157325280046,1,"CMOEA_AOP_LIRCMOP2_N100_FE100000_run4_seed230204.mat"
"s09_biscop_confirmation","CMOEA-AOP","LIRCMOP2","LIR-CMOP",100,100000,5,230205,100102,24.9288,0.161430518855858,0.2581471509094685,1,"CMOEA_AOP_LIRCMOP2_N100_FE100000_run5_seed230205.mat"
"s09_biscop_confirmation","CMOEA-AOP","LIRCMOP2","LIR-CMOP",100,100000,6,230206,100166,33.8204,0.06841547823718702,0.3230877971530662,1,"CMOEA_AOP_LIRCMOP2_N100_FE100000_run6_seed230206.mat"
"s09_biscop_confirmation","CMOEA-AOP","LIRCMOP2","LIR-CMOP",100,100000,7,230207,100196,24.2146,0.1344042362886179,0.3024941876034526,1,"CMOEA_AOP_LIRCMOP2_N100_FE100000_run7_seed230207.mat"
"s09_biscop_confirmation","CMOEA-AOP","LIRCMOP2","LIR-CMOP",100,100000,8,230208,100048,21.266,0.03727303595179299,0.3414694092847468,1,"CMOEA_AOP_LIRCMOP2_N100_FE100000_run8_seed230208.mat"
"s09_biscop_confirmation","CMOEA-AOP","LIRCMOP2","LIR-CMOP",100,100000,9,230209,100060,19.9083,0.1249803398449452,0.2789616133424755,1,"CMOEA_AOP_LIRCMOP2_N100_FE100000_run9_seed230209.mat"
"s09_biscop_confirmation","CMOEA-AOP","LIRCMOP3","LIR-CMOP",100,100000,10,230310,100060,19.8328,0.1627272177691331,0.1475593326240506,1,"CMOEA_AOP_LIRCMOP3_N100_FE100000_run10_seed230310.mat"
"s09_biscop_confirmation","CMOEA-AOP","LIRCMOP3","LIR-CMOP",100,100000,1,230301,100048,16.7812,0.340983547279876,0.09299582045777584,1,"CMOEA_AOP_LIRCMOP3_N100_FE100000_run1_seed230301.mat"
"s09_biscop_confirmation","CMOEA-AOP","LIRCMOP3","LIR-CMOP",100,100000,2,230302,100170,25.7613,0.2671818553113177,0.1092184178245573,1,"CMOEA_AOP_LIRCMOP3_N100_FE100000_run2_seed230302.mat"
"s09_biscop_confirmation","CMOEA-AOP","LIRCMOP3","LIR-CMOP",100,100000,3,230303,100042,20.1006,0.1590280670688437,0.1377476895298486,1,"CMOEA_AOP_LIRCMOP3_N100_FE100000_run3_seed230303.mat"
"s09_biscop_confirmation","CMOEA-AOP","LIRCMOP3","LIR-CMOP",100,100000,4,230304,100062,19.8978,0.2364054374018923,0.1325055420783451,1,"CMOEA_AOP_LIRCMOP3_N100_FE100000_run4_seed230304.mat"
"s09_biscop_confirmation","CMOEA-AOP","LIRCMOP3","LIR-CMOP",100,100000,5,230305,100028,28.622,0.2235773046935846,0.117588763683724,1,"CMOEA_AOP_LIRCMOP3_N100_FE100000_run5_seed230305.mat"
"s09_biscop_confirmation","CMOEA-AOP","LIRCMOP3","LIR-CMOP",100,100000,6,230306,100126,65.8142,0.2706193719416106,0.1180062554448327,1,"CMOEA_AOP_LIRCMOP3_N100_FE100000_run6_seed230306.mat"
"s09_biscop_confirmation","CMOEA-AOP","LIRCMOP3","LIR-CMOP",100,100000,7,230307,100048,17.9434,0.1809234515108628,0.1409395429091705,1,"CMOEA_AOP_LIRCMOP3_N100_FE100000_run7_seed230307.mat"
"s09_biscop_confirmation","CMOEA-AOP","LIRCMOP3","LIR-CMOP",100,100000,8,230308,100018,24.3284,0.2732657883041043,0.1079877521692418,1,"CMOEA_AOP_LIRCMOP3_N100_FE100000_run8_seed230308.mat"
"s09_biscop_confirmation","CMOEA-AOP","LIRCMOP3","LIR-CMOP",100,100000,9,230309,100052,28.153,0.1763293683781043,0.1408123043532862,1,"CMOEA_AOP_LIRCMOP3_N100_FE100000_run9_seed230309.mat"
"s09_biscop_confirmation","CMOEA-AOP","LIRCMOP4","LIR-CMOP",100,100000,10,230410,100050,16.5554,0.1414272450586539,0.2490419006390076,1,"CMOEA_AOP_LIRCMOP4_N100_FE100000_run10_seed230410.mat"
"s09_biscop_confirmation","CMOEA-AOP","LIRCMOP4","LIR-CMOP",100,100000,1,230401,100020,19.8551,0.112373237818121,0.2606944761487929,1,"CMOEA_AOP_LIRCMOP4_N100_FE100000_run1_seed230401.mat"
"s09_biscop_confirmation","CMOEA-AOP","LIRCMOP4","LIR-CMOP",100,100000,3,230403,100116,21.4858,0.1838004112128299,0.2459715351872149,1,"CMOEA_AOP_LIRCMOP4_N100_FE100000_run3_seed230403.mat"
"s09_biscop_confirmation","CMOEA-AOP","LIRCMOP4","LIR-CMOP",100,100000,4,230404,100142,25.4468,0.3017950661419624,0.18400832719421,1,"CMOEA_AOP_LIRCMOP4_N100_FE100000_run4_seed230404.mat"
"s09_biscop_confirmation","CMOEA-AOP","LIRCMOP4","LIR-CMOP",100,100000,5,230405,100068,53.6353,0.2121670868046388,0.2215761306984899,1,"CMOEA_AOP_LIRCMOP4_N100_FE100000_run5_seed230405.mat"
"s09_biscop_confirmation","CMOEA-AOP","LIRCMOP4","LIR-CMOP",100,100000,6,230406,100020,22.9416,0.2548110694599372,0.209483849839467,1,"CMOEA_AOP_LIRCMOP4_N100_FE100000_run6_seed230406.mat"
"s09_biscop_confirmation","CMOEA-AOP","LIRCMOP4","LIR-CMOP",100,100000,7,230407,100174,28.2953,0.1477884588095532,0.2475358703465091,1,"CMOEA_AOP_LIRCMOP4_N100_FE100000_run7_seed230407.mat"
"s09_biscop_confirmation","CMOEA-AOP","LIRCMOP4","LIR-CMOP",100,100000,8,230408,100138,72.4312,0.2485637957196336,0.2116092479903554,1,"CMOEA_AOP_LIRCMOP4_N100_FE100000_run8_seed230408.mat"
"s09_biscop_confirmation","CMOEA-AOP","LIRCMOP4","LIR-CMOP",100,100000,9,230409,100016,52.0944,0.161299931799697,0.2525498083386777,1,"CMOEA_AOP_LIRCMOP4_N100_FE100000_run9_seed230409.mat"
"s09_biscop_confirmation","CMOEA-AOP","LIRCMOP5","LIR-CMOP",100,100000,10,230510,100020,35.4811,0.0201291557566444,0.2835764017879883,1,"CMOEA_AOP_LIRCMOP5_N100_FE100000_run10_seed230510.mat"
"s09_biscop_confirmation","CMOEA-AOP","LIRCMOP5","LIR-CMOP",100,100000,1,230501,100116,94.5145,0.01549402255490603,0.285542404274924,1,"CMOEA_AOP_LIRCMOP5_N100_FE100000_run1_seed230501.mat"
"s09_biscop_confirmation","CMOEA-AOP","LIRCMOP5","LIR-CMOP",100,100000,2,230502,100200,38.8172,0.01828308328726153,0.2841609491021999,1,"CMOEA_AOP_LIRCMOP5_N100_FE100000_run2_seed230502.mat"
"s09_biscop_confirmation","CMOEA-AOP","LIRCMOP5","LIR-CMOP",100,100000,3,230503,100016,32.4187,0.02980865296526267,0.27981338038457,1,"CMOEA_AOP_LIRCMOP5_N100_FE100000_run3_seed230503.mat"
"s09_biscop_confirmation","CMOEA-AOP","LIRCMOP5","LIR-CMOP",100,100000,4,230504,100082,36.6084,0.01708078404830249,0.2856627275233973,1,"CMOEA_AOP_LIRCMOP5_N100_FE100000_run4_seed230504.mat"
"s09_biscop_confirmation","CMOEA-AOP","LIRCMOP5","LIR-CMOP",100,100000,5,230505,100042,87.1368,0.02137614502201556,0.2828531545867945,1,"CMOEA_AOP_LIRCMOP5_N100_FE100000_run5_seed230505.mat"
"s09_biscop_confirmation","CMOEA-AOP","LIRCMOP5","LIR-CMOP",100,100000,6,230506,100040,33.7555,0.05414178672929065,0.2507249361639061,1,"CMOEA_AOP_LIRCMOP5_N100_FE100000_run6_seed230506.mat"
"s09_biscop_confirmation","CMOEA-AOP","LIRCMOP5","LIR-CMOP",100,100000,7,230507,100178,90.249,0.01644145802494492,0.2860104427545701,1,"CMOEA_AOP_LIRCMOP5_N100_FE100000_run7_seed230507.mat"
"s09_biscop_confirmation","CMOEA-AOP","LIRCMOP5","LIR-CMOP",100,100000,8,230508,100064,30.4345,0.03572249419177071,0.2748168949905987,1,"CMOEA_AOP_LIRCMOP5_N100_FE100000_run8_seed230508.mat"
"s09_biscop_confirmation","CMOEA-AOP","LIRCMOP5","LIR-CMOP",100,100000,9,230509,100108,36.5788,0.09415261693164351,0.2337447795730537,1,"CMOEA_AOP_LIRCMOP5_N100_FE100000_run9_seed230509.mat"
"s09_biscop_confirmation","CMOEA-AOP","LIRCMOP6","LIR-CMOP",100,100000,10,230610,100092,33.8061,0.1732666569566806,0.1556506555236845,1,"CMOEA_AOP_LIRCMOP6_N100_FE100000_run10_seed230610.mat"
"s09_biscop_confirmation","CMOEA-AOP","LIRCMOP6","LIR-CMOP",100,100000,1,230601,100114,113.8215,0.01456760843857795,0.1940862158910633,1,"CMOEA_AOP_LIRCMOP6_N100_FE100000_run1_seed230601.mat"
"s09_biscop_confirmation","CMOEA-AOP","LIRCMOP6","LIR-CMOP",100,100000,2,230602,100146,36.1764,0.01026063589096369,0.1947952066136224,1,"CMOEA_AOP_LIRCMOP6_N100_FE100000_run2_seed230602.mat"
"s09_biscop_confirmation","CMOEA-AOP","LIRCMOP6","LIR-CMOP",100,100000,3,230603,100164,84.1039,0.164569003805285,0.1576198951133941,1,"CMOEA_AOP_LIRCMOP6_N100_FE100000_run3_seed230603.mat"
"s09_biscop_confirmation","CMOEA-AOP","LIRCMOP6","LIR-CMOP",100,100000,4,230604,100160,36.8019,0.1443849768113897,0.1606072357136174,1,"CMOEA_AOP_LIRCMOP6_N100_FE100000_run4_seed230604.mat"
"s09_biscop_confirmation","CMOEA-AOP","LIRCMOP6","LIR-CMOP",100,100000,5,230605,100164,36.4483,0.01427622620820485,0.1940890487816223,1,"CMOEA_AOP_LIRCMOP6_N100_FE100000_run5_seed230605.mat"
"s09_biscop_confirmation","CMOEA-AOP","LIRCMOP6","LIR-CMOP",100,100000,6,230606,100014,33.7546,0.04805264676294708,0.1804697656198472,1,"CMOEA_AOP_LIRCMOP6_N100_FE100000_run6_seed230606.mat"
"s09_biscop_confirmation","CMOEA-AOP","LIRCMOP6","LIR-CMOP",100,100000,7,230607,100194,78.5654,0.1531525960162342,0.1597084396461496,1,"CMOEA_AOP_LIRCMOP6_N100_FE100000_run7_seed230607.mat"
"s09_biscop_confirmation","CMOEA-AOP","LIRCMOP6","LIR-CMOP",100,100000,8,230608,100066,34.9778,0.02104997263979961,0.1928280164350627,1,"CMOEA_AOP_LIRCMOP6_N100_FE100000_run8_seed230608.mat"
"s09_biscop_confirmation","CMOEA-AOP","LIRCMOP6","LIR-CMOP",100,100000,9,230609,100170,35.9879,0.01706335310104861,0.192891818973341,1,"CMOEA_AOP_LIRCMOP6_N100_FE100000_run9_seed230609.mat"
"s09_biscop_confirmation","CMOEA-AOP","LIRCMOP7","LIR-CMOP",100,100000,10,230710,100098,30.6803,0.008065321534402713,0.2937335972726192,1,"CMOEA_AOP_LIRCMOP7_N100_FE100000_run10_seed230710.mat"
"s09_biscop_confirmation","CMOEA-AOP","LIRCMOP7","LIR-CMOP",100,100000,1,230701,100120,29.2086,0.00782945604401767,0.2942522679126259,1,"CMOEA_AOP_LIRCMOP7_N100_FE100000_run1_seed230701.mat"
"s09_biscop_confirmation","CMOEA-AOP","LIRCMOP7","LIR-CMOP",100,100000,2,230702,100068,28.9487,0.06163171746637833,0.2651290878228015,1,"CMOEA_AOP_LIRCMOP7_N100_FE100000_run2_seed230702.mat"
"s09_biscop_confirmation","CMOEA-AOP","LIRCMOP7","LIR-CMOP",100,100000,3,230703,100076,29.594,0.0754604409316243,0.2613114421438953,1,"CMOEA_AOP_LIRCMOP7_N100_FE100000_run3_seed230703.mat"
"s09_biscop_confirmation","CMOEA-AOP","LIRCMOP7","LIR-CMOP",100,100000,4,230704,100070,28.9176,0.008313153639028485,0.2937053828132205,1,"CMOEA_AOP_LIRCMOP7_N100_FE100000_run4_seed230704.mat"
"s09_biscop_confirmation","CMOEA-AOP","LIRCMOP7","LIR-CMOP",100,100000,5,230705,100108,27.6442,0.008413258776338906,0.2935724600834854,1,"CMOEA_AOP_LIRCMOP7_N100_FE100000_run5_seed230705.mat"
"s09_biscop_confirmation","CMOEA-AOP","LIRCMOP7","LIR-CMOP",100,100000,6,230706,100012,28.7089,0.008548643321399513,0.2939097939739155,1,"CMOEA_AOP_LIRCMOP7_N100_FE100000_run6_seed230706.mat"
"s09_biscop_confirmation","CMOEA-AOP","LIRCMOP7","LIR-CMOP",100,100000,7,230707,100104,28.3623,0.0727209500188401,0.2654498199086701,1,"CMOEA_AOP_LIRCMOP7_N100_FE100000_run7_seed230707.mat"
"s09_biscop_confirmation","CMOEA-AOP","LIRCMOP7","LIR-CMOP",100,100000,8,230708,100048,29.218,0.01547186960291792,0.2897087254251628,1,"CMOEA_AOP_LIRCMOP7_N100_FE100000_run8_seed230708.mat"
"s09_biscop_confirmation","CMOEA-AOP","LIRCMOP7","LIR-CMOP",100,100000,9,230709,100180,29.7194,0.009057330406180147,0.2931441991089535,1,"CMOEA_AOP_LIRCMOP7_N100_FE100000_run9_seed230709.mat"
"s09_biscop_confirmation","CMOEA-AOP","LIRCMOP8","LIR-CMOP",100,100000,10,230810,100102,28.5628,0.07153052330049638,0.2652051368747493,1,"CMOEA_AOP_LIRCMOP8_N100_FE100000_run10_seed230810.mat"
"s09_biscop_confirmation","CMOEA-AOP","LIRCMOP8","LIR-CMOP",100,100000,1,230801,100080,29.0904,0.008151680798617488,0.2939534021503905,1,"CMOEA_AOP_LIRCMOP8_N100_FE100000_run1_seed230801.mat"
"s09_biscop_confirmation","CMOEA-AOP","LIRCMOP8","LIR-CMOP",100,100000,2,230802,100044,28.5472,0.08009435318870105,0.2599939144309895,1,"CMOEA_AOP_LIRCMOP8_N100_FE100000_run2_seed230802.mat"
"s09_biscop_confirmation","CMOEA-AOP","LIRCMOP8","LIR-CMOP",100,100000,3,230803,100082,28.6235,0.008445607671238923,0.2938319323007368,1,"CMOEA_AOP_LIRCMOP8_N100_FE100000_run3_seed230803.mat"
"s09_biscop_confirmation","CMOEA-AOP","LIRCMOP8","LIR-CMOP",100,100000,4,230804,100210,27.5944,0.008422986625374242,0.2937317798391122,1,"CMOEA_AOP_LIRCMOP8_N100_FE100000_run4_seed230804.mat"
"s09_biscop_confirmation","CMOEA-AOP","LIRCMOP8","LIR-CMOP",100,100000,5,230805,100036,33.2893,0.009173800280081437,0.2931734589897165,1,"CMOEA_AOP_LIRCMOP8_N100_FE100000_run5_seed230805.mat"
"s09_biscop_confirmation","CMOEA-AOP","LIRCMOP8","LIR-CMOP",100,100000,6,230806,100018,34.1723,0.009585294542937125,0.2932859353104001,1,"CMOEA_AOP_LIRCMOP8_N100_FE100000_run6_seed230806.mat"
"s09_biscop_confirmation","CMOEA-AOP","LIRCMOP8","LIR-CMOP",100,100000,7,230807,100028,28.5305,0.09549899525900876,0.2583804037660248,1,"CMOEA_AOP_LIRCMOP8_N100_FE100000_run7_seed230807.mat"
"s09_biscop_confirmation","CMOEA-AOP","LIRCMOP8","LIR-CMOP",100,100000,8,230808,100178,32.2617,0.009708585284466461,0.2931527480643829,1,"CMOEA_AOP_LIRCMOP8_N100_FE100000_run8_seed230808.mat"
"s09_biscop_confirmation","CMOEA-AOP","LIRCMOP8","LIR-CMOP",100,100000,9,230809,100156,28.407,0.008427431877478811,0.2937867282160518,1,"CMOEA_AOP_LIRCMOP8_N100_FE100000_run9_seed230809.mat"
"s09_biscop_confirmation","CMOEA-AOP","LIRCMOP9","LIR-CMOP",100,100000,10,230910,100146,39.8804,0.3153194169211344,0.3985717064454877,1,"CMOEA_AOP_LIRCMOP9_N100_FE100000_run10_seed230910.mat"
"s09_biscop_confirmation","CMOEA-AOP","LIRCMOP9","LIR-CMOP",100,100000,1,230901,100082,38.0235,0.2007645767721326,0.4475590336379333,1,"CMOEA_AOP_LIRCMOP9_N100_FE100000_run1_seed230901.mat"
"s09_biscop_confirmation","CMOEA-AOP","LIRCMOP9","LIR-CMOP",100,100000,2,230902,100128,32.8375,0.09867002946897555,0.5325215771248777,1,"CMOEA_AOP_LIRCMOP9_N100_FE100000_run2_seed230902.mat"
"s09_biscop_confirmation","CMOEA-AOP","LIRCMOP9","LIR-CMOP",100,100000,3,230903,100118,36.8825,0.1151449101311954,0.5108058033965326,1,"CMOEA_AOP_LIRCMOP9_N100_FE100000_run3_seed230903.mat"
"s09_biscop_confirmation","CMOEA-AOP","LIRCMOP9","LIR-CMOP",100,100000,4,230904,100154,38.7826,0.5064820409287493,0.3584283612397568,1,"CMOEA_AOP_LIRCMOP9_N100_FE100000_run4_seed230904.mat"
"s09_biscop_confirmation","CMOEA-AOP","LIRCMOP9","LIR-CMOP",100,100000,5,230905,100164,44.2244,0.2851150900084086,0.4160814518868621,1,"CMOEA_AOP_LIRCMOP9_N100_FE100000_run5_seed230905.mat"
"s09_biscop_confirmation","CMOEA-AOP","LIRCMOP9","LIR-CMOP",100,100000,6,230906,100142,30.6324,0.2060248353165403,0.5075867869601902,1,"CMOEA_AOP_LIRCMOP9_N100_FE100000_run6_seed230906.mat"
"s09_biscop_confirmation","CMOEA-AOP","LIRCMOP9","LIR-CMOP",100,100000,7,230907,100054,37.5592,0.2266973625666775,0.4354249719422171,1,"CMOEA_AOP_LIRCMOP9_N100_FE100000_run7_seed230907.mat"
"s09_biscop_confirmation","CMOEA-AOP","LIRCMOP9","LIR-CMOP",100,100000,8,230908,100154,27.3918,0.02966303717692833,0.5503422447310338,1,"CMOEA_AOP_LIRCMOP9_N100_FE100000_run8_seed230908.mat"
"s09_biscop_confirmation","CMOEA-AOP","LIRCMOP9","LIR-CMOP",100,100000,9,230909,100170,36.1719,0.1910024663730743,0.4512613203122632,1,"CMOEA_AOP_LIRCMOP9_N100_FE100000_run9_seed230909.mat"
"s09_biscop_confirmation","Dual-Survival-Credit-AOP","CF10","CF",100,100000,10,280010,100000,60.0038,0.387504789468386,0.1185279705848324,1,"Dual_Survival_Credit_AOP_CF10_N100_FE100000_run10_seed280010.mat"
"s09_biscop_confirmation","Dual-Survival-Credit-AOP","CF10","CF",100,100000,1,280001,100000,36.8977,0.3197435998340807,0.2109368355917352,1,"Dual_Survival_Credit_AOP_CF10_N100_FE100000_run1_seed280001.mat"
"s09_biscop_confirmation","Dual-Survival-Credit-AOP","CF10","CF",100,100000,2,280002,100000,60.4837,0.3330694919816345,0.1909724606909256,1,"Dual_Survival_Credit_AOP_CF10_N100_FE100000_run2_seed280002.mat"
"s09_biscop_confirmation","Dual-Survival-Credit-AOP","CF10","CF",100,100000,3,280003,100000,34.9593,0.3815363853068833,0.1715906301873213,1,"Dual_Survival_Credit_AOP_CF10_N100_FE100000_run3_seed280003.mat"
"s09_biscop_confirmation","Dual-Survival-Credit-AOP","CF10","CF",100,100000,4,280004,100000,39.2038,0.3507317121932159,0.1561138252340638,1,"Dual_Survival_Credit_AOP_CF10_N100_FE100000_run4_seed280004.mat"
"s09_biscop_confirmation","Dual-Survival-Credit-AOP","CF10","CF",100,100000,5,280005,100000,58.0981,0.3199616953739364,0.2071810647955518,1,"Dual_Survival_Credit_AOP_CF10_N100_FE100000_run5_seed280005.mat"
"s09_biscop_confirmation","Dual-Survival-Credit-AOP","CF10","CF",100,100000,6,280006,100000,33.7991,0.3320660480665175,0.2059951972444874,1,"Dual_Survival_Credit_AOP_CF10_N100_FE100000_run6_seed280006.mat"
"s09_biscop_confirmation","Dual-Survival-Credit-AOP","CF10","CF",100,100000,7,280007,100000,17.8628,0.2190470644301401,0.292777818116638,1,"Dual_Survival_Credit_AOP_CF10_N100_FE100000_run7_seed280007.mat"
"s09_biscop_confirmation","Dual-Survival-Credit-AOP","CF10","CF",100,100000,8,280008,100000,56.3632,0.3994328708235136,0.1679881630247658,1,"Dual_Survival_Credit_AOP_CF10_N100_FE100000_run8_seed280008.mat"
"s09_biscop_confirmation","Dual-Survival-Credit-AOP","CF10","CF",100,100000,9,280009,100000,35.1883,0.4050059937051095,0.1315316449514799,1,"Dual_Survival_Credit_AOP_CF10_N100_FE100000_run9_seed280009.mat"
"s09_biscop_confirmation","Dual-Survival-Credit-AOP","CF1","CF",100,100000,10,279110,100000,24.8305,0.002653036814001153,0.5628871089618219,1,"Dual_Survival_Credit_AOP_CF1_N100_FE100000_run10_seed279110.mat"
"s09_biscop_confirmation","Dual-Survival-Credit-AOP","CF1","CF",100,100000,1,279101,100000,15.4855,0.002356203108172094,0.5632339986226075,1,"Dual_Survival_Credit_AOP_CF1_N100_FE100000_run1_seed279101.mat"
"s09_biscop_confirmation","Dual-Survival-Credit-AOP","CF1","CF",100,100000,2,279102,100000,28.9212,0.001932078477381697,0.5637665918811788,1,"Dual_Survival_Credit_AOP_CF1_N100_FE100000_run2_seed279102.mat"
"s09_biscop_confirmation","Dual-Survival-Credit-AOP","CF1","CF",100,100000,3,279103,100000,14.182,0.002273750620676576,0.5633334717914662,1,"Dual_Survival_Credit_AOP_CF1_N100_FE100000_run3_seed279103.mat"
"s09_biscop_confirmation","Dual-Survival-Credit-AOP","CF1","CF",100,100000,4,279104,100000,31.4461,0.002986913157348732,0.5624727484371449,1,"Dual_Survival_Credit_AOP_CF1_N100_FE100000_run4_seed279104.mat"
"s09_biscop_confirmation","Dual-Survival-Credit-AOP","CF1","CF",100,100000,5,279105,100000,26.4021,0.003045258187505696,0.562415342566063,1,"Dual_Survival_Credit_AOP_CF1_N100_FE100000_run5_seed279105.mat"
"s09_biscop_confirmation","Dual-Survival-Credit-AOP","CF1","CF",100,100000,6,279106,100000,14.0235,0.002316993269535305,0.5632791078665621,1,"Dual_Survival_Credit_AOP_CF1_N100_FE100000_run6_seed279106.mat"
"s09_biscop_confirmation","Dual-Survival-Credit-AOP","CF1","CF",100,100000,7,279107,100000,15.1887,0.002080720218311031,0.5635647712343808,1,"Dual_Survival_Credit_AOP_CF1_N100_FE100000_run7_seed279107.mat"
"s09_biscop_confirmation","Dual-Survival-Credit-AOP","CF1","CF",100,100000,8,279108,100000,33.4904,0.002475667476325311,0.5630887461561854,1,"Dual_Survival_Credit_AOP_CF1_N100_FE100000_run8_seed279108.mat"
"s09_biscop_confirmation","Dual-Survival-Credit-AOP","CF1","CF",100,100000,9,279109,100000,15.3897,0.00199848040263063,0.563662755860005,1,"Dual_Survival_Credit_AOP_CF1_N100_FE100000_run9_seed279109.mat"
"s09_biscop_confirmation","Dual-Survival-Credit-AOP","CF2","CF",100,100000,10,279210,100000,32.3753,0.007920123077119597,0.6728379566640227,1,"Dual_Survival_Credit_AOP_CF2_N100_FE100000_run10_seed279210.mat"
"s09_biscop_confirmation","Dual-Survival-Credit-AOP","CF2","CF",100,100000,1,279201,100000,26.0522,0.00565156587642645,0.6739018339067248,1,"Dual_Survival_Credit_AOP_CF2_N100_FE100000_run1_seed279201.mat"
"s09_biscop_confirmation","Dual-Survival-Credit-AOP","CF2","CF",100,100000,2,279202,100000,14.6705,0.005411218162324542,0.6742610978734453,1,"Dual_Survival_Credit_AOP_CF2_N100_FE100000_run2_seed279202.mat"
"s09_biscop_confirmation","Dual-Survival-Credit-AOP","CF2","CF",100,100000,3,279203,100000,14.2376,0.01070258690148762,0.669186168703278,1,"Dual_Survival_Credit_AOP_CF2_N100_FE100000_run3_seed279203.mat"
"s09_biscop_confirmation","Dual-Survival-Credit-AOP","CF2","CF",100,100000,4,279204,100000,26.0363,0.01932649725494051,0.6643364215507417,1,"Dual_Survival_Credit_AOP_CF2_N100_FE100000_run4_seed279204.mat"
"s09_biscop_confirmation","Dual-Survival-Credit-AOP","CF2","CF",100,100000,5,279205,100000,14.19,0.006532962040719384,0.6688927305369667,1,"Dual_Survival_Credit_AOP_CF2_N100_FE100000_run5_seed279205.mat"
"s09_biscop_confirmation","Dual-Survival-Credit-AOP","CF2","CF",100,100000,6,279206,100000,25.9087,0.007617531401369239,0.6730803470065696,1,"Dual_Survival_Credit_AOP_CF2_N100_FE100000_run6_seed279206.mat"
"s09_biscop_confirmation","Dual-Survival-Credit-AOP","CF2","CF",100,100000,7,279207,100000,25.2857,0.00715108469667043,0.6706606759960825,1,"Dual_Survival_Credit_AOP_CF2_N100_FE100000_run7_seed279207.mat"
"s09_biscop_confirmation","Dual-Survival-Credit-AOP","CF2","CF",100,100000,8,279208,100000,14.5057,0.006025455413863459,0.6724158739975328,1,"Dual_Survival_Credit_AOP_CF2_N100_FE100000_run8_seed279208.mat"
"s09_biscop_confirmation","Dual-Survival-Credit-AOP","CF2","CF",100,100000,9,279209,100000,14.2243,0.01273805875716843,0.6692846632903153,1,"Dual_Survival_Credit_AOP_CF2_N100_FE100000_run9_seed279209.mat"
"s09_biscop_confirmation","Dual-Survival-Credit-AOP","CF3","CF",100,100000,10,279310,100000,9.6375,0.2376786989676983,0.2220999601494241,1,"Dual_Survival_Credit_AOP_CF3_N100_FE100000_run10_seed279310.mat"
"s09_biscop_confirmation","Dual-Survival-Credit-AOP","CF3","CF",100,100000,1,279301,100000,13.3481,0.1067450544482069,0.2820441319494782,1,"Dual_Survival_Credit_AOP_CF3_N100_FE100000_run1_seed279301.mat"
"s09_biscop_confirmation","Dual-Survival-Credit-AOP","CF3","CF",100,100000,2,279302,100000,25.5937,0.09347693226070757,0.2830930079536134,1,"Dual_Survival_Credit_AOP_CF3_N100_FE100000_run2_seed279302.mat"
"s09_biscop_confirmation","Dual-Survival-Credit-AOP","CF3","CF",100,100000,3,279303,100000,26.9669,0.105014138576492,0.2828883551468481,1,"Dual_Survival_Credit_AOP_CF3_N100_FE100000_run3_seed279303.mat"
"s09_biscop_confirmation","Dual-Survival-Credit-AOP","CF3","CF",100,100000,4,279304,100000,14.0858,0.1123921282136095,0.3059691142474111,1,"Dual_Survival_Credit_AOP_CF3_N100_FE100000_run4_seed279304.mat"
"s09_biscop_confirmation","Dual-Survival-Credit-AOP","CF3","CF",100,100000,5,279305,100000,10.9931,0.1253280544317764,0.2688966952623307,1,"Dual_Survival_Credit_AOP_CF3_N100_FE100000_run5_seed279305.mat"
"s09_biscop_confirmation","Dual-Survival-Credit-AOP","CF3","CF",100,100000,6,279306,100000,25.0527,0.1008102334013492,0.3056826960839985,1,"Dual_Survival_Credit_AOP_CF3_N100_FE100000_run6_seed279306.mat"
"s09_biscop_confirmation","Dual-Survival-Credit-AOP","CF3","CF",100,100000,7,279307,100000,12.9718,0.112894970316796,0.304743583775261,1,"Dual_Survival_Credit_AOP_CF3_N100_FE100000_run7_seed279307.mat"
"s09_biscop_confirmation","Dual-Survival-Credit-AOP","CF3","CF",100,100000,8,279308,100000,19.0159,0.2087717813279773,0.2257477846057536,1,"Dual_Survival_Credit_AOP_CF3_N100_FE100000_run8_seed279308.mat"
"s09_biscop_confirmation","Dual-Survival-Credit-AOP","CF3","CF",100,100000,9,279309,100000,19.6091,0.07965797662627749,0.3135925185455557,1,"Dual_Survival_Credit_AOP_CF3_N100_FE100000_run9_seed279309.mat"
"s09_biscop_confirmation","Dual-Survival-Credit-AOP","CF4","CF",100,100000,10,279410,100000,20.0862,0.05702643272780761,0.4581778734237195,1,"Dual_Survival_Credit_AOP_CF4_N100_FE100000_run10_seed279410.mat"
"s09_biscop_confirmation","Dual-Survival-Credit-AOP","CF4","CF",100,100000,1,279401,100000,12.0427,0.04811996177061324,0.4728296080210592,1,"Dual_Survival_Credit_AOP_CF4_N100_FE100000_run1_seed279401.mat"
"s09_biscop_confirmation","Dual-Survival-Credit-AOP","CF4","CF",100,100000,2,279402,100000,28.7774,0.04845634679466045,0.4716881568159362,1,"Dual_Survival_Credit_AOP_CF4_N100_FE100000_run2_seed279402.mat"
"s09_biscop_confirmation","Dual-Survival-Credit-AOP","CF4","CF",100,100000,3,279403,100000,9.9016,0.05600028769619057,0.4688143772869973,1,"Dual_Survival_Credit_AOP_CF4_N100_FE100000_run3_seed279403.mat"
"s09_biscop_confirmation","Dual-Survival-Credit-AOP","CF4","CF",100,100000,4,279404,100000,20.716,0.06008875948871507,0.458296786857269,1,"Dual_Survival_Credit_AOP_CF4_N100_FE100000_run4_seed279404.mat"
"s09_biscop_confirmation","Dual-Survival-Credit-AOP","CF4","CF",100,100000,5,279405,100000,20.358,0.05592256124093275,0.4599720372989137,1,"Dual_Survival_Credit_AOP_CF4_N100_FE100000_run5_seed279405.mat"
"s09_biscop_confirmation","Dual-Survival-Credit-AOP","CF4","CF",100,100000,6,279406,100000,11.284,0.05841471568816569,0.4578098254242529,1,"Dual_Survival_Credit_AOP_CF4_N100_FE100000_run6_seed279406.mat"
"s09_biscop_confirmation","Dual-Survival-Credit-AOP","CF4","CF",100,100000,7,279407,100000,11.8322,0.02339253325693139,0.5084847241584006,1,"Dual_Survival_Credit_AOP_CF4_N100_FE100000_run7_seed279407.mat"
"s09_biscop_confirmation","Dual-Survival-Credit-AOP","CF4","CF",100,100000,8,279408,100000,19.7775,0.04113427071141584,0.4849584343411575,1,"Dual_Survival_Credit_AOP_CF4_N100_FE100000_run8_seed279408.mat"
"s09_biscop_confirmation","Dual-Survival-Credit-AOP","CF4","CF",100,100000,9,279409,100000,11.2905,0.04991235980323782,0.4730921209317241,1,"Dual_Survival_Credit_AOP_CF4_N100_FE100000_run9_seed279409.mat"
"s09_biscop_confirmation","Dual-Survival-Credit-AOP","CF5","CF",100,100000,10,279510,100000,28.0319,0.08187398329530488,0.4304649491564352,1,"Dual_Survival_Credit_AOP_CF5_N100_FE100000_run10_seed279510.mat"
"s09_biscop_confirmation","Dual-Survival-Credit-AOP","CF5","CF",100,100000,1,279501,100000,30.3763,0.2694159737100342,0.2845335128186509,1,"Dual_Survival_Credit_AOP_CF5_N100_FE100000_run1_seed279501.mat"
"s09_biscop_confirmation","Dual-Survival-Credit-AOP","CF5","CF",100,100000,2,279502,100000,16.5241,0.1263212118242479,0.3711923172908377,1,"Dual_Survival_Credit_AOP_CF5_N100_FE100000_run2_seed279502.mat"
"s09_biscop_confirmation","Dual-Survival-Credit-AOP","CF5","CF",100,100000,3,279503,100000,17.3374,0.2177268993520299,0.306995790640849,1,"Dual_Survival_Credit_AOP_CF5_N100_FE100000_run3_seed279503.mat"
"s09_biscop_confirmation","Dual-Survival-Credit-AOP","CF5","CF",100,100000,4,279504,100000,35.0237,0.4176396468623911,0.1567719752441153,1,"Dual_Survival_Credit_AOP_CF5_N100_FE100000_run4_seed279504.mat"
"s09_biscop_confirmation","Dual-Survival-Credit-AOP","CF5","CF",100,100000,5,279505,100000,17.0049,0.08680689015546403,0.4357622223129447,1,"Dual_Survival_Credit_AOP_CF5_N100_FE100000_run5_seed279505.mat"
"s09_biscop_confirmation","Dual-Survival-Credit-AOP","CF5","CF",100,100000,6,279506,100000,37.1188,0.09942177474642085,0.4008643442554526,1,"Dual_Survival_Credit_AOP_CF5_N100_FE100000_run6_seed279506.mat"
"s09_biscop_confirmation","Dual-Survival-Credit-AOP","CF5","CF",100,100000,7,279507,100000,33.3916,0.4078891932245308,0.1764375717600007,1,"Dual_Survival_Credit_AOP_CF5_N100_FE100000_run7_seed279507.mat"
"s09_biscop_confirmation","Dual-Survival-Credit-AOP","CF5","CF",100,100000,8,279508,100000,16.6852,0.0903744875229546,0.4383377300795173,1,"Dual_Survival_Credit_AOP_CF5_N100_FE100000_run8_seed279508.mat"
"s09_biscop_confirmation","Dual-Survival-Credit-AOP","CF5","CF",100,100000,9,279509,100000,18.0025,0.2664015741986638,0.3021006309306338,1,"Dual_Survival_Credit_AOP_CF5_N100_FE100000_run9_seed279509.mat"
"s09_biscop_confirmation","Dual-Survival-Credit-AOP","CF6","CF",100,100000,10,279610,100000,18.3987,0.0327608032793973,0.6745433935807235,1,"Dual_Survival_Credit_AOP_CF6_N100_FE100000_run10_seed279610.mat"
"s09_biscop_confirmation","Dual-Survival-Credit-AOP","CF6","CF",100,100000,1,279601,100000,18.8723,0.02788530588182611,0.6742783084497039,1,"Dual_Survival_Credit_AOP_CF6_N100_FE100000_run1_seed279601.mat"
"s09_biscop_confirmation","Dual-Survival-Credit-AOP","CF6","CF",100,100000,2,279602,100000,31.1814,0.02032544194784904,0.6797608287666305,1,"Dual_Survival_Credit_AOP_CF6_N100_FE100000_run2_seed279602.mat"
"s09_biscop_confirmation","Dual-Survival-Credit-AOP","CF6","CF",100,100000,3,279603,100000,32.7771,0.03918180993728976,0.6614951509653498,1,"Dual_Survival_Credit_AOP_CF6_N100_FE100000_run3_seed279603.mat"
"s09_biscop_confirmation","Dual-Survival-Credit-AOP","CF6","CF",100,100000,4,279604,100000,18.0672,0.04428264640753733,0.660632764907445,1,"Dual_Survival_Credit_AOP_CF6_N100_FE100000_run4_seed279604.mat"
"s09_biscop_confirmation","Dual-Survival-Credit-AOP","CF6","CF",100,100000,5,279605,100000,18.2289,0.03166087240366742,0.6726947938496606,1,"Dual_Survival_Credit_AOP_CF6_N100_FE100000_run5_seed279605.mat"
"s09_biscop_confirmation","Dual-Survival-Credit-AOP","CF6","CF",100,100000,6,279606,100000,39.8407,0.03352190396537019,0.6665840565902871,1,"Dual_Survival_Credit_AOP_CF6_N100_FE100000_run6_seed279606.mat"
"s09_biscop_confirmation","Dual-Survival-Credit-AOP","CF6","CF",100,100000,7,279607,100000,17.2108,0.02629389869133551,0.6687477572400318,1,"Dual_Survival_Credit_AOP_CF6_N100_FE100000_run7_seed279607.mat"
"s09_biscop_confirmation","Dual-Survival-Credit-AOP","CF6","CF",100,100000,8,279608,100000,38.3636,0.03192444789246399,0.6769351504835148,1,"Dual_Survival_Credit_AOP_CF6_N100_FE100000_run8_seed279608.mat"
"s09_biscop_confirmation","Dual-Survival-Credit-AOP","CF6","CF",100,100000,9,279609,100000,31.6214,0.02930204040336838,0.6720174736461236,1,"Dual_Survival_Credit_AOP_CF6_N100_FE100000_run9_seed279609.mat"
"s09_biscop_confirmation","Dual-Survival-Credit-AOP","CF7","CF",100,100000,10,279710,100000,30.3821,0.2304537484789726,0.4832955345531159,1,"Dual_Survival_Credit_AOP_CF7_N100_FE100000_run10_seed279710.mat"
"s09_biscop_confirmation","Dual-Survival-Credit-AOP","CF7","CF",100,100000,1,279701,100000,18.8436,0.304354686286325,0.4459636123229449,1,"Dual_Survival_Credit_AOP_CF7_N100_FE100000_run1_seed279701.mat"
"s09_biscop_confirmation","Dual-Survival-Credit-AOP","CF7","CF",100,100000,2,279702,100000,16.7258,0.2610868141590004,0.4085768054217446,1,"Dual_Survival_Credit_AOP_CF7_N100_FE100000_run2_seed279702.mat"
"s09_biscop_confirmation","Dual-Survival-Credit-AOP","CF7","CF",100,100000,3,279703,100000,12.1116,0.09932348561840089,0.5707144382149049,1,"Dual_Survival_Credit_AOP_CF7_N100_FE100000_run3_seed279703.mat"
"s09_biscop_confirmation","Dual-Survival-Credit-AOP","CF7","CF",100,100000,4,279704,100000,25.5962,0.100001060257671,0.5669572969984307,1,"Dual_Survival_Credit_AOP_CF7_N100_FE100000_run4_seed279704.mat"
"s09_biscop_confirmation","Dual-Survival-Credit-AOP","CF7","CF",100,100000,5,279705,100000,26.4499,0.09287658548597355,0.5746394625117797,1,"Dual_Survival_Credit_AOP_CF7_N100_FE100000_run5_seed279705.mat"
"s09_biscop_confirmation","Dual-Survival-Credit-AOP","CF7","CF",100,100000,6,279706,100000,14.2978,0.1678190496213659,0.5586936850778113,1,"Dual_Survival_Credit_AOP_CF7_N100_FE100000_run6_seed279706.mat"
"s09_biscop_confirmation","Dual-Survival-Credit-AOP","CF7","CF",100,100000,7,279707,100000,10.7344,0.1105593972692412,0.5595760393667486,1,"Dual_Survival_Credit_AOP_CF7_N100_FE100000_run7_seed279707.mat"
"s09_biscop_confirmation","Dual-Survival-Credit-AOP","CF7","CF",100,100000,8,279708,100000,21.1667,0.103072645023732,0.5611467702391757,1,"Dual_Survival_Credit_AOP_CF7_N100_FE100000_run8_seed279708.mat"
"s09_biscop_confirmation","Dual-Survival-Credit-AOP","CF7","CF",100,100000,9,279709,100000,15.0411,0.09986715525913567,0.582813625590074,1,"Dual_Survival_Credit_AOP_CF7_N100_FE100000_run9_seed279709.mat"
"s09_biscop_confirmation","Dual-Survival-Credit-AOP","CF8","CF",100,100000,10,279810,100000,22.9136,0.1520138123601416,0.3608759720905234,1,"Dual_Survival_Credit_AOP_CF8_N100_FE100000_run10_seed279810.mat"
"s09_biscop_confirmation","Dual-Survival-Credit-AOP","CF8","CF",100,100000,1,279801,100000,23.3214,0.1510789469954187,0.3766259569905573,1,"Dual_Survival_Credit_AOP_CF8_N100_FE100000_run1_seed279801.mat"
"s09_biscop_confirmation","Dual-Survival-Credit-AOP","CF8","CF",100,100000,2,279802,100000,13.4045,0.151560260982941,0.3693621717145819,1,"Dual_Survival_Credit_AOP_CF8_N100_FE100000_run2_seed279802.mat"
"s09_biscop_confirmation","Dual-Survival-Credit-AOP","CF8","CF",100,100000,3,279803,100000,13.2802,0.1480924500069987,0.3826925440714581,1,"Dual_Survival_Credit_AOP_CF8_N100_FE100000_run3_seed279803.mat"
"s09_biscop_confirmation","Dual-Survival-Credit-AOP","CF8","CF",100,100000,4,279804,100000,22.9301,0.142671366986699,0.3776553746173071,1,"Dual_Survival_Credit_AOP_CF8_N100_FE100000_run4_seed279804.mat"
"s09_biscop_confirmation","Dual-Survival-Credit-AOP","CF8","CF",100,100000,5,279805,100000,14.3937,0.1505399874961937,0.3758092881377688,1,"Dual_Survival_Credit_AOP_CF8_N100_FE100000_run5_seed279805.mat"
"s09_biscop_confirmation","Dual-Survival-Credit-AOP","CF8","CF",100,100000,6,279806,100000,23.9727,0.1426837458450796,0.3917583434603225,1,"Dual_Survival_Credit_AOP_CF8_N100_FE100000_run6_seed279806.mat"
"s09_biscop_confirmation","Dual-Survival-Credit-AOP","CF8","CF",100,100000,7,279807,100000,23.3415,0.1338589764704388,0.3917082343284415,1,"Dual_Survival_Credit_AOP_CF8_N100_FE100000_run7_seed279807.mat"
"s09_biscop_confirmation","Dual-Survival-Credit-AOP","CF8","CF",100,100000,8,279808,100000,13.8268,0.1398586577915531,0.3649204093744173,1,"Dual_Survival_Credit_AOP_CF8_N100_FE100000_run8_seed279808.mat"
"s09_biscop_confirmation","Dual-Survival-Credit-AOP","CF8","CF",100,100000,9,279809,100000,13.1737,0.1598493226267568,0.3824194975543949,1,"Dual_Survival_Credit_AOP_CF8_N100_FE100000_run9_seed279809.mat"
"s09_biscop_confirmation","Dual-Survival-Credit-AOP","CF9","CF",100,100000,10,279910,100000,20.1432,0.09275014148749847,0.4285669705198157,1,"Dual_Survival_Credit_AOP_CF9_N100_FE100000_run10_seed279910.mat"
"s09_biscop_confirmation","Dual-Survival-Credit-AOP","CF9","CF",100,100000,1,279901,100000,21.0061,0.08389158720992539,0.4390576144591444,1,"Dual_Survival_Credit_AOP_CF9_N100_FE100000_run1_seed279901.mat"
"s09_biscop_confirmation","Dual-Survival-Credit-AOP","CF9","CF",100,100000,2,279902,100000,36.4729,0.08967440862556289,0.4291464092924832,1,"Dual_Survival_Credit_AOP_CF9_N100_FE100000_run2_seed279902.mat"
"s09_biscop_confirmation","Dual-Survival-Credit-AOP","CF9","CF",100,100000,3,279903,100000,32.6026,0.08719819247622458,0.4283579897985818,1,"Dual_Survival_Credit_AOP_CF9_N100_FE100000_run3_seed279903.mat"
"s09_biscop_confirmation","Dual-Survival-Credit-AOP","CF9","CF",100,100000,4,279904,100000,20.0987,0.09022163939371831,0.4359986236615441,1,"Dual_Survival_Credit_AOP_CF9_N100_FE100000_run4_seed279904.mat"
"s09_biscop_confirmation","Dual-Survival-Credit-AOP","CF9","CF",100,100000,5,279905,100000,19.3461,0.09775789889190639,0.445712005216808,1,"Dual_Survival_Credit_AOP_CF9_N100_FE100000_run5_seed279905.mat"
"s09_biscop_confirmation","Dual-Survival-Credit-AOP","CF9","CF",100,100000,6,279906,100000,32.9087,0.09870644228376638,0.4170462200292924,1,"Dual_Survival_Credit_AOP_CF9_N100_FE100000_run6_seed279906.mat"
"s09_biscop_confirmation","Dual-Survival-Credit-AOP","CF9","CF",100,100000,7,279907,100000,19.8619,0.08746876233239761,0.4415786525034589,1,"Dual_Survival_Credit_AOP_CF9_N100_FE100000_run7_seed279907.mat"
"s09_biscop_confirmation","Dual-Survival-Credit-AOP","CF9","CF",100,100000,8,279908,100000,33.0124,0.09193520260834813,0.4295250540424799,1,"Dual_Survival_Credit_AOP_CF9_N100_FE100000_run8_seed279908.mat"
"s09_biscop_confirmation","Dual-Survival-Credit-AOP","CF9","CF",100,100000,9,279909,100000,34.1488,0.08572135997751273,0.4379479420359304,1,"Dual_Survival_Credit_AOP_CF9_N100_FE100000_run9_seed279909.mat"
"s09_biscop_confirmation","Dual-Survival-Credit-AOP","DASCMOP1","DAS-CMOP",100,100000,10,281510,100000,18.2673,0.006143507489208954,0.2108960429832376,1,"Dual_Survival_Credit_AOP_DASCMOP1_N100_FE100000_run10_seed281510.mat"
"s09_biscop_confirmation","Dual-Survival-Credit-AOP","DASCMOP1","DAS-CMOP",100,100000,1,281501,100000,9.3774,0.006329050352126073,0.2091063586495406,1,"Dual_Survival_Credit_AOP_DASCMOP1_N100_FE100000_run1_seed281501.mat"
"s09_biscop_confirmation","Dual-Survival-Credit-AOP","DASCMOP1","DAS-CMOP",100,100000,2,281502,100000,18.5046,0.006666626582922348,0.2105212585345003,1,"Dual_Survival_Credit_AOP_DASCMOP1_N100_FE100000_run2_seed281502.mat"
"s09_biscop_confirmation","Dual-Survival-Credit-AOP","DASCMOP1","DAS-CMOP",100,100000,3,281503,100000,9.2041,0.006578053665395983,0.2108708035261879,1,"Dual_Survival_Credit_AOP_DASCMOP1_N100_FE100000_run3_seed281503.mat"
"s09_biscop_confirmation","Dual-Survival-Credit-AOP","DASCMOP1","DAS-CMOP",100,100000,4,281504,100000,17.5699,0.004024975222196239,0.2117715426090546,1,"Dual_Survival_Credit_AOP_DASCMOP1_N100_FE100000_run4_seed281504.mat"
"s09_biscop_confirmation","Dual-Survival-Credit-AOP","DASCMOP1","DAS-CMOP",100,100000,5,281505,100000,18.6524,0.005269460357986621,0.2115326419965283,1,"Dual_Survival_Credit_AOP_DASCMOP1_N100_FE100000_run5_seed281505.mat"
"s09_biscop_confirmation","Dual-Survival-Credit-AOP","DASCMOP1","DAS-CMOP",100,100000,6,281506,100000,9.341,0.005831951929632461,0.2114382160745473,1,"Dual_Survival_Credit_AOP_DASCMOP1_N100_FE100000_run6_seed281506.mat"
"s09_biscop_confirmation","Dual-Survival-Credit-AOP","DASCMOP1","DAS-CMOP",100,100000,7,281507,100000,9.3252,0.004315196703205575,0.2120300032050583,1,"Dual_Survival_Credit_AOP_DASCMOP1_N100_FE100000_run7_seed281507.mat"
"s09_biscop_confirmation","Dual-Survival-Credit-AOP","DASCMOP1","DAS-CMOP",100,100000,8,281508,100000,18.6281,0.004337155566505394,0.2114029229728289,1,"Dual_Survival_Credit_AOP_DASCMOP1_N100_FE100000_run8_seed281508.mat"
"s09_biscop_confirmation","Dual-Survival-Credit-AOP","DASCMOP1","DAS-CMOP",100,100000,9,281509,100000,9.3124,0.005761824783449158,0.2107559014676068,1,"Dual_Survival_Credit_AOP_DASCMOP1_N100_FE100000_run9_seed281509.mat"
"s09_biscop_confirmation","Dual-Survival-Credit-AOP","DASCMOP2","DAS-CMOP",100,100000,10,281610,100000,17.7234,0.005719529148616246,0.3541054726742946,1,"Dual_Survival_Credit_AOP_DASCMOP2_N100_FE100000_run10_seed281610.mat"
"s09_biscop_confirmation","Dual-Survival-Credit-AOP","DASCMOP2","DAS-CMOP",100,100000,1,281601,100000,17.548,0.005187734382965674,0.3544160806911838,1,"Dual_Survival_Credit_AOP_DASCMOP2_N100_FE100000_run1_seed281601.mat"
"s09_biscop_confirmation","Dual-Survival-Credit-AOP","DASCMOP2","DAS-CMOP",100,100000,2,281602,100000,8.8107,0.005752092831950675,0.354291057869132,1,"Dual_Survival_Credit_AOP_DASCMOP2_N100_FE100000_run2_seed281602.mat"
"s09_biscop_confirmation","Dual-Survival-Credit-AOP","DASCMOP2","DAS-CMOP",100,100000,3,281603,100000,9.049,0.005075415439160252,0.3544357647619009,1,"Dual_Survival_Credit_AOP_DASCMOP2_N100_FE100000_run3_seed281603.mat"
"s09_biscop_confirmation","Dual-Survival-Credit-AOP","DASCMOP2","DAS-CMOP",100,100000,4,281604,100000,17.1934,0.005315699725207929,0.3541933138837347,1,"Dual_Survival_Credit_AOP_DASCMOP2_N100_FE100000_run4_seed281604.mat"
"s09_biscop_confirmation","Dual-Survival-Credit-AOP","DASCMOP2","DAS-CMOP",100,100000,5,281605,100000,8.8069,0.00496934999301195,0.3544425942912555,1,"Dual_Survival_Credit_AOP_DASCMOP2_N100_FE100000_run5_seed281605.mat"
"s09_biscop_confirmation","Dual-Survival-Credit-AOP","DASCMOP2","DAS-CMOP",100,100000,6,281606,100000,16.9816,0.005862428860511236,0.3541696629769485,1,"Dual_Survival_Credit_AOP_DASCMOP2_N100_FE100000_run6_seed281606.mat"
"s09_biscop_confirmation","Dual-Survival-Credit-AOP","DASCMOP2","DAS-CMOP",100,100000,7,281607,100000,22.3761,0.005369866367313669,0.3542377751017262,1,"Dual_Survival_Credit_AOP_DASCMOP2_N100_FE100000_run7_seed281607.mat"
"s09_biscop_confirmation","Dual-Survival-Credit-AOP","DASCMOP2","DAS-CMOP",100,100000,8,281608,100000,8.8253,0.00525072508971982,0.3539953732509405,1,"Dual_Survival_Credit_AOP_DASCMOP2_N100_FE100000_run8_seed281608.mat"
"s09_biscop_confirmation","Dual-Survival-Credit-AOP","DASCMOP2","DAS-CMOP",100,100000,9,281609,100000,8.8566,0.005305818646742201,0.3543247305842384,1,"Dual_Survival_Credit_AOP_DASCMOP2_N100_FE100000_run9_seed281609.mat"
"s09_biscop_confirmation","Dual-Survival-Credit-AOP","DASCMOP3","DAS-CMOP",100,100000,10,281710,100000,8.1507,0.02143821341501567,0.3109396473478139,1,"Dual_Survival_Credit_AOP_DASCMOP3_N100_FE100000_run10_seed281710.mat"
"s09_biscop_confirmation","Dual-Survival-Credit-AOP","DASCMOP3","DAS-CMOP",100,100000,1,281701,100000,8.2567,0.02098415906843629,0.3107369240792528,1,"Dual_Survival_Credit_AOP_DASCMOP3_N100_FE100000_run1_seed281701.mat"
"s09_biscop_confirmation","Dual-Survival-Credit-AOP","DASCMOP3","DAS-CMOP",100,100000,2,281702,100000,16.5091,0.02116576290394979,0.3089971560887336,1,"Dual_Survival_Credit_AOP_DASCMOP3_N100_FE100000_run2_seed281702.mat"
"s09_biscop_confirmation","Dual-Survival-Credit-AOP","DASCMOP3","DAS-CMOP",100,100000,3,281703,100000,16.8416,0.01996951109869545,0.3103974873893956,1,"Dual_Survival_Credit_AOP_DASCMOP3_N100_FE100000_run3_seed281703.mat"
"s09_biscop_confirmation","Dual-Survival-Credit-AOP","DASCMOP3","DAS-CMOP",100,100000,4,281704,100000,8.3157,0.02029376301163598,0.310349257451929,1,"Dual_Survival_Credit_AOP_DASCMOP3_N100_FE100000_run4_seed281704.mat"
"s09_biscop_confirmation","Dual-Survival-Credit-AOP","DASCMOP3","DAS-CMOP",100,100000,5,281705,100000,8.2364,0.02289040514067308,0.3104443920141864,1,"Dual_Survival_Credit_AOP_DASCMOP3_N100_FE100000_run5_seed281705.mat"
"s09_biscop_confirmation","Dual-Survival-Credit-AOP","DASCMOP3","DAS-CMOP",100,100000,6,281706,100000,15.6739,0.01984492489619603,0.3111217535864992,1,"Dual_Survival_Credit_AOP_DASCMOP3_N100_FE100000_run6_seed281706.mat"
"s09_biscop_confirmation","Dual-Survival-Credit-AOP","DASCMOP3","DAS-CMOP",100,100000,7,281707,100000,7.9983,0.0211903192725354,0.3105211727829441,1,"Dual_Survival_Credit_AOP_DASCMOP3_N100_FE100000_run7_seed281707.mat"
"s09_biscop_confirmation","Dual-Survival-Credit-AOP","DASCMOP3","DAS-CMOP",100,100000,8,281708,100000,16.2117,0.02166353976125944,0.3102385968707726,1,"Dual_Survival_Credit_AOP_DASCMOP3_N100_FE100000_run8_seed281708.mat"
"s09_biscop_confirmation","Dual-Survival-Credit-AOP","DASCMOP3","DAS-CMOP",100,100000,9,281709,100000,20.2201,0.01997901802956161,0.3115026885454248,1,"Dual_Survival_Credit_AOP_DASCMOP3_N100_FE100000_run9_seed281709.mat"
"s09_biscop_confirmation","Dual-Survival-Credit-AOP","DASCMOP4","DAS-CMOP",100,100000,10,281810,100000,16.2834,0.001560750630937537,0.2038826993848225,1,"Dual_Survival_Credit_AOP_DASCMOP4_N100_FE100000_run10_seed281810.mat"
"s09_biscop_confirmation","Dual-Survival-Credit-AOP","DASCMOP4","DAS-CMOP",100,100000,1,281801,100000,7.9437,0.002491779800981056,0.2032017921768525,1,"Dual_Survival_Credit_AOP_DASCMOP4_N100_FE100000_run1_seed281801.mat"
"s09_biscop_confirmation","Dual-Survival-Credit-AOP","DASCMOP4","DAS-CMOP",100,100000,2,281802,100000,16.2884,0.0019268275733563,0.2031847286882714,1,"Dual_Survival_Credit_AOP_DASCMOP4_N100_FE100000_run2_seed281802.mat"
"s09_biscop_confirmation","Dual-Survival-Credit-AOP","DASCMOP4","DAS-CMOP",100,100000,3,281803,100000,8.052,0.001533055960182614,0.2037339942157251,1,"Dual_Survival_Credit_AOP_DASCMOP4_N100_FE100000_run3_seed281803.mat"
"s09_biscop_confirmation","Dual-Survival-Credit-AOP","DASCMOP4","DAS-CMOP",100,100000,4,281804,100000,15.9178,0.00888897628109581,0.194171428652052,1,"Dual_Survival_Credit_AOP_DASCMOP4_N100_FE100000_run4_seed281804.mat"
"s09_biscop_confirmation","Dual-Survival-Credit-AOP","DASCMOP4","DAS-CMOP",100,100000,5,281805,100000,16.3234,0.001582261341098879,0.2033655442225419,1,"Dual_Survival_Credit_AOP_DASCMOP4_N100_FE100000_run5_seed281805.mat"
"s09_biscop_confirmation","Dual-Survival-Credit-AOP","DASCMOP4","DAS-CMOP",100,100000,6,281806,100000,7.8329,0.001209624346508147,0.2038860263575484,1,"Dual_Survival_Credit_AOP_DASCMOP4_N100_FE100000_run6_seed281806.mat"
"s09_biscop_confirmation","Dual-Survival-Credit-AOP","DASCMOP4","DAS-CMOP",100,100000,7,281807,100000,8.1791,0.001539038985791494,0.2040745447221365,1,"Dual_Survival_Credit_AOP_DASCMOP4_N100_FE100000_run7_seed281807.mat"
"s09_biscop_confirmation","Dual-Survival-Credit-AOP","DASCMOP4","DAS-CMOP",100,100000,8,281808,100000,16.0693,0.001700981224739949,0.2039596326522413,1,"Dual_Survival_Credit_AOP_DASCMOP4_N100_FE100000_run8_seed281808.mat"
"s09_biscop_confirmation","Dual-Survival-Credit-AOP","DASCMOP4","DAS-CMOP",100,100000,9,281809,100000,7.9392,0.001677989157725604,0.2037418980226287,1,"Dual_Survival_Credit_AOP_DASCMOP4_N100_FE100000_run9_seed281809.mat"
"s09_biscop_confirmation","Dual-Survival-Credit-AOP","DASCMOP5","DAS-CMOP",100,100000,10,281910,100000,17.2596,0.003013916494309572,0.3505602975136538,1,"Dual_Survival_Credit_AOP_DASCMOP5_N100_FE100000_run10_seed281910.mat"
"s09_biscop_confirmation","Dual-Survival-Credit-AOP","DASCMOP5","DAS-CMOP",100,100000,1,281901,100000,23.3326,0.003455585688909146,0.3500798894123996,1,"Dual_Survival_Credit_AOP_DASCMOP5_N100_FE100000_run1_seed281901.mat"
"s09_biscop_confirmation","Dual-Survival-Credit-AOP","DASCMOP5","DAS-CMOP",100,100000,2,281902,100000,8.4222,0.003081443241652634,0.3510211179201587,1,"Dual_Survival_Credit_AOP_DASCMOP5_N100_FE100000_run2_seed281902.mat"
"s09_biscop_confirmation","Dual-Survival-Credit-AOP","DASCMOP5","DAS-CMOP",100,100000,3,281903,100000,8.182,0.003124773325200898,0.3508819321967735,1,"Dual_Survival_Credit_AOP_DASCMOP5_N100_FE100000_run3_seed281903.mat"
"s09_biscop_confirmation","Dual-Survival-Credit-AOP","DASCMOP5","DAS-CMOP",100,100000,4,281904,100000,16.2684,0.003124515723895682,0.3509410518184891,1,"Dual_Survival_Credit_AOP_DASCMOP5_N100_FE100000_run4_seed281904.mat"
"s09_biscop_confirmation","Dual-Survival-Credit-AOP","DASCMOP5","DAS-CMOP",100,100000,5,281905,100000,7.8703,0.003084598145609626,0.3512033891810762,1,"Dual_Survival_Credit_AOP_DASCMOP5_N100_FE100000_run5_seed281905.mat"
"s09_biscop_confirmation","Dual-Survival-Credit-AOP","DASCMOP5","DAS-CMOP",100,100000,6,281906,100000,15.834,0.003898755972749291,0.3505445130657875,1,"Dual_Survival_Credit_AOP_DASCMOP5_N100_FE100000_run6_seed281906.mat"
"s09_biscop_confirmation","Dual-Survival-Credit-AOP","DASCMOP5","DAS-CMOP",100,100000,7,281907,100000,16.5978,0.003257490761578594,0.3505687647991703,1,"Dual_Survival_Credit_AOP_DASCMOP5_N100_FE100000_run7_seed281907.mat"
"s09_biscop_confirmation","Dual-Survival-Credit-AOP","DASCMOP5","DAS-CMOP",100,100000,8,281908,100000,7.8561,0.002770488183881924,0.3512557538751251,1,"Dual_Survival_Credit_AOP_DASCMOP5_N100_FE100000_run8_seed281908.mat"
"s09_biscop_confirmation","Dual-Survival-Credit-AOP","DASCMOP5","DAS-CMOP",100,100000,9,281909,100000,7.9326,0.003095646893937745,0.3503362554207893,1,"Dual_Survival_Credit_AOP_DASCMOP5_N100_FE100000_run9_seed281909.mat"
"s09_biscop_confirmation","Dual-Survival-Credit-AOP","DASCMOP6","DAS-CMOP",100,100000,10,282010,100000,7.7878,0.01980258718579867,0.3114838303338427,1,"Dual_Survival_Credit_AOP_DASCMOP6_N100_FE100000_run10_seed282010.mat"
"s09_biscop_confirmation","Dual-Survival-Credit-AOP","DASCMOP6","DAS-CMOP",100,100000,1,282001,100000,7.9031,0.01950266271334215,0.3119544239557283,1,"Dual_Survival_Credit_AOP_DASCMOP6_N100_FE100000_run1_seed282001.mat"
"s09_biscop_confirmation","Dual-Survival-Credit-AOP","DASCMOP6","DAS-CMOP",100,100000,2,282002,100000,16.4707,0.01967432866025177,0.3122941803388314,1,"Dual_Survival_Credit_AOP_DASCMOP6_N100_FE100000_run2_seed282002.mat"
"s09_biscop_confirmation","Dual-Survival-Credit-AOP","DASCMOP6","DAS-CMOP",100,100000,3,282003,100000,16.3882,0.01958216017788416,0.3120776042380268,1,"Dual_Survival_Credit_AOP_DASCMOP6_N100_FE100000_run3_seed282003.mat"
"s09_biscop_confirmation","Dual-Survival-Credit-AOP","DASCMOP6","DAS-CMOP",100,100000,4,282004,100000,7.7363,0.01984574938453788,0.3119230231995424,1,"Dual_Survival_Credit_AOP_DASCMOP6_N100_FE100000_run4_seed282004.mat"
"s09_biscop_confirmation","Dual-Survival-Credit-AOP","DASCMOP6","DAS-CMOP",100,100000,5,282005,100000,7.8447,0.01948337649611962,0.312188549359381,1,"Dual_Survival_Credit_AOP_DASCMOP6_N100_FE100000_run5_seed282005.mat"
"s09_biscop_confirmation","Dual-Survival-Credit-AOP","DASCMOP6","DAS-CMOP",100,100000,6,282006,100000,16.8429,0.02013123859167922,0.310248000338023,1,"Dual_Survival_Credit_AOP_DASCMOP6_N100_FE100000_run6_seed282006.mat"
"s09_biscop_confirmation","Dual-Survival-Credit-AOP","DASCMOP6","DAS-CMOP",100,100000,7,282007,100000,7.7152,0.0198577737186337,0.3116457700129968,1,"Dual_Survival_Credit_AOP_DASCMOP6_N100_FE100000_run7_seed282007.mat"
"s09_biscop_confirmation","Dual-Survival-Credit-AOP","DASCMOP6","DAS-CMOP",100,100000,8,282008,100000,16.9318,0.01972862562194064,0.3117116344813154,1,"Dual_Survival_Credit_AOP_DASCMOP6_N100_FE100000_run8_seed282008.mat"
"s09_biscop_confirmation","Dual-Survival-Credit-AOP","DASCMOP6","DAS-CMOP",100,100000,9,282009,100000,17.1008,0.0195782582411193,0.3123172971206962,1,"Dual_Survival_Credit_AOP_DASCMOP6_N100_FE100000_run9_seed282009.mat"
"s09_biscop_confirmation","Dual-Survival-Credit-AOP","DASCMOP7","DAS-CMOP",100,100000,10,282110,100000,21.7006,0.02943630588906258,0.287968407520879,1,"Dual_Survival_Credit_AOP_DASCMOP7_N100_FE100000_run10_seed282110.mat"
"s09_biscop_confirmation","Dual-Survival-Credit-AOP","DASCMOP7","DAS-CMOP",100,100000,1,282101,100000,11.8545,0.03009539898978914,0.2885260063582639,1,"Dual_Survival_Credit_AOP_DASCMOP7_N100_FE100000_run1_seed282101.mat"
"s09_biscop_confirmation","Dual-Survival-Credit-AOP","DASCMOP7","DAS-CMOP",100,100000,2,282102,100000,27.1397,0.03002040954857762,0.287191230555371,1,"Dual_Survival_Credit_AOP_DASCMOP7_N100_FE100000_run2_seed282102.mat"
"s09_biscop_confirmation","Dual-Survival-Credit-AOP","DASCMOP7","DAS-CMOP",100,100000,3,282103,100000,10.8076,0.0310493355946666,0.2876040752940084,1,"Dual_Survival_Credit_AOP_DASCMOP7_N100_FE100000_run3_seed282103.mat"
"s09_biscop_confirmation","Dual-Survival-Credit-AOP","DASCMOP7","DAS-CMOP",100,100000,4,282104,100000,21.0478,0.03056382515593787,0.2879068404145792,1,"Dual_Survival_Credit_AOP_DASCMOP7_N100_FE100000_run4_seed282104.mat"
"s09_biscop_confirmation","Dual-Survival-Credit-AOP","DASCMOP7","DAS-CMOP",100,100000,5,282105,100000,23.6608,0.02987173369765522,0.287648775382866,1,"Dual_Survival_Credit_AOP_DASCMOP7_N100_FE100000_run5_seed282105.mat"
"s09_biscop_confirmation","Dual-Survival-Credit-AOP","DASCMOP7","DAS-CMOP",100,100000,6,282106,100000,13.806,0.02989174397948175,0.2869351057197106,1,"Dual_Survival_Credit_AOP_DASCMOP7_N100_FE100000_run6_seed282106.mat"
"s09_biscop_confirmation","Dual-Survival-Credit-AOP","DASCMOP7","DAS-CMOP",100,100000,7,282107,100000,10.7079,0.03097516556616501,0.2870415955752123,1,"Dual_Survival_Credit_AOP_DASCMOP7_N100_FE100000_run7_seed282107.mat"
"s09_biscop_confirmation","Dual-Survival-Credit-AOP","DASCMOP7","DAS-CMOP",100,100000,8,282108,100000,23.4189,0.03026528554183874,0.2881263327476628,1,"Dual_Survival_Credit_AOP_DASCMOP7_N100_FE100000_run8_seed282108.mat"
"s09_biscop_confirmation","Dual-Survival-Credit-AOP","DASCMOP7","DAS-CMOP",100,100000,9,282109,100000,12.145,0.02973736464178037,0.287874424699896,1,"Dual_Survival_Credit_AOP_DASCMOP7_N100_FE100000_run9_seed282109.mat"
"s09_biscop_confirmation","Dual-Survival-Credit-AOP","DASCMOP8","DAS-CMOP",100,100000,10,282210,100000,21.7178,0.04216507094673708,0.2056492535816372,1,"Dual_Survival_Credit_AOP_DASCMOP8_N100_FE100000_run10_seed282210.mat"
"s09_biscop_confirmation","Dual-Survival-Credit-AOP","DASCMOP8","DAS-CMOP",100,100000,1,282201,100000,20.8901,0.03917696295542177,0.2071000022250818,1,"Dual_Survival_Credit_AOP_DASCMOP8_N100_FE100000_run1_seed282201.mat"
"s09_biscop_confirmation","Dual-Survival-Credit-AOP","DASCMOP8","DAS-CMOP",100,100000,2,282202,100000,9.4201,0.03855895383133243,0.2069969019736076,1,"Dual_Survival_Credit_AOP_DASCMOP8_N100_FE100000_run2_seed282202.mat"
"s09_biscop_confirmation","Dual-Survival-Credit-AOP","DASCMOP8","DAS-CMOP",100,100000,3,282203,100000,10.1014,0.03895143227491883,0.2074118467144975,1,"Dual_Survival_Credit_AOP_DASCMOP8_N100_FE100000_run3_seed282203.mat"
"s09_biscop_confirmation","Dual-Survival-Credit-AOP","DASCMOP8","DAS-CMOP",100,100000,4,282204,100000,21.3237,0.03921920263184234,0.2074513926432966,1,"Dual_Survival_Credit_AOP_DASCMOP8_N100_FE100000_run4_seed282204.mat"
"s09_biscop_confirmation","Dual-Survival-Credit-AOP","DASCMOP8","DAS-CMOP",100,100000,5,282205,100000,10.4348,0.03812235629723195,0.2063869467500757,1,"Dual_Survival_Credit_AOP_DASCMOP8_N100_FE100000_run5_seed282205.mat"
"s09_biscop_confirmation","Dual-Survival-Credit-AOP","DASCMOP8","DAS-CMOP",100,100000,6,282206,100000,20.5377,0.0391195962950972,0.2073393113791049,1,"Dual_Survival_Credit_AOP_DASCMOP8_N100_FE100000_run6_seed282206.mat"
"s09_biscop_confirmation","Dual-Survival-Credit-AOP","DASCMOP8","DAS-CMOP",100,100000,7,282207,100000,20.3141,0.04108371305590684,0.2059867582945722,1,"Dual_Survival_Credit_AOP_DASCMOP8_N100_FE100000_run7_seed282207.mat"
"s09_biscop_confirmation","Dual-Survival-Credit-AOP","DASCMOP8","DAS-CMOP",100,100000,8,282208,100000,9.5966,0.0386382271108674,0.2068824719570449,1,"Dual_Survival_Credit_AOP_DASCMOP8_N100_FE100000_run8_seed282208.mat"
"s09_biscop_confirmation","Dual-Survival-Credit-AOP","DASCMOP8","DAS-CMOP",100,100000,9,282209,100000,11.3302,0.03835943734511409,0.2072866536178644,1,"Dual_Survival_Credit_AOP_DASCMOP8_N100_FE100000_run9_seed282209.mat"
"s09_biscop_confirmation","Dual-Survival-Credit-AOP","DASCMOP9","DAS-CMOP",100,100000,10,282310,100000,10.6254,0.04457817698152409,0.2057610768301661,1,"Dual_Survival_Credit_AOP_DASCMOP9_N100_FE100000_run10_seed282310.mat"
"s09_biscop_confirmation","Dual-Survival-Credit-AOP","DASCMOP9","DAS-CMOP",100,100000,1,282301,100000,10.833,0.04239705378793415,0.2058625483229934,1,"Dual_Survival_Credit_AOP_DASCMOP9_N100_FE100000_run1_seed282301.mat"
"s09_biscop_confirmation","Dual-Survival-Credit-AOP","DASCMOP9","DAS-CMOP",100,100000,2,282302,100000,19.7775,0.04208500130068491,0.2059421853820504,1,"Dual_Survival_Credit_AOP_DASCMOP9_N100_FE100000_run2_seed282302.mat"
"s09_biscop_confirmation","Dual-Survival-Credit-AOP","DASCMOP9","DAS-CMOP",100,100000,3,282303,100000,20.5342,0.04136600160188165,0.2061993087891956,1,"Dual_Survival_Credit_AOP_DASCMOP9_N100_FE100000_run3_seed282303.mat"
"s09_biscop_confirmation","Dual-Survival-Credit-AOP","DASCMOP9","DAS-CMOP",100,100000,4,282304,100000,10.9657,0.04100121522890258,0.2053910822020511,1,"Dual_Survival_Credit_AOP_DASCMOP9_N100_FE100000_run4_seed282304.mat"
"s09_biscop_confirmation","Dual-Survival-Credit-AOP","DASCMOP9","DAS-CMOP",100,100000,5,282305,100000,10.733,0.04419886758315621,0.2055187165732055,1,"Dual_Survival_Credit_AOP_DASCMOP9_N100_FE100000_run5_seed282305.mat"
"s09_biscop_confirmation","Dual-Survival-Credit-AOP","DASCMOP9","DAS-CMOP",100,100000,6,282306,100000,19.8327,0.04828003663558642,0.2057581430098612,1,"Dual_Survival_Credit_AOP_DASCMOP9_N100_FE100000_run6_seed282306.mat"
"s09_biscop_confirmation","Dual-Survival-Credit-AOP","DASCMOP9","DAS-CMOP",100,100000,7,282307,100000,10.6324,0.04160664081285852,0.2055660906868143,1,"Dual_Survival_Credit_AOP_DASCMOP9_N100_FE100000_run7_seed282307.mat"
"s09_biscop_confirmation","Dual-Survival-Credit-AOP","DASCMOP9","DAS-CMOP",100,100000,8,282308,100000,19.9583,0.041559363118508,0.2054190189829858,1,"Dual_Survival_Credit_AOP_DASCMOP9_N100_FE100000_run8_seed282308.mat"
"s09_biscop_confirmation","Dual-Survival-Credit-AOP","DASCMOP9","DAS-CMOP",100,100000,9,282309,100000,19.3083,0.04422016325134776,0.2054180698616004,1,"Dual_Survival_Credit_AOP_DASCMOP9_N100_FE100000_run9_seed282309.mat"
"s09_biscop_confirmation","Dual-Survival-Credit-AOP","LIRCMOP10","LIR-CMOP",100,100000,10,281010,100000,38.8396,0.1070339580052424,0.668570810990501,1,"Dual_Survival_Credit_AOP_LIRCMOP10_N100_FE100000_run10_seed281010.mat"
"s09_biscop_confirmation","Dual-Survival-Credit-AOP","LIRCMOP10","LIR-CMOP",100,100000,1,281001,100000,41.6614,0.014090058597455,0.700335703413932,1,"Dual_Survival_Credit_AOP_LIRCMOP10_N100_FE100000_run1_seed281001.mat"
"s09_biscop_confirmation","Dual-Survival-Credit-AOP","LIRCMOP10","LIR-CMOP",100,100000,2,281002,100000,19.8012,0.1028252547899053,0.6700051272497932,1,"Dual_Survival_Credit_AOP_LIRCMOP10_N100_FE100000_run2_seed281002.mat"
"s09_biscop_confirmation","Dual-Survival-Credit-AOP","LIRCMOP10","LIR-CMOP",100,100000,3,281003,100000,19.8479,0.03179844999642892,0.6887320271018607,1,"Dual_Survival_Credit_AOP_LIRCMOP10_N100_FE100000_run3_seed281003.mat"
"s09_biscop_confirmation","Dual-Survival-Credit-AOP","LIRCMOP10","LIR-CMOP",100,100000,4,281004,100000,31.8449,0.1053210372438932,0.6677479979047295,1,"Dual_Survival_Credit_AOP_LIRCMOP10_N100_FE100000_run4_seed281004.mat"
"s09_biscop_confirmation","Dual-Survival-Credit-AOP","LIRCMOP10","LIR-CMOP",100,100000,5,281005,100000,19.9198,0.1233557000747766,0.6563909404922691,1,"Dual_Survival_Credit_AOP_LIRCMOP10_N100_FE100000_run5_seed281005.mat"
"s09_biscop_confirmation","Dual-Survival-Credit-AOP","LIRCMOP10","LIR-CMOP",100,100000,6,281006,100000,34.7163,0.1333109445824498,0.6496101549679939,1,"Dual_Survival_Credit_AOP_LIRCMOP10_N100_FE100000_run6_seed281006.mat"
"s09_biscop_confirmation","Dual-Survival-Credit-AOP","LIRCMOP10","LIR-CMOP",100,100000,7,281007,100000,41.058,0.1068614749042713,0.6674502655296426,1,"Dual_Survival_Credit_AOP_LIRCMOP10_N100_FE100000_run7_seed281007.mat"
"s09_biscop_confirmation","Dual-Survival-Credit-AOP","LIRCMOP10","LIR-CMOP",100,100000,8,281008,100000,20.1582,0.1278185643185406,0.652804836704036,1,"Dual_Survival_Credit_AOP_LIRCMOP10_N100_FE100000_run8_seed281008.mat"
"s09_biscop_confirmation","Dual-Survival-Credit-AOP","LIRCMOP10","LIR-CMOP",100,100000,9,281009,100000,21.1025,0.04352037244624365,0.6851877101216222,1,"Dual_Survival_Credit_AOP_LIRCMOP10_N100_FE100000_run9_seed281009.mat"
"s09_biscop_confirmation","Dual-Survival-Credit-AOP","LIRCMOP11","LIR-CMOP",100,100000,10,281110,100000,17.5094,0.02979962661438376,0.6740116590999689,1,"Dual_Survival_Credit_AOP_LIRCMOP11_N100_FE100000_run10_seed281110.mat"
"s09_biscop_confirmation","Dual-Survival-Credit-AOP","LIRCMOP11","LIR-CMOP",100,100000,1,281101,100000,15.8211,0.07317363399496861,0.6598325796101,1,"Dual_Survival_Credit_AOP_LIRCMOP11_N100_FE100000_run1_seed281101.mat"
"s09_biscop_confirmation","Dual-Survival-Credit-AOP","LIRCMOP11","LIR-CMOP",100,100000,2,281102,100000,31.9532,0.0727649760948111,0.6599970903585844,1,"Dual_Survival_Credit_AOP_LIRCMOP11_N100_FE100000_run2_seed281102.mat"
"s09_biscop_confirmation","Dual-Survival-Credit-AOP","LIRCMOP11","LIR-CMOP",100,100000,3,281103,100000,32.1479,0.07305879833043362,0.6600460861338967,1,"Dual_Survival_Credit_AOP_LIRCMOP11_N100_FE100000_run3_seed281103.mat"
"s09_biscop_confirmation","Dual-Survival-Credit-AOP","LIRCMOP11","LIR-CMOP",100,100000,4,281104,100000,17.4705,0.07242618533034327,0.6591879761676084,1,"Dual_Survival_Credit_AOP_LIRCMOP11_N100_FE100000_run4_seed281104.mat"
"s09_biscop_confirmation","Dual-Survival-Credit-AOP","LIRCMOP11","LIR-CMOP",100,100000,5,281105,100000,18.5408,0.07388838697889473,0.659110525940008,1,"Dual_Survival_Credit_AOP_LIRCMOP11_N100_FE100000_run5_seed281105.mat"
"s09_biscop_confirmation","Dual-Survival-Credit-AOP","LIRCMOP11","LIR-CMOP",100,100000,6,281106,100000,27.3933,0.07244150430400688,0.6596760171000777,1,"Dual_Survival_Credit_AOP_LIRCMOP11_N100_FE100000_run6_seed281106.mat"
"s09_biscop_confirmation","Dual-Survival-Credit-AOP","LIRCMOP11","LIR-CMOP",100,100000,7,281107,100000,17.1416,0.01928254284261999,0.680756147893165,1,"Dual_Survival_Credit_AOP_LIRCMOP11_N100_FE100000_run7_seed281107.mat"
"s09_biscop_confirmation","Dual-Survival-Credit-AOP","LIRCMOP11","LIR-CMOP",100,100000,8,281108,100000,27.7278,0.007465599972715293,0.6905314201862025,1,"Dual_Survival_Credit_AOP_LIRCMOP11_N100_FE100000_run8_seed281108.mat"
"s09_biscop_confirmation","Dual-Survival-Credit-AOP","LIRCMOP11","LIR-CMOP",100,100000,9,281109,100000,31.8263,0.01011973823090316,0.6885671912485855,1,"Dual_Survival_Credit_AOP_LIRCMOP11_N100_FE100000_run9_seed281109.mat"
"s09_biscop_confirmation","Dual-Survival-Credit-AOP","LIRCMOP12","LIR-CMOP",100,100000,10,281210,100000,17.8725,0.1280638748535229,0.5628477235481333,1,"Dual_Survival_Credit_AOP_LIRCMOP12_N100_FE100000_run10_seed281210.mat"
"s09_biscop_confirmation","Dual-Survival-Credit-AOP","LIRCMOP12","LIR-CMOP",100,100000,1,281201,100000,9.5258,0.1143795235519058,0.5692252449267852,1,"Dual_Survival_Credit_AOP_LIRCMOP12_N100_FE100000_run1_seed281201.mat"
"s09_biscop_confirmation","Dual-Survival-Credit-AOP","LIRCMOP12","LIR-CMOP",100,100000,2,281202,100000,17.8431,0.03898878970431161,0.6048668317724668,1,"Dual_Survival_Credit_AOP_LIRCMOP12_N100_FE100000_run2_seed281202.mat"
"s09_biscop_confirmation","Dual-Survival-Credit-AOP","LIRCMOP12","LIR-CMOP",100,100000,3,281203,100000,9.4157,0.06817749990167117,0.5858629524133301,1,"Dual_Survival_Credit_AOP_LIRCMOP12_N100_FE100000_run3_seed281203.mat"
"s09_biscop_confirmation","Dual-Survival-Credit-AOP","LIRCMOP12","LIR-CMOP",100,100000,4,281204,100000,17.9337,0.09202105387788813,0.5806535848240975,1,"Dual_Survival_Credit_AOP_LIRCMOP12_N100_FE100000_run4_seed281204.mat"
"s09_biscop_confirmation","Dual-Survival-Credit-AOP","LIRCMOP12","LIR-CMOP",100,100000,5,281205,100000,19.2256,0.05196593314250942,0.5985918226417174,1,"Dual_Survival_Credit_AOP_LIRCMOP12_N100_FE100000_run5_seed281205.mat"
"s09_biscop_confirmation","Dual-Survival-Credit-AOP","LIRCMOP12","LIR-CMOP",100,100000,6,281206,100000,9.3017,0.05701104966795856,0.5928366314606193,1,"Dual_Survival_Credit_AOP_LIRCMOP12_N100_FE100000_run6_seed281206.mat"
"s09_biscop_confirmation","Dual-Survival-Credit-AOP","LIRCMOP12","LIR-CMOP",100,100000,7,281207,100000,11.7988,0.1369744636586939,0.5531571242120881,1,"Dual_Survival_Credit_AOP_LIRCMOP12_N100_FE100000_run7_seed281207.mat"
"s09_biscop_confirmation","Dual-Survival-Credit-AOP","LIRCMOP12","LIR-CMOP",100,100000,8,281208,100000,17.1295,0.009825452055644997,0.6174609887300787,1,"Dual_Survival_Credit_AOP_LIRCMOP12_N100_FE100000_run8_seed281208.mat"
"s09_biscop_confirmation","Dual-Survival-Credit-AOP","LIRCMOP12","LIR-CMOP",100,100000,9,281209,100000,9.3062,0.07343805815162971,0.5786222614168572,1,"Dual_Survival_Credit_AOP_LIRCMOP12_N100_FE100000_run9_seed281209.mat"
"s09_biscop_confirmation","Dual-Survival-Credit-AOP","LIRCMOP13","LIR-CMOP",100,100000,10,281310,100000,69.6452,0.09695345347343914,0.5447556854751368,1,"Dual_Survival_Credit_AOP_LIRCMOP13_N100_FE100000_run10_seed281310.mat"
"s09_biscop_confirmation","Dual-Survival-Credit-AOP","LIRCMOP13","LIR-CMOP",100,100000,1,281301,100000,85.7125,0.09618808685560817,0.5478180558795385,1,"Dual_Survival_Credit_AOP_LIRCMOP13_N100_FE100000_run1_seed281301.mat"
"s09_biscop_confirmation","Dual-Survival-Credit-AOP","LIRCMOP13","LIR-CMOP",100,100000,2,281302,100000,46.9313,0.09544759551311835,0.5446200748019491,1,"Dual_Survival_Credit_AOP_LIRCMOP13_N100_FE100000_run2_seed281302.mat"
"s09_biscop_confirmation","Dual-Survival-Credit-AOP","LIRCMOP13","LIR-CMOP",100,100000,3,281303,100000,46.9477,0.09925198686866675,0.5423708013313109,1,"Dual_Survival_Credit_AOP_LIRCMOP13_N100_FE100000_run3_seed281303.mat"
"s09_biscop_confirmation","Dual-Survival-Credit-AOP","LIRCMOP13","LIR-CMOP",100,100000,4,281304,100000,70.7488,0.09916493799714021,0.5391169811065981,1,"Dual_Survival_Credit_AOP_LIRCMOP13_N100_FE100000_run4_seed281304.mat"
"s09_biscop_confirmation","Dual-Survival-Credit-AOP","LIRCMOP13","LIR-CMOP",100,100000,5,281305,100000,46.5109,0.09500958528450267,0.5472432157724567,1,"Dual_Survival_Credit_AOP_LIRCMOP13_N100_FE100000_run5_seed281305.mat"
"s09_biscop_confirmation","Dual-Survival-Credit-AOP","LIRCMOP13","LIR-CMOP",100,100000,6,281306,100000,71.7296,0.09739362355689248,0.5441680871261124,1,"Dual_Survival_Credit_AOP_LIRCMOP13_N100_FE100000_run6_seed281306.mat"
"s09_biscop_confirmation","Dual-Survival-Credit-AOP","LIRCMOP13","LIR-CMOP",100,100000,7,281307,100000,71.3369,0.09611234577385472,0.5447656534603025,1,"Dual_Survival_Credit_AOP_LIRCMOP13_N100_FE100000_run7_seed281307.mat"
"s09_biscop_confirmation","Dual-Survival-Credit-AOP","LIRCMOP13","LIR-CMOP",100,100000,8,281308,100000,47.3054,0.09915290560096734,0.542878437175818,1,"Dual_Survival_Credit_AOP_LIRCMOP13_N100_FE100000_run8_seed281308.mat"
"s09_biscop_confirmation","Dual-Survival-Credit-AOP","LIRCMOP13","LIR-CMOP",100,100000,9,281309,100000,46.8522,0.0972707280047258,0.5431821491900903,1,"Dual_Survival_Credit_AOP_LIRCMOP13_N100_FE100000_run9_seed281309.mat"
"s09_biscop_confirmation","Dual-Survival-Credit-AOP","LIRCMOP14","LIR-CMOP",100,100000,10,281410,100000,33.3781,0.09779862602884579,0.5515187388744671,1,"Dual_Survival_Credit_AOP_LIRCMOP14_N100_FE100000_run10_seed281410.mat"
"s09_biscop_confirmation","Dual-Survival-Credit-AOP","LIRCMOP14","LIR-CMOP",100,100000,1,281401,100000,33.7538,0.09800588007522451,0.5491801455294107,1,"Dual_Survival_Credit_AOP_LIRCMOP14_N100_FE100000_run1_seed281401.mat"
"s09_biscop_confirmation","Dual-Survival-Credit-AOP","LIRCMOP14","LIR-CMOP",100,100000,2,281402,100000,51.5201,0.09733430330496869,0.5497717692844664,1,"Dual_Survival_Credit_AOP_LIRCMOP14_N100_FE100000_run2_seed281402.mat"
"s09_biscop_confirmation","Dual-Survival-Credit-AOP","LIRCMOP14","LIR-CMOP",100,100000,3,281403,100000,53.6651,0.09672288477734929,0.5523130547668498,1,"Dual_Survival_Credit_AOP_LIRCMOP14_N100_FE100000_run3_seed281403.mat"
"s09_biscop_confirmation","Dual-Survival-Credit-AOP","LIRCMOP14","LIR-CMOP",100,100000,4,281404,100000,33.5639,0.09801719789776195,0.5526821279917358,1,"Dual_Survival_Credit_AOP_LIRCMOP14_N100_FE100000_run4_seed281404.mat"
"s09_biscop_confirmation","Dual-Survival-Credit-AOP","LIRCMOP14","LIR-CMOP",100,100000,5,281405,100000,33.5029,0.09749749407764592,0.5507329763033052,1,"Dual_Survival_Credit_AOP_LIRCMOP14_N100_FE100000_run5_seed281405.mat"
"s09_biscop_confirmation","Dual-Survival-Credit-AOP","LIRCMOP14","LIR-CMOP",100,100000,6,281406,100000,51.6322,0.09628846014176727,0.5502895732602544,1,"Dual_Survival_Credit_AOP_LIRCMOP14_N100_FE100000_run6_seed281406.mat"
"s09_biscop_confirmation","Dual-Survival-Credit-AOP","LIRCMOP14","LIR-CMOP",100,100000,7,281407,100000,33.0543,0.09692638664156492,0.5500813221883316,1,"Dual_Survival_Credit_AOP_LIRCMOP14_N100_FE100000_run7_seed281407.mat"
"s09_biscop_confirmation","Dual-Survival-Credit-AOP","LIRCMOP14","LIR-CMOP",100,100000,8,281408,100000,52.1725,0.09739789240803304,0.5480489986309306,1,"Dual_Survival_Credit_AOP_LIRCMOP14_N100_FE100000_run8_seed281408.mat"
"s09_biscop_confirmation","Dual-Survival-Credit-AOP","LIRCMOP14","LIR-CMOP",100,100000,9,281409,100000,52.6829,0.09677487696903102,0.552037474799193,1,"Dual_Survival_Credit_AOP_LIRCMOP14_N100_FE100000_run9_seed281409.mat"
"s09_biscop_confirmation","Dual-Survival-Credit-AOP","LIRCMOP1","LIR-CMOP",100,100000,10,280110,100000,17.1314,0.1979223458878045,0.1569830912918607,1,"Dual_Survival_Credit_AOP_LIRCMOP1_N100_FE100000_run10_seed280110.mat"
"s09_biscop_confirmation","Dual-Survival-Credit-AOP","LIRCMOP1","LIR-CMOP",100,100000,1,280101,100000,17.6263,0.2340155107112855,0.1272714382773468,1,"Dual_Survival_Credit_AOP_LIRCMOP1_N100_FE100000_run1_seed280101.mat"
"s09_biscop_confirmation","Dual-Survival-Credit-AOP","LIRCMOP1","LIR-CMOP",100,100000,2,280102,100000,8.8548,0.187132137688229,0.1488089922371729,1,"Dual_Survival_Credit_AOP_LIRCMOP1_N100_FE100000_run2_seed280102.mat"
"s09_biscop_confirmation","Dual-Survival-Credit-AOP","LIRCMOP1","LIR-CMOP",100,100000,3,280103,100000,8.7817,0.2981985563450203,0.1104650853217841,1,"Dual_Survival_Credit_AOP_LIRCMOP1_N100_FE100000_run3_seed280103.mat"
"s09_biscop_confirmation","Dual-Survival-Credit-AOP","LIRCMOP1","LIR-CMOP",100,100000,4,280104,100000,17.0826,0.1995567538822992,0.1384643329515211,1,"Dual_Survival_Credit_AOP_LIRCMOP1_N100_FE100000_run4_seed280104.mat"
"s09_biscop_confirmation","Dual-Survival-Credit-AOP","LIRCMOP1","LIR-CMOP",100,100000,5,280105,100000,8.6976,0.2427722208891586,0.1307661990466993,1,"Dual_Survival_Credit_AOP_LIRCMOP1_N100_FE100000_run5_seed280105.mat"
"s09_biscop_confirmation","Dual-Survival-Credit-AOP","LIRCMOP1","LIR-CMOP",100,100000,6,280106,100000,17.3559,0.2096354026246533,0.1378911976823408,1,"Dual_Survival_Credit_AOP_LIRCMOP1_N100_FE100000_run6_seed280106.mat"
"s09_biscop_confirmation","Dual-Survival-Credit-AOP","LIRCMOP1","LIR-CMOP",100,100000,7,280107,100000,17.1819,0.2310877386300729,0.1367237307270408,1,"Dual_Survival_Credit_AOP_LIRCMOP1_N100_FE100000_run7_seed280107.mat"
"s09_biscop_confirmation","Dual-Survival-Credit-AOP","LIRCMOP1","LIR-CMOP",100,100000,8,280108,100000,8.6543,0.2342233299959412,0.1351209817617775,1,"Dual_Survival_Credit_AOP_LIRCMOP1_N100_FE100000_run8_seed280108.mat"
"s09_biscop_confirmation","Dual-Survival-Credit-AOP","LIRCMOP1","LIR-CMOP",100,100000,9,280109,100000,8.7959,0.2540204806043519,0.1244621921785887,1,"Dual_Survival_Credit_AOP_LIRCMOP1_N100_FE100000_run9_seed280109.mat"
"s09_biscop_confirmation","Dual-Survival-Credit-AOP","LIRCMOP2","LIR-CMOP",100,100000,10,280210,100000,11.029,0.1593608604143357,0.2655806866305986,1,"Dual_Survival_Credit_AOP_LIRCMOP2_N100_FE100000_run10_seed280210.mat"
"s09_biscop_confirmation","Dual-Survival-Credit-AOP","LIRCMOP2","LIR-CMOP",100,100000,1,280201,100000,11.4027,0.2596135615403934,0.2312064848899746,1,"Dual_Survival_Credit_AOP_LIRCMOP2_N100_FE100000_run1_seed280201.mat"
"s09_biscop_confirmation","Dual-Survival-Credit-AOP","LIRCMOP2","LIR-CMOP",100,100000,2,280202,100000,21.8367,0.2340127819520062,0.2508391589410167,1,"Dual_Survival_Credit_AOP_LIRCMOP2_N100_FE100000_run2_seed280202.mat"
"s09_biscop_confirmation","Dual-Survival-Credit-AOP","LIRCMOP2","LIR-CMOP",100,100000,3,280203,100000,20.9187,0.1622343194350316,0.2885805194313297,1,"Dual_Survival_Credit_AOP_LIRCMOP2_N100_FE100000_run3_seed280203.mat"
"s09_biscop_confirmation","Dual-Survival-Credit-AOP","LIRCMOP2","LIR-CMOP",100,100000,4,280204,100000,11.5047,0.1845619399067294,0.2518539511009673,1,"Dual_Survival_Credit_AOP_LIRCMOP2_N100_FE100000_run4_seed280204.mat"
"s09_biscop_confirmation","Dual-Survival-Credit-AOP","LIRCMOP2","LIR-CMOP",100,100000,5,280205,100000,10.9689,0.1566778505387595,0.2666032613888363,1,"Dual_Survival_Credit_AOP_LIRCMOP2_N100_FE100000_run5_seed280205.mat"
"s09_biscop_confirmation","Dual-Survival-Credit-AOP","LIRCMOP2","LIR-CMOP",100,100000,6,280206,100000,21.6205,0.1432587947581594,0.2806265149994405,1,"Dual_Survival_Credit_AOP_LIRCMOP2_N100_FE100000_run6_seed280206.mat"
"s09_biscop_confirmation","Dual-Survival-Credit-AOP","LIRCMOP2","LIR-CMOP",100,100000,7,280207,100000,11.267,0.1372136571555549,0.2949950405257725,1,"Dual_Survival_Credit_AOP_LIRCMOP2_N100_FE100000_run7_seed280207.mat"
"s09_biscop_confirmation","Dual-Survival-Credit-AOP","LIRCMOP2","LIR-CMOP",100,100000,8,280208,100000,20.8231,0.1459668348877471,0.2827083638058078,1,"Dual_Survival_Credit_AOP_LIRCMOP2_N100_FE100000_run8_seed280208.mat"
"s09_biscop_confirmation","Dual-Survival-Credit-AOP","LIRCMOP2","LIR-CMOP",100,100000,9,280209,100000,20.7047,0.19978237046251,0.2445225994678047,1,"Dual_Survival_Credit_AOP_LIRCMOP2_N100_FE100000_run9_seed280209.mat"
"s09_biscop_confirmation","Dual-Survival-Credit-AOP","LIRCMOP3","LIR-CMOP",100,100000,10,280310,100000,20.5717,0.3312839692166413,0.09661017218601094,1,"Dual_Survival_Credit_AOP_LIRCMOP3_N100_FE100000_run10_seed280310.mat"
"s09_biscop_confirmation","Dual-Survival-Credit-AOP","LIRCMOP3","LIR-CMOP",100,100000,1,280301,100000,11.4191,0.3277264501275245,0.09756435533566016,1,"Dual_Survival_Credit_AOP_LIRCMOP3_N100_FE100000_run1_seed280301.mat"
"s09_biscop_confirmation","Dual-Survival-Credit-AOP","LIRCMOP3","LIR-CMOP",100,100000,2,280302,100000,20.3974,0.130106752424065,0.1516891486349424,1,"Dual_Survival_Credit_AOP_LIRCMOP3_N100_FE100000_run2_seed280302.mat"
"s09_biscop_confirmation","Dual-Survival-Credit-AOP","LIRCMOP3","LIR-CMOP",100,100000,3,280303,100000,11.0118,0.2832787056213509,0.1131819460331698,1,"Dual_Survival_Credit_AOP_LIRCMOP3_N100_FE100000_run3_seed280303.mat"
"s09_biscop_confirmation","Dual-Survival-Credit-AOP","LIRCMOP3","LIR-CMOP",100,100000,4,280304,100000,21.4539,0.1980708255177536,0.1247713924419089,1,"Dual_Survival_Credit_AOP_LIRCMOP3_N100_FE100000_run4_seed280304.mat"
"s09_biscop_confirmation","Dual-Survival-Credit-AOP","LIRCMOP3","LIR-CMOP",100,100000,5,280305,100000,21.344,0.2672383889894332,0.1092915911260337,1,"Dual_Survival_Credit_AOP_LIRCMOP3_N100_FE100000_run5_seed280305.mat"
"s09_biscop_confirmation","Dual-Survival-Credit-AOP","LIRCMOP3","LIR-CMOP",100,100000,6,280306,100000,11.0294,0.2760549438877554,0.1070893993391533,1,"Dual_Survival_Credit_AOP_LIRCMOP3_N100_FE100000_run6_seed280306.mat"
"s09_biscop_confirmation","Dual-Survival-Credit-AOP","LIRCMOP3","LIR-CMOP",100,100000,7,280307,100000,11.2144,0.2295172694975523,0.1161833188120952,1,"Dual_Survival_Credit_AOP_LIRCMOP3_N100_FE100000_run7_seed280307.mat"
"s09_biscop_confirmation","Dual-Survival-Credit-AOP","LIRCMOP3","LIR-CMOP",100,100000,8,280308,100000,21.1937,0.1575963909236331,0.1521402967870628,1,"Dual_Survival_Credit_AOP_LIRCMOP3_N100_FE100000_run8_seed280308.mat"
"s09_biscop_confirmation","Dual-Survival-Credit-AOP","LIRCMOP3","LIR-CMOP",100,100000,9,280309,100000,11.3249,0.2688056834549367,0.1078960197920874,1,"Dual_Survival_Credit_AOP_LIRCMOP3_N100_FE100000_run9_seed280309.mat"
"s09_biscop_confirmation","Dual-Survival-Credit-AOP","LIRCMOP4","LIR-CMOP",100,100000,10,280410,100000,21.2794,0.2520699724045862,0.2100565226015242,1,"Dual_Survival_Credit_AOP_LIRCMOP4_N100_FE100000_run10_seed280410.mat"
"s09_biscop_confirmation","Dual-Survival-Credit-AOP","LIRCMOP4","LIR-CMOP",100,100000,1,280401,100000,20.7289,0.09889994329398573,0.2727825211560438,1,"Dual_Survival_Credit_AOP_LIRCMOP4_N100_FE100000_run1_seed280401.mat"
"s09_biscop_confirmation","Dual-Survival-Credit-AOP","LIRCMOP4","LIR-CMOP",100,100000,2,280402,100000,11.0083,0.2563838425579247,0.2074168830154332,1,"Dual_Survival_Credit_AOP_LIRCMOP4_N100_FE100000_run2_seed280402.mat"
"s09_biscop_confirmation","Dual-Survival-Credit-AOP","LIRCMOP4","LIR-CMOP",100,100000,3,280403,100000,11.788,0.2475990811828924,0.2122153899808264,1,"Dual_Survival_Credit_AOP_LIRCMOP4_N100_FE100000_run3_seed280403.mat"
"s09_biscop_confirmation","Dual-Survival-Credit-AOP","LIRCMOP4","LIR-CMOP",100,100000,4,280404,100000,21.314,0.3055865500998214,0.1841721662554371,1,"Dual_Survival_Credit_AOP_LIRCMOP4_N100_FE100000_run4_seed280404.mat"
"s09_biscop_confirmation","Dual-Survival-Credit-AOP","LIRCMOP4","LIR-CMOP",100,100000,5,280405,100000,11.2093,0.3062122524487801,0.1964252305280042,1,"Dual_Survival_Credit_AOP_LIRCMOP4_N100_FE100000_run5_seed280405.mat"
"s09_biscop_confirmation","Dual-Survival-Credit-AOP","LIRCMOP4","LIR-CMOP",100,100000,6,280406,100000,21.7892,0.2694435643514668,0.1925054154590918,1,"Dual_Survival_Credit_AOP_LIRCMOP4_N100_FE100000_run6_seed280406.mat"
"s09_biscop_confirmation","Dual-Survival-Credit-AOP","LIRCMOP4","LIR-CMOP",100,100000,7,280407,100000,22.492,0.2692361703096442,0.1935903585710719,1,"Dual_Survival_Credit_AOP_LIRCMOP4_N100_FE100000_run7_seed280407.mat"
"s09_biscop_confirmation","Dual-Survival-Credit-AOP","LIRCMOP4","LIR-CMOP",100,100000,8,280408,100000,10.8954,0.2023745635574868,0.2245739715547784,1,"Dual_Survival_Credit_AOP_LIRCMOP4_N100_FE100000_run8_seed280408.mat"
"s09_biscop_confirmation","Dual-Survival-Credit-AOP","LIRCMOP4","LIR-CMOP",100,100000,9,280409,100000,11.586,0.2112204054884987,0.2216742456825519,1,"Dual_Survival_Credit_AOP_LIRCMOP4_N100_FE100000_run9_seed280409.mat"
"s09_biscop_confirmation","Dual-Survival-Credit-AOP","LIRCMOP5","LIR-CMOP",100,100000,10,280510,100000,16.7127,0.01240722307434416,0.2867110261103474,1,"Dual_Survival_Credit_AOP_LIRCMOP5_N100_FE100000_run10_seed280510.mat"
"s09_biscop_confirmation","Dual-Survival-Credit-AOP","LIRCMOP5","LIR-CMOP",100,100000,1,280501,100000,15.0502,0.01537797833676631,0.2854782827477789,1,"Dual_Survival_Credit_AOP_LIRCMOP5_N100_FE100000_run1_seed280501.mat"
"s09_biscop_confirmation","Dual-Survival-Credit-AOP","LIRCMOP5","LIR-CMOP",100,100000,2,280502,100000,24.8612,0.01213526039308469,0.2886013338901727,1,"Dual_Survival_Credit_AOP_LIRCMOP5_N100_FE100000_run2_seed280502.mat"
"s09_biscop_confirmation","Dual-Survival-Credit-AOP","LIRCMOP5","LIR-CMOP",100,100000,3,280503,100000,28.4997,0.00943968963785285,0.2896011977662968,1,"Dual_Survival_Credit_AOP_LIRCMOP5_N100_FE100000_run3_seed280503.mat"
"s09_biscop_confirmation","Dual-Survival-Credit-AOP","LIRCMOP5","LIR-CMOP",100,100000,4,280504,100000,17.4347,0.01102773279777114,0.2887865120512422,1,"Dual_Survival_Credit_AOP_LIRCMOP5_N100_FE100000_run4_seed280504.mat"
"s09_biscop_confirmation","Dual-Survival-Credit-AOP","LIRCMOP5","LIR-CMOP",100,100000,5,280505,100000,13.9177,0.01900951754857526,0.2839611137888304,1,"Dual_Survival_Credit_AOP_LIRCMOP5_N100_FE100000_run5_seed280505.mat"
"s09_biscop_confirmation","Dual-Survival-Credit-AOP","LIRCMOP5","LIR-CMOP",100,100000,6,280506,100000,29.0296,0.02466331777085603,0.2818373117517056,1,"Dual_Survival_Credit_AOP_LIRCMOP5_N100_FE100000_run6_seed280506.mat"
"s09_biscop_confirmation","Dual-Survival-Credit-AOP","LIRCMOP5","LIR-CMOP",100,100000,7,280507,100000,15.5349,0.02198393225725672,0.2826284818041195,1,"Dual_Survival_Credit_AOP_LIRCMOP5_N100_FE100000_run7_seed280507.mat"
"s09_biscop_confirmation","Dual-Survival-Credit-AOP","LIRCMOP5","LIR-CMOP",100,100000,8,280508,100000,33.1625,0.009321166007031565,0.2894474905813082,1,"Dual_Survival_Credit_AOP_LIRCMOP5_N100_FE100000_run8_seed280508.mat"
"s09_biscop_confirmation","Dual-Survival-Credit-AOP","LIRCMOP5","LIR-CMOP",100,100000,9,280509,100000,28.7429,0.01744976336351943,0.284230270690557,1,"Dual_Survival_Credit_AOP_LIRCMOP5_N100_FE100000_run9_seed280509.mat"
"s09_biscop_confirmation","Dual-Survival-Credit-AOP","LIRCMOP6","LIR-CMOP",100,100000,10,280610,100000,31.1785,0.01335579267372517,0.1948734122866804,1,"Dual_Survival_Credit_AOP_LIRCMOP6_N100_FE100000_run10_seed280610.mat"
"s09_biscop_confirmation","Dual-Survival-Credit-AOP","LIRCMOP6","LIR-CMOP",100,100000,1,280601,100000,15.3626,0.01338877700292221,0.1944228512787295,1,"Dual_Survival_Credit_AOP_LIRCMOP6_N100_FE100000_run1_seed280601.mat"
"s09_biscop_confirmation","Dual-Survival-Credit-AOP","LIRCMOP6","LIR-CMOP",100,100000,2,280602,100000,27.4948,0.0177280020563319,0.193580104958895,1,"Dual_Survival_Credit_AOP_LIRCMOP6_N100_FE100000_run2_seed280602.mat"
"s09_biscop_confirmation","Dual-Survival-Credit-AOP","LIRCMOP6","LIR-CMOP",100,100000,3,280603,100000,16.856,0.01315270293705488,0.1941508330441405,1,"Dual_Survival_Credit_AOP_LIRCMOP6_N100_FE100000_run3_seed280603.mat"
"s09_biscop_confirmation","Dual-Survival-Credit-AOP","LIRCMOP6","LIR-CMOP",100,100000,4,280604,100000,31.1015,0.01417777542230377,0.1926326719473616,1,"Dual_Survival_Credit_AOP_LIRCMOP6_N100_FE100000_run4_seed280604.mat"
"s09_biscop_confirmation","Dual-Survival-Credit-AOP","LIRCMOP6","LIR-CMOP",100,100000,5,280605,100000,28.702,0.0110455751396038,0.1938033980218466,1,"Dual_Survival_Credit_AOP_LIRCMOP6_N100_FE100000_run5_seed280605.mat"
"s09_biscop_confirmation","Dual-Survival-Credit-AOP","LIRCMOP6","LIR-CMOP",100,100000,6,280606,100000,17.7666,0.01200173688011847,0.1946522309460143,1,"Dual_Survival_Credit_AOP_LIRCMOP6_N100_FE100000_run6_seed280606.mat"
"s09_biscop_confirmation","Dual-Survival-Credit-AOP","LIRCMOP6","LIR-CMOP",100,100000,7,280607,100000,16.5052,0.01588975639571334,0.1938015321855369,1,"Dual_Survival_Credit_AOP_LIRCMOP6_N100_FE100000_run7_seed280607.mat"
"s09_biscop_confirmation","Dual-Survival-Credit-AOP","LIRCMOP6","LIR-CMOP",100,100000,8,280608,100000,30.4346,0.01379609847230587,0.1949485900960908,1,"Dual_Survival_Credit_AOP_LIRCMOP6_N100_FE100000_run8_seed280608.mat"
"s09_biscop_confirmation","Dual-Survival-Credit-AOP","LIRCMOP6","LIR-CMOP",100,100000,9,280609,100000,15.9684,0.02309974197929392,0.1929642429670397,1,"Dual_Survival_Credit_AOP_LIRCMOP6_N100_FE100000_run9_seed280609.mat"
"s09_biscop_confirmation","Dual-Survival-Credit-AOP","LIRCMOP7","LIR-CMOP",100,100000,10,280710,100000,19.4245,0.008135132385309102,0.2937999083126003,1,"Dual_Survival_Credit_AOP_LIRCMOP7_N100_FE100000_run10_seed280710.mat"
"s09_biscop_confirmation","Dual-Survival-Credit-AOP","LIRCMOP7","LIR-CMOP",100,100000,1,280701,100000,16.8837,0.008312657780275611,0.29378879464304,1,"Dual_Survival_Credit_AOP_LIRCMOP7_N100_FE100000_run1_seed280701.mat"
"s09_biscop_confirmation","Dual-Survival-Credit-AOP","LIRCMOP7","LIR-CMOP",100,100000,2,280702,100000,8.1808,0.00796517930255523,0.2940856855572302,1,"Dual_Survival_Credit_AOP_LIRCMOP7_N100_FE100000_run2_seed280702.mat"
"s09_biscop_confirmation","Dual-Survival-Credit-AOP","LIRCMOP7","LIR-CMOP",100,100000,3,280703,100000,8.2173,0.04735936998286217,0.271400432118984,1,"Dual_Survival_Credit_AOP_LIRCMOP7_N100_FE100000_run3_seed280703.mat"
"s09_biscop_confirmation","Dual-Survival-Credit-AOP","LIRCMOP7","LIR-CMOP",100,100000,4,280704,100000,16.7293,0.00861443826858296,0.2937156544929543,1,"Dual_Survival_Credit_AOP_LIRCMOP7_N100_FE100000_run4_seed280704.mat"
"s09_biscop_confirmation","Dual-Survival-Credit-AOP","LIRCMOP7","LIR-CMOP",100,100000,5,280705,100000,7.8737,0.009785821622532668,0.2929231944005858,1,"Dual_Survival_Credit_AOP_LIRCMOP7_N100_FE100000_run5_seed280705.mat"
"s09_biscop_confirmation","Dual-Survival-Credit-AOP","LIRCMOP7","LIR-CMOP",100,100000,6,280706,100000,15.959,0.008483484578840926,0.2934547073228738,1,"Dual_Survival_Credit_AOP_LIRCMOP7_N100_FE100000_run6_seed280706.mat"
"s09_biscop_confirmation","Dual-Survival-Credit-AOP","LIRCMOP7","LIR-CMOP",100,100000,7,280707,100000,15.9048,0.008564079923171604,0.2938670322285563,1,"Dual_Survival_Credit_AOP_LIRCMOP7_N100_FE100000_run7_seed280707.mat"
"s09_biscop_confirmation","Dual-Survival-Credit-AOP","LIRCMOP7","LIR-CMOP",100,100000,8,280708,100000,8.0633,0.008395498361504711,0.2939965004542267,1,"Dual_Survival_Credit_AOP_LIRCMOP7_N100_FE100000_run8_seed280708.mat"
"s09_biscop_confirmation","Dual-Survival-Credit-AOP","LIRCMOP7","LIR-CMOP",100,100000,9,280709,100000,8.1549,0.007986298439506956,0.2939221668800351,1,"Dual_Survival_Credit_AOP_LIRCMOP7_N100_FE100000_run9_seed280709.mat"
"s09_biscop_confirmation","Dual-Survival-Credit-AOP","LIRCMOP8","LIR-CMOP",100,100000,10,280810,100000,8.0261,0.007999662390550454,0.2941895291661523,1,"Dual_Survival_Credit_AOP_LIRCMOP8_N100_FE100000_run10_seed280810.mat"
"s09_biscop_confirmation","Dual-Survival-Credit-AOP","LIRCMOP8","LIR-CMOP",100,100000,1,280801,100000,8.0782,0.008069872838676313,0.2938798652934274,1,"Dual_Survival_Credit_AOP_LIRCMOP8_N100_FE100000_run1_seed280801.mat"
"s09_biscop_confirmation","Dual-Survival-Credit-AOP","LIRCMOP8","LIR-CMOP",100,100000,2,280802,100000,15.3971,0.008027218839563787,0.2937875212034491,1,"Dual_Survival_Credit_AOP_LIRCMOP8_N100_FE100000_run2_seed280802.mat"
"s09_biscop_confirmation","Dual-Survival-Credit-AOP","LIRCMOP8","LIR-CMOP",100,100000,3,280803,100000,16.8137,0.008676892726137694,0.2935674218669997,1,"Dual_Survival_Credit_AOP_LIRCMOP8_N100_FE100000_run3_seed280803.mat"
"s09_biscop_confirmation","Dual-Survival-Credit-AOP","LIRCMOP8","LIR-CMOP",100,100000,4,280804,100000,8.1617,0.008042769258663394,0.293989352911871,1,"Dual_Survival_Credit_AOP_LIRCMOP8_N100_FE100000_run4_seed280804.mat"
"s09_biscop_confirmation","Dual-Survival-Credit-AOP","LIRCMOP8","LIR-CMOP",100,100000,5,280805,100000,8.1885,0.008264827223433944,0.2935566295835577,1,"Dual_Survival_Credit_AOP_LIRCMOP8_N100_FE100000_run5_seed280805.mat"
"s09_biscop_confirmation","Dual-Survival-Credit-AOP","LIRCMOP8","LIR-CMOP",100,100000,6,280806,100000,16.0444,0.008312125487109525,0.2938782921077315,1,"Dual_Survival_Credit_AOP_LIRCMOP8_N100_FE100000_run6_seed280806.mat"
"s09_biscop_confirmation","Dual-Survival-Credit-AOP","LIRCMOP8","LIR-CMOP",100,100000,7,280807,100000,8.2542,0.007840049494998089,0.2942187308450875,1,"Dual_Survival_Credit_AOP_LIRCMOP8_N100_FE100000_run7_seed280807.mat"
"s09_biscop_confirmation","Dual-Survival-Credit-AOP","LIRCMOP8","LIR-CMOP",100,100000,8,280808,100000,19.597,0.008314721148784654,0.2937651575187912,1,"Dual_Survival_Credit_AOP_LIRCMOP8_N100_FE100000_run8_seed280808.mat"
"s09_biscop_confirmation","Dual-Survival-Credit-AOP","LIRCMOP8","LIR-CMOP",100,100000,9,280809,100000,19.4629,0.007974934307379663,0.2940686934725101,1,"Dual_Survival_Credit_AOP_LIRCMOP8_N100_FE100000_run9_seed280809.mat"
"s09_biscop_confirmation","Dual-Survival-Credit-AOP","LIRCMOP9","LIR-CMOP",100,100000,10,280910,100000,40.1984,0.2076356049042764,0.4402104893885235,1,"Dual_Survival_Credit_AOP_LIRCMOP9_N100_FE100000_run10_seed280910.mat"
"s09_biscop_confirmation","Dual-Survival-Credit-AOP","LIRCMOP9","LIR-CMOP",100,100000,1,280901,100000,18.1129,0.2822895872611011,0.4164062504964129,1,"Dual_Survival_Credit_AOP_LIRCMOP9_N100_FE100000_run1_seed280901.mat"
"s09_biscop_confirmation","Dual-Survival-Credit-AOP","LIRCMOP9","LIR-CMOP",100,100000,2,280902,100000,29.6477,0.1897525748631152,0.4533151114538345,1,"Dual_Survival_Credit_AOP_LIRCMOP9_N100_FE100000_run2_seed280902.mat"
"s09_biscop_confirmation","Dual-Survival-Credit-AOP","LIRCMOP9","LIR-CMOP",100,100000,3,280903,100000,18.3612,0.2329801787133881,0.4310700702969152,1,"Dual_Survival_Credit_AOP_LIRCMOP9_N100_FE100000_run3_seed280903.mat"
"s09_biscop_confirmation","Dual-Survival-Credit-AOP","LIRCMOP9","LIR-CMOP",100,100000,4,280904,100000,30.466,0.1958763753483944,0.4519490137759881,1,"Dual_Survival_Credit_AOP_LIRCMOP9_N100_FE100000_run4_seed280904.mat"
"s09_biscop_confirmation","Dual-Survival-Credit-AOP","LIRCMOP9","LIR-CMOP",100,100000,5,280905,100000,39.6112,0.2091700434734068,0.4413695509201834,1,"Dual_Survival_Credit_AOP_LIRCMOP9_N100_FE100000_run5_seed280905.mat"
"s09_biscop_confirmation","Dual-Survival-Credit-AOP","LIRCMOP9","LIR-CMOP",100,100000,6,280906,100000,18.1569,0.2001509190088559,0.4494336816754048,1,"Dual_Survival_Credit_AOP_LIRCMOP9_N100_FE100000_run6_seed280906.mat"
"s09_biscop_confirmation","Dual-Survival-Credit-AOP","LIRCMOP9","LIR-CMOP",100,100000,7,280907,100000,17.439,0.196849685568671,0.4539279295888168,1,"Dual_Survival_Credit_AOP_LIRCMOP9_N100_FE100000_run7_seed280907.mat"
"s09_biscop_confirmation","Dual-Survival-Credit-AOP","LIRCMOP9","LIR-CMOP",100,100000,8,280908,100000,41.8288,0.2099951402440941,0.4387315999674533,1,"Dual_Survival_Credit_AOP_LIRCMOP9_N100_FE100000_run8_seed280908.mat"
"s09_biscop_confirmation","Dual-Survival-Credit-AOP","LIRCMOP9","LIR-CMOP",100,100000,9,280909,100000,18.1418,0.2091455794195967,0.4400732952747676,1,"Dual_Survival_Credit_AOP_LIRCMOP9_N100_FE100000_run9_seed280909.mat"
"s09_biscop_confirmation","EMCMO","CF10","CF",100,100000,10,220010,100000,26.3864,0.4162769796143614,0.08621259832810879,1,"EMCMO_CF10_N100_FE100000_run10_seed220010.mat"
"s09_biscop_confirmation","EMCMO","CF10","CF",100,100000,1,220001,100000,40.8416,0.3500546385454301,0.1719703304490592,1,"EMCMO_CF10_N100_FE100000_run1_seed220001.mat"
"s09_biscop_confirmation","EMCMO","CF10","CF",100,100000,2,220002,100000,29.4468,0.2796098175815326,0.1528845245910489,1,"EMCMO_CF10_N100_FE100000_run2_seed220002.mat"
"s09_biscop_confirmation","EMCMO","CF10","CF",100,100000,3,220003,100000,34.1019,0.3814437173211475,0.1698917085189879,1,"EMCMO_CF10_N100_FE100000_run3_seed220003.mat"
"s09_biscop_confirmation","EMCMO","CF10","CF",100,100000,4,220004,100000,38.1964,0.3450798977030426,0.1878918911510025,1,"EMCMO_CF10_N100_FE100000_run4_seed220004.mat"
"s09_biscop_confirmation","EMCMO","CF10","CF",100,100000,5,220005,100000,38.3023,0.5160759531112444,0.1168877035141744,1,"EMCMO_CF10_N100_FE100000_run5_seed220005.mat"
"s09_biscop_confirmation","EMCMO","CF10","CF",100,100000,6,220006,100000,28.8433,0.2565783157085126,0.1775529304787204,1,"EMCMO_CF10_N100_FE100000_run6_seed220006.mat"
"s09_biscop_confirmation","EMCMO","CF10","CF",100,100000,7,220007,100000,25.3034,0.406992831357753,0.08809208819796908,1,"EMCMO_CF10_N100_FE100000_run7_seed220007.mat"
"s09_biscop_confirmation","EMCMO","CF10","CF",100,100000,8,220008,100000,36.2228,0.4477610229483347,0.09017515492283174,1,"EMCMO_CF10_N100_FE100000_run8_seed220008.mat"
"s09_biscop_confirmation","EMCMO","CF10","CF",100,100000,9,220009,100000,28.9689,0.2436760053218733,0.1706141000647296,1,"EMCMO_CF10_N100_FE100000_run9_seed220009.mat"
"s09_biscop_confirmation","EMCMO","CF1","CF",100,100000,10,219110,100000,11.1363,0.005876189257554899,0.5583532374209099,1,"EMCMO_CF1_N100_FE100000_run10_seed219110.mat"
"s09_biscop_confirmation","EMCMO","CF1","CF",100,100000,1,219101,100000,11.8227,0.005775880417612201,0.5589323798865905,1,"EMCMO_CF1_N100_FE100000_run1_seed219101.mat"
"s09_biscop_confirmation","EMCMO","CF1","CF",100,100000,2,219102,100000,11.0889,0.005744259819490904,0.5588599042312015,1,"EMCMO_CF1_N100_FE100000_run2_seed219102.mat"
"s09_biscop_confirmation","EMCMO","CF1","CF",100,100000,3,219103,100000,11.4758,0.006221349806270727,0.55844583490626,1,"EMCMO_CF1_N100_FE100000_run3_seed219103.mat"
"s09_biscop_confirmation","EMCMO","CF1","CF",100,100000,4,219104,100000,11.6716,0.005963112786811677,0.5585445561909694,1,"EMCMO_CF1_N100_FE100000_run4_seed219104.mat"
"s09_biscop_confirmation","EMCMO","CF1","CF",100,100000,5,219105,100000,11.4766,0.005916297681480136,0.5585643375445624,1,"EMCMO_CF1_N100_FE100000_run5_seed219105.mat"
"s09_biscop_confirmation","EMCMO","CF1","CF",100,100000,6,219106,100000,11.5031,0.00573690209856084,0.5589869143248797,1,"EMCMO_CF1_N100_FE100000_run6_seed219106.mat"
"s09_biscop_confirmation","EMCMO","CF1","CF",100,100000,7,219107,100000,10.8606,0.005272620593449722,0.5595591071127435,1,"EMCMO_CF1_N100_FE100000_run7_seed219107.mat"
"s09_biscop_confirmation","EMCMO","CF1","CF",100,100000,8,219108,100000,10.865,0.006108153326890911,0.5586610207517408,1,"EMCMO_CF1_N100_FE100000_run8_seed219108.mat"
"s09_biscop_confirmation","EMCMO","CF1","CF",100,100000,9,219109,100000,11.4167,0.005150060129185522,0.5594078380487519,1,"EMCMO_CF1_N100_FE100000_run9_seed219109.mat"
"s09_biscop_confirmation","EMCMO","CF2","CF",100,100000,10,219210,100000,21.5328,0.02657658914876786,0.6464927017929364,1,"EMCMO_CF2_N100_FE100000_run10_seed219210.mat"
"s09_biscop_confirmation","EMCMO","CF2","CF",100,100000,1,219201,100000,20.3215,0.02017784218850806,0.6605666945875588,1,"EMCMO_CF2_N100_FE100000_run1_seed219201.mat"
"s09_biscop_confirmation","EMCMO","CF2","CF",100,100000,2,219202,100000,26.1392,0.02261393687287661,0.6449644850792989,1,"EMCMO_CF2_N100_FE100000_run2_seed219202.mat"
"s09_biscop_confirmation","EMCMO","CF2","CF",100,100000,3,219203,100000,20.24,0.02777235608749362,0.6501636197899712,1,"EMCMO_CF2_N100_FE100000_run3_seed219203.mat"
"s09_biscop_confirmation","EMCMO","CF2","CF",100,100000,4,219204,100000,19.6182,0.04443489932041981,0.6324386553614294,1,"EMCMO_CF2_N100_FE100000_run4_seed219204.mat"
"s09_biscop_confirmation","EMCMO","CF2","CF",100,100000,5,219205,100000,20.0092,0.04287607774747983,0.6180896872436679,1,"EMCMO_CF2_N100_FE100000_run5_seed219205.mat"
"s09_biscop_confirmation","EMCMO","CF2","CF",100,100000,6,219206,100000,18.5435,0.08200841166774857,0.5804457779720092,1,"EMCMO_CF2_N100_FE100000_run6_seed219206.mat"
"s09_biscop_confirmation","EMCMO","CF2","CF",100,100000,7,219207,100000,15.8963,0.1101899623288035,0.565602297377706,1,"EMCMO_CF2_N100_FE100000_run7_seed219207.mat"
"s09_biscop_confirmation","EMCMO","CF2","CF",100,100000,8,219208,100000,18.5716,0.03460637820316641,0.6327580899144841,1,"EMCMO_CF2_N100_FE100000_run8_seed219208.mat"
"s09_biscop_confirmation","EMCMO","CF2","CF",100,100000,9,219209,100000,18.8981,0.05170374701101439,0.6351305675070129,1,"EMCMO_CF2_N100_FE100000_run9_seed219209.mat"
"s09_biscop_confirmation","EMCMO","CF3","CF",100,100000,10,219310,100000,16.7785,0.2483854904528287,0.1606882239872399,1,"EMCMO_CF3_N100_FE100000_run10_seed219310.mat"
"s09_biscop_confirmation","EMCMO","CF3","CF",100,100000,1,219301,100000,16.6893,0.2326954759330398,0.1562333366148934,1,"EMCMO_CF3_N100_FE100000_run1_seed219301.mat"
"s09_biscop_confirmation","EMCMO","CF3","CF",100,100000,2,219302,100000,15.6119,0.08660762841387513,0.2417108549086768,1,"EMCMO_CF3_N100_FE100000_run2_seed219302.mat"
"s09_biscop_confirmation","EMCMO","CF3","CF",100,100000,3,219303,100000,16.1225,0.435126907007251,0.137438713597007,1,"EMCMO_CF3_N100_FE100000_run3_seed219303.mat"
"s09_biscop_confirmation","EMCMO","CF3","CF",100,100000,4,219304,100000,9.8539,0.2299288237732835,0.2493854105423649,1,"EMCMO_CF3_N100_FE100000_run4_seed219304.mat"
"s09_biscop_confirmation","EMCMO","CF3","CF",100,100000,5,219305,100000,9.3041,0.2479735403282041,0.169776204470088,1,"EMCMO_CF3_N100_FE100000_run5_seed219305.mat"
"s09_biscop_confirmation","EMCMO","CF3","CF",100,100000,6,219306,100000,19.5947,0.2235685120286834,0.1456880950680898,1,"EMCMO_CF3_N100_FE100000_run6_seed219306.mat"
"s09_biscop_confirmation","EMCMO","CF3","CF",100,100000,7,219307,100000,13.213,0.1558559523714469,0.2222147327233294,1,"EMCMO_CF3_N100_FE100000_run7_seed219307.mat"
"s09_biscop_confirmation","EMCMO","CF3","CF",100,100000,8,219308,100000,17.6414,0.2756903590581917,0.1682441778303259,1,"EMCMO_CF3_N100_FE100000_run8_seed219308.mat"
"s09_biscop_confirmation","EMCMO","CF3","CF",100,100000,9,219309,100000,10.6468,0.1655252726900417,0.2155198635759293,1,"EMCMO_CF3_N100_FE100000_run9_seed219309.mat"
"s09_biscop_confirmation","EMCMO","CF4","CF",100,100000,10,219410,100000,14.9402,0.08396570667988543,0.4345520555994641,1,"EMCMO_CF4_N100_FE100000_run10_seed219410.mat"
"s09_biscop_confirmation","EMCMO","CF4","CF",100,100000,1,219401,100000,21.7429,0.07140887808263124,0.4443525985108799,1,"EMCMO_CF4_N100_FE100000_run1_seed219401.mat"
"s09_biscop_confirmation","EMCMO","CF4","CF",100,100000,2,219402,100000,16.7403,0.05829051670825922,0.4539740164786545,1,"EMCMO_CF4_N100_FE100000_run2_seed219402.mat"
"s09_biscop_confirmation","EMCMO","CF4","CF",100,100000,3,219403,100000,19.301,0.06518476642291952,0.4512365101203116,1,"EMCMO_CF4_N100_FE100000_run3_seed219403.mat"
"s09_biscop_confirmation","EMCMO","CF4","CF",100,100000,4,219404,100000,17.8466,0.08462461807587981,0.4342902089617241,1,"EMCMO_CF4_N100_FE100000_run4_seed219404.mat"
"s09_biscop_confirmation","EMCMO","CF4","CF",100,100000,5,219405,100000,14.065,0.07096809419506071,0.4496728469960775,1,"EMCMO_CF4_N100_FE100000_run5_seed219405.mat"
"s09_biscop_confirmation","EMCMO","CF4","CF",100,100000,6,219406,100000,14.4221,0.1625276068749658,0.3381210510996807,1,"EMCMO_CF4_N100_FE100000_run6_seed219406.mat"
"s09_biscop_confirmation","EMCMO","CF4","CF",100,100000,7,219407,100000,17.9646,0.08449613387929214,0.4061695728684296,1,"EMCMO_CF4_N100_FE100000_run7_seed219407.mat"
"s09_biscop_confirmation","EMCMO","CF4","CF",100,100000,8,219408,100000,15.7233,0.1362931923209926,0.380774810831241,1,"EMCMO_CF4_N100_FE100000_run8_seed219408.mat"
"s09_biscop_confirmation","EMCMO","CF4","CF",100,100000,9,219409,100000,16.5747,0.080514966186855,0.4318474723442174,1,"EMCMO_CF4_N100_FE100000_run9_seed219409.mat"
"s09_biscop_confirmation","EMCMO","CF5","CF",100,100000,10,219510,100000,31.4277,0.6092442604803587,0.1217490333337228,1,"EMCMO_CF5_N100_FE100000_run10_seed219510.mat"
"s09_biscop_confirmation","EMCMO","CF5","CF",100,100000,1,219501,100000,25.7737,0.2322997504531828,0.3588495592886077,1,"EMCMO_CF5_N100_FE100000_run1_seed219501.mat"
"s09_biscop_confirmation","EMCMO","CF5","CF",100,100000,2,219502,100000,8.2813,0.4343699699209443,0.1898211963202854,1,"EMCMO_CF5_N100_FE100000_run2_seed219502.mat"
"s09_biscop_confirmation","EMCMO","CF5","CF",100,100000,3,219503,100000,23.5701,0.1720919795925652,0.3343160694595407,1,"EMCMO_CF5_N100_FE100000_run3_seed219503.mat"
"s09_biscop_confirmation","EMCMO","CF5","CF",100,100000,4,219504,100000,25.4023,0.1773754731915378,0.3251797257758273,1,"EMCMO_CF5_N100_FE100000_run4_seed219504.mat"
"s09_biscop_confirmation","EMCMO","CF5","CF",100,100000,5,219505,100000,28.0474,0.2105343028754905,0.2707696804765443,1,"EMCMO_CF5_N100_FE100000_run5_seed219505.mat"
"s09_biscop_confirmation","EMCMO","CF5","CF",100,100000,6,219506,100000,29.8567,0.4671301150127496,0.132204974867272,1,"EMCMO_CF5_N100_FE100000_run6_seed219506.mat"
"s09_biscop_confirmation","EMCMO","CF5","CF",100,100000,7,219507,100000,30.1978,0.1861957208350043,0.3027723362319749,1,"EMCMO_CF5_N100_FE100000_run7_seed219507.mat"
"s09_biscop_confirmation","EMCMO","CF5","CF",100,100000,8,219508,100000,27.4289,0.1902878092471842,0.2981617273779766,1,"EMCMO_CF5_N100_FE100000_run8_seed219508.mat"
"s09_biscop_confirmation","EMCMO","CF5","CF",100,100000,9,219509,100000,21.8652,0.1915428469379278,0.3719144803708077,1,"EMCMO_CF5_N100_FE100000_run9_seed219509.mat"
"s09_biscop_confirmation","EMCMO","CF6","CF",100,100000,10,219610,100000,30.0083,0.06506299860187588,0.6432450993175124,1,"EMCMO_CF6_N100_FE100000_run10_seed219610.mat"
"s09_biscop_confirmation","EMCMO","CF6","CF",100,100000,1,219601,100000,29.0264,0.06486758267291327,0.6613521621545704,1,"EMCMO_CF6_N100_FE100000_run1_seed219601.mat"
"s09_biscop_confirmation","EMCMO","CF6","CF",100,100000,2,219602,100000,31.0308,0.07972933492598593,0.6323926941927929,1,"EMCMO_CF6_N100_FE100000_run2_seed219602.mat"
"s09_biscop_confirmation","EMCMO","CF6","CF",100,100000,3,219603,100000,31.0133,0.03629736064429635,0.6537674841937487,1,"EMCMO_CF6_N100_FE100000_run3_seed219603.mat"
"s09_biscop_confirmation","EMCMO","CF6","CF",100,100000,4,219604,100000,28.3439,0.06484005849996101,0.6500621632128841,1,"EMCMO_CF6_N100_FE100000_run4_seed219604.mat"
"s09_biscop_confirmation","EMCMO","CF6","CF",100,100000,5,219605,100000,30.5764,0.04140292442708509,0.6640960736176423,1,"EMCMO_CF6_N100_FE100000_run5_seed219605.mat"
"s09_biscop_confirmation","EMCMO","CF6","CF",100,100000,6,219606,100000,29.6344,0.03804976888483651,0.6640954669471117,1,"EMCMO_CF6_N100_FE100000_run6_seed219606.mat"
"s09_biscop_confirmation","EMCMO","CF6","CF",100,100000,7,219607,100000,29.4558,0.04076554022773473,0.6623042794874826,1,"EMCMO_CF6_N100_FE100000_run7_seed219607.mat"
"s09_biscop_confirmation","EMCMO","CF6","CF",100,100000,8,219608,100000,33.1622,0.1252945951286279,0.6308587532079445,1,"EMCMO_CF6_N100_FE100000_run8_seed219608.mat"
"s09_biscop_confirmation","EMCMO","CF6","CF",100,100000,9,219609,100000,31.2503,0.03534445819404471,0.6579618845232251,1,"EMCMO_CF6_N100_FE100000_run9_seed219609.mat"
"s09_biscop_confirmation","EMCMO","CF7","CF",100,100000,10,219710,100000,7.5978,0.3613524975423423,0.3506198705081707,1,"EMCMO_CF7_N100_FE100000_run10_seed219710.mat"
"s09_biscop_confirmation","EMCMO","CF7","CF",100,100000,1,219701,100000,24.9749,0.364814718725384,0.3959266380806638,1,"EMCMO_CF7_N100_FE100000_run1_seed219701.mat"
"s09_biscop_confirmation","EMCMO","CF7","CF",100,100000,2,219702,100000,9.5767,0.171947460768399,0.4626902920036825,1,"EMCMO_CF7_N100_FE100000_run2_seed219702.mat"
"s09_biscop_confirmation","EMCMO","CF7","CF",100,100000,3,219703,100000,21.4979,0.2019426594532433,0.5329735323451518,1,"EMCMO_CF7_N100_FE100000_run3_seed219703.mat"
"s09_biscop_confirmation","EMCMO","CF7","CF",100,100000,4,219704,100000,28.4468,0.3021683310184074,0.4290979589979497,1,"EMCMO_CF7_N100_FE100000_run4_seed219704.mat"
"s09_biscop_confirmation","EMCMO","CF7","CF",100,100000,5,219705,100000,30.9186,0.3596420323765951,0.4032555350847547,1,"EMCMO_CF7_N100_FE100000_run5_seed219705.mat"
"s09_biscop_confirmation","EMCMO","CF7","CF",100,100000,6,219706,100000,19.6924,0.1893423981023541,0.4221113294082517,1,"EMCMO_CF7_N100_FE100000_run6_seed219706.mat"
"s09_biscop_confirmation","EMCMO","CF7","CF",100,100000,7,219707,100000,25.5814,0.3887061344958291,0.400982045200584,1,"EMCMO_CF7_N100_FE100000_run7_seed219707.mat"
"s09_biscop_confirmation","EMCMO","CF7","CF",100,100000,8,219708,100000,25.5195,0.230482371375687,0.5171026603899885,1,"EMCMO_CF7_N100_FE100000_run8_seed219708.mat"
"s09_biscop_confirmation","EMCMO","CF7","CF",100,100000,9,219709,100000,31.9881,0.7696312468226104,0.1277766800124264,1,"EMCMO_CF7_N100_FE100000_run9_seed219709.mat"
"s09_biscop_confirmation","EMCMO","CF8","CF",100,100000,10,219810,100000,26.8838,0.1929655075300643,0.2974102508466836,1,"EMCMO_CF8_N100_FE100000_run10_seed219810.mat"
"s09_biscop_confirmation","EMCMO","CF8","CF",100,100000,1,219801,100000,32.0482,0.2441545218945422,0.2443003069388759,1,"EMCMO_CF8_N100_FE100000_run1_seed219801.mat"
"s09_biscop_confirmation","EMCMO","CF8","CF",100,100000,2,219802,100000,26.1693,0.1787751538153428,0.2885294606038006,1,"EMCMO_CF8_N100_FE100000_run2_seed219802.mat"
"s09_biscop_confirmation","EMCMO","CF8","CF",100,100000,3,219803,100000,23.4649,0.1557165784292191,0.3349553180280365,1,"EMCMO_CF8_N100_FE100000_run3_seed219803.mat"
"s09_biscop_confirmation","EMCMO","CF8","CF",100,100000,4,219804,100000,24.3887,0.1387436759010333,0.3767304768654014,1,"EMCMO_CF8_N100_FE100000_run4_seed219804.mat"
"s09_biscop_confirmation","EMCMO","CF8","CF",100,100000,5,219805,100000,26.0808,0.1739882286946042,0.312883329277479,1,"EMCMO_CF8_N100_FE100000_run5_seed219805.mat"
"s09_biscop_confirmation","EMCMO","CF8","CF",100,100000,6,219806,100000,27.4425,0.1982213861282856,0.2758693800740384,1,"EMCMO_CF8_N100_FE100000_run6_seed219806.mat"
"s09_biscop_confirmation","EMCMO","CF8","CF",100,100000,7,219807,100000,45.8092,0.471809414609395,0.0707451140313624,1,"EMCMO_CF8_N100_FE100000_run7_seed219807.mat"
"s09_biscop_confirmation","EMCMO","CF8","CF",100,100000,8,219808,100000,25.8149,0.1699257441071119,0.3302321770162515,1,"EMCMO_CF8_N100_FE100000_run8_seed219808.mat"
"s09_biscop_confirmation","EMCMO","CF8","CF",100,100000,9,219809,100000,32.8922,0.28468222045325,0.1989359833973355,1,"EMCMO_CF8_N100_FE100000_run9_seed219809.mat"
"s09_biscop_confirmation","EMCMO","CF9","CF",100,100000,10,219910,100000,31.2199,0.08467609684144306,0.4346098337620468,1,"EMCMO_CF9_N100_FE100000_run10_seed219910.mat"
"s09_biscop_confirmation","EMCMO","CF9","CF",100,100000,1,219901,100000,30.6904,0.1227088457995938,0.4104183866122201,1,"EMCMO_CF9_N100_FE100000_run1_seed219901.mat"
"s09_biscop_confirmation","EMCMO","CF9","CF",100,100000,2,219902,100000,53.4004,0.2210749231761302,0.2523935137890694,1,"EMCMO_CF9_N100_FE100000_run2_seed219902.mat"
"s09_biscop_confirmation","EMCMO","CF9","CF",100,100000,3,219903,100000,36.716,0.1028262942168763,0.4096793751479037,1,"EMCMO_CF9_N100_FE100000_run3_seed219903.mat"
"s09_biscop_confirmation","EMCMO","CF9","CF",100,100000,4,219904,100000,31.6025,0.1045964873662299,0.4047902825290483,1,"EMCMO_CF9_N100_FE100000_run4_seed219904.mat"
"s09_biscop_confirmation","EMCMO","CF9","CF",100,100000,5,219905,100000,32.7601,0.1180687929008205,0.3816729152245179,1,"EMCMO_CF9_N100_FE100000_run5_seed219905.mat"
"s09_biscop_confirmation","EMCMO","CF9","CF",100,100000,6,219906,100000,30.6285,0.1091639595220142,0.3953234211095797,1,"EMCMO_CF9_N100_FE100000_run6_seed219906.mat"
"s09_biscop_confirmation","EMCMO","CF9","CF",100,100000,7,219907,100000,30.9738,0.110156747394268,0.3982522107069869,1,"EMCMO_CF9_N100_FE100000_run7_seed219907.mat"
"s09_biscop_confirmation","EMCMO","CF9","CF",100,100000,8,219908,100000,52.639,0.2386590314116551,0.2400581093516647,1,"EMCMO_CF9_N100_FE100000_run8_seed219908.mat"
"s09_biscop_confirmation","EMCMO","CF9","CF",100,100000,9,219909,100000,31.1596,0.09494685373577993,0.4230719269618705,1,"EMCMO_CF9_N100_FE100000_run9_seed219909.mat"
"s09_biscop_confirmation","EMCMO","DASCMOP1","DAS-CMOP",100,100000,10,221510,100000,7.5609,0.6968207676455737,0.0129383968391997,1,"EMCMO_DASCMOP1_N100_FE100000_run10_seed221510.mat"
"s09_biscop_confirmation","EMCMO","DASCMOP1","DAS-CMOP",100,100000,1,221501,100000,7.6875,0.7097116798979665,0.01110784227373084,1,"EMCMO_DASCMOP1_N100_FE100000_run1_seed221501.mat"
"s09_biscop_confirmation","EMCMO","DASCMOP1","DAS-CMOP",100,100000,2,221502,100000,7.5556,0.72827275667015,0.007255533132762195,1,"EMCMO_DASCMOP1_N100_FE100000_run2_seed221502.mat"
"s09_biscop_confirmation","EMCMO","DASCMOP1","DAS-CMOP",100,100000,3,221503,100000,7.4416,0.7433139017044772,0.004532789296993064,1,"EMCMO_DASCMOP1_N100_FE100000_run3_seed221503.mat"
"s09_biscop_confirmation","EMCMO","DASCMOP1","DAS-CMOP",100,100000,4,221504,100000,7.5586,0.7399571001033032,0.004621431041893977,1,"EMCMO_DASCMOP1_N100_FE100000_run4_seed221504.mat"
"s09_biscop_confirmation","EMCMO","DASCMOP1","DAS-CMOP",100,100000,5,221505,100000,7.4539,0.7210136253997842,0.008685204710980859,1,"EMCMO_DASCMOP1_N100_FE100000_run5_seed221505.mat"
"s09_biscop_confirmation","EMCMO","DASCMOP1","DAS-CMOP",100,100000,6,221506,100000,7.6494,0.7015716199384896,0.01256100107599717,1,"EMCMO_DASCMOP1_N100_FE100000_run6_seed221506.mat"
"s09_biscop_confirmation","EMCMO","DASCMOP1","DAS-CMOP",100,100000,7,221507,100000,7.5532,0.757559907158522,0.0008867962915140066,1,"EMCMO_DASCMOP1_N100_FE100000_run7_seed221507.mat"
"s09_biscop_confirmation","EMCMO","DASCMOP1","DAS-CMOP",100,100000,8,221508,100000,7.5347,0.7437956852228628,0.004077242906031724,1,"EMCMO_DASCMOP1_N100_FE100000_run8_seed221508.mat"
"s09_biscop_confirmation","EMCMO","DASCMOP1","DAS-CMOP",100,100000,9,221509,100000,7.4292,0.7411554212840977,0.004760203600279873,1,"EMCMO_DASCMOP1_N100_FE100000_run9_seed221509.mat"
"s09_biscop_confirmation","EMCMO","DASCMOP2","DAS-CMOP",100,100000,10,221610,100000,7.6607,0.2410964152781161,0.2574156333825631,1,"EMCMO_DASCMOP2_N100_FE100000_run10_seed221610.mat"
"s09_biscop_confirmation","EMCMO","DASCMOP2","DAS-CMOP",100,100000,1,221601,100000,7.5691,0.2417776524534906,0.2596416986697149,1,"EMCMO_DASCMOP2_N100_FE100000_run1_seed221601.mat"
"s09_biscop_confirmation","EMCMO","DASCMOP2","DAS-CMOP",100,100000,2,221602,100000,7.711,0.2351359298627229,0.2574837571440455,1,"EMCMO_DASCMOP2_N100_FE100000_run2_seed221602.mat"
"s09_biscop_confirmation","EMCMO","DASCMOP2","DAS-CMOP",100,100000,3,221603,100000,7.6894,0.2726651047854572,0.2603035875132817,1,"EMCMO_DASCMOP2_N100_FE100000_run3_seed221603.mat"
"s09_biscop_confirmation","EMCMO","DASCMOP2","DAS-CMOP",100,100000,4,221604,100000,7.678,0.2372969897067728,0.2560443944027397,1,"EMCMO_DASCMOP2_N100_FE100000_run4_seed221604.mat"
"s09_biscop_confirmation","EMCMO","DASCMOP2","DAS-CMOP",100,100000,5,221605,100000,7.6148,0.2524845358180008,0.2587731207451391,1,"EMCMO_DASCMOP2_N100_FE100000_run5_seed221605.mat"
"s09_biscop_confirmation","EMCMO","DASCMOP2","DAS-CMOP",100,100000,6,221606,100000,7.6546,0.2421511759920722,0.2561876887411086,1,"EMCMO_DASCMOP2_N100_FE100000_run6_seed221606.mat"
"s09_biscop_confirmation","EMCMO","DASCMOP2","DAS-CMOP",100,100000,7,221607,100000,7.5343,0.2338002808433683,0.2582535257022691,1,"EMCMO_DASCMOP2_N100_FE100000_run7_seed221607.mat"
"s09_biscop_confirmation","EMCMO","DASCMOP2","DAS-CMOP",100,100000,8,221608,100000,7.6846,0.2592013936331052,0.2595854883525566,1,"EMCMO_DASCMOP2_N100_FE100000_run8_seed221608.mat"
"s09_biscop_confirmation","EMCMO","DASCMOP2","DAS-CMOP",100,100000,9,221609,100000,7.6699,0.2583477142060618,0.2560633355826508,1,"EMCMO_DASCMOP2_N100_FE100000_run9_seed221609.mat"
"s09_biscop_confirmation","EMCMO","DASCMOP3","DAS-CMOP",100,100000,10,221710,100000,7.5731,0.2600416143144391,0.2505349667366484,1,"EMCMO_DASCMOP3_N100_FE100000_run10_seed221710.mat"
"s09_biscop_confirmation","EMCMO","DASCMOP3","DAS-CMOP",100,100000,1,221701,100000,7.5967,0.3470507775148609,0.2078764518022466,1,"EMCMO_DASCMOP3_N100_FE100000_run1_seed221701.mat"
"s09_biscop_confirmation","EMCMO","DASCMOP3","DAS-CMOP",100,100000,2,221702,100000,7.529,0.3442430077398483,0.2086587793213082,1,"EMCMO_DASCMOP3_N100_FE100000_run2_seed221702.mat"
"s09_biscop_confirmation","EMCMO","DASCMOP3","DAS-CMOP",100,100000,3,221703,100000,7.4264,0.3450895184669176,0.2079985893079044,1,"EMCMO_DASCMOP3_N100_FE100000_run3_seed221703.mat"
"s09_biscop_confirmation","EMCMO","DASCMOP3","DAS-CMOP",100,100000,4,221704,100000,7.6897,0.44517342022618,0.2081195932712289,1,"EMCMO_DASCMOP3_N100_FE100000_run4_seed221704.mat"
"s09_biscop_confirmation","EMCMO","DASCMOP3","DAS-CMOP",100,100000,5,221705,100000,8.1591,0.4449272395464816,0.2078472809391018,1,"EMCMO_DASCMOP3_N100_FE100000_run5_seed221705.mat"
"s09_biscop_confirmation","EMCMO","DASCMOP3","DAS-CMOP",100,100000,6,221706,100000,7.4568,0.3460962582025053,0.2081158622099233,1,"EMCMO_DASCMOP3_N100_FE100000_run6_seed221706.mat"
"s09_biscop_confirmation","EMCMO","DASCMOP3","DAS-CMOP",100,100000,7,221707,100000,7.4889,0.3438202604259876,0.2084748182824798,1,"EMCMO_DASCMOP3_N100_FE100000_run7_seed221707.mat"
"s09_biscop_confirmation","EMCMO","DASCMOP3","DAS-CMOP",100,100000,8,221708,100000,7.4921,0.345032659362674,0.2080936176643753,1,"EMCMO_DASCMOP3_N100_FE100000_run8_seed221708.mat"
"s09_biscop_confirmation","EMCMO","DASCMOP3","DAS-CMOP",100,100000,9,221709,100000,7.3455,0.3441226083428633,0.208519099308024,1,"EMCMO_DASCMOP3_N100_FE100000_run9_seed221709.mat"
"s09_biscop_confirmation","EMCMO","DASCMOP4","DAS-CMOP",100,100000,10,221810,100000,7.9446,0.004101858147416374,0.1956836493657548,1,"EMCMO_DASCMOP4_N100_FE100000_run10_seed221810.mat"
"s09_biscop_confirmation","EMCMO","DASCMOP4","DAS-CMOP",100,100000,1,221801,100000,8.3395,0.006187541094325754,0.201940917579895,1,"EMCMO_DASCMOP4_N100_FE100000_run1_seed221801.mat"
"s09_biscop_confirmation","EMCMO","DASCMOP4","DAS-CMOP",100,100000,2,221802,100000,8.4305,0.00403341782458796,0.1958167831111364,1,"EMCMO_DASCMOP4_N100_FE100000_run2_seed221802.mat"
"s09_biscop_confirmation","EMCMO","DASCMOP4","DAS-CMOP",100,100000,3,221803,100000,8.8107,0.004033382181279826,0.1958750520272133,1,"EMCMO_DASCMOP4_N100_FE100000_run3_seed221803.mat"
"s09_biscop_confirmation","EMCMO","DASCMOP4","DAS-CMOP",100,100000,4,221804,100000,8.6518,0.001157069710905438,0.2042702974638745,1,"EMCMO_DASCMOP4_N100_FE100000_run4_seed221804.mat"
"s09_biscop_confirmation","EMCMO","DASCMOP4","DAS-CMOP",100,100000,5,221805,100000,8.1345,0.00407950939339309,0.1957801328881825,1,"EMCMO_DASCMOP4_N100_FE100000_run5_seed221805.mat"
"s09_biscop_confirmation","EMCMO","DASCMOP4","DAS-CMOP",100,100000,6,221806,100000,8.3305,0.001152083466570695,0.2043029749143481,1,"EMCMO_DASCMOP4_N100_FE100000_run6_seed221806.mat"
"s09_biscop_confirmation","EMCMO","DASCMOP4","DAS-CMOP",100,100000,7,221807,100000,9.2197,0.004018715397463242,0.1958346814654495,1,"EMCMO_DASCMOP4_N100_FE100000_run7_seed221807.mat"
"s09_biscop_confirmation","EMCMO","DASCMOP4","DAS-CMOP",100,100000,8,221808,100000,9.3891,0.001131294373191444,0.2043524868452515,1,"EMCMO_DASCMOP4_N100_FE100000_run8_seed221808.mat"
"s09_biscop_confirmation","EMCMO","DASCMOP4","DAS-CMOP",100,100000,9,221809,100000,9.0408,0.004216456843636213,0.1958858939289324,1,"EMCMO_DASCMOP4_N100_FE100000_run9_seed221809.mat"
"s09_biscop_confirmation","EMCMO","DASCMOP5","DAS-CMOP",100,100000,10,221910,100000,8.2701,0.003085914319857914,0.3510871114341441,1,"EMCMO_DASCMOP5_N100_FE100000_run10_seed221910.mat"
"s09_biscop_confirmation","EMCMO","DASCMOP5","DAS-CMOP",100,100000,1,221901,100000,7.9865,0.002640229444332231,0.3514262709474033,1,"EMCMO_DASCMOP5_N100_FE100000_run1_seed221901.mat"
"s09_biscop_confirmation","EMCMO","DASCMOP5","DAS-CMOP",100,100000,2,221902,100000,8.0936,0.002880866563579026,0.3510902959332328,1,"EMCMO_DASCMOP5_N100_FE100000_run2_seed221902.mat"
"s09_biscop_confirmation","EMCMO","DASCMOP5","DAS-CMOP",100,100000,3,221903,100000,8.182,0.002805278201110609,0.3513954836635096,1,"EMCMO_DASCMOP5_N100_FE100000_run3_seed221903.mat"
"s09_biscop_confirmation","EMCMO","DASCMOP5","DAS-CMOP",100,100000,4,221904,100000,8.9568,0.002881197870790982,0.3515988856568394,1,"EMCMO_DASCMOP5_N100_FE100000_run4_seed221904.mat"
"s09_biscop_confirmation","EMCMO","DASCMOP5","DAS-CMOP",100,100000,5,221905,100000,8.2973,0.002747437458416094,0.35153792607989,1,"EMCMO_DASCMOP5_N100_FE100000_run5_seed221905.mat"
"s09_biscop_confirmation","EMCMO","DASCMOP5","DAS-CMOP",100,100000,6,221906,100000,8.4351,0.002788254879180786,0.3514379960286578,1,"EMCMO_DASCMOP5_N100_FE100000_run6_seed221906.mat"
"s09_biscop_confirmation","EMCMO","DASCMOP5","DAS-CMOP",100,100000,7,221907,100000,8.1076,0.002693423037693241,0.3513604423366845,1,"EMCMO_DASCMOP5_N100_FE100000_run7_seed221907.mat"
"s09_biscop_confirmation","EMCMO","DASCMOP5","DAS-CMOP",100,100000,8,221908,100000,8.343,0.002881496880395496,0.3515016972538779,1,"EMCMO_DASCMOP5_N100_FE100000_run8_seed221908.mat"
"s09_biscop_confirmation","EMCMO","DASCMOP5","DAS-CMOP",100,100000,9,221909,100000,8.3626,0.002717113878548508,0.351432011082936,1,"EMCMO_DASCMOP5_N100_FE100000_run9_seed221909.mat"
"s09_biscop_confirmation","EMCMO","DASCMOP6","DAS-CMOP",100,100000,10,222010,100000,7.7505,0.09479972307249206,0.3025421707740636,1,"EMCMO_DASCMOP6_N100_FE100000_run10_seed222010.mat"
"s09_biscop_confirmation","EMCMO","DASCMOP6","DAS-CMOP",100,100000,1,222001,100000,7.611,0.04433999996197895,0.3052868827306731,1,"EMCMO_DASCMOP6_N100_FE100000_run1_seed222001.mat"
"s09_biscop_confirmation","EMCMO","DASCMOP6","DAS-CMOP",100,100000,2,222002,100000,7.7222,0.02037798231258167,0.3110023438710291,1,"EMCMO_DASCMOP6_N100_FE100000_run2_seed222002.mat"
"s09_biscop_confirmation","EMCMO","DASCMOP6","DAS-CMOP",100,100000,3,222003,100000,7.4992,0.04170465365382604,0.2925287214849512,1,"EMCMO_DASCMOP6_N100_FE100000_run3_seed222003.mat"
"s09_biscop_confirmation","EMCMO","DASCMOP6","DAS-CMOP",100,100000,4,222004,100000,7.7615,0.01949102302992726,0.312064772853654,1,"EMCMO_DASCMOP6_N100_FE100000_run4_seed222004.mat"
"s09_biscop_confirmation","EMCMO","DASCMOP6","DAS-CMOP",100,100000,5,222005,100000,7.6556,0.0409976826359997,0.2928625821235824,1,"EMCMO_DASCMOP6_N100_FE100000_run5_seed222005.mat"
"s09_biscop_confirmation","EMCMO","DASCMOP6","DAS-CMOP",100,100000,6,222006,100000,7.6893,0.02445076901163941,0.3105689716221376,1,"EMCMO_DASCMOP6_N100_FE100000_run6_seed222006.mat"
"s09_biscop_confirmation","EMCMO","DASCMOP6","DAS-CMOP",100,100000,7,222007,100000,8.1747,0.09500692733857646,0.3024521606189987,1,"EMCMO_DASCMOP6_N100_FE100000_run7_seed222007.mat"
"s09_biscop_confirmation","EMCMO","DASCMOP6","DAS-CMOP",100,100000,8,222008,100000,7.7553,0.02067388383513733,0.311618816834711,1,"EMCMO_DASCMOP6_N100_FE100000_run8_seed222008.mat"
"s09_biscop_confirmation","EMCMO","DASCMOP6","DAS-CMOP",100,100000,9,222009,100000,7.9729,0.01960900969650403,0.3118923795999204,1,"EMCMO_DASCMOP6_N100_FE100000_run9_seed222009.mat"
"s09_biscop_confirmation","EMCMO","DASCMOP7","DAS-CMOP",100,100000,10,222110,100000,12.2956,0.03102436261817187,0.2888752367228259,1,"EMCMO_DASCMOP7_N100_FE100000_run10_seed222110.mat"
"s09_biscop_confirmation","EMCMO","DASCMOP7","DAS-CMOP",100,100000,1,222101,100000,13.1772,0.03003619204576861,0.2889260640716977,1,"EMCMO_DASCMOP7_N100_FE100000_run1_seed222101.mat"
"s09_biscop_confirmation","EMCMO","DASCMOP7","DAS-CMOP",100,100000,2,222102,100000,15.0355,0.0300632649151102,0.2881683494745057,1,"EMCMO_DASCMOP7_N100_FE100000_run2_seed222102.mat"
"s09_biscop_confirmation","EMCMO","DASCMOP7","DAS-CMOP",100,100000,3,222103,100000,14.0021,0.03096242509807481,0.2885467110004095,1,"EMCMO_DASCMOP7_N100_FE100000_run3_seed222103.mat"
"s09_biscop_confirmation","EMCMO","DASCMOP7","DAS-CMOP",100,100000,4,222104,100000,12.297,0.03092413073558457,0.2886911736134479,1,"EMCMO_DASCMOP7_N100_FE100000_run4_seed222104.mat"
"s09_biscop_confirmation","EMCMO","DASCMOP7","DAS-CMOP",100,100000,5,222105,100000,12.1156,0.03131196527135815,0.2885513267711375,1,"EMCMO_DASCMOP7_N100_FE100000_run5_seed222105.mat"
"s09_biscop_confirmation","EMCMO","DASCMOP7","DAS-CMOP",100,100000,6,222106,100000,11.736,0.03006211747733188,0.2880568669751232,1,"EMCMO_DASCMOP7_N100_FE100000_run6_seed222106.mat"
"s09_biscop_confirmation","EMCMO","DASCMOP7","DAS-CMOP",100,100000,7,222107,100000,13.2474,0.03128004578824331,0.2890497879071878,1,"EMCMO_DASCMOP7_N100_FE100000_run7_seed222107.mat"
"s09_biscop_confirmation","EMCMO","DASCMOP7","DAS-CMOP",100,100000,8,222108,100000,12.5934,0.03136567325508838,0.2890096800821655,1,"EMCMO_DASCMOP7_N100_FE100000_run8_seed222108.mat"
"s09_biscop_confirmation","EMCMO","DASCMOP7","DAS-CMOP",100,100000,9,222109,100000,11.71,0.03002242381419445,0.2883813104295595,1,"EMCMO_DASCMOP7_N100_FE100000_run9_seed222109.mat"
"s09_biscop_confirmation","EMCMO","DASCMOP8","DAS-CMOP",100,100000,10,222210,100000,11.2362,0.03924700898598534,0.2073808189160272,1,"EMCMO_DASCMOP8_N100_FE100000_run10_seed222210.mat"
"s09_biscop_confirmation","EMCMO","DASCMOP8","DAS-CMOP",100,100000,1,222201,100000,11.3159,0.04023802770149786,0.2075274859977739,1,"EMCMO_DASCMOP8_N100_FE100000_run1_seed222201.mat"
"s09_biscop_confirmation","EMCMO","DASCMOP8","DAS-CMOP",100,100000,2,222202,100000,11.3128,0.04074738457025689,0.2076854602173602,1,"EMCMO_DASCMOP8_N100_FE100000_run2_seed222202.mat"
"s09_biscop_confirmation","EMCMO","DASCMOP8","DAS-CMOP",100,100000,3,222203,100000,9.9269,0.04015217380811758,0.2064779007912421,1,"EMCMO_DASCMOP8_N100_FE100000_run3_seed222203.mat"
"s09_biscop_confirmation","EMCMO","DASCMOP8","DAS-CMOP",100,100000,4,222204,100000,11.1292,0.04034972411785447,0.2068233053983269,1,"EMCMO_DASCMOP8_N100_FE100000_run4_seed222204.mat"
"s09_biscop_confirmation","EMCMO","DASCMOP8","DAS-CMOP",100,100000,5,222205,100000,12.9874,0.04159753024440822,0.206488175804262,1,"EMCMO_DASCMOP8_N100_FE100000_run5_seed222205.mat"
"s09_biscop_confirmation","EMCMO","DASCMOP8","DAS-CMOP",100,100000,6,222206,100000,12.6093,0.03988858206993521,0.2080949900470101,1,"EMCMO_DASCMOP8_N100_FE100000_run6_seed222206.mat"
"s09_biscop_confirmation","EMCMO","DASCMOP8","DAS-CMOP",100,100000,7,222207,100000,10.1922,0.03991099589050159,0.2073264916457264,1,"EMCMO_DASCMOP8_N100_FE100000_run7_seed222207.mat"
"s09_biscop_confirmation","EMCMO","DASCMOP8","DAS-CMOP",100,100000,8,222208,100000,13.9104,0.04001556759452897,0.2079462828495565,1,"EMCMO_DASCMOP8_N100_FE100000_run8_seed222208.mat"
"s09_biscop_confirmation","EMCMO","DASCMOP8","DAS-CMOP",100,100000,9,222209,100000,12.4074,0.03977873567424954,0.2070947509300197,1,"EMCMO_DASCMOP8_N100_FE100000_run9_seed222209.mat"
"s09_biscop_confirmation","EMCMO","DASCMOP9","DAS-CMOP",100,100000,10,222310,100000,9.1215,0.3357438526417527,0.1340920828585695,1,"EMCMO_DASCMOP9_N100_FE100000_run10_seed222310.mat"
"s09_biscop_confirmation","EMCMO","DASCMOP9","DAS-CMOP",100,100000,1,222301,100000,8.9774,0.3707960006825166,0.1249721570507958,1,"EMCMO_DASCMOP9_N100_FE100000_run1_seed222301.mat"
"s09_biscop_confirmation","EMCMO","DASCMOP9","DAS-CMOP",100,100000,2,222302,100000,8.9351,0.251643247197525,0.1473606403848338,1,"EMCMO_DASCMOP9_N100_FE100000_run2_seed222302.mat"
"s09_biscop_confirmation","EMCMO","DASCMOP9","DAS-CMOP",100,100000,3,222303,100000,8.7934,0.3313593130709914,0.133026814293315,1,"EMCMO_DASCMOP9_N100_FE100000_run3_seed222303.mat"
"s09_biscop_confirmation","EMCMO","DASCMOP9","DAS-CMOP",100,100000,4,222304,100000,9.0402,0.253594014957982,0.1459141681098027,1,"EMCMO_DASCMOP9_N100_FE100000_run4_seed222304.mat"
"s09_biscop_confirmation","EMCMO","DASCMOP9","DAS-CMOP",100,100000,5,222305,100000,9.0199,0.3569883126092072,0.1319338601205756,1,"EMCMO_DASCMOP9_N100_FE100000_run5_seed222305.mat"
"s09_biscop_confirmation","EMCMO","DASCMOP9","DAS-CMOP",100,100000,6,222306,100000,8.9104,0.2654157455787758,0.1450512539211881,1,"EMCMO_DASCMOP9_N100_FE100000_run6_seed222306.mat"
"s09_biscop_confirmation","EMCMO","DASCMOP9","DAS-CMOP",100,100000,7,222307,100000,8.7724,0.4145144766869414,0.1160842345040864,1,"EMCMO_DASCMOP9_N100_FE100000_run7_seed222307.mat"
"s09_biscop_confirmation","EMCMO","DASCMOP9","DAS-CMOP",100,100000,8,222308,100000,8.8687,0.3758851733011809,0.1252341305379714,1,"EMCMO_DASCMOP9_N100_FE100000_run8_seed222308.mat"
"s09_biscop_confirmation","EMCMO","DASCMOP9","DAS-CMOP",100,100000,9,222309,100000,8.8222,0.432399927012635,0.1148911779393906,1,"EMCMO_DASCMOP9_N100_FE100000_run9_seed222309.mat"
"s09_biscop_confirmation","EMCMO","LIRCMOP10","LIR-CMOP",100,100000,10,221010,100000,16.4247,0.3088931004548858,0.5333633805179105,1,"EMCMO_LIRCMOP10_N100_FE100000_run10_seed221010.mat"
"s09_biscop_confirmation","EMCMO","LIRCMOP10","LIR-CMOP",100,100000,1,221001,100000,17.5274,0.1267986547795653,0.6368603252445808,1,"EMCMO_LIRCMOP10_N100_FE100000_run1_seed221001.mat"
"s09_biscop_confirmation","EMCMO","LIRCMOP10","LIR-CMOP",100,100000,2,221002,100000,19.8687,0.2446943884979298,0.577090839751467,1,"EMCMO_LIRCMOP10_N100_FE100000_run2_seed221002.mat"
"s09_biscop_confirmation","EMCMO","LIRCMOP10","LIR-CMOP",100,100000,3,221003,100000,17.4573,0.1745782866594795,0.6107751730514444,1,"EMCMO_LIRCMOP10_N100_FE100000_run3_seed221003.mat"
"s09_biscop_confirmation","EMCMO","LIRCMOP10","LIR-CMOP",100,100000,4,221004,100000,16.7952,0.1397888186915599,0.6216186675742384,1,"EMCMO_LIRCMOP10_N100_FE100000_run4_seed221004.mat"
"s09_biscop_confirmation","EMCMO","LIRCMOP10","LIR-CMOP",100,100000,5,221005,100000,22.0349,0.1317700718961455,0.6308596458011532,1,"EMCMO_LIRCMOP10_N100_FE100000_run5_seed221005.mat"
"s09_biscop_confirmation","EMCMO","LIRCMOP10","LIR-CMOP",100,100000,6,221006,100000,15.8354,0.1369466993004023,0.628433366914354,1,"EMCMO_LIRCMOP10_N100_FE100000_run6_seed221006.mat"
"s09_biscop_confirmation","EMCMO","LIRCMOP10","LIR-CMOP",100,100000,7,221007,100000,18.9001,0.1599749687549892,0.6280199897989351,1,"EMCMO_LIRCMOP10_N100_FE100000_run7_seed221007.mat"
"s09_biscop_confirmation","EMCMO","LIRCMOP10","LIR-CMOP",100,100000,8,221008,100000,19.1039,0.1947001410060614,0.5944751467760861,1,"EMCMO_LIRCMOP10_N100_FE100000_run8_seed221008.mat"
"s09_biscop_confirmation","EMCMO","LIRCMOP10","LIR-CMOP",100,100000,9,221009,100000,19.2809,0.1181259280307131,0.6416006255873546,1,"EMCMO_LIRCMOP10_N100_FE100000_run9_seed221009.mat"
"s09_biscop_confirmation","EMCMO","LIRCMOP11","LIR-CMOP",100,100000,10,221110,100000,14.6052,0.1426613495305313,0.6555216040550031,1,"EMCMO_LIRCMOP11_N100_FE100000_run10_seed221110.mat"
"s09_biscop_confirmation","EMCMO","LIRCMOP11","LIR-CMOP",100,100000,1,221101,100000,12.7595,0.07310098660244389,0.6683384007446596,1,"EMCMO_LIRCMOP11_N100_FE100000_run1_seed221101.mat"
"s09_biscop_confirmation","EMCMO","LIRCMOP11","LIR-CMOP",100,100000,2,221102,100000,14.1951,0.02386665309678554,0.6776490434579118,1,"EMCMO_LIRCMOP11_N100_FE100000_run2_seed221102.mat"
"s09_biscop_confirmation","EMCMO","LIRCMOP11","LIR-CMOP",100,100000,3,221103,100000,12.8272,0.07411176484125846,0.6590418311880331,1,"EMCMO_LIRCMOP11_N100_FE100000_run3_seed221103.mat"
"s09_biscop_confirmation","EMCMO","LIRCMOP11","LIR-CMOP",100,100000,4,221104,100000,13.1787,0.164131851629453,0.6404753747323471,1,"EMCMO_LIRCMOP11_N100_FE100000_run4_seed221104.mat"
"s09_biscop_confirmation","EMCMO","LIRCMOP11","LIR-CMOP",100,100000,5,221105,100000,14.4049,0.08102554985720407,0.657498972480882,1,"EMCMO_LIRCMOP11_N100_FE100000_run5_seed221105.mat"
"s09_biscop_confirmation","EMCMO","LIRCMOP11","LIR-CMOP",100,100000,6,221106,100000,8.8429,0.1569476118457704,0.6399824488505926,1,"EMCMO_LIRCMOP11_N100_FE100000_run6_seed221106.mat"
"s09_biscop_confirmation","EMCMO","LIRCMOP11","LIR-CMOP",100,100000,7,221107,100000,13.2222,0.007574478438550874,0.6902154262846061,1,"EMCMO_LIRCMOP11_N100_FE100000_run7_seed221107.mat"
"s09_biscop_confirmation","EMCMO","LIRCMOP11","LIR-CMOP",100,100000,8,221108,100000,10.0834,0.1582095246712867,0.6382402012266318,1,"EMCMO_LIRCMOP11_N100_FE100000_run8_seed221108.mat"
"s09_biscop_confirmation","EMCMO","LIRCMOP11","LIR-CMOP",100,100000,9,221109,100000,11.3685,0.07636478187090023,0.663924400114178,1,"EMCMO_LIRCMOP11_N100_FE100000_run9_seed221109.mat"
"s09_biscop_confirmation","EMCMO","LIRCMOP12","LIR-CMOP",100,100000,10,221210,100000,7.8523,0.1776027297447371,0.5193740698576984,1,"EMCMO_LIRCMOP12_N100_FE100000_run10_seed221210.mat"
"s09_biscop_confirmation","EMCMO","LIRCMOP12","LIR-CMOP",100,100000,1,221201,100000,7.9004,0.507957712259252,0.4628658327459226,1,"EMCMO_LIRCMOP12_N100_FE100000_run1_seed221201.mat"
"s09_biscop_confirmation","EMCMO","LIRCMOP12","LIR-CMOP",100,100000,2,221202,100000,7.8634,0.2991320186844713,0.4667871714731077,1,"EMCMO_LIRCMOP12_N100_FE100000_run2_seed221202.mat"
"s09_biscop_confirmation","EMCMO","LIRCMOP12","LIR-CMOP",100,100000,3,221203,100000,8.1507,0.2860890953503721,0.470704870084299,1,"EMCMO_LIRCMOP12_N100_FE100000_run3_seed221203.mat"
"s09_biscop_confirmation","EMCMO","LIRCMOP12","LIR-CMOP",100,100000,4,221204,100000,7.8034,0.1468540746360158,0.5466654067794052,1,"EMCMO_LIRCMOP12_N100_FE100000_run4_seed221204.mat"
"s09_biscop_confirmation","EMCMO","LIRCMOP12","LIR-CMOP",100,100000,5,221205,100000,7.7755,0.245374675554681,0.5068299234083364,1,"EMCMO_LIRCMOP12_N100_FE100000_run5_seed221205.mat"
"s09_biscop_confirmation","EMCMO","LIRCMOP12","LIR-CMOP",100,100000,6,221206,100000,7.8662,0.369210280116582,0.4337488229692197,1,"EMCMO_LIRCMOP12_N100_FE100000_run6_seed221206.mat"
"s09_biscop_confirmation","EMCMO","LIRCMOP12","LIR-CMOP",100,100000,7,221207,100000,7.8022,0.2705443273632793,0.4786659566177559,1,"EMCMO_LIRCMOP12_N100_FE100000_run7_seed221207.mat"
"s09_biscop_confirmation","EMCMO","LIRCMOP12","LIR-CMOP",100,100000,8,221208,100000,8.3821,0.2668720746178501,0.4900976194743721,1,"EMCMO_LIRCMOP12_N100_FE100000_run8_seed221208.mat"
"s09_biscop_confirmation","EMCMO","LIRCMOP12","LIR-CMOP",100,100000,9,221209,100000,7.8032,0.1449784108832614,0.5435525552506071,1,"EMCMO_LIRCMOP12_N100_FE100000_run9_seed221209.mat"
"s09_biscop_confirmation","EMCMO","LIRCMOP13","LIR-CMOP",100,100000,10,221310,100000,58.2344,0.09000765746188984,0.5601735421535519,1,"EMCMO_LIRCMOP13_N100_FE100000_run10_seed221310.mat"
"s09_biscop_confirmation","EMCMO","LIRCMOP13","LIR-CMOP",100,100000,1,221301,100000,57.5224,0.09137788325394942,0.560903196532488,1,"EMCMO_LIRCMOP13_N100_FE100000_run1_seed221301.mat"
"s09_biscop_confirmation","EMCMO","LIRCMOP13","LIR-CMOP",100,100000,2,221302,100000,57.3493,0.0894744516290628,0.5611609864295268,1,"EMCMO_LIRCMOP13_N100_FE100000_run2_seed221302.mat"
"s09_biscop_confirmation","EMCMO","LIRCMOP13","LIR-CMOP",100,100000,3,221303,100000,57.3982,0.090338555127449,0.5618438391690095,1,"EMCMO_LIRCMOP13_N100_FE100000_run3_seed221303.mat"
"s09_biscop_confirmation","EMCMO","LIRCMOP13","LIR-CMOP",100,100000,4,221304,100000,58.7717,0.09098018008411743,0.5575685725201418,1,"EMCMO_LIRCMOP13_N100_FE100000_run4_seed221304.mat"
"s09_biscop_confirmation","EMCMO","LIRCMOP13","LIR-CMOP",100,100000,5,221305,100000,57.667,0.09082694145567174,0.5595960085667462,1,"EMCMO_LIRCMOP13_N100_FE100000_run5_seed221305.mat"
"s09_biscop_confirmation","EMCMO","LIRCMOP13","LIR-CMOP",100,100000,6,221306,100000,57.7686,0.08968908566432313,0.5592448960437278,1,"EMCMO_LIRCMOP13_N100_FE100000_run6_seed221306.mat"
"s09_biscop_confirmation","EMCMO","LIRCMOP13","LIR-CMOP",100,100000,7,221307,100000,58.1134,0.09012613996301168,0.5597822460413051,1,"EMCMO_LIRCMOP13_N100_FE100000_run7_seed221307.mat"
"s09_biscop_confirmation","EMCMO","LIRCMOP13","LIR-CMOP",100,100000,8,221308,100000,57.8854,0.0917461529725902,0.5589760846524978,1,"EMCMO_LIRCMOP13_N100_FE100000_run8_seed221308.mat"
"s09_biscop_confirmation","EMCMO","LIRCMOP13","LIR-CMOP",100,100000,9,221309,100000,57.1555,0.09187040718769414,0.5585277133179032,1,"EMCMO_LIRCMOP13_N100_FE100000_run9_seed221309.mat"
"s09_biscop_confirmation","EMCMO","LIRCMOP14","LIR-CMOP",100,100000,10,221410,100000,28.0193,0.09519790465217128,0.5564367530850238,1,"EMCMO_LIRCMOP14_N100_FE100000_run10_seed221410.mat"
"s09_biscop_confirmation","EMCMO","LIRCMOP14","LIR-CMOP",100,100000,1,221401,100000,28.0103,0.09497746001174583,0.5543286304792583,1,"EMCMO_LIRCMOP14_N100_FE100000_run1_seed221401.mat"
"s09_biscop_confirmation","EMCMO","LIRCMOP14","LIR-CMOP",100,100000,2,221402,100000,29.3809,0.09485699420406693,0.5553350180501884,1,"EMCMO_LIRCMOP14_N100_FE100000_run2_seed221402.mat"
"s09_biscop_confirmation","EMCMO","LIRCMOP14","LIR-CMOP",100,100000,3,221403,100000,26.9062,0.09615031826092309,0.55440618380482,1,"EMCMO_LIRCMOP14_N100_FE100000_run3_seed221403.mat"
"s09_biscop_confirmation","EMCMO","LIRCMOP14","LIR-CMOP",100,100000,4,221404,100000,29.4784,0.09540958978850893,0.5529375284163061,1,"EMCMO_LIRCMOP14_N100_FE100000_run4_seed221404.mat"
"s09_biscop_confirmation","EMCMO","LIRCMOP14","LIR-CMOP",100,100000,5,221405,100000,29.0857,0.09486265070405157,0.5540243928324471,1,"EMCMO_LIRCMOP14_N100_FE100000_run5_seed221405.mat"
"s09_biscop_confirmation","EMCMO","LIRCMOP14","LIR-CMOP",100,100000,6,221406,100000,29.3038,0.09570212457293982,0.5551830616735337,1,"EMCMO_LIRCMOP14_N100_FE100000_run6_seed221406.mat"
"s09_biscop_confirmation","EMCMO","LIRCMOP14","LIR-CMOP",100,100000,7,221407,100000,28.9393,0.09548356483829923,0.5541354935287209,1,"EMCMO_LIRCMOP14_N100_FE100000_run7_seed221407.mat"
"s09_biscop_confirmation","EMCMO","LIRCMOP14","LIR-CMOP",100,100000,8,221408,100000,29.1416,0.09629930893502676,0.5551136282279039,1,"EMCMO_LIRCMOP14_N100_FE100000_run8_seed221408.mat"
"s09_biscop_confirmation","EMCMO","LIRCMOP14","LIR-CMOP",100,100000,9,221409,100000,28.581,0.09425058825099562,0.5546928967346518,1,"EMCMO_LIRCMOP14_N100_FE100000_run9_seed221409.mat"
"s09_biscop_confirmation","EMCMO","LIRCMOP1","LIR-CMOP",100,100000,10,220110,100000,7.4955,0.2968802087950688,0.1112496542345023,1,"EMCMO_LIRCMOP1_N100_FE100000_run10_seed220110.mat"
"s09_biscop_confirmation","EMCMO","LIRCMOP1","LIR-CMOP",100,100000,1,220101,100000,7.2397,0.2827923231490042,0.1158016843427933,1,"EMCMO_LIRCMOP1_N100_FE100000_run1_seed220101.mat"
"s09_biscop_confirmation","EMCMO","LIRCMOP1","LIR-CMOP",100,100000,2,220102,100000,7.3433,0.2697104186536193,0.124353900830476,1,"EMCMO_LIRCMOP1_N100_FE100000_run2_seed220102.mat"
"s09_biscop_confirmation","EMCMO","LIRCMOP1","LIR-CMOP",100,100000,3,220103,100000,7.3589,0.2290513269595259,0.1297562887461691,1,"EMCMO_LIRCMOP1_N100_FE100000_run3_seed220103.mat"
"s09_biscop_confirmation","EMCMO","LIRCMOP1","LIR-CMOP",100,100000,4,220104,100000,7.4309,0.2717569199266221,0.1221255505599758,1,"EMCMO_LIRCMOP1_N100_FE100000_run4_seed220104.mat"
"s09_biscop_confirmation","EMCMO","LIRCMOP1","LIR-CMOP",100,100000,5,220105,100000,7.3186,0.2375722752169215,0.1288014032916141,1,"EMCMO_LIRCMOP1_N100_FE100000_run5_seed220105.mat"
"s09_biscop_confirmation","EMCMO","LIRCMOP1","LIR-CMOP",100,100000,6,220106,100000,7.3048,0.2232664307239089,0.1294874388098844,1,"EMCMO_LIRCMOP1_N100_FE100000_run6_seed220106.mat"
"s09_biscop_confirmation","EMCMO","LIRCMOP1","LIR-CMOP",100,100000,7,220107,100000,7.2017,0.295885624105,0.1135407430066846,1,"EMCMO_LIRCMOP1_N100_FE100000_run7_seed220107.mat"
"s09_biscop_confirmation","EMCMO","LIRCMOP1","LIR-CMOP",100,100000,8,220108,100000,7.308,0.2516998875890923,0.1371758026051942,1,"EMCMO_LIRCMOP1_N100_FE100000_run8_seed220108.mat"
"s09_biscop_confirmation","EMCMO","LIRCMOP1","LIR-CMOP",100,100000,9,220109,100000,7.3929,0.2559300574637952,0.1287401935046201,1,"EMCMO_LIRCMOP1_N100_FE100000_run9_seed220109.mat"
"s09_biscop_confirmation","EMCMO","LIRCMOP2","LIR-CMOP",100,100000,10,220210,100000,7.2639,0.2646167211499388,0.2231021986882083,1,"EMCMO_LIRCMOP2_N100_FE100000_run10_seed220210.mat"
"s09_biscop_confirmation","EMCMO","LIRCMOP2","LIR-CMOP",100,100000,1,220201,100000,7.2771,0.1480640136681635,0.2853419004524931,1,"EMCMO_LIRCMOP2_N100_FE100000_run1_seed220201.mat"
"s09_biscop_confirmation","EMCMO","LIRCMOP2","LIR-CMOP",100,100000,2,220202,100000,7.2696,0.2013352218763848,0.2643004284900609,1,"EMCMO_LIRCMOP2_N100_FE100000_run2_seed220202.mat"
"s09_biscop_confirmation","EMCMO","LIRCMOP2","LIR-CMOP",100,100000,3,220203,100000,7.3173,0.2444018392402814,0.2334515199455166,1,"EMCMO_LIRCMOP2_N100_FE100000_run3_seed220203.mat"
"s09_biscop_confirmation","EMCMO","LIRCMOP2","LIR-CMOP",100,100000,4,220204,100000,7.3848,0.3070949333896863,0.2212099133510229,1,"EMCMO_LIRCMOP2_N100_FE100000_run4_seed220204.mat"
"s09_biscop_confirmation","EMCMO","LIRCMOP2","LIR-CMOP",100,100000,5,220205,100000,7.4102,0.2265619468404569,0.246087437422873,1,"EMCMO_LIRCMOP2_N100_FE100000_run5_seed220205.mat"
"s09_biscop_confirmation","EMCMO","LIRCMOP2","LIR-CMOP",100,100000,6,220206,100000,7.4157,0.263315899914802,0.2251935267311809,1,"EMCMO_LIRCMOP2_N100_FE100000_run6_seed220206.mat"
"s09_biscop_confirmation","EMCMO","LIRCMOP2","LIR-CMOP",100,100000,7,220207,100000,7.4849,0.2399171874828899,0.2425035780948996,1,"EMCMO_LIRCMOP2_N100_FE100000_run7_seed220207.mat"
"s09_biscop_confirmation","EMCMO","LIRCMOP2","LIR-CMOP",100,100000,8,220208,100000,7.3127,0.1793905729846924,0.2658974150482547,1,"EMCMO_LIRCMOP2_N100_FE100000_run8_seed220208.mat"
"s09_biscop_confirmation","EMCMO","LIRCMOP2","LIR-CMOP",100,100000,9,220209,100000,7.3256,0.2828753314790269,0.2207592216456094,1,"EMCMO_LIRCMOP2_N100_FE100000_run9_seed220209.mat"
"s09_biscop_confirmation","EMCMO","LIRCMOP3","LIR-CMOP",100,100000,10,220310,100000,7.33,0.2774603895971668,0.1155521637556994,1,"EMCMO_LIRCMOP3_N100_FE100000_run10_seed220310.mat"
"s09_biscop_confirmation","EMCMO","LIRCMOP3","LIR-CMOP",100,100000,1,220301,100000,7.551,0.2728423079074744,0.1167379016446162,1,"EMCMO_LIRCMOP3_N100_FE100000_run1_seed220301.mat"
"s09_biscop_confirmation","EMCMO","LIRCMOP3","LIR-CMOP",100,100000,2,220302,100000,7.5878,0.3327444213796611,0.08873845581869469,1,"EMCMO_LIRCMOP3_N100_FE100000_run2_seed220302.mat"
"s09_biscop_confirmation","EMCMO","LIRCMOP3","LIR-CMOP",100,100000,3,220303,100000,7.3886,0.2799280967773511,0.1138023414837915,1,"EMCMO_LIRCMOP3_N100_FE100000_run3_seed220303.mat"
"s09_biscop_confirmation","EMCMO","LIRCMOP3","LIR-CMOP",100,100000,4,220304,100000,7.3015,0.2360408201176844,0.1304022796266174,1,"EMCMO_LIRCMOP3_N100_FE100000_run4_seed220304.mat"
"s09_biscop_confirmation","EMCMO","LIRCMOP3","LIR-CMOP",100,100000,5,220305,100000,7.3303,0.2207155433875422,0.1266012479053123,1,"EMCMO_LIRCMOP3_N100_FE100000_run5_seed220305.mat"
"s09_biscop_confirmation","EMCMO","LIRCMOP3","LIR-CMOP",100,100000,6,220306,100000,7.2265,0.185105588182709,0.1405138813455589,1,"EMCMO_LIRCMOP3_N100_FE100000_run6_seed220306.mat"
"s09_biscop_confirmation","EMCMO","LIRCMOP3","LIR-CMOP",100,100000,7,220307,100000,7.6479,0.3280215517605005,0.09755636108424566,1,"EMCMO_LIRCMOP3_N100_FE100000_run7_seed220307.mat"
"s09_biscop_confirmation","EMCMO","LIRCMOP3","LIR-CMOP",100,100000,8,220308,100000,7.3603,0.3385088169159629,0.08701005299267189,1,"EMCMO_LIRCMOP3_N100_FE100000_run8_seed220308.mat"
"s09_biscop_confirmation","EMCMO","LIRCMOP3","LIR-CMOP",100,100000,9,220309,100000,7.2087,0.3307751183941278,0.09691986872256914,1,"EMCMO_LIRCMOP3_N100_FE100000_run9_seed220309.mat"
"s09_biscop_confirmation","EMCMO","LIRCMOP4","LIR-CMOP",100,100000,10,220410,100000,7.5352,0.303000701503834,0.1843797998714795,1,"EMCMO_LIRCMOP4_N100_FE100000_run10_seed220410.mat"
"s09_biscop_confirmation","EMCMO","LIRCMOP4","LIR-CMOP",100,100000,1,220401,100000,7.333,0.2446123681037921,0.2128087167143264,1,"EMCMO_LIRCMOP4_N100_FE100000_run1_seed220401.mat"
"s09_biscop_confirmation","EMCMO","LIRCMOP4","LIR-CMOP",100,100000,2,220402,100000,7.2958,0.3072594239550454,0.1825362661746429,1,"EMCMO_LIRCMOP4_N100_FE100000_run2_seed220402.mat"
"s09_biscop_confirmation","EMCMO","LIRCMOP4","LIR-CMOP",100,100000,3,220403,100000,7.3852,0.2602967797255325,0.2067831496184128,1,"EMCMO_LIRCMOP4_N100_FE100000_run3_seed220403.mat"
"s09_biscop_confirmation","EMCMO","LIRCMOP4","LIR-CMOP",100,100000,4,220404,100000,7.496,0.3069883712433499,0.1833996419905443,1,"EMCMO_LIRCMOP4_N100_FE100000_run4_seed220404.mat"
"s09_biscop_confirmation","EMCMO","LIRCMOP4","LIR-CMOP",100,100000,5,220405,100000,7.3838,0.3041746532737202,0.1840939588386691,1,"EMCMO_LIRCMOP4_N100_FE100000_run5_seed220405.mat"
"s09_biscop_confirmation","EMCMO","LIRCMOP4","LIR-CMOP",100,100000,6,220406,100000,7.3102,0.2490843437700111,0.2104998107900031,1,"EMCMO_LIRCMOP4_N100_FE100000_run6_seed220406.mat"
"s09_biscop_confirmation","EMCMO","LIRCMOP4","LIR-CMOP",100,100000,7,220407,100000,7.2769,0.3083348671119868,0.1823653708263428,1,"EMCMO_LIRCMOP4_N100_FE100000_run7_seed220407.mat"
"s09_biscop_confirmation","EMCMO","LIRCMOP4","LIR-CMOP",100,100000,8,220408,100000,7.3232,0.2320448968477553,0.2358600126345274,1,"EMCMO_LIRCMOP4_N100_FE100000_run8_seed220408.mat"
"s09_biscop_confirmation","EMCMO","LIRCMOP4","LIR-CMOP",100,100000,9,220409,100000,7.5122,0.3064308220365071,0.1839321635184514,1,"EMCMO_LIRCMOP4_N100_FE100000_run9_seed220409.mat"
"s09_biscop_confirmation","EMCMO","LIRCMOP5","LIR-CMOP",100,100000,10,220510,100000,26.4845,0.3135634774885443,0.1471288659063044,1,"EMCMO_LIRCMOP5_N100_FE100000_run10_seed220510.mat"
"s09_biscop_confirmation","EMCMO","LIRCMOP5","LIR-CMOP",100,100000,1,220501,100000,22.0087,0.2251828531189835,0.1829693648878969,1,"EMCMO_LIRCMOP5_N100_FE100000_run1_seed220501.mat"
"s09_biscop_confirmation","EMCMO","LIRCMOP5","LIR-CMOP",100,100000,2,220502,100000,24.3005,0.3079215862433127,0.1479434369004771,1,"EMCMO_LIRCMOP5_N100_FE100000_run2_seed220502.mat"
"s09_biscop_confirmation","EMCMO","LIRCMOP5","LIR-CMOP",100,100000,3,220503,100000,28.8149,0.2711126479505277,0.1756685785844972,1,"EMCMO_LIRCMOP5_N100_FE100000_run3_seed220503.mat"
"s09_biscop_confirmation","EMCMO","LIRCMOP5","LIR-CMOP",100,100000,4,220504,100000,29.2316,0.2682419232799859,0.1684384271507849,1,"EMCMO_LIRCMOP5_N100_FE100000_run4_seed220504.mat"
"s09_biscop_confirmation","EMCMO","LIRCMOP5","LIR-CMOP",100,100000,5,220505,100000,27.9661,0.3109510389364111,0.1440748501977946,1,"EMCMO_LIRCMOP5_N100_FE100000_run5_seed220505.mat"
"s09_biscop_confirmation","EMCMO","LIRCMOP5","LIR-CMOP",100,100000,6,220506,100000,24.1268,0.2333419854116519,0.1778883482081875,1,"EMCMO_LIRCMOP5_N100_FE100000_run6_seed220506.mat"
"s09_biscop_confirmation","EMCMO","LIRCMOP5","LIR-CMOP",100,100000,7,220507,100000,21.0456,0.1845444361534803,0.1978143883715354,1,"EMCMO_LIRCMOP5_N100_FE100000_run7_seed220507.mat"
"s09_biscop_confirmation","EMCMO","LIRCMOP5","LIR-CMOP",100,100000,8,220508,100000,29.7666,0.3666982041664493,0.1301583075455319,1,"EMCMO_LIRCMOP5_N100_FE100000_run8_seed220508.mat"
"s09_biscop_confirmation","EMCMO","LIRCMOP5","LIR-CMOP",100,100000,9,220509,100000,19.8515,0.2629421561570215,0.1652726893149846,1,"EMCMO_LIRCMOP5_N100_FE100000_run9_seed220509.mat"
"s09_biscop_confirmation","EMCMO","LIRCMOP6","LIR-CMOP",100,100000,10,220610,100000,21.4959,0.2116337723962323,0.1361851810109407,1,"EMCMO_LIRCMOP6_N100_FE100000_run10_seed220610.mat"
"s09_biscop_confirmation","EMCMO","LIRCMOP6","LIR-CMOP",100,100000,1,220601,100000,23.3246,0.1951759178360372,0.1356874320659645,1,"EMCMO_LIRCMOP6_N100_FE100000_run1_seed220601.mat"
"s09_biscop_confirmation","EMCMO","LIRCMOP6","LIR-CMOP",100,100000,2,220602,100000,26.1747,0.2832598055481511,0.1143779302392507,1,"EMCMO_LIRCMOP6_N100_FE100000_run2_seed220602.mat"
"s09_biscop_confirmation","EMCMO","LIRCMOP6","LIR-CMOP",100,100000,3,220603,100000,26.0234,0.2683623357937315,0.1246869167483879,1,"EMCMO_LIRCMOP6_N100_FE100000_run3_seed220603.mat"
"s09_biscop_confirmation","EMCMO","LIRCMOP6","LIR-CMOP",100,100000,4,220604,100000,30.4274,0.3499520313574614,0.09986246083526482,1,"EMCMO_LIRCMOP6_N100_FE100000_run4_seed220604.mat"
"s09_biscop_confirmation","EMCMO","LIRCMOP6","LIR-CMOP",100,100000,5,220605,100000,27.1057,0.2942320281079762,0.1062047618652826,1,"EMCMO_LIRCMOP6_N100_FE100000_run5_seed220605.mat"
"s09_biscop_confirmation","EMCMO","LIRCMOP6","LIR-CMOP",100,100000,6,220606,100000,30.5876,0.3826220221618436,0.09932779367079642,1,"EMCMO_LIRCMOP6_N100_FE100000_run6_seed220606.mat"
"s09_biscop_confirmation","EMCMO","LIRCMOP6","LIR-CMOP",100,100000,7,220607,100000,28.3204,0.3843543019543784,0.1094241451473171,1,"EMCMO_LIRCMOP6_N100_FE100000_run7_seed220607.mat"
"s09_biscop_confirmation","EMCMO","LIRCMOP6","LIR-CMOP",100,100000,8,220608,100000,30.6519,0.3675315657759145,0.1040182875562992,1,"EMCMO_LIRCMOP6_N100_FE100000_run8_seed220608.mat"
"s09_biscop_confirmation","EMCMO","LIRCMOP6","LIR-CMOP",100,100000,9,220609,100000,29.068,0.3313494256131801,0.110825857487055,1,"EMCMO_LIRCMOP6_N100_FE100000_run9_seed220609.mat"
"s09_biscop_confirmation","EMCMO","LIRCMOP7","LIR-CMOP",100,100000,10,220710,100000,7.8359,0.1318777396690591,0.2451421326021911,1,"EMCMO_LIRCMOP7_N100_FE100000_run10_seed220710.mat"
"s09_biscop_confirmation","EMCMO","LIRCMOP7","LIR-CMOP",100,100000,1,220701,100000,7.7168,0.1472254241333282,0.2402183744329843,1,"EMCMO_LIRCMOP7_N100_FE100000_run1_seed220701.mat"
"s09_biscop_confirmation","EMCMO","LIRCMOP7","LIR-CMOP",100,100000,2,220702,100000,7.8233,0.1168496801685092,0.250363162499509,1,"EMCMO_LIRCMOP7_N100_FE100000_run2_seed220702.mat"
"s09_biscop_confirmation","EMCMO","LIRCMOP7","LIR-CMOP",100,100000,3,220703,100000,7.8332,0.15728530467716,0.238562736447416,1,"EMCMO_LIRCMOP7_N100_FE100000_run3_seed220703.mat"
"s09_biscop_confirmation","EMCMO","LIRCMOP7","LIR-CMOP",100,100000,4,220704,100000,7.8609,0.1615175967755303,0.233310727380025,1,"EMCMO_LIRCMOP7_N100_FE100000_run4_seed220704.mat"
"s09_biscop_confirmation","EMCMO","LIRCMOP7","LIR-CMOP",100,100000,5,220705,100000,7.7865,0.1471332500771348,0.2410826260859714,1,"EMCMO_LIRCMOP7_N100_FE100000_run5_seed220705.mat"
"s09_biscop_confirmation","EMCMO","LIRCMOP7","LIR-CMOP",100,100000,6,220706,100000,7.878,0.06147738892218481,0.2652968350862104,1,"EMCMO_LIRCMOP7_N100_FE100000_run6_seed220706.mat"
"s09_biscop_confirmation","EMCMO","LIRCMOP7","LIR-CMOP",100,100000,7,220707,100000,7.7748,0.1526418095178935,0.2365680274617849,1,"EMCMO_LIRCMOP7_N100_FE100000_run7_seed220707.mat"
"s09_biscop_confirmation","EMCMO","LIRCMOP7","LIR-CMOP",100,100000,8,220708,100000,7.7332,0.0617743306483811,0.2646255029592746,1,"EMCMO_LIRCMOP7_N100_FE100000_run8_seed220708.mat"
"s09_biscop_confirmation","EMCMO","LIRCMOP7","LIR-CMOP",100,100000,9,220709,100000,7.9132,0.03796473191582967,0.2753815535962701,1,"EMCMO_LIRCMOP7_N100_FE100000_run9_seed220709.mat"
"s09_biscop_confirmation","EMCMO","LIRCMOP8","LIR-CMOP",100,100000,10,220810,100000,7.8753,0.1759115289913361,0.2332399549850636,1,"EMCMO_LIRCMOP8_N100_FE100000_run10_seed220810.mat"
"s09_biscop_confirmation","EMCMO","LIRCMOP8","LIR-CMOP",100,100000,1,220801,100000,7.9377,0.0853201217770205,0.257855667323182,1,"EMCMO_LIRCMOP8_N100_FE100000_run1_seed220801.mat"
"s09_biscop_confirmation","EMCMO","LIRCMOP8","LIR-CMOP",100,100000,2,220802,100000,7.8372,0.2732188432026372,0.2247460473688711,1,"EMCMO_LIRCMOP8_N100_FE100000_run2_seed220802.mat"
"s09_biscop_confirmation","EMCMO","LIRCMOP8","LIR-CMOP",100,100000,3,220803,100000,7.793,0.1540909099855572,0.2419527256855467,1,"EMCMO_LIRCMOP8_N100_FE100000_run3_seed220803.mat"
"s09_biscop_confirmation","EMCMO","LIRCMOP8","LIR-CMOP",100,100000,4,220804,100000,7.7747,0.1753960205625707,0.2393883994295389,1,"EMCMO_LIRCMOP8_N100_FE100000_run4_seed220804.mat"
"s09_biscop_confirmation","EMCMO","LIRCMOP8","LIR-CMOP",100,100000,5,220805,100000,7.9544,0.1510129269198609,0.2382661039556198,1,"EMCMO_LIRCMOP8_N100_FE100000_run5_seed220805.mat"
"s09_biscop_confirmation","EMCMO","LIRCMOP8","LIR-CMOP",100,100000,6,220806,100000,8.2024,0.06638563866463845,0.2660054440114564,1,"EMCMO_LIRCMOP8_N100_FE100000_run6_seed220806.mat"
"s09_biscop_confirmation","EMCMO","LIRCMOP8","LIR-CMOP",100,100000,7,220807,100000,7.928,0.1009804478062749,0.2540208638960835,1,"EMCMO_LIRCMOP8_N100_FE100000_run7_seed220807.mat"
"s09_biscop_confirmation","EMCMO","LIRCMOP8","LIR-CMOP",100,100000,8,220808,100000,7.9175,0.2176723057708992,0.2287612527145649,1,"EMCMO_LIRCMOP8_N100_FE100000_run8_seed220808.mat"
"s09_biscop_confirmation","EMCMO","LIRCMOP8","LIR-CMOP",100,100000,9,220809,100000,7.8695,0.2017043783542683,0.2256974045183621,1,"EMCMO_LIRCMOP8_N100_FE100000_run9_seed220809.mat"
"s09_biscop_confirmation","EMCMO","LIRCMOP9","LIR-CMOP",100,100000,10,220910,100000,10.284,0.4832416503627299,0.3562267360589839,1,"EMCMO_LIRCMOP9_N100_FE100000_run10_seed220910.mat"
"s09_biscop_confirmation","EMCMO","LIRCMOP9","LIR-CMOP",100,100000,1,220901,100000,8.206,0.223567022152328,0.4805494585260779,1,"EMCMO_LIRCMOP9_N100_FE100000_run1_seed220901.mat"
"s09_biscop_confirmation","EMCMO","LIRCMOP9","LIR-CMOP",100,100000,2,220902,100000,13.945,0.4507440031709776,0.3827275999420985,1,"EMCMO_LIRCMOP9_N100_FE100000_run2_seed220902.mat"
"s09_biscop_confirmation","EMCMO","LIRCMOP9","LIR-CMOP",100,100000,3,220903,100000,8.0549,0.4046527964774334,0.3622005356870731,1,"EMCMO_LIRCMOP9_N100_FE100000_run3_seed220903.mat"
"s09_biscop_confirmation","EMCMO","LIRCMOP9","LIR-CMOP",100,100000,4,220904,100000,19.9703,0.2716088919673925,0.4828965190343759,1,"EMCMO_LIRCMOP9_N100_FE100000_run4_seed220904.mat"
"s09_biscop_confirmation","EMCMO","LIRCMOP9","LIR-CMOP",100,100000,5,220905,100000,10.2881,0.629549349273461,0.3061870427552035,1,"EMCMO_LIRCMOP9_N100_FE100000_run5_seed220905.mat"
"s09_biscop_confirmation","EMCMO","LIRCMOP9","LIR-CMOP",100,100000,6,220906,100000,11.2844,0.4381243370427977,0.4391916491454181,1,"EMCMO_LIRCMOP9_N100_FE100000_run6_seed220906.mat"
"s09_biscop_confirmation","EMCMO","LIRCMOP9","LIR-CMOP",100,100000,7,220907,100000,15.1434,0.4533674507647984,0.3771829070266097,1,"EMCMO_LIRCMOP9_N100_FE100000_run7_seed220907.mat"
"s09_biscop_confirmation","EMCMO","LIRCMOP9","LIR-CMOP",100,100000,8,220908,100000,21.0455,0.4470743367426046,0.3771518780317158,1,"EMCMO_LIRCMOP9_N100_FE100000_run8_seed220908.mat"
"s09_biscop_confirmation","EMCMO","LIRCMOP9","LIR-CMOP",100,100000,9,220909,100000,18.8021,0.6230144733052634,0.310620457589861,1,"EMCMO_LIRCMOP9_N100_FE100000_run9_seed220909.mat"
"s09_biscop_confirmation","Equal-AOP","CF10","CF",100,100000,10,240010,100000,34.2143,0.336327750814097,0.1730168843752924,1,"Equal_AOP_CF10_N100_FE100000_run10_seed240010.mat"
"s09_biscop_confirmation","Equal-AOP","CF10","CF",100,100000,1,240001,100000,33.0006,0.3248908706706986,0.2107537821423119,1,"Equal_AOP_CF10_N100_FE100000_run1_seed240001.mat"
"s09_biscop_confirmation","Equal-AOP","CF10","CF",100,100000,2,240002,100000,17.8791,0.1365573170972427,0.3679187433761162,1,"Equal_AOP_CF10_N100_FE100000_run2_seed240002.mat"
"s09_biscop_confirmation","Equal-AOP","CF10","CF",100,100000,3,240003,100000,15.7688,0.4655388218020876,0.09656979549161913,1,"Equal_AOP_CF10_N100_FE100000_run3_seed240003.mat"
"s09_biscop_confirmation","Equal-AOP","CF10","CF",100,100000,4,240004,100000,30.9585,0.3602525068055031,0.1354914122659023,1,"Equal_AOP_CF10_N100_FE100000_run4_seed240004.mat"
"s09_biscop_confirmation","Equal-AOP","CF10","CF",100,100000,5,240005,100000,33.9175,0.3842537038568439,0.1915075959168224,1,"Equal_AOP_CF10_N100_FE100000_run5_seed240005.mat"
"s09_biscop_confirmation","Equal-AOP","CF10","CF",100,100000,6,240006,100000,20.622,0.1812483059831549,0.2885669244264255,1,"Equal_AOP_CF10_N100_FE100000_run6_seed240006.mat"
"s09_biscop_confirmation","Equal-AOP","CF10","CF",100,100000,7,240007,100000,27.1851,0.3493740417707812,0.1605471949657749,1,"Equal_AOP_CF10_N100_FE100000_run7_seed240007.mat"
"s09_biscop_confirmation","Equal-AOP","CF10","CF",100,100000,8,240008,100000,35.1042,0.3174517378897909,0.1702010071601,1,"Equal_AOP_CF10_N100_FE100000_run8_seed240008.mat"
"s09_biscop_confirmation","Equal-AOP","CF10","CF",100,100000,9,240009,100000,33.4346,0.3378008547006195,0.1883532355945619,1,"Equal_AOP_CF10_N100_FE100000_run9_seed240009.mat"
"s09_biscop_confirmation","Equal-AOP","CF1","CF",100,100000,10,239110,100000,13.1556,0.003053414298712144,0.562390644840719,1,"Equal_AOP_CF1_N100_FE100000_run10_seed239110.mat"
"s09_biscop_confirmation","Equal-AOP","CF1","CF",100,100000,1,239101,100000,14.0334,0.002988685298480327,0.5624894983706318,1,"Equal_AOP_CF1_N100_FE100000_run1_seed239101.mat"
"s09_biscop_confirmation","Equal-AOP","CF1","CF",100,100000,2,239102,100000,14.3697,0.002877199481666224,0.5626021184901296,1,"Equal_AOP_CF1_N100_FE100000_run2_seed239102.mat"
"s09_biscop_confirmation","Equal-AOP","CF1","CF",100,100000,3,239103,100000,12.696,0.002167716204273253,0.5634650945817675,1,"Equal_AOP_CF1_N100_FE100000_run3_seed239103.mat"
"s09_biscop_confirmation","Equal-AOP","CF1","CF",100,100000,4,239104,100000,13.5655,0.002946893477201064,0.5625358095917724,1,"Equal_AOP_CF1_N100_FE100000_run4_seed239104.mat"
"s09_biscop_confirmation","Equal-AOP","CF1","CF",100,100000,5,239105,100000,14.5331,0.003708408555636007,0.561577082991526,1,"Equal_AOP_CF1_N100_FE100000_run5_seed239105.mat"
"s09_biscop_confirmation","Equal-AOP","CF1","CF",100,100000,6,239106,100000,13.3173,0.002906523483735392,0.5625795168214267,1,"Equal_AOP_CF1_N100_FE100000_run6_seed239106.mat"
"s09_biscop_confirmation","Equal-AOP","CF1","CF",100,100000,7,239107,100000,14.2194,0.002826841131228978,0.5626644290618849,1,"Equal_AOP_CF1_N100_FE100000_run7_seed239107.mat"
"s09_biscop_confirmation","Equal-AOP","CF1","CF",100,100000,8,239108,100000,15.7068,0.002791999022453888,0.5627187810228711,1,"Equal_AOP_CF1_N100_FE100000_run8_seed239108.mat"
"s09_biscop_confirmation","Equal-AOP","CF1","CF",100,100000,9,239109,100000,13.4375,0.002874687290978254,0.5626087426890649,1,"Equal_AOP_CF1_N100_FE100000_run9_seed239109.mat"
"s09_biscop_confirmation","Equal-AOP","CF2","CF",100,100000,10,239210,100000,14.4103,0.006383804285878389,0.6737452156559315,1,"Equal_AOP_CF2_N100_FE100000_run10_seed239210.mat"
"s09_biscop_confirmation","Equal-AOP","CF2","CF",100,100000,1,239201,100000,13.8065,0.01502010317732172,0.6628327698166372,1,"Equal_AOP_CF2_N100_FE100000_run1_seed239201.mat"
"s09_biscop_confirmation","Equal-AOP","CF2","CF",100,100000,2,239202,100000,13.9963,0.009617367343573666,0.6712932765078276,1,"Equal_AOP_CF2_N100_FE100000_run2_seed239202.mat"
"s09_biscop_confirmation","Equal-AOP","CF2","CF",100,100000,3,239203,100000,14.2485,0.01593282992817842,0.6628274995702702,1,"Equal_AOP_CF2_N100_FE100000_run3_seed239203.mat"
"s09_biscop_confirmation","Equal-AOP","CF2","CF",100,100000,4,239204,100000,14.7363,0.009131543385304251,0.6678281860275161,1,"Equal_AOP_CF2_N100_FE100000_run4_seed239204.mat"
"s09_biscop_confirmation","Equal-AOP","CF2","CF",100,100000,5,239205,100000,13.9939,0.00842736588035857,0.6645233466082043,1,"Equal_AOP_CF2_N100_FE100000_run5_seed239205.mat"
"s09_biscop_confirmation","Equal-AOP","CF2","CF",100,100000,6,239206,100000,13.8442,0.01776405205817248,0.6640381124898669,1,"Equal_AOP_CF2_N100_FE100000_run6_seed239206.mat"
"s09_biscop_confirmation","Equal-AOP","CF2","CF",100,100000,7,239207,100000,14.0388,0.008881700858964534,0.6691041225762898,1,"Equal_AOP_CF2_N100_FE100000_run7_seed239207.mat"
"s09_biscop_confirmation","Equal-AOP","CF2","CF",100,100000,8,239208,100000,14.0173,0.006913355418726575,0.6702305108536016,1,"Equal_AOP_CF2_N100_FE100000_run8_seed239208.mat"
"s09_biscop_confirmation","Equal-AOP","CF2","CF",100,100000,9,239209,100000,14.1561,0.01002203138608582,0.6669906297041943,1,"Equal_AOP_CF2_N100_FE100000_run9_seed239209.mat"
"s09_biscop_confirmation","Equal-AOP","CF3","CF",100,100000,10,239310,100000,12.0237,0.07747492384746782,0.2819417468529286,1,"Equal_AOP_CF3_N100_FE100000_run10_seed239310.mat"
"s09_biscop_confirmation","Equal-AOP","CF3","CF",100,100000,1,239301,100000,12.7028,0.0863937082050244,0.3058318510518581,1,"Equal_AOP_CF3_N100_FE100000_run1_seed239301.mat"
"s09_biscop_confirmation","Equal-AOP","CF3","CF",100,100000,2,239302,100000,12.625,0.1134339478358607,0.3054982282133608,1,"Equal_AOP_CF3_N100_FE100000_run2_seed239302.mat"
"s09_biscop_confirmation","Equal-AOP","CF3","CF",100,100000,3,239303,100000,13.5897,0.07817013545445485,0.2829539686978194,1,"Equal_AOP_CF3_N100_FE100000_run3_seed239303.mat"
"s09_biscop_confirmation","Equal-AOP","CF3","CF",100,100000,4,239304,100000,13.2958,0.1074995399655155,0.2817308566141674,1,"Equal_AOP_CF3_N100_FE100000_run4_seed239304.mat"
"s09_biscop_confirmation","Equal-AOP","CF3","CF",100,100000,5,239305,100000,13.4761,0.08570648254439754,0.3054846453600407,1,"Equal_AOP_CF3_N100_FE100000_run5_seed239305.mat"
"s09_biscop_confirmation","Equal-AOP","CF3","CF",100,100000,6,239306,100000,12.3662,0.2833477929798864,0.1244833080172467,1,"Equal_AOP_CF3_N100_FE100000_run6_seed239306.mat"
"s09_biscop_confirmation","Equal-AOP","CF3","CF",100,100000,7,239307,100000,13.2149,0.1039326069478173,0.300455806890536,1,"Equal_AOP_CF3_N100_FE100000_run7_seed239307.mat"
"s09_biscop_confirmation","Equal-AOP","CF3","CF",100,100000,8,239308,100000,13.1167,0.07898475505281445,0.2771282454340259,1,"Equal_AOP_CF3_N100_FE100000_run8_seed239308.mat"
"s09_biscop_confirmation","Equal-AOP","CF3","CF",100,100000,9,239309,100000,10.2044,0.1175950656873681,0.2688504479686012,1,"Equal_AOP_CF3_N100_FE100000_run9_seed239309.mat"
"s09_biscop_confirmation","Equal-AOP","CF4","CF",100,100000,10,239410,100000,10.693,0.06077397465342586,0.4526018259143734,1,"Equal_AOP_CF4_N100_FE100000_run10_seed239410.mat"
"s09_biscop_confirmation","Equal-AOP","CF4","CF",100,100000,1,239401,100000,11.1815,0.04929251592480491,0.4726289535154689,1,"Equal_AOP_CF4_N100_FE100000_run1_seed239401.mat"
"s09_biscop_confirmation","Equal-AOP","CF4","CF",100,100000,2,239402,100000,10.9516,0.04229652062249199,0.4785972357784171,1,"Equal_AOP_CF4_N100_FE100000_run2_seed239402.mat"
"s09_biscop_confirmation","Equal-AOP","CF4","CF",100,100000,3,239403,100000,12.9213,0.04595454589217856,0.4773108401539612,1,"Equal_AOP_CF4_N100_FE100000_run3_seed239403.mat"
"s09_biscop_confirmation","Equal-AOP","CF4","CF",100,100000,4,239404,100000,12.1404,0.04552600977033917,0.475504847863412,1,"Equal_AOP_CF4_N100_FE100000_run4_seed239404.mat"
"s09_biscop_confirmation","Equal-AOP","CF4","CF",100,100000,5,239405,100000,10.7953,0.05699533200099757,0.4596929901327612,1,"Equal_AOP_CF4_N100_FE100000_run5_seed239405.mat"
"s09_biscop_confirmation","Equal-AOP","CF4","CF",100,100000,6,239406,100000,11.5868,0.05478626351741164,0.4618209958812458,1,"Equal_AOP_CF4_N100_FE100000_run6_seed239406.mat"
"s09_biscop_confirmation","Equal-AOP","CF4","CF",100,100000,7,239407,100000,12.9295,0.02803901258459117,0.5010770321410254,1,"Equal_AOP_CF4_N100_FE100000_run7_seed239407.mat"
"s09_biscop_confirmation","Equal-AOP","CF4","CF",100,100000,8,239408,100000,12.5906,0.03236292648574117,0.4947257846146956,1,"Equal_AOP_CF4_N100_FE100000_run8_seed239408.mat"
"s09_biscop_confirmation","Equal-AOP","CF4","CF",100,100000,9,239409,100000,10.9547,0.05739823878567449,0.4572178073473311,1,"Equal_AOP_CF4_N100_FE100000_run9_seed239409.mat"
"s09_biscop_confirmation","Equal-AOP","CF5","CF",100,100000,10,239510,100000,9.3854,0.3164406674493055,0.2160421131494998,1,"Equal_AOP_CF5_N100_FE100000_run10_seed239510.mat"
"s09_biscop_confirmation","Equal-AOP","CF5","CF",100,100000,1,239501,100000,15.6358,0.09216493813708479,0.4273016671088282,1,"Equal_AOP_CF5_N100_FE100000_run1_seed239501.mat"
"s09_biscop_confirmation","Equal-AOP","CF5","CF",100,100000,2,239502,100000,14.7099,0.1505022469919333,0.4012823211071428,1,"Equal_AOP_CF5_N100_FE100000_run2_seed239502.mat"
"s09_biscop_confirmation","Equal-AOP","CF5","CF",100,100000,3,239503,100000,18.7596,0.4886069308685383,0.1776054610063776,1,"Equal_AOP_CF5_N100_FE100000_run3_seed239503.mat"
"s09_biscop_confirmation","Equal-AOP","CF5","CF",100,100000,4,239504,100000,16.8247,0.08200679289881523,0.4318931088871145,1,"Equal_AOP_CF5_N100_FE100000_run4_seed239504.mat"
"s09_biscop_confirmation","Equal-AOP","CF5","CF",100,100000,5,239505,100000,18.9523,0.3570099203382085,0.2803614447139474,1,"Equal_AOP_CF5_N100_FE100000_run5_seed239505.mat"
"s09_biscop_confirmation","Equal-AOP","CF5","CF",100,100000,6,239506,100000,15.3411,0.08628373955694489,0.4291929098781564,1,"Equal_AOP_CF5_N100_FE100000_run6_seed239506.mat"
"s09_biscop_confirmation","Equal-AOP","CF5","CF",100,100000,7,239507,100000,19.3251,0.3908944765082558,0.2522540454836966,1,"Equal_AOP_CF5_N100_FE100000_run7_seed239507.mat"
"s09_biscop_confirmation","Equal-AOP","CF5","CF",100,100000,8,239508,100000,17.7802,0.3555137950827029,0.2809877460867403,1,"Equal_AOP_CF5_N100_FE100000_run8_seed239508.mat"
"s09_biscop_confirmation","Equal-AOP","CF5","CF",100,100000,9,239509,100000,19.3549,0.4348493182008971,0.1707497805883631,1,"Equal_AOP_CF5_N100_FE100000_run9_seed239509.mat"
"s09_biscop_confirmation","Equal-AOP","CF6","CF",100,100000,10,239610,100000,17.7958,0.03034304238499406,0.6618600317489569,1,"Equal_AOP_CF6_N100_FE100000_run10_seed239610.mat"
"s09_biscop_confirmation","Equal-AOP","CF6","CF",100,100000,1,239601,100000,17.9262,0.03617222149573289,0.6704009417923784,1,"Equal_AOP_CF6_N100_FE100000_run1_seed239601.mat"
"s09_biscop_confirmation","Equal-AOP","CF6","CF",100,100000,2,239602,100000,17.5155,0.03335846653588334,0.6744213255141124,1,"Equal_AOP_CF6_N100_FE100000_run2_seed239602.mat"
"s09_biscop_confirmation","Equal-AOP","CF6","CF",100,100000,3,239603,100000,17.9774,0.03184008835296951,0.6639266085999493,1,"Equal_AOP_CF6_N100_FE100000_run3_seed239603.mat"
"s09_biscop_confirmation","Equal-AOP","CF6","CF",100,100000,4,239604,100000,18.4936,0.09143723192294792,0.6481330137224217,1,"Equal_AOP_CF6_N100_FE100000_run4_seed239604.mat"
"s09_biscop_confirmation","Equal-AOP","CF6","CF",100,100000,5,239605,100000,18.6338,0.03817747795083377,0.6722964243198934,1,"Equal_AOP_CF6_N100_FE100000_run5_seed239605.mat"
"s09_biscop_confirmation","Equal-AOP","CF6","CF",100,100000,6,239606,100000,18.4807,0.028709161398695,0.6731769400258716,1,"Equal_AOP_CF6_N100_FE100000_run6_seed239606.mat"
"s09_biscop_confirmation","Equal-AOP","CF6","CF",100,100000,7,239607,100000,17.6088,0.03439423944420268,0.6674567060187758,1,"Equal_AOP_CF6_N100_FE100000_run7_seed239607.mat"
"s09_biscop_confirmation","Equal-AOP","CF6","CF",100,100000,8,239608,100000,17.5152,0.03476850331346882,0.6683153202658288,1,"Equal_AOP_CF6_N100_FE100000_run8_seed239608.mat"
"s09_biscop_confirmation","Equal-AOP","CF6","CF",100,100000,9,239609,100000,18.0721,0.03966043338624488,0.6657326172394458,1,"Equal_AOP_CF6_N100_FE100000_run9_seed239609.mat"
"s09_biscop_confirmation","Equal-AOP","CF7","CF",100,100000,10,239710,100000,15.5726,0.1037660334256952,0.538531209502045,1,"Equal_AOP_CF7_N100_FE100000_run10_seed239710.mat"
"s09_biscop_confirmation","Equal-AOP","CF7","CF",100,100000,1,239701,100000,14.0148,0.1043906826809041,0.5685961411273416,1,"Equal_AOP_CF7_N100_FE100000_run1_seed239701.mat"
"s09_biscop_confirmation","Equal-AOP","CF7","CF",100,100000,2,239702,100000,10.6119,0.09291194128513228,0.5823920813802297,1,"Equal_AOP_CF7_N100_FE100000_run2_seed239702.mat"
"s09_biscop_confirmation","Equal-AOP","CF7","CF",100,100000,3,239703,100000,13.9411,0.1020368311100348,0.5705692876453647,1,"Equal_AOP_CF7_N100_FE100000_run3_seed239703.mat"
"s09_biscop_confirmation","Equal-AOP","CF7","CF",100,100000,4,239704,100000,7.9678,0.5437553066519033,0.1036268944536121,1,"Equal_AOP_CF7_N100_FE100000_run4_seed239704.mat"
"s09_biscop_confirmation","Equal-AOP","CF7","CF",100,100000,5,239705,100000,15.0628,0.09935503681847459,0.5798092003007287,1,"Equal_AOP_CF7_N100_FE100000_run5_seed239705.mat"
"s09_biscop_confirmation","Equal-AOP","CF7","CF",100,100000,6,239706,100000,16.721,0.2736780155990564,0.4761296675513733,1,"Equal_AOP_CF7_N100_FE100000_run6_seed239706.mat"
"s09_biscop_confirmation","Equal-AOP","CF7","CF",100,100000,7,239707,100000,17.6155,0.2599899915756694,0.4578510408182003,1,"Equal_AOP_CF7_N100_FE100000_run7_seed239707.mat"
"s09_biscop_confirmation","Equal-AOP","CF7","CF",100,100000,8,239708,100000,14.2432,0.09820628838224739,0.5791882513735238,1,"Equal_AOP_CF7_N100_FE100000_run8_seed239708.mat"
"s09_biscop_confirmation","Equal-AOP","CF7","CF",100,100000,9,239709,100000,11.9766,0.06696448131229581,0.6134671730302307,1,"Equal_AOP_CF7_N100_FE100000_run9_seed239709.mat"
"s09_biscop_confirmation","Equal-AOP","CF8","CF",100,100000,10,239810,100000,13.3883,0.1410665405320573,0.3738247830365156,1,"Equal_AOP_CF8_N100_FE100000_run10_seed239810.mat"
"s09_biscop_confirmation","Equal-AOP","CF8","CF",100,100000,1,239801,100000,13.1063,0.1614897146182749,0.3449210536120351,1,"Equal_AOP_CF8_N100_FE100000_run1_seed239801.mat"
"s09_biscop_confirmation","Equal-AOP","CF8","CF",100,100000,2,239802,100000,13.3006,0.1751239410064684,0.3384267985126205,1,"Equal_AOP_CF8_N100_FE100000_run2_seed239802.mat"
"s09_biscop_confirmation","Equal-AOP","CF8","CF",100,100000,3,239803,100000,12.8649,0.1331405586498718,0.3873767166268816,1,"Equal_AOP_CF8_N100_FE100000_run3_seed239803.mat"
"s09_biscop_confirmation","Equal-AOP","CF8","CF",100,100000,4,239804,100000,13.1036,0.1494214862156676,0.3592905499654799,1,"Equal_AOP_CF8_N100_FE100000_run4_seed239804.mat"
"s09_biscop_confirmation","Equal-AOP","CF8","CF",100,100000,5,239805,100000,12.5733,0.1542025143516497,0.3691706062020773,1,"Equal_AOP_CF8_N100_FE100000_run5_seed239805.mat"
"s09_biscop_confirmation","Equal-AOP","CF8","CF",100,100000,6,239806,100000,12.7229,0.1435440373630665,0.3777414758099463,1,"Equal_AOP_CF8_N100_FE100000_run6_seed239806.mat"
"s09_biscop_confirmation","Equal-AOP","CF8","CF",100,100000,7,239807,100000,12.6588,0.1551283120022076,0.3722208411846261,1,"Equal_AOP_CF8_N100_FE100000_run7_seed239807.mat"
"s09_biscop_confirmation","Equal-AOP","CF8","CF",100,100000,8,239808,100000,12.4721,0.1558652979515597,0.3636988146645974,1,"Equal_AOP_CF8_N100_FE100000_run8_seed239808.mat"
"s09_biscop_confirmation","Equal-AOP","CF8","CF",100,100000,9,239809,100000,12.6466,0.1566805544734705,0.3493398926646339,1,"Equal_AOP_CF8_N100_FE100000_run9_seed239809.mat"
"s09_biscop_confirmation","Equal-AOP","CF9","CF",100,100000,10,239910,100000,19.4347,0.08781821402871508,0.4277792817487126,1,"Equal_AOP_CF9_N100_FE100000_run10_seed239910.mat"
"s09_biscop_confirmation","Equal-AOP","CF9","CF",100,100000,1,239901,100000,19.3597,0.08581914931596306,0.4378704291973852,1,"Equal_AOP_CF9_N100_FE100000_run1_seed239901.mat"
"s09_biscop_confirmation","Equal-AOP","CF9","CF",100,100000,2,239902,100000,19.2353,0.08996907949037633,0.4390875176754321,1,"Equal_AOP_CF9_N100_FE100000_run2_seed239902.mat"
"s09_biscop_confirmation","Equal-AOP","CF9","CF",100,100000,3,239903,100000,18.5011,0.09003600854837059,0.4317248659090711,1,"Equal_AOP_CF9_N100_FE100000_run3_seed239903.mat"
"s09_biscop_confirmation","Equal-AOP","CF9","CF",100,100000,4,239904,100000,19.4476,0.0937488891341003,0.4293176632242534,1,"Equal_AOP_CF9_N100_FE100000_run4_seed239904.mat"
"s09_biscop_confirmation","Equal-AOP","CF9","CF",100,100000,5,239905,100000,19.7432,0.08948989923316478,0.4420243580120684,1,"Equal_AOP_CF9_N100_FE100000_run5_seed239905.mat"
"s09_biscop_confirmation","Equal-AOP","CF9","CF",100,100000,6,239906,100000,19.0504,0.0804063685422325,0.4564886472974041,1,"Equal_AOP_CF9_N100_FE100000_run6_seed239906.mat"
"s09_biscop_confirmation","Equal-AOP","CF9","CF",100,100000,7,239907,100000,19.1353,0.09648386661472551,0.4211183074500368,1,"Equal_AOP_CF9_N100_FE100000_run7_seed239907.mat"
"s09_biscop_confirmation","Equal-AOP","CF9","CF",100,100000,8,239908,100000,19.5567,0.09582472513880302,0.4198906524572453,1,"Equal_AOP_CF9_N100_FE100000_run8_seed239908.mat"
"s09_biscop_confirmation","Equal-AOP","CF9","CF",100,100000,9,239909,100000,19.3479,0.08575104549081948,0.4400300533749689,1,"Equal_AOP_CF9_N100_FE100000_run9_seed239909.mat"
"s09_biscop_confirmation","Equal-AOP","DASCMOP1","DAS-CMOP",100,100000,10,241510,100000,9.1286,0.005923607704516748,0.2104446174335833,1,"Equal_AOP_DASCMOP1_N100_FE100000_run10_seed241510.mat"
"s09_biscop_confirmation","Equal-AOP","DASCMOP1","DAS-CMOP",100,100000,1,241501,100000,9.1129,0.005012363011852093,0.2107972251296675,1,"Equal_AOP_DASCMOP1_N100_FE100000_run1_seed241501.mat"
"s09_biscop_confirmation","Equal-AOP","DASCMOP1","DAS-CMOP",100,100000,2,241502,100000,9.3603,0.004227913443659852,0.211428680159459,1,"Equal_AOP_DASCMOP1_N100_FE100000_run2_seed241502.mat"
"s09_biscop_confirmation","Equal-AOP","DASCMOP1","DAS-CMOP",100,100000,3,241503,100000,8.9752,0.005279792529858069,0.2117565640357754,1,"Equal_AOP_DASCMOP1_N100_FE100000_run3_seed241503.mat"
"s09_biscop_confirmation","Equal-AOP","DASCMOP1","DAS-CMOP",100,100000,4,241504,100000,9.3877,0.006582335111868894,0.2095791526726897,1,"Equal_AOP_DASCMOP1_N100_FE100000_run4_seed241504.mat"
"s09_biscop_confirmation","Equal-AOP","DASCMOP1","DAS-CMOP",100,100000,5,241505,100000,9.1747,0.006082138915648008,0.2108293845499958,1,"Equal_AOP_DASCMOP1_N100_FE100000_run5_seed241505.mat"
"s09_biscop_confirmation","Equal-AOP","DASCMOP1","DAS-CMOP",100,100000,6,241506,100000,9.2015,0.008642203825088153,0.2101019415848959,1,"Equal_AOP_DASCMOP1_N100_FE100000_run6_seed241506.mat"
"s09_biscop_confirmation","Equal-AOP","DASCMOP1","DAS-CMOP",100,100000,7,241507,100000,9.1546,0.006811437314184533,0.2116369409295051,1,"Equal_AOP_DASCMOP1_N100_FE100000_run7_seed241507.mat"
"s09_biscop_confirmation","Equal-AOP","DASCMOP1","DAS-CMOP",100,100000,8,241508,100000,9.3095,0.004408434782496833,0.2110491141429233,1,"Equal_AOP_DASCMOP1_N100_FE100000_run8_seed241508.mat"
"s09_biscop_confirmation","Equal-AOP","DASCMOP1","DAS-CMOP",100,100000,9,241509,100000,8.9643,0.006852707961218977,0.2120875873214065,1,"Equal_AOP_DASCMOP1_N100_FE100000_run9_seed241509.mat"
"s09_biscop_confirmation","Equal-AOP","DASCMOP2","DAS-CMOP",100,100000,10,241610,100000,8.5949,0.005412125676755806,0.354456635602549,1,"Equal_AOP_DASCMOP2_N100_FE100000_run10_seed241610.mat"
"s09_biscop_confirmation","Equal-AOP","DASCMOP2","DAS-CMOP",100,100000,1,241601,100000,8.4731,0.005369861326197669,0.3543038750009785,1,"Equal_AOP_DASCMOP2_N100_FE100000_run1_seed241601.mat"
"s09_biscop_confirmation","Equal-AOP","DASCMOP2","DAS-CMOP",100,100000,2,241602,100000,8.5167,0.005703666118462332,0.3543008515385853,1,"Equal_AOP_DASCMOP2_N100_FE100000_run2_seed241602.mat"
"s09_biscop_confirmation","Equal-AOP","DASCMOP2","DAS-CMOP",100,100000,3,241603,100000,8.6422,0.005238032641602523,0.3543279239823243,1,"Equal_AOP_DASCMOP2_N100_FE100000_run3_seed241603.mat"
"s09_biscop_confirmation","Equal-AOP","DASCMOP2","DAS-CMOP",100,100000,4,241604,100000,9.0218,0.004734027293812649,0.3547301651984732,1,"Equal_AOP_DASCMOP2_N100_FE100000_run4_seed241604.mat"
"s09_biscop_confirmation","Equal-AOP","DASCMOP2","DAS-CMOP",100,100000,5,241605,100000,8.5755,0.005278357661073941,0.3544558837967449,1,"Equal_AOP_DASCMOP2_N100_FE100000_run5_seed241605.mat"
"s09_biscop_confirmation","Equal-AOP","DASCMOP2","DAS-CMOP",100,100000,6,241606,100000,8.712,0.005634016151274839,0.35433417539851,1,"Equal_AOP_DASCMOP2_N100_FE100000_run6_seed241606.mat"
"s09_biscop_confirmation","Equal-AOP","DASCMOP2","DAS-CMOP",100,100000,7,241607,100000,8.5925,0.00553970205835716,0.354340787571875,1,"Equal_AOP_DASCMOP2_N100_FE100000_run7_seed241607.mat"
"s09_biscop_confirmation","Equal-AOP","DASCMOP2","DAS-CMOP",100,100000,8,241608,100000,8.465,0.005321011336506781,0.3542662689361281,1,"Equal_AOP_DASCMOP2_N100_FE100000_run8_seed241608.mat"
"s09_biscop_confirmation","Equal-AOP","DASCMOP2","DAS-CMOP",100,100000,9,241609,100000,8.6143,0.005113590109813539,0.3542962038877197,1,"Equal_AOP_DASCMOP2_N100_FE100000_run9_seed241609.mat"
"s09_biscop_confirmation","Equal-AOP","DASCMOP3","DAS-CMOP",100,100000,10,241710,100000,8.4051,0.0198473771935716,0.3115505897391578,1,"Equal_AOP_DASCMOP3_N100_FE100000_run10_seed241710.mat"
"s09_biscop_confirmation","Equal-AOP","DASCMOP3","DAS-CMOP",100,100000,1,241701,100000,8.0717,0.02023764366504937,0.3103723333115214,1,"Equal_AOP_DASCMOP3_N100_FE100000_run1_seed241701.mat"
"s09_biscop_confirmation","Equal-AOP","DASCMOP3","DAS-CMOP",100,100000,2,241702,100000,8.007,0.02016589933411695,0.3100353292959801,1,"Equal_AOP_DASCMOP3_N100_FE100000_run2_seed241702.mat"
"s09_biscop_confirmation","Equal-AOP","DASCMOP3","DAS-CMOP",100,100000,3,241703,100000,8.0464,0.01990510696894386,0.3105890855029957,1,"Equal_AOP_DASCMOP3_N100_FE100000_run3_seed241703.mat"
"s09_biscop_confirmation","Equal-AOP","DASCMOP3","DAS-CMOP",100,100000,4,241704,100000,7.9935,0.019817859468842,0.3117113906435363,1,"Equal_AOP_DASCMOP3_N100_FE100000_run4_seed241704.mat"
"s09_biscop_confirmation","Equal-AOP","DASCMOP3","DAS-CMOP",100,100000,5,241705,100000,8.3468,0.01372322455734514,0.3106074804109151,1,"Equal_AOP_DASCMOP3_N100_FE100000_run5_seed241705.mat"
"s09_biscop_confirmation","Equal-AOP","DASCMOP3","DAS-CMOP",100,100000,6,241706,100000,8.2598,0.02220204808688308,0.310221814565084,1,"Equal_AOP_DASCMOP3_N100_FE100000_run6_seed241706.mat"
"s09_biscop_confirmation","Equal-AOP","DASCMOP3","DAS-CMOP",100,100000,7,241707,100000,7.994,0.02203959579596495,0.309330536275884,1,"Equal_AOP_DASCMOP3_N100_FE100000_run7_seed241707.mat"
"s09_biscop_confirmation","Equal-AOP","DASCMOP3","DAS-CMOP",100,100000,8,241708,100000,8.3656,0.02195397516427574,0.3095136790087655,1,"Equal_AOP_DASCMOP3_N100_FE100000_run8_seed241708.mat"
"s09_biscop_confirmation","Equal-AOP","DASCMOP3","DAS-CMOP",100,100000,9,241709,100000,8.0013,0.0208115627465287,0.3096648825516339,1,"Equal_AOP_DASCMOP3_N100_FE100000_run9_seed241709.mat"
"s09_biscop_confirmation","Equal-AOP","DASCMOP4","DAS-CMOP",100,100000,10,241810,100000,7.7369,0.001380461870362162,0.2035839739670068,1,"Equal_AOP_DASCMOP4_N100_FE100000_run10_seed241810.mat"
"s09_biscop_confirmation","Equal-AOP","DASCMOP4","DAS-CMOP",100,100000,1,241801,100000,7.5885,0.00221231236441438,0.2040317100409202,1,"Equal_AOP_DASCMOP4_N100_FE100000_run1_seed241801.mat"
"s09_biscop_confirmation","Equal-AOP","DASCMOP4","DAS-CMOP",100,100000,2,241802,100000,7.5594,0.00258919993181044,0.2029183069082468,1,"Equal_AOP_DASCMOP4_N100_FE100000_run2_seed241802.mat"
"s09_biscop_confirmation","Equal-AOP","DASCMOP4","DAS-CMOP",100,100000,3,241803,100000,7.4902,0.001750674144505398,0.2037079208657803,1,"Equal_AOP_DASCMOP4_N100_FE100000_run3_seed241803.mat"
"s09_biscop_confirmation","Equal-AOP","DASCMOP4","DAS-CMOP",100,100000,4,241804,100000,7.7759,0.001293411480363016,0.2038769920023863,1,"Equal_AOP_DASCMOP4_N100_FE100000_run4_seed241804.mat"
"s09_biscop_confirmation","Equal-AOP","DASCMOP4","DAS-CMOP",100,100000,5,241805,100000,7.5232,0.00168925806871748,0.2038269642156269,1,"Equal_AOP_DASCMOP4_N100_FE100000_run5_seed241805.mat"
"s09_biscop_confirmation","Equal-AOP","DASCMOP4","DAS-CMOP",100,100000,6,241806,100000,7.5354,0.001669299043426756,0.2032493381516313,1,"Equal_AOP_DASCMOP4_N100_FE100000_run6_seed241806.mat"
"s09_biscop_confirmation","Equal-AOP","DASCMOP4","DAS-CMOP",100,100000,7,241807,100000,7.3757,0.003370926869486606,0.2028737392491801,1,"Equal_AOP_DASCMOP4_N100_FE100000_run7_seed241807.mat"
"s09_biscop_confirmation","Equal-AOP","DASCMOP4","DAS-CMOP",100,100000,8,241808,100000,7.4478,0.005531610449771595,0.20278365430263,1,"Equal_AOP_DASCMOP4_N100_FE100000_run8_seed241808.mat"
"s09_biscop_confirmation","Equal-AOP","DASCMOP4","DAS-CMOP",100,100000,9,241809,100000,7.4718,0.001482428332359966,0.2036606851482797,1,"Equal_AOP_DASCMOP4_N100_FE100000_run9_seed241809.mat"
"s09_biscop_confirmation","Equal-AOP","DASCMOP5","DAS-CMOP",100,100000,10,241910,100000,7.4956,0.004140675761683702,0.3494899331147071,1,"Equal_AOP_DASCMOP5_N100_FE100000_run10_seed241910.mat"
"s09_biscop_confirmation","Equal-AOP","DASCMOP5","DAS-CMOP",100,100000,1,241901,100000,7.3697,0.003108232216003406,0.3507906204856217,1,"Equal_AOP_DASCMOP5_N100_FE100000_run1_seed241901.mat"
"s09_biscop_confirmation","Equal-AOP","DASCMOP5","DAS-CMOP",100,100000,2,241902,100000,7.6415,0.003900752648300427,0.349850622715871,1,"Equal_AOP_DASCMOP5_N100_FE100000_run2_seed241902.mat"
"s09_biscop_confirmation","Equal-AOP","DASCMOP5","DAS-CMOP",100,100000,3,241903,100000,7.3921,0.003200281229119945,0.3505528434435893,1,"Equal_AOP_DASCMOP5_N100_FE100000_run3_seed241903.mat"
"s09_biscop_confirmation","Equal-AOP","DASCMOP5","DAS-CMOP",100,100000,4,241904,100000,7.354,0.003116050614110798,0.3509077602658231,1,"Equal_AOP_DASCMOP5_N100_FE100000_run4_seed241904.mat"
"s09_biscop_confirmation","Equal-AOP","DASCMOP5","DAS-CMOP",100,100000,5,241905,100000,7.2878,0.003286031828224677,0.350866289620504,1,"Equal_AOP_DASCMOP5_N100_FE100000_run5_seed241905.mat"
"s09_biscop_confirmation","Equal-AOP","DASCMOP5","DAS-CMOP",100,100000,6,241906,100000,7.5629,0.004050112783532924,0.3504792692674016,1,"Equal_AOP_DASCMOP5_N100_FE100000_run6_seed241906.mat"
"s09_biscop_confirmation","Equal-AOP","DASCMOP5","DAS-CMOP",100,100000,7,241907,100000,7.3814,0.003247558378132676,0.3506463905362245,1,"Equal_AOP_DASCMOP5_N100_FE100000_run7_seed241907.mat"
"s09_biscop_confirmation","Equal-AOP","DASCMOP5","DAS-CMOP",100,100000,8,241908,100000,7.2192,0.004016415305649071,0.3499418897580303,1,"Equal_AOP_DASCMOP5_N100_FE100000_run8_seed241908.mat"
"s09_biscop_confirmation","Equal-AOP","DASCMOP5","DAS-CMOP",100,100000,9,241909,100000,7.4863,0.003180945499731642,0.3510386097893688,1,"Equal_AOP_DASCMOP5_N100_FE100000_run9_seed241909.mat"
"s09_biscop_confirmation","Equal-AOP","DASCMOP6","DAS-CMOP",100,100000,10,242010,100000,7.2208,0.01939341576530735,0.3119582893252921,1,"Equal_AOP_DASCMOP6_N100_FE100000_run10_seed242010.mat"
"s09_biscop_confirmation","Equal-AOP","DASCMOP6","DAS-CMOP",100,100000,1,242001,100000,7.3879,0.01252381435350042,0.312312064559026,1,"Equal_AOP_DASCMOP6_N100_FE100000_run1_seed242001.mat"
"s09_biscop_confirmation","Equal-AOP","DASCMOP6","DAS-CMOP",100,100000,2,242002,100000,7.478,0.01963020753891012,0.3121075091803425,1,"Equal_AOP_DASCMOP6_N100_FE100000_run2_seed242002.mat"
"s09_biscop_confirmation","Equal-AOP","DASCMOP6","DAS-CMOP",100,100000,3,242003,100000,7.3074,0.01951618998474391,0.3119877544752955,1,"Equal_AOP_DASCMOP6_N100_FE100000_run3_seed242003.mat"
"s09_biscop_confirmation","Equal-AOP","DASCMOP6","DAS-CMOP",100,100000,4,242004,100000,7.2239,0.01943893061279919,0.3115209777443378,1,"Equal_AOP_DASCMOP6_N100_FE100000_run4_seed242004.mat"
"s09_biscop_confirmation","Equal-AOP","DASCMOP6","DAS-CMOP",100,100000,5,242005,100000,7.3186,0.01971483883616339,0.3118305163165574,1,"Equal_AOP_DASCMOP6_N100_FE100000_run5_seed242005.mat"
"s09_biscop_confirmation","Equal-AOP","DASCMOP6","DAS-CMOP",100,100000,6,242006,100000,7.2946,0.01982281699064753,0.3124570257664128,1,"Equal_AOP_DASCMOP6_N100_FE100000_run6_seed242006.mat"
"s09_biscop_confirmation","Equal-AOP","DASCMOP6","DAS-CMOP",100,100000,7,242007,100000,7.1519,0.02101129620032519,0.3111307892047078,1,"Equal_AOP_DASCMOP6_N100_FE100000_run7_seed242007.mat"
"s09_biscop_confirmation","Equal-AOP","DASCMOP6","DAS-CMOP",100,100000,8,242008,100000,7.2044,0.01939550607828014,0.3123581896819693,1,"Equal_AOP_DASCMOP6_N100_FE100000_run8_seed242008.mat"
"s09_biscop_confirmation","Equal-AOP","DASCMOP6","DAS-CMOP",100,100000,9,242009,100000,7.229,0.01950360513563853,0.3116259801085916,1,"Equal_AOP_DASCMOP6_N100_FE100000_run9_seed242009.mat"
"s09_biscop_confirmation","Equal-AOP","DASCMOP7","DAS-CMOP",100,100000,10,242110,100000,13.5411,0.03455469618081133,0.284333368351989,1,"Equal_AOP_DASCMOP7_N100_FE100000_run10_seed242110.mat"
"s09_biscop_confirmation","Equal-AOP","DASCMOP7","DAS-CMOP",100,100000,1,242101,100000,10.2765,0.03310833020676236,0.286131780632525,1,"Equal_AOP_DASCMOP7_N100_FE100000_run1_seed242101.mat"
"s09_biscop_confirmation","Equal-AOP","DASCMOP7","DAS-CMOP",100,100000,2,242102,100000,10.1002,0.02993111617072507,0.2873663003676228,1,"Equal_AOP_DASCMOP7_N100_FE100000_run2_seed242102.mat"
"s09_biscop_confirmation","Equal-AOP","DASCMOP7","DAS-CMOP",100,100000,3,242103,100000,10.2086,0.03180200736414691,0.2873567542927738,1,"Equal_AOP_DASCMOP7_N100_FE100000_run3_seed242103.mat"
"s09_biscop_confirmation","Equal-AOP","DASCMOP7","DAS-CMOP",100,100000,4,242104,100000,10.7951,0.0305762701796252,0.2855496816442978,1,"Equal_AOP_DASCMOP7_N100_FE100000_run4_seed242104.mat"
"s09_biscop_confirmation","Equal-AOP","DASCMOP7","DAS-CMOP",100,100000,5,242105,100000,11.786,0.0300369666057081,0.2878825062367962,1,"Equal_AOP_DASCMOP7_N100_FE100000_run5_seed242105.mat"
"s09_biscop_confirmation","Equal-AOP","DASCMOP7","DAS-CMOP",100,100000,6,242106,100000,9.7645,0.03202498337782523,0.2871726143529387,1,"Equal_AOP_DASCMOP7_N100_FE100000_run6_seed242106.mat"
"s09_biscop_confirmation","Equal-AOP","DASCMOP7","DAS-CMOP",100,100000,7,242107,100000,11.3076,0.02965178293562967,0.2879877807770647,1,"Equal_AOP_DASCMOP7_N100_FE100000_run7_seed242107.mat"
"s09_biscop_confirmation","Equal-AOP","DASCMOP7","DAS-CMOP",100,100000,8,242108,100000,13.4524,0.03539173366317937,0.2833737845647856,1,"Equal_AOP_DASCMOP7_N100_FE100000_run8_seed242108.mat"
"s09_biscop_confirmation","Equal-AOP","DASCMOP7","DAS-CMOP",100,100000,9,242109,100000,11.2655,0.03154675755638328,0.2864582455206076,1,"Equal_AOP_DASCMOP7_N100_FE100000_run9_seed242109.mat"
"s09_biscop_confirmation","Equal-AOP","DASCMOP8","DAS-CMOP",100,100000,10,242210,100000,11.6189,0.03977723689653318,0.2062604951701006,1,"Equal_AOP_DASCMOP8_N100_FE100000_run10_seed242210.mat"
"s09_biscop_confirmation","Equal-AOP","DASCMOP8","DAS-CMOP",100,100000,1,242201,100000,10.5817,0.03813031931972494,0.2068011252415324,1,"Equal_AOP_DASCMOP8_N100_FE100000_run1_seed242201.mat"
"s09_biscop_confirmation","Equal-AOP","DASCMOP8","DAS-CMOP",100,100000,2,242202,100000,8.7557,0.04185744431514661,0.2056606260975321,1,"Equal_AOP_DASCMOP8_N100_FE100000_run2_seed242202.mat"
"s09_biscop_confirmation","Equal-AOP","DASCMOP8","DAS-CMOP",100,100000,3,242203,100000,9.8545,0.04239652269508219,0.2063238562528873,1,"Equal_AOP_DASCMOP8_N100_FE100000_run3_seed242203.mat"
"s09_biscop_confirmation","Equal-AOP","DASCMOP8","DAS-CMOP",100,100000,4,242204,100000,10.887,0.04077385845752704,0.2064810676463452,1,"Equal_AOP_DASCMOP8_N100_FE100000_run4_seed242204.mat"
"s09_biscop_confirmation","Equal-AOP","DASCMOP8","DAS-CMOP",100,100000,5,242205,100000,10.9418,0.04923650685280316,0.2036870158034174,1,"Equal_AOP_DASCMOP8_N100_FE100000_run5_seed242205.mat"
"s09_biscop_confirmation","Equal-AOP","DASCMOP8","DAS-CMOP",100,100000,6,242206,100000,10.4428,0.03852112632645115,0.206240257300576,1,"Equal_AOP_DASCMOP8_N100_FE100000_run6_seed242206.mat"
"s09_biscop_confirmation","Equal-AOP","DASCMOP8","DAS-CMOP",100,100000,7,242207,100000,10.4892,0.04387084830874553,0.2048261005208464,1,"Equal_AOP_DASCMOP8_N100_FE100000_run7_seed242207.mat"
"s09_biscop_confirmation","Equal-AOP","DASCMOP8","DAS-CMOP",100,100000,8,242208,100000,10.5158,0.0388832579713896,0.2068846073049511,1,"Equal_AOP_DASCMOP8_N100_FE100000_run8_seed242208.mat"
"s09_biscop_confirmation","Equal-AOP","DASCMOP8","DAS-CMOP",100,100000,9,242209,100000,10.403,0.04380149403494084,0.2047447083659599,1,"Equal_AOP_DASCMOP8_N100_FE100000_run9_seed242209.mat"
"s09_biscop_confirmation","Equal-AOP","DASCMOP9","DAS-CMOP",100,100000,10,242310,100000,9.6028,0.0405984165036978,0.204649693081836,1,"Equal_AOP_DASCMOP9_N100_FE100000_run10_seed242310.mat"
"s09_biscop_confirmation","Equal-AOP","DASCMOP9","DAS-CMOP",100,100000,1,242301,100000,9.6415,0.04451086894262599,0.2054776264644781,1,"Equal_AOP_DASCMOP9_N100_FE100000_run1_seed242301.mat"
"s09_biscop_confirmation","Equal-AOP","DASCMOP9","DAS-CMOP",100,100000,2,242302,100000,10.9848,0.04382042676657514,0.2050647156608195,1,"Equal_AOP_DASCMOP9_N100_FE100000_run2_seed242302.mat"
"s09_biscop_confirmation","Equal-AOP","DASCMOP9","DAS-CMOP",100,100000,3,242303,100000,10.0564,0.04159820835675569,0.2052216565319049,1,"Equal_AOP_DASCMOP9_N100_FE100000_run3_seed242303.mat"
"s09_biscop_confirmation","Equal-AOP","DASCMOP9","DAS-CMOP",100,100000,4,242304,100000,9.8736,0.044730418940602,0.2049951824850161,1,"Equal_AOP_DASCMOP9_N100_FE100000_run4_seed242304.mat"
"s09_biscop_confirmation","Equal-AOP","DASCMOP9","DAS-CMOP",100,100000,5,242305,100000,9.7838,0.04075253079856492,0.2057426907285257,1,"Equal_AOP_DASCMOP9_N100_FE100000_run5_seed242305.mat"
"s09_biscop_confirmation","Equal-AOP","DASCMOP9","DAS-CMOP",100,100000,6,242306,100000,9.9603,0.04079520357956384,0.2057413415240671,1,"Equal_AOP_DASCMOP9_N100_FE100000_run6_seed242306.mat"
"s09_biscop_confirmation","Equal-AOP","DASCMOP9","DAS-CMOP",100,100000,7,242307,100000,9.6736,0.04151118176331624,0.2054297269574221,1,"Equal_AOP_DASCMOP9_N100_FE100000_run7_seed242307.mat"
"s09_biscop_confirmation","Equal-AOP","DASCMOP9","DAS-CMOP",100,100000,8,242308,100000,10.1736,0.04166073736316562,0.2055672668307648,1,"Equal_AOP_DASCMOP9_N100_FE100000_run8_seed242308.mat"
"s09_biscop_confirmation","Equal-AOP","DASCMOP9","DAS-CMOP",100,100000,9,242309,100000,11.8864,0.04238808370416605,0.2060685383257387,1,"Equal_AOP_DASCMOP9_N100_FE100000_run9_seed242309.mat"
"s09_biscop_confirmation","Equal-AOP","LIRCMOP10","LIR-CMOP",100,100000,10,241010,100000,19.4231,0.07334387457074788,0.6759947597917489,1,"Equal_AOP_LIRCMOP10_N100_FE100000_run10_seed241010.mat"
"s09_biscop_confirmation","Equal-AOP","LIRCMOP10","LIR-CMOP",100,100000,1,241001,100000,19.7404,0.02507763261090021,0.6932382260672081,1,"Equal_AOP_LIRCMOP10_N100_FE100000_run1_seed241001.mat"
"s09_biscop_confirmation","Equal-AOP","LIRCMOP10","LIR-CMOP",100,100000,2,241002,100000,18.8443,0.01902436515796613,0.6970765350497073,1,"Equal_AOP_LIRCMOP10_N100_FE100000_run2_seed241002.mat"
"s09_biscop_confirmation","Equal-AOP","LIRCMOP10","LIR-CMOP",100,100000,3,241003,100000,20.4248,0.06733700165544312,0.6788751727388083,1,"Equal_AOP_LIRCMOP10_N100_FE100000_run3_seed241003.mat"
"s09_biscop_confirmation","Equal-AOP","LIRCMOP10","LIR-CMOP",100,100000,4,241004,100000,18.8842,0.1071315486706647,0.6671504611785263,1,"Equal_AOP_LIRCMOP10_N100_FE100000_run4_seed241004.mat"
"s09_biscop_confirmation","Equal-AOP","LIRCMOP10","LIR-CMOP",100,100000,5,241005,100000,18.6788,0.1266559452864764,0.6533613059099401,1,"Equal_AOP_LIRCMOP10_N100_FE100000_run5_seed241005.mat"
"s09_biscop_confirmation","Equal-AOP","LIRCMOP10","LIR-CMOP",100,100000,6,241006,100000,20.5248,0.1043456291027978,0.668215550485303,1,"Equal_AOP_LIRCMOP10_N100_FE100000_run6_seed241006.mat"
"s09_biscop_confirmation","Equal-AOP","LIRCMOP10","LIR-CMOP",100,100000,7,241007,100000,18.9903,0.06348583261771218,0.6788585025031368,1,"Equal_AOP_LIRCMOP10_N100_FE100000_run7_seed241007.mat"
"s09_biscop_confirmation","Equal-AOP","LIRCMOP10","LIR-CMOP",100,100000,8,241008,100000,18.9726,0.1097111588736214,0.6643035308606715,1,"Equal_AOP_LIRCMOP10_N100_FE100000_run8_seed241008.mat"
"s09_biscop_confirmation","Equal-AOP","LIRCMOP10","LIR-CMOP",100,100000,9,241009,100000,19.9194,0.102905270194898,0.6700571874791067,1,"Equal_AOP_LIRCMOP10_N100_FE100000_run9_seed241009.mat"
"s09_biscop_confirmation","Equal-AOP","LIRCMOP11","LIR-CMOP",100,100000,10,241110,100000,14.0367,0.008352507389822876,0.6897578707897239,1,"Equal_AOP_LIRCMOP11_N100_FE100000_run10_seed241110.mat"
"s09_biscop_confirmation","Equal-AOP","LIRCMOP11","LIR-CMOP",100,100000,1,241101,100000,17.4201,0.02314319385608684,0.6784138803581296,1,"Equal_AOP_LIRCMOP11_N100_FE100000_run1_seed241101.mat"
"s09_biscop_confirmation","Equal-AOP","LIRCMOP11","LIR-CMOP",100,100000,2,241102,100000,15.718,0.0726190413787821,0.6601564664870816,1,"Equal_AOP_LIRCMOP11_N100_FE100000_run2_seed241102.mat"
"s09_biscop_confirmation","Equal-AOP","LIRCMOP11","LIR-CMOP",100,100000,3,241103,100000,16.251,0.007694909399269922,0.6908156911704422,1,"Equal_AOP_LIRCMOP11_N100_FE100000_run3_seed241103.mat"
"s09_biscop_confirmation","Equal-AOP","LIRCMOP11","LIR-CMOP",100,100000,4,241104,100000,16.572,0.07302003723389251,0.6600428683212619,1,"Equal_AOP_LIRCMOP11_N100_FE100000_run4_seed241104.mat"
"s09_biscop_confirmation","Equal-AOP","LIRCMOP11","LIR-CMOP",100,100000,5,241105,100000,16.8509,0.07394486889604072,0.6588551530875192,1,"Equal_AOP_LIRCMOP11_N100_FE100000_run5_seed241105.mat"
"s09_biscop_confirmation","Equal-AOP","LIRCMOP11","LIR-CMOP",100,100000,6,241106,100000,17.527,0.009022808360353443,0.6902031602625712,1,"Equal_AOP_LIRCMOP11_N100_FE100000_run6_seed241106.mat"
"s09_biscop_confirmation","Equal-AOP","LIRCMOP11","LIR-CMOP",100,100000,7,241107,100000,16.7486,0.07203077312792658,0.6598434209110486,1,"Equal_AOP_LIRCMOP11_N100_FE100000_run7_seed241107.mat"
"s09_biscop_confirmation","Equal-AOP","LIRCMOP11","LIR-CMOP",100,100000,8,241108,100000,19.0781,0.07325906472524477,0.6599587130047785,1,"Equal_AOP_LIRCMOP11_N100_FE100000_run8_seed241108.mat"
"s09_biscop_confirmation","Equal-AOP","LIRCMOP11","LIR-CMOP",100,100000,9,241109,100000,16.7368,0.07267638042576795,0.6602128908625223,1,"Equal_AOP_LIRCMOP11_N100_FE100000_run9_seed241109.mat"
"s09_biscop_confirmation","Equal-AOP","LIRCMOP12","LIR-CMOP",100,100000,10,241210,100000,10.6185,0.08857713912545437,0.5848166478170989,1,"Equal_AOP_LIRCMOP12_N100_FE100000_run10_seed241210.mat"
"s09_biscop_confirmation","Equal-AOP","LIRCMOP12","LIR-CMOP",100,100000,1,241201,100000,11.226,0.09381273661147689,0.5811288305439217,1,"Equal_AOP_LIRCMOP12_N100_FE100000_run1_seed241201.mat"
"s09_biscop_confirmation","Equal-AOP","LIRCMOP12","LIR-CMOP",100,100000,2,241202,100000,10.0992,0.08189784607880093,0.5866429807102871,1,"Equal_AOP_LIRCMOP12_N100_FE100000_run2_seed241202.mat"
"s09_biscop_confirmation","Equal-AOP","LIRCMOP12","LIR-CMOP",100,100000,3,241203,100000,10.4842,0.009985982919812746,0.6171157583231981,1,"Equal_AOP_LIRCMOP12_N100_FE100000_run3_seed241203.mat"
"s09_biscop_confirmation","Equal-AOP","LIRCMOP12","LIR-CMOP",100,100000,4,241204,100000,9.892,0.01239622772868954,0.6158051251289008,1,"Equal_AOP_LIRCMOP12_N100_FE100000_run4_seed241204.mat"
"s09_biscop_confirmation","Equal-AOP","LIRCMOP12","LIR-CMOP",100,100000,5,241205,100000,9.8071,0.1523296658598355,0.5376075079710967,1,"Equal_AOP_LIRCMOP12_N100_FE100000_run5_seed241205.mat"
"s09_biscop_confirmation","Equal-AOP","LIRCMOP12","LIR-CMOP",100,100000,6,241206,100000,9.4886,0.07584669290458451,0.593414871558558,1,"Equal_AOP_LIRCMOP12_N100_FE100000_run6_seed241206.mat"
"s09_biscop_confirmation","Equal-AOP","LIRCMOP12","LIR-CMOP",100,100000,7,241207,100000,9.8295,0.1359693593176927,0.5570913503543979,1,"Equal_AOP_LIRCMOP12_N100_FE100000_run7_seed241207.mat"
"s09_biscop_confirmation","Equal-AOP","LIRCMOP12","LIR-CMOP",100,100000,8,241208,100000,10.5787,0.08902587246490008,0.58269376658259,1,"Equal_AOP_LIRCMOP12_N100_FE100000_run8_seed241208.mat"
"s09_biscop_confirmation","Equal-AOP","LIRCMOP12","LIR-CMOP",100,100000,9,241209,100000,9.5261,0.08537971690779557,0.5862679374076826,1,"Equal_AOP_LIRCMOP12_N100_FE100000_run9_seed241209.mat"
"s09_biscop_confirmation","Equal-AOP","LIRCMOP13","LIR-CMOP",100,100000,10,241310,100000,47.9962,0.0968443061501798,0.5419124114657052,1,"Equal_AOP_LIRCMOP13_N100_FE100000_run10_seed241310.mat"
"s09_biscop_confirmation","Equal-AOP","LIRCMOP13","LIR-CMOP",100,100000,1,241301,100000,46.9055,0.09798135827233961,0.5425818785271941,1,"Equal_AOP_LIRCMOP13_N100_FE100000_run1_seed241301.mat"
"s09_biscop_confirmation","Equal-AOP","LIRCMOP13","LIR-CMOP",100,100000,2,241302,100000,46.9094,0.0999850773544059,0.5390266752812272,1,"Equal_AOP_LIRCMOP13_N100_FE100000_run2_seed241302.mat"
"s09_biscop_confirmation","Equal-AOP","LIRCMOP13","LIR-CMOP",100,100000,3,241303,100000,46.5738,0.0956698540553147,0.5450031615010984,1,"Equal_AOP_LIRCMOP13_N100_FE100000_run3_seed241303.mat"
"s09_biscop_confirmation","Equal-AOP","LIRCMOP13","LIR-CMOP",100,100000,4,241304,100000,48.0639,0.09713742264489769,0.5472178135256831,1,"Equal_AOP_LIRCMOP13_N100_FE100000_run4_seed241304.mat"
"s09_biscop_confirmation","Equal-AOP","LIRCMOP13","LIR-CMOP",100,100000,5,241305,100000,47.1018,0.09705141829788441,0.5438995140883833,1,"Equal_AOP_LIRCMOP13_N100_FE100000_run5_seed241305.mat"
"s09_biscop_confirmation","Equal-AOP","LIRCMOP13","LIR-CMOP",100,100000,6,241306,100000,48.0229,0.09971148755034939,0.5359035828093076,1,"Equal_AOP_LIRCMOP13_N100_FE100000_run6_seed241306.mat"
"s09_biscop_confirmation","Equal-AOP","LIRCMOP13","LIR-CMOP",100,100000,7,241307,100000,47.7555,0.09701011159516773,0.5447009081078414,1,"Equal_AOP_LIRCMOP13_N100_FE100000_run7_seed241307.mat"
"s09_biscop_confirmation","Equal-AOP","LIRCMOP13","LIR-CMOP",100,100000,8,241308,100000,46.6105,0.0982784709923194,0.5451786094241816,1,"Equal_AOP_LIRCMOP13_N100_FE100000_run8_seed241308.mat"
"s09_biscop_confirmation","Equal-AOP","LIRCMOP13","LIR-CMOP",100,100000,9,241309,100000,47.0698,0.1009311297420493,0.539408204726893,1,"Equal_AOP_LIRCMOP13_N100_FE100000_run9_seed241309.mat"
"s09_biscop_confirmation","Equal-AOP","LIRCMOP14","LIR-CMOP",100,100000,10,241410,100000,33.4364,0.09943792399975893,0.5487380520599299,1,"Equal_AOP_LIRCMOP14_N100_FE100000_run10_seed241410.mat"
"s09_biscop_confirmation","Equal-AOP","LIRCMOP14","LIR-CMOP",100,100000,1,241401,100000,33.5155,0.09697948405354903,0.5499379896578394,1,"Equal_AOP_LIRCMOP14_N100_FE100000_run1_seed241401.mat"
"s09_biscop_confirmation","Equal-AOP","LIRCMOP14","LIR-CMOP",100,100000,2,241402,100000,34.3083,0.09748359375547712,0.552771417268753,1,"Equal_AOP_LIRCMOP14_N100_FE100000_run2_seed241402.mat"
"s09_biscop_confirmation","Equal-AOP","LIRCMOP14","LIR-CMOP",100,100000,3,241403,100000,34.8863,0.099482944537024,0.5485585915229023,1,"Equal_AOP_LIRCMOP14_N100_FE100000_run3_seed241403.mat"
"s09_biscop_confirmation","Equal-AOP","LIRCMOP14","LIR-CMOP",100,100000,4,241404,100000,33.9982,0.09699970444495243,0.5505595138941479,1,"Equal_AOP_LIRCMOP14_N100_FE100000_run4_seed241404.mat"
"s09_biscop_confirmation","Equal-AOP","LIRCMOP14","LIR-CMOP",100,100000,5,241405,100000,33.3582,0.09803417471274242,0.5507886181349531,1,"Equal_AOP_LIRCMOP14_N100_FE100000_run5_seed241405.mat"
"s09_biscop_confirmation","Equal-AOP","LIRCMOP14","LIR-CMOP",100,100000,6,241406,100000,34.9274,0.09808121951163956,0.5499364700869429,1,"Equal_AOP_LIRCMOP14_N100_FE100000_run6_seed241406.mat"
"s09_biscop_confirmation","Equal-AOP","LIRCMOP14","LIR-CMOP",100,100000,7,241407,100000,33.4569,0.09699156642105607,0.548360500274909,1,"Equal_AOP_LIRCMOP14_N100_FE100000_run7_seed241407.mat"
"s09_biscop_confirmation","Equal-AOP","LIRCMOP14","LIR-CMOP",100,100000,8,241408,100000,34.8864,0.09912311924516483,0.5497014409586285,1,"Equal_AOP_LIRCMOP14_N100_FE100000_run8_seed241408.mat"
"s09_biscop_confirmation","Equal-AOP","LIRCMOP14","LIR-CMOP",100,100000,9,241409,100000,35.0061,0.09685427077122324,0.5489881317265288,1,"Equal_AOP_LIRCMOP14_N100_FE100000_run9_seed241409.mat"
"s09_biscop_confirmation","Equal-AOP","LIRCMOP1","LIR-CMOP",100,100000,10,240110,100000,8.9402,0.1298768935389593,0.178656995514561,1,"Equal_AOP_LIRCMOP1_N100_FE100000_run10_seed240110.mat"
"s09_biscop_confirmation","Equal-AOP","LIRCMOP1","LIR-CMOP",100,100000,1,240101,100000,8.3878,0.1957382865653727,0.1550270241189867,1,"Equal_AOP_LIRCMOP1_N100_FE100000_run1_seed240101.mat"
"s09_biscop_confirmation","Equal-AOP","LIRCMOP1","LIR-CMOP",100,100000,2,240102,100000,8.5754,0.2919064926509608,0.1089724879320413,1,"Equal_AOP_LIRCMOP1_N100_FE100000_run2_seed240102.mat"
"s09_biscop_confirmation","Equal-AOP","LIRCMOP1","LIR-CMOP",100,100000,3,240103,100000,8.6201,0.2286181883200454,0.1364466930490181,1,"Equal_AOP_LIRCMOP1_N100_FE100000_run3_seed240103.mat"
"s09_biscop_confirmation","Equal-AOP","LIRCMOP1","LIR-CMOP",100,100000,4,240104,100000,8.5271,0.2014604570503406,0.1354606870049168,1,"Equal_AOP_LIRCMOP1_N100_FE100000_run4_seed240104.mat"
"s09_biscop_confirmation","Equal-AOP","LIRCMOP1","LIR-CMOP",100,100000,5,240105,100000,8.5578,0.2350969792012036,0.1283609793301376,1,"Equal_AOP_LIRCMOP1_N100_FE100000_run5_seed240105.mat"
"s09_biscop_confirmation","Equal-AOP","LIRCMOP1","LIR-CMOP",100,100000,6,240106,100000,8.4146,0.1996670072466461,0.1366132109586637,1,"Equal_AOP_LIRCMOP1_N100_FE100000_run6_seed240106.mat"
"s09_biscop_confirmation","Equal-AOP","LIRCMOP1","LIR-CMOP",100,100000,7,240107,100000,8.6458,0.1881321974332605,0.1452410324602981,1,"Equal_AOP_LIRCMOP1_N100_FE100000_run7_seed240107.mat"
"s09_biscop_confirmation","Equal-AOP","LIRCMOP1","LIR-CMOP",100,100000,8,240108,100000,8.4914,0.1688636478331876,0.1581726037381908,1,"Equal_AOP_LIRCMOP1_N100_FE100000_run8_seed240108.mat"
"s09_biscop_confirmation","Equal-AOP","LIRCMOP1","LIR-CMOP",100,100000,9,240109,100000,8.6182,0.2226642174265674,0.1289463904460048,1,"Equal_AOP_LIRCMOP1_N100_FE100000_run9_seed240109.mat"
"s09_biscop_confirmation","Equal-AOP","LIRCMOP2","LIR-CMOP",100,100000,10,240210,100000,10.0572,0.06375395146916746,0.3197626463464592,1,"Equal_AOP_LIRCMOP2_N100_FE100000_run10_seed240210.mat"
"s09_biscop_confirmation","Equal-AOP","LIRCMOP2","LIR-CMOP",100,100000,1,240201,100000,9.7642,0.2061943313458457,0.254878234917938,1,"Equal_AOP_LIRCMOP2_N100_FE100000_run1_seed240201.mat"
"s09_biscop_confirmation","Equal-AOP","LIRCMOP2","LIR-CMOP",100,100000,2,240202,100000,9.664,0.1231784258047917,0.2774048098060036,1,"Equal_AOP_LIRCMOP2_N100_FE100000_run2_seed240202.mat"
"s09_biscop_confirmation","Equal-AOP","LIRCMOP2","LIR-CMOP",100,100000,3,240203,100000,9.7929,0.2065716354319961,0.2755626905373117,1,"Equal_AOP_LIRCMOP2_N100_FE100000_run3_seed240203.mat"
"s09_biscop_confirmation","Equal-AOP","LIRCMOP2","LIR-CMOP",100,100000,4,240204,100000,9.9108,0.06738021082934442,0.3305284993130518,1,"Equal_AOP_LIRCMOP2_N100_FE100000_run4_seed240204.mat"
"s09_biscop_confirmation","Equal-AOP","LIRCMOP2","LIR-CMOP",100,100000,5,240205,100000,9.9673,0.1912829031046626,0.2643654433289194,1,"Equal_AOP_LIRCMOP2_N100_FE100000_run5_seed240205.mat"
"s09_biscop_confirmation","Equal-AOP","LIRCMOP2","LIR-CMOP",100,100000,6,240206,100000,9.6324,0.1780412419951206,0.2836587303939528,1,"Equal_AOP_LIRCMOP2_N100_FE100000_run6_seed240206.mat"
"s09_biscop_confirmation","Equal-AOP","LIRCMOP2","LIR-CMOP",100,100000,7,240207,100000,10.0203,0.09434181898027935,0.3057079024491822,1,"Equal_AOP_LIRCMOP2_N100_FE100000_run7_seed240207.mat"
"s09_biscop_confirmation","Equal-AOP","LIRCMOP2","LIR-CMOP",100,100000,8,240208,100000,9.7441,0.1498224633552362,0.2814166271158824,1,"Equal_AOP_LIRCMOP2_N100_FE100000_run8_seed240208.mat"
"s09_biscop_confirmation","Equal-AOP","LIRCMOP2","LIR-CMOP",100,100000,9,240209,100000,9.5426,0.180679186688625,0.2505256406756623,1,"Equal_AOP_LIRCMOP2_N100_FE100000_run9_seed240209.mat"
"s09_biscop_confirmation","Equal-AOP","LIRCMOP3","LIR-CMOP",100,100000,10,240310,100000,9.6127,0.2271622460216265,0.134335206289223,1,"Equal_AOP_LIRCMOP3_N100_FE100000_run10_seed240310.mat"
"s09_biscop_confirmation","Equal-AOP","LIRCMOP3","LIR-CMOP",100,100000,1,240301,100000,10.0727,0.2743145388932821,0.1065383693923223,1,"Equal_AOP_LIRCMOP3_N100_FE100000_run1_seed240301.mat"
"s09_biscop_confirmation","Equal-AOP","LIRCMOP3","LIR-CMOP",100,100000,2,240302,100000,10.8491,0.1789422025444378,0.1343316997243378,1,"Equal_AOP_LIRCMOP3_N100_FE100000_run2_seed240302.mat"
"s09_biscop_confirmation","Equal-AOP","LIRCMOP3","LIR-CMOP",100,100000,3,240303,100000,10.0634,0.1985457600163371,0.1497894386529514,1,"Equal_AOP_LIRCMOP3_N100_FE100000_run3_seed240303.mat"
"s09_biscop_confirmation","Equal-AOP","LIRCMOP3","LIR-CMOP",100,100000,4,240304,100000,9.7481,0.1318172704446912,0.1483366627468062,1,"Equal_AOP_LIRCMOP3_N100_FE100000_run4_seed240304.mat"
"s09_biscop_confirmation","Equal-AOP","LIRCMOP3","LIR-CMOP",100,100000,5,240305,100000,9.6661,0.219482721180213,0.1251029941665109,1,"Equal_AOP_LIRCMOP3_N100_FE100000_run5_seed240305.mat"
"s09_biscop_confirmation","Equal-AOP","LIRCMOP3","LIR-CMOP",100,100000,6,240306,100000,9.9733,0.2644490735587373,0.1094583314928505,1,"Equal_AOP_LIRCMOP3_N100_FE100000_run6_seed240306.mat"
"s09_biscop_confirmation","Equal-AOP","LIRCMOP3","LIR-CMOP",100,100000,7,240307,100000,9.9827,0.2744481276407912,0.1065855864473367,1,"Equal_AOP_LIRCMOP3_N100_FE100000_run7_seed240307.mat"
"s09_biscop_confirmation","Equal-AOP","LIRCMOP3","LIR-CMOP",100,100000,8,240308,100000,9.7893,0.2246188201989654,0.1177071152145285,1,"Equal_AOP_LIRCMOP3_N100_FE100000_run8_seed240308.mat"
"s09_biscop_confirmation","Equal-AOP","LIRCMOP3","LIR-CMOP",100,100000,9,240309,100000,9.8889,0.327998382231194,0.09754065186365692,1,"Equal_AOP_LIRCMOP3_N100_FE100000_run9_seed240309.mat"
"s09_biscop_confirmation","Equal-AOP","LIRCMOP4","LIR-CMOP",100,100000,10,240410,100000,10.0666,0.2126738183217551,0.2201063129989819,1,"Equal_AOP_LIRCMOP4_N100_FE100000_run10_seed240410.mat"
"s09_biscop_confirmation","Equal-AOP","LIRCMOP4","LIR-CMOP",100,100000,1,240401,100000,9.8978,0.1822392164785505,0.2485019491331196,1,"Equal_AOP_LIRCMOP4_N100_FE100000_run1_seed240401.mat"
"s09_biscop_confirmation","Equal-AOP","LIRCMOP4","LIR-CMOP",100,100000,2,240402,100000,9.7976,0.1697803101833582,0.2454112560186594,1,"Equal_AOP_LIRCMOP4_N100_FE100000_run2_seed240402.mat"
"s09_biscop_confirmation","Equal-AOP","LIRCMOP4","LIR-CMOP",100,100000,3,240403,100000,10.3124,0.09657216866101165,0.2718362987011862,1,"Equal_AOP_LIRCMOP4_N100_FE100000_run3_seed240403.mat"
"s09_biscop_confirmation","Equal-AOP","LIRCMOP4","LIR-CMOP",100,100000,4,240404,100000,11.7704,0.2592425688158718,0.208733952189052,1,"Equal_AOP_LIRCMOP4_N100_FE100000_run4_seed240404.mat"
"s09_biscop_confirmation","Equal-AOP","LIRCMOP4","LIR-CMOP",100,100000,5,240405,100000,10.0148,0.2548505491663086,0.208652716681952,1,"Equal_AOP_LIRCMOP4_N100_FE100000_run5_seed240405.mat"
"s09_biscop_confirmation","Equal-AOP","LIRCMOP4","LIR-CMOP",100,100000,6,240406,100000,10.1143,0.2367891515548922,0.2022340053019335,1,"Equal_AOP_LIRCMOP4_N100_FE100000_run6_seed240406.mat"
"s09_biscop_confirmation","Equal-AOP","LIRCMOP4","LIR-CMOP",100,100000,7,240407,100000,10.057,0.2539823790429153,0.208977406791276,1,"Equal_AOP_LIRCMOP4_N100_FE100000_run7_seed240407.mat"
"s09_biscop_confirmation","Equal-AOP","LIRCMOP4","LIR-CMOP",100,100000,8,240408,100000,9.8635,0.1733904147258937,0.2314377660146271,1,"Equal_AOP_LIRCMOP4_N100_FE100000_run8_seed240408.mat"
"s09_biscop_confirmation","Equal-AOP","LIRCMOP4","LIR-CMOP",100,100000,9,240409,100000,10.0702,0.1579479160859552,0.2579986601327552,1,"Equal_AOP_LIRCMOP4_N100_FE100000_run9_seed240409.mat"
"s09_biscop_confirmation","Equal-AOP","LIRCMOP5","LIR-CMOP",100,100000,10,240510,100000,13.8676,0.01808464259411131,0.2846712631969583,1,"Equal_AOP_LIRCMOP5_N100_FE100000_run10_seed240510.mat"
"s09_biscop_confirmation","Equal-AOP","LIRCMOP5","LIR-CMOP",100,100000,1,240501,100000,12.9227,0.02086312838910123,0.2830514680687243,1,"Equal_AOP_LIRCMOP5_N100_FE100000_run1_seed240501.mat"
"s09_biscop_confirmation","Equal-AOP","LIRCMOP5","LIR-CMOP",100,100000,2,240502,100000,14.6221,0.01218161095706253,0.2884040618834877,1,"Equal_AOP_LIRCMOP5_N100_FE100000_run2_seed240502.mat"
"s09_biscop_confirmation","Equal-AOP","LIRCMOP5","LIR-CMOP",100,100000,3,240503,100000,13.1564,0.01916073348433599,0.2840913393299503,1,"Equal_AOP_LIRCMOP5_N100_FE100000_run3_seed240503.mat"
"s09_biscop_confirmation","Equal-AOP","LIRCMOP5","LIR-CMOP",100,100000,4,240504,100000,13.8951,0.01682500523468831,0.285126318589364,1,"Equal_AOP_LIRCMOP5_N100_FE100000_run4_seed240504.mat"
"s09_biscop_confirmation","Equal-AOP","LIRCMOP5","LIR-CMOP",100,100000,5,240505,100000,15.5221,0.01949826557684215,0.2839792576153171,1,"Equal_AOP_LIRCMOP5_N100_FE100000_run5_seed240505.mat"
"s09_biscop_confirmation","Equal-AOP","LIRCMOP5","LIR-CMOP",100,100000,6,240506,100000,14.7065,0.02542444562912778,0.2817476201911675,1,"Equal_AOP_LIRCMOP5_N100_FE100000_run6_seed240506.mat"
"s09_biscop_confirmation","Equal-AOP","LIRCMOP5","LIR-CMOP",100,100000,7,240507,100000,14.7306,0.01776411978118043,0.284154689638493,1,"Equal_AOP_LIRCMOP5_N100_FE100000_run7_seed240507.mat"
"s09_biscop_confirmation","Equal-AOP","LIRCMOP5","LIR-CMOP",100,100000,8,240508,100000,11.0415,0.02359769576164305,0.283978554363578,1,"Equal_AOP_LIRCMOP5_N100_FE100000_run8_seed240508.mat"
"s09_biscop_confirmation","Equal-AOP","LIRCMOP5","LIR-CMOP",100,100000,9,240509,100000,14.4281,0.02972155862617245,0.2801516410475831,1,"Equal_AOP_LIRCMOP5_N100_FE100000_run9_seed240509.mat"
"s09_biscop_confirmation","Equal-AOP","LIRCMOP6","LIR-CMOP",100,100000,10,240610,100000,14.5768,0.01457450680301548,0.1936204776436242,1,"Equal_AOP_LIRCMOP6_N100_FE100000_run10_seed240610.mat"
"s09_biscop_confirmation","Equal-AOP","LIRCMOP6","LIR-CMOP",100,100000,1,240601,100000,14.2175,0.01322912141318101,0.1936564399623072,1,"Equal_AOP_LIRCMOP6_N100_FE100000_run1_seed240601.mat"
"s09_biscop_confirmation","Equal-AOP","LIRCMOP6","LIR-CMOP",100,100000,2,240602,100000,16.5496,0.1518742657370291,0.1290996994479824,1,"Equal_AOP_LIRCMOP6_N100_FE100000_run2_seed240602.mat"
"s09_biscop_confirmation","Equal-AOP","LIRCMOP6","LIR-CMOP",100,100000,3,240603,100000,14.481,0.02043436487280605,0.1931512316752383,1,"Equal_AOP_LIRCMOP6_N100_FE100000_run3_seed240603.mat"
"s09_biscop_confirmation","Equal-AOP","LIRCMOP6","LIR-CMOP",100,100000,4,240604,100000,16.3479,0.01255286471664361,0.194396587033165,1,"Equal_AOP_LIRCMOP6_N100_FE100000_run4_seed240604.mat"
"s09_biscop_confirmation","Equal-AOP","LIRCMOP6","LIR-CMOP",100,100000,5,240605,100000,16.9901,0.1053581297714572,0.1680116612454395,1,"Equal_AOP_LIRCMOP6_N100_FE100000_run5_seed240605.mat"
"s09_biscop_confirmation","Equal-AOP","LIRCMOP6","LIR-CMOP",100,100000,6,240606,100000,14.4561,0.01745021622151825,0.1933407828543253,1,"Equal_AOP_LIRCMOP6_N100_FE100000_run6_seed240606.mat"
"s09_biscop_confirmation","Equal-AOP","LIRCMOP6","LIR-CMOP",100,100000,7,240607,100000,15.467,0.01388853751808529,0.1934216076493298,1,"Equal_AOP_LIRCMOP6_N100_FE100000_run7_seed240607.mat"
"s09_biscop_confirmation","Equal-AOP","LIRCMOP6","LIR-CMOP",100,100000,8,240608,100000,18.4505,0.02661811998423702,0.1917473668799761,1,"Equal_AOP_LIRCMOP6_N100_FE100000_run8_seed240608.mat"
"s09_biscop_confirmation","Equal-AOP","LIRCMOP6","LIR-CMOP",100,100000,9,240609,100000,14.6181,0.01795837372401,0.1925916173260003,1,"Equal_AOP_LIRCMOP6_N100_FE100000_run9_seed240609.mat"
"s09_biscop_confirmation","Equal-AOP","LIRCMOP7","LIR-CMOP",100,100000,10,240710,100000,8.0286,0.008238773224794386,0.2937670956394889,1,"Equal_AOP_LIRCMOP7_N100_FE100000_run10_seed240710.mat"
"s09_biscop_confirmation","Equal-AOP","LIRCMOP7","LIR-CMOP",100,100000,1,240701,100000,7.9823,0.008733458721038586,0.293710463340185,1,"Equal_AOP_LIRCMOP7_N100_FE100000_run1_seed240701.mat"
"s09_biscop_confirmation","Equal-AOP","LIRCMOP7","LIR-CMOP",100,100000,2,240702,100000,7.9514,0.009388321066348376,0.293160369995608,1,"Equal_AOP_LIRCMOP7_N100_FE100000_run2_seed240702.mat"
"s09_biscop_confirmation","Equal-AOP","LIRCMOP7","LIR-CMOP",100,100000,3,240703,100000,8.0931,0.05479118922991646,0.2670820681941459,1,"Equal_AOP_LIRCMOP7_N100_FE100000_run3_seed240703.mat"
"s09_biscop_confirmation","Equal-AOP","LIRCMOP7","LIR-CMOP",100,100000,4,240704,100000,8.4915,0.007815916037485609,0.2937378944182569,1,"Equal_AOP_LIRCMOP7_N100_FE100000_run4_seed240704.mat"
"s09_biscop_confirmation","Equal-AOP","LIRCMOP7","LIR-CMOP",100,100000,5,240705,100000,7.9401,0.008426714063054327,0.2938414739884354,1,"Equal_AOP_LIRCMOP7_N100_FE100000_run5_seed240705.mat"
"s09_biscop_confirmation","Equal-AOP","LIRCMOP7","LIR-CMOP",100,100000,6,240706,100000,8.26,0.008000866045746801,0.2939763750251116,1,"Equal_AOP_LIRCMOP7_N100_FE100000_run6_seed240706.mat"
"s09_biscop_confirmation","Equal-AOP","LIRCMOP7","LIR-CMOP",100,100000,7,240707,100000,8.5548,0.008035636422200268,0.2939620177868696,1,"Equal_AOP_LIRCMOP7_N100_FE100000_run7_seed240707.mat"
"s09_biscop_confirmation","Equal-AOP","LIRCMOP7","LIR-CMOP",100,100000,8,240708,100000,8.2838,0.00892277469595288,0.2936730504389398,1,"Equal_AOP_LIRCMOP7_N100_FE100000_run8_seed240708.mat"
"s09_biscop_confirmation","Equal-AOP","LIRCMOP7","LIR-CMOP",100,100000,9,240709,100000,8.1113,0.009405512376210401,0.2933324962487211,1,"Equal_AOP_LIRCMOP7_N100_FE100000_run9_seed240709.mat"
"s09_biscop_confirmation","Equal-AOP","LIRCMOP8","LIR-CMOP",100,100000,10,240810,100000,7.9419,0.009029267299769338,0.2935662128702962,1,"Equal_AOP_LIRCMOP8_N100_FE100000_run10_seed240810.mat"
"s09_biscop_confirmation","Equal-AOP","LIRCMOP8","LIR-CMOP",100,100000,1,240801,100000,8.032,0.008470768354797105,0.293703706331901,1,"Equal_AOP_LIRCMOP8_N100_FE100000_run1_seed240801.mat"
"s09_biscop_confirmation","Equal-AOP","LIRCMOP8","LIR-CMOP",100,100000,2,240802,100000,8.9394,0.008300797901273596,0.2935206851344064,1,"Equal_AOP_LIRCMOP8_N100_FE100000_run2_seed240802.mat"
"s09_biscop_confirmation","Equal-AOP","LIRCMOP8","LIR-CMOP",100,100000,3,240803,100000,8.2006,0.00812883365751246,0.2938823008485801,1,"Equal_AOP_LIRCMOP8_N100_FE100000_run3_seed240803.mat"
"s09_biscop_confirmation","Equal-AOP","LIRCMOP8","LIR-CMOP",100,100000,4,240804,100000,8.1219,0.008205000633495817,0.2938383622628537,1,"Equal_AOP_LIRCMOP8_N100_FE100000_run4_seed240804.mat"
"s09_biscop_confirmation","Equal-AOP","LIRCMOP8","LIR-CMOP",100,100000,5,240805,100000,8.2293,0.008570354678095367,0.2937030170328033,1,"Equal_AOP_LIRCMOP8_N100_FE100000_run5_seed240805.mat"
"s09_biscop_confirmation","Equal-AOP","LIRCMOP8","LIR-CMOP",100,100000,6,240806,100000,8.7345,0.007713230601587255,0.2942262065908436,1,"Equal_AOP_LIRCMOP8_N100_FE100000_run6_seed240806.mat"
"s09_biscop_confirmation","Equal-AOP","LIRCMOP8","LIR-CMOP",100,100000,7,240807,100000,7.9372,0.00894179633717687,0.2936528528535577,1,"Equal_AOP_LIRCMOP8_N100_FE100000_run7_seed240807.mat"
"s09_biscop_confirmation","Equal-AOP","LIRCMOP8","LIR-CMOP",100,100000,8,240808,100000,8.0569,0.008081841258713723,0.2939885779254714,1,"Equal_AOP_LIRCMOP8_N100_FE100000_run8_seed240808.mat"
"s09_biscop_confirmation","Equal-AOP","LIRCMOP8","LIR-CMOP",100,100000,9,240809,100000,8.7646,0.007821969387830009,0.2940952845178544,1,"Equal_AOP_LIRCMOP8_N100_FE100000_run9_seed240809.mat"
"s09_biscop_confirmation","Equal-AOP","LIRCMOP9","LIR-CMOP",100,100000,10,240910,100000,17.569,0.2954391938196057,0.4095632118307668,1,"Equal_AOP_LIRCMOP9_N100_FE100000_run10_seed240910.mat"
"s09_biscop_confirmation","Equal-AOP","LIRCMOP9","LIR-CMOP",100,100000,1,240901,100000,16.6637,0.1919765916666366,0.4517596314219728,1,"Equal_AOP_LIRCMOP9_N100_FE100000_run1_seed240901.mat"
"s09_biscop_confirmation","Equal-AOP","LIRCMOP9","LIR-CMOP",100,100000,2,240902,100000,17.0208,0.1955257349586466,0.450156747794545,1,"Equal_AOP_LIRCMOP9_N100_FE100000_run2_seed240902.mat"
"s09_biscop_confirmation","Equal-AOP","LIRCMOP9","LIR-CMOP",100,100000,3,240903,100000,16.4686,0.2143887989495339,0.4431051486214877,1,"Equal_AOP_LIRCMOP9_N100_FE100000_run3_seed240903.mat"
"s09_biscop_confirmation","Equal-AOP","LIRCMOP9","LIR-CMOP",100,100000,4,240904,100000,18.7962,0.2152416930520173,0.4371834628322737,1,"Equal_AOP_LIRCMOP9_N100_FE100000_run4_seed240904.mat"
"s09_biscop_confirmation","Equal-AOP","LIRCMOP9","LIR-CMOP",100,100000,5,240905,100000,16.237,0.1889695848494623,0.4516067222339397,1,"Equal_AOP_LIRCMOP9_N100_FE100000_run5_seed240905.mat"
"s09_biscop_confirmation","Equal-AOP","LIRCMOP9","LIR-CMOP",100,100000,6,240906,100000,17.2327,0.1980733423491211,0.4458911869560183,1,"Equal_AOP_LIRCMOP9_N100_FE100000_run6_seed240906.mat"
"s09_biscop_confirmation","Equal-AOP","LIRCMOP9","LIR-CMOP",100,100000,7,240907,100000,17.3621,0.1961978242043624,0.447674712692491,1,"Equal_AOP_LIRCMOP9_N100_FE100000_run7_seed240907.mat"
"s09_biscop_confirmation","Equal-AOP","LIRCMOP9","LIR-CMOP",100,100000,8,240908,100000,17.8701,0.2018225677984594,0.4508216863929835,1,"Equal_AOP_LIRCMOP9_N100_FE100000_run8_seed240908.mat"
"s09_biscop_confirmation","Equal-AOP","LIRCMOP9","LIR-CMOP",100,100000,9,240909,100000,17.3641,0.2322892931753896,0.4244943664443227,1,"Equal_AOP_LIRCMOP9_N100_FE100000_run9_seed240909.mat"
"s09_biscop_confirmation","Random-AOP","CF10","CF",100,100000,10,250010,100000,34.8071,0.4546756442048745,0.1062631955394243,1,"Random_AOP_CF10_N100_FE100000_run10_seed250010.mat"
"s09_biscop_confirmation","Random-AOP","CF10","CF",100,100000,1,250001,100000,16.4469,0.1960944111038038,0.2716300134736515,1,"Random_AOP_CF10_N100_FE100000_run1_seed250001.mat"
"s09_biscop_confirmation","Random-AOP","CF10","CF",100,100000,2,250002,100000,30.7751,0.3488865608338324,0.1969208175409953,1,"Random_AOP_CF10_N100_FE100000_run2_seed250002.mat"
"s09_biscop_confirmation","Random-AOP","CF10","CF",100,100000,3,250003,100000,32.4717,0.3449791992109469,0.1976763813898561,1,"Random_AOP_CF10_N100_FE100000_run3_seed250003.mat"
"s09_biscop_confirmation","Random-AOP","CF10","CF",100,100000,4,250004,100000,34.4562,0.3546173620076558,0.1785653133405957,1,"Random_AOP_CF10_N100_FE100000_run4_seed250004.mat"
"s09_biscop_confirmation","Random-AOP","CF10","CF",100,100000,5,250005,100000,17.9861,0.1617181740386915,0.3146178493916856,1,"Random_AOP_CF10_N100_FE100000_run5_seed250005.mat"
"s09_biscop_confirmation","Random-AOP","CF10","CF",100,100000,6,250006,100000,33.2947,0.4013267886487162,0.176761543527055,1,"Random_AOP_CF10_N100_FE100000_run6_seed250006.mat"
"s09_biscop_confirmation","Random-AOP","CF10","CF",100,100000,7,250007,100000,32.8078,0.3225309429208901,0.1859634724771523,1,"Random_AOP_CF10_N100_FE100000_run7_seed250007.mat"
"s09_biscop_confirmation","Random-AOP","CF10","CF",100,100000,8,250008,100000,17.3168,0.3706578406715798,0.1138126098294163,1,"Random_AOP_CF10_N100_FE100000_run8_seed250008.mat"
"s09_biscop_confirmation","Random-AOP","CF10","CF",100,100000,9,250009,100000,23.7545,0.341035713406188,0.1771835547981465,1,"Random_AOP_CF10_N100_FE100000_run9_seed250009.mat"
"s09_biscop_confirmation","Random-AOP","CF1","CF",100,100000,10,249110,100000,14.5083,0.003033354861866613,0.5624082162055655,1,"Random_AOP_CF1_N100_FE100000_run10_seed249110.mat"
"s09_biscop_confirmation","Random-AOP","CF1","CF",100,100000,1,249101,100000,12.8072,0.002369175685315363,0.563223961477282,1,"Random_AOP_CF1_N100_FE100000_run1_seed249101.mat"
"s09_biscop_confirmation","Random-AOP","CF1","CF",100,100000,2,249102,100000,14.8438,0.003253643653009623,0.5621509454094358,1,"Random_AOP_CF1_N100_FE100000_run2_seed249102.mat"
"s09_biscop_confirmation","Random-AOP","CF1","CF",100,100000,3,249103,100000,14.5237,0.00293853280670816,0.5625239958446495,1,"Random_AOP_CF1_N100_FE100000_run3_seed249103.mat"
"s09_biscop_confirmation","Random-AOP","CF1","CF",100,100000,4,249104,100000,13.6369,0.002559145363315302,0.5629996080288864,1,"Random_AOP_CF1_N100_FE100000_run4_seed249104.mat"
"s09_biscop_confirmation","Random-AOP","CF1","CF",100,100000,5,249105,100000,14.4167,0.002806602714081303,0.5626845788102334,1,"Random_AOP_CF1_N100_FE100000_run5_seed249105.mat"
"s09_biscop_confirmation","Random-AOP","CF1","CF",100,100000,6,249106,100000,14.1403,0.003327116186904227,0.5620775031768126,1,"Random_AOP_CF1_N100_FE100000_run6_seed249106.mat"
"s09_biscop_confirmation","Random-AOP","CF1","CF",100,100000,7,249107,100000,14.6037,0.003292159285245273,0.562107510835229,1,"Random_AOP_CF1_N100_FE100000_run7_seed249107.mat"
"s09_biscop_confirmation","Random-AOP","CF1","CF",100,100000,8,249108,100000,14.512,0.00306563049694499,0.5623749814530642,1,"Random_AOP_CF1_N100_FE100000_run8_seed249108.mat"
"s09_biscop_confirmation","Random-AOP","CF1","CF",100,100000,9,249109,100000,12.458,0.003869365142804966,0.5614051893857032,1,"Random_AOP_CF1_N100_FE100000_run9_seed249109.mat"
"s09_biscop_confirmation","Random-AOP","CF2","CF",100,100000,10,249210,100000,14.7194,0.005500594937635414,0.6741161157600331,1,"Random_AOP_CF2_N100_FE100000_run10_seed249210.mat"
"s09_biscop_confirmation","Random-AOP","CF2","CF",100,100000,1,249201,100000,15.5457,0.005578291578503283,0.6726962792663076,1,"Random_AOP_CF2_N100_FE100000_run1_seed249201.mat"
"s09_biscop_confirmation","Random-AOP","CF2","CF",100,100000,2,249202,100000,14.2186,0.007111362819723126,0.6712585661556892,1,"Random_AOP_CF2_N100_FE100000_run2_seed249202.mat"
"s09_biscop_confirmation","Random-AOP","CF2","CF",100,100000,3,249203,100000,14.3842,0.008724940875930422,0.6720484329687531,1,"Random_AOP_CF2_N100_FE100000_run3_seed249203.mat"
"s09_biscop_confirmation","Random-AOP","CF2","CF",100,100000,4,249204,100000,14.9204,0.005895180578190684,0.6741155661992297,1,"Random_AOP_CF2_N100_FE100000_run4_seed249204.mat"
"s09_biscop_confirmation","Random-AOP","CF2","CF",100,100000,5,249205,100000,14.3619,0.005482380948051977,0.6745943575036039,1,"Random_AOP_CF2_N100_FE100000_run5_seed249205.mat"
"s09_biscop_confirmation","Random-AOP","CF2","CF",100,100000,6,249206,100000,14.8392,0.006470595318646945,0.6736330375351319,1,"Random_AOP_CF2_N100_FE100000_run6_seed249206.mat"
"s09_biscop_confirmation","Random-AOP","CF2","CF",100,100000,7,249207,100000,14.6291,0.005054214687781497,0.6734698563963287,1,"Random_AOP_CF2_N100_FE100000_run7_seed249207.mat"
"s09_biscop_confirmation","Random-AOP","CF2","CF",100,100000,8,249208,100000,14.0795,0.01309568877877893,0.6585035785918287,1,"Random_AOP_CF2_N100_FE100000_run8_seed249208.mat"
"s09_biscop_confirmation","Random-AOP","CF2","CF",100,100000,9,249209,100000,14.2749,0.006343868791897713,0.6701735572978653,1,"Random_AOP_CF2_N100_FE100000_run9_seed249209.mat"
"s09_biscop_confirmation","Random-AOP","CF3","CF",100,100000,10,249310,100000,11.8758,0.1401646887383726,0.2108021548786593,1,"Random_AOP_CF3_N100_FE100000_run10_seed249310.mat"
"s09_biscop_confirmation","Random-AOP","CF3","CF",100,100000,1,249301,100000,9.7432,0.1167574526339762,0.2687128934074486,1,"Random_AOP_CF3_N100_FE100000_run1_seed249301.mat"
"s09_biscop_confirmation","Random-AOP","CF3","CF",100,100000,2,249302,100000,13.0877,0.103162626073856,0.3061214675606874,1,"Random_AOP_CF3_N100_FE100000_run2_seed249302.mat"
"s09_biscop_confirmation","Random-AOP","CF3","CF",100,100000,3,249303,100000,12.3703,0.120315818010395,0.2268899028232626,1,"Random_AOP_CF3_N100_FE100000_run3_seed249303.mat"
"s09_biscop_confirmation","Random-AOP","CF3","CF",100,100000,4,249304,100000,13.8597,0.09317356357285263,0.255242040381956,1,"Random_AOP_CF3_N100_FE100000_run4_seed249304.mat"
"s09_biscop_confirmation","Random-AOP","CF3","CF",100,100000,5,249305,100000,11.9651,0.1127233637395456,0.2852586831124785,1,"Random_AOP_CF3_N100_FE100000_run5_seed249305.mat"
"s09_biscop_confirmation","Random-AOP","CF3","CF",100,100000,6,249306,100000,13.0014,0.1155484024797495,0.3047490611773597,1,"Random_AOP_CF3_N100_FE100000_run6_seed249306.mat"
"s09_biscop_confirmation","Random-AOP","CF3","CF",100,100000,7,249307,100000,9.9178,0.1347190414893576,0.2593142532862338,1,"Random_AOP_CF3_N100_FE100000_run7_seed249307.mat"
"s09_biscop_confirmation","Random-AOP","CF3","CF",100,100000,8,249308,100000,12.8098,0.09440808862510759,0.3056533370268262,1,"Random_AOP_CF3_N100_FE100000_run8_seed249308.mat"
"s09_biscop_confirmation","Random-AOP","CF3","CF",100,100000,9,249309,100000,16.2576,0.4420257940640264,0.1772695688055235,1,"Random_AOP_CF3_N100_FE100000_run9_seed249309.mat"
"s09_biscop_confirmation","Random-AOP","CF4","CF",100,100000,10,249410,100000,13.0195,0.0341695064213404,0.49030160480653,1,"Random_AOP_CF4_N100_FE100000_run10_seed249410.mat"
"s09_biscop_confirmation","Random-AOP","CF4","CF",100,100000,1,249401,100000,10.8258,0.05976517394328331,0.46023808133664,1,"Random_AOP_CF4_N100_FE100000_run1_seed249401.mat"
"s09_biscop_confirmation","Random-AOP","CF4","CF",100,100000,2,249402,100000,10.4009,0.0481490318413388,0.4649486639493666,1,"Random_AOP_CF4_N100_FE100000_run2_seed249402.mat"
"s09_biscop_confirmation","Random-AOP","CF4","CF",100,100000,3,249403,100000,10.7587,0.03008418438183333,0.499128645049948,1,"Random_AOP_CF4_N100_FE100000_run3_seed249403.mat"
"s09_biscop_confirmation","Random-AOP","CF4","CF",100,100000,4,249404,100000,10.823,0.04474323211365019,0.4762260853023285,1,"Random_AOP_CF4_N100_FE100000_run4_seed249404.mat"
"s09_biscop_confirmation","Random-AOP","CF4","CF",100,100000,5,249405,100000,11.7127,0.03153818396881362,0.495734498918983,1,"Random_AOP_CF4_N100_FE100000_run5_seed249405.mat"
"s09_biscop_confirmation","Random-AOP","CF4","CF",100,100000,6,249406,100000,11.1796,0.03436610629541747,0.4937434051575551,1,"Random_AOP_CF4_N100_FE100000_run6_seed249406.mat"
"s09_biscop_confirmation","Random-AOP","CF4","CF",100,100000,7,249407,100000,13.3664,0.02083676241437783,0.5080212510952757,1,"Random_AOP_CF4_N100_FE100000_run7_seed249407.mat"
"s09_biscop_confirmation","Random-AOP","CF4","CF",100,100000,8,249408,100000,12.5119,0.04167482797956191,0.4773728825828685,1,"Random_AOP_CF4_N100_FE100000_run8_seed249408.mat"
"s09_biscop_confirmation","Random-AOP","CF4","CF",100,100000,9,249409,100000,10.8575,0.05057331020750974,0.4675428006893852,1,"Random_AOP_CF4_N100_FE100000_run9_seed249409.mat"
"s09_biscop_confirmation","Random-AOP","CF5","CF",100,100000,10,249510,100000,9.5267,0.2372998790341055,0.298704682617202,1,"Random_AOP_CF5_N100_FE100000_run10_seed249510.mat"
"s09_biscop_confirmation","Random-AOP","CF5","CF",100,100000,1,249501,100000,19.7208,0.4680875183192157,0.1595777121729256,1,"Random_AOP_CF5_N100_FE100000_run1_seed249501.mat"
"s09_biscop_confirmation","Random-AOP","CF5","CF",100,100000,2,249502,100000,16.1201,0.2023295363620734,0.3867200058453044,1,"Random_AOP_CF5_N100_FE100000_run2_seed249502.mat"
"s09_biscop_confirmation","Random-AOP","CF5","CF",100,100000,3,249503,100000,15.8875,0.1956376066220558,0.3706283757548218,1,"Random_AOP_CF5_N100_FE100000_run3_seed249503.mat"
"s09_biscop_confirmation","Random-AOP","CF5","CF",100,100000,4,249504,100000,15.854,0.06263882543515031,0.461679687236966,1,"Random_AOP_CF5_N100_FE100000_run4_seed249504.mat"
"s09_biscop_confirmation","Random-AOP","CF5","CF",100,100000,5,249505,100000,15.7232,0.08113078450091825,0.4377375486898895,1,"Random_AOP_CF5_N100_FE100000_run5_seed249505.mat"
"s09_biscop_confirmation","Random-AOP","CF5","CF",100,100000,6,249506,100000,16.3812,0.1531699685922276,0.3742151394082831,1,"Random_AOP_CF5_N100_FE100000_run6_seed249506.mat"
"s09_biscop_confirmation","Random-AOP","CF5","CF",100,100000,7,249507,100000,18.7948,0.1274081462725997,0.3647471178039547,1,"Random_AOP_CF5_N100_FE100000_run7_seed249507.mat"
"s09_biscop_confirmation","Random-AOP","CF5","CF",100,100000,8,249508,100000,16.8622,0.09833503496521212,0.4164295036933177,1,"Random_AOP_CF5_N100_FE100000_run8_seed249508.mat"
"s09_biscop_confirmation","Random-AOP","CF5","CF",100,100000,9,249509,100000,19.4335,0.549064050981244,0.1661420659396979,1,"Random_AOP_CF5_N100_FE100000_run9_seed249509.mat"
"s09_biscop_confirmation","Random-AOP","CF6","CF",100,100000,10,249610,100000,18.6005,0.04264583662659918,0.6640247029424153,1,"Random_AOP_CF6_N100_FE100000_run10_seed249610.mat"
"s09_biscop_confirmation","Random-AOP","CF6","CF",100,100000,1,249601,100000,17.4411,0.03332444509837657,0.6711694630303284,1,"Random_AOP_CF6_N100_FE100000_run1_seed249601.mat"
"s09_biscop_confirmation","Random-AOP","CF6","CF",100,100000,2,249602,100000,18.9561,0.04597863021930457,0.6624194910886011,1,"Random_AOP_CF6_N100_FE100000_run2_seed249602.mat"
"s09_biscop_confirmation","Random-AOP","CF6","CF",100,100000,3,249603,100000,18.7553,0.02843585430335574,0.6728604933426391,1,"Random_AOP_CF6_N100_FE100000_run3_seed249603.mat"
"s09_biscop_confirmation","Random-AOP","CF6","CF",100,100000,4,249604,100000,17.8383,0.03916620647614168,0.6669466183632777,1,"Random_AOP_CF6_N100_FE100000_run4_seed249604.mat"
"s09_biscop_confirmation","Random-AOP","CF6","CF",100,100000,5,249605,100000,18.138,0.03862015086701637,0.6748461128930994,1,"Random_AOP_CF6_N100_FE100000_run5_seed249605.mat"
"s09_biscop_confirmation","Random-AOP","CF6","CF",100,100000,6,249606,100000,18.4854,0.04008125273086049,0.6719123874580075,1,"Random_AOP_CF6_N100_FE100000_run6_seed249606.mat"
"s09_biscop_confirmation","Random-AOP","CF6","CF",100,100000,7,249607,100000,18.1849,0.02884237276168402,0.6741705067489401,1,"Random_AOP_CF6_N100_FE100000_run7_seed249607.mat"
"s09_biscop_confirmation","Random-AOP","CF6","CF",100,100000,8,249608,100000,19.0078,0.03483912782382376,0.6669076743444505,1,"Random_AOP_CF6_N100_FE100000_run8_seed249608.mat"
"s09_biscop_confirmation","Random-AOP","CF6","CF",100,100000,9,249609,100000,20.3965,0.0299197974377203,0.6753744251158149,1,"Random_AOP_CF6_N100_FE100000_run9_seed249609.mat"
"s09_biscop_confirmation","Random-AOP","CF7","CF",100,100000,10,249710,100000,18.6376,0.3948682880714177,0.394720949070965,1,"Random_AOP_CF7_N100_FE100000_run10_seed249710.mat"
"s09_biscop_confirmation","Random-AOP","CF7","CF",100,100000,1,249701,100000,14.5891,0.1736853056751949,0.529443017045449,1,"Random_AOP_CF7_N100_FE100000_run1_seed249701.mat"
"s09_biscop_confirmation","Random-AOP","CF7","CF",100,100000,2,249702,100000,15.5126,0.09659064911012029,0.5773515645290183,1,"Random_AOP_CF7_N100_FE100000_run2_seed249702.mat"
"s09_biscop_confirmation","Random-AOP","CF7","CF",100,100000,3,249703,100000,12.7437,0.0836085935149451,0.6024993213625639,1,"Random_AOP_CF7_N100_FE100000_run3_seed249703.mat"
"s09_biscop_confirmation","Random-AOP","CF7","CF",100,100000,4,249704,100000,13.9529,0.1077637145958727,0.5690008857861972,1,"Random_AOP_CF7_N100_FE100000_run4_seed249704.mat"
"s09_biscop_confirmation","Random-AOP","CF7","CF",100,100000,5,249705,100000,14.1436,0.1098905021087463,0.5683983044837785,1,"Random_AOP_CF7_N100_FE100000_run5_seed249705.mat"
"s09_biscop_confirmation","Random-AOP","CF7","CF",100,100000,6,249706,100000,12.9267,0.09686882323762015,0.567198778254826,1,"Random_AOP_CF7_N100_FE100000_run6_seed249706.mat"
"s09_biscop_confirmation","Random-AOP","CF7","CF",100,100000,7,249707,100000,15.2918,0.1997539722551599,0.5381031318116121,1,"Random_AOP_CF7_N100_FE100000_run7_seed249707.mat"
"s09_biscop_confirmation","Random-AOP","CF7","CF",100,100000,8,249708,100000,13.1299,0.1761406891486461,0.5857191464633623,1,"Random_AOP_CF7_N100_FE100000_run8_seed249708.mat"
"s09_biscop_confirmation","Random-AOP","CF7","CF",100,100000,9,249709,100000,16.0849,0.155174496232588,0.5319228198250957,1,"Random_AOP_CF7_N100_FE100000_run9_seed249709.mat"
"s09_biscop_confirmation","Random-AOP","CF8","CF",100,100000,10,249810,100000,13.7154,0.1644678608652891,0.3794246572863961,1,"Random_AOP_CF8_N100_FE100000_run10_seed249810.mat"
"s09_biscop_confirmation","Random-AOP","CF8","CF",100,100000,1,249801,100000,14.6751,0.1472521044058363,0.3576838547247449,1,"Random_AOP_CF8_N100_FE100000_run1_seed249801.mat"
"s09_biscop_confirmation","Random-AOP","CF8","CF",100,100000,2,249802,100000,13.0699,0.1458492326365091,0.3818188370127746,1,"Random_AOP_CF8_N100_FE100000_run2_seed249802.mat"
"s09_biscop_confirmation","Random-AOP","CF8","CF",100,100000,3,249803,100000,12.8032,0.1432988989249322,0.3751340941324703,1,"Random_AOP_CF8_N100_FE100000_run3_seed249803.mat"
"s09_biscop_confirmation","Random-AOP","CF8","CF",100,100000,4,249804,100000,12.4946,0.1436695345033729,0.3782986463749008,1,"Random_AOP_CF8_N100_FE100000_run4_seed249804.mat"
"s09_biscop_confirmation","Random-AOP","CF8","CF",100,100000,5,249805,100000,12.9684,0.1468275448316831,0.3565290804024009,1,"Random_AOP_CF8_N100_FE100000_run5_seed249805.mat"
"s09_biscop_confirmation","Random-AOP","CF8","CF",100,100000,6,249806,100000,13.1606,0.1510508205003516,0.3780094845834192,1,"Random_AOP_CF8_N100_FE100000_run6_seed249806.mat"
"s09_biscop_confirmation","Random-AOP","CF8","CF",100,100000,7,249807,100000,12.4161,0.1467246841738619,0.3717008311505064,1,"Random_AOP_CF8_N100_FE100000_run7_seed249807.mat"
"s09_biscop_confirmation","Random-AOP","CF8","CF",100,100000,8,249808,100000,13.2363,0.1471506394145589,0.3838750994712422,1,"Random_AOP_CF8_N100_FE100000_run8_seed249808.mat"
"s09_biscop_confirmation","Random-AOP","CF8","CF",100,100000,9,249809,100000,12.8534,0.1616549679605961,0.3512662212934172,1,"Random_AOP_CF8_N100_FE100000_run9_seed249809.mat"
"s09_biscop_confirmation","Random-AOP","CF9","CF",100,100000,10,249910,100000,19.3597,0.1036744944192005,0.4250511021715918,1,"Random_AOP_CF9_N100_FE100000_run10_seed249910.mat"
"s09_biscop_confirmation","Random-AOP","CF9","CF",100,100000,1,249901,100000,19.4756,0.1156522841051405,0.4004119408761457,1,"Random_AOP_CF9_N100_FE100000_run1_seed249901.mat"
"s09_biscop_confirmation","Random-AOP","CF9","CF",100,100000,2,249902,100000,19.7945,0.09157798237176297,0.4313068209890166,1,"Random_AOP_CF9_N100_FE100000_run2_seed249902.mat"
"s09_biscop_confirmation","Random-AOP","CF9","CF",100,100000,3,249903,100000,20.6218,0.08902209705801062,0.4378428259456256,1,"Random_AOP_CF9_N100_FE100000_run3_seed249903.mat"
"s09_biscop_confirmation","Random-AOP","CF9","CF",100,100000,4,249904,100000,19.0987,0.09964796055538669,0.4161059828597341,1,"Random_AOP_CF9_N100_FE100000_run4_seed249904.mat"
"s09_biscop_confirmation","Random-AOP","CF9","CF",100,100000,5,249905,100000,19.4248,0.08965458482470305,0.4295251088027586,1,"Random_AOP_CF9_N100_FE100000_run5_seed249905.mat"
"s09_biscop_confirmation","Random-AOP","CF9","CF",100,100000,6,249906,100000,20.5504,0.08404436729239155,0.4394711194082508,1,"Random_AOP_CF9_N100_FE100000_run6_seed249906.mat"
"s09_biscop_confirmation","Random-AOP","CF9","CF",100,100000,7,249907,100000,19.5048,0.09161940698784098,0.429211473240534,1,"Random_AOP_CF9_N100_FE100000_run7_seed249907.mat"
"s09_biscop_confirmation","Random-AOP","CF9","CF",100,100000,8,249908,100000,19.6687,0.09027527730125155,0.4341733262488191,1,"Random_AOP_CF9_N100_FE100000_run8_seed249908.mat"
"s09_biscop_confirmation","Random-AOP","CF9","CF",100,100000,9,249909,100000,20.4424,0.09397128974594747,0.4280112550571338,1,"Random_AOP_CF9_N100_FE100000_run9_seed249909.mat"
"s09_biscop_confirmation","Random-AOP","DASCMOP1","DAS-CMOP",100,100000,10,251510,100000,9.4116,0.004709186951992296,0.2104570023257434,1,"Random_AOP_DASCMOP1_N100_FE100000_run10_seed251510.mat"
"s09_biscop_confirmation","Random-AOP","DASCMOP1","DAS-CMOP",100,100000,1,251501,100000,9.1702,0.004127798684161391,0.2118030172457211,1,"Random_AOP_DASCMOP1_N100_FE100000_run1_seed251501.mat"
"s09_biscop_confirmation","Random-AOP","DASCMOP1","DAS-CMOP",100,100000,2,251502,100000,9.4244,0.004561435661856552,0.2108207308442258,1,"Random_AOP_DASCMOP1_N100_FE100000_run2_seed251502.mat"
"s09_biscop_confirmation","Random-AOP","DASCMOP1","DAS-CMOP",100,100000,3,251503,100000,9.2917,0.004318926029740985,0.2107345025349758,1,"Random_AOP_DASCMOP1_N100_FE100000_run3_seed251503.mat"
"s09_biscop_confirmation","Random-AOP","DASCMOP1","DAS-CMOP",100,100000,4,251504,100000,9.2621,0.004534907764477101,0.2109749429131997,1,"Random_AOP_DASCMOP1_N100_FE100000_run4_seed251504.mat"
"s09_biscop_confirmation","Random-AOP","DASCMOP1","DAS-CMOP",100,100000,5,251505,100000,9.6367,0.006411855800333516,0.2119523645650906,1,"Random_AOP_DASCMOP1_N100_FE100000_run5_seed251505.mat"
"s09_biscop_confirmation","Random-AOP","DASCMOP1","DAS-CMOP",100,100000,6,251506,100000,9.2007,0.00538987366730071,0.2113782771736075,1,"Random_AOP_DASCMOP1_N100_FE100000_run6_seed251506.mat"
"s09_biscop_confirmation","Random-AOP","DASCMOP1","DAS-CMOP",100,100000,7,251507,100000,8.9588,0.005410750621692611,0.2112502101634631,1,"Random_AOP_DASCMOP1_N100_FE100000_run7_seed251507.mat"
"s09_biscop_confirmation","Random-AOP","DASCMOP1","DAS-CMOP",100,100000,8,251508,100000,9.3966,0.004190661033389234,0.2119038111014763,1,"Random_AOP_DASCMOP1_N100_FE100000_run8_seed251508.mat"
"s09_biscop_confirmation","Random-AOP","DASCMOP1","DAS-CMOP",100,100000,9,251509,100000,8.9862,0.004227521338789931,0.2123852595823935,1,"Random_AOP_DASCMOP1_N100_FE100000_run9_seed251509.mat"
"s09_biscop_confirmation","Random-AOP","DASCMOP2","DAS-CMOP",100,100000,10,251610,100000,8.9773,0.00597366483501534,0.3538378583662143,1,"Random_AOP_DASCMOP2_N100_FE100000_run10_seed251610.mat"
"s09_biscop_confirmation","Random-AOP","DASCMOP2","DAS-CMOP",100,100000,1,251601,100000,8.7793,0.005633544485779598,0.3542680984956185,1,"Random_AOP_DASCMOP2_N100_FE100000_run1_seed251601.mat"
"s09_biscop_confirmation","Random-AOP","DASCMOP2","DAS-CMOP",100,100000,2,251602,100000,8.7325,0.005317078554473621,0.3543092053492556,1,"Random_AOP_DASCMOP2_N100_FE100000_run2_seed251602.mat"
"s09_biscop_confirmation","Random-AOP","DASCMOP2","DAS-CMOP",100,100000,3,251603,100000,8.7206,0.005442677290390016,0.3543527806090003,1,"Random_AOP_DASCMOP2_N100_FE100000_run3_seed251603.mat"
"s09_biscop_confirmation","Random-AOP","DASCMOP2","DAS-CMOP",100,100000,4,251604,100000,8.9354,0.005492113530561278,0.3543214682157131,1,"Random_AOP_DASCMOP2_N100_FE100000_run4_seed251604.mat"
"s09_biscop_confirmation","Random-AOP","DASCMOP2","DAS-CMOP",100,100000,5,251605,100000,8.4871,0.005836539045364262,0.35415713262613,1,"Random_AOP_DASCMOP2_N100_FE100000_run5_seed251605.mat"
"s09_biscop_confirmation","Random-AOP","DASCMOP2","DAS-CMOP",100,100000,6,251606,100000,8.7108,0.005434561924219837,0.3542494957418957,1,"Random_AOP_DASCMOP2_N100_FE100000_run6_seed251606.mat"
"s09_biscop_confirmation","Random-AOP","DASCMOP2","DAS-CMOP",100,100000,7,251607,100000,8.9194,0.00559302280156239,0.3541809467291069,1,"Random_AOP_DASCMOP2_N100_FE100000_run7_seed251607.mat"
"s09_biscop_confirmation","Random-AOP","DASCMOP2","DAS-CMOP",100,100000,8,251608,100000,8.6209,0.005353702251006645,0.3543930092721147,1,"Random_AOP_DASCMOP2_N100_FE100000_run8_seed251608.mat"
"s09_biscop_confirmation","Random-AOP","DASCMOP2","DAS-CMOP",100,100000,9,251609,100000,8.5922,0.00553515060767681,0.3543491732000117,1,"Random_AOP_DASCMOP2_N100_FE100000_run9_seed251609.mat"
"s09_biscop_confirmation","Random-AOP","DASCMOP3","DAS-CMOP",100,100000,10,251710,100000,7.9573,0.02195875476905566,0.3112330717226743,1,"Random_AOP_DASCMOP3_N100_FE100000_run10_seed251710.mat"
"s09_biscop_confirmation","Random-AOP","DASCMOP3","DAS-CMOP",100,100000,1,251701,100000,8.176,0.02061408668366737,0.3109718817895033,1,"Random_AOP_DASCMOP3_N100_FE100000_run1_seed251701.mat"
"s09_biscop_confirmation","Random-AOP","DASCMOP3","DAS-CMOP",100,100000,2,251702,100000,8.2028,0.02041051663756116,0.3117660997847874,1,"Random_AOP_DASCMOP3_N100_FE100000_run2_seed251702.mat"
"s09_biscop_confirmation","Random-AOP","DASCMOP3","DAS-CMOP",100,100000,3,251703,100000,8.2558,0.01996408613600367,0.3111563682309669,1,"Random_AOP_DASCMOP3_N100_FE100000_run3_seed251703.mat"
"s09_biscop_confirmation","Random-AOP","DASCMOP3","DAS-CMOP",100,100000,4,251704,100000,8.2189,0.02090275234828921,0.3107614798111143,1,"Random_AOP_DASCMOP3_N100_FE100000_run4_seed251704.mat"
"s09_biscop_confirmation","Random-AOP","DASCMOP3","DAS-CMOP",100,100000,5,251705,100000,8.3328,0.02048053625883592,0.3095502959429753,1,"Random_AOP_DASCMOP3_N100_FE100000_run5_seed251705.mat"
"s09_biscop_confirmation","Random-AOP","DASCMOP3","DAS-CMOP",100,100000,6,251706,100000,8.3992,0.02224892053412024,0.3080289862619879,1,"Random_AOP_DASCMOP3_N100_FE100000_run6_seed251706.mat"
"s09_biscop_confirmation","Random-AOP","DASCMOP3","DAS-CMOP",100,100000,7,251707,100000,8.0791,0.01979908606323732,0.3114891155194335,1,"Random_AOP_DASCMOP3_N100_FE100000_run7_seed251707.mat"
"s09_biscop_confirmation","Random-AOP","DASCMOP3","DAS-CMOP",100,100000,8,251708,100000,8.4227,0.021601692365082,0.3087993214270162,1,"Random_AOP_DASCMOP3_N100_FE100000_run8_seed251708.mat"
"s09_biscop_confirmation","Random-AOP","DASCMOP3","DAS-CMOP",100,100000,9,251709,100000,8.3852,0.02232501702802611,0.3073382721709418,1,"Random_AOP_DASCMOP3_N100_FE100000_run9_seed251709.mat"
"s09_biscop_confirmation","Random-AOP","DASCMOP4","DAS-CMOP",100,100000,10,251810,100000,7.7202,0.002126680593433944,0.2035638901751171,1,"Random_AOP_DASCMOP4_N100_FE100000_run10_seed251810.mat"
"s09_biscop_confirmation","Random-AOP","DASCMOP4","DAS-CMOP",100,100000,1,251801,100000,7.5959,0.001720565827544463,0.2034646962200763,1,"Random_AOP_DASCMOP4_N100_FE100000_run1_seed251801.mat"
"s09_biscop_confirmation","Random-AOP","DASCMOP4","DAS-CMOP",100,100000,2,251802,100000,7.5618,0.002397542193943129,0.2036184031452994,1,"Random_AOP_DASCMOP4_N100_FE100000_run2_seed251802.mat"
"s09_biscop_confirmation","Random-AOP","DASCMOP4","DAS-CMOP",100,100000,3,251803,100000,7.5374,0.001736730265977517,0.203569606992518,1,"Random_AOP_DASCMOP4_N100_FE100000_run3_seed251803.mat"
"s09_biscop_confirmation","Random-AOP","DASCMOP4","DAS-CMOP",100,100000,4,251804,100000,7.4532,0.006453771877909697,0.2023091119075476,1,"Random_AOP_DASCMOP4_N100_FE100000_run4_seed251804.mat"
"s09_biscop_confirmation","Random-AOP","DASCMOP4","DAS-CMOP",100,100000,5,251805,100000,7.4602,0.003276796338855154,0.2030866154525257,1,"Random_AOP_DASCMOP4_N100_FE100000_run5_seed251805.mat"
"s09_biscop_confirmation","Random-AOP","DASCMOP4","DAS-CMOP",100,100000,6,251806,100000,7.3728,0.002989434651520963,0.2032041666113519,1,"Random_AOP_DASCMOP4_N100_FE100000_run6_seed251806.mat"
"s09_biscop_confirmation","Random-AOP","DASCMOP4","DAS-CMOP",100,100000,7,251807,100000,7.4463,0.005387144060035071,0.1946213180391997,1,"Random_AOP_DASCMOP4_N100_FE100000_run7_seed251807.mat"
"s09_biscop_confirmation","Random-AOP","DASCMOP4","DAS-CMOP",100,100000,8,251808,100000,7.6918,0.003241467023828444,0.202890915670763,1,"Random_AOP_DASCMOP4_N100_FE100000_run8_seed251808.mat"
"s09_biscop_confirmation","Random-AOP","DASCMOP4","DAS-CMOP",100,100000,9,251809,100000,7.4104,0.004908467341204764,0.1949651167996317,1,"Random_AOP_DASCMOP4_N100_FE100000_run9_seed251809.mat"
"s09_biscop_confirmation","Random-AOP","DASCMOP5","DAS-CMOP",100,100000,10,251910,100000,7.6559,0.003514305255975181,0.3506227087836704,1,"Random_AOP_DASCMOP5_N100_FE100000_run10_seed251910.mat"
"s09_biscop_confirmation","Random-AOP","DASCMOP5","DAS-CMOP",100,100000,1,251901,100000,7.723,0.002833020851429809,0.35129168323799,1,"Random_AOP_DASCMOP5_N100_FE100000_run1_seed251901.mat"
"s09_biscop_confirmation","Random-AOP","DASCMOP5","DAS-CMOP",100,100000,2,251902,100000,7.5965,0.002968474645175498,0.351103154963582,1,"Random_AOP_DASCMOP5_N100_FE100000_run2_seed251902.mat"
"s09_biscop_confirmation","Random-AOP","DASCMOP5","DAS-CMOP",100,100000,3,251903,100000,7.7452,0.002861392635538779,0.3509773681642581,1,"Random_AOP_DASCMOP5_N100_FE100000_run3_seed251903.mat"
"s09_biscop_confirmation","Random-AOP","DASCMOP5","DAS-CMOP",100,100000,4,251904,100000,7.6656,0.002880218113179836,0.3507891393182371,1,"Random_AOP_DASCMOP5_N100_FE100000_run4_seed251904.mat"
"s09_biscop_confirmation","Random-AOP","DASCMOP5","DAS-CMOP",100,100000,5,251905,100000,7.5956,0.002945011294827886,0.351266060121365,1,"Random_AOP_DASCMOP5_N100_FE100000_run5_seed251905.mat"
"s09_biscop_confirmation","Random-AOP","DASCMOP5","DAS-CMOP",100,100000,6,251906,100000,7.5666,0.003814522989067967,0.3501568336997211,1,"Random_AOP_DASCMOP5_N100_FE100000_run6_seed251906.mat"
"s09_biscop_confirmation","Random-AOP","DASCMOP5","DAS-CMOP",100,100000,7,251907,100000,7.4948,0.003825780815669983,0.3501778270645957,1,"Random_AOP_DASCMOP5_N100_FE100000_run7_seed251907.mat"
"s09_biscop_confirmation","Random-AOP","DASCMOP5","DAS-CMOP",100,100000,8,251908,100000,7.2455,0.003406730638883528,0.3504207581805221,1,"Random_AOP_DASCMOP5_N100_FE100000_run8_seed251908.mat"
"s09_biscop_confirmation","Random-AOP","DASCMOP5","DAS-CMOP",100,100000,9,251909,100000,7.5157,0.002869811350347435,0.3507432922283596,1,"Random_AOP_DASCMOP5_N100_FE100000_run9_seed251909.mat"
"s09_biscop_confirmation","Random-AOP","DASCMOP6","DAS-CMOP",100,100000,10,252010,100000,7.2203,0.02002063029898222,0.3123615394743097,1,"Random_AOP_DASCMOP6_N100_FE100000_run10_seed252010.mat"
"s09_biscop_confirmation","Random-AOP","DASCMOP6","DAS-CMOP",100,100000,1,252001,100000,7.1923,0.01953203770249138,0.3120310270140191,1,"Random_AOP_DASCMOP6_N100_FE100000_run1_seed252001.mat"
"s09_biscop_confirmation","Random-AOP","DASCMOP6","DAS-CMOP",100,100000,2,252002,100000,7.7668,0.01954643064205258,0.3116646254447475,1,"Random_AOP_DASCMOP6_N100_FE100000_run2_seed252002.mat"
"s09_biscop_confirmation","Random-AOP","DASCMOP6","DAS-CMOP",100,100000,3,252003,100000,7.2203,0.01966766763616539,0.3123268250756256,1,"Random_AOP_DASCMOP6_N100_FE100000_run3_seed252003.mat"
"s09_biscop_confirmation","Random-AOP","DASCMOP6","DAS-CMOP",100,100000,4,252004,100000,7.3088,0.01947877274544805,0.312242643717255,1,"Random_AOP_DASCMOP6_N100_FE100000_run4_seed252004.mat"
"s09_biscop_confirmation","Random-AOP","DASCMOP6","DAS-CMOP",100,100000,5,252005,100000,7.4763,0.01978732954326743,0.3111602865656504,1,"Random_AOP_DASCMOP6_N100_FE100000_run5_seed252005.mat"
"s09_biscop_confirmation","Random-AOP","DASCMOP6","DAS-CMOP",100,100000,6,252006,100000,7.3463,0.02013323851668627,0.3118776017891706,1,"Random_AOP_DASCMOP6_N100_FE100000_run6_seed252006.mat"
"s09_biscop_confirmation","Random-AOP","DASCMOP6","DAS-CMOP",100,100000,7,252007,100000,7.2272,0.01979325267418753,0.312114101789858,1,"Random_AOP_DASCMOP6_N100_FE100000_run7_seed252007.mat"
"s09_biscop_confirmation","Random-AOP","DASCMOP6","DAS-CMOP",100,100000,8,252008,100000,9.111,0.01977444396138947,0.3115380888957476,1,"Random_AOP_DASCMOP6_N100_FE100000_run8_seed252008.mat"
"s09_biscop_confirmation","Random-AOP","DASCMOP6","DAS-CMOP",100,100000,9,252009,100000,9.0451,0.02058526986673256,0.3120802819848149,1,"Random_AOP_DASCMOP6_N100_FE100000_run9_seed252009.mat"
"s09_biscop_confirmation","Random-AOP","DASCMOP7","DAS-CMOP",100,100000,10,252110,100000,14.3231,0.03140685780523202,0.2863044254649694,1,"Random_AOP_DASCMOP7_N100_FE100000_run10_seed252110.mat"
"s09_biscop_confirmation","Random-AOP","DASCMOP7","DAS-CMOP",100,100000,1,252101,100000,12.131,0.02931778339922939,0.2872764063855733,1,"Random_AOP_DASCMOP7_N100_FE100000_run1_seed252101.mat"
"s09_biscop_confirmation","Random-AOP","DASCMOP7","DAS-CMOP",100,100000,2,252102,100000,12.3558,0.02983056783680236,0.2880677526413323,1,"Random_AOP_DASCMOP7_N100_FE100000_run2_seed252102.mat"
"s09_biscop_confirmation","Random-AOP","DASCMOP7","DAS-CMOP",100,100000,3,252103,100000,9.5492,0.03176992778657728,0.2865219318136731,1,"Random_AOP_DASCMOP7_N100_FE100000_run3_seed252103.mat"
"s09_biscop_confirmation","Random-AOP","DASCMOP7","DAS-CMOP",100,100000,4,252104,100000,10.684,0.03165075869336508,0.2874968585436908,1,"Random_AOP_DASCMOP7_N100_FE100000_run4_seed252104.mat"
"s09_biscop_confirmation","Random-AOP","DASCMOP7","DAS-CMOP",100,100000,5,252105,100000,11.9477,0.02843384994474406,0.2876944205239099,1,"Random_AOP_DASCMOP7_N100_FE100000_run5_seed252105.mat"
"s09_biscop_confirmation","Random-AOP","DASCMOP7","DAS-CMOP",100,100000,6,252106,100000,9.8406,0.03078482995175966,0.286477647541565,1,"Random_AOP_DASCMOP7_N100_FE100000_run6_seed252106.mat"
"s09_biscop_confirmation","Random-AOP","DASCMOP7","DAS-CMOP",100,100000,7,252107,100000,10.5694,0.03209958190046385,0.2850788233604252,1,"Random_AOP_DASCMOP7_N100_FE100000_run7_seed252107.mat"
"s09_biscop_confirmation","Random-AOP","DASCMOP7","DAS-CMOP",100,100000,8,252108,100000,11.124,0.02895982138813766,0.2874828622775658,1,"Random_AOP_DASCMOP7_N100_FE100000_run8_seed252108.mat"
"s09_biscop_confirmation","Random-AOP","DASCMOP7","DAS-CMOP",100,100000,9,252109,100000,9.7007,0.03077234769258542,0.286627423908311,1,"Random_AOP_DASCMOP7_N100_FE100000_run9_seed252109.mat"
"s09_biscop_confirmation","Random-AOP","DASCMOP8","DAS-CMOP",100,100000,10,252210,100000,10.7549,0.03914702036562599,0.2063893785234131,1,"Random_AOP_DASCMOP8_N100_FE100000_run10_seed252210.mat"
"s09_biscop_confirmation","Random-AOP","DASCMOP8","DAS-CMOP",100,100000,1,252201,100000,12.3926,0.03832148063993194,0.2069855152097547,1,"Random_AOP_DASCMOP8_N100_FE100000_run1_seed252201.mat"
"s09_biscop_confirmation","Random-AOP","DASCMOP8","DAS-CMOP",100,100000,2,252202,100000,10.2703,0.03849766859601127,0.2058515666484228,1,"Random_AOP_DASCMOP8_N100_FE100000_run2_seed252202.mat"
"s09_biscop_confirmation","Random-AOP","DASCMOP8","DAS-CMOP",100,100000,3,252203,100000,10.5818,0.04077748007877881,0.20624818479857,1,"Random_AOP_DASCMOP8_N100_FE100000_run3_seed252203.mat"
"s09_biscop_confirmation","Random-AOP","DASCMOP8","DAS-CMOP",100,100000,4,252204,100000,11.8706,0.03942202393375031,0.2068325803718593,1,"Random_AOP_DASCMOP8_N100_FE100000_run4_seed252204.mat"
"s09_biscop_confirmation","Random-AOP","DASCMOP8","DAS-CMOP",100,100000,5,252205,100000,11.4164,0.04004579944849809,0.2059938469184922,1,"Random_AOP_DASCMOP8_N100_FE100000_run5_seed252205.mat"
"s09_biscop_confirmation","Random-AOP","DASCMOP8","DAS-CMOP",100,100000,6,252206,100000,10.3029,0.03733558936787183,0.207082121101507,1,"Random_AOP_DASCMOP8_N100_FE100000_run6_seed252206.mat"
"s09_biscop_confirmation","Random-AOP","DASCMOP8","DAS-CMOP",100,100000,7,252207,100000,11.9733,0.03911573388702759,0.2064413336374958,1,"Random_AOP_DASCMOP8_N100_FE100000_run7_seed252207.mat"
"s09_biscop_confirmation","Random-AOP","DASCMOP8","DAS-CMOP",100,100000,8,252208,100000,12.9472,0.03693295433143551,0.2066079670182102,1,"Random_AOP_DASCMOP8_N100_FE100000_run8_seed252208.mat"
"s09_biscop_confirmation","Random-AOP","DASCMOP8","DAS-CMOP",100,100000,9,252209,100000,11.0605,0.03965501527246078,0.2064183995571843,1,"Random_AOP_DASCMOP8_N100_FE100000_run9_seed252209.mat"
"s09_biscop_confirmation","Random-AOP","DASCMOP9","DAS-CMOP",100,100000,10,252310,100000,9.7607,0.0417584839065229,0.2051644923904327,1,"Random_AOP_DASCMOP9_N100_FE100000_run10_seed252310.mat"
"s09_biscop_confirmation","Random-AOP","DASCMOP9","DAS-CMOP",100,100000,1,252301,100000,9.8418,0.0436379033617366,0.2054477265378908,1,"Random_AOP_DASCMOP9_N100_FE100000_run1_seed252301.mat"
"s09_biscop_confirmation","Random-AOP","DASCMOP9","DAS-CMOP",100,100000,2,252302,100000,10.5167,0.04108376409645992,0.2050860425422935,1,"Random_AOP_DASCMOP9_N100_FE100000_run2_seed252302.mat"
"s09_biscop_confirmation","Random-AOP","DASCMOP9","DAS-CMOP",100,100000,3,252303,100000,10.9312,0.04274673309082799,0.2055179634138684,1,"Random_AOP_DASCMOP9_N100_FE100000_run3_seed252303.mat"
"s09_biscop_confirmation","Random-AOP","DASCMOP9","DAS-CMOP",100,100000,4,252304,100000,10.0351,0.04102747773789545,0.2054994241235012,1,"Random_AOP_DASCMOP9_N100_FE100000_run4_seed252304.mat"
"s09_biscop_confirmation","Random-AOP","DASCMOP9","DAS-CMOP",100,100000,5,252305,100000,10,0.0409099615030022,0.2054146190177633,1,"Random_AOP_DASCMOP9_N100_FE100000_run5_seed252305.mat"
"s09_biscop_confirmation","Random-AOP","DASCMOP9","DAS-CMOP",100,100000,6,252306,100000,10.9544,0.03961617747973371,0.2058442747857329,1,"Random_AOP_DASCMOP9_N100_FE100000_run6_seed252306.mat"
"s09_biscop_confirmation","Random-AOP","DASCMOP9","DAS-CMOP",100,100000,7,252307,100000,10.0207,0.0418970506677054,0.2059981721719851,1,"Random_AOP_DASCMOP9_N100_FE100000_run7_seed252307.mat"
"s09_biscop_confirmation","Random-AOP","DASCMOP9","DAS-CMOP",100,100000,8,252308,100000,10.4356,0.04110642944876652,0.2058460079042002,1,"Random_AOP_DASCMOP9_N100_FE100000_run8_seed252308.mat"
"s09_biscop_confirmation","Random-AOP","DASCMOP9","DAS-CMOP",100,100000,9,252309,100000,10.4797,0.03919401084035282,0.205466421706109,1,"Random_AOP_DASCMOP9_N100_FE100000_run9_seed252309.mat"
"s09_biscop_confirmation","Random-AOP","LIRCMOP10","LIR-CMOP",100,100000,10,251010,100000,19.0411,0.0265608913872991,0.6927305474154787,1,"Random_AOP_LIRCMOP10_N100_FE100000_run10_seed251010.mat"
"s09_biscop_confirmation","Random-AOP","LIRCMOP10","LIR-CMOP",100,100000,1,251001,100000,21.2896,0.1061446489480042,0.6673113598040074,1,"Random_AOP_LIRCMOP10_N100_FE100000_run1_seed251001.mat"
"s09_biscop_confirmation","Random-AOP","LIRCMOP10","LIR-CMOP",100,100000,2,251002,100000,19.7217,0.02835524189112969,0.6943828228787993,1,"Random_AOP_LIRCMOP10_N100_FE100000_run2_seed251002.mat"
"s09_biscop_confirmation","Random-AOP","LIRCMOP10","LIR-CMOP",100,100000,3,251003,100000,19.8785,0.03469962739685007,0.6888864233924279,1,"Random_AOP_LIRCMOP10_N100_FE100000_run3_seed251003.mat"
"s09_biscop_confirmation","Random-AOP","LIRCMOP10","LIR-CMOP",100,100000,4,251004,100000,19.8,0.1145759081088775,0.6617203849241595,1,"Random_AOP_LIRCMOP10_N100_FE100000_run4_seed251004.mat"
"s09_biscop_confirmation","Random-AOP","LIRCMOP10","LIR-CMOP",100,100000,5,251005,100000,20.0503,0.0839019564971913,0.6727248146767794,1,"Random_AOP_LIRCMOP10_N100_FE100000_run5_seed251005.mat"
"s09_biscop_confirmation","Random-AOP","LIRCMOP10","LIR-CMOP",100,100000,6,251006,100000,22.0396,0.03509774203014093,0.6883728799163419,1,"Random_AOP_LIRCMOP10_N100_FE100000_run6_seed251006.mat"
"s09_biscop_confirmation","Random-AOP","LIRCMOP10","LIR-CMOP",100,100000,7,251007,100000,20.6379,0.1363412639102411,0.6473085337350946,1,"Random_AOP_LIRCMOP10_N100_FE100000_run7_seed251007.mat"
"s09_biscop_confirmation","Random-AOP","LIRCMOP10","LIR-CMOP",100,100000,8,251008,100000,19.3687,0.1034903039235401,0.6694043792700088,1,"Random_AOP_LIRCMOP10_N100_FE100000_run8_seed251008.mat"
"s09_biscop_confirmation","Random-AOP","LIRCMOP10","LIR-CMOP",100,100000,9,251009,100000,18.7379,0.1144129890488322,0.6609997515410621,1,"Random_AOP_LIRCMOP10_N100_FE100000_run9_seed251009.mat"
"s09_biscop_confirmation","Random-AOP","LIRCMOP11","LIR-CMOP",100,100000,10,251110,100000,15.5089,0.02981629692721247,0.6741592531009318,1,"Random_AOP_LIRCMOP11_N100_FE100000_run10_seed251110.mat"
"s09_biscop_confirmation","Random-AOP","LIRCMOP11","LIR-CMOP",100,100000,1,251101,100000,15.957,0.01464579098825977,0.6846454609046474,1,"Random_AOP_LIRCMOP11_N100_FE100000_run1_seed251101.mat"
"s09_biscop_confirmation","Random-AOP","LIRCMOP11","LIR-CMOP",100,100000,2,251102,100000,16.6635,0.01251152060717296,0.6862413205417933,1,"Random_AOP_LIRCMOP11_N100_FE100000_run2_seed251102.mat"
"s09_biscop_confirmation","Random-AOP","LIRCMOP11","LIR-CMOP",100,100000,3,251103,100000,17.3968,0.07165311249670951,0.6594333078448864,1,"Random_AOP_LIRCMOP11_N100_FE100000_run3_seed251103.mat"
"s09_biscop_confirmation","Random-AOP","LIRCMOP11","LIR-CMOP",100,100000,4,251104,100000,15.6137,0.007170188789834712,0.6908787723305995,1,"Random_AOP_LIRCMOP11_N100_FE100000_run4_seed251104.mat"
"s09_biscop_confirmation","Random-AOP","LIRCMOP11","LIR-CMOP",100,100000,5,251105,100000,16.1926,0.07229308962947376,0.6600645163432091,1,"Random_AOP_LIRCMOP11_N100_FE100000_run5_seed251105.mat"
"s09_biscop_confirmation","Random-AOP","LIRCMOP11","LIR-CMOP",100,100000,6,251106,100000,16.3456,0.0733190283053923,0.659797030408062,1,"Random_AOP_LIRCMOP11_N100_FE100000_run6_seed251106.mat"
"s09_biscop_confirmation","Random-AOP","LIRCMOP11","LIR-CMOP",100,100000,7,251107,100000,16.8527,0.07312998446880066,0.6591874306424484,1,"Random_AOP_LIRCMOP11_N100_FE100000_run7_seed251107.mat"
"s09_biscop_confirmation","Random-AOP","LIRCMOP11","LIR-CMOP",100,100000,8,251108,100000,16.294,0.01564032248001877,0.6837937643590982,1,"Random_AOP_LIRCMOP11_N100_FE100000_run8_seed251108.mat"
"s09_biscop_confirmation","Random-AOP","LIRCMOP11","LIR-CMOP",100,100000,9,251109,100000,16.8416,0.01352082775272897,0.6869015226753729,1,"Random_AOP_LIRCMOP11_N100_FE100000_run9_seed251109.mat"
"s09_biscop_confirmation","Random-AOP","LIRCMOP12","LIR-CMOP",100,100000,10,251210,100000,9.9827,0.09283835996541409,0.5796304742148839,1,"Random_AOP_LIRCMOP12_N100_FE100000_run10_seed251210.mat"
"s09_biscop_confirmation","Random-AOP","LIRCMOP12","LIR-CMOP",100,100000,1,251201,100000,9.4825,0.108307724912871,0.5685500894452252,1,"Random_AOP_LIRCMOP12_N100_FE100000_run1_seed251201.mat"
"s09_biscop_confirmation","Random-AOP","LIRCMOP12","LIR-CMOP",100,100000,2,251202,100000,10.0932,0.08281104058544016,0.5868386363432448,1,"Random_AOP_LIRCMOP12_N100_FE100000_run2_seed251202.mat"
"s09_biscop_confirmation","Random-AOP","LIRCMOP12","LIR-CMOP",100,100000,3,251203,100000,9.2544,0.08937354891617785,0.5842174997935003,1,"Random_AOP_LIRCMOP12_N100_FE100000_run3_seed251203.mat"
"s09_biscop_confirmation","Random-AOP","LIRCMOP12","LIR-CMOP",100,100000,4,251204,100000,10.0049,0.1289059989277234,0.5644811694650598,1,"Random_AOP_LIRCMOP12_N100_FE100000_run4_seed251204.mat"
"s09_biscop_confirmation","Random-AOP","LIRCMOP12","LIR-CMOP",100,100000,5,251205,100000,9.8961,0.08825819925784155,0.5816344227182091,1,"Random_AOP_LIRCMOP12_N100_FE100000_run5_seed251205.mat"
"s09_biscop_confirmation","Random-AOP","LIRCMOP12","LIR-CMOP",100,100000,6,251206,100000,9.7125,0.08222705324963343,0.5870254590577655,1,"Random_AOP_LIRCMOP12_N100_FE100000_run6_seed251206.mat"
"s09_biscop_confirmation","Random-AOP","LIRCMOP12","LIR-CMOP",100,100000,7,251207,100000,9.4412,0.02484045163154438,0.6093969489131469,1,"Random_AOP_LIRCMOP12_N100_FE100000_run7_seed251207.mat"
"s09_biscop_confirmation","Random-AOP","LIRCMOP12","LIR-CMOP",100,100000,8,251208,100000,9.6382,0.1436727551329785,0.5493348386478949,1,"Random_AOP_LIRCMOP12_N100_FE100000_run8_seed251208.mat"
"s09_biscop_confirmation","Random-AOP","LIRCMOP12","LIR-CMOP",100,100000,9,251209,100000,9.274,0.04755094275806946,0.5968425094048306,1,"Random_AOP_LIRCMOP12_N100_FE100000_run9_seed251209.mat"
"s09_biscop_confirmation","Random-AOP","LIRCMOP13","LIR-CMOP",100,100000,10,251310,100000,47.5717,0.09773594459851555,0.5382233560111213,1,"Random_AOP_LIRCMOP13_N100_FE100000_run10_seed251310.mat"
"s09_biscop_confirmation","Random-AOP","LIRCMOP13","LIR-CMOP",100,100000,1,251301,100000,47.3994,0.09754599409146741,0.5436645240177369,1,"Random_AOP_LIRCMOP13_N100_FE100000_run1_seed251301.mat"
"s09_biscop_confirmation","Random-AOP","LIRCMOP13","LIR-CMOP",100,100000,2,251302,100000,46.6675,0.09833690169808489,0.5435838875069118,1,"Random_AOP_LIRCMOP13_N100_FE100000_run2_seed251302.mat"
"s09_biscop_confirmation","Random-AOP","LIRCMOP13","LIR-CMOP",100,100000,3,251303,100000,46.536,0.09639921726642812,0.5425516424845889,1,"Random_AOP_LIRCMOP13_N100_FE100000_run3_seed251303.mat"
"s09_biscop_confirmation","Random-AOP","LIRCMOP13","LIR-CMOP",100,100000,4,251304,100000,47.1083,0.09783917711719736,0.5426208479394272,1,"Random_AOP_LIRCMOP13_N100_FE100000_run4_seed251304.mat"
"s09_biscop_confirmation","Random-AOP","LIRCMOP13","LIR-CMOP",100,100000,5,251305,100000,46.0132,0.09807465799939985,0.5455713402659507,1,"Random_AOP_LIRCMOP13_N100_FE100000_run5_seed251305.mat"
"s09_biscop_confirmation","Random-AOP","LIRCMOP13","LIR-CMOP",100,100000,6,251306,100000,47.8792,0.09973167907829975,0.5384984056801655,1,"Random_AOP_LIRCMOP13_N100_FE100000_run6_seed251306.mat"
"s09_biscop_confirmation","Random-AOP","LIRCMOP13","LIR-CMOP",100,100000,7,251307,100000,47.1459,0.09718178039942069,0.5435441087428703,1,"Random_AOP_LIRCMOP13_N100_FE100000_run7_seed251307.mat"
"s09_biscop_confirmation","Random-AOP","LIRCMOP13","LIR-CMOP",100,100000,8,251308,100000,46.7124,0.09741737463177726,0.5433079046028252,1,"Random_AOP_LIRCMOP13_N100_FE100000_run8_seed251308.mat"
"s09_biscop_confirmation","Random-AOP","LIRCMOP13","LIR-CMOP",100,100000,9,251309,100000,46.92,0.09940312935491402,0.5422279813150749,1,"Random_AOP_LIRCMOP13_N100_FE100000_run9_seed251309.mat"
"s09_biscop_confirmation","Random-AOP","LIRCMOP14","LIR-CMOP",100,100000,10,251410,100000,33.6794,0.09806192572121965,0.5485253740126884,1,"Random_AOP_LIRCMOP14_N100_FE100000_run10_seed251410.mat"
"s09_biscop_confirmation","Random-AOP","LIRCMOP14","LIR-CMOP",100,100000,1,251401,100000,33.5894,0.09748925074728031,0.5473926146333433,1,"Random_AOP_LIRCMOP14_N100_FE100000_run1_seed251401.mat"
"s09_biscop_confirmation","Random-AOP","LIRCMOP14","LIR-CMOP",100,100000,2,251402,100000,34.439,0.0968575603832442,0.548236034930955,1,"Random_AOP_LIRCMOP14_N100_FE100000_run2_seed251402.mat"
"s09_biscop_confirmation","Random-AOP","LIRCMOP14","LIR-CMOP",100,100000,3,251403,100000,34.4166,0.09970788837948159,0.5469662043968559,1,"Random_AOP_LIRCMOP14_N100_FE100000_run3_seed251403.mat"
"s09_biscop_confirmation","Random-AOP","LIRCMOP14","LIR-CMOP",100,100000,4,251404,100000,33.5173,0.09921568969376378,0.5478673764855067,1,"Random_AOP_LIRCMOP14_N100_FE100000_run4_seed251404.mat"
"s09_biscop_confirmation","Random-AOP","LIRCMOP14","LIR-CMOP",100,100000,5,251405,100000,33.5747,0.09933065560720779,0.5493010439758915,1,"Random_AOP_LIRCMOP14_N100_FE100000_run5_seed251405.mat"
"s09_biscop_confirmation","Random-AOP","LIRCMOP14","LIR-CMOP",100,100000,6,251406,100000,35.1285,0.09765315076038932,0.550438700784629,1,"Random_AOP_LIRCMOP14_N100_FE100000_run6_seed251406.mat"
"s09_biscop_confirmation","Random-AOP","LIRCMOP14","LIR-CMOP",100,100000,7,251407,100000,33.7704,0.09792996755422859,0.5505042346887553,1,"Random_AOP_LIRCMOP14_N100_FE100000_run7_seed251407.mat"
"s09_biscop_confirmation","Random-AOP","LIRCMOP14","LIR-CMOP",100,100000,8,251408,100000,34.8907,0.09711469796985556,0.5493131118731608,1,"Random_AOP_LIRCMOP14_N100_FE100000_run8_seed251408.mat"
"s09_biscop_confirmation","Random-AOP","LIRCMOP14","LIR-CMOP",100,100000,9,251409,100000,34.9052,0.09768157463776202,0.5510772579752267,1,"Random_AOP_LIRCMOP14_N100_FE100000_run9_seed251409.mat"
"s09_biscop_confirmation","Random-AOP","LIRCMOP1","LIR-CMOP",100,100000,10,250110,100000,8.6437,0.1973281845156301,0.1460194235516664,1,"Random_AOP_LIRCMOP1_N100_FE100000_run10_seed250110.mat"
"s09_biscop_confirmation","Random-AOP","LIRCMOP1","LIR-CMOP",100,100000,1,250101,100000,9.0667,0.2845472985871025,0.120737357925555,1,"Random_AOP_LIRCMOP1_N100_FE100000_run1_seed250101.mat"
"s09_biscop_confirmation","Random-AOP","LIRCMOP1","LIR-CMOP",100,100000,2,250102,100000,8.6743,0.2401069927797011,0.1309244352014258,1,"Random_AOP_LIRCMOP1_N100_FE100000_run2_seed250102.mat"
"s09_biscop_confirmation","Random-AOP","LIRCMOP1","LIR-CMOP",100,100000,3,250103,100000,8.7891,0.222650198491964,0.138461553438965,1,"Random_AOP_LIRCMOP1_N100_FE100000_run3_seed250103.mat"
"s09_biscop_confirmation","Random-AOP","LIRCMOP1","LIR-CMOP",100,100000,4,250104,100000,9.0914,0.2680428902126758,0.1218879297818888,1,"Random_AOP_LIRCMOP1_N100_FE100000_run4_seed250104.mat"
"s09_biscop_confirmation","Random-AOP","LIRCMOP1","LIR-CMOP",100,100000,5,250105,100000,8.5343,0.1767875864799163,0.158726666691412,1,"Random_AOP_LIRCMOP1_N100_FE100000_run5_seed250105.mat"
"s09_biscop_confirmation","Random-AOP","LIRCMOP1","LIR-CMOP",100,100000,6,250106,100000,8.9529,0.2679938374117775,0.1247204919425439,1,"Random_AOP_LIRCMOP1_N100_FE100000_run6_seed250106.mat"
"s09_biscop_confirmation","Random-AOP","LIRCMOP1","LIR-CMOP",100,100000,7,250107,100000,9.0137,0.225832524150056,0.1397494478904497,1,"Random_AOP_LIRCMOP1_N100_FE100000_run7_seed250107.mat"
"s09_biscop_confirmation","Random-AOP","LIRCMOP1","LIR-CMOP",100,100000,8,250108,100000,8.5486,0.2740983196111667,0.1179897412289538,1,"Random_AOP_LIRCMOP1_N100_FE100000_run8_seed250108.mat"
"s09_biscop_confirmation","Random-AOP","LIRCMOP1","LIR-CMOP",100,100000,9,250109,100000,8.6315,0.1908427158800455,0.1414342642380868,1,"Random_AOP_LIRCMOP1_N100_FE100000_run9_seed250109.mat"
"s09_biscop_confirmation","Random-AOP","LIRCMOP2","LIR-CMOP",100,100000,10,250210,100000,9.8357,0.09948414469044772,0.3082325830815259,1,"Random_AOP_LIRCMOP2_N100_FE100000_run10_seed250210.mat"
"s09_biscop_confirmation","Random-AOP","LIRCMOP2","LIR-CMOP",100,100000,1,250201,100000,9.8314,0.1769847282402333,0.2615756865086241,1,"Random_AOP_LIRCMOP2_N100_FE100000_run1_seed250201.mat"
"s09_biscop_confirmation","Random-AOP","LIRCMOP2","LIR-CMOP",100,100000,2,250202,100000,10.1368,0.1119949027717317,0.2969832158931453,1,"Random_AOP_LIRCMOP2_N100_FE100000_run2_seed250202.mat"
"s09_biscop_confirmation","Random-AOP","LIRCMOP2","LIR-CMOP",100,100000,3,250203,100000,10.848,0.1362384203921246,0.278952414831947,1,"Random_AOP_LIRCMOP2_N100_FE100000_run3_seed250203.mat"
"s09_biscop_confirmation","Random-AOP","LIRCMOP2","LIR-CMOP",100,100000,4,250204,100000,10.019,0.06376404150454271,0.3156482105190753,1,"Random_AOP_LIRCMOP2_N100_FE100000_run4_seed250204.mat"
"s09_biscop_confirmation","Random-AOP","LIRCMOP2","LIR-CMOP",100,100000,5,250205,100000,10.2131,0.2191500019071068,0.2380468585461251,1,"Random_AOP_LIRCMOP2_N100_FE100000_run5_seed250205.mat"
"s09_biscop_confirmation","Random-AOP","LIRCMOP2","LIR-CMOP",100,100000,6,250206,100000,10.6736,0.1076099502004556,0.3134472933153807,1,"Random_AOP_LIRCMOP2_N100_FE100000_run6_seed250206.mat"
"s09_biscop_confirmation","Random-AOP","LIRCMOP2","LIR-CMOP",100,100000,7,250207,100000,9.8006,0.093799861858085,0.301562542109819,1,"Random_AOP_LIRCMOP2_N100_FE100000_run7_seed250207.mat"
"s09_biscop_confirmation","Random-AOP","LIRCMOP2","LIR-CMOP",100,100000,8,250208,100000,10.3588,0.1958201226261074,0.2574236608037376,1,"Random_AOP_LIRCMOP2_N100_FE100000_run8_seed250208.mat"
"s09_biscop_confirmation","Random-AOP","LIRCMOP2","LIR-CMOP",100,100000,9,250209,100000,10.3782,0.1797914807523075,0.2687780317709995,1,"Random_AOP_LIRCMOP2_N100_FE100000_run9_seed250209.mat"
"s09_biscop_confirmation","Random-AOP","LIRCMOP3","LIR-CMOP",100,100000,10,250310,100000,10.3438,0.2161780471164078,0.1273491055129137,1,"Random_AOP_LIRCMOP3_N100_FE100000_run10_seed250310.mat"
"s09_biscop_confirmation","Random-AOP","LIRCMOP3","LIR-CMOP",100,100000,1,250301,100000,10.1361,0.2097055244417406,0.1292986776009742,1,"Random_AOP_LIRCMOP3_N100_FE100000_run1_seed250301.mat"
"s09_biscop_confirmation","Random-AOP","LIRCMOP3","LIR-CMOP",100,100000,2,250302,100000,10.384,0.09967748776594833,0.1677480652800302,1,"Random_AOP_LIRCMOP3_N100_FE100000_run2_seed250302.mat"
"s09_biscop_confirmation","Random-AOP","LIRCMOP3","LIR-CMOP",100,100000,3,250303,100000,9.9786,0.2758077172957932,0.1071923586816498,1,"Random_AOP_LIRCMOP3_N100_FE100000_run3_seed250303.mat"
"s09_biscop_confirmation","Random-AOP","LIRCMOP3","LIR-CMOP",100,100000,4,250304,100000,10.361,0.2782998235421888,0.1069430952467482,1,"Random_AOP_LIRCMOP3_N100_FE100000_run4_seed250304.mat"
"s09_biscop_confirmation","Random-AOP","LIRCMOP3","LIR-CMOP",100,100000,5,250305,100000,10.37,0.1596888895928104,0.1513136049213643,1,"Random_AOP_LIRCMOP3_N100_FE100000_run5_seed250305.mat"
"s09_biscop_confirmation","Random-AOP","LIRCMOP3","LIR-CMOP",100,100000,6,250306,100000,9.9353,0.06454565847591721,0.1790430872195445,1,"Random_AOP_LIRCMOP3_N100_FE100000_run6_seed250306.mat"
"s09_biscop_confirmation","Random-AOP","LIRCMOP3","LIR-CMOP",100,100000,7,250307,100000,10.2365,0.2345746828162222,0.1148519359353887,1,"Random_AOP_LIRCMOP3_N100_FE100000_run7_seed250307.mat"
"s09_biscop_confirmation","Random-AOP","LIRCMOP3","LIR-CMOP",100,100000,8,250308,100000,10.494,0.1844991259134336,0.1400370828249193,1,"Random_AOP_LIRCMOP3_N100_FE100000_run8_seed250308.mat"
"s09_biscop_confirmation","Random-AOP","LIRCMOP3","LIR-CMOP",100,100000,9,250309,100000,10.0185,0.2149891252451787,0.1268630892647457,1,"Random_AOP_LIRCMOP3_N100_FE100000_run9_seed250309.mat"
"s09_biscop_confirmation","Random-AOP","LIRCMOP4","LIR-CMOP",100,100000,10,250410,100000,10.5986,0.2417205015014909,0.2317113642001595,1,"Random_AOP_LIRCMOP4_N100_FE100000_run10_seed250410.mat"
"s09_biscop_confirmation","Random-AOP","LIRCMOP4","LIR-CMOP",100,100000,1,250401,100000,10.6398,0.2045803289043815,0.2229161097164898,1,"Random_AOP_LIRCMOP4_N100_FE100000_run1_seed250401.mat"
"s09_biscop_confirmation","Random-AOP","LIRCMOP4","LIR-CMOP",100,100000,2,250402,100000,10.0897,0.2682481543136114,0.1934871563401123,1,"Random_AOP_LIRCMOP4_N100_FE100000_run2_seed250402.mat"
"s09_biscop_confirmation","Random-AOP","LIRCMOP4","LIR-CMOP",100,100000,3,250403,100000,10.1288,0.1948989872287947,0.2233722177391993,1,"Random_AOP_LIRCMOP4_N100_FE100000_run3_seed250403.mat"
"s09_biscop_confirmation","Random-AOP","LIRCMOP4","LIR-CMOP",100,100000,4,250404,100000,10.7059,0.1894134185650511,0.2237898590663356,1,"Random_AOP_LIRCMOP4_N100_FE100000_run4_seed250404.mat"
"s09_biscop_confirmation","Random-AOP","LIRCMOP4","LIR-CMOP",100,100000,5,250405,100000,10.0236,0.1933509033063445,0.222550163936899,1,"Random_AOP_LIRCMOP4_N100_FE100000_run5_seed250405.mat"
"s09_biscop_confirmation","Random-AOP","LIRCMOP4","LIR-CMOP",100,100000,6,250406,100000,10.5365,0.1053056665132047,0.264560789093689,1,"Random_AOP_LIRCMOP4_N100_FE100000_run6_seed250406.mat"
"s09_biscop_confirmation","Random-AOP","LIRCMOP4","LIR-CMOP",100,100000,7,250407,100000,10.4378,0.253534882809576,0.2089132949436731,1,"Random_AOP_LIRCMOP4_N100_FE100000_run7_seed250407.mat"
"s09_biscop_confirmation","Random-AOP","LIRCMOP4","LIR-CMOP",100,100000,8,250408,100000,9.6447,0.1469449348468435,0.2621974034831648,1,"Random_AOP_LIRCMOP4_N100_FE100000_run8_seed250408.mat"
"s09_biscop_confirmation","Random-AOP","LIRCMOP4","LIR-CMOP",100,100000,9,250409,100000,10.2381,0.259700234312571,0.2051184632990972,1,"Random_AOP_LIRCMOP4_N100_FE100000_run9_seed250409.mat"
"s09_biscop_confirmation","Random-AOP","LIRCMOP5","LIR-CMOP",100,100000,10,250510,100000,12.4234,0.0171023252456382,0.2867974699666703,1,"Random_AOP_LIRCMOP5_N100_FE100000_run10_seed250510.mat"
"s09_biscop_confirmation","Random-AOP","LIRCMOP5","LIR-CMOP",100,100000,1,250501,100000,12.7174,0.0192553475293605,0.2838386657803853,1,"Random_AOP_LIRCMOP5_N100_FE100000_run1_seed250501.mat"
"s09_biscop_confirmation","Random-AOP","LIRCMOP5","LIR-CMOP",100,100000,2,250502,100000,11.7448,0.01913333601983175,0.2850108727408169,1,"Random_AOP_LIRCMOP5_N100_FE100000_run2_seed250502.mat"
"s09_biscop_confirmation","Random-AOP","LIRCMOP5","LIR-CMOP",100,100000,3,250503,100000,14.3258,0.02053405216014269,0.284744871331258,1,"Random_AOP_LIRCMOP5_N100_FE100000_run3_seed250503.mat"
"s09_biscop_confirmation","Random-AOP","LIRCMOP5","LIR-CMOP",100,100000,4,250504,100000,14.4492,0.0150441093812313,0.285444485399883,1,"Random_AOP_LIRCMOP5_N100_FE100000_run4_seed250504.mat"
"s09_biscop_confirmation","Random-AOP","LIRCMOP5","LIR-CMOP",100,100000,5,250505,100000,15.3897,0.01659223918827449,0.28471875347688,1,"Random_AOP_LIRCMOP5_N100_FE100000_run5_seed250505.mat"
"s09_biscop_confirmation","Random-AOP","LIRCMOP5","LIR-CMOP",100,100000,6,250506,100000,15.2175,0.02472752876832967,0.2819947226374174,1,"Random_AOP_LIRCMOP5_N100_FE100000_run6_seed250506.mat"
"s09_biscop_confirmation","Random-AOP","LIRCMOP5","LIR-CMOP",100,100000,7,250507,100000,12.8745,0.02729898671014255,0.280771204655836,1,"Random_AOP_LIRCMOP5_N100_FE100000_run7_seed250507.mat"
"s09_biscop_confirmation","Random-AOP","LIRCMOP5","LIR-CMOP",100,100000,8,250508,100000,17.7949,0.008431615953249256,0.2900414456510534,1,"Random_AOP_LIRCMOP5_N100_FE100000_run8_seed250508.mat"
"s09_biscop_confirmation","Random-AOP","LIRCMOP5","LIR-CMOP",100,100000,9,250509,100000,14.123,0.01422777124587455,0.2873630700662184,1,"Random_AOP_LIRCMOP5_N100_FE100000_run9_seed250509.mat"
"s09_biscop_confirmation","Random-AOP","LIRCMOP6","LIR-CMOP",100,100000,10,250610,100000,16.7836,0.01059739088416509,0.1947102257520411,1,"Random_AOP_LIRCMOP6_N100_FE100000_run10_seed250610.mat"
"s09_biscop_confirmation","Random-AOP","LIRCMOP6","LIR-CMOP",100,100000,1,250601,100000,13.9603,0.01388400093174808,0.1932721204359554,1,"Random_AOP_LIRCMOP6_N100_FE100000_run1_seed250601.mat"
"s09_biscop_confirmation","Random-AOP","LIRCMOP6","LIR-CMOP",100,100000,2,250602,100000,16.6854,0.01298980399876185,0.1943714198634494,1,"Random_AOP_LIRCMOP6_N100_FE100000_run2_seed250602.mat"
"s09_biscop_confirmation","Random-AOP","LIRCMOP6","LIR-CMOP",100,100000,3,250603,100000,15.2017,0.01297088313140246,0.1928750016754095,1,"Random_AOP_LIRCMOP6_N100_FE100000_run3_seed250603.mat"
"s09_biscop_confirmation","Random-AOP","LIRCMOP6","LIR-CMOP",100,100000,4,250604,100000,16.0687,0.02170677995181889,0.1916239201313027,1,"Random_AOP_LIRCMOP6_N100_FE100000_run4_seed250604.mat"
"s09_biscop_confirmation","Random-AOP","LIRCMOP6","LIR-CMOP",100,100000,5,250605,100000,16.8281,0.0172103384757552,0.1934574422587912,1,"Random_AOP_LIRCMOP6_N100_FE100000_run5_seed250605.mat"
"s09_biscop_confirmation","Random-AOP","LIRCMOP6","LIR-CMOP",100,100000,6,250606,100000,14.8781,0.02091369959264997,0.1934246037555757,1,"Random_AOP_LIRCMOP6_N100_FE100000_run6_seed250606.mat"
"s09_biscop_confirmation","Random-AOP","LIRCMOP6","LIR-CMOP",100,100000,7,250607,100000,15.6061,0.0185822791097701,0.1883554268669251,1,"Random_AOP_LIRCMOP6_N100_FE100000_run7_seed250607.mat"
"s09_biscop_confirmation","Random-AOP","LIRCMOP6","LIR-CMOP",100,100000,8,250608,100000,16.739,0.01834529675435544,0.1932943258147839,1,"Random_AOP_LIRCMOP6_N100_FE100000_run8_seed250608.mat"
"s09_biscop_confirmation","Random-AOP","LIRCMOP6","LIR-CMOP",100,100000,9,250609,100000,16.699,0.01068712186291868,0.1946041235677375,1,"Random_AOP_LIRCMOP6_N100_FE100000_run9_seed250609.mat"
"s09_biscop_confirmation","Random-AOP","LIRCMOP7","LIR-CMOP",100,100000,10,250710,100000,8.4933,0.008667615763345996,0.2936838093345854,1,"Random_AOP_LIRCMOP7_N100_FE100000_run10_seed250710.mat"
"s09_biscop_confirmation","Random-AOP","LIRCMOP7","LIR-CMOP",100,100000,1,250701,100000,8.4276,0.007813173833413498,0.2939985136861898,1,"Random_AOP_LIRCMOP7_N100_FE100000_run1_seed250701.mat"
"s09_biscop_confirmation","Random-AOP","LIRCMOP7","LIR-CMOP",100,100000,2,250702,100000,8.0611,0.008322729283402986,0.2938562025303496,1,"Random_AOP_LIRCMOP7_N100_FE100000_run2_seed250702.mat"
"s09_biscop_confirmation","Random-AOP","LIRCMOP7","LIR-CMOP",100,100000,3,250703,100000,8.3174,0.00920245269259813,0.2931225789482805,1,"Random_AOP_LIRCMOP7_N100_FE100000_run3_seed250703.mat"
"s09_biscop_confirmation","Random-AOP","LIRCMOP7","LIR-CMOP",100,100000,4,250704,100000,8.1868,0.06243203906625634,0.2687609279934333,1,"Random_AOP_LIRCMOP7_N100_FE100000_run4_seed250704.mat"
"s09_biscop_confirmation","Random-AOP","LIRCMOP7","LIR-CMOP",100,100000,5,250705,100000,8.1286,0.007968364577654118,0.2940154338264622,1,"Random_AOP_LIRCMOP7_N100_FE100000_run5_seed250705.mat"
"s09_biscop_confirmation","Random-AOP","LIRCMOP7","LIR-CMOP",100,100000,6,250706,100000,8.1854,0.009815658756291746,0.2929695237649543,1,"Random_AOP_LIRCMOP7_N100_FE100000_run6_seed250706.mat"
"s09_biscop_confirmation","Random-AOP","LIRCMOP7","LIR-CMOP",100,100000,7,250707,100000,8.4337,0.007919531520707944,0.2938176084166469,1,"Random_AOP_LIRCMOP7_N100_FE100000_run7_seed250707.mat"
"s09_biscop_confirmation","Random-AOP","LIRCMOP7","LIR-CMOP",100,100000,8,250708,100000,8.0495,0.008349707880522984,0.2938095949406963,1,"Random_AOP_LIRCMOP7_N100_FE100000_run8_seed250708.mat"
"s09_biscop_confirmation","Random-AOP","LIRCMOP7","LIR-CMOP",100,100000,9,250709,100000,8.0926,0.01979314071052452,0.2880938756752852,1,"Random_AOP_LIRCMOP7_N100_FE100000_run9_seed250709.mat"
"s09_biscop_confirmation","Random-AOP","LIRCMOP8","LIR-CMOP",100,100000,10,250810,100000,8.1679,0.007936978882405842,0.2941870429238818,1,"Random_AOP_LIRCMOP8_N100_FE100000_run10_seed250810.mat"
"s09_biscop_confirmation","Random-AOP","LIRCMOP8","LIR-CMOP",100,100000,1,250801,100000,8.1455,0.008224651244462013,0.293871621168974,1,"Random_AOP_LIRCMOP8_N100_FE100000_run1_seed250801.mat"
"s09_biscop_confirmation","Random-AOP","LIRCMOP8","LIR-CMOP",100,100000,2,250802,100000,7.952,0.008036055892753923,0.2940347197108066,1,"Random_AOP_LIRCMOP8_N100_FE100000_run2_seed250802.mat"
"s09_biscop_confirmation","Random-AOP","LIRCMOP8","LIR-CMOP",100,100000,3,250803,100000,8.4809,0.008580613673050765,0.2936394084512834,1,"Random_AOP_LIRCMOP8_N100_FE100000_run3_seed250803.mat"
"s09_biscop_confirmation","Random-AOP","LIRCMOP8","LIR-CMOP",100,100000,4,250804,100000,8.1185,0.008383467446159145,0.2938080824580068,1,"Random_AOP_LIRCMOP8_N100_FE100000_run4_seed250804.mat"
"s09_biscop_confirmation","Random-AOP","LIRCMOP8","LIR-CMOP",100,100000,5,250805,100000,8.2982,0.008147433625775842,0.2938924025141103,1,"Random_AOP_LIRCMOP8_N100_FE100000_run5_seed250805.mat"
"s09_biscop_confirmation","Random-AOP","LIRCMOP8","LIR-CMOP",100,100000,6,250806,100000,8.1904,0.008170652705310815,0.2938879684770457,1,"Random_AOP_LIRCMOP8_N100_FE100000_run6_seed250806.mat"
"s09_biscop_confirmation","Random-AOP","LIRCMOP8","LIR-CMOP",100,100000,7,250807,100000,7.9734,0.008611934031229887,0.2936656156674919,1,"Random_AOP_LIRCMOP8_N100_FE100000_run7_seed250807.mat"
"s09_biscop_confirmation","Random-AOP","LIRCMOP8","LIR-CMOP",100,100000,8,250808,100000,8.0599,0.00839524316031896,0.2939034056276573,1,"Random_AOP_LIRCMOP8_N100_FE100000_run8_seed250808.mat"
"s09_biscop_confirmation","Random-AOP","LIRCMOP8","LIR-CMOP",100,100000,9,250809,100000,8.3858,0.008563116041034814,0.2937006001196367,1,"Random_AOP_LIRCMOP8_N100_FE100000_run9_seed250809.mat"
"s09_biscop_confirmation","Random-AOP","LIRCMOP9","LIR-CMOP",100,100000,10,250910,100000,18.5135,0.221437988523263,0.4380617651349529,1,"Random_AOP_LIRCMOP9_N100_FE100000_run10_seed250910.mat"
"s09_biscop_confirmation","Random-AOP","LIRCMOP9","LIR-CMOP",100,100000,1,250901,100000,16.4845,0.183969392986988,0.4585416850179539,1,"Random_AOP_LIRCMOP9_N100_FE100000_run1_seed250901.mat"
"s09_biscop_confirmation","Random-AOP","LIRCMOP9","LIR-CMOP",100,100000,2,250902,100000,18.5189,0.2919273920962561,0.4084928025516811,1,"Random_AOP_LIRCMOP9_N100_FE100000_run2_seed250902.mat"
"s09_biscop_confirmation","Random-AOP","LIRCMOP9","LIR-CMOP",100,100000,3,250903,100000,17.0721,0.2192101086653903,0.4355140339919068,1,"Random_AOP_LIRCMOP9_N100_FE100000_run3_seed250903.mat"
"s09_biscop_confirmation","Random-AOP","LIRCMOP9","LIR-CMOP",100,100000,4,250904,100000,20.289,0.2171295696298605,0.4386192288717317,1,"Random_AOP_LIRCMOP9_N100_FE100000_run4_seed250904.mat"
"s09_biscop_confirmation","Random-AOP","LIRCMOP9","LIR-CMOP",100,100000,5,250905,100000,20.9341,0.3090743590067066,0.4038093086400323,1,"Random_AOP_LIRCMOP9_N100_FE100000_run5_seed250905.mat"
"s09_biscop_confirmation","Random-AOP","LIRCMOP9","LIR-CMOP",100,100000,6,250906,100000,17.2688,0.2072909915008504,0.4416767433484887,1,"Random_AOP_LIRCMOP9_N100_FE100000_run6_seed250906.mat"
"s09_biscop_confirmation","Random-AOP","LIRCMOP9","LIR-CMOP",100,100000,7,250907,100000,17.512,0.2246313590213086,0.4333147276396434,1,"Random_AOP_LIRCMOP9_N100_FE100000_run7_seed250907.mat"
"s09_biscop_confirmation","Random-AOP","LIRCMOP9","LIR-CMOP",100,100000,8,250908,100000,19.9484,0.2906549831645212,0.4123694268480853,1,"Random_AOP_LIRCMOP9_N100_FE100000_run8_seed250908.mat"
"s09_biscop_confirmation","Random-AOP","LIRCMOP9","LIR-CMOP",100,100000,9,250909,100000,17.3744,0.2852391502669652,0.4148597285779452,1,"Random_AOP_LIRCMOP9_N100_FE100000_run9_seed250909.mat"
"s09_biscop_confirmation","Role-Separated-Credit-AOP-v1","CF10","CF",100,100000,10,290010,100000,44.2502,0.4008776555069516,0.1301900242868699,1,"Role_Separated_Credit_AOP_v1_CF10_N100_FE100000_run10_seed290010.mat"
"s09_biscop_confirmation","Role-Separated-Credit-AOP-v1","CF10","CF",100,100000,1,290001,100000,34.1033,0.3536046493374007,0.1601902022332392,1,"Role_Separated_Credit_AOP_v1_CF10_N100_FE100000_run1_seed290001.mat"
"s09_biscop_confirmation","Role-Separated-Credit-AOP-v1","CF10","CF",100,100000,2,290002,100000,51.4435,0.402602382841053,0.1600326736077855,1,"Role_Separated_Credit_AOP_v1_CF10_N100_FE100000_run2_seed290002.mat"
"s09_biscop_confirmation","Role-Separated-Credit-AOP-v1","CF10","CF",100,100000,3,290003,100000,32.0296,0.3741777210536836,0.1825707713953315,1,"Role_Separated_Credit_AOP_v1_CF10_N100_FE100000_run3_seed290003.mat"
"s09_biscop_confirmation","Role-Separated-Credit-AOP-v1","CF10","CF",100,100000,4,290004,100000,33.6072,0.2158878565501491,0.2616798407367621,1,"Role_Separated_Credit_AOP_v1_CF10_N100_FE100000_run4_seed290004.mat"
"s09_biscop_confirmation","Role-Separated-Credit-AOP-v1","CF10","CF",100,100000,5,290005,100000,54.4521,0.4401363560781027,0.1067253161424406,1,"Role_Separated_Credit_AOP_v1_CF10_N100_FE100000_run5_seed290005.mat"
"s09_biscop_confirmation","Role-Separated-Credit-AOP-v1","CF10","CF",100,100000,6,290006,100000,16.5488,0.1420507860397845,0.3638062062739595,1,"Role_Separated_Credit_AOP_v1_CF10_N100_FE100000_run6_seed290006.mat"
"s09_biscop_confirmation","Role-Separated-Credit-AOP-v1","CF10","CF",100,100000,7,290007,100000,32.6391,0.3491416398571653,0.1976208689113892,1,"Role_Separated_Credit_AOP_v1_CF10_N100_FE100000_run7_seed290007.mat"
"s09_biscop_confirmation","Role-Separated-Credit-AOP-v1","CF10","CF",100,100000,8,290008,100000,52.7314,0.4489464582164938,0.1161466878823346,1,"Role_Separated_Credit_AOP_v1_CF10_N100_FE100000_run8_seed290008.mat"
"s09_biscop_confirmation","Role-Separated-Credit-AOP-v1","CF10","CF",100,100000,9,290009,100000,27.4456,0.4488866812869958,0.09956719625237193,1,"Role_Separated_Credit_AOP_v1_CF10_N100_FE100000_run9_seed290009.mat"
"s09_biscop_confirmation","Role-Separated-Credit-AOP-v1","CF1","CF",100,100000,10,289110,100000,25.8351,0.003372295131969152,0.561976856614285,1,"Role_Separated_Credit_AOP_v1_CF1_N100_FE100000_run10_seed289110.mat"
"s09_biscop_confirmation","Role-Separated-Credit-AOP-v1","CF1","CF",100,100000,1,289101,100000,15.0046,0.002697548524912648,0.5628301221141558,1,"Role_Separated_Credit_AOP_v1_CF1_N100_FE100000_run1_seed289101.mat"
"s09_biscop_confirmation","Role-Separated-Credit-AOP-v1","CF1","CF",100,100000,2,289102,100000,25.3748,0.003280568278999894,0.5621146528116875,1,"Role_Separated_Credit_AOP_v1_CF1_N100_FE100000_run2_seed289102.mat"
"s09_biscop_confirmation","Role-Separated-Credit-AOP-v1","CF1","CF",100,100000,3,289103,100000,15.3438,0.003386867166152733,0.5619825925756655,1,"Role_Separated_Credit_AOP_v1_CF1_N100_FE100000_run3_seed289103.mat"
"s09_biscop_confirmation","Role-Separated-Credit-AOP-v1","CF1","CF",100,100000,4,289104,100000,28.9862,0.002697180312977309,0.5628025279755549,1,"Role_Separated_Credit_AOP_v1_CF1_N100_FE100000_run4_seed289104.mat"
"s09_biscop_confirmation","Role-Separated-Credit-AOP-v1","CF1","CF",100,100000,5,289105,100000,25.1722,0.002594092277190731,0.5629513639721716,1,"Role_Separated_Credit_AOP_v1_CF1_N100_FE100000_run5_seed289105.mat"
"s09_biscop_confirmation","Role-Separated-Credit-AOP-v1","CF1","CF",100,100000,6,289106,100000,14.5405,0.003192957981139222,0.5622262933793363,1,"Role_Separated_Credit_AOP_v1_CF1_N100_FE100000_run6_seed289106.mat"
"s09_biscop_confirmation","Role-Separated-Credit-AOP-v1","CF1","CF",100,100000,7,289107,100000,13.8643,0.003119657844164355,0.562318635570153,1,"Role_Separated_Credit_AOP_v1_CF1_N100_FE100000_run7_seed289107.mat"
"s09_biscop_confirmation","Role-Separated-Credit-AOP-v1","CF1","CF",100,100000,8,289108,100000,34.868,0.003519485716646523,0.5618320778385723,1,"Role_Separated_Credit_AOP_v1_CF1_N100_FE100000_run8_seed289108.mat"
"s09_biscop_confirmation","Role-Separated-Credit-AOP-v1","CF1","CF",100,100000,9,289109,100000,15.0061,0.003055173134313792,0.5623884102083664,1,"Role_Separated_Credit_AOP_v1_CF1_N100_FE100000_run9_seed289109.mat"
"s09_biscop_confirmation","Role-Separated-Credit-AOP-v1","CF2","CF",100,100000,10,289210,100000,25.7209,0.0140524696279904,0.6639491471482454,1,"Role_Separated_Credit_AOP_v1_CF2_N100_FE100000_run10_seed289210.mat"
"s09_biscop_confirmation","Role-Separated-Credit-AOP-v1","CF2","CF",100,100000,1,289201,100000,26.0445,0.004850201401449243,0.6748081767175201,1,"Role_Separated_Credit_AOP_v1_CF2_N100_FE100000_run1_seed289201.mat"
"s09_biscop_confirmation","Role-Separated-Credit-AOP-v1","CF2","CF",100,100000,2,289202,100000,14.3531,0.005531825661679073,0.6731658313038187,1,"Role_Separated_Credit_AOP_v1_CF2_N100_FE100000_run2_seed289202.mat"
"s09_biscop_confirmation","Role-Separated-Credit-AOP-v1","CF2","CF",100,100000,3,289203,100000,14.332,0.01043193518112597,0.6687671627376408,1,"Role_Separated_Credit_AOP_v1_CF2_N100_FE100000_run3_seed289203.mat"
"s09_biscop_confirmation","Role-Separated-Credit-AOP-v1","CF2","CF",100,100000,4,289204,100000,25.9143,0.005818010260324966,0.6712283418989707,1,"Role_Separated_Credit_AOP_v1_CF2_N100_FE100000_run4_seed289204.mat"
"s09_biscop_confirmation","Role-Separated-Credit-AOP-v1","CF2","CF",100,100000,5,289205,100000,14.1446,0.008456262691250029,0.6714621847078313,1,"Role_Separated_Credit_AOP_v1_CF2_N100_FE100000_run5_seed289205.mat"
"s09_biscop_confirmation","Role-Separated-Credit-AOP-v1","CF2","CF",100,100000,6,289206,100000,30.9887,0.015897941143885,0.6648332595250608,1,"Role_Separated_Credit_AOP_v1_CF2_N100_FE100000_run6_seed289206.mat"
"s09_biscop_confirmation","Role-Separated-Credit-AOP-v1","CF2","CF",100,100000,7,289207,100000,25.9134,0.005197083400533879,0.6719710595945347,1,"Role_Separated_Credit_AOP_v1_CF2_N100_FE100000_run7_seed289207.mat"
"s09_biscop_confirmation","Role-Separated-Credit-AOP-v1","CF2","CF",100,100000,8,289208,100000,14.0909,0.005461798967488708,0.6723079563417451,1,"Role_Separated_Credit_AOP_v1_CF2_N100_FE100000_run8_seed289208.mat"
"s09_biscop_confirmation","Role-Separated-Credit-AOP-v1","CF2","CF",100,100000,9,289209,100000,14.5392,0.006837254118765275,0.674319072814812,1,"Role_Separated_Credit_AOP_v1_CF2_N100_FE100000_run9_seed289209.mat"
"s09_biscop_confirmation","Role-Separated-Credit-AOP-v1","CF3","CF",100,100000,10,289310,100000,12.2,0.1236633826420317,0.2963552878629861,1,"Role_Separated_Credit_AOP_v1_CF3_N100_FE100000_run10_seed289310.mat"
"s09_biscop_confirmation","Role-Separated-Credit-AOP-v1","CF3","CF",100,100000,1,289301,100000,11.8913,0.1007719351252797,0.3048910179538242,1,"Role_Separated_Credit_AOP_v1_CF3_N100_FE100000_run1_seed289301.mat"
"s09_biscop_confirmation","Role-Separated-Credit-AOP-v1","CF3","CF",100,100000,2,289302,100000,25.8833,0.08155715506650173,0.2485240462475806,1,"Role_Separated_Credit_AOP_v1_CF3_N100_FE100000_run2_seed289302.mat"
"s09_biscop_confirmation","Role-Separated-Credit-AOP-v1","CF3","CF",100,100000,3,289303,100000,25.1017,0.1059945469713883,0.2813264798839564,1,"Role_Separated_Credit_AOP_v1_CF3_N100_FE100000_run3_seed289303.mat"
"s09_biscop_confirmation","Role-Separated-Credit-AOP-v1","CF3","CF",100,100000,4,289304,100000,13.998,0.09090304382959354,0.3015720501159183,1,"Role_Separated_Credit_AOP_v1_CF3_N100_FE100000_run4_seed289304.mat"
"s09_biscop_confirmation","Role-Separated-Credit-AOP-v1","CF3","CF",100,100000,5,289305,100000,13.4928,0.124583009399998,0.2355500008822103,1,"Role_Separated_Credit_AOP_v1_CF3_N100_FE100000_run5_seed289305.mat"
"s09_biscop_confirmation","Role-Separated-Credit-AOP-v1","CF3","CF",100,100000,6,289306,100000,19.6299,0.1113828867872126,0.2796566994829873,1,"Role_Separated_Credit_AOP_v1_CF3_N100_FE100000_run6_seed289306.mat"
"s09_biscop_confirmation","Role-Separated-Credit-AOP-v1","CF3","CF",100,100000,7,289307,100000,13.6462,0.1016321917197442,0.3055410813683829,1,"Role_Separated_Credit_AOP_v1_CF3_N100_FE100000_run7_seed289307.mat"
"s09_biscop_confirmation","Role-Separated-Credit-AOP-v1","CF3","CF",100,100000,8,289308,100000,20.4707,0.1843359256467732,0.2543097035488925,1,"Role_Separated_Credit_AOP_v1_CF3_N100_FE100000_run8_seed289308.mat"
"s09_biscop_confirmation","Role-Separated-Credit-AOP-v1","CF3","CF",100,100000,9,289309,100000,24.6673,0.09730798998368516,0.3052879754836144,1,"Role_Separated_Credit_AOP_v1_CF3_N100_FE100000_run9_seed289309.mat"
"s09_biscop_confirmation","Role-Separated-Credit-AOP-v1","CF4","CF",100,100000,10,289410,100000,23.9315,0.04432884377409577,0.4758029138959314,1,"Role_Separated_Credit_AOP_v1_CF4_N100_FE100000_run10_seed289410.mat"
"s09_biscop_confirmation","Role-Separated-Credit-AOP-v1","CF4","CF",100,100000,1,289401,100000,11.0625,0.06403072119627093,0.4559387515370957,1,"Role_Separated_Credit_AOP_v1_CF4_N100_FE100000_run1_seed289401.mat"
"s09_biscop_confirmation","Role-Separated-Credit-AOP-v1","CF4","CF",100,100000,2,289402,100000,21.61,0.04700978677581757,0.469992894355081,1,"Role_Separated_Credit_AOP_v1_CF4_N100_FE100000_run2_seed289402.mat"
"s09_biscop_confirmation","Role-Separated-Credit-AOP-v1","CF4","CF",100,100000,3,289403,100000,10.2273,0.03499280880398218,0.4915418491253971,1,"Role_Separated_Credit_AOP_v1_CF4_N100_FE100000_run3_seed289403.mat"
"s09_biscop_confirmation","Role-Separated-Credit-AOP-v1","CF4","CF",100,100000,4,289404,100000,24.2202,0.04210332491049892,0.4803136102374619,1,"Role_Separated_Credit_AOP_v1_CF4_N100_FE100000_run4_seed289404.mat"
"s09_biscop_confirmation","Role-Separated-Credit-AOP-v1","CF4","CF",100,100000,5,289405,100000,19.8193,0.04670464837011217,0.4767497579812821,1,"Role_Separated_Credit_AOP_v1_CF4_N100_FE100000_run5_seed289405.mat"
"s09_biscop_confirmation","Role-Separated-Credit-AOP-v1","CF4","CF",100,100000,6,289406,100000,10.9561,0.0547222377678195,0.4593242868383245,1,"Role_Separated_Credit_AOP_v1_CF4_N100_FE100000_run6_seed289406.mat"
"s09_biscop_confirmation","Role-Separated-Credit-AOP-v1","CF4","CF",100,100000,7,289407,100000,10.805,0.03171123297289106,0.4956359630582892,1,"Role_Separated_Credit_AOP_v1_CF4_N100_FE100000_run7_seed289407.mat"
"s09_biscop_confirmation","Role-Separated-Credit-AOP-v1","CF4","CF",100,100000,8,289408,100000,21.4144,0.0584978748100536,0.4592406117566464,1,"Role_Separated_Credit_AOP_v1_CF4_N100_FE100000_run8_seed289408.mat"
"s09_biscop_confirmation","Role-Separated-Credit-AOP-v1","CF4","CF",100,100000,9,289409,100000,11.8827,0.04246164417454707,0.4812934721232994,1,"Role_Separated_Credit_AOP_v1_CF4_N100_FE100000_run9_seed289409.mat"
"s09_biscop_confirmation","Role-Separated-Credit-AOP-v1","CF5","CF",100,100000,10,289510,100000,33.5553,0.5413100278783904,0.1765439064709482,1,"Role_Separated_Credit_AOP_v1_CF5_N100_FE100000_run10_seed289510.mat"
"s09_biscop_confirmation","Role-Separated-Credit-AOP-v1","CF5","CF",100,100000,1,289501,100000,28.5977,0.08944082045736498,0.4299102367183637,1,"Role_Separated_Credit_AOP_v1_CF5_N100_FE100000_run1_seed289501.mat"
"s09_biscop_confirmation","Role-Separated-Credit-AOP-v1","CF5","CF",100,100000,2,289502,100000,16.3088,0.1072316625990924,0.4167948313097561,1,"Role_Separated_Credit_AOP_v1_CF5_N100_FE100000_run2_seed289502.mat"
"s09_biscop_confirmation","Role-Separated-Credit-AOP-v1","CF5","CF",100,100000,3,289503,100000,18.4849,0.2668838083817913,0.3147077313740706,1,"Role_Separated_Credit_AOP_v1_CF5_N100_FE100000_run3_seed289503.mat"
"s09_biscop_confirmation","Role-Separated-Credit-AOP-v1","CF5","CF",100,100000,4,289504,100000,30.2352,0.06140708976275384,0.4589451132988612,1,"Role_Separated_Credit_AOP_v1_CF5_N100_FE100000_run4_seed289504.mat"
"s09_biscop_confirmation","Role-Separated-Credit-AOP-v1","CF5","CF",100,100000,5,289505,100000,17.9963,0.4234894207868746,0.1993449637688764,1,"Role_Separated_Credit_AOP_v1_CF5_N100_FE100000_run5_seed289505.mat"
"s09_biscop_confirmation","Role-Separated-Credit-AOP-v1","CF5","CF",100,100000,6,289506,100000,23.8465,0.07440257097157661,0.4466936885838723,1,"Role_Separated_Credit_AOP_v1_CF5_N100_FE100000_run6_seed289506.mat"
"s09_biscop_confirmation","Role-Separated-Credit-AOP-v1","CF5","CF",100,100000,7,289507,100000,27.3174,0.09185682660237694,0.4246318710542768,1,"Role_Separated_Credit_AOP_v1_CF5_N100_FE100000_run7_seed289507.mat"
"s09_biscop_confirmation","Role-Separated-Credit-AOP-v1","CF5","CF",100,100000,8,289508,100000,8.4756,0.2337584620314782,0.3012106554323957,1,"Role_Separated_Credit_AOP_v1_CF5_N100_FE100000_run8_seed289508.mat"
"s09_biscop_confirmation","Role-Separated-Credit-AOP-v1","CF5","CF",100,100000,9,289509,100000,14.1379,0.2100762738745879,0.3728139477259738,1,"Role_Separated_Credit_AOP_v1_CF5_N100_FE100000_run9_seed289509.mat"
"s09_biscop_confirmation","Role-Separated-Credit-AOP-v1","CF6","CF",100,100000,10,289610,100000,17.935,0.03374245806766811,0.6664654040740288,1,"Role_Separated_Credit_AOP_v1_CF6_N100_FE100000_run10_seed289610.mat"
"s09_biscop_confirmation","Role-Separated-Credit-AOP-v1","CF6","CF",100,100000,1,289601,100000,18.8786,0.1384345437448649,0.6312664786724149,1,"Role_Separated_Credit_AOP_v1_CF6_N100_FE100000_run1_seed289601.mat"
"s09_biscop_confirmation","Role-Separated-Credit-AOP-v1","CF6","CF",100,100000,2,289602,100000,34.7397,0.05833112850053295,0.6617583316099702,1,"Role_Separated_Credit_AOP_v1_CF6_N100_FE100000_run2_seed289602.mat"
"s09_biscop_confirmation","Role-Separated-Credit-AOP-v1","CF6","CF",100,100000,3,289603,100000,32.0004,0.03125081243232083,0.664007105947663,1,"Role_Separated_Credit_AOP_v1_CF6_N100_FE100000_run3_seed289603.mat"
"s09_biscop_confirmation","Role-Separated-Credit-AOP-v1","CF6","CF",100,100000,4,289604,100000,18.4611,0.02589976429394988,0.670461044456272,1,"Role_Separated_Credit_AOP_v1_CF6_N100_FE100000_run4_seed289604.mat"
"s09_biscop_confirmation","Role-Separated-Credit-AOP-v1","CF6","CF",100,100000,5,289605,100000,18.3177,0.03912798140553354,0.6693338860790626,1,"Role_Separated_Credit_AOP_v1_CF6_N100_FE100000_run5_seed289605.mat"
"s09_biscop_confirmation","Role-Separated-Credit-AOP-v1","CF6","CF",100,100000,6,289606,100000,32.2715,0.03907867485707192,0.6630942724213265,1,"Role_Separated_Credit_AOP_v1_CF6_N100_FE100000_run6_seed289606.mat"
"s09_biscop_confirmation","Role-Separated-Credit-AOP-v1","CF6","CF",100,100000,7,289607,100000,18.0137,0.03980253558208707,0.6707315879540058,1,"Role_Separated_Credit_AOP_v1_CF6_N100_FE100000_run7_seed289607.mat"
"s09_biscop_confirmation","Role-Separated-Credit-AOP-v1","CF6","CF",100,100000,8,289608,100000,30.9524,0.02563015602362282,0.6692631527486109,1,"Role_Separated_Credit_AOP_v1_CF6_N100_FE100000_run8_seed289608.mat"
"s09_biscop_confirmation","Role-Separated-Credit-AOP-v1","CF6","CF",100,100000,9,289609,100000,31.0103,0.06720350621827755,0.655583417063996,1,"Role_Separated_Credit_AOP_v1_CF6_N100_FE100000_run9_seed289609.mat"
"s09_biscop_confirmation","Role-Separated-Credit-AOP-v1","CF7","CF",100,100000,10,289710,100000,24.3826,0.07761593982209222,0.6189253285092806,1,"Role_Separated_Credit_AOP_v1_CF7_N100_FE100000_run10_seed289710.mat"
"s09_biscop_confirmation","Role-Separated-Credit-AOP-v1","CF7","CF",100,100000,1,289701,100000,14.608,0.09489802399197267,0.5796380552014796,1,"Role_Separated_Credit_AOP_v1_CF7_N100_FE100000_run1_seed289701.mat"
"s09_biscop_confirmation","Role-Separated-Credit-AOP-v1","CF7","CF",100,100000,2,289702,100000,23.0116,0.1751139270713305,0.5471663803259149,1,"Role_Separated_Credit_AOP_v1_CF7_N100_FE100000_run2_seed289702.mat"
"s09_biscop_confirmation","Role-Separated-Credit-AOP-v1","CF7","CF",100,100000,3,289703,100000,14.772,0.1849246742765954,0.4684217103626921,1,"Role_Separated_Credit_AOP_v1_CF7_N100_FE100000_run3_seed289703.mat"
"s09_biscop_confirmation","Role-Separated-Credit-AOP-v1","CF7","CF",100,100000,4,289704,100000,31.3444,0.259148543711993,0.487458571247306,1,"Role_Separated_Credit_AOP_v1_CF7_N100_FE100000_run4_seed289704.mat"
"s09_biscop_confirmation","Role-Separated-Credit-AOP-v1","CF7","CF",100,100000,5,289705,100000,17.8136,0.443146386889426,0.1478002181255158,1,"Role_Separated_Credit_AOP_v1_CF7_N100_FE100000_run5_seed289705.mat"
"s09_biscop_confirmation","Role-Separated-Credit-AOP-v1","CF7","CF",100,100000,6,289706,100000,14.3215,0.11224985612591,0.5633117257284643,1,"Role_Separated_Credit_AOP_v1_CF7_N100_FE100000_run6_seed289706.mat"
"s09_biscop_confirmation","Role-Separated-Credit-AOP-v1","CF7","CF",100,100000,7,289707,100000,9.3949,0.09753526800773014,0.590552404441795,1,"Role_Separated_Credit_AOP_v1_CF7_N100_FE100000_run7_seed289707.mat"
"s09_biscop_confirmation","Role-Separated-Credit-AOP-v1","CF7","CF",100,100000,8,289708,100000,27.2498,0.1492443151476462,0.5234502941727854,1,"Role_Separated_Credit_AOP_v1_CF7_N100_FE100000_run8_seed289708.mat"
"s09_biscop_confirmation","Role-Separated-Credit-AOP-v1","CF7","CF",100,100000,9,289709,100000,14.2204,0.1056209178350285,0.5698360747167953,1,"Role_Separated_Credit_AOP_v1_CF7_N100_FE100000_run9_seed289709.mat"
"s09_biscop_confirmation","Role-Separated-Credit-AOP-v1","CF8","CF",100,100000,10,289810,100000,23.7675,0.1463143920665728,0.361728168278406,1,"Role_Separated_Credit_AOP_v1_CF8_N100_FE100000_run10_seed289810.mat"
"s09_biscop_confirmation","Role-Separated-Credit-AOP-v1","CF8","CF",100,100000,1,289801,100000,23.9709,0.1540018950400841,0.3581558812698404,1,"Role_Separated_Credit_AOP_v1_CF8_N100_FE100000_run1_seed289801.mat"
"s09_biscop_confirmation","Role-Separated-Credit-AOP-v1","CF8","CF",100,100000,2,289802,100000,13.4502,0.1371191209052273,0.3834202993515313,1,"Role_Separated_Credit_AOP_v1_CF8_N100_FE100000_run2_seed289802.mat"
"s09_biscop_confirmation","Role-Separated-Credit-AOP-v1","CF8","CF",100,100000,3,289803,100000,13.3569,0.1535049337246806,0.3737069547365457,1,"Role_Separated_Credit_AOP_v1_CF8_N100_FE100000_run3_seed289803.mat"
"s09_biscop_confirmation","Role-Separated-Credit-AOP-v1","CF8","CF",100,100000,4,289804,100000,24.8469,0.1732842206046662,0.3360645583994168,1,"Role_Separated_Credit_AOP_v1_CF8_N100_FE100000_run4_seed289804.mat"
"s09_biscop_confirmation","Role-Separated-Credit-AOP-v1","CF8","CF",100,100000,5,289805,100000,13.032,0.1549373103213944,0.3590727202422869,1,"Role_Separated_Credit_AOP_v1_CF8_N100_FE100000_run5_seed289805.mat"
"s09_biscop_confirmation","Role-Separated-Credit-AOP-v1","CF8","CF",100,100000,6,289806,100000,25.5212,0.1658141581548874,0.3470370857595318,1,"Role_Separated_Credit_AOP_v1_CF8_N100_FE100000_run6_seed289806.mat"
"s09_biscop_confirmation","Role-Separated-Credit-AOP-v1","CF8","CF",100,100000,7,289807,100000,24.8466,0.1568444040782901,0.3678018515035171,1,"Role_Separated_Credit_AOP_v1_CF8_N100_FE100000_run7_seed289807.mat"
"s09_biscop_confirmation","Role-Separated-Credit-AOP-v1","CF8","CF",100,100000,8,289808,100000,13.6465,0.1595929009345803,0.3663052083021248,1,"Role_Separated_Credit_AOP_v1_CF8_N100_FE100000_run8_seed289808.mat"
"s09_biscop_confirmation","Role-Separated-Credit-AOP-v1","CF8","CF",100,100000,9,289809,100000,12.928,0.1363667576927535,0.376493910233816,1,"Role_Separated_Credit_AOP_v1_CF8_N100_FE100000_run9_seed289809.mat"
"s09_biscop_confirmation","Role-Separated-Credit-AOP-v1","CF9","CF",100,100000,10,289910,100000,18.8042,0.1038298560890917,0.4176126604985921,1,"Role_Separated_Credit_AOP_v1_CF9_N100_FE100000_run10_seed289910.mat"
"s09_biscop_confirmation","Role-Separated-Credit-AOP-v1","CF9","CF",100,100000,1,289901,100000,19.3305,0.1019464038373557,0.4172527235015214,1,"Role_Separated_Credit_AOP_v1_CF9_N100_FE100000_run1_seed289901.mat"
"s09_biscop_confirmation","Role-Separated-Credit-AOP-v1","CF9","CF",100,100000,2,289902,100000,32.9705,0.08738780084036146,0.4317232841797843,1,"Role_Separated_Credit_AOP_v1_CF9_N100_FE100000_run2_seed289902.mat"
"s09_biscop_confirmation","Role-Separated-Credit-AOP-v1","CF9","CF",100,100000,3,289903,100000,32.9877,0.09128918470726367,0.4318669918239405,1,"Role_Separated_Credit_AOP_v1_CF9_N100_FE100000_run3_seed289903.mat"
"s09_biscop_confirmation","Role-Separated-Credit-AOP-v1","CF9","CF",100,100000,4,289904,100000,19.4228,0.08502620386230575,0.4393784986354898,1,"Role_Separated_Credit_AOP_v1_CF9_N100_FE100000_run4_seed289904.mat"
"s09_biscop_confirmation","Role-Separated-Credit-AOP-v1","CF9","CF",100,100000,5,289905,100000,19.5229,0.1014161978561426,0.420007262403083,1,"Role_Separated_Credit_AOP_v1_CF9_N100_FE100000_run5_seed289905.mat"
"s09_biscop_confirmation","Role-Separated-Credit-AOP-v1","CF9","CF",100,100000,6,289906,100000,33.7906,0.09593063942382722,0.4255802780509827,1,"Role_Separated_Credit_AOP_v1_CF9_N100_FE100000_run6_seed289906.mat"
"s09_biscop_confirmation","Role-Separated-Credit-AOP-v1","CF9","CF",100,100000,7,289907,100000,20.4764,0.08586155086997613,0.4330784013009991,1,"Role_Separated_Credit_AOP_v1_CF9_N100_FE100000_run7_seed289907.mat"
"s09_biscop_confirmation","Role-Separated-Credit-AOP-v1","CF9","CF",100,100000,8,289908,100000,34.3788,0.0866355499534668,0.4373952069308693,1,"Role_Separated_Credit_AOP_v1_CF9_N100_FE100000_run8_seed289908.mat"
"s09_biscop_confirmation","Role-Separated-Credit-AOP-v1","CF9","CF",100,100000,9,289909,100000,32.9556,0.08604657677163297,0.4469353605286726,1,"Role_Separated_Credit_AOP_v1_CF9_N100_FE100000_run9_seed289909.mat"
"s09_biscop_confirmation","Role-Separated-Credit-AOP-v1","DASCMOP1","DAS-CMOP",100,100000,10,291510,100000,9.2698,0.005605398327056375,0.2106347872683866,1,"Role_Separated_Credit_AOP_v1_DASCMOP1_N100_FE100000_run10_seed291510.mat"
"s09_biscop_confirmation","Role-Separated-Credit-AOP-v1","DASCMOP1","DAS-CMOP",100,100000,1,291501,100000,9.419,0.004822346078255038,0.2117066451745812,1,"Role_Separated_Credit_AOP_v1_DASCMOP1_N100_FE100000_run1_seed291501.mat"
"s09_biscop_confirmation","Role-Separated-Credit-AOP-v1","DASCMOP1","DAS-CMOP",100,100000,2,291502,100000,9.0556,0.005357303180200012,0.2112875210267476,1,"Role_Separated_Credit_AOP_v1_DASCMOP1_N100_FE100000_run2_seed291502.mat"
"s09_biscop_confirmation","Role-Separated-Credit-AOP-v1","DASCMOP1","DAS-CMOP",100,100000,3,291503,100000,9.1655,0.004485400373263962,0.2108848379640166,1,"Role_Separated_Credit_AOP_v1_DASCMOP1_N100_FE100000_run3_seed291503.mat"
"s09_biscop_confirmation","Role-Separated-Credit-AOP-v1","DASCMOP1","DAS-CMOP",100,100000,4,291504,100000,18.3291,0.005088090472892599,0.2111602649040173,1,"Role_Separated_Credit_AOP_v1_DASCMOP1_N100_FE100000_run4_seed291504.mat"
"s09_biscop_confirmation","Role-Separated-Credit-AOP-v1","DASCMOP1","DAS-CMOP",100,100000,5,291505,100000,8.9546,0.004304840680834434,0.2112421608296911,1,"Role_Separated_Credit_AOP_v1_DASCMOP1_N100_FE100000_run5_seed291505.mat"
"s09_biscop_confirmation","Role-Separated-Credit-AOP-v1","DASCMOP1","DAS-CMOP",100,100000,6,291506,100000,9.498,0.007114914212489088,0.211803420017929,1,"Role_Separated_Credit_AOP_v1_DASCMOP1_N100_FE100000_run6_seed291506.mat"
"s09_biscop_confirmation","Role-Separated-Credit-AOP-v1","DASCMOP1","DAS-CMOP",100,100000,7,291507,100000,9.2392,0.004792724457029912,0.20963322805027,1,"Role_Separated_Credit_AOP_v1_DASCMOP1_N100_FE100000_run7_seed291507.mat"
"s09_biscop_confirmation","Role-Separated-Credit-AOP-v1","DASCMOP1","DAS-CMOP",100,100000,8,291508,100000,9.4706,0.004620887230136949,0.210793825600203,1,"Role_Separated_Credit_AOP_v1_DASCMOP1_N100_FE100000_run8_seed291508.mat"
"s09_biscop_confirmation","Role-Separated-Credit-AOP-v1","DASCMOP1","DAS-CMOP",100,100000,9,291509,100000,9.2014,0.005483649426029398,0.2111293035356296,1,"Role_Separated_Credit_AOP_v1_DASCMOP1_N100_FE100000_run9_seed291509.mat"
"s09_biscop_confirmation","Role-Separated-Credit-AOP-v1","DASCMOP2","DAS-CMOP",100,100000,10,291610,100000,9.7828,0.005813242553534602,0.3541959221648515,1,"Role_Separated_Credit_AOP_v1_DASCMOP2_N100_FE100000_run10_seed291610.mat"
"s09_biscop_confirmation","Role-Separated-Credit-AOP-v1","DASCMOP2","DAS-CMOP",100,100000,1,291601,100000,8.7242,0.005082506054780376,0.3541182001596894,1,"Role_Separated_Credit_AOP_v1_DASCMOP2_N100_FE100000_run1_seed291601.mat"
"s09_biscop_confirmation","Role-Separated-Credit-AOP-v1","DASCMOP2","DAS-CMOP",100,100000,2,291602,100000,8.8481,0.005140816366198928,0.354627891047116,1,"Role_Separated_Credit_AOP_v1_DASCMOP2_N100_FE100000_run2_seed291602.mat"
"s09_biscop_confirmation","Role-Separated-Credit-AOP-v1","DASCMOP2","DAS-CMOP",100,100000,3,291603,100000,8.9133,0.005263256337079168,0.3542304040913767,1,"Role_Separated_Credit_AOP_v1_DASCMOP2_N100_FE100000_run3_seed291603.mat"
"s09_biscop_confirmation","Role-Separated-Credit-AOP-v1","DASCMOP2","DAS-CMOP",100,100000,4,291604,100000,10.4463,0.005535595801359418,0.3542709065816109,1,"Role_Separated_Credit_AOP_v1_DASCMOP2_N100_FE100000_run4_seed291604.mat"
"s09_biscop_confirmation","Role-Separated-Credit-AOP-v1","DASCMOP2","DAS-CMOP",100,100000,5,291605,100000,8.7286,0.005419050564564954,0.3542218567513469,1,"Role_Separated_Credit_AOP_v1_DASCMOP2_N100_FE100000_run5_seed291605.mat"
"s09_biscop_confirmation","Role-Separated-Credit-AOP-v1","DASCMOP2","DAS-CMOP",100,100000,6,291606,100000,10.4817,0.005689154752999174,0.3538608063767022,1,"Role_Separated_Credit_AOP_v1_DASCMOP2_N100_FE100000_run6_seed291606.mat"
"s09_biscop_confirmation","Role-Separated-Credit-AOP-v1","DASCMOP2","DAS-CMOP",100,100000,7,291607,100000,10.5359,0.005244533281083518,0.3542860754511979,1,"Role_Separated_Credit_AOP_v1_DASCMOP2_N100_FE100000_run7_seed291607.mat"
"s09_biscop_confirmation","Role-Separated-Credit-AOP-v1","DASCMOP2","DAS-CMOP",100,100000,8,291608,100000,8.7313,0.005388953408316153,0.3542742188020258,1,"Role_Separated_Credit_AOP_v1_DASCMOP2_N100_FE100000_run8_seed291608.mat"
"s09_biscop_confirmation","Role-Separated-Credit-AOP-v1","DASCMOP2","DAS-CMOP",100,100000,9,291609,100000,8.6747,0.005491505260519565,0.3542769178464436,1,"Role_Separated_Credit_AOP_v1_DASCMOP2_N100_FE100000_run9_seed291609.mat"
"s09_biscop_confirmation","Role-Separated-Credit-AOP-v1","DASCMOP3","DAS-CMOP",100,100000,10,291710,100000,8.4177,0.02105169561368216,0.3119789279645981,1,"Role_Separated_Credit_AOP_v1_DASCMOP3_N100_FE100000_run10_seed291710.mat"
"s09_biscop_confirmation","Role-Separated-Credit-AOP-v1","DASCMOP3","DAS-CMOP",100,100000,1,291701,100000,8.2861,0.02152484344180625,0.3100659995111954,1,"Role_Separated_Credit_AOP_v1_DASCMOP3_N100_FE100000_run1_seed291701.mat"
"s09_biscop_confirmation","Role-Separated-Credit-AOP-v1","DASCMOP3","DAS-CMOP",100,100000,2,291702,100000,9.5958,0.01993566343096811,0.3120694374483121,1,"Role_Separated_Credit_AOP_v1_DASCMOP3_N100_FE100000_run2_seed291702.mat"
"s09_biscop_confirmation","Role-Separated-Credit-AOP-v1","DASCMOP3","DAS-CMOP",100,100000,3,291703,100000,9.2035,0.02052015259391195,0.3113549371012065,1,"Role_Separated_Credit_AOP_v1_DASCMOP3_N100_FE100000_run3_seed291703.mat"
"s09_biscop_confirmation","Role-Separated-Credit-AOP-v1","DASCMOP3","DAS-CMOP",100,100000,4,291704,100000,8.2355,0.02018645212252197,0.3107395556089011,1,"Role_Separated_Credit_AOP_v1_DASCMOP3_N100_FE100000_run4_seed291704.mat"
"s09_biscop_confirmation","Role-Separated-Credit-AOP-v1","DASCMOP3","DAS-CMOP",100,100000,5,291705,100000,8.2786,0.02027625455624477,0.3114144241753042,1,"Role_Separated_Credit_AOP_v1_DASCMOP3_N100_FE100000_run5_seed291705.mat"
"s09_biscop_confirmation","Role-Separated-Credit-AOP-v1","DASCMOP3","DAS-CMOP",100,100000,6,291706,100000,9.7064,0.02086324997830811,0.3089155774148051,1,"Role_Separated_Credit_AOP_v1_DASCMOP3_N100_FE100000_run6_seed291706.mat"
"s09_biscop_confirmation","Role-Separated-Credit-AOP-v1","DASCMOP3","DAS-CMOP",100,100000,7,291707,100000,8.3329,0.02010096325463382,0.3119253039403705,1,"Role_Separated_Credit_AOP_v1_DASCMOP3_N100_FE100000_run7_seed291707.mat"
"s09_biscop_confirmation","Role-Separated-Credit-AOP-v1","DASCMOP3","DAS-CMOP",100,100000,8,291708,100000,10.4144,0.01982271422811766,0.311840995995926,1,"Role_Separated_Credit_AOP_v1_DASCMOP3_N100_FE100000_run8_seed291708.mat"
"s09_biscop_confirmation","Role-Separated-Credit-AOP-v1","DASCMOP3","DAS-CMOP",100,100000,9,291709,100000,9.9256,0.02075878458401301,0.3108611254990561,1,"Role_Separated_Credit_AOP_v1_DASCMOP3_N100_FE100000_run9_seed291709.mat"
"s09_biscop_confirmation","Role-Separated-Credit-AOP-v1","DASCMOP4","DAS-CMOP",100,100000,10,291810,100000,8.8333,0.001422696604158918,0.203190764595476,1,"Role_Separated_Credit_AOP_v1_DASCMOP4_N100_FE100000_run10_seed291810.mat"
"s09_biscop_confirmation","Role-Separated-Credit-AOP-v1","DASCMOP4","DAS-CMOP",100,100000,1,291801,100000,7.544,0.001846329892329887,0.2029824427006726,1,"Role_Separated_Credit_AOP_v1_DASCMOP4_N100_FE100000_run1_seed291801.mat"
"s09_biscop_confirmation","Role-Separated-Credit-AOP-v1","DASCMOP4","DAS-CMOP",100,100000,2,291802,100000,8.7655,0.001646485474803519,0.2038412863444719,1,"Role_Separated_Credit_AOP_v1_DASCMOP4_N100_FE100000_run2_seed291802.mat"
"s09_biscop_confirmation","Role-Separated-Credit-AOP-v1","DASCMOP4","DAS-CMOP",100,100000,3,291803,100000,7.7709,0.001602130463220334,0.2034803353622824,1,"Role_Separated_Credit_AOP_v1_DASCMOP4_N100_FE100000_run3_seed291803.mat"
"s09_biscop_confirmation","Role-Separated-Credit-AOP-v1","DASCMOP4","DAS-CMOP",100,100000,4,291804,100000,8.288,0.001390893157426453,0.2032670021931419,1,"Role_Separated_Credit_AOP_v1_DASCMOP4_N100_FE100000_run4_seed291804.mat"
"s09_biscop_confirmation","Role-Separated-Credit-AOP-v1","DASCMOP4","DAS-CMOP",100,100000,5,291805,100000,8.1749,0.002209134403354959,0.2039984497377236,1,"Role_Separated_Credit_AOP_v1_DASCMOP4_N100_FE100000_run5_seed291805.mat"
"s09_biscop_confirmation","Role-Separated-Credit-AOP-v1","DASCMOP4","DAS-CMOP",100,100000,6,291806,100000,7.8274,0.002065860621943731,0.2036190135174505,1,"Role_Separated_Credit_AOP_v1_DASCMOP4_N100_FE100000_run6_seed291806.mat"
"s09_biscop_confirmation","Role-Separated-Credit-AOP-v1","DASCMOP4","DAS-CMOP",100,100000,7,291807,100000,7.6796,0.001475419103444336,0.2034720157681475,1,"Role_Separated_Credit_AOP_v1_DASCMOP4_N100_FE100000_run7_seed291807.mat"
"s09_biscop_confirmation","Role-Separated-Credit-AOP-v1","DASCMOP4","DAS-CMOP",100,100000,8,291808,100000,9.2255,0.002001794734836918,0.2036856003606145,1,"Role_Separated_Credit_AOP_v1_DASCMOP4_N100_FE100000_run8_seed291808.mat"
"s09_biscop_confirmation","Role-Separated-Credit-AOP-v1","DASCMOP4","DAS-CMOP",100,100000,9,291809,100000,7.4368,0.001468772791450406,0.2035585623729931,1,"Role_Separated_Credit_AOP_v1_DASCMOP4_N100_FE100000_run9_seed291809.mat"
"s09_biscop_confirmation","Role-Separated-Credit-AOP-v1","DASCMOP5","DAS-CMOP",100,100000,10,291910,100000,8.9953,0.0027735526309475,0.3514149889319043,1,"Role_Separated_Credit_AOP_v1_DASCMOP5_N100_FE100000_run10_seed291910.mat"
"s09_biscop_confirmation","Role-Separated-Credit-AOP-v1","DASCMOP5","DAS-CMOP",100,100000,1,291901,100000,8.9129,0.002778141284993277,0.3511822580191816,1,"Role_Separated_Credit_AOP_v1_DASCMOP5_N100_FE100000_run1_seed291901.mat"
"s09_biscop_confirmation","Role-Separated-Credit-AOP-v1","DASCMOP5","DAS-CMOP",100,100000,2,291902,100000,7.5657,0.00289237358294111,0.3511579061281843,1,"Role_Separated_Credit_AOP_v1_DASCMOP5_N100_FE100000_run2_seed291902.mat"
"s09_biscop_confirmation","Role-Separated-Credit-AOP-v1","DASCMOP5","DAS-CMOP",100,100000,3,291903,100000,7.6052,0.003408548392837722,0.3505757515422371,1,"Role_Separated_Credit_AOP_v1_DASCMOP5_N100_FE100000_run3_seed291903.mat"
"s09_biscop_confirmation","Role-Separated-Credit-AOP-v1","DASCMOP5","DAS-CMOP",100,100000,4,291904,100000,8.0184,0.003470839323805732,0.350483131381884,1,"Role_Separated_Credit_AOP_v1_DASCMOP5_N100_FE100000_run4_seed291904.mat"
"s09_biscop_confirmation","Role-Separated-Credit-AOP-v1","DASCMOP5","DAS-CMOP",100,100000,5,291905,100000,7.6998,0.002744547184744927,0.3512094944820724,1,"Role_Separated_Credit_AOP_v1_DASCMOP5_N100_FE100000_run5_seed291905.mat"
"s09_biscop_confirmation","Role-Separated-Credit-AOP-v1","DASCMOP5","DAS-CMOP",100,100000,6,291906,100000,8.3313,0.002950693077470626,0.3511290116503197,1,"Role_Separated_Credit_AOP_v1_DASCMOP5_N100_FE100000_run6_seed291906.mat"
"s09_biscop_confirmation","Role-Separated-Credit-AOP-v1","DASCMOP5","DAS-CMOP",100,100000,7,291907,100000,8.3395,0.003015974578470727,0.3509305230673918,1,"Role_Separated_Credit_AOP_v1_DASCMOP5_N100_FE100000_run7_seed291907.mat"
"s09_biscop_confirmation","Role-Separated-Credit-AOP-v1","DASCMOP5","DAS-CMOP",100,100000,8,291908,100000,7.6191,0.003264943299653812,0.3512174535007292,1,"Role_Separated_Credit_AOP_v1_DASCMOP5_N100_FE100000_run8_seed291908.mat"
"s09_biscop_confirmation","Role-Separated-Credit-AOP-v1","DASCMOP5","DAS-CMOP",100,100000,9,291909,100000,7.671,0.002949696122950857,0.3509096442353994,1,"Role_Separated_Credit_AOP_v1_DASCMOP5_N100_FE100000_run9_seed291909.mat"
"s09_biscop_confirmation","Role-Separated-Credit-AOP-v1","DASCMOP6","DAS-CMOP",100,100000,10,292010,100000,7.4371,0.01934273613180587,0.3119894509383341,1,"Role_Separated_Credit_AOP_v1_DASCMOP6_N100_FE100000_run10_seed292010.mat"
"s09_biscop_confirmation","Role-Separated-Credit-AOP-v1","DASCMOP6","DAS-CMOP",100,100000,1,292001,100000,7.369,0.0200298605581391,0.3115898793375902,1,"Role_Separated_Credit_AOP_v1_DASCMOP6_N100_FE100000_run1_seed292001.mat"
"s09_biscop_confirmation","Role-Separated-Credit-AOP-v1","DASCMOP6","DAS-CMOP",100,100000,2,292002,100000,8.2145,0.02005254587789911,0.3121469465936858,1,"Role_Separated_Credit_AOP_v1_DASCMOP6_N100_FE100000_run2_seed292002.mat"
"s09_biscop_confirmation","Role-Separated-Credit-AOP-v1","DASCMOP6","DAS-CMOP",100,100000,3,292003,100000,8.197,0.02024220199688707,0.3116377036989331,1,"Role_Separated_Credit_AOP_v1_DASCMOP6_N100_FE100000_run3_seed292003.mat"
"s09_biscop_confirmation","Role-Separated-Credit-AOP-v1","DASCMOP6","DAS-CMOP",100,100000,4,292004,100000,7.3602,0.01981670045621993,0.3122117880726386,1,"Role_Separated_Credit_AOP_v1_DASCMOP6_N100_FE100000_run4_seed292004.mat"
"s09_biscop_confirmation","Role-Separated-Credit-AOP-v1","DASCMOP6","DAS-CMOP",100,100000,5,292005,100000,7.572,0.01981642974813418,0.3124050414966042,1,"Role_Separated_Credit_AOP_v1_DASCMOP6_N100_FE100000_run5_seed292005.mat"
"s09_biscop_confirmation","Role-Separated-Credit-AOP-v1","DASCMOP6","DAS-CMOP",100,100000,6,292006,100000,8.002,0.01993654190975746,0.3122214052527061,1,"Role_Separated_Credit_AOP_v1_DASCMOP6_N100_FE100000_run6_seed292006.mat"
"s09_biscop_confirmation","Role-Separated-Credit-AOP-v1","DASCMOP6","DAS-CMOP",100,100000,7,292007,100000,7.3498,0.02018564201447827,0.3116161503171572,1,"Role_Separated_Credit_AOP_v1_DASCMOP6_N100_FE100000_run7_seed292007.mat"
"s09_biscop_confirmation","Role-Separated-Credit-AOP-v1","DASCMOP6","DAS-CMOP",100,100000,8,292008,100000,8.1503,0.01990871598481968,0.3117537611935565,1,"Role_Separated_Credit_AOP_v1_DASCMOP6_N100_FE100000_run8_seed292008.mat"
"s09_biscop_confirmation","Role-Separated-Credit-AOP-v1","DASCMOP6","DAS-CMOP",100,100000,9,292009,100000,7.9995,0.02059648487795366,0.3119987430618237,1,"Role_Separated_Credit_AOP_v1_DASCMOP6_N100_FE100000_run9_seed292009.mat"
"s09_biscop_confirmation","Role-Separated-Credit-AOP-v1","DASCMOP7","DAS-CMOP",100,100000,10,292110,100000,11.4517,0.03009461241710955,0.2872049980888187,1,"Role_Separated_Credit_AOP_v1_DASCMOP7_N100_FE100000_run10_seed292110.mat"
"s09_biscop_confirmation","Role-Separated-Credit-AOP-v1","DASCMOP7","DAS-CMOP",100,100000,1,292101,100000,10.5201,0.03006659801435559,0.2855219605900241,1,"Role_Separated_Credit_AOP_v1_DASCMOP7_N100_FE100000_run1_seed292101.mat"
"s09_biscop_confirmation","Role-Separated-Credit-AOP-v1","DASCMOP7","DAS-CMOP",100,100000,2,292102,100000,14.0211,0.03074436669914595,0.2881274736962007,1,"Role_Separated_Credit_AOP_v1_DASCMOP7_N100_FE100000_run2_seed292102.mat"
"s09_biscop_confirmation","Role-Separated-Credit-AOP-v1","DASCMOP7","DAS-CMOP",100,100000,3,292103,100000,11.0924,0.03044019287430033,0.2875338948072236,1,"Role_Separated_Credit_AOP_v1_DASCMOP7_N100_FE100000_run3_seed292103.mat"
"s09_biscop_confirmation","Role-Separated-Credit-AOP-v1","DASCMOP7","DAS-CMOP",100,100000,4,292104,100000,10.2327,0.02926287008112247,0.2875900428234268,1,"Role_Separated_Credit_AOP_v1_DASCMOP7_N100_FE100000_run4_seed292104.mat"
"s09_biscop_confirmation","Role-Separated-Credit-AOP-v1","DASCMOP7","DAS-CMOP",100,100000,5,292105,100000,12.0144,0.0300746716630536,0.287524625822237,1,"Role_Separated_Credit_AOP_v1_DASCMOP7_N100_FE100000_run5_seed292105.mat"
"s09_biscop_confirmation","Role-Separated-Credit-AOP-v1","DASCMOP7","DAS-CMOP",100,100000,6,292106,100000,11.5609,0.02940690689724778,0.287888596315149,1,"Role_Separated_Credit_AOP_v1_DASCMOP7_N100_FE100000_run6_seed292106.mat"
"s09_biscop_confirmation","Role-Separated-Credit-AOP-v1","DASCMOP7","DAS-CMOP",100,100000,7,292107,100000,10.6962,0.03109601565924468,0.288218847337333,1,"Role_Separated_Credit_AOP_v1_DASCMOP7_N100_FE100000_run7_seed292107.mat"
"s09_biscop_confirmation","Role-Separated-Credit-AOP-v1","DASCMOP7","DAS-CMOP",100,100000,8,292108,100000,11.4492,0.03068214964061785,0.2874378365510428,1,"Role_Separated_Credit_AOP_v1_DASCMOP7_N100_FE100000_run8_seed292108.mat"
"s09_biscop_confirmation","Role-Separated-Credit-AOP-v1","DASCMOP7","DAS-CMOP",100,100000,9,292109,100000,12.2353,0.05261079526321612,0.278114209800087,1,"Role_Separated_Credit_AOP_v1_DASCMOP7_N100_FE100000_run9_seed292109.mat"
"s09_biscop_confirmation","Role-Separated-Credit-AOP-v1","DASCMOP8","DAS-CMOP",100,100000,10,292210,100000,10.8533,0.039430137039771,0.2062886011207338,1,"Role_Separated_Credit_AOP_v1_DASCMOP8_N100_FE100000_run10_seed292210.mat"
"s09_biscop_confirmation","Role-Separated-Credit-AOP-v1","DASCMOP8","DAS-CMOP",100,100000,1,292201,100000,11.5108,0.03834542468478693,0.2065211332855221,1,"Role_Separated_Credit_AOP_v1_DASCMOP8_N100_FE100000_run1_seed292201.mat"
"s09_biscop_confirmation","Role-Separated-Credit-AOP-v1","DASCMOP8","DAS-CMOP",100,100000,2,292202,100000,10.1671,0.03926154168503326,0.2070513121244994,1,"Role_Separated_Credit_AOP_v1_DASCMOP8_N100_FE100000_run2_seed292202.mat"
"s09_biscop_confirmation","Role-Separated-Credit-AOP-v1","DASCMOP8","DAS-CMOP",100,100000,3,292203,100000,10.8046,0.03858791915164184,0.2065153434551394,1,"Role_Separated_Credit_AOP_v1_DASCMOP8_N100_FE100000_run3_seed292203.mat"
"s09_biscop_confirmation","Role-Separated-Credit-AOP-v1","DASCMOP8","DAS-CMOP",100,100000,4,292204,100000,12.256,0.04003068101179194,0.2074271192801498,1,"Role_Separated_Credit_AOP_v1_DASCMOP8_N100_FE100000_run4_seed292204.mat"
"s09_biscop_confirmation","Role-Separated-Credit-AOP-v1","DASCMOP8","DAS-CMOP",100,100000,5,292205,100000,10.1947,0.0397014565993836,0.2064693149507293,1,"Role_Separated_Credit_AOP_v1_DASCMOP8_N100_FE100000_run5_seed292205.mat"
"s09_biscop_confirmation","Role-Separated-Credit-AOP-v1","DASCMOP8","DAS-CMOP",100,100000,6,292206,100000,12.4109,0.04171306191391322,0.206743200158269,1,"Role_Separated_Credit_AOP_v1_DASCMOP8_N100_FE100000_run6_seed292206.mat"
"s09_biscop_confirmation","Role-Separated-Credit-AOP-v1","DASCMOP8","DAS-CMOP",100,100000,7,292207,100000,11.0427,0.0383608326754719,0.2063141378149095,1,"Role_Separated_Credit_AOP_v1_DASCMOP8_N100_FE100000_run7_seed292207.mat"
"s09_biscop_confirmation","Role-Separated-Credit-AOP-v1","DASCMOP8","DAS-CMOP",100,100000,8,292208,100000,9.7296,0.03795016974506873,0.2069458895393312,1,"Role_Separated_Credit_AOP_v1_DASCMOP8_N100_FE100000_run8_seed292208.mat"
"s09_biscop_confirmation","Role-Separated-Credit-AOP-v1","DASCMOP8","DAS-CMOP",100,100000,9,292209,100000,11.2626,0.03859337128319031,0.2070063618819242,1,"Role_Separated_Credit_AOP_v1_DASCMOP8_N100_FE100000_run9_seed292209.mat"
"s09_biscop_confirmation","Role-Separated-Credit-AOP-v1","DASCMOP9","DAS-CMOP",100,100000,10,292310,100000,10.3151,0.04106500969192477,0.2060112664738694,1,"Role_Separated_Credit_AOP_v1_DASCMOP9_N100_FE100000_run10_seed292310.mat"
"s09_biscop_confirmation","Role-Separated-Credit-AOP-v1","DASCMOP9","DAS-CMOP",100,100000,1,292301,100000,10.2742,0.04121594333741074,0.2058535343247782,1,"Role_Separated_Credit_AOP_v1_DASCMOP9_N100_FE100000_run1_seed292301.mat"
"s09_biscop_confirmation","Role-Separated-Credit-AOP-v1","DASCMOP9","DAS-CMOP",100,100000,2,292302,100000,10.8764,0.04177974281820416,0.2053411689114001,1,"Role_Separated_Credit_AOP_v1_DASCMOP9_N100_FE100000_run2_seed292302.mat"
"s09_biscop_confirmation","Role-Separated-Credit-AOP-v1","DASCMOP9","DAS-CMOP",100,100000,3,292303,100000,10.7415,0.04249663071529656,0.2056642599813288,1,"Role_Separated_Credit_AOP_v1_DASCMOP9_N100_FE100000_run3_seed292303.mat"
"s09_biscop_confirmation","Role-Separated-Credit-AOP-v1","DASCMOP9","DAS-CMOP",100,100000,4,292304,100000,10.2955,0.04243682373621154,0.2064437268270718,1,"Role_Separated_Credit_AOP_v1_DASCMOP9_N100_FE100000_run4_seed292304.mat"
"s09_biscop_confirmation","Role-Separated-Credit-AOP-v1","DASCMOP9","DAS-CMOP",100,100000,5,292305,100000,10.2973,0.0431804544032246,0.2056294482718549,1,"Role_Separated_Credit_AOP_v1_DASCMOP9_N100_FE100000_run5_seed292305.mat"
"s09_biscop_confirmation","Role-Separated-Credit-AOP-v1","DASCMOP9","DAS-CMOP",100,100000,6,292306,100000,10.925,0.04069612951136444,0.2059691799428773,1,"Role_Separated_Credit_AOP_v1_DASCMOP9_N100_FE100000_run6_seed292306.mat"
"s09_biscop_confirmation","Role-Separated-Credit-AOP-v1","DASCMOP9","DAS-CMOP",100,100000,7,292307,100000,10.1933,0.03996119331546692,0.2062186880692367,1,"Role_Separated_Credit_AOP_v1_DASCMOP9_N100_FE100000_run7_seed292307.mat"
"s09_biscop_confirmation","Role-Separated-Credit-AOP-v1","DASCMOP9","DAS-CMOP",100,100000,8,292308,100000,10.8143,0.04002674518683801,0.2055055596260259,1,"Role_Separated_Credit_AOP_v1_DASCMOP9_N100_FE100000_run8_seed292308.mat"
"s09_biscop_confirmation","Role-Separated-Credit-AOP-v1","DASCMOP9","DAS-CMOP",100,100000,9,292309,100000,10.566,0.04060733025501997,0.2044206669368358,1,"Role_Separated_Credit_AOP_v1_DASCMOP9_N100_FE100000_run9_seed292309.mat"
"s09_biscop_confirmation","Role-Separated-Credit-AOP-v1","LIRCMOP10","LIR-CMOP",100,100000,10,291010,100000,34.364,0.1192414608392662,0.659308658339393,1,"Role_Separated_Credit_AOP_v1_LIRCMOP10_N100_FE100000_run10_seed291010.mat"
"s09_biscop_confirmation","Role-Separated-Credit-AOP-v1","LIRCMOP10","LIR-CMOP",100,100000,1,291001,100000,32.8954,0.04960752482121031,0.6809887586208625,1,"Role_Separated_Credit_AOP_v1_LIRCMOP10_N100_FE100000_run1_seed291001.mat"
"s09_biscop_confirmation","Role-Separated-Credit-AOP-v1","LIRCMOP10","LIR-CMOP",100,100000,2,291002,100000,19.2181,0.03414315351546124,0.6881261894163804,1,"Role_Separated_Credit_AOP_v1_LIRCMOP10_N100_FE100000_run2_seed291002.mat"
"s09_biscop_confirmation","Role-Separated-Credit-AOP-v1","LIRCMOP10","LIR-CMOP",100,100000,3,291003,100000,19.9951,0.1114717150335836,0.665099153159847,1,"Role_Separated_Credit_AOP_v1_LIRCMOP10_N100_FE100000_run3_seed291003.mat"
"s09_biscop_confirmation","Role-Separated-Credit-AOP-v1","LIRCMOP10","LIR-CMOP",100,100000,4,291004,100000,31.9992,0.04244836118048837,0.6836461860462368,1,"Role_Separated_Credit_AOP_v1_LIRCMOP10_N100_FE100000_run4_seed291004.mat"
"s09_biscop_confirmation","Role-Separated-Credit-AOP-v1","LIRCMOP10","LIR-CMOP",100,100000,5,291005,100000,17.4689,0.0207889243748495,0.6975678361190885,1,"Role_Separated_Credit_AOP_v1_LIRCMOP10_N100_FE100000_run5_seed291005.mat"
"s09_biscop_confirmation","Role-Separated-Credit-AOP-v1","LIRCMOP10","LIR-CMOP",100,100000,6,291006,100000,32.5698,0.04288138178667682,0.681368792861632,1,"Role_Separated_Credit_AOP_v1_LIRCMOP10_N100_FE100000_run6_seed291006.mat"
"s09_biscop_confirmation","Role-Separated-Credit-AOP-v1","LIRCMOP10","LIR-CMOP",100,100000,7,291007,100000,32.6107,0.1038235173976397,0.6689813939877982,1,"Role_Separated_Credit_AOP_v1_LIRCMOP10_N100_FE100000_run7_seed291007.mat"
"s09_biscop_confirmation","Role-Separated-Credit-AOP-v1","LIRCMOP10","LIR-CMOP",100,100000,8,291008,100000,18.164,0.02551609926549914,0.6944167375519136,1,"Role_Separated_Credit_AOP_v1_LIRCMOP10_N100_FE100000_run8_seed291008.mat"
"s09_biscop_confirmation","Role-Separated-Credit-AOP-v1","LIRCMOP10","LIR-CMOP",100,100000,9,291009,100000,19.418,0.1054140536470912,0.6683484060420823,1,"Role_Separated_Credit_AOP_v1_LIRCMOP10_N100_FE100000_run9_seed291009.mat"
"s09_biscop_confirmation","Role-Separated-Credit-AOP-v1","LIRCMOP11","LIR-CMOP",100,100000,10,291110,100000,16.5143,0.02649038253344357,0.6761864865943501,1,"Role_Separated_Credit_AOP_v1_LIRCMOP11_N100_FE100000_run10_seed291110.mat"
"s09_biscop_confirmation","Role-Separated-Credit-AOP-v1","LIRCMOP11","LIR-CMOP",100,100000,1,291101,100000,17.3542,0.07347880027870386,0.6596883380265935,1,"Role_Separated_Credit_AOP_v1_LIRCMOP11_N100_FE100000_run1_seed291101.mat"
"s09_biscop_confirmation","Role-Separated-Credit-AOP-v1","LIRCMOP11","LIR-CMOP",100,100000,2,291102,100000,28.9089,0.0278846146856269,0.6780463440133321,1,"Role_Separated_Credit_AOP_v1_LIRCMOP11_N100_FE100000_run2_seed291102.mat"
"s09_biscop_confirmation","Role-Separated-Credit-AOP-v1","LIRCMOP11","LIR-CMOP",100,100000,3,291103,100000,26.8992,0.006830515102696348,0.6909095783741804,1,"Role_Separated_Credit_AOP_v1_LIRCMOP11_N100_FE100000_run3_seed291103.mat"
"s09_biscop_confirmation","Role-Separated-Credit-AOP-v1","LIRCMOP11","LIR-CMOP",100,100000,4,291104,100000,16.1244,0.01167738153816483,0.6873734710018318,1,"Role_Separated_Credit_AOP_v1_LIRCMOP11_N100_FE100000_run4_seed291104.mat"
"s09_biscop_confirmation","Role-Separated-Credit-AOP-v1","LIRCMOP11","LIR-CMOP",100,100000,5,291105,100000,17.914,0.03036659369249322,0.6735333015516024,1,"Role_Separated_Credit_AOP_v1_LIRCMOP11_N100_FE100000_run5_seed291105.mat"
"s09_biscop_confirmation","Role-Separated-Credit-AOP-v1","LIRCMOP11","LIR-CMOP",100,100000,6,291106,100000,29.1593,0.0214733253537038,0.6788051049711065,1,"Role_Separated_Credit_AOP_v1_LIRCMOP11_N100_FE100000_run6_seed291106.mat"
"s09_biscop_confirmation","Role-Separated-Credit-AOP-v1","LIRCMOP11","LIR-CMOP",100,100000,7,291107,100000,16.7013,0.02263246518894556,0.6782349564840676,1,"Role_Separated_Credit_AOP_v1_LIRCMOP11_N100_FE100000_run7_seed291107.mat"
"s09_biscop_confirmation","Role-Separated-Credit-AOP-v1","LIRCMOP11","LIR-CMOP",100,100000,8,291108,100000,29.5244,0.02555421079497698,0.6775209834876048,1,"Role_Separated_Credit_AOP_v1_LIRCMOP11_N100_FE100000_run8_seed291108.mat"
"s09_biscop_confirmation","Role-Separated-Credit-AOP-v1","LIRCMOP11","LIR-CMOP",100,100000,9,291109,100000,28.0346,0.02887294533297866,0.6744984514769988,1,"Role_Separated_Credit_AOP_v1_LIRCMOP11_N100_FE100000_run9_seed291109.mat"
"s09_biscop_confirmation","Role-Separated-Credit-AOP-v1","LIRCMOP12","LIR-CMOP",100,100000,10,291210,100000,18.4478,0.1445807270913394,0.5469744633977067,1,"Role_Separated_Credit_AOP_v1_LIRCMOP12_N100_FE100000_run10_seed291210.mat"
"s09_biscop_confirmation","Role-Separated-Credit-AOP-v1","LIRCMOP12","LIR-CMOP",100,100000,1,291201,100000,9.781,0.09075784391229874,0.5823152129576021,1,"Role_Separated_Credit_AOP_v1_LIRCMOP12_N100_FE100000_run1_seed291201.mat"
"s09_biscop_confirmation","Role-Separated-Credit-AOP-v1","LIRCMOP12","LIR-CMOP",100,100000,2,291202,100000,19.1561,0.03404381395983217,0.6062104448665218,1,"Role_Separated_Credit_AOP_v1_LIRCMOP12_N100_FE100000_run2_seed291202.mat"
"s09_biscop_confirmation","Role-Separated-Credit-AOP-v1","LIRCMOP12","LIR-CMOP",100,100000,3,291203,100000,9.3854,0.0171056491386073,0.6142997895883896,1,"Role_Separated_Credit_AOP_v1_LIRCMOP12_N100_FE100000_run3_seed291203.mat"
"s09_biscop_confirmation","Role-Separated-Credit-AOP-v1","LIRCMOP12","LIR-CMOP",100,100000,4,291204,100000,19.4564,0.07567035843889397,0.5916488638448648,1,"Role_Separated_Credit_AOP_v1_LIRCMOP12_N100_FE100000_run4_seed291204.mat"
"s09_biscop_confirmation","Role-Separated-Credit-AOP-v1","LIRCMOP12","LIR-CMOP",100,100000,5,291205,100000,18.9024,0.1294448399106603,0.5641421078512284,1,"Role_Separated_Credit_AOP_v1_LIRCMOP12_N100_FE100000_run5_seed291205.mat"
"s09_biscop_confirmation","Role-Separated-Credit-AOP-v1","LIRCMOP12","LIR-CMOP",100,100000,6,291206,100000,9.8535,0.09388469275198487,0.5804061873553008,1,"Role_Separated_Credit_AOP_v1_LIRCMOP12_N100_FE100000_run6_seed291206.mat"
"s09_biscop_confirmation","Role-Separated-Credit-AOP-v1","LIRCMOP12","LIR-CMOP",100,100000,7,291207,100000,9.2861,0.09883275181095678,0.5748638388412629,1,"Role_Separated_Credit_AOP_v1_LIRCMOP12_N100_FE100000_run7_seed291207.mat"
"s09_biscop_confirmation","Role-Separated-Credit-AOP-v1","LIRCMOP12","LIR-CMOP",100,100000,8,291208,100000,18.1871,0.102589682937905,0.5765816966977637,1,"Role_Separated_Credit_AOP_v1_LIRCMOP12_N100_FE100000_run8_seed291208.mat"
"s09_biscop_confirmation","Role-Separated-Credit-AOP-v1","LIRCMOP12","LIR-CMOP",100,100000,9,291209,100000,9.9025,0.1020472049287218,0.5736229773141315,1,"Role_Separated_Credit_AOP_v1_LIRCMOP12_N100_FE100000_run9_seed291209.mat"
"s09_biscop_confirmation","Role-Separated-Credit-AOP-v1","LIRCMOP13","LIR-CMOP",100,100000,10,291310,100000,62.1177,0.09800209918963912,0.5438238863209266,1,"Role_Separated_Credit_AOP_v1_LIRCMOP13_N100_FE100000_run10_seed291310.mat"
"s09_biscop_confirmation","Role-Separated-Credit-AOP-v1","LIRCMOP13","LIR-CMOP",100,100000,1,291301,100000,70.9921,0.09777392752423397,0.5417190041796621,1,"Role_Separated_Credit_AOP_v1_LIRCMOP13_N100_FE100000_run1_seed291301.mat"
"s09_biscop_confirmation","Role-Separated-Credit-AOP-v1","LIRCMOP13","LIR-CMOP",100,100000,2,291302,100000,46.6329,0.09872845795408286,0.5405678915689159,1,"Role_Separated_Credit_AOP_v1_LIRCMOP13_N100_FE100000_run2_seed291302.mat"
"s09_biscop_confirmation","Role-Separated-Credit-AOP-v1","LIRCMOP13","LIR-CMOP",100,100000,3,291303,100000,45.7314,0.09904653866001323,0.5361859010435432,1,"Role_Separated_Credit_AOP_v1_LIRCMOP13_N100_FE100000_run3_seed291303.mat"
"s09_biscop_confirmation","Role-Separated-Credit-AOP-v1","LIRCMOP13","LIR-CMOP",100,100000,4,291304,100000,72.076,0.09837844055589834,0.5405695152445227,1,"Role_Separated_Credit_AOP_v1_LIRCMOP13_N100_FE100000_run4_seed291304.mat"
"s09_biscop_confirmation","Role-Separated-Credit-AOP-v1","LIRCMOP13","LIR-CMOP",100,100000,5,291305,100000,46.5383,0.09676065951680259,0.5443259169489929,1,"Role_Separated_Credit_AOP_v1_LIRCMOP13_N100_FE100000_run5_seed291305.mat"
"s09_biscop_confirmation","Role-Separated-Credit-AOP-v1","LIRCMOP13","LIR-CMOP",100,100000,6,291306,100000,70.3784,0.1002829164475548,0.5393649747561589,1,"Role_Separated_Credit_AOP_v1_LIRCMOP13_N100_FE100000_run6_seed291306.mat"
"s09_biscop_confirmation","Role-Separated-Credit-AOP-v1","LIRCMOP13","LIR-CMOP",100,100000,7,291307,100000,71.3968,0.0975652527614278,0.5424453622599605,1,"Role_Separated_Credit_AOP_v1_LIRCMOP13_N100_FE100000_run7_seed291307.mat"
"s09_biscop_confirmation","Role-Separated-Credit-AOP-v1","LIRCMOP13","LIR-CMOP",100,100000,8,291308,100000,46.422,0.09812566325793115,0.5437544036708859,1,"Role_Separated_Credit_AOP_v1_LIRCMOP13_N100_FE100000_run8_seed291308.mat"
"s09_biscop_confirmation","Role-Separated-Credit-AOP-v1","LIRCMOP13","LIR-CMOP",100,100000,9,291309,100000,46.5363,0.09870195168871798,0.540834114153705,1,"Role_Separated_Credit_AOP_v1_LIRCMOP13_N100_FE100000_run9_seed291309.mat"
"s09_biscop_confirmation","Role-Separated-Credit-AOP-v1","LIRCMOP14","LIR-CMOP",100,100000,10,291410,100000,33.8753,0.09763655035711674,0.5491215699428027,1,"Role_Separated_Credit_AOP_v1_LIRCMOP14_N100_FE100000_run10_seed291410.mat"
"s09_biscop_confirmation","Role-Separated-Credit-AOP-v1","LIRCMOP14","LIR-CMOP",100,100000,1,291401,100000,34.0498,0.09992515524557807,0.5479899520989995,1,"Role_Separated_Credit_AOP_v1_LIRCMOP14_N100_FE100000_run1_seed291401.mat"
"s09_biscop_confirmation","Role-Separated-Credit-AOP-v1","LIRCMOP14","LIR-CMOP",100,100000,2,291402,100000,51.5988,0.100099450557782,0.5496989423326889,1,"Role_Separated_Credit_AOP_v1_LIRCMOP14_N100_FE100000_run2_seed291402.mat"
"s09_biscop_confirmation","Role-Separated-Credit-AOP-v1","LIRCMOP14","LIR-CMOP",100,100000,3,291403,100000,36.8215,0.09710739112573115,0.5485870206597694,1,"Role_Separated_Credit_AOP_v1_LIRCMOP14_N100_FE100000_run3_seed291403.mat"
"s09_biscop_confirmation","Role-Separated-Credit-AOP-v1","LIRCMOP14","LIR-CMOP",100,100000,4,291404,100000,34.2417,0.09789598914537501,0.5527737942402731,1,"Role_Separated_Credit_AOP_v1_LIRCMOP14_N100_FE100000_run4_seed291404.mat"
"s09_biscop_confirmation","Role-Separated-Credit-AOP-v1","LIRCMOP14","LIR-CMOP",100,100000,5,291405,100000,34.3953,0.09732456904995924,0.5493194430426909,1,"Role_Separated_Credit_AOP_v1_LIRCMOP14_N100_FE100000_run5_seed291405.mat"
"s09_biscop_confirmation","Role-Separated-Credit-AOP-v1","LIRCMOP14","LIR-CMOP",100,100000,6,291406,100000,48.6782,0.09801374512375415,0.5493353300634759,1,"Role_Separated_Credit_AOP_v1_LIRCMOP14_N100_FE100000_run6_seed291406.mat"
"s09_biscop_confirmation","Role-Separated-Credit-AOP-v1","LIRCMOP14","LIR-CMOP",100,100000,7,291407,100000,33.7848,0.0983706116831123,0.5492879213091192,1,"Role_Separated_Credit_AOP_v1_LIRCMOP14_N100_FE100000_run7_seed291407.mat"
"s09_biscop_confirmation","Role-Separated-Credit-AOP-v1","LIRCMOP14","LIR-CMOP",100,100000,8,291408,100000,49.3648,0.09659880010427968,0.5474308231031935,1,"Role_Separated_Credit_AOP_v1_LIRCMOP14_N100_FE100000_run8_seed291408.mat"
"s09_biscop_confirmation","Role-Separated-Credit-AOP-v1","LIRCMOP14","LIR-CMOP",100,100000,9,291409,100000,47.7178,0.09758014842528846,0.5505983858609125,1,"Role_Separated_Credit_AOP_v1_LIRCMOP14_N100_FE100000_run9_seed291409.mat"
"s09_biscop_confirmation","Role-Separated-Credit-AOP-v1","LIRCMOP1","LIR-CMOP",100,100000,10,290110,100000,16.8447,0.1772471161228458,0.1729971835717503,1,"Role_Separated_Credit_AOP_v1_LIRCMOP1_N100_FE100000_run10_seed290110.mat"
"s09_biscop_confirmation","Role-Separated-Credit-AOP-v1","LIRCMOP1","LIR-CMOP",100,100000,1,290101,100000,17.7187,0.2668047522833157,0.1198603747295148,1,"Role_Separated_Credit_AOP_v1_LIRCMOP1_N100_FE100000_run1_seed290101.mat"
"s09_biscop_confirmation","Role-Separated-Credit-AOP-v1","LIRCMOP1","LIR-CMOP",100,100000,2,290102,100000,8.8344,0.1984364555184006,0.1440144039808165,1,"Role_Separated_Credit_AOP_v1_LIRCMOP1_N100_FE100000_run2_seed290102.mat"
"s09_biscop_confirmation","Role-Separated-Credit-AOP-v1","LIRCMOP1","LIR-CMOP",100,100000,3,290103,100000,8.8662,0.2966001433392634,0.1152007877184519,1,"Role_Separated_Credit_AOP_v1_LIRCMOP1_N100_FE100000_run3_seed290103.mat"
"s09_biscop_confirmation","Role-Separated-Credit-AOP-v1","LIRCMOP1","LIR-CMOP",100,100000,4,290104,100000,17.095,0.1306871151506105,0.1797428315242185,1,"Role_Separated_Credit_AOP_v1_LIRCMOP1_N100_FE100000_run4_seed290104.mat"
"s09_biscop_confirmation","Role-Separated-Credit-AOP-v1","LIRCMOP1","LIR-CMOP",100,100000,5,290105,100000,8.7355,0.2671691673966181,0.1190106202503535,1,"Role_Separated_Credit_AOP_v1_LIRCMOP1_N100_FE100000_run5_seed290105.mat"
"s09_biscop_confirmation","Role-Separated-Credit-AOP-v1","LIRCMOP1","LIR-CMOP",100,100000,6,290106,100000,17.2916,0.2277647900136801,0.1322755752986399,1,"Role_Separated_Credit_AOP_v1_LIRCMOP1_N100_FE100000_run6_seed290106.mat"
"s09_biscop_confirmation","Role-Separated-Credit-AOP-v1","LIRCMOP1","LIR-CMOP",100,100000,7,290107,100000,17.1783,0.2815190228747936,0.1115622632449371,1,"Role_Separated_Credit_AOP_v1_LIRCMOP1_N100_FE100000_run7_seed290107.mat"
"s09_biscop_confirmation","Role-Separated-Credit-AOP-v1","LIRCMOP1","LIR-CMOP",100,100000,8,290108,100000,8.6587,0.1684855604900019,0.1626237246686646,1,"Role_Separated_Credit_AOP_v1_LIRCMOP1_N100_FE100000_run8_seed290108.mat"
"s09_biscop_confirmation","Role-Separated-Credit-AOP-v1","LIRCMOP1","LIR-CMOP",100,100000,9,290109,100000,8.7133,0.2843264141772617,0.1146508109962772,1,"Role_Separated_Credit_AOP_v1_LIRCMOP1_N100_FE100000_run9_seed290109.mat"
"s09_biscop_confirmation","Role-Separated-Credit-AOP-v1","LIRCMOP2","LIR-CMOP",100,100000,10,290210,100000,10.5379,0.1285633625310882,0.276261990513634,1,"Role_Separated_Credit_AOP_v1_LIRCMOP2_N100_FE100000_run10_seed290210.mat"
"s09_biscop_confirmation","Role-Separated-Credit-AOP-v1","LIRCMOP2","LIR-CMOP",100,100000,1,290201,100000,10.5564,0.1234105020518124,0.2765060883621019,1,"Role_Separated_Credit_AOP_v1_LIRCMOP2_N100_FE100000_run1_seed290201.mat"
"s09_biscop_confirmation","Role-Separated-Credit-AOP-v1","LIRCMOP2","LIR-CMOP",100,100000,2,290202,100000,20.9873,0.1805354276745597,0.252985594932563,1,"Role_Separated_Credit_AOP_v1_LIRCMOP2_N100_FE100000_run2_seed290202.mat"
"s09_biscop_confirmation","Role-Separated-Credit-AOP-v1","LIRCMOP2","LIR-CMOP",100,100000,3,290203,100000,20.0079,0.1788447661001067,0.2684767229059166,1,"Role_Separated_Credit_AOP_v1_LIRCMOP2_N100_FE100000_run3_seed290203.mat"
"s09_biscop_confirmation","Role-Separated-Credit-AOP-v1","LIRCMOP2","LIR-CMOP",100,100000,4,290204,100000,10.6886,0.101055821856338,0.2926388663240637,1,"Role_Separated_Credit_AOP_v1_LIRCMOP2_N100_FE100000_run4_seed290204.mat"
"s09_biscop_confirmation","Role-Separated-Credit-AOP-v1","LIRCMOP2","LIR-CMOP",100,100000,5,290205,100000,10.6595,0.1402830118500762,0.2992061296885303,1,"Role_Separated_Credit_AOP_v1_LIRCMOP2_N100_FE100000_run5_seed290205.mat"
"s09_biscop_confirmation","Role-Separated-Credit-AOP-v1","LIRCMOP2","LIR-CMOP",100,100000,6,290206,100000,19.8857,0.1423968249657246,0.2920540815677843,1,"Role_Separated_Credit_AOP_v1_LIRCMOP2_N100_FE100000_run6_seed290206.mat"
"s09_biscop_confirmation","Role-Separated-Credit-AOP-v1","LIRCMOP2","LIR-CMOP",100,100000,7,290207,100000,10.6264,0.1630713793357229,0.2780575705819794,1,"Role_Separated_Credit_AOP_v1_LIRCMOP2_N100_FE100000_run7_seed290207.mat"
"s09_biscop_confirmation","Role-Separated-Credit-AOP-v1","LIRCMOP2","LIR-CMOP",100,100000,8,290208,100000,19.7702,0.0935123381438374,0.2961097613889268,1,"Role_Separated_Credit_AOP_v1_LIRCMOP2_N100_FE100000_run8_seed290208.mat"
"s09_biscop_confirmation","Role-Separated-Credit-AOP-v1","LIRCMOP2","LIR-CMOP",100,100000,9,290209,100000,19.8898,0.1802320946623823,0.2679644443875858,1,"Role_Separated_Credit_AOP_v1_LIRCMOP2_N100_FE100000_run9_seed290209.mat"
"s09_biscop_confirmation","Role-Separated-Credit-AOP-v1","LIRCMOP3","LIR-CMOP",100,100000,10,290310,100000,19.9888,0.2771316371337028,0.1064312175670336,1,"Role_Separated_Credit_AOP_v1_LIRCMOP3_N100_FE100000_run10_seed290310.mat"
"s09_biscop_confirmation","Role-Separated-Credit-AOP-v1","LIRCMOP3","LIR-CMOP",100,100000,1,290301,100000,10.6783,0.277026168155585,0.1071114472715803,1,"Role_Separated_Credit_AOP_v1_LIRCMOP3_N100_FE100000_run1_seed290301.mat"
"s09_biscop_confirmation","Role-Separated-Credit-AOP-v1","LIRCMOP3","LIR-CMOP",100,100000,2,290302,100000,19.6225,0.2078085177196087,0.1438126504199093,1,"Role_Separated_Credit_AOP_v1_LIRCMOP3_N100_FE100000_run2_seed290302.mat"
"s09_biscop_confirmation","Role-Separated-Credit-AOP-v1","LIRCMOP3","LIR-CMOP",100,100000,3,290303,100000,10.4387,0.2202957633058472,0.1260789598417068,1,"Role_Separated_Credit_AOP_v1_LIRCMOP3_N100_FE100000_run3_seed290303.mat"
"s09_biscop_confirmation","Role-Separated-Credit-AOP-v1","LIRCMOP3","LIR-CMOP",100,100000,4,290304,100000,20.3696,0.1966825123722345,0.124324292243414,1,"Role_Separated_Credit_AOP_v1_LIRCMOP3_N100_FE100000_run4_seed290304.mat"
"s09_biscop_confirmation","Role-Separated-Credit-AOP-v1","LIRCMOP3","LIR-CMOP",100,100000,5,290305,100000,20.1693,0.2280386170691857,0.1172851718543318,1,"Role_Separated_Credit_AOP_v1_LIRCMOP3_N100_FE100000_run5_seed290305.mat"
"s09_biscop_confirmation","Role-Separated-Credit-AOP-v1","LIRCMOP3","LIR-CMOP",100,100000,6,290306,100000,10.8366,0.2651444367234511,0.1091658169692276,1,"Role_Separated_Credit_AOP_v1_LIRCMOP3_N100_FE100000_run6_seed290306.mat"
"s09_biscop_confirmation","Role-Separated-Credit-AOP-v1","LIRCMOP3","LIR-CMOP",100,100000,7,290307,100000,10.3745,0.150196885480215,0.1566160785465822,1,"Role_Separated_Credit_AOP_v1_LIRCMOP3_N100_FE100000_run7_seed290307.mat"
"s09_biscop_confirmation","Role-Separated-Credit-AOP-v1","LIRCMOP3","LIR-CMOP",100,100000,8,290308,100000,19.3692,0.2168178128577256,0.1274284249345077,1,"Role_Separated_Credit_AOP_v1_LIRCMOP3_N100_FE100000_run8_seed290308.mat"
"s09_biscop_confirmation","Role-Separated-Credit-AOP-v1","LIRCMOP3","LIR-CMOP",100,100000,9,290309,100000,10.3486,0.2511752778457332,0.111395471743853,1,"Role_Separated_Credit_AOP_v1_LIRCMOP3_N100_FE100000_run9_seed290309.mat"
"s09_biscop_confirmation","Role-Separated-Credit-AOP-v1","LIRCMOP4","LIR-CMOP",100,100000,10,290410,100000,23.7238,0.2051296136077525,0.22293175012456,1,"Role_Separated_Credit_AOP_v1_LIRCMOP4_N100_FE100000_run10_seed290410.mat"
"s09_biscop_confirmation","Role-Separated-Credit-AOP-v1","LIRCMOP4","LIR-CMOP",100,100000,1,290401,100000,19.8547,0.2509265070026382,0.2104877200585088,1,"Role_Separated_Credit_AOP_v1_LIRCMOP4_N100_FE100000_run1_seed290401.mat"
"s09_biscop_confirmation","Role-Separated-Credit-AOP-v1","LIRCMOP4","LIR-CMOP",100,100000,2,290402,100000,10.4167,0.2647754458900413,0.2036319088512336,1,"Role_Separated_Credit_AOP_v1_LIRCMOP4_N100_FE100000_run2_seed290402.mat"
"s09_biscop_confirmation","Role-Separated-Credit-AOP-v1","LIRCMOP4","LIR-CMOP",100,100000,3,290403,100000,11.1212,0.1314270107417616,0.2490540637951016,1,"Role_Separated_Credit_AOP_v1_LIRCMOP4_N100_FE100000_run3_seed290403.mat"
"s09_biscop_confirmation","Role-Separated-Credit-AOP-v1","LIRCMOP4","LIR-CMOP",100,100000,4,290404,100000,19.7091,0.1625955684565013,0.234361758153236,1,"Role_Separated_Credit_AOP_v1_LIRCMOP4_N100_FE100000_run4_seed290404.mat"
"s09_biscop_confirmation","Role-Separated-Credit-AOP-v1","LIRCMOP4","LIR-CMOP",100,100000,5,290405,100000,10.7458,0.305788196020307,0.1841204842947333,1,"Role_Separated_Credit_AOP_v1_LIRCMOP4_N100_FE100000_run5_seed290405.mat"
"s09_biscop_confirmation","Role-Separated-Credit-AOP-v1","LIRCMOP4","LIR-CMOP",100,100000,6,290406,100000,19.8477,0.1647320442940635,0.2311880067231341,1,"Role_Separated_Credit_AOP_v1_LIRCMOP4_N100_FE100000_run6_seed290406.mat"
"s09_biscop_confirmation","Role-Separated-Credit-AOP-v1","LIRCMOP4","LIR-CMOP",100,100000,7,290407,100000,20.6356,0.1092087622616324,0.2667802244826973,1,"Role_Separated_Credit_AOP_v1_LIRCMOP4_N100_FE100000_run7_seed290407.mat"
"s09_biscop_confirmation","Role-Separated-Credit-AOP-v1","LIRCMOP4","LIR-CMOP",100,100000,8,290408,100000,10.6288,0.2569617452538083,0.2079220345510851,1,"Role_Separated_Credit_AOP_v1_LIRCMOP4_N100_FE100000_run8_seed290408.mat"
"s09_biscop_confirmation","Role-Separated-Credit-AOP-v1","LIRCMOP4","LIR-CMOP",100,100000,9,290409,100000,10.8133,0.1031302569950149,0.269751044929861,1,"Role_Separated_Credit_AOP_v1_LIRCMOP4_N100_FE100000_run9_seed290409.mat"
"s09_biscop_confirmation","Role-Separated-Credit-AOP-v1","LIRCMOP5","LIR-CMOP",100,100000,10,290510,100000,13.6252,0.01556198340303939,0.2860816559468753,1,"Role_Separated_Credit_AOP_v1_LIRCMOP5_N100_FE100000_run10_seed290510.mat"
"s09_biscop_confirmation","Role-Separated-Credit-AOP-v1","LIRCMOP5","LIR-CMOP",100,100000,1,290501,100000,14.6764,0.01065396286942712,0.2890948772142107,1,"Role_Separated_Credit_AOP_v1_LIRCMOP5_N100_FE100000_run1_seed290501.mat"
"s09_biscop_confirmation","Role-Separated-Credit-AOP-v1","LIRCMOP5","LIR-CMOP",100,100000,2,290502,100000,28.1807,0.02017442606811271,0.2834148875828842,1,"Role_Separated_Credit_AOP_v1_LIRCMOP5_N100_FE100000_run2_seed290502.mat"
"s09_biscop_confirmation","Role-Separated-Credit-AOP-v1","LIRCMOP5","LIR-CMOP",100,100000,3,290503,100000,34.5898,0.01225489487973683,0.2869248828481046,1,"Role_Separated_Credit_AOP_v1_LIRCMOP5_N100_FE100000_run3_seed290503.mat"
"s09_biscop_confirmation","Role-Separated-Credit-AOP-v1","LIRCMOP5","LIR-CMOP",100,100000,4,290504,100000,13.9825,0.01412957192966948,0.2873168280393366,1,"Role_Separated_Credit_AOP_v1_LIRCMOP5_N100_FE100000_run4_seed290504.mat"
"s09_biscop_confirmation","Role-Separated-Credit-AOP-v1","LIRCMOP5","LIR-CMOP",100,100000,5,290505,100000,17.072,0.02567729528309064,0.2815826604624001,1,"Role_Separated_Credit_AOP_v1_LIRCMOP5_N100_FE100000_run5_seed290505.mat"
"s09_biscop_confirmation","Role-Separated-Credit-AOP-v1","LIRCMOP5","LIR-CMOP",100,100000,6,290506,100000,24.3541,0.02080677507148812,0.2828861162640266,1,"Role_Separated_Credit_AOP_v1_LIRCMOP5_N100_FE100000_run6_seed290506.mat"
"s09_biscop_confirmation","Role-Separated-Credit-AOP-v1","LIRCMOP5","LIR-CMOP",100,100000,7,290507,100000,13.9111,0.01874623958061923,0.284024644272758,1,"Role_Separated_Credit_AOP_v1_LIRCMOP5_N100_FE100000_run7_seed290507.mat"
"s09_biscop_confirmation","Role-Separated-Credit-AOP-v1","LIRCMOP5","LIR-CMOP",100,100000,8,290508,100000,22.3571,0.02148073421985637,0.2825609055705574,1,"Role_Separated_Credit_AOP_v1_LIRCMOP5_N100_FE100000_run8_seed290508.mat"
"s09_biscop_confirmation","Role-Separated-Credit-AOP-v1","LIRCMOP5","LIR-CMOP",100,100000,9,290509,100000,21.6761,0.02125272212201664,0.2824852512985745,1,"Role_Separated_Credit_AOP_v1_LIRCMOP5_N100_FE100000_run9_seed290509.mat"
"s09_biscop_confirmation","Role-Separated-Credit-AOP-v1","LIRCMOP6","LIR-CMOP",100,100000,10,290610,100000,26.9667,0.01255605703647724,0.1942437980094096,1,"Role_Separated_Credit_AOP_v1_LIRCMOP6_N100_FE100000_run10_seed290610.mat"
"s09_biscop_confirmation","Role-Separated-Credit-AOP-v1","LIRCMOP6","LIR-CMOP",100,100000,1,290601,100000,15.8995,0.01269995688729028,0.1941635308405333,1,"Role_Separated_Credit_AOP_v1_LIRCMOP6_N100_FE100000_run1_seed290601.mat"
"s09_biscop_confirmation","Role-Separated-Credit-AOP-v1","LIRCMOP6","LIR-CMOP",100,100000,2,290602,100000,31.8669,0.01609364666980402,0.1931441087849703,1,"Role_Separated_Credit_AOP_v1_LIRCMOP6_N100_FE100000_run2_seed290602.mat"
"s09_biscop_confirmation","Role-Separated-Credit-AOP-v1","LIRCMOP6","LIR-CMOP",100,100000,3,290603,100000,14.3934,0.01948002320005133,0.1933732712435881,1,"Role_Separated_Credit_AOP_v1_LIRCMOP6_N100_FE100000_run3_seed290603.mat"
"s09_biscop_confirmation","Role-Separated-Credit-AOP-v1","LIRCMOP6","LIR-CMOP",100,100000,4,290604,100000,33.4879,0.03452335646070576,0.1905885767473789,1,"Role_Separated_Credit_AOP_v1_LIRCMOP6_N100_FE100000_run4_seed290604.mat"
"s09_biscop_confirmation","Role-Separated-Credit-AOP-v1","LIRCMOP6","LIR-CMOP",100,100000,5,290605,100000,31.767,0.01531879938814332,0.1928859424961195,1,"Role_Separated_Credit_AOP_v1_LIRCMOP6_N100_FE100000_run5_seed290605.mat"
"s09_biscop_confirmation","Role-Separated-Credit-AOP-v1","LIRCMOP6","LIR-CMOP",100,100000,6,290606,100000,15.9092,0.01140591679992707,0.1941135536223317,1,"Role_Separated_Credit_AOP_v1_LIRCMOP6_N100_FE100000_run6_seed290606.mat"
"s09_biscop_confirmation","Role-Separated-Credit-AOP-v1","LIRCMOP6","LIR-CMOP",100,100000,7,290607,100000,15.4331,0.01306091070468951,0.1938067634746391,1,"Role_Separated_Credit_AOP_v1_LIRCMOP6_N100_FE100000_run7_seed290607.mat"
"s09_biscop_confirmation","Role-Separated-Credit-AOP-v1","LIRCMOP6","LIR-CMOP",100,100000,8,290608,100000,27.0066,0.02084892905456653,0.1921422842845771,1,"Role_Separated_Credit_AOP_v1_LIRCMOP6_N100_FE100000_run8_seed290608.mat"
"s09_biscop_confirmation","Role-Separated-Credit-AOP-v1","LIRCMOP6","LIR-CMOP",100,100000,9,290609,100000,13.9955,0.01513354313834056,0.1929524511487881,1,"Role_Separated_Credit_AOP_v1_LIRCMOP6_N100_FE100000_run9_seed290609.mat"
"s09_biscop_confirmation","Role-Separated-Credit-AOP-v1","LIRCMOP7","LIR-CMOP",100,100000,10,290710,100000,16.5943,0.007965749084208301,0.2940402942192331,1,"Role_Separated_Credit_AOP_v1_LIRCMOP7_N100_FE100000_run10_seed290710.mat"
"s09_biscop_confirmation","Role-Separated-Credit-AOP-v1","LIRCMOP7","LIR-CMOP",100,100000,1,290701,100000,16.3368,0.008545214637212103,0.2936961876360324,1,"Role_Separated_Credit_AOP_v1_LIRCMOP7_N100_FE100000_run1_seed290701.mat"
"s09_biscop_confirmation","Role-Separated-Credit-AOP-v1","LIRCMOP7","LIR-CMOP",100,100000,2,290702,100000,8.1965,0.007836223707719166,0.2941583500740165,1,"Role_Separated_Credit_AOP_v1_LIRCMOP7_N100_FE100000_run2_seed290702.mat"
"s09_biscop_confirmation","Role-Separated-Credit-AOP-v1","LIRCMOP7","LIR-CMOP",100,100000,3,290703,100000,8.3776,0.007841064304960692,0.2939499252047051,1,"Role_Separated_Credit_AOP_v1_LIRCMOP7_N100_FE100000_run3_seed290703.mat"
"s09_biscop_confirmation","Role-Separated-Credit-AOP-v1","LIRCMOP7","LIR-CMOP",100,100000,4,290704,100000,19.6787,0.008244477670804546,0.2940606777548591,1,"Role_Separated_Credit_AOP_v1_LIRCMOP7_N100_FE100000_run4_seed290704.mat"
"s09_biscop_confirmation","Role-Separated-Credit-AOP-v1","LIRCMOP7","LIR-CMOP",100,100000,5,290705,100000,7.9144,0.009781806545671397,0.2929754709812279,1,"Role_Separated_Credit_AOP_v1_LIRCMOP7_N100_FE100000_run5_seed290705.mat"
"s09_biscop_confirmation","Role-Separated-Credit-AOP-v1","LIRCMOP7","LIR-CMOP",100,100000,6,290706,100000,18.3885,0.007864200343512885,0.2941028097014937,1,"Role_Separated_Credit_AOP_v1_LIRCMOP7_N100_FE100000_run6_seed290706.mat"
"s09_biscop_confirmation","Role-Separated-Credit-AOP-v1","LIRCMOP7","LIR-CMOP",100,100000,7,290707,100000,17.6382,0.00821427907946681,0.293880565476093,1,"Role_Separated_Credit_AOP_v1_LIRCMOP7_N100_FE100000_run7_seed290707.mat"
"s09_biscop_confirmation","Role-Separated-Credit-AOP-v1","LIRCMOP7","LIR-CMOP",100,100000,8,290708,100000,8.1462,0.007688533468090759,0.2940341271373871,1,"Role_Separated_Credit_AOP_v1_LIRCMOP7_N100_FE100000_run8_seed290708.mat"
"s09_biscop_confirmation","Role-Separated-Credit-AOP-v1","LIRCMOP7","LIR-CMOP",100,100000,9,290709,100000,8.2753,0.008873529194331729,0.2933254647985426,1,"Role_Separated_Credit_AOP_v1_LIRCMOP7_N100_FE100000_run9_seed290709.mat"
"s09_biscop_confirmation","Role-Separated-Credit-AOP-v1","LIRCMOP8","LIR-CMOP",100,100000,10,290810,100000,8.145,0.008137391758799692,0.2939715982779755,1,"Role_Separated_Credit_AOP_v1_LIRCMOP8_N100_FE100000_run10_seed290810.mat"
"s09_biscop_confirmation","Role-Separated-Credit-AOP-v1","LIRCMOP8","LIR-CMOP",100,100000,1,290801,100000,8.022,0.008737019523347198,0.2937044707404821,1,"Role_Separated_Credit_AOP_v1_LIRCMOP8_N100_FE100000_run1_seed290801.mat"
"s09_biscop_confirmation","Role-Separated-Credit-AOP-v1","LIRCMOP8","LIR-CMOP",100,100000,2,290802,100000,16.5104,0.008547389789296407,0.2938772299589341,1,"Role_Separated_Credit_AOP_v1_LIRCMOP8_N100_FE100000_run2_seed290802.mat"
"s09_biscop_confirmation","Role-Separated-Credit-AOP-v1","LIRCMOP8","LIR-CMOP",100,100000,3,290803,100000,16.0297,0.008158967156295466,0.293675846404143,1,"Role_Separated_Credit_AOP_v1_LIRCMOP8_N100_FE100000_run3_seed290803.mat"
"s09_biscop_confirmation","Role-Separated-Credit-AOP-v1","LIRCMOP8","LIR-CMOP",100,100000,4,290804,100000,8.171,0.01374302130581434,0.291271060216834,1,"Role_Separated_Credit_AOP_v1_LIRCMOP8_N100_FE100000_run4_seed290804.mat"
"s09_biscop_confirmation","Role-Separated-Credit-AOP-v1","LIRCMOP8","LIR-CMOP",100,100000,5,290805,100000,8.1846,0.007812662864429887,0.2939926915455863,1,"Role_Separated_Credit_AOP_v1_LIRCMOP8_N100_FE100000_run5_seed290805.mat"
"s09_biscop_confirmation","Role-Separated-Credit-AOP-v1","LIRCMOP8","LIR-CMOP",100,100000,6,290806,100000,17.0777,0.008127254271641047,0.2935821732773463,1,"Role_Separated_Credit_AOP_v1_LIRCMOP8_N100_FE100000_run6_seed290806.mat"
"s09_biscop_confirmation","Role-Separated-Credit-AOP-v1","LIRCMOP8","LIR-CMOP",100,100000,7,290807,100000,8.0444,0.008286630610057974,0.2939839744468149,1,"Role_Separated_Credit_AOP_v1_LIRCMOP8_N100_FE100000_run7_seed290807.mat"
"s09_biscop_confirmation","Role-Separated-Credit-AOP-v1","LIRCMOP8","LIR-CMOP",100,100000,8,290808,100000,17.2239,0.008740536852678298,0.293736937066257,1,"Role_Separated_Credit_AOP_v1_LIRCMOP8_N100_FE100000_run8_seed290808.mat"
"s09_biscop_confirmation","Role-Separated-Credit-AOP-v1","LIRCMOP8","LIR-CMOP",100,100000,9,290809,100000,17.8048,0.008260773470678341,0.2938183158368075,1,"Role_Separated_Credit_AOP_v1_LIRCMOP8_N100_FE100000_run9_seed290809.mat"
"s09_biscop_confirmation","Role-Separated-Credit-AOP-v1","LIRCMOP9","LIR-CMOP",100,100000,10,290910,100000,31.5485,0.21084507096077,0.4373762296450056,1,"Role_Separated_Credit_AOP_v1_LIRCMOP9_N100_FE100000_run10_seed290910.mat"
"s09_biscop_confirmation","Role-Separated-Credit-AOP-v1","LIRCMOP9","LIR-CMOP",100,100000,1,290901,100000,16.9711,0.2018759209093893,0.4478552550347952,1,"Role_Separated_Credit_AOP_v1_LIRCMOP9_N100_FE100000_run1_seed290901.mat"
"s09_biscop_confirmation","Role-Separated-Credit-AOP-v1","LIRCMOP9","LIR-CMOP",100,100000,2,290902,100000,29.946,0.2999551375998987,0.4082066194974696,1,"Role_Separated_Credit_AOP_v1_LIRCMOP9_N100_FE100000_run2_seed290902.mat"
"s09_biscop_confirmation","Role-Separated-Credit-AOP-v1","LIRCMOP9","LIR-CMOP",100,100000,3,290903,100000,17.3959,0.2156524675231384,0.4382213963814511,1,"Role_Separated_Credit_AOP_v1_LIRCMOP9_N100_FE100000_run3_seed290903.mat"
"s09_biscop_confirmation","Role-Separated-Credit-AOP-v1","LIRCMOP9","LIR-CMOP",100,100000,4,290904,100000,30.9644,0.2929793259744315,0.4112301364939388,1,"Role_Separated_Credit_AOP_v1_LIRCMOP9_N100_FE100000_run4_seed290904.mat"
"s09_biscop_confirmation","Role-Separated-Credit-AOP-v1","LIRCMOP9","LIR-CMOP",100,100000,5,290905,100000,29.509,0.1982968634570874,0.4522945708222428,1,"Role_Separated_Credit_AOP_v1_LIRCMOP9_N100_FE100000_run5_seed290905.mat"
"s09_biscop_confirmation","Role-Separated-Credit-AOP-v1","LIRCMOP9","LIR-CMOP",100,100000,6,290906,100000,16.7474,0.1927796587323523,0.4507105449930675,1,"Role_Separated_Credit_AOP_v1_LIRCMOP9_N100_FE100000_run6_seed290906.mat"
"s09_biscop_confirmation","Role-Separated-Credit-AOP-v1","LIRCMOP9","LIR-CMOP",100,100000,7,290907,100000,17.5686,0.2943595544466068,0.4117226801081089,1,"Role_Separated_Credit_AOP_v1_LIRCMOP9_N100_FE100000_run7_seed290907.mat"
"s09_biscop_confirmation","Role-Separated-Credit-AOP-v1","LIRCMOP9","LIR-CMOP",100,100000,8,290908,100000,31.2049,0.2823546655768463,0.4173704966613661,1,"Role_Separated_Credit_AOP_v1_LIRCMOP9_N100_FE100000_run8_seed290908.mat"
"s09_biscop_confirmation","Role-Separated-Credit-AOP-v1","LIRCMOP9","LIR-CMOP",100,100000,9,290909,100000,16.7529,0.1930445426752006,0.4490018049617444,1,"Role_Separated_Credit_AOP_v1_LIRCMOP9_N100_FE100000_run9_seed290909.mat"
"s09_biscop_confirmation","Role-Separated-Credit-AOP-v2","CF10","CF",100,100000,10,300010,100000,24.3592,0.2999769208558501,0.2040678084546844,1,"Role_Separated_Credit_AOP_v2_CF10_N100_FE100000_run10_seed300010.mat"
"s09_biscop_confirmation","Role-Separated-Credit-AOP-v2","CF10","CF",100,100000,1,300001,100000,24.2528,0.4117925861732972,0.1294441990692395,1,"Role_Separated_Credit_AOP_v2_CF10_N100_FE100000_run1_seed300001.mat"
"s09_biscop_confirmation","Role-Separated-Credit-AOP-v2","CF10","CF",100,100000,2,300002,100000,30.8435,0.3112265725480513,0.2083105853132139,1,"Role_Separated_Credit_AOP_v2_CF10_N100_FE100000_run2_seed300002.mat"
"s09_biscop_confirmation","Role-Separated-Credit-AOP-v2","CF10","CF",100,100000,3,300003,100000,16.7092,0.1155807504741901,0.3721673760031434,1,"Role_Separated_Credit_AOP_v2_CF10_N100_FE100000_run3_seed300003.mat"
"s09_biscop_confirmation","Role-Separated-Credit-AOP-v2","CF10","CF",100,100000,4,300004,100000,17.2613,0.2484278543336675,0.2501057755527991,1,"Role_Separated_Credit_AOP_v2_CF10_N100_FE100000_run4_seed300004.mat"
"s09_biscop_confirmation","Role-Separated-Credit-AOP-v2","CF10","CF",100,100000,5,300005,100000,19.3748,0.1226434510404044,0.3686422913005871,1,"Role_Separated_Credit_AOP_v2_CF10_N100_FE100000_run5_seed300005.mat"
"s09_biscop_confirmation","Role-Separated-Credit-AOP-v2","CF10","CF",100,100000,6,300006,100000,17.6342,0.1444453139195889,0.3496983204331118,1,"Role_Separated_Credit_AOP_v2_CF10_N100_FE100000_run6_seed300006.mat"
"s09_biscop_confirmation","Role-Separated-Credit-AOP-v2","CF10","CF",100,100000,7,300007,100000,17.4378,0.1381284475339449,0.3555556848301377,1,"Role_Separated_Credit_AOP_v2_CF10_N100_FE100000_run7_seed300007.mat"
"s09_biscop_confirmation","Role-Separated-Credit-AOP-v2","CF10","CF",100,100000,8,300008,100000,16.7839,0.3209463126639829,0.1761854693206891,1,"Role_Separated_Credit_AOP_v2_CF10_N100_FE100000_run8_seed300008.mat"
"s09_biscop_confirmation","Role-Separated-Credit-AOP-v2","CF10","CF",100,100000,9,300009,100000,16.4718,0.300795721625405,0.1855491730995599,1,"Role_Separated_Credit_AOP_v2_CF10_N100_FE100000_run9_seed300009.mat"
"s09_biscop_confirmation","Role-Separated-Credit-AOP-v2","CF1","CF",100,100000,10,299110,100000,14.536,0.003843064127007503,0.5614348859007213,1,"Role_Separated_Credit_AOP_v2_CF1_N100_FE100000_run10_seed299110.mat"
"s09_biscop_confirmation","Role-Separated-Credit-AOP-v2","CF1","CF",100,100000,1,299101,100000,15.853,0.002744564002116283,0.5627425653788711,1,"Role_Separated_Credit_AOP_v2_CF1_N100_FE100000_run1_seed299101.mat"
"s09_biscop_confirmation","Role-Separated-Credit-AOP-v2","CF1","CF",100,100000,2,299102,100000,15.6266,0.002948020096370009,0.5625190779268181,1,"Role_Separated_Credit_AOP_v2_CF1_N100_FE100000_run2_seed299102.mat"
"s09_biscop_confirmation","Role-Separated-Credit-AOP-v2","CF1","CF",100,100000,3,299103,100000,16.107,0.002682169849186881,0.5628548493369722,1,"Role_Separated_Credit_AOP_v2_CF1_N100_FE100000_run3_seed299103.mat"
"s09_biscop_confirmation","Role-Separated-Credit-AOP-v2","CF1","CF",100,100000,4,299104,100000,15.8906,0.003840379463468322,0.5614308036582929,1,"Role_Separated_Credit_AOP_v2_CF1_N100_FE100000_run4_seed299104.mat"
"s09_biscop_confirmation","Role-Separated-Credit-AOP-v2","CF1","CF",100,100000,5,299105,100000,16.4701,0.002640996686505171,0.5628875129054597,1,"Role_Separated_Credit_AOP_v2_CF1_N100_FE100000_run5_seed299105.mat"
"s09_biscop_confirmation","Role-Separated-Credit-AOP-v2","CF1","CF",100,100000,6,299106,100000,15.6334,0.003189265170563042,0.562241096695493,1,"Role_Separated_Credit_AOP_v2_CF1_N100_FE100000_run6_seed299106.mat"
"s09_biscop_confirmation","Role-Separated-Credit-AOP-v2","CF1","CF",100,100000,7,299107,100000,15.0313,0.003192072530654418,0.5622060962389125,1,"Role_Separated_Credit_AOP_v2_CF1_N100_FE100000_run7_seed299107.mat"
"s09_biscop_confirmation","Role-Separated-Credit-AOP-v2","CF1","CF",100,100000,8,299108,100000,15.7712,0.002957177420670691,0.5625197708682006,1,"Role_Separated_Credit_AOP_v2_CF1_N100_FE100000_run8_seed299108.mat"
"s09_biscop_confirmation","Role-Separated-Credit-AOP-v2","CF1","CF",100,100000,9,299109,100000,14.3956,0.003146566218040863,0.5622839213654216,1,"Role_Separated_Credit_AOP_v2_CF1_N100_FE100000_run9_seed299109.mat"
"s09_biscop_confirmation","Role-Separated-Credit-AOP-v2","CF2","CF",100,100000,10,299210,100000,14.5093,0.01398833171929043,0.6656767189024274,1,"Role_Separated_Credit_AOP_v2_CF2_N100_FE100000_run10_seed299210.mat"
"s09_biscop_confirmation","Role-Separated-Credit-AOP-v2","CF2","CF",100,100000,1,299201,100000,14.8225,0.01335696979389091,0.6674668443201494,1,"Role_Separated_Credit_AOP_v2_CF2_N100_FE100000_run1_seed299201.mat"
"s09_biscop_confirmation","Role-Separated-Credit-AOP-v2","CF2","CF",100,100000,2,299202,100000,14.4358,0.01083158373692844,0.6613263669698838,1,"Role_Separated_Credit_AOP_v2_CF2_N100_FE100000_run2_seed299202.mat"
"s09_biscop_confirmation","Role-Separated-Credit-AOP-v2","CF2","CF",100,100000,3,299203,100000,14.593,0.006526564475433175,0.6710189368963738,1,"Role_Separated_Credit_AOP_v2_CF2_N100_FE100000_run3_seed299203.mat"
"s09_biscop_confirmation","Role-Separated-Credit-AOP-v2","CF2","CF",100,100000,4,299204,100000,14.7815,0.00511436346684429,0.673685016614244,1,"Role_Separated_Credit_AOP_v2_CF2_N100_FE100000_run4_seed299204.mat"
"s09_biscop_confirmation","Role-Separated-Credit-AOP-v2","CF2","CF",100,100000,5,299205,100000,14.065,0.005882171917747456,0.6718801100991374,1,"Role_Separated_Credit_AOP_v2_CF2_N100_FE100000_run5_seed299205.mat"
"s09_biscop_confirmation","Role-Separated-Credit-AOP-v2","CF2","CF",100,100000,6,299206,100000,14.7469,0.01056187670854231,0.6691049737077812,1,"Role_Separated_Credit_AOP_v2_CF2_N100_FE100000_run6_seed299206.mat"
"s09_biscop_confirmation","Role-Separated-Credit-AOP-v2","CF2","CF",100,100000,7,299207,100000,14.3162,0.0156165404197817,0.6629051135577161,1,"Role_Separated_Credit_AOP_v2_CF2_N100_FE100000_run7_seed299207.mat"
"s09_biscop_confirmation","Role-Separated-Credit-AOP-v2","CF2","CF",100,100000,8,299208,100000,14.1512,0.005667108563360116,0.675094960852067,1,"Role_Separated_Credit_AOP_v2_CF2_N100_FE100000_run8_seed299208.mat"
"s09_biscop_confirmation","Role-Separated-Credit-AOP-v2","CF2","CF",100,100000,9,299209,100000,14.1452,0.01448066928737376,0.6669741314955275,1,"Role_Separated_Credit_AOP_v2_CF2_N100_FE100000_run9_seed299209.mat"
"s09_biscop_confirmation","Role-Separated-Credit-AOP-v2","CF3","CF",100,100000,10,299310,100000,10.3215,0.1098850511282199,0.2808558060957321,1,"Role_Separated_Credit_AOP_v2_CF3_N100_FE100000_run10_seed299310.mat"
"s09_biscop_confirmation","Role-Separated-Credit-AOP-v2","CF3","CF",100,100000,1,299301,100000,12.6639,0.294446473718415,0.1378079555091981,1,"Role_Separated_Credit_AOP_v2_CF3_N100_FE100000_run1_seed299301.mat"
"s09_biscop_confirmation","Role-Separated-Credit-AOP-v2","CF3","CF",100,100000,2,299302,100000,12.448,0.1155379584788644,0.3040142424381417,1,"Role_Separated_Credit_AOP_v2_CF3_N100_FE100000_run2_seed299302.mat"
"s09_biscop_confirmation","Role-Separated-Credit-AOP-v2","CF3","CF",100,100000,3,299303,100000,14.4516,0.1009546477842927,0.2437381802436471,1,"Role_Separated_Credit_AOP_v2_CF3_N100_FE100000_run3_seed299303.mat"
"s09_biscop_confirmation","Role-Separated-Credit-AOP-v2","CF3","CF",100,100000,4,299304,100000,11.5282,0.1015364015180452,0.2861116724531982,1,"Role_Separated_Credit_AOP_v2_CF3_N100_FE100000_run4_seed299304.mat"
"s09_biscop_confirmation","Role-Separated-Credit-AOP-v2","CF3","CF",100,100000,5,299305,100000,9.9778,0.1061550359813726,0.2995003563695522,1,"Role_Separated_Credit_AOP_v2_CF3_N100_FE100000_run5_seed299305.mat"
"s09_biscop_confirmation","Role-Separated-Credit-AOP-v2","CF3","CF",100,100000,6,299306,100000,9.0911,0.1265580262294198,0.266923198912401,1,"Role_Separated_Credit_AOP_v2_CF3_N100_FE100000_run6_seed299306.mat"
"s09_biscop_confirmation","Role-Separated-Credit-AOP-v2","CF3","CF",100,100000,7,299307,100000,13.1886,0.09087119676883855,0.3052462503998699,1,"Role_Separated_Credit_AOP_v2_CF3_N100_FE100000_run7_seed299307.mat"
"s09_biscop_confirmation","Role-Separated-Credit-AOP-v2","CF3","CF",100,100000,8,299308,100000,12.7504,0.08279894821840469,0.3061544440504087,1,"Role_Separated_Credit_AOP_v2_CF3_N100_FE100000_run8_seed299308.mat"
"s09_biscop_confirmation","Role-Separated-Credit-AOP-v2","CF3","CF",100,100000,9,299309,100000,10.1934,0.0963494207078278,0.2782684346411513,1,"Role_Separated_Credit_AOP_v2_CF3_N100_FE100000_run9_seed299309.mat"
"s09_biscop_confirmation","Role-Separated-Credit-AOP-v2","CF4","CF",100,100000,10,299410,100000,14.9628,0.04052460052556146,0.4793053421933118,1,"Role_Separated_Credit_AOP_v2_CF4_N100_FE100000_run10_seed299410.mat"
"s09_biscop_confirmation","Role-Separated-Credit-AOP-v2","CF4","CF",100,100000,1,299401,100000,11.1085,0.05444155935785709,0.4672816298971417,1,"Role_Separated_Credit_AOP_v2_CF4_N100_FE100000_run1_seed299401.mat"
"s09_biscop_confirmation","Role-Separated-Credit-AOP-v2","CF4","CF",100,100000,2,299402,100000,12.4879,0.03020017051410365,0.4912716430813298,1,"Role_Separated_Credit_AOP_v2_CF4_N100_FE100000_run2_seed299402.mat"
"s09_biscop_confirmation","Role-Separated-Credit-AOP-v2","CF4","CF",100,100000,3,299403,100000,11.5132,0.03536414378823402,0.4926668807545431,1,"Role_Separated_Credit_AOP_v2_CF4_N100_FE100000_run3_seed299403.mat"
"s09_biscop_confirmation","Role-Separated-Credit-AOP-v2","CF4","CF",100,100000,4,299404,100000,11.1137,0.03485453618830757,0.4928959523528639,1,"Role_Separated_Credit_AOP_v2_CF4_N100_FE100000_run4_seed299404.mat"
"s09_biscop_confirmation","Role-Separated-Credit-AOP-v2","CF4","CF",100,100000,5,299405,100000,11.4491,0.05907048168001643,0.456294656215549,1,"Role_Separated_Credit_AOP_v2_CF4_N100_FE100000_run5_seed299405.mat"
"s09_biscop_confirmation","Role-Separated-Credit-AOP-v2","CF4","CF",100,100000,6,299406,100000,12.4589,0.04218217021092954,0.4801131269097205,1,"Role_Separated_Credit_AOP_v2_CF4_N100_FE100000_run6_seed299406.mat"
"s09_biscop_confirmation","Role-Separated-Credit-AOP-v2","CF4","CF",100,100000,7,299407,100000,13.7165,0.02973650743850928,0.5001115303245116,1,"Role_Separated_Credit_AOP_v2_CF4_N100_FE100000_run7_seed299407.mat"
"s09_biscop_confirmation","Role-Separated-Credit-AOP-v2","CF4","CF",100,100000,8,299408,100000,14.686,0.03314886042846574,0.491838391291348,1,"Role_Separated_Credit_AOP_v2_CF4_N100_FE100000_run8_seed299408.mat"
"s09_biscop_confirmation","Role-Separated-Credit-AOP-v2","CF4","CF",100,100000,9,299409,100000,11.7411,0.04431651614088116,0.4807685273302893,1,"Role_Separated_Credit_AOP_v2_CF4_N100_FE100000_run9_seed299409.mat"
"s09_biscop_confirmation","Role-Separated-Credit-AOP-v2","CF5","CF",100,100000,10,299510,100000,18.909,0.1867431652532199,0.3950248169494443,1,"Role_Separated_Credit_AOP_v2_CF5_N100_FE100000_run10_seed299510.mat"
"s09_biscop_confirmation","Role-Separated-Credit-AOP-v2","CF5","CF",100,100000,1,299501,100000,19.8238,0.1323727776431983,0.3944815465080762,1,"Role_Separated_Credit_AOP_v2_CF5_N100_FE100000_run1_seed299501.mat"
"s09_biscop_confirmation","Role-Separated-Credit-AOP-v2","CF5","CF",100,100000,2,299502,100000,18.1481,0.2969105460825422,0.2958997872207325,1,"Role_Separated_Credit_AOP_v2_CF5_N100_FE100000_run2_seed299502.mat"
"s09_biscop_confirmation","Role-Separated-Credit-AOP-v2","CF5","CF",100,100000,3,299503,100000,16.428,0.09852710289091166,0.4285421082170259,1,"Role_Separated_Credit_AOP_v2_CF5_N100_FE100000_run3_seed299503.mat"
"s09_biscop_confirmation","Role-Separated-Credit-AOP-v2","CF5","CF",100,100000,4,299504,100000,17.8568,0.1088918024411808,0.4153318856465323,1,"Role_Separated_Credit_AOP_v2_CF5_N100_FE100000_run4_seed299504.mat"
"s09_biscop_confirmation","Role-Separated-Credit-AOP-v2","CF5","CF",100,100000,5,299505,100000,15.8423,0.1164740209827545,0.4114933221147282,1,"Role_Separated_Credit_AOP_v2_CF5_N100_FE100000_run5_seed299505.mat"
"s09_biscop_confirmation","Role-Separated-Credit-AOP-v2","CF5","CF",100,100000,6,299506,100000,19.0892,0.3516682165146377,0.2883669984707007,1,"Role_Separated_Credit_AOP_v2_CF5_N100_FE100000_run6_seed299506.mat"
"s09_biscop_confirmation","Role-Separated-Credit-AOP-v2","CF5","CF",100,100000,7,299507,100000,18.7301,0.2280773783193294,0.3371662523971475,1,"Role_Separated_Credit_AOP_v2_CF5_N100_FE100000_run7_seed299507.mat"
"s09_biscop_confirmation","Role-Separated-Credit-AOP-v2","CF5","CF",100,100000,8,299508,100000,15.2974,0.09076967107226312,0.4216933475848816,1,"Role_Separated_Credit_AOP_v2_CF5_N100_FE100000_run8_seed299508.mat"
"s09_biscop_confirmation","Role-Separated-Credit-AOP-v2","CF5","CF",100,100000,9,299509,100000,18.2499,0.2169037482847768,0.338832269199859,1,"Role_Separated_Credit_AOP_v2_CF5_N100_FE100000_run9_seed299509.mat"
"s09_biscop_confirmation","Role-Separated-Credit-AOP-v2","CF6","CF",100,100000,10,299610,100000,18.325,0.03773772996166961,0.671853313764302,1,"Role_Separated_Credit_AOP_v2_CF6_N100_FE100000_run10_seed299610.mat"
"s09_biscop_confirmation","Role-Separated-Credit-AOP-v2","CF6","CF",100,100000,1,299601,100000,18.481,0.03943023388009304,0.6728776275342456,1,"Role_Separated_Credit_AOP_v2_CF6_N100_FE100000_run1_seed299601.mat"
"s09_biscop_confirmation","Role-Separated-Credit-AOP-v2","CF6","CF",100,100000,2,299602,100000,21.0612,0.02991911856484376,0.6726898596574571,1,"Role_Separated_Credit_AOP_v2_CF6_N100_FE100000_run2_seed299602.mat"
"s09_biscop_confirmation","Role-Separated-Credit-AOP-v2","CF6","CF",100,100000,3,299603,100000,20.5021,0.0386252333258016,0.6734070411607134,1,"Role_Separated_Credit_AOP_v2_CF6_N100_FE100000_run3_seed299603.mat"
"s09_biscop_confirmation","Role-Separated-Credit-AOP-v2","CF6","CF",100,100000,4,299604,100000,17.9041,0.03195091735298668,0.6751284670938442,1,"Role_Separated_Credit_AOP_v2_CF6_N100_FE100000_run4_seed299604.mat"
"s09_biscop_confirmation","Role-Separated-Credit-AOP-v2","CF6","CF",100,100000,5,299605,100000,19.1224,0.04031117456063139,0.6708199147459316,1,"Role_Separated_Credit_AOP_v2_CF6_N100_FE100000_run5_seed299605.mat"
"s09_biscop_confirmation","Role-Separated-Credit-AOP-v2","CF6","CF",100,100000,6,299606,100000,19.15,0.04006663229344107,0.6729914915398807,1,"Role_Separated_Credit_AOP_v2_CF6_N100_FE100000_run6_seed299606.mat"
"s09_biscop_confirmation","Role-Separated-Credit-AOP-v2","CF6","CF",100,100000,7,299607,100000,17.8525,0.03168512774703228,0.6747843034063182,1,"Role_Separated_Credit_AOP_v2_CF6_N100_FE100000_run7_seed299607.mat"
"s09_biscop_confirmation","Role-Separated-Credit-AOP-v2","CF6","CF",100,100000,8,299608,100000,18.6383,0.02277768235501081,0.6775634881998541,1,"Role_Separated_Credit_AOP_v2_CF6_N100_FE100000_run8_seed299608.mat"
"s09_biscop_confirmation","Role-Separated-Credit-AOP-v2","CF6","CF",100,100000,9,299609,100000,19.0543,0.02389690232717802,0.6766256147963026,1,"Role_Separated_Credit_AOP_v2_CF6_N100_FE100000_run9_seed299609.mat"
"s09_biscop_confirmation","Role-Separated-Credit-AOP-v2","CF7","CF",100,100000,10,299710,100000,14.134,0.1166738121462039,0.5569781124871467,1,"Role_Separated_Credit_AOP_v2_CF7_N100_FE100000_run10_seed299710.mat"
"s09_biscop_confirmation","Role-Separated-Credit-AOP-v2","CF7","CF",100,100000,1,299701,100000,8.5779,0.2731755331027494,0.369293489936827,1,"Role_Separated_Credit_AOP_v2_CF7_N100_FE100000_run1_seed299701.mat"
"s09_biscop_confirmation","Role-Separated-Credit-AOP-v2","CF7","CF",100,100000,2,299702,100000,15.3322,0.1005739425079079,0.5721326950107964,1,"Role_Separated_Credit_AOP_v2_CF7_N100_FE100000_run2_seed299702.mat"
"s09_biscop_confirmation","Role-Separated-Credit-AOP-v2","CF7","CF",100,100000,3,299703,100000,14.4263,0.0812493774044504,0.5734920284191208,1,"Role_Separated_Credit_AOP_v2_CF7_N100_FE100000_run3_seed299703.mat"
"s09_biscop_confirmation","Role-Separated-Credit-AOP-v2","CF7","CF",100,100000,4,299704,100000,17.0415,0.2188695363426598,0.4648777760226951,1,"Role_Separated_Credit_AOP_v2_CF7_N100_FE100000_run4_seed299704.mat"
"s09_biscop_confirmation","Role-Separated-Credit-AOP-v2","CF7","CF",100,100000,5,299705,100000,14.8475,0.08405481228755611,0.58007439858851,1,"Role_Separated_Credit_AOP_v2_CF7_N100_FE100000_run5_seed299705.mat"
"s09_biscop_confirmation","Role-Separated-Credit-AOP-v2","CF7","CF",100,100000,6,299706,100000,12.6586,0.1468516161083011,0.570946192992198,1,"Role_Separated_Credit_AOP_v2_CF7_N100_FE100000_run6_seed299706.mat"
"s09_biscop_confirmation","Role-Separated-Credit-AOP-v2","CF7","CF",100,100000,7,299707,100000,13.4724,0.07005498818926914,0.6274092910570449,1,"Role_Separated_Credit_AOP_v2_CF7_N100_FE100000_run7_seed299707.mat"
"s09_biscop_confirmation","Role-Separated-Credit-AOP-v2","CF7","CF",100,100000,8,299708,100000,13.5716,0.1043433969789999,0.5689500505977166,1,"Role_Separated_Credit_AOP_v2_CF7_N100_FE100000_run8_seed299708.mat"
"s09_biscop_confirmation","Role-Separated-Credit-AOP-v2","CF7","CF",100,100000,9,299709,100000,14.118,0.09223839018684414,0.5748148137806055,1,"Role_Separated_Credit_AOP_v2_CF7_N100_FE100000_run9_seed299709.mat"
"s09_biscop_confirmation","Role-Separated-Credit-AOP-v2","CF8","CF",100,100000,10,299810,100000,13.0971,0.1461597335081289,0.3688433140650551,1,"Role_Separated_Credit_AOP_v2_CF8_N100_FE100000_run10_seed299810.mat"
"s09_biscop_confirmation","Role-Separated-Credit-AOP-v2","CF8","CF",100,100000,1,299801,100000,13.4619,0.1425784069874036,0.3648082686601777,1,"Role_Separated_Credit_AOP_v2_CF8_N100_FE100000_run1_seed299801.mat"
"s09_biscop_confirmation","Role-Separated-Credit-AOP-v2","CF8","CF",100,100000,2,299802,100000,13.1655,0.1530444936491162,0.3761162010146064,1,"Role_Separated_Credit_AOP_v2_CF8_N100_FE100000_run2_seed299802.mat"
"s09_biscop_confirmation","Role-Separated-Credit-AOP-v2","CF8","CF",100,100000,3,299803,100000,12.9942,0.149158448157082,0.3753212246988472,1,"Role_Separated_Credit_AOP_v2_CF8_N100_FE100000_run3_seed299803.mat"
"s09_biscop_confirmation","Role-Separated-Credit-AOP-v2","CF8","CF",100,100000,4,299804,100000,14.2954,0.1534776939506547,0.3746426828545806,1,"Role_Separated_Credit_AOP_v2_CF8_N100_FE100000_run4_seed299804.mat"
"s09_biscop_confirmation","Role-Separated-Credit-AOP-v2","CF8","CF",100,100000,5,299805,100000,13.9705,0.1337119148838023,0.3944940582570746,1,"Role_Separated_Credit_AOP_v2_CF8_N100_FE100000_run5_seed299805.mat"
"s09_biscop_confirmation","Role-Separated-Credit-AOP-v2","CF8","CF",100,100000,6,299806,100000,14.0439,0.1460412829475432,0.3743611730282462,1,"Role_Separated_Credit_AOP_v2_CF8_N100_FE100000_run6_seed299806.mat"
"s09_biscop_confirmation","Role-Separated-Credit-AOP-v2","CF8","CF",100,100000,7,299807,100000,13.4509,0.1573869238744429,0.3545162955661783,1,"Role_Separated_Credit_AOP_v2_CF8_N100_FE100000_run7_seed299807.mat"
"s09_biscop_confirmation","Role-Separated-Credit-AOP-v2","CF8","CF",100,100000,8,299808,100000,14.0532,0.1548337605921656,0.3617993400600988,1,"Role_Separated_Credit_AOP_v2_CF8_N100_FE100000_run8_seed299808.mat"
"s09_biscop_confirmation","Role-Separated-Credit-AOP-v2","CF8","CF",100,100000,9,299809,100000,12.8955,0.16048352148556,0.3630452341309996,1,"Role_Separated_Credit_AOP_v2_CF8_N100_FE100000_run9_seed299809.mat"
"s09_biscop_confirmation","Role-Separated-Credit-AOP-v2","CF9","CF",100,100000,10,299910,100000,19.4621,0.09564810274508455,0.4331890463808488,1,"Role_Separated_Credit_AOP_v2_CF9_N100_FE100000_run10_seed299910.mat"
"s09_biscop_confirmation","Role-Separated-Credit-AOP-v2","CF9","CF",100,100000,1,299901,100000,19.5777,0.09154502877301947,0.4322200818121003,1,"Role_Separated_Credit_AOP_v2_CF9_N100_FE100000_run1_seed299901.mat"
"s09_biscop_confirmation","Role-Separated-Credit-AOP-v2","CF9","CF",100,100000,2,299902,100000,20.2024,0.08752160680434046,0.4290372279249833,1,"Role_Separated_Credit_AOP_v2_CF9_N100_FE100000_run2_seed299902.mat"
"s09_biscop_confirmation","Role-Separated-Credit-AOP-v2","CF9","CF",100,100000,3,299903,100000,20.0911,0.08757319602900199,0.4344380996065507,1,"Role_Separated_Credit_AOP_v2_CF9_N100_FE100000_run3_seed299903.mat"
"s09_biscop_confirmation","Role-Separated-Credit-AOP-v2","CF9","CF",100,100000,4,299904,100000,19.2111,0.08785363962789976,0.4374522067558502,1,"Role_Separated_Credit_AOP_v2_CF9_N100_FE100000_run4_seed299904.mat"
"s09_biscop_confirmation","Role-Separated-Credit-AOP-v2","CF9","CF",100,100000,5,299905,100000,19.0542,0.08642383721644548,0.4334255532549917,1,"Role_Separated_Credit_AOP_v2_CF9_N100_FE100000_run5_seed299905.mat"
"s09_biscop_confirmation","Role-Separated-Credit-AOP-v2","CF9","CF",100,100000,6,299906,100000,19.699,0.08785192566835391,0.436595434050509,1,"Role_Separated_Credit_AOP_v2_CF9_N100_FE100000_run6_seed299906.mat"
"s09_biscop_confirmation","Role-Separated-Credit-AOP-v2","CF9","CF",100,100000,7,299907,100000,19.5033,0.08964298935078195,0.4353294330814182,1,"Role_Separated_Credit_AOP_v2_CF9_N100_FE100000_run7_seed299907.mat"
"s09_biscop_confirmation","Role-Separated-Credit-AOP-v2","CF9","CF",100,100000,8,299908,100000,20.6739,0.092993645235265,0.4226602156170824,1,"Role_Separated_Credit_AOP_v2_CF9_N100_FE100000_run8_seed299908.mat"
"s09_biscop_confirmation","Role-Separated-Credit-AOP-v2","CF9","CF",100,100000,9,299909,100000,20.3092,0.08789658638306667,0.4338472169602801,1,"Role_Separated_Credit_AOP_v2_CF9_N100_FE100000_run9_seed299909.mat"
"s09_biscop_confirmation","Role-Separated-Credit-AOP-v2","DASCMOP1","DAS-CMOP",100,100000,10,301510,100000,9.6364,0.004282172458199909,0.211498628666222,1,"Role_Separated_Credit_AOP_v2_DASCMOP1_N100_FE100000_run10_seed301510.mat"
"s09_biscop_confirmation","Role-Separated-Credit-AOP-v2","DASCMOP1","DAS-CMOP",100,100000,1,301501,100000,9.5799,0.00690393026274895,0.210784654080549,1,"Role_Separated_Credit_AOP_v2_DASCMOP1_N100_FE100000_run1_seed301501.mat"
"s09_biscop_confirmation","Role-Separated-Credit-AOP-v2","DASCMOP1","DAS-CMOP",100,100000,2,301502,100000,9.7246,0.006970337591659053,0.2100474193489127,1,"Role_Separated_Credit_AOP_v2_DASCMOP1_N100_FE100000_run2_seed301502.mat"
"s09_biscop_confirmation","Role-Separated-Credit-AOP-v2","DASCMOP1","DAS-CMOP",100,100000,3,301503,100000,9.5983,0.007427886083450965,0.2108109601445817,1,"Role_Separated_Credit_AOP_v2_DASCMOP1_N100_FE100000_run3_seed301503.mat"
"s09_biscop_confirmation","Role-Separated-Credit-AOP-v2","DASCMOP1","DAS-CMOP",100,100000,4,301504,100000,9.5456,0.006018348555185612,0.2102805129323503,1,"Role_Separated_Credit_AOP_v2_DASCMOP1_N100_FE100000_run4_seed301504.mat"
"s09_biscop_confirmation","Role-Separated-Credit-AOP-v2","DASCMOP1","DAS-CMOP",100,100000,5,301505,100000,9.2885,0.004786591130514213,0.211188389107738,1,"Role_Separated_Credit_AOP_v2_DASCMOP1_N100_FE100000_run5_seed301505.mat"
"s09_biscop_confirmation","Role-Separated-Credit-AOP-v2","DASCMOP1","DAS-CMOP",100,100000,6,301506,100000,9.2586,0.004376234832431755,0.2103105199443652,1,"Role_Separated_Credit_AOP_v2_DASCMOP1_N100_FE100000_run6_seed301506.mat"
"s09_biscop_confirmation","Role-Separated-Credit-AOP-v2","DASCMOP1","DAS-CMOP",100,100000,7,301507,100000,9.3902,0.004473827473188978,0.2108308920016004,1,"Role_Separated_Credit_AOP_v2_DASCMOP1_N100_FE100000_run7_seed301507.mat"
"s09_biscop_confirmation","Role-Separated-Credit-AOP-v2","DASCMOP1","DAS-CMOP",100,100000,8,301508,100000,9.722,0.005464033263599548,0.2104522088320252,1,"Role_Separated_Credit_AOP_v2_DASCMOP1_N100_FE100000_run8_seed301508.mat"
"s09_biscop_confirmation","Role-Separated-Credit-AOP-v2","DASCMOP1","DAS-CMOP",100,100000,9,301509,100000,9.1308,0.005574222158403282,0.2117904500263249,1,"Role_Separated_Credit_AOP_v2_DASCMOP1_N100_FE100000_run9_seed301509.mat"
"s09_biscop_confirmation","Role-Separated-Credit-AOP-v2","DASCMOP2","DAS-CMOP",100,100000,10,301610,100000,9.0965,0.005330250193638148,0.3544494535660886,1,"Role_Separated_Credit_AOP_v2_DASCMOP2_N100_FE100000_run10_seed301610.mat"
"s09_biscop_confirmation","Role-Separated-Credit-AOP-v2","DASCMOP2","DAS-CMOP",100,100000,1,301601,100000,9.1329,0.005708671665706628,0.3541786594505212,1,"Role_Separated_Credit_AOP_v2_DASCMOP2_N100_FE100000_run1_seed301601.mat"
"s09_biscop_confirmation","Role-Separated-Credit-AOP-v2","DASCMOP2","DAS-CMOP",100,100000,2,301602,100000,8.734,0.005409478542036893,0.3537908552198324,1,"Role_Separated_Credit_AOP_v2_DASCMOP2_N100_FE100000_run2_seed301602.mat"
"s09_biscop_confirmation","Role-Separated-Credit-AOP-v2","DASCMOP2","DAS-CMOP",100,100000,3,301603,100000,8.8889,0.005208022618168993,0.3542079753637376,1,"Role_Separated_Credit_AOP_v2_DASCMOP2_N100_FE100000_run3_seed301603.mat"
"s09_biscop_confirmation","Role-Separated-Credit-AOP-v2","DASCMOP2","DAS-CMOP",100,100000,4,301604,100000,8.9115,0.005267654768412617,0.354110635289316,1,"Role_Separated_Credit_AOP_v2_DASCMOP2_N100_FE100000_run4_seed301604.mat"
"s09_biscop_confirmation","Role-Separated-Credit-AOP-v2","DASCMOP2","DAS-CMOP",100,100000,5,301605,100000,8.8628,0.005421612090480795,0.3540114573303791,1,"Role_Separated_Credit_AOP_v2_DASCMOP2_N100_FE100000_run5_seed301605.mat"
"s09_biscop_confirmation","Role-Separated-Credit-AOP-v2","DASCMOP2","DAS-CMOP",100,100000,6,301606,100000,9.1897,0.005708638477814098,0.354160860889045,1,"Role_Separated_Credit_AOP_v2_DASCMOP2_N100_FE100000_run6_seed301606.mat"
"s09_biscop_confirmation","Role-Separated-Credit-AOP-v2","DASCMOP2","DAS-CMOP",100,100000,7,301607,100000,8.6603,0.005251378192369423,0.3543256280136439,1,"Role_Separated_Credit_AOP_v2_DASCMOP2_N100_FE100000_run7_seed301607.mat"
"s09_biscop_confirmation","Role-Separated-Credit-AOP-v2","DASCMOP2","DAS-CMOP",100,100000,8,301608,100000,8.9633,0.004943001944547936,0.3546551379096706,1,"Role_Separated_Credit_AOP_v2_DASCMOP2_N100_FE100000_run8_seed301608.mat"
"s09_biscop_confirmation","Role-Separated-Credit-AOP-v2","DASCMOP2","DAS-CMOP",100,100000,9,301609,100000,8.992,0.005353185692358899,0.3541993700297029,1,"Role_Separated_Credit_AOP_v2_DASCMOP2_N100_FE100000_run9_seed301609.mat"
"s09_biscop_confirmation","Role-Separated-Credit-AOP-v2","DASCMOP3","DAS-CMOP",100,100000,10,301710,100000,8.3884,0.02118337831252763,0.3110634052886553,1,"Role_Separated_Credit_AOP_v2_DASCMOP3_N100_FE100000_run10_seed301710.mat"
"s09_biscop_confirmation","Role-Separated-Credit-AOP-v2","DASCMOP3","DAS-CMOP",100,100000,1,301701,100000,8.3679,0.02032853628708332,0.3115933527916457,1,"Role_Separated_Credit_AOP_v2_DASCMOP3_N100_FE100000_run1_seed301701.mat"
"s09_biscop_confirmation","Role-Separated-Credit-AOP-v2","DASCMOP3","DAS-CMOP",100,100000,2,301702,100000,8.5386,0.02133774647160275,0.3112132175862916,1,"Role_Separated_Credit_AOP_v2_DASCMOP3_N100_FE100000_run2_seed301702.mat"
"s09_biscop_confirmation","Role-Separated-Credit-AOP-v2","DASCMOP3","DAS-CMOP",100,100000,3,301703,100000,8.16,0.02204260359647379,0.3077374490480319,1,"Role_Separated_Credit_AOP_v2_DASCMOP3_N100_FE100000_run3_seed301703.mat"
"s09_biscop_confirmation","Role-Separated-Credit-AOP-v2","DASCMOP3","DAS-CMOP",100,100000,4,301704,100000,8.1143,0.02058025313370679,0.3110816149692398,1,"Role_Separated_Credit_AOP_v2_DASCMOP3_N100_FE100000_run4_seed301704.mat"
"s09_biscop_confirmation","Role-Separated-Credit-AOP-v2","DASCMOP3","DAS-CMOP",100,100000,5,301705,100000,8.4047,0.0201671894396652,0.3116910747178527,1,"Role_Separated_Credit_AOP_v2_DASCMOP3_N100_FE100000_run5_seed301705.mat"
"s09_biscop_confirmation","Role-Separated-Credit-AOP-v2","DASCMOP3","DAS-CMOP",100,100000,6,301706,100000,10.4154,0.0224163743925797,0.3087666469837866,1,"Role_Separated_Credit_AOP_v2_DASCMOP3_N100_FE100000_run6_seed301706.mat"
"s09_biscop_confirmation","Role-Separated-Credit-AOP-v2","DASCMOP3","DAS-CMOP",100,100000,7,301707,100000,8.1057,0.02059969051840167,0.3114454905244519,1,"Role_Separated_Credit_AOP_v2_DASCMOP3_N100_FE100000_run7_seed301707.mat"
"s09_biscop_confirmation","Role-Separated-Credit-AOP-v2","DASCMOP3","DAS-CMOP",100,100000,8,301708,100000,10.5193,0.01989028155925918,0.3118978091098479,1,"Role_Separated_Credit_AOP_v2_DASCMOP3_N100_FE100000_run8_seed301708.mat"
"s09_biscop_confirmation","Role-Separated-Credit-AOP-v2","DASCMOP3","DAS-CMOP",100,100000,9,301709,100000,10.2786,0.02269959755026954,0.3089107249260795,1,"Role_Separated_Credit_AOP_v2_DASCMOP3_N100_FE100000_run9_seed301709.mat"
"s09_biscop_confirmation","Role-Separated-Credit-AOP-v2","DASCMOP4","DAS-CMOP",100,100000,10,301810,100000,9.2697,0.0016712329652008,0.2032169608972943,1,"Role_Separated_Credit_AOP_v2_DASCMOP4_N100_FE100000_run10_seed301810.mat"
"s09_biscop_confirmation","Role-Separated-Credit-AOP-v2","DASCMOP4","DAS-CMOP",100,100000,1,301801,100000,7.967,0.001607055769069753,0.2040134748795353,1,"Role_Separated_Credit_AOP_v2_DASCMOP4_N100_FE100000_run1_seed301801.mat"
"s09_biscop_confirmation","Role-Separated-Credit-AOP-v2","DASCMOP4","DAS-CMOP",100,100000,2,301802,100000,8.8011,0.005290525708734591,0.2034074958959991,1,"Role_Separated_Credit_AOP_v2_DASCMOP4_N100_FE100000_run2_seed301802.mat"
"s09_biscop_confirmation","Role-Separated-Credit-AOP-v2","DASCMOP4","DAS-CMOP",100,100000,3,301803,100000,7.3793,0.005606095560823371,0.2035254097604113,1,"Role_Separated_Credit_AOP_v2_DASCMOP4_N100_FE100000_run3_seed301803.mat"
"s09_biscop_confirmation","Role-Separated-Credit-AOP-v2","DASCMOP4","DAS-CMOP",100,100000,4,301804,100000,8.9798,0.001995172261389852,0.2037633075190653,1,"Role_Separated_Credit_AOP_v2_DASCMOP4_N100_FE100000_run4_seed301804.mat"
"s09_biscop_confirmation","Role-Separated-Credit-AOP-v2","DASCMOP4","DAS-CMOP",100,100000,5,301805,100000,8.9378,0.001272568928236105,0.2039065373311986,1,"Role_Separated_Credit_AOP_v2_DASCMOP4_N100_FE100000_run5_seed301805.mat"
"s09_biscop_confirmation","Role-Separated-Credit-AOP-v2","DASCMOP4","DAS-CMOP",100,100000,6,301806,100000,7.5838,0.001729741659058051,0.2037206399358205,1,"Role_Separated_Credit_AOP_v2_DASCMOP4_N100_FE100000_run6_seed301806.mat"
"s09_biscop_confirmation","Role-Separated-Credit-AOP-v2","DASCMOP4","DAS-CMOP",100,100000,7,301807,100000,7.6754,0.001711293179502652,0.2030912307028983,1,"Role_Separated_Credit_AOP_v2_DASCMOP4_N100_FE100000_run7_seed301807.mat"
"s09_biscop_confirmation","Role-Separated-Credit-AOP-v2","DASCMOP4","DAS-CMOP",100,100000,8,301808,100000,9.5527,0.001634373487321438,0.2038270039864862,1,"Role_Separated_Credit_AOP_v2_DASCMOP4_N100_FE100000_run8_seed301808.mat"
"s09_biscop_confirmation","Role-Separated-Credit-AOP-v2","DASCMOP4","DAS-CMOP",100,100000,9,301809,100000,7.7074,0.001274504508700297,0.203859929185067,1,"Role_Separated_Credit_AOP_v2_DASCMOP4_N100_FE100000_run9_seed301809.mat"
"s09_biscop_confirmation","Role-Separated-Credit-AOP-v2","DASCMOP5","DAS-CMOP",100,100000,10,301910,100000,8.7561,0.00361762556069696,0.3503738444508147,1,"Role_Separated_Credit_AOP_v2_DASCMOP5_N100_FE100000_run10_seed301910.mat"
"s09_biscop_confirmation","Role-Separated-Credit-AOP-v2","DASCMOP5","DAS-CMOP",100,100000,1,301901,100000,9.4032,0.003155939575505018,0.3513074324773003,1,"Role_Separated_Credit_AOP_v2_DASCMOP5_N100_FE100000_run1_seed301901.mat"
"s09_biscop_confirmation","Role-Separated-Credit-AOP-v2","DASCMOP5","DAS-CMOP",100,100000,2,301902,100000,7.4351,0.003689519448616422,0.3506221696912007,1,"Role_Separated_Credit_AOP_v2_DASCMOP5_N100_FE100000_run2_seed301902.mat"
"s09_biscop_confirmation","Role-Separated-Credit-AOP-v2","DASCMOP5","DAS-CMOP",100,100000,3,301903,100000,7.6572,0.002709998569427906,0.3512402367345127,1,"Role_Separated_Credit_AOP_v2_DASCMOP5_N100_FE100000_run3_seed301903.mat"
"s09_biscop_confirmation","Role-Separated-Credit-AOP-v2","DASCMOP5","DAS-CMOP",100,100000,4,301904,100000,8.3296,0.003580985198312739,0.3506238154108168,1,"Role_Separated_Credit_AOP_v2_DASCMOP5_N100_FE100000_run4_seed301904.mat"
"s09_biscop_confirmation","Role-Separated-Credit-AOP-v2","DASCMOP5","DAS-CMOP",100,100000,5,301905,100000,7.3622,0.003525111890218422,0.3507522018591023,1,"Role_Separated_Credit_AOP_v2_DASCMOP5_N100_FE100000_run5_seed301905.mat"
"s09_biscop_confirmation","Role-Separated-Credit-AOP-v2","DASCMOP5","DAS-CMOP",100,100000,6,301906,100000,8.2432,0.004456575659995638,0.3496855095258454,1,"Role_Separated_Credit_AOP_v2_DASCMOP5_N100_FE100000_run6_seed301906.mat"
"s09_biscop_confirmation","Role-Separated-Credit-AOP-v2","DASCMOP5","DAS-CMOP",100,100000,7,301907,100000,8.3007,0.003032741978643666,0.3509240831447507,1,"Role_Separated_Credit_AOP_v2_DASCMOP5_N100_FE100000_run7_seed301907.mat"
"s09_biscop_confirmation","Role-Separated-Credit-AOP-v2","DASCMOP5","DAS-CMOP",100,100000,8,301908,100000,7.333,0.00404168801633471,0.3505791632147002,1,"Role_Separated_Credit_AOP_v2_DASCMOP5_N100_FE100000_run8_seed301908.mat"
"s09_biscop_confirmation","Role-Separated-Credit-AOP-v2","DASCMOP5","DAS-CMOP",100,100000,9,301909,100000,7.5644,0.003832613252622124,0.3503882073031844,1,"Role_Separated_Credit_AOP_v2_DASCMOP5_N100_FE100000_run9_seed301909.mat"
"s09_biscop_confirmation","Role-Separated-Credit-AOP-v2","DASCMOP6","DAS-CMOP",100,100000,10,302010,100000,7.2043,0.01981701806081927,0.3121181427016376,1,"Role_Separated_Credit_AOP_v2_DASCMOP6_N100_FE100000_run10_seed302010.mat"
"s09_biscop_confirmation","Role-Separated-Credit-AOP-v2","DASCMOP6","DAS-CMOP",100,100000,1,302001,100000,7.4031,0.01971007872088236,0.3125175708787009,1,"Role_Separated_Credit_AOP_v2_DASCMOP6_N100_FE100000_run1_seed302001.mat"
"s09_biscop_confirmation","Role-Separated-Credit-AOP-v2","DASCMOP6","DAS-CMOP",100,100000,2,302002,100000,8.5226,0.01958785488729966,0.3122219638757403,1,"Role_Separated_Credit_AOP_v2_DASCMOP6_N100_FE100000_run2_seed302002.mat"
"s09_biscop_confirmation","Role-Separated-Credit-AOP-v2","DASCMOP6","DAS-CMOP",100,100000,3,302003,100000,8.3784,0.01954053718384904,0.3122594294085935,1,"Role_Separated_Credit_AOP_v2_DASCMOP6_N100_FE100000_run3_seed302003.mat"
"s09_biscop_confirmation","Role-Separated-Credit-AOP-v2","DASCMOP6","DAS-CMOP",100,100000,4,302004,100000,7.2988,0.02196182065179845,0.3102662308980625,1,"Role_Separated_Credit_AOP_v2_DASCMOP6_N100_FE100000_run4_seed302004.mat"
"s09_biscop_confirmation","Role-Separated-Credit-AOP-v2","DASCMOP6","DAS-CMOP",100,100000,5,302005,100000,7.5347,0.01950674729527517,0.3121556116880918,1,"Role_Separated_Credit_AOP_v2_DASCMOP6_N100_FE100000_run5_seed302005.mat"
"s09_biscop_confirmation","Role-Separated-Credit-AOP-v2","DASCMOP6","DAS-CMOP",100,100000,6,302006,100000,8.1162,0.0196330868635217,0.3118607615821044,1,"Role_Separated_Credit_AOP_v2_DASCMOP6_N100_FE100000_run6_seed302006.mat"
"s09_biscop_confirmation","Role-Separated-Credit-AOP-v2","DASCMOP6","DAS-CMOP",100,100000,7,302007,100000,7.3192,0.01990444610852173,0.3110419314452576,1,"Role_Separated_Credit_AOP_v2_DASCMOP6_N100_FE100000_run7_seed302007.mat"
"s09_biscop_confirmation","Role-Separated-Credit-AOP-v2","DASCMOP6","DAS-CMOP",100,100000,8,302008,100000,8.0619,0.01983387985341951,0.3119783763523892,1,"Role_Separated_Credit_AOP_v2_DASCMOP6_N100_FE100000_run8_seed302008.mat"
"s09_biscop_confirmation","Role-Separated-Credit-AOP-v2","DASCMOP6","DAS-CMOP",100,100000,9,302009,100000,7.9981,0.01964171636149375,0.3110432191927236,1,"Role_Separated_Credit_AOP_v2_DASCMOP6_N100_FE100000_run9_seed302009.mat"
"s09_biscop_confirmation","Role-Separated-Credit-AOP-v2","DASCMOP7","DAS-CMOP",100,100000,10,302110,100000,11.2691,0.03022152125407169,0.2871897091032097,1,"Role_Separated_Credit_AOP_v2_DASCMOP7_N100_FE100000_run10_seed302110.mat"
"s09_biscop_confirmation","Role-Separated-Credit-AOP-v2","DASCMOP7","DAS-CMOP",100,100000,1,302101,100000,9.9755,0.0301471489179522,0.287966834154338,1,"Role_Separated_Credit_AOP_v2_DASCMOP7_N100_FE100000_run1_seed302101.mat"
"s09_biscop_confirmation","Role-Separated-Credit-AOP-v2","DASCMOP7","DAS-CMOP",100,100000,2,302102,100000,11.0914,0.02943400007864689,0.2876381607500604,1,"Role_Separated_Credit_AOP_v2_DASCMOP7_N100_FE100000_run2_seed302102.mat"
"s09_biscop_confirmation","Role-Separated-Credit-AOP-v2","DASCMOP7","DAS-CMOP",100,100000,3,302103,100000,10.5558,0.02955932883965803,0.2865495194330051,1,"Role_Separated_Credit_AOP_v2_DASCMOP7_N100_FE100000_run3_seed302103.mat"
"s09_biscop_confirmation","Role-Separated-Credit-AOP-v2","DASCMOP7","DAS-CMOP",100,100000,4,302104,100000,11.5823,0.03027092745465581,0.2873288777709239,1,"Role_Separated_Credit_AOP_v2_DASCMOP7_N100_FE100000_run4_seed302104.mat"
"s09_biscop_confirmation","Role-Separated-Credit-AOP-v2","DASCMOP7","DAS-CMOP",100,100000,5,302105,100000,11.5434,0.02962563872182728,0.2876723387653194,1,"Role_Separated_Credit_AOP_v2_DASCMOP7_N100_FE100000_run5_seed302105.mat"
"s09_biscop_confirmation","Role-Separated-Credit-AOP-v2","DASCMOP7","DAS-CMOP",100,100000,6,302106,100000,10.4796,0.03033248661714594,0.2872046428798375,1,"Role_Separated_Credit_AOP_v2_DASCMOP7_N100_FE100000_run6_seed302106.mat"
"s09_biscop_confirmation","Role-Separated-Credit-AOP-v2","DASCMOP7","DAS-CMOP",100,100000,7,302107,100000,11.5829,0.02925245194093271,0.2883392260823456,1,"Role_Separated_Credit_AOP_v2_DASCMOP7_N100_FE100000_run7_seed302107.mat"
"s09_biscop_confirmation","Role-Separated-Credit-AOP-v2","DASCMOP7","DAS-CMOP",100,100000,8,302108,100000,13.0451,0.03083828909743088,0.2865310624225741,1,"Role_Separated_Credit_AOP_v2_DASCMOP7_N100_FE100000_run8_seed302108.mat"
"s09_biscop_confirmation","Role-Separated-Credit-AOP-v2","DASCMOP7","DAS-CMOP",100,100000,9,302109,100000,9.3302,0.0307761714610255,0.2878773503715591,1,"Role_Separated_Credit_AOP_v2_DASCMOP7_N100_FE100000_run9_seed302109.mat"
"s09_biscop_confirmation","Role-Separated-Credit-AOP-v2","DASCMOP8","DAS-CMOP",100,100000,10,302210,100000,10.9309,0.038287121656496,0.2066959617954216,1,"Role_Separated_Credit_AOP_v2_DASCMOP8_N100_FE100000_run10_seed302210.mat"
"s09_biscop_confirmation","Role-Separated-Credit-AOP-v2","DASCMOP8","DAS-CMOP",100,100000,1,302201,100000,11.6125,0.03980941430685589,0.2061438156862076,1,"Role_Separated_Credit_AOP_v2_DASCMOP8_N100_FE100000_run1_seed302201.mat"
"s09_biscop_confirmation","Role-Separated-Credit-AOP-v2","DASCMOP8","DAS-CMOP",100,100000,2,302202,100000,10.023,0.03788864052874838,0.2070658771980942,1,"Role_Separated_Credit_AOP_v2_DASCMOP8_N100_FE100000_run2_seed302202.mat"
"s09_biscop_confirmation","Role-Separated-Credit-AOP-v2","DASCMOP8","DAS-CMOP",100,100000,3,302203,100000,10.9631,0.03944973083964624,0.2069406275793814,1,"Role_Separated_Credit_AOP_v2_DASCMOP8_N100_FE100000_run3_seed302203.mat"
"s09_biscop_confirmation","Role-Separated-Credit-AOP-v2","DASCMOP8","DAS-CMOP",100,100000,4,302204,100000,11.2237,0.03991973344994243,0.2070447787339391,1,"Role_Separated_Credit_AOP_v2_DASCMOP8_N100_FE100000_run4_seed302204.mat"
"s09_biscop_confirmation","Role-Separated-Credit-AOP-v2","DASCMOP8","DAS-CMOP",100,100000,5,302205,100000,12.5687,0.04297186357109303,0.2045224831222942,1,"Role_Separated_Credit_AOP_v2_DASCMOP8_N100_FE100000_run5_seed302205.mat"
"s09_biscop_confirmation","Role-Separated-Credit-AOP-v2","DASCMOP8","DAS-CMOP",100,100000,6,302206,100000,10.6746,0.0391989770075682,0.2069980513490323,1,"Role_Separated_Credit_AOP_v2_DASCMOP8_N100_FE100000_run6_seed302206.mat"
"s09_biscop_confirmation","Role-Separated-Credit-AOP-v2","DASCMOP8","DAS-CMOP",100,100000,7,302207,100000,11.2959,0.03796358587774779,0.2063131198549166,1,"Role_Separated_Credit_AOP_v2_DASCMOP8_N100_FE100000_run7_seed302207.mat"
"s09_biscop_confirmation","Role-Separated-Credit-AOP-v2","DASCMOP8","DAS-CMOP",100,100000,8,302208,100000,10.3058,0.03825964438357155,0.2073740263875812,1,"Role_Separated_Credit_AOP_v2_DASCMOP8_N100_FE100000_run8_seed302208.mat"
"s09_biscop_confirmation","Role-Separated-Credit-AOP-v2","DASCMOP8","DAS-CMOP",100,100000,9,302209,100000,9.6911,0.03854593633416904,0.2065156394777988,1,"Role_Separated_Credit_AOP_v2_DASCMOP8_N100_FE100000_run9_seed302209.mat"
"s09_biscop_confirmation","Role-Separated-Credit-AOP-v2","DASCMOP9","DAS-CMOP",100,100000,10,302310,100000,10.4359,0.04227998160144195,0.2057829368816469,1,"Role_Separated_Credit_AOP_v2_DASCMOP9_N100_FE100000_run10_seed302310.mat"
"s09_biscop_confirmation","Role-Separated-Credit-AOP-v2","DASCMOP9","DAS-CMOP",100,100000,1,302301,100000,10.534,0.0418917645776862,0.205397713912239,1,"Role_Separated_Credit_AOP_v2_DASCMOP9_N100_FE100000_run1_seed302301.mat"
"s09_biscop_confirmation","Role-Separated-Credit-AOP-v2","DASCMOP9","DAS-CMOP",100,100000,2,302302,100000,11.1188,0.04032639321539001,0.2054859619565003,1,"Role_Separated_Credit_AOP_v2_DASCMOP9_N100_FE100000_run2_seed302302.mat"
"s09_biscop_confirmation","Role-Separated-Credit-AOP-v2","DASCMOP9","DAS-CMOP",100,100000,3,302303,100000,11.111,0.04175155745790639,0.2057221999529494,1,"Role_Separated_Credit_AOP_v2_DASCMOP9_N100_FE100000_run3_seed302303.mat"
"s09_biscop_confirmation","Role-Separated-Credit-AOP-v2","DASCMOP9","DAS-CMOP",100,100000,4,302304,100000,10.4281,0.04238604091700035,0.205279598697452,1,"Role_Separated_Credit_AOP_v2_DASCMOP9_N100_FE100000_run4_seed302304.mat"
"s09_biscop_confirmation","Role-Separated-Credit-AOP-v2","DASCMOP9","DAS-CMOP",100,100000,5,302305,100000,10.7052,0.04328202597066686,0.2056577165855885,1,"Role_Separated_Credit_AOP_v2_DASCMOP9_N100_FE100000_run5_seed302305.mat"
"s09_biscop_confirmation","Role-Separated-Credit-AOP-v2","DASCMOP9","DAS-CMOP",100,100000,6,302306,100000,11.1907,0.03900496950913123,0.2052501821279486,1,"Role_Separated_Credit_AOP_v2_DASCMOP9_N100_FE100000_run6_seed302306.mat"
"s09_biscop_confirmation","Role-Separated-Credit-AOP-v2","DASCMOP9","DAS-CMOP",100,100000,7,302307,100000,10.6445,0.04246250858450161,0.205526351598179,1,"Role_Separated_Credit_AOP_v2_DASCMOP9_N100_FE100000_run7_seed302307.mat"
"s09_biscop_confirmation","Role-Separated-Credit-AOP-v2","DASCMOP9","DAS-CMOP",100,100000,8,302308,100000,11.2124,0.04151668110122093,0.2055880083517021,1,"Role_Separated_Credit_AOP_v2_DASCMOP9_N100_FE100000_run8_seed302308.mat"
"s09_biscop_confirmation","Role-Separated-Credit-AOP-v2","DASCMOP9","DAS-CMOP",100,100000,9,302309,100000,11.1345,0.04704930383314301,0.2055769242580949,1,"Role_Separated_Credit_AOP_v2_DASCMOP9_N100_FE100000_run9_seed302309.mat"
"s09_biscop_confirmation","Role-Separated-Credit-AOP-v2","LIRCMOP10","LIR-CMOP",100,100000,10,301010,100000,19.3146,0.02965847410686434,0.6918076985391755,1,"Role_Separated_Credit_AOP_v2_LIRCMOP10_N100_FE100000_run10_seed301010.mat"
"s09_biscop_confirmation","Role-Separated-Credit-AOP-v2","LIRCMOP10","LIR-CMOP",100,100000,1,301001,100000,20.3529,0.1021647085904976,0.6698770163453531,1,"Role_Separated_Credit_AOP_v2_LIRCMOP10_N100_FE100000_run1_seed301001.mat"
"s09_biscop_confirmation","Role-Separated-Credit-AOP-v2","LIRCMOP10","LIR-CMOP",100,100000,2,301002,100000,19.9868,0.02997681268508083,0.6926108462229505,1,"Role_Separated_Credit_AOP_v2_LIRCMOP10_N100_FE100000_run2_seed301002.mat"
"s09_biscop_confirmation","Role-Separated-Credit-AOP-v2","LIRCMOP10","LIR-CMOP",100,100000,3,301003,100000,19.932,0.03906149069500728,0.681408568060912,1,"Role_Separated_Credit_AOP_v2_LIRCMOP10_N100_FE100000_run3_seed301003.mat"
"s09_biscop_confirmation","Role-Separated-Credit-AOP-v2","LIRCMOP10","LIR-CMOP",100,100000,4,301004,100000,21.0395,0.1026552865584478,0.6694322244151445,1,"Role_Separated_Credit_AOP_v2_LIRCMOP10_N100_FE100000_run4_seed301004.mat"
"s09_biscop_confirmation","Role-Separated-Credit-AOP-v2","LIRCMOP10","LIR-CMOP",100,100000,5,301005,100000,18.6521,0.1047260666975653,0.6680782542294648,1,"Role_Separated_Credit_AOP_v2_LIRCMOP10_N100_FE100000_run5_seed301005.mat"
"s09_biscop_confirmation","Role-Separated-Credit-AOP-v2","LIRCMOP10","LIR-CMOP",100,100000,6,301006,100000,20.3067,0.01965161073984975,0.6970442969344681,1,"Role_Separated_Credit_AOP_v2_LIRCMOP10_N100_FE100000_run6_seed301006.mat"
"s09_biscop_confirmation","Role-Separated-Credit-AOP-v2","LIRCMOP10","LIR-CMOP",100,100000,7,301007,100000,19.7158,0.0399663253778987,0.6853785982942292,1,"Role_Separated_Credit_AOP_v2_LIRCMOP10_N100_FE100000_run7_seed301007.mat"
"s09_biscop_confirmation","Role-Separated-Credit-AOP-v2","LIRCMOP10","LIR-CMOP",100,100000,8,301008,100000,18.2647,0.1058242755588033,0.6689522252213006,1,"Role_Separated_Credit_AOP_v2_LIRCMOP10_N100_FE100000_run8_seed301008.mat"
"s09_biscop_confirmation","Role-Separated-Credit-AOP-v2","LIRCMOP10","LIR-CMOP",100,100000,9,301009,100000,19.0543,0.01945522008682593,0.6979225893426738,1,"Role_Separated_Credit_AOP_v2_LIRCMOP10_N100_FE100000_run9_seed301009.mat"
"s09_biscop_confirmation","Role-Separated-Credit-AOP-v2","LIRCMOP11","LIR-CMOP",100,100000,10,301110,100000,16.6773,0.008115938890712207,0.6895577177364751,1,"Role_Separated_Credit_AOP_v2_LIRCMOP11_N100_FE100000_run10_seed301110.mat"
"s09_biscop_confirmation","Role-Separated-Credit-AOP-v2","LIRCMOP11","LIR-CMOP",100,100000,1,301101,100000,16.4749,0.07247706265117784,0.6601899150421139,1,"Role_Separated_Credit_AOP_v2_LIRCMOP11_N100_FE100000_run1_seed301101.mat"
"s09_biscop_confirmation","Role-Separated-Credit-AOP-v2","LIRCMOP11","LIR-CMOP",100,100000,2,301102,100000,16.7118,0.0173765846390607,0.683105541347739,1,"Role_Separated_Credit_AOP_v2_LIRCMOP11_N100_FE100000_run2_seed301102.mat"
"s09_biscop_confirmation","Role-Separated-Credit-AOP-v2","LIRCMOP11","LIR-CMOP",100,100000,3,301103,100000,16.6764,0.01651881785728487,0.6835202922628637,1,"Role_Separated_Credit_AOP_v2_LIRCMOP11_N100_FE100000_run3_seed301103.mat"
"s09_biscop_confirmation","Role-Separated-Credit-AOP-v2","LIRCMOP11","LIR-CMOP",100,100000,4,301104,100000,16.4734,0.01193136129577991,0.6863765050032082,1,"Role_Separated_Credit_AOP_v2_LIRCMOP11_N100_FE100000_run4_seed301104.mat"
"s09_biscop_confirmation","Role-Separated-Credit-AOP-v2","LIRCMOP11","LIR-CMOP",100,100000,5,301105,100000,16.2002,0.02298239401469101,0.6806391482580386,1,"Role_Separated_Credit_AOP_v2_LIRCMOP11_N100_FE100000_run5_seed301105.mat"
"s09_biscop_confirmation","Role-Separated-Credit-AOP-v2","LIRCMOP11","LIR-CMOP",100,100000,6,301106,100000,18.9602,0.02562580546058639,0.6762632179264089,1,"Role_Separated_Credit_AOP_v2_LIRCMOP11_N100_FE100000_run6_seed301106.mat"
"s09_biscop_confirmation","Role-Separated-Credit-AOP-v2","LIRCMOP11","LIR-CMOP",100,100000,7,301107,100000,16.0999,0.02462130152556082,0.6777003961654949,1,"Role_Separated_Credit_AOP_v2_LIRCMOP11_N100_FE100000_run7_seed301107.mat"
"s09_biscop_confirmation","Role-Separated-Credit-AOP-v2","LIRCMOP11","LIR-CMOP",100,100000,8,301108,100000,17.2901,0.01663373915949498,0.6825076925049797,1,"Role_Separated_Credit_AOP_v2_LIRCMOP11_N100_FE100000_run8_seed301108.mat"
"s09_biscop_confirmation","Role-Separated-Credit-AOP-v2","LIRCMOP11","LIR-CMOP",100,100000,9,301109,100000,16.4839,0.01431334463888483,0.6843194088654075,1,"Role_Separated_Credit_AOP_v2_LIRCMOP11_N100_FE100000_run9_seed301109.mat"
"s09_biscop_confirmation","Role-Separated-Credit-AOP-v2","LIRCMOP12","LIR-CMOP",100,100000,10,301210,100000,9.7154,0.1530467018612287,0.5470820456559514,1,"Role_Separated_Credit_AOP_v2_LIRCMOP12_N100_FE100000_run10_seed301210.mat"
"s09_biscop_confirmation","Role-Separated-Credit-AOP-v2","LIRCMOP12","LIR-CMOP",100,100000,1,301201,100000,9.6926,0.1318669770719697,0.5607710993781025,1,"Role_Separated_Credit_AOP_v2_LIRCMOP12_N100_FE100000_run1_seed301201.mat"
"s09_biscop_confirmation","Role-Separated-Credit-AOP-v2","LIRCMOP12","LIR-CMOP",100,100000,2,301202,100000,10.7964,0.1516163349967183,0.555587728819718,1,"Role_Separated_Credit_AOP_v2_LIRCMOP12_N100_FE100000_run2_seed301202.mat"
"s09_biscop_confirmation","Role-Separated-Credit-AOP-v2","LIRCMOP12","LIR-CMOP",100,100000,3,301203,100000,9.1888,0.08503929196988258,0.5848269023094673,1,"Role_Separated_Credit_AOP_v2_LIRCMOP12_N100_FE100000_run3_seed301203.mat"
"s09_biscop_confirmation","Role-Separated-Credit-AOP-v2","LIRCMOP12","LIR-CMOP",100,100000,4,301204,100000,10.0008,0.08189068087837888,0.5889247177639179,1,"Role_Separated_Credit_AOP_v2_LIRCMOP12_N100_FE100000_run4_seed301204.mat"
"s09_biscop_confirmation","Role-Separated-Credit-AOP-v2","LIRCMOP12","LIR-CMOP",100,100000,5,301205,100000,10.1806,0.1022183140747423,0.5742653974575402,1,"Role_Separated_Credit_AOP_v2_LIRCMOP12_N100_FE100000_run5_seed301205.mat"
"s09_biscop_confirmation","Role-Separated-Credit-AOP-v2","LIRCMOP12","LIR-CMOP",100,100000,6,301206,100000,9.8464,0.1013685409112828,0.5742467455985468,1,"Role_Separated_Credit_AOP_v2_LIRCMOP12_N100_FE100000_run6_seed301206.mat"
"s09_biscop_confirmation","Role-Separated-Credit-AOP-v2","LIRCMOP12","LIR-CMOP",100,100000,7,301207,100000,9.6933,0.08376827737570297,0.586581926166059,1,"Role_Separated_Credit_AOP_v2_LIRCMOP12_N100_FE100000_run7_seed301207.mat"
"s09_biscop_confirmation","Role-Separated-Credit-AOP-v2","LIRCMOP12","LIR-CMOP",100,100000,8,301208,100000,9.9043,0.1029265423248218,0.5750824528077392,1,"Role_Separated_Credit_AOP_v2_LIRCMOP12_N100_FE100000_run8_seed301208.mat"
"s09_biscop_confirmation","Role-Separated-Credit-AOP-v2","LIRCMOP12","LIR-CMOP",100,100000,9,301209,100000,9.0939,0.08268252011976293,0.5881499677273369,1,"Role_Separated_Credit_AOP_v2_LIRCMOP12_N100_FE100000_run9_seed301209.mat"
"s09_biscop_confirmation","Role-Separated-Credit-AOP-v2","LIRCMOP13","LIR-CMOP",100,100000,10,301310,100000,47.5398,0.09742767424723542,0.5432326808244425,1,"Role_Separated_Credit_AOP_v2_LIRCMOP13_N100_FE100000_run10_seed301310.mat"
"s09_biscop_confirmation","Role-Separated-Credit-AOP-v2","LIRCMOP13","LIR-CMOP",100,100000,1,301301,100000,47.8667,0.09892898197598451,0.5427315427550432,1,"Role_Separated_Credit_AOP_v2_LIRCMOP13_N100_FE100000_run1_seed301301.mat"
"s09_biscop_confirmation","Role-Separated-Credit-AOP-v2","LIRCMOP13","LIR-CMOP",100,100000,2,301302,100000,45.8397,0.09581499552080429,0.5428697016510874,1,"Role_Separated_Credit_AOP_v2_LIRCMOP13_N100_FE100000_run2_seed301302.mat"
"s09_biscop_confirmation","Role-Separated-Credit-AOP-v2","LIRCMOP13","LIR-CMOP",100,100000,3,301303,100000,46.5877,0.09792533422104831,0.543569318289429,1,"Role_Separated_Credit_AOP_v2_LIRCMOP13_N100_FE100000_run3_seed301303.mat"
"s09_biscop_confirmation","Role-Separated-Credit-AOP-v2","LIRCMOP13","LIR-CMOP",100,100000,4,301304,100000,47.1522,0.09913087579737931,0.5420112527201263,1,"Role_Separated_Credit_AOP_v2_LIRCMOP13_N100_FE100000_run4_seed301304.mat"
"s09_biscop_confirmation","Role-Separated-Credit-AOP-v2","LIRCMOP13","LIR-CMOP",100,100000,5,301305,100000,45.1942,0.09763465064448694,0.5423546137390267,1,"Role_Separated_Credit_AOP_v2_LIRCMOP13_N100_FE100000_run5_seed301305.mat"
"s09_biscop_confirmation","Role-Separated-Credit-AOP-v2","LIRCMOP13","LIR-CMOP",100,100000,6,301306,100000,46.924,0.09539393661490973,0.5451455177725508,1,"Role_Separated_Credit_AOP_v2_LIRCMOP13_N100_FE100000_run6_seed301306.mat"
"s09_biscop_confirmation","Role-Separated-Credit-AOP-v2","LIRCMOP13","LIR-CMOP",100,100000,7,301307,100000,47.5443,0.09889105541690553,0.5429038902624984,1,"Role_Separated_Credit_AOP_v2_LIRCMOP13_N100_FE100000_run7_seed301307.mat"
"s09_biscop_confirmation","Role-Separated-Credit-AOP-v2","LIRCMOP13","LIR-CMOP",100,100000,8,301308,100000,44.8599,0.1001669530680015,0.540785186273665,1,"Role_Separated_Credit_AOP_v2_LIRCMOP13_N100_FE100000_run8_seed301308.mat"
"s09_biscop_confirmation","Role-Separated-Credit-AOP-v2","LIRCMOP13","LIR-CMOP",100,100000,9,301309,100000,46.54,0.09792378034560645,0.5393310616228031,1,"Role_Separated_Credit_AOP_v2_LIRCMOP13_N100_FE100000_run9_seed301309.mat"
"s09_biscop_confirmation","Role-Separated-Credit-AOP-v2","LIRCMOP14","LIR-CMOP",100,100000,10,301410,100000,33.6301,0.09644766172933232,0.5509421160842516,1,"Role_Separated_Credit_AOP_v2_LIRCMOP14_N100_FE100000_run10_seed301410.mat"
"s09_biscop_confirmation","Role-Separated-Credit-AOP-v2","LIRCMOP14","LIR-CMOP",100,100000,1,301401,100000,35.0387,0.09742545941017515,0.5495716789738508,1,"Role_Separated_Credit_AOP_v2_LIRCMOP14_N100_FE100000_run1_seed301401.mat"
"s09_biscop_confirmation","Role-Separated-Credit-AOP-v2","LIRCMOP14","LIR-CMOP",100,100000,2,301402,100000,35.8307,0.09661194114645338,0.5517754560932586,1,"Role_Separated_Credit_AOP_v2_LIRCMOP14_N100_FE100000_run2_seed301402.mat"
"s09_biscop_confirmation","Role-Separated-Credit-AOP-v2","LIRCMOP14","LIR-CMOP",100,100000,3,301403,100000,35.4151,0.09681711365552979,0.5502948021424368,1,"Role_Separated_Credit_AOP_v2_LIRCMOP14_N100_FE100000_run3_seed301403.mat"
"s09_biscop_confirmation","Role-Separated-Credit-AOP-v2","LIRCMOP14","LIR-CMOP",100,100000,4,301404,100000,34.2286,0.09745939667990575,0.5523671505190078,1,"Role_Separated_Credit_AOP_v2_LIRCMOP14_N100_FE100000_run4_seed301404.mat"
"s09_biscop_confirmation","Role-Separated-Credit-AOP-v2","LIRCMOP14","LIR-CMOP",100,100000,5,301405,100000,34.4905,0.09806596176413519,0.5513672945051924,1,"Role_Separated_Credit_AOP_v2_LIRCMOP14_N100_FE100000_run5_seed301405.mat"
"s09_biscop_confirmation","Role-Separated-Credit-AOP-v2","LIRCMOP14","LIR-CMOP",100,100000,6,301406,100000,34.7352,0.09906671419247656,0.548913344218616,1,"Role_Separated_Credit_AOP_v2_LIRCMOP14_N100_FE100000_run6_seed301406.mat"
"s09_biscop_confirmation","Role-Separated-Credit-AOP-v2","LIRCMOP14","LIR-CMOP",100,100000,7,301407,100000,33.9632,0.09632881615246625,0.5524194019106956,1,"Role_Separated_Credit_AOP_v2_LIRCMOP14_N100_FE100000_run7_seed301407.mat"
"s09_biscop_confirmation","Role-Separated-Credit-AOP-v2","LIRCMOP14","LIR-CMOP",100,100000,8,301408,100000,35.2546,0.09816736787472438,0.5509701456537996,1,"Role_Separated_Credit_AOP_v2_LIRCMOP14_N100_FE100000_run8_seed301408.mat"
"s09_biscop_confirmation","Role-Separated-Credit-AOP-v2","LIRCMOP14","LIR-CMOP",100,100000,9,301409,100000,35.6171,0.09625113080150242,0.5532893757388901,1,"Role_Separated_Credit_AOP_v2_LIRCMOP14_N100_FE100000_run9_seed301409.mat"
"s09_biscop_confirmation","Role-Separated-Credit-AOP-v2","LIRCMOP1","LIR-CMOP",100,100000,10,300110,100000,9.1015,0.223543961961419,0.1370132337786501,1,"Role_Separated_Credit_AOP_v2_LIRCMOP1_N100_FE100000_run10_seed300110.mat"
"s09_biscop_confirmation","Role-Separated-Credit-AOP-v2","LIRCMOP1","LIR-CMOP",100,100000,1,300101,100000,9.0343,0.2467222800804359,0.123811791766057,1,"Role_Separated_Credit_AOP_v2_LIRCMOP1_N100_FE100000_run1_seed300101.mat"
"s09_biscop_confirmation","Role-Separated-Credit-AOP-v2","LIRCMOP1","LIR-CMOP",100,100000,2,300102,100000,8.8627,0.3352842400030278,0.09474439289728274,1,"Role_Separated_Credit_AOP_v2_LIRCMOP1_N100_FE100000_run2_seed300102.mat"
"s09_biscop_confirmation","Role-Separated-Credit-AOP-v2","LIRCMOP1","LIR-CMOP",100,100000,3,300103,100000,8.9731,0.212794410961373,0.1389499307452331,1,"Role_Separated_Credit_AOP_v2_LIRCMOP1_N100_FE100000_run3_seed300103.mat"
"s09_biscop_confirmation","Role-Separated-Credit-AOP-v2","LIRCMOP1","LIR-CMOP",100,100000,4,300104,100000,9.1708,0.1912365393979746,0.1569156148483243,1,"Role_Separated_Credit_AOP_v2_LIRCMOP1_N100_FE100000_run4_seed300104.mat"
"s09_biscop_confirmation","Role-Separated-Credit-AOP-v2","LIRCMOP1","LIR-CMOP",100,100000,5,300105,100000,8.9425,0.2709199386315203,0.1179334680053248,1,"Role_Separated_Credit_AOP_v2_LIRCMOP1_N100_FE100000_run5_seed300105.mat"
"s09_biscop_confirmation","Role-Separated-Credit-AOP-v2","LIRCMOP1","LIR-CMOP",100,100000,6,300106,100000,9.0698,0.3026328020109315,0.1123026330806045,1,"Role_Separated_Credit_AOP_v2_LIRCMOP1_N100_FE100000_run6_seed300106.mat"
"s09_biscop_confirmation","Role-Separated-Credit-AOP-v2","LIRCMOP1","LIR-CMOP",100,100000,7,300107,100000,9.4906,0.2611136141658023,0.1175089246559723,1,"Role_Separated_Credit_AOP_v2_LIRCMOP1_N100_FE100000_run7_seed300107.mat"
"s09_biscop_confirmation","Role-Separated-Credit-AOP-v2","LIRCMOP1","LIR-CMOP",100,100000,8,300108,100000,8.7958,0.2629600432123599,0.1270115356996116,1,"Role_Separated_Credit_AOP_v2_LIRCMOP1_N100_FE100000_run8_seed300108.mat"
"s09_biscop_confirmation","Role-Separated-Credit-AOP-v2","LIRCMOP1","LIR-CMOP",100,100000,9,300109,100000,8.9626,0.1294696340573159,0.1661467668969288,1,"Role_Separated_Credit_AOP_v2_LIRCMOP1_N100_FE100000_run9_seed300109.mat"
"s09_biscop_confirmation","Role-Separated-Credit-AOP-v2","LIRCMOP2","LIR-CMOP",100,100000,10,300210,100000,11.1687,0.1621637942255877,0.25865077451049,1,"Role_Separated_Credit_AOP_v2_LIRCMOP2_N100_FE100000_run10_seed300210.mat"
"s09_biscop_confirmation","Role-Separated-Credit-AOP-v2","LIRCMOP2","LIR-CMOP",100,100000,1,300201,100000,10.9278,0.1468531762139156,0.2669114480059505,1,"Role_Separated_Credit_AOP_v2_LIRCMOP2_N100_FE100000_run1_seed300201.mat"
"s09_biscop_confirmation","Role-Separated-Credit-AOP-v2","LIRCMOP2","LIR-CMOP",100,100000,2,300202,100000,11.5091,0.07868386149040056,0.3234416239131212,1,"Role_Separated_Credit_AOP_v2_LIRCMOP2_N100_FE100000_run2_seed300202.mat"
"s09_biscop_confirmation","Role-Separated-Credit-AOP-v2","LIRCMOP2","LIR-CMOP",100,100000,3,300203,100000,11.3797,0.1502648101812063,0.2707304537385116,1,"Role_Separated_Credit_AOP_v2_LIRCMOP2_N100_FE100000_run3_seed300203.mat"
"s09_biscop_confirmation","Role-Separated-Credit-AOP-v2","LIRCMOP2","LIR-CMOP",100,100000,4,300204,100000,11.2951,0.0778235503270556,0.3175054688727384,1,"Role_Separated_Credit_AOP_v2_LIRCMOP2_N100_FE100000_run4_seed300204.mat"
"s09_biscop_confirmation","Role-Separated-Credit-AOP-v2","LIRCMOP2","LIR-CMOP",100,100000,5,300205,100000,11.0004,0.1798057163222375,0.2888414540766182,1,"Role_Separated_Credit_AOP_v2_LIRCMOP2_N100_FE100000_run5_seed300205.mat"
"s09_biscop_confirmation","Role-Separated-Credit-AOP-v2","LIRCMOP2","LIR-CMOP",100,100000,6,300206,100000,11.2675,0.2127394454758225,0.2356012048617674,1,"Role_Separated_Credit_AOP_v2_LIRCMOP2_N100_FE100000_run6_seed300206.mat"
"s09_biscop_confirmation","Role-Separated-Credit-AOP-v2","LIRCMOP2","LIR-CMOP",100,100000,7,300207,100000,10.9986,0.1254984125526918,0.2864391692956856,1,"Role_Separated_Credit_AOP_v2_LIRCMOP2_N100_FE100000_run7_seed300207.mat"
"s09_biscop_confirmation","Role-Separated-Credit-AOP-v2","LIRCMOP2","LIR-CMOP",100,100000,8,300208,100000,11.9525,0.1420029310028916,0.2996232690529336,1,"Role_Separated_Credit_AOP_v2_LIRCMOP2_N100_FE100000_run8_seed300208.mat"
"s09_biscop_confirmation","Role-Separated-Credit-AOP-v2","LIRCMOP2","LIR-CMOP",100,100000,9,300209,100000,12.0692,0.2088814886372687,0.2416619866927054,1,"Role_Separated_Credit_AOP_v2_LIRCMOP2_N100_FE100000_run9_seed300209.mat"
"s09_biscop_confirmation","Role-Separated-Credit-AOP-v2","LIRCMOP3","LIR-CMOP",100,100000,10,300310,100000,11.1167,0.1779543090462382,0.1415950245610757,1,"Role_Separated_Credit_AOP_v2_LIRCMOP3_N100_FE100000_run10_seed300310.mat"
"s09_biscop_confirmation","Role-Separated-Credit-AOP-v2","LIRCMOP3","LIR-CMOP",100,100000,1,300301,100000,11.111,0.1563848830932106,0.1397771691986797,1,"Role_Separated_Credit_AOP_v2_LIRCMOP3_N100_FE100000_run1_seed300301.mat"
"s09_biscop_confirmation","Role-Separated-Credit-AOP-v2","LIRCMOP3","LIR-CMOP",100,100000,2,300302,100000,11.4065,0.2846184186080052,0.1124623157306732,1,"Role_Separated_Credit_AOP_v2_LIRCMOP3_N100_FE100000_run2_seed300302.mat"
"s09_biscop_confirmation","Role-Separated-Credit-AOP-v2","LIRCMOP3","LIR-CMOP",100,100000,3,300303,100000,11.0509,0.1275112680945475,0.1523978847034271,1,"Role_Separated_Credit_AOP_v2_LIRCMOP3_N100_FE100000_run3_seed300303.mat"
"s09_biscop_confirmation","Role-Separated-Credit-AOP-v2","LIRCMOP3","LIR-CMOP",100,100000,4,300304,100000,11.4128,0.271431967938435,0.1181533632485924,1,"Role_Separated_Credit_AOP_v2_LIRCMOP3_N100_FE100000_run4_seed300304.mat"
"s09_biscop_confirmation","Role-Separated-Credit-AOP-v2","LIRCMOP3","LIR-CMOP",100,100000,5,300305,100000,11.0687,0.268443033928615,0.1089820185535184,1,"Role_Separated_Credit_AOP_v2_LIRCMOP3_N100_FE100000_run5_seed300305.mat"
"s09_biscop_confirmation","Role-Separated-Credit-AOP-v2","LIRCMOP3","LIR-CMOP",100,100000,6,300306,100000,10.9061,0.2779575782012583,0.1142118295045486,1,"Role_Separated_Credit_AOP_v2_LIRCMOP3_N100_FE100000_run6_seed300306.mat"
"s09_biscop_confirmation","Role-Separated-Credit-AOP-v2","LIRCMOP3","LIR-CMOP",100,100000,7,300307,100000,10.9191,0.2828920506321815,0.1038216574653017,1,"Role_Separated_Credit_AOP_v2_LIRCMOP3_N100_FE100000_run7_seed300307.mat"
"s09_biscop_confirmation","Role-Separated-Credit-AOP-v2","LIRCMOP3","LIR-CMOP",100,100000,8,300308,100000,10.895,0.2680559048844973,0.1089122499097593,1,"Role_Separated_Credit_AOP_v2_LIRCMOP3_N100_FE100000_run8_seed300308.mat"
"s09_biscop_confirmation","Role-Separated-Credit-AOP-v2","LIRCMOP3","LIR-CMOP",100,100000,9,300309,100000,10.6913,0.281053354535736,0.1153616546684265,1,"Role_Separated_Credit_AOP_v2_LIRCMOP3_N100_FE100000_run9_seed300309.mat"
"s09_biscop_confirmation","Role-Separated-Credit-AOP-v2","LIRCMOP4","LIR-CMOP",100,100000,10,300410,100000,11.3138,0.2108737183653312,0.2204373382185593,1,"Role_Separated_Credit_AOP_v2_LIRCMOP4_N100_FE100000_run10_seed300410.mat"
"s09_biscop_confirmation","Role-Separated-Credit-AOP-v2","LIRCMOP4","LIR-CMOP",100,100000,1,300401,100000,11.7308,0.2599556723642795,0.2059208820046013,1,"Role_Separated_Credit_AOP_v2_LIRCMOP4_N100_FE100000_run1_seed300401.mat"
"s09_biscop_confirmation","Role-Separated-Credit-AOP-v2","LIRCMOP4","LIR-CMOP",100,100000,2,300402,100000,11.2581,0.2467554851174411,0.2120894124470087,1,"Role_Separated_Credit_AOP_v2_LIRCMOP4_N100_FE100000_run2_seed300402.mat"
"s09_biscop_confirmation","Role-Separated-Credit-AOP-v2","LIRCMOP4","LIR-CMOP",100,100000,3,300403,100000,11.4201,0.1347854122228573,0.2629860236403406,1,"Role_Separated_Credit_AOP_v2_LIRCMOP4_N100_FE100000_run3_seed300403.mat"
"s09_biscop_confirmation","Role-Separated-Credit-AOP-v2","LIRCMOP4","LIR-CMOP",100,100000,4,300404,100000,11.7622,0.2040514117285063,0.2340564623956949,1,"Role_Separated_Credit_AOP_v2_LIRCMOP4_N100_FE100000_run4_seed300404.mat"
"s09_biscop_confirmation","Role-Separated-Credit-AOP-v2","LIRCMOP4","LIR-CMOP",100,100000,5,300405,100000,11.4318,0.1379374933127329,0.2395359093866824,1,"Role_Separated_Credit_AOP_v2_LIRCMOP4_N100_FE100000_run5_seed300405.mat"
"s09_biscop_confirmation","Role-Separated-Credit-AOP-v2","LIRCMOP4","LIR-CMOP",100,100000,6,300406,100000,11.6049,0.1947455084571449,0.2195829065894316,1,"Role_Separated_Credit_AOP_v2_LIRCMOP4_N100_FE100000_run6_seed300406.mat"
"s09_biscop_confirmation","Role-Separated-Credit-AOP-v2","LIRCMOP4","LIR-CMOP",100,100000,7,300407,100000,11.3301,0.2549415767832854,0.2093214773419589,1,"Role_Separated_Credit_AOP_v2_LIRCMOP4_N100_FE100000_run7_seed300407.mat"
"s09_biscop_confirmation","Role-Separated-Credit-AOP-v2","LIRCMOP4","LIR-CMOP",100,100000,8,300408,100000,10.8098,0.1422311743658842,0.2497670193928888,1,"Role_Separated_Credit_AOP_v2_LIRCMOP4_N100_FE100000_run8_seed300408.mat"
"s09_biscop_confirmation","Role-Separated-Credit-AOP-v2","LIRCMOP4","LIR-CMOP",100,100000,9,300409,100000,11.2338,0.2571991816900099,0.2072313392836314,1,"Role_Separated_Credit_AOP_v2_LIRCMOP4_N100_FE100000_run9_seed300409.mat"
"s09_biscop_confirmation","Role-Separated-Credit-AOP-v2","LIRCMOP5","LIR-CMOP",100,100000,10,300510,100000,14.7706,0.01339558197217202,0.2867178313262983,1,"Role_Separated_Credit_AOP_v2_LIRCMOP5_N100_FE100000_run10_seed300510.mat"
"s09_biscop_confirmation","Role-Separated-Credit-AOP-v2","LIRCMOP5","LIR-CMOP",100,100000,1,300501,100000,12.8266,0.02108676065971626,0.2832992672522874,1,"Role_Separated_Credit_AOP_v2_LIRCMOP5_N100_FE100000_run1_seed300501.mat"
"s09_biscop_confirmation","Role-Separated-Credit-AOP-v2","LIRCMOP5","LIR-CMOP",100,100000,2,300502,100000,13.1472,0.01697133442553876,0.2850489254897008,1,"Role_Separated_Credit_AOP_v2_LIRCMOP5_N100_FE100000_run2_seed300502.mat"
"s09_biscop_confirmation","Role-Separated-Credit-AOP-v2","LIRCMOP5","LIR-CMOP",100,100000,3,300503,100000,13.4956,0.02407029085306201,0.2818522834585512,1,"Role_Separated_Credit_AOP_v2_LIRCMOP5_N100_FE100000_run3_seed300503.mat"
"s09_biscop_confirmation","Role-Separated-Credit-AOP-v2","LIRCMOP5","LIR-CMOP",100,100000,4,300504,100000,14.4187,0.01417898034542212,0.2865545069729942,1,"Role_Separated_Credit_AOP_v2_LIRCMOP5_N100_FE100000_run4_seed300504.mat"
"s09_biscop_confirmation","Role-Separated-Credit-AOP-v2","LIRCMOP5","LIR-CMOP",100,100000,5,300505,100000,13.647,0.01793550911958437,0.2840333438853908,1,"Role_Separated_Credit_AOP_v2_LIRCMOP5_N100_FE100000_run5_seed300505.mat"
"s09_biscop_confirmation","Role-Separated-Credit-AOP-v2","LIRCMOP5","LIR-CMOP",100,100000,6,300506,100000,13.1351,0.01300994030569918,0.2882694318418976,1,"Role_Separated_Credit_AOP_v2_LIRCMOP5_N100_FE100000_run6_seed300506.mat"
"s09_biscop_confirmation","Role-Separated-Credit-AOP-v2","LIRCMOP5","LIR-CMOP",100,100000,7,300507,100000,17.9039,0.0143237885232529,0.2863425358113684,1,"Role_Separated_Credit_AOP_v2_LIRCMOP5_N100_FE100000_run7_seed300507.mat"
"s09_biscop_confirmation","Role-Separated-Credit-AOP-v2","LIRCMOP5","LIR-CMOP",100,100000,8,300508,100000,13.8095,0.01923020585827098,0.2836835417823373,1,"Role_Separated_Credit_AOP_v2_LIRCMOP5_N100_FE100000_run8_seed300508.mat"
"s09_biscop_confirmation","Role-Separated-Credit-AOP-v2","LIRCMOP5","LIR-CMOP",100,100000,9,300509,100000,12.9569,0.03182831290579153,0.2793319414312359,1,"Role_Separated_Credit_AOP_v2_LIRCMOP5_N100_FE100000_run9_seed300509.mat"
"s09_biscop_confirmation","Role-Separated-Credit-AOP-v2","LIRCMOP6","LIR-CMOP",100,100000,10,300610,100000,16.9499,0.01495652563357905,0.1936374483040728,1,"Role_Separated_Credit_AOP_v2_LIRCMOP6_N100_FE100000_run10_seed300610.mat"
"s09_biscop_confirmation","Role-Separated-Credit-AOP-v2","LIRCMOP6","LIR-CMOP",100,100000,1,300601,100000,13.5069,0.01756050155521633,0.1924834116424606,1,"Role_Separated_Credit_AOP_v2_LIRCMOP6_N100_FE100000_run1_seed300601.mat"
"s09_biscop_confirmation","Role-Separated-Credit-AOP-v2","LIRCMOP6","LIR-CMOP",100,100000,2,300602,100000,16.9214,0.01828620689368081,0.1922734469419604,1,"Role_Separated_Credit_AOP_v2_LIRCMOP6_N100_FE100000_run2_seed300602.mat"
"s09_biscop_confirmation","Role-Separated-Credit-AOP-v2","LIRCMOP6","LIR-CMOP",100,100000,3,300603,100000,16.9441,0.01257950424388251,0.1939213819677523,1,"Role_Separated_Credit_AOP_v2_LIRCMOP6_N100_FE100000_run3_seed300603.mat"
"s09_biscop_confirmation","Role-Separated-Credit-AOP-v2","LIRCMOP6","LIR-CMOP",100,100000,4,300604,100000,18.2821,0.01333824031368609,0.1937298457952584,1,"Role_Separated_Credit_AOP_v2_LIRCMOP6_N100_FE100000_run4_seed300604.mat"
"s09_biscop_confirmation","Role-Separated-Credit-AOP-v2","LIRCMOP6","LIR-CMOP",100,100000,5,300605,100000,21.6568,0.01040411563824537,0.1940134274264177,1,"Role_Separated_Credit_AOP_v2_LIRCMOP6_N100_FE100000_run5_seed300605.mat"
"s09_biscop_confirmation","Role-Separated-Credit-AOP-v2","LIRCMOP6","LIR-CMOP",100,100000,6,300606,100000,15.2212,0.01540873426144649,0.1934092868049292,1,"Role_Separated_Credit_AOP_v2_LIRCMOP6_N100_FE100000_run6_seed300606.mat"
"s09_biscop_confirmation","Role-Separated-Credit-AOP-v2","LIRCMOP6","LIR-CMOP",100,100000,7,300607,100000,14.4844,0.01508545071490472,0.1937048889080598,1,"Role_Separated_Credit_AOP_v2_LIRCMOP6_N100_FE100000_run7_seed300607.mat"
"s09_biscop_confirmation","Role-Separated-Credit-AOP-v2","LIRCMOP6","LIR-CMOP",100,100000,8,300608,100000,15.7301,0.01568926544217056,0.1929381588237066,1,"Role_Separated_Credit_AOP_v2_LIRCMOP6_N100_FE100000_run8_seed300608.mat"
"s09_biscop_confirmation","Role-Separated-Credit-AOP-v2","LIRCMOP6","LIR-CMOP",100,100000,9,300609,100000,15.5924,0.01212378687264941,0.1941312063596604,1,"Role_Separated_Credit_AOP_v2_LIRCMOP6_N100_FE100000_run9_seed300609.mat"
"s09_biscop_confirmation","Role-Separated-Credit-AOP-v2","LIRCMOP7","LIR-CMOP",100,100000,10,300710,100000,8.62,0.07104165262162919,0.2652468979365474,1,"Role_Separated_Credit_AOP_v2_LIRCMOP7_N100_FE100000_run10_seed300710.mat"
"s09_biscop_confirmation","Role-Separated-Credit-AOP-v2","LIRCMOP7","LIR-CMOP",100,100000,1,300701,100000,8.867,0.008511644976365593,0.2937625134891064,1,"Role_Separated_Credit_AOP_v2_LIRCMOP7_N100_FE100000_run1_seed300701.mat"
"s09_biscop_confirmation","Role-Separated-Credit-AOP-v2","LIRCMOP7","LIR-CMOP",100,100000,2,300702,100000,8.1812,0.00779888349964207,0.2940581516387751,1,"Role_Separated_Credit_AOP_v2_LIRCMOP7_N100_FE100000_run2_seed300702.mat"
"s09_biscop_confirmation","Role-Separated-Credit-AOP-v2","LIRCMOP7","LIR-CMOP",100,100000,3,300703,100000,8.3664,0.009532738247163101,0.2928752857340191,1,"Role_Separated_Credit_AOP_v2_LIRCMOP7_N100_FE100000_run3_seed300703.mat"
"s09_biscop_confirmation","Role-Separated-Credit-AOP-v2","LIRCMOP7","LIR-CMOP",100,100000,4,300704,100000,9.9904,0.008156523687595217,0.2938357807030473,1,"Role_Separated_Credit_AOP_v2_LIRCMOP7_N100_FE100000_run4_seed300704.mat"
"s09_biscop_confirmation","Role-Separated-Credit-AOP-v2","LIRCMOP7","LIR-CMOP",100,100000,5,300705,100000,8.1799,0.008578154177851795,0.2936371908648342,1,"Role_Separated_Credit_AOP_v2_LIRCMOP7_N100_FE100000_run5_seed300705.mat"
"s09_biscop_confirmation","Role-Separated-Credit-AOP-v2","LIRCMOP7","LIR-CMOP",100,100000,6,300706,100000,10.0007,0.008131374435812003,0.2939653621894234,1,"Role_Separated_Credit_AOP_v2_LIRCMOP7_N100_FE100000_run6_seed300706.mat"
"s09_biscop_confirmation","Role-Separated-Credit-AOP-v2","LIRCMOP7","LIR-CMOP",100,100000,7,300707,100000,9.8038,0.007882458490384209,0.2938347596715406,1,"Role_Separated_Credit_AOP_v2_LIRCMOP7_N100_FE100000_run7_seed300707.mat"
"s09_biscop_confirmation","Role-Separated-Credit-AOP-v2","LIRCMOP7","LIR-CMOP",100,100000,8,300708,100000,8.0986,0.008797334395821163,0.2935054397118929,1,"Role_Separated_Credit_AOP_v2_LIRCMOP7_N100_FE100000_run8_seed300708.mat"
"s09_biscop_confirmation","Role-Separated-Credit-AOP-v2","LIRCMOP7","LIR-CMOP",100,100000,9,300709,100000,8.2253,0.008339503647158861,0.29378901309879,1,"Role_Separated_Credit_AOP_v2_LIRCMOP7_N100_FE100000_run9_seed300709.mat"
"s09_biscop_confirmation","Role-Separated-Credit-AOP-v2","LIRCMOP8","LIR-CMOP",100,100000,10,300810,100000,8.2347,0.007746378474323258,0.294056646639108,1,"Role_Separated_Credit_AOP_v2_LIRCMOP8_N100_FE100000_run10_seed300810.mat"
"s09_biscop_confirmation","Role-Separated-Credit-AOP-v2","LIRCMOP8","LIR-CMOP",100,100000,1,300801,100000,8.1078,0.008202940239114394,0.2938665382678955,1,"Role_Separated_Credit_AOP_v2_LIRCMOP8_N100_FE100000_run1_seed300801.mat"
"s09_biscop_confirmation","Role-Separated-Credit-AOP-v2","LIRCMOP8","LIR-CMOP",100,100000,2,300802,100000,8.8789,0.009427103410866928,0.2934630445449689,1,"Role_Separated_Credit_AOP_v2_LIRCMOP8_N100_FE100000_run2_seed300802.mat"
"s09_biscop_confirmation","Role-Separated-Credit-AOP-v2","LIRCMOP8","LIR-CMOP",100,100000,3,300803,100000,8.7988,0.007965604553488451,0.2939891146222604,1,"Role_Separated_Credit_AOP_v2_LIRCMOP8_N100_FE100000_run3_seed300803.mat"
"s09_biscop_confirmation","Role-Separated-Credit-AOP-v2","LIRCMOP8","LIR-CMOP",100,100000,4,300804,100000,8.3183,0.008146032737735214,0.2939556109919553,1,"Role_Separated_Credit_AOP_v2_LIRCMOP8_N100_FE100000_run4_seed300804.mat"
"s09_biscop_confirmation","Role-Separated-Credit-AOP-v2","LIRCMOP8","LIR-CMOP",100,100000,5,300805,100000,8.2287,0.009401876855365442,0.2936329527315908,1,"Role_Separated_Credit_AOP_v2_LIRCMOP8_N100_FE100000_run5_seed300805.mat"
"s09_biscop_confirmation","Role-Separated-Credit-AOP-v2","LIRCMOP8","LIR-CMOP",100,100000,6,300806,100000,9.0173,0.008043911639421739,0.2939912658281491,1,"Role_Separated_Credit_AOP_v2_LIRCMOP8_N100_FE100000_run6_seed300806.mat"
"s09_biscop_confirmation","Role-Separated-Credit-AOP-v2","LIRCMOP8","LIR-CMOP",100,100000,7,300807,100000,8.0489,0.008846043551166147,0.2935726360762064,1,"Role_Separated_Credit_AOP_v2_LIRCMOP8_N100_FE100000_run7_seed300807.mat"
"s09_biscop_confirmation","Role-Separated-Credit-AOP-v2","LIRCMOP8","LIR-CMOP",100,100000,8,300808,100000,8.8068,0.008755803831710318,0.293516721480803,1,"Role_Separated_Credit_AOP_v2_LIRCMOP8_N100_FE100000_run8_seed300808.mat"
"s09_biscop_confirmation","Role-Separated-Credit-AOP-v2","LIRCMOP8","LIR-CMOP",100,100000,9,300809,100000,8.7628,0.008217246528501946,0.2938344090936414,1,"Role_Separated_Credit_AOP_v2_LIRCMOP8_N100_FE100000_run9_seed300809.mat"
"s09_biscop_confirmation","Role-Separated-Credit-AOP-v2","LIRCMOP9","LIR-CMOP",100,100000,10,300910,100000,18.1939,0.2000529579988859,0.4492938804416734,1,"Role_Separated_Credit_AOP_v2_LIRCMOP9_N100_FE100000_run10_seed300910.mat"
"s09_biscop_confirmation","Role-Separated-Credit-AOP-v2","LIRCMOP9","LIR-CMOP",100,100000,1,300901,100000,17.4519,0.2092321447371422,0.4394039326513322,1,"Role_Separated_Credit_AOP_v2_LIRCMOP9_N100_FE100000_run1_seed300901.mat"
"s09_biscop_confirmation","Role-Separated-Credit-AOP-v2","LIRCMOP9","LIR-CMOP",100,100000,2,300902,100000,17.8786,0.2035363272666416,0.4425163951333662,1,"Role_Separated_Credit_AOP_v2_LIRCMOP9_N100_FE100000_run2_seed300902.mat"
"s09_biscop_confirmation","Role-Separated-Credit-AOP-v2","LIRCMOP9","LIR-CMOP",100,100000,3,300903,100000,17.5345,0.2789888943140241,0.4198339344568472,1,"Role_Separated_Credit_AOP_v2_LIRCMOP9_N100_FE100000_run3_seed300903.mat"
"s09_biscop_confirmation","Role-Separated-Credit-AOP-v2","LIRCMOP9","LIR-CMOP",100,100000,4,300904,100000,17.6968,0.1963125564282656,0.4519994617319104,1,"Role_Separated_Credit_AOP_v2_LIRCMOP9_N100_FE100000_run4_seed300904.mat"
"s09_biscop_confirmation","Role-Separated-Credit-AOP-v2","LIRCMOP9","LIR-CMOP",100,100000,5,300905,100000,17.802,0.2007917752716515,0.4448092673788984,1,"Role_Separated_Credit_AOP_v2_LIRCMOP9_N100_FE100000_run5_seed300905.mat"
"s09_biscop_confirmation","Role-Separated-Credit-AOP-v2","LIRCMOP9","LIR-CMOP",100,100000,6,300906,100000,17.1885,0.1941930538619497,0.4502620742349707,1,"Role_Separated_Credit_AOP_v2_LIRCMOP9_N100_FE100000_run6_seed300906.mat"
"s09_biscop_confirmation","Role-Separated-Credit-AOP-v2","LIRCMOP9","LIR-CMOP",100,100000,7,300907,100000,17.27,0.280506323755607,0.4175699703316359,1,"Role_Separated_Credit_AOP_v2_LIRCMOP9_N100_FE100000_run7_seed300907.mat"
"s09_biscop_confirmation","Role-Separated-Credit-AOP-v2","LIRCMOP9","LIR-CMOP",100,100000,8,300908,100000,18.5446,0.2037783146471869,0.4413343269791725,1,"Role_Separated_Credit_AOP_v2_LIRCMOP9_N100_FE100000_run8_seed300908.mat"
"s09_biscop_confirmation","Role-Separated-Credit-AOP-v2","LIRCMOP9","LIR-CMOP",100,100000,9,300909,100000,16.7433,0.1987374725161304,0.4506240464475811,1,"Role_Separated_Credit_AOP_v2_LIRCMOP9_N100_FE100000_run9_seed300909.mat"
"s09_biscop_confirmation","Stage-AOP","CF10","CF",100,100000,10,260010,100000,31.8729,0.3054431542002954,0.2156450304593973,1,"Stage_AOP_CF10_N100_FE100000_run10_seed260010.mat"
"s09_biscop_confirmation","Stage-AOP","CF10","CF",100,100000,1,260001,100000,16.7297,0.2235084088202072,0.2121205573928969,1,"Stage_AOP_CF10_N100_FE100000_run1_seed260001.mat"
"s09_biscop_confirmation","Stage-AOP","CF10","CF",100,100000,2,260002,100000,24.6971,0.3284237473756927,0.2175868605759953,1,"Stage_AOP_CF10_N100_FE100000_run2_seed260002.mat"
"s09_biscop_confirmation","Stage-AOP","CF10","CF",100,100000,3,260003,100000,19.6728,0.302914181417514,0.1983228770697663,1,"Stage_AOP_CF10_N100_FE100000_run3_seed260003.mat"
"s09_biscop_confirmation","Stage-AOP","CF10","CF",100,100000,4,260004,100000,17.3306,0.149071967125593,0.3377052384048936,1,"Stage_AOP_CF10_N100_FE100000_run4_seed260004.mat"
"s09_biscop_confirmation","Stage-AOP","CF10","CF",100,100000,5,260005,100000,18.284,0.1142523878697553,0.3956501605069888,1,"Stage_AOP_CF10_N100_FE100000_run5_seed260005.mat"
"s09_biscop_confirmation","Stage-AOP","CF10","CF",100,100000,6,260006,100000,31.4339,0.3480092261408134,0.1748316726701756,1,"Stage_AOP_CF10_N100_FE100000_run6_seed260006.mat"
"s09_biscop_confirmation","Stage-AOP","CF10","CF",100,100000,7,260007,100000,32.2173,0.3050143514364871,0.2366040953479898,1,"Stage_AOP_CF10_N100_FE100000_run7_seed260007.mat"
"s09_biscop_confirmation","Stage-AOP","CF10","CF",100,100000,8,260008,100000,35.5683,0.4145823187887917,0.1044678253105308,1,"Stage_AOP_CF10_N100_FE100000_run8_seed260008.mat"
"s09_biscop_confirmation","Stage-AOP","CF10","CF",100,100000,9,260009,100000,16.4683,0.1070317518433527,0.3989822494263578,1,"Stage_AOP_CF10_N100_FE100000_run9_seed260009.mat"
"s09_biscop_confirmation","Stage-AOP","CF1","CF",100,100000,10,259110,100000,14.946,0.003226953615082578,0.5621857042454553,1,"Stage_AOP_CF1_N100_FE100000_run10_seed259110.mat"
"s09_biscop_confirmation","Stage-AOP","CF1","CF",100,100000,1,259101,100000,13.0161,0.002710302605522767,0.5628126654539459,1,"Stage_AOP_CF1_N100_FE100000_run1_seed259101.mat"
"s09_biscop_confirmation","Stage-AOP","CF1","CF",100,100000,2,259102,100000,14.2007,0.003116937774788453,0.5623218202560053,1,"Stage_AOP_CF1_N100_FE100000_run2_seed259102.mat"
"s09_biscop_confirmation","Stage-AOP","CF1","CF",100,100000,3,259103,100000,13.0729,0.002847079268517452,0.562666760404655,1,"Stage_AOP_CF1_N100_FE100000_run3_seed259103.mat"
"s09_biscop_confirmation","Stage-AOP","CF1","CF",100,100000,4,259104,100000,14.6168,0.003120052335637575,0.5623099714831744,1,"Stage_AOP_CF1_N100_FE100000_run4_seed259104.mat"
"s09_biscop_confirmation","Stage-AOP","CF1","CF",100,100000,5,259105,100000,14.624,0.002977138775221506,0.5624822560089289,1,"Stage_AOP_CF1_N100_FE100000_run5_seed259105.mat"
"s09_biscop_confirmation","Stage-AOP","CF1","CF",100,100000,6,259106,100000,13.985,0.002525974751817407,0.5630391949565746,1,"Stage_AOP_CF1_N100_FE100000_run6_seed259106.mat"
"s09_biscop_confirmation","Stage-AOP","CF1","CF",100,100000,7,259107,100000,12.9273,0.002820529122318265,0.5626834242496478,1,"Stage_AOP_CF1_N100_FE100000_run7_seed259107.mat"
"s09_biscop_confirmation","Stage-AOP","CF1","CF",100,100000,8,259108,100000,15.4833,0.003274488702536171,0.5621087326152272,1,"Stage_AOP_CF1_N100_FE100000_run8_seed259108.mat"
"s09_biscop_confirmation","Stage-AOP","CF1","CF",100,100000,9,259109,100000,13.2125,0.002878288574937742,0.5626060966161559,1,"Stage_AOP_CF1_N100_FE100000_run9_seed259109.mat"
"s09_biscop_confirmation","Stage-AOP","CF2","CF",100,100000,10,259210,100000,14.6666,0.01575611299196732,0.6669754762006257,1,"Stage_AOP_CF2_N100_FE100000_run10_seed259210.mat"
"s09_biscop_confirmation","Stage-AOP","CF2","CF",100,100000,1,259201,100000,14.7248,0.007030130650186937,0.6702011942573363,1,"Stage_AOP_CF2_N100_FE100000_run1_seed259201.mat"
"s09_biscop_confirmation","Stage-AOP","CF2","CF",100,100000,2,259202,100000,14.0263,0.02137295706074044,0.6516158991854313,1,"Stage_AOP_CF2_N100_FE100000_run2_seed259202.mat"
"s09_biscop_confirmation","Stage-AOP","CF2","CF",100,100000,3,259203,100000,14.2197,0.01029592312091014,0.6696819031874154,1,"Stage_AOP_CF2_N100_FE100000_run3_seed259203.mat"
"s09_biscop_confirmation","Stage-AOP","CF2","CF",100,100000,4,259204,100000,15.1521,0.005445653670950397,0.6728227375661131,1,"Stage_AOP_CF2_N100_FE100000_run4_seed259204.mat"
"s09_biscop_confirmation","Stage-AOP","CF2","CF",100,100000,5,259205,100000,14.1701,0.01219870621241733,0.6700920336808972,1,"Stage_AOP_CF2_N100_FE100000_run5_seed259205.mat"
"s09_biscop_confirmation","Stage-AOP","CF2","CF",100,100000,6,259206,100000,15.1862,0.005147380520191465,0.6732752453724168,1,"Stage_AOP_CF2_N100_FE100000_run6_seed259206.mat"
"s09_biscop_confirmation","Stage-AOP","CF2","CF",100,100000,7,259207,100000,14.7024,0.01904147854864871,0.6601490145625732,1,"Stage_AOP_CF2_N100_FE100000_run7_seed259207.mat"
"s09_biscop_confirmation","Stage-AOP","CF2","CF",100,100000,8,259208,100000,14.3218,0.005337914681181275,0.6742929594813358,1,"Stage_AOP_CF2_N100_FE100000_run8_seed259208.mat"
"s09_biscop_confirmation","Stage-AOP","CF2","CF",100,100000,9,259209,100000,14.3082,0.01416630762541311,0.6646874577745899,1,"Stage_AOP_CF2_N100_FE100000_run9_seed259209.mat"
"s09_biscop_confirmation","Stage-AOP","CF3","CF",100,100000,10,259310,100000,13.2837,0.1040000172442717,0.3050077023888133,1,"Stage_AOP_CF3_N100_FE100000_run10_seed259310.mat"
"s09_biscop_confirmation","Stage-AOP","CF3","CF",100,100000,1,259301,100000,12.2688,0.11552833708186,0.3044297358648506,1,"Stage_AOP_CF3_N100_FE100000_run1_seed259301.mat"
"s09_biscop_confirmation","Stage-AOP","CF3","CF",100,100000,2,259302,100000,13.917,0.08415293214271963,0.2816605060553156,1,"Stage_AOP_CF3_N100_FE100000_run2_seed259302.mat"
"s09_biscop_confirmation","Stage-AOP","CF3","CF",100,100000,3,259303,100000,11.801,0.1057290766327078,0.2965882731808936,1,"Stage_AOP_CF3_N100_FE100000_run3_seed259303.mat"
"s09_biscop_confirmation","Stage-AOP","CF3","CF",100,100000,4,259304,100000,12.2056,0.1065745825938802,0.3046720812316351,1,"Stage_AOP_CF3_N100_FE100000_run4_seed259304.mat"
"s09_biscop_confirmation","Stage-AOP","CF3","CF",100,100000,5,259305,100000,9.4823,0.1247188757319989,0.2678730648683655,1,"Stage_AOP_CF3_N100_FE100000_run5_seed259305.mat"
"s09_biscop_confirmation","Stage-AOP","CF3","CF",100,100000,6,259306,100000,12.8252,0.1111443444745147,0.2799385969194533,1,"Stage_AOP_CF3_N100_FE100000_run6_seed259306.mat"
"s09_biscop_confirmation","Stage-AOP","CF3","CF",100,100000,7,259307,100000,9.2288,0.2829404775592314,0.1582207002635566,1,"Stage_AOP_CF3_N100_FE100000_run7_seed259307.mat"
"s09_biscop_confirmation","Stage-AOP","CF3","CF",100,100000,8,259308,100000,12.4338,0.1064973745208101,0.2725502705581613,1,"Stage_AOP_CF3_N100_FE100000_run8_seed259308.mat"
"s09_biscop_confirmation","Stage-AOP","CF3","CF",100,100000,9,259309,100000,11.3098,0.1157832550467625,0.3039475878625279,1,"Stage_AOP_CF3_N100_FE100000_run9_seed259309.mat"
"s09_biscop_confirmation","Stage-AOP","CF4","CF",100,100000,10,259410,100000,11.2861,0.05856565949123631,0.4615130615047998,1,"Stage_AOP_CF4_N100_FE100000_run10_seed259410.mat"
"s09_biscop_confirmation","Stage-AOP","CF4","CF",100,100000,1,259401,100000,11.6626,0.03124992727196741,0.4958051767914974,1,"Stage_AOP_CF4_N100_FE100000_run1_seed259401.mat"
"s09_biscop_confirmation","Stage-AOP","CF4","CF",100,100000,2,259402,100000,11.1047,0.05934502680511529,0.4598540956695453,1,"Stage_AOP_CF4_N100_FE100000_run2_seed259402.mat"
"s09_biscop_confirmation","Stage-AOP","CF4","CF",100,100000,3,259403,100000,11.4161,0.03017123895223339,0.5002234825406292,1,"Stage_AOP_CF4_N100_FE100000_run3_seed259403.mat"
"s09_biscop_confirmation","Stage-AOP","CF4","CF",100,100000,4,259404,100000,12.3949,0.03261502184523284,0.4957945075536053,1,"Stage_AOP_CF4_N100_FE100000_run4_seed259404.mat"
"s09_biscop_confirmation","Stage-AOP","CF4","CF",100,100000,5,259405,100000,12.3571,0.03122058037403927,0.4963795853575751,1,"Stage_AOP_CF4_N100_FE100000_run5_seed259405.mat"
"s09_biscop_confirmation","Stage-AOP","CF4","CF",100,100000,6,259406,100000,11.2711,0.04051230298073333,0.4831605703254245,1,"Stage_AOP_CF4_N100_FE100000_run6_seed259406.mat"
"s09_biscop_confirmation","Stage-AOP","CF4","CF",100,100000,7,259407,100000,11.3095,0.03066673556727266,0.4959233419999051,1,"Stage_AOP_CF4_N100_FE100000_run7_seed259407.mat"
"s09_biscop_confirmation","Stage-AOP","CF4","CF",100,100000,8,259408,100000,12.2703,0.05434105249072734,0.463677731704246,1,"Stage_AOP_CF4_N100_FE100000_run8_seed259408.mat"
"s09_biscop_confirmation","Stage-AOP","CF4","CF",100,100000,9,259409,100000,10.4978,0.05684787586453224,0.4642822381000991,1,"Stage_AOP_CF4_N100_FE100000_run9_seed259409.mat"
"s09_biscop_confirmation","Stage-AOP","CF5","CF",100,100000,10,259510,100000,16.5889,0.09439905490516833,0.4336842698391417,1,"Stage_AOP_CF5_N100_FE100000_run10_seed259510.mat"
"s09_biscop_confirmation","Stage-AOP","CF5","CF",100,100000,1,259501,100000,17.1613,0.1083249094955303,0.4040106649323533,1,"Stage_AOP_CF5_N100_FE100000_run1_seed259501.mat"
"s09_biscop_confirmation","Stage-AOP","CF5","CF",100,100000,2,259502,100000,16.6926,0.09767850024560414,0.4124942700406856,1,"Stage_AOP_CF5_N100_FE100000_run2_seed259502.mat"
"s09_biscop_confirmation","Stage-AOP","CF5","CF",100,100000,3,259503,100000,15.852,0.1868880122802832,0.3110317286967945,1,"Stage_AOP_CF5_N100_FE100000_run3_seed259503.mat"
"s09_biscop_confirmation","Stage-AOP","CF5","CF",100,100000,4,259504,100000,15.449,0.0884728994442735,0.4314995260590363,1,"Stage_AOP_CF5_N100_FE100000_run4_seed259504.mat"
"s09_biscop_confirmation","Stage-AOP","CF5","CF",100,100000,5,259505,100000,17.2837,0.3322023651792465,0.2328998137410015,1,"Stage_AOP_CF5_N100_FE100000_run5_seed259505.mat"
"s09_biscop_confirmation","Stage-AOP","CF5","CF",100,100000,6,259506,100000,17.234,0.138076346703049,0.4021633419100796,1,"Stage_AOP_CF5_N100_FE100000_run6_seed259506.mat"
"s09_biscop_confirmation","Stage-AOP","CF5","CF",100,100000,7,259507,100000,18.674,0.4112868005963251,0.2453785474798923,1,"Stage_AOP_CF5_N100_FE100000_run7_seed259507.mat"
"s09_biscop_confirmation","Stage-AOP","CF5","CF",100,100000,8,259508,100000,17.4914,0.3606042926587715,0.2836045061845624,1,"Stage_AOP_CF5_N100_FE100000_run8_seed259508.mat"
"s09_biscop_confirmation","Stage-AOP","CF5","CF",100,100000,9,259509,100000,13.6382,0.07822598796757749,0.4438729577396268,1,"Stage_AOP_CF5_N100_FE100000_run9_seed259509.mat"
"s09_biscop_confirmation","Stage-AOP","CF6","CF",100,100000,10,259610,100000,18.5555,0.03247436736231876,0.6680914957898655,1,"Stage_AOP_CF6_N100_FE100000_run10_seed259610.mat"
"s09_biscop_confirmation","Stage-AOP","CF6","CF",100,100000,1,259601,100000,18.473,0.039363888506074,0.6692642933806981,1,"Stage_AOP_CF6_N100_FE100000_run1_seed259601.mat"
"s09_biscop_confirmation","Stage-AOP","CF6","CF",100,100000,2,259602,100000,18.8579,0.0377027023636282,0.6710623314461944,1,"Stage_AOP_CF6_N100_FE100000_run2_seed259602.mat"
"s09_biscop_confirmation","Stage-AOP","CF6","CF",100,100000,3,259603,100000,18.9494,0.03508741527825805,0.6746197247258761,1,"Stage_AOP_CF6_N100_FE100000_run3_seed259603.mat"
"s09_biscop_confirmation","Stage-AOP","CF6","CF",100,100000,4,259604,100000,18.3633,0.02297804153585136,0.676672225632167,1,"Stage_AOP_CF6_N100_FE100000_run4_seed259604.mat"
"s09_biscop_confirmation","Stage-AOP","CF6","CF",100,100000,5,259605,100000,18.1199,0.03651694167957582,0.6719179546654583,1,"Stage_AOP_CF6_N100_FE100000_run5_seed259605.mat"
"s09_biscop_confirmation","Stage-AOP","CF6","CF",100,100000,6,259606,100000,18.4068,0.03905493971253599,0.6615320489112086,1,"Stage_AOP_CF6_N100_FE100000_run6_seed259606.mat"
"s09_biscop_confirmation","Stage-AOP","CF6","CF",100,100000,7,259607,100000,18.0806,0.03118103627777197,0.6698891383834177,1,"Stage_AOP_CF6_N100_FE100000_run7_seed259607.mat"
"s09_biscop_confirmation","Stage-AOP","CF6","CF",100,100000,8,259608,100000,18.6165,0.02776607011094737,0.6672153158066542,1,"Stage_AOP_CF6_N100_FE100000_run8_seed259608.mat"
"s09_biscop_confirmation","Stage-AOP","CF6","CF",100,100000,9,259609,100000,18.9962,0.03958475003160347,0.6680276006915642,1,"Stage_AOP_CF6_N100_FE100000_run9_seed259609.mat"
"s09_biscop_confirmation","Stage-AOP","CF7","CF",100,100000,10,259710,100000,16.4983,0.2697028046793843,0.4683927264257108,1,"Stage_AOP_CF7_N100_FE100000_run10_seed259710.mat"
"s09_biscop_confirmation","Stage-AOP","CF7","CF",100,100000,1,259701,100000,13.311,0.106090535946989,0.5671680065052035,1,"Stage_AOP_CF7_N100_FE100000_run1_seed259701.mat"
"s09_biscop_confirmation","Stage-AOP","CF7","CF",100,100000,2,259702,100000,14.555,0.104415506626908,0.5701553441639019,1,"Stage_AOP_CF7_N100_FE100000_run2_seed259702.mat"
"s09_biscop_confirmation","Stage-AOP","CF7","CF",100,100000,3,259703,100000,11.1437,0.159335852007627,0.5426166216507518,1,"Stage_AOP_CF7_N100_FE100000_run3_seed259703.mat"
"s09_biscop_confirmation","Stage-AOP","CF7","CF",100,100000,4,259704,100000,16.5884,0.1495001807981844,0.5139655774523559,1,"Stage_AOP_CF7_N100_FE100000_run4_seed259704.mat"
"s09_biscop_confirmation","Stage-AOP","CF7","CF",100,100000,5,259705,100000,17.9355,0.2374549295319489,0.4269966239916204,1,"Stage_AOP_CF7_N100_FE100000_run5_seed259705.mat"
"s09_biscop_confirmation","Stage-AOP","CF7","CF",100,100000,6,259706,100000,12.5632,0.09734990491007482,0.5666433607492432,1,"Stage_AOP_CF7_N100_FE100000_run6_seed259706.mat"
"s09_biscop_confirmation","Stage-AOP","CF7","CF",100,100000,7,259707,100000,13.5141,0.08798387697451594,0.5709609374778093,1,"Stage_AOP_CF7_N100_FE100000_run7_seed259707.mat"
"s09_biscop_confirmation","Stage-AOP","CF7","CF",100,100000,8,259708,100000,15.8527,0.2387235996312821,0.5101905522174045,1,"Stage_AOP_CF7_N100_FE100000_run8_seed259708.mat"
"s09_biscop_confirmation","Stage-AOP","CF7","CF",100,100000,9,259709,100000,15.3107,0.2078988275246887,0.5396448119672037,1,"Stage_AOP_CF7_N100_FE100000_run9_seed259709.mat"
"s09_biscop_confirmation","Stage-AOP","CF8","CF",100,100000,10,259810,100000,13.0268,0.1603439960328018,0.3484164997945524,1,"Stage_AOP_CF8_N100_FE100000_run10_seed259810.mat"
"s09_biscop_confirmation","Stage-AOP","CF8","CF",100,100000,1,259801,100000,13.4381,0.1582179820518608,0.3770642650933451,1,"Stage_AOP_CF8_N100_FE100000_run1_seed259801.mat"
"s09_biscop_confirmation","Stage-AOP","CF8","CF",100,100000,2,259802,100000,12.5189,0.1424655768766868,0.3750375195972867,1,"Stage_AOP_CF8_N100_FE100000_run2_seed259802.mat"
"s09_biscop_confirmation","Stage-AOP","CF8","CF",100,100000,3,259803,100000,12.8091,0.1496222559545897,0.3746350983758829,1,"Stage_AOP_CF8_N100_FE100000_run3_seed259803.mat"
"s09_biscop_confirmation","Stage-AOP","CF8","CF",100,100000,4,259804,100000,12.7336,0.1417509289073792,0.3727260171639387,1,"Stage_AOP_CF8_N100_FE100000_run4_seed259804.mat"
"s09_biscop_confirmation","Stage-AOP","CF8","CF",100,100000,5,259805,100000,13.4153,0.147615903325861,0.3799792927824257,1,"Stage_AOP_CF8_N100_FE100000_run5_seed259805.mat"
"s09_biscop_confirmation","Stage-AOP","CF8","CF",100,100000,6,259806,100000,13.211,0.1773483229395615,0.3383505699448471,1,"Stage_AOP_CF8_N100_FE100000_run6_seed259806.mat"
"s09_biscop_confirmation","Stage-AOP","CF8","CF",100,100000,7,259807,100000,12.9892,0.1414700748506003,0.3845149382810675,1,"Stage_AOP_CF8_N100_FE100000_run7_seed259807.mat"
"s09_biscop_confirmation","Stage-AOP","CF8","CF",100,100000,8,259808,100000,12.6553,0.1729934769596692,0.3505566548118019,1,"Stage_AOP_CF8_N100_FE100000_run8_seed259808.mat"
"s09_biscop_confirmation","Stage-AOP","CF8","CF",100,100000,9,259809,100000,12.8792,0.1456622690269392,0.3648127434295774,1,"Stage_AOP_CF8_N100_FE100000_run9_seed259809.mat"
"s09_biscop_confirmation","Stage-AOP","CF9","CF",100,100000,10,259910,100000,18.733,0.09231108321660093,0.4230842489294266,1,"Stage_AOP_CF9_N100_FE100000_run10_seed259910.mat"
"s09_biscop_confirmation","Stage-AOP","CF9","CF",100,100000,1,259901,100000,19.3516,0.09233138897816677,0.4348128661800204,1,"Stage_AOP_CF9_N100_FE100000_run1_seed259901.mat"
"s09_biscop_confirmation","Stage-AOP","CF9","CF",100,100000,2,259902,100000,21.9634,0.09070638041433679,0.4321626930819662,1,"Stage_AOP_CF9_N100_FE100000_run2_seed259902.mat"
"s09_biscop_confirmation","Stage-AOP","CF9","CF",100,100000,3,259903,100000,21.0917,0.0922730538092916,0.4325560988736613,1,"Stage_AOP_CF9_N100_FE100000_run3_seed259903.mat"
"s09_biscop_confirmation","Stage-AOP","CF9","CF",100,100000,4,259904,100000,18.6462,0.08865355966743522,0.4365258304222669,1,"Stage_AOP_CF9_N100_FE100000_run4_seed259904.mat"
"s09_biscop_confirmation","Stage-AOP","CF9","CF",100,100000,5,259905,100000,18.665,0.08404394955619855,0.4391877183479777,1,"Stage_AOP_CF9_N100_FE100000_run5_seed259905.mat"
"s09_biscop_confirmation","Stage-AOP","CF9","CF",100,100000,6,259906,100000,21.6171,0.09310141159136119,0.4256312655324242,1,"Stage_AOP_CF9_N100_FE100000_run6_seed259906.mat"
"s09_biscop_confirmation","Stage-AOP","CF9","CF",100,100000,7,259907,100000,18.7105,0.08231892020709346,0.4395535484951305,1,"Stage_AOP_CF9_N100_FE100000_run7_seed259907.mat"
"s09_biscop_confirmation","Stage-AOP","CF9","CF",100,100000,8,259908,100000,19.7115,0.0885404364377774,0.4309360141852148,1,"Stage_AOP_CF9_N100_FE100000_run8_seed259908.mat"
"s09_biscop_confirmation","Stage-AOP","CF9","CF",100,100000,9,259909,100000,21.1591,0.08438466419586427,0.4395502743643402,1,"Stage_AOP_CF9_N100_FE100000_run9_seed259909.mat"
"s09_biscop_confirmation","Stage-AOP","DASCMOP1","DAS-CMOP",100,100000,10,261510,100000,9.5066,0.004225368149909091,0.2120058777532106,1,"Stage_AOP_DASCMOP1_N100_FE100000_run10_seed261510.mat"
"s09_biscop_confirmation","Stage-AOP","DASCMOP1","DAS-CMOP",100,100000,1,261501,100000,9.3479,0.004500974924536614,0.21124983682488,1,"Stage_AOP_DASCMOP1_N100_FE100000_run1_seed261501.mat"
"s09_biscop_confirmation","Stage-AOP","DASCMOP1","DAS-CMOP",100,100000,2,261502,100000,9.4989,0.005493114060987857,0.210258718019815,1,"Stage_AOP_DASCMOP1_N100_FE100000_run2_seed261502.mat"
"s09_biscop_confirmation","Stage-AOP","DASCMOP1","DAS-CMOP",100,100000,3,261503,100000,9.2686,0.005695877711830659,0.2119795205272871,1,"Stage_AOP_DASCMOP1_N100_FE100000_run3_seed261503.mat"
"s09_biscop_confirmation","Stage-AOP","DASCMOP1","DAS-CMOP",100,100000,4,261504,100000,9.3584,0.006229515563119218,0.2113313959433737,1,"Stage_AOP_DASCMOP1_N100_FE100000_run4_seed261504.mat"
"s09_biscop_confirmation","Stage-AOP","DASCMOP1","DAS-CMOP",100,100000,5,261505,100000,9.7374,0.003537995896205035,0.2123399789217381,1,"Stage_AOP_DASCMOP1_N100_FE100000_run5_seed261505.mat"
"s09_biscop_confirmation","Stage-AOP","DASCMOP1","DAS-CMOP",100,100000,6,261506,100000,9.2282,0.004902328014864109,0.2112361823246805,1,"Stage_AOP_DASCMOP1_N100_FE100000_run6_seed261506.mat"
"s09_biscop_confirmation","Stage-AOP","DASCMOP1","DAS-CMOP",100,100000,7,261507,100000,9.5138,0.004825791427390662,0.2105877871852421,1,"Stage_AOP_DASCMOP1_N100_FE100000_run7_seed261507.mat"
"s09_biscop_confirmation","Stage-AOP","DASCMOP1","DAS-CMOP",100,100000,8,261508,100000,9.8105,0.005066504316966245,0.2098230091104103,1,"Stage_AOP_DASCMOP1_N100_FE100000_run8_seed261508.mat"
"s09_biscop_confirmation","Stage-AOP","DASCMOP1","DAS-CMOP",100,100000,9,261509,100000,8.9831,0.005427746504300742,0.2108394431783998,1,"Stage_AOP_DASCMOP1_N100_FE100000_run9_seed261509.mat"
"s09_biscop_confirmation","Stage-AOP","DASCMOP2","DAS-CMOP",100,100000,10,261610,100000,9.1891,0.005387477931762146,0.35446964099707,1,"Stage_AOP_DASCMOP2_N100_FE100000_run10_seed261610.mat"
"s09_biscop_confirmation","Stage-AOP","DASCMOP2","DAS-CMOP",100,100000,1,261601,100000,9.1316,0.005123557475404196,0.3545695063882659,1,"Stage_AOP_DASCMOP2_N100_FE100000_run1_seed261601.mat"
"s09_biscop_confirmation","Stage-AOP","DASCMOP2","DAS-CMOP",100,100000,2,261602,100000,8.5462,0.005028737746395554,0.3542051493521444,1,"Stage_AOP_DASCMOP2_N100_FE100000_run2_seed261602.mat"
"s09_biscop_confirmation","Stage-AOP","DASCMOP2","DAS-CMOP",100,100000,3,261603,100000,8.9455,0.00496639920503989,0.3545032446203055,1,"Stage_AOP_DASCMOP2_N100_FE100000_run3_seed261603.mat"
"s09_biscop_confirmation","Stage-AOP","DASCMOP2","DAS-CMOP",100,100000,4,261604,100000,9.0955,0.005200675481200423,0.3544533416349332,1,"Stage_AOP_DASCMOP2_N100_FE100000_run4_seed261604.mat"
"s09_biscop_confirmation","Stage-AOP","DASCMOP2","DAS-CMOP",100,100000,5,261605,100000,8.6943,0.005719694556498203,0.3541372922843532,1,"Stage_AOP_DASCMOP2_N100_FE100000_run5_seed261605.mat"
"s09_biscop_confirmation","Stage-AOP","DASCMOP2","DAS-CMOP",100,100000,6,261606,100000,8.7197,0.005234093167697525,0.3544167753036879,1,"Stage_AOP_DASCMOP2_N100_FE100000_run6_seed261606.mat"
"s09_biscop_confirmation","Stage-AOP","DASCMOP2","DAS-CMOP",100,100000,7,261607,100000,8.9536,0.005394601676764471,0.3543489854584332,1,"Stage_AOP_DASCMOP2_N100_FE100000_run7_seed261607.mat"
"s09_biscop_confirmation","Stage-AOP","DASCMOP2","DAS-CMOP",100,100000,8,261608,100000,8.4443,0.005288313830120776,0.3541283591686081,1,"Stage_AOP_DASCMOP2_N100_FE100000_run8_seed261608.mat"
"s09_biscop_confirmation","Stage-AOP","DASCMOP2","DAS-CMOP",100,100000,9,261609,100000,8.58,0.005179756477930702,0.3542000829589989,1,"Stage_AOP_DASCMOP2_N100_FE100000_run9_seed261609.mat"
"s09_biscop_confirmation","Stage-AOP","DASCMOP3","DAS-CMOP",100,100000,10,261710,100000,7.9998,0.0207127868491094,0.3115589070102803,1,"Stage_AOP_DASCMOP3_N100_FE100000_run10_seed261710.mat"
"s09_biscop_confirmation","Stage-AOP","DASCMOP3","DAS-CMOP",100,100000,1,261701,100000,8.1588,0.02259210728259261,0.3109661188516649,1,"Stage_AOP_DASCMOP3_N100_FE100000_run1_seed261701.mat"
"s09_biscop_confirmation","Stage-AOP","DASCMOP3","DAS-CMOP",100,100000,2,261702,100000,8.2495,0.02015900120882456,0.3113377110455089,1,"Stage_AOP_DASCMOP3_N100_FE100000_run2_seed261702.mat"
"s09_biscop_confirmation","Stage-AOP","DASCMOP3","DAS-CMOP",100,100000,3,261703,100000,8.3523,0.01956598245395738,0.31104185177323,1,"Stage_AOP_DASCMOP3_N100_FE100000_run3_seed261703.mat"
"s09_biscop_confirmation","Stage-AOP","DASCMOP3","DAS-CMOP",100,100000,4,261704,100000,8.356,0.02013315680936547,0.3103521977172057,1,"Stage_AOP_DASCMOP3_N100_FE100000_run4_seed261704.mat"
"s09_biscop_confirmation","Stage-AOP","DASCMOP3","DAS-CMOP",100,100000,5,261705,100000,8.2007,0.02061806407624676,0.3108330664436583,1,"Stage_AOP_DASCMOP3_N100_FE100000_run5_seed261705.mat"
"s09_biscop_confirmation","Stage-AOP","DASCMOP3","DAS-CMOP",100,100000,6,261706,100000,8.699,0.02143000082962305,0.310919804091058,1,"Stage_AOP_DASCMOP3_N100_FE100000_run6_seed261706.mat"
"s09_biscop_confirmation","Stage-AOP","DASCMOP3","DAS-CMOP",100,100000,7,261707,100000,7.8584,0.02111675508007277,0.3110435100948063,1,"Stage_AOP_DASCMOP3_N100_FE100000_run7_seed261707.mat"
"s09_biscop_confirmation","Stage-AOP","DASCMOP3","DAS-CMOP",100,100000,8,261708,100000,8.5233,0.02024160890670489,0.3111530393506935,1,"Stage_AOP_DASCMOP3_N100_FE100000_run8_seed261708.mat"
"s09_biscop_confirmation","Stage-AOP","DASCMOP3","DAS-CMOP",100,100000,9,261709,100000,8.4489,0.02027762282348775,0.3110297505542977,1,"Stage_AOP_DASCMOP3_N100_FE100000_run9_seed261709.mat"
"s09_biscop_confirmation","Stage-AOP","DASCMOP4","DAS-CMOP",100,100000,10,261810,100000,8.1614,0.001600538871053502,0.2039125788089574,1,"Stage_AOP_DASCMOP4_N100_FE100000_run10_seed261810.mat"
"s09_biscop_confirmation","Stage-AOP","DASCMOP4","DAS-CMOP",100,100000,1,261801,100000,7.5058,0.004214287838576591,0.2033633375661847,1,"Stage_AOP_DASCMOP4_N100_FE100000_run1_seed261801.mat"
"s09_biscop_confirmation","Stage-AOP","DASCMOP4","DAS-CMOP",100,100000,2,261802,100000,8.0441,0.002289837727485589,0.2036737939834577,1,"Stage_AOP_DASCMOP4_N100_FE100000_run2_seed261802.mat"
"s09_biscop_confirmation","Stage-AOP","DASCMOP4","DAS-CMOP",100,100000,3,261803,100000,7.3553,0.001931260232331364,0.2035689335279515,1,"Stage_AOP_DASCMOP4_N100_FE100000_run3_seed261803.mat"
"s09_biscop_confirmation","Stage-AOP","DASCMOP4","DAS-CMOP",100,100000,4,261804,100000,7.4433,0.002085599736548535,0.202755166272642,1,"Stage_AOP_DASCMOP4_N100_FE100000_run4_seed261804.mat"
"s09_biscop_confirmation","Stage-AOP","DASCMOP4","DAS-CMOP",100,100000,5,261805,100000,7.632,0.002232250096502073,0.2034359142418811,1,"Stage_AOP_DASCMOP4_N100_FE100000_run5_seed261805.mat"
"s09_biscop_confirmation","Stage-AOP","DASCMOP4","DAS-CMOP",100,100000,6,261806,100000,7.6316,0.001540651428761604,0.2035137633861118,1,"Stage_AOP_DASCMOP4_N100_FE100000_run6_seed261806.mat"
"s09_biscop_confirmation","Stage-AOP","DASCMOP4","DAS-CMOP",100,100000,7,261807,100000,7.7676,0.001607875208277128,0.203841862446456,1,"Stage_AOP_DASCMOP4_N100_FE100000_run7_seed261807.mat"
"s09_biscop_confirmation","Stage-AOP","DASCMOP4","DAS-CMOP",100,100000,8,261808,100000,7.9657,0.003265024074639751,0.2030403628949132,1,"Stage_AOP_DASCMOP4_N100_FE100000_run8_seed261808.mat"
"s09_biscop_confirmation","Stage-AOP","DASCMOP4","DAS-CMOP",100,100000,9,261809,100000,7.8623,0.002530008440243663,0.2040061351072939,1,"Stage_AOP_DASCMOP4_N100_FE100000_run9_seed261809.mat"
"s09_biscop_confirmation","Stage-AOP","DASCMOP5","DAS-CMOP",100,100000,10,261910,100000,7.6374,0.004172551110157256,0.3498755361594338,1,"Stage_AOP_DASCMOP5_N100_FE100000_run10_seed261910.mat"
"s09_biscop_confirmation","Stage-AOP","DASCMOP5","DAS-CMOP",100,100000,1,261901,100000,7.8205,0.002910471594605591,0.3512586704178803,1,"Stage_AOP_DASCMOP5_N100_FE100000_run1_seed261901.mat"
"s09_biscop_confirmation","Stage-AOP","DASCMOP5","DAS-CMOP",100,100000,2,261902,100000,7.4155,0.002996936477925773,0.3508023695553525,1,"Stage_AOP_DASCMOP5_N100_FE100000_run2_seed261902.mat"
"s09_biscop_confirmation","Stage-AOP","DASCMOP5","DAS-CMOP",100,100000,3,261903,100000,7.7813,0.003437855149704713,0.3509170036685,1,"Stage_AOP_DASCMOP5_N100_FE100000_run3_seed261903.mat"
"s09_biscop_confirmation","Stage-AOP","DASCMOP5","DAS-CMOP",100,100000,4,261904,100000,7.7183,0.00353881184202047,0.3503761810921729,1,"Stage_AOP_DASCMOP5_N100_FE100000_run4_seed261904.mat"
"s09_biscop_confirmation","Stage-AOP","DASCMOP5","DAS-CMOP",100,100000,5,261905,100000,7.3825,0.006727083295697259,0.3481937791990927,1,"Stage_AOP_DASCMOP5_N100_FE100000_run5_seed261905.mat"
"s09_biscop_confirmation","Stage-AOP","DASCMOP5","DAS-CMOP",100,100000,6,261906,100000,7.4238,0.003817110275531033,0.3504161936649475,1,"Stage_AOP_DASCMOP5_N100_FE100000_run6_seed261906.mat"
"s09_biscop_confirmation","Stage-AOP","DASCMOP5","DAS-CMOP",100,100000,7,261907,100000,7.4953,0.002787845715869596,0.3510570765125466,1,"Stage_AOP_DASCMOP5_N100_FE100000_run7_seed261907.mat"
"s09_biscop_confirmation","Stage-AOP","DASCMOP5","DAS-CMOP",100,100000,8,261908,100000,7.2514,0.003122244144371635,0.3510011873229437,1,"Stage_AOP_DASCMOP5_N100_FE100000_run8_seed261908.mat"
"s09_biscop_confirmation","Stage-AOP","DASCMOP5","DAS-CMOP",100,100000,9,261909,100000,7.3888,0.004260816054194681,0.3499695211430137,1,"Stage_AOP_DASCMOP5_N100_FE100000_run9_seed261909.mat"
"s09_biscop_confirmation","Stage-AOP","DASCMOP6","DAS-CMOP",100,100000,10,262010,100000,7.2424,0.02002897052233066,0.3120080789691816,1,"Stage_AOP_DASCMOP6_N100_FE100000_run10_seed262010.mat"
"s09_biscop_confirmation","Stage-AOP","DASCMOP6","DAS-CMOP",100,100000,1,262001,100000,7.2929,0.0198538154118019,0.3120747280564286,1,"Stage_AOP_DASCMOP6_N100_FE100000_run1_seed262001.mat"
"s09_biscop_confirmation","Stage-AOP","DASCMOP6","DAS-CMOP",100,100000,2,262002,100000,7.864,0.01951380153814045,0.3121363122664175,1,"Stage_AOP_DASCMOP6_N100_FE100000_run2_seed262002.mat"
"s09_biscop_confirmation","Stage-AOP","DASCMOP6","DAS-CMOP",100,100000,3,262003,100000,7.3914,0.01975630413407654,0.3122754414236776,1,"Stage_AOP_DASCMOP6_N100_FE100000_run3_seed262003.mat"
"s09_biscop_confirmation","Stage-AOP","DASCMOP6","DAS-CMOP",100,100000,4,262004,100000,7.2256,0.01973866139247377,0.3121822704640729,1,"Stage_AOP_DASCMOP6_N100_FE100000_run4_seed262004.mat"
"s09_biscop_confirmation","Stage-AOP","DASCMOP6","DAS-CMOP",100,100000,5,262005,100000,7.711,0.02023247244076282,0.3119282455916071,1,"Stage_AOP_DASCMOP6_N100_FE100000_run5_seed262005.mat"
"s09_biscop_confirmation","Stage-AOP","DASCMOP6","DAS-CMOP",100,100000,6,262006,100000,7.5584,0.01994207570531863,0.3121191456515941,1,"Stage_AOP_DASCMOP6_N100_FE100000_run6_seed262006.mat"
"s09_biscop_confirmation","Stage-AOP","DASCMOP6","DAS-CMOP",100,100000,7,262007,100000,7.2749,0.0201642783772789,0.3109874861380872,1,"Stage_AOP_DASCMOP6_N100_FE100000_run7_seed262007.mat"
"s09_biscop_confirmation","Stage-AOP","DASCMOP6","DAS-CMOP",100,100000,8,262008,100000,7.1811,0.02003436829436774,0.3109874479214866,1,"Stage_AOP_DASCMOP6_N100_FE100000_run8_seed262008.mat"
"s09_biscop_confirmation","Stage-AOP","DASCMOP6","DAS-CMOP",100,100000,9,262009,100000,7.1583,0.01291468394776709,0.3118474364927004,1,"Stage_AOP_DASCMOP6_N100_FE100000_run9_seed262009.mat"
"s09_biscop_confirmation","Stage-AOP","DASCMOP7","DAS-CMOP",100,100000,10,262110,100000,13.1634,0.03176885052417817,0.2863032478902631,1,"Stage_AOP_DASCMOP7_N100_FE100000_run10_seed262110.mat"
"s09_biscop_confirmation","Stage-AOP","DASCMOP7","DAS-CMOP",100,100000,1,262101,100000,9.4764,0.0292636669364258,0.2872347560126978,1,"Stage_AOP_DASCMOP7_N100_FE100000_run1_seed262101.mat"
"s09_biscop_confirmation","Stage-AOP","DASCMOP7","DAS-CMOP",100,100000,2,262102,100000,9.4499,0.03070562098536827,0.2869305725849612,1,"Stage_AOP_DASCMOP7_N100_FE100000_run2_seed262102.mat"
"s09_biscop_confirmation","Stage-AOP","DASCMOP7","DAS-CMOP",100,100000,3,262103,100000,11.7964,0.04703050742779614,0.2741871040809463,1,"Stage_AOP_DASCMOP7_N100_FE100000_run3_seed262103.mat"
"s09_biscop_confirmation","Stage-AOP","DASCMOP7","DAS-CMOP",100,100000,4,262104,100000,9.9123,0.02883874491025697,0.2873325657425611,1,"Stage_AOP_DASCMOP7_N100_FE100000_run4_seed262104.mat"
"s09_biscop_confirmation","Stage-AOP","DASCMOP7","DAS-CMOP",100,100000,5,262105,100000,9.0529,0.0302931293167778,0.2869646027850605,1,"Stage_AOP_DASCMOP7_N100_FE100000_run5_seed262105.mat"
"s09_biscop_confirmation","Stage-AOP","DASCMOP7","DAS-CMOP",100,100000,6,262106,100000,10.1389,0.03530807420212366,0.2837802751751322,1,"Stage_AOP_DASCMOP7_N100_FE100000_run6_seed262106.mat"
"s09_biscop_confirmation","Stage-AOP","DASCMOP7","DAS-CMOP",100,100000,7,262107,100000,10.3049,0.02917268956370713,0.288317986670944,1,"Stage_AOP_DASCMOP7_N100_FE100000_run7_seed262107.mat"
"s09_biscop_confirmation","Stage-AOP","DASCMOP7","DAS-CMOP",100,100000,8,262108,100000,10.2917,0.03068547521581255,0.2880804124772769,1,"Stage_AOP_DASCMOP7_N100_FE100000_run8_seed262108.mat"
"s09_biscop_confirmation","Stage-AOP","DASCMOP7","DAS-CMOP",100,100000,9,262109,100000,9.0819,0.0299212536526068,0.2874843312984091,1,"Stage_AOP_DASCMOP7_N100_FE100000_run9_seed262109.mat"
"s09_biscop_confirmation","Stage-AOP","DASCMOP8","DAS-CMOP",100,100000,10,262210,100000,10.4992,0.04082721706282433,0.2069303793387131,1,"Stage_AOP_DASCMOP8_N100_FE100000_run10_seed262210.mat"
"s09_biscop_confirmation","Stage-AOP","DASCMOP8","DAS-CMOP",100,100000,1,262201,100000,9.8708,0.04065604748041964,0.2061399217962353,1,"Stage_AOP_DASCMOP8_N100_FE100000_run1_seed262201.mat"
"s09_biscop_confirmation","Stage-AOP","DASCMOP8","DAS-CMOP",100,100000,2,262202,100000,9.911,0.04026094658089271,0.2071381439759911,1,"Stage_AOP_DASCMOP8_N100_FE100000_run2_seed262202.mat"
"s09_biscop_confirmation","Stage-AOP","DASCMOP8","DAS-CMOP",100,100000,3,262203,100000,10.6813,0.03776884289759277,0.2071620205848627,1,"Stage_AOP_DASCMOP8_N100_FE100000_run3_seed262203.mat"
"s09_biscop_confirmation","Stage-AOP","DASCMOP8","DAS-CMOP",100,100000,4,262204,100000,10.6937,0.03868776724445358,0.2065299920751673,1,"Stage_AOP_DASCMOP8_N100_FE100000_run4_seed262204.mat"
"s09_biscop_confirmation","Stage-AOP","DASCMOP8","DAS-CMOP",100,100000,5,262205,100000,10.6372,0.03880690054991292,0.206601826338356,1,"Stage_AOP_DASCMOP8_N100_FE100000_run5_seed262205.mat"
"s09_biscop_confirmation","Stage-AOP","DASCMOP8","DAS-CMOP",100,100000,6,262206,100000,9.9711,0.04075342548150027,0.2056636880669873,1,"Stage_AOP_DASCMOP8_N100_FE100000_run6_seed262206.mat"
"s09_biscop_confirmation","Stage-AOP","DASCMOP8","DAS-CMOP",100,100000,7,262207,100000,12.4445,0.03793861335097008,0.2066711044062939,1,"Stage_AOP_DASCMOP8_N100_FE100000_run7_seed262207.mat"
"s09_biscop_confirmation","Stage-AOP","DASCMOP8","DAS-CMOP",100,100000,8,262208,100000,9.6592,0.04031230610895432,0.2062166842454407,1,"Stage_AOP_DASCMOP8_N100_FE100000_run8_seed262208.mat"
"s09_biscop_confirmation","Stage-AOP","DASCMOP8","DAS-CMOP",100,100000,9,262209,100000,10.1593,0.04609652645868139,0.2036219723108316,1,"Stage_AOP_DASCMOP8_N100_FE100000_run9_seed262209.mat"
"s09_biscop_confirmation","Stage-AOP","DASCMOP9","DAS-CMOP",100,100000,10,262310,100000,9.6276,0.03924370390569984,0.2055656913942709,1,"Stage_AOP_DASCMOP9_N100_FE100000_run10_seed262310.mat"
"s09_biscop_confirmation","Stage-AOP","DASCMOP9","DAS-CMOP",100,100000,1,262301,100000,10.1594,0.04041347418182358,0.2058240263496436,1,"Stage_AOP_DASCMOP9_N100_FE100000_run1_seed262301.mat"
"s09_biscop_confirmation","Stage-AOP","DASCMOP9","DAS-CMOP",100,100000,2,262302,100000,11.6611,0.03963973190695379,0.2056978901060315,1,"Stage_AOP_DASCMOP9_N100_FE100000_run2_seed262302.mat"
"s09_biscop_confirmation","Stage-AOP","DASCMOP9","DAS-CMOP",100,100000,3,262303,100000,12.0073,0.03958703334321163,0.2056630975743557,1,"Stage_AOP_DASCMOP9_N100_FE100000_run3_seed262303.mat"
"s09_biscop_confirmation","Stage-AOP","DASCMOP9","DAS-CMOP",100,100000,4,262304,100000,9.8301,0.03828471705079195,0.2058797791966958,1,"Stage_AOP_DASCMOP9_N100_FE100000_run4_seed262304.mat"
"s09_biscop_confirmation","Stage-AOP","DASCMOP9","DAS-CMOP",100,100000,5,262305,100000,9.7468,0.0411529755256685,0.2057102428716744,1,"Stage_AOP_DASCMOP9_N100_FE100000_run5_seed262305.mat"
"s09_biscop_confirmation","Stage-AOP","DASCMOP9","DAS-CMOP",100,100000,6,262306,100000,11.9306,0.04035684009727342,0.2056294353474282,1,"Stage_AOP_DASCMOP9_N100_FE100000_run6_seed262306.mat"
"s09_biscop_confirmation","Stage-AOP","DASCMOP9","DAS-CMOP",100,100000,7,262307,100000,9.7737,0.03961685982315293,0.2064128572597995,1,"Stage_AOP_DASCMOP9_N100_FE100000_run7_seed262307.mat"
"s09_biscop_confirmation","Stage-AOP","DASCMOP9","DAS-CMOP",100,100000,8,262308,100000,10.205,0.04132193693347151,0.2058765799816674,1,"Stage_AOP_DASCMOP9_N100_FE100000_run8_seed262308.mat"
"s09_biscop_confirmation","Stage-AOP","DASCMOP9","DAS-CMOP",100,100000,9,262309,100000,10.251,0.04255069918810696,0.2059530924257111,1,"Stage_AOP_DASCMOP9_N100_FE100000_run9_seed262309.mat"
"s09_biscop_confirmation","Stage-AOP","LIRCMOP10","LIR-CMOP",100,100000,10,261010,100000,21.4856,0.1028789568745765,0.6704152388366521,1,"Stage_AOP_LIRCMOP10_N100_FE100000_run10_seed261010.mat"
"s09_biscop_confirmation","Stage-AOP","LIRCMOP10","LIR-CMOP",100,100000,1,261001,100000,18.7267,0.02856275320259813,0.692518253420628,1,"Stage_AOP_LIRCMOP10_N100_FE100000_run1_seed261001.mat"
"s09_biscop_confirmation","Stage-AOP","LIRCMOP10","LIR-CMOP",100,100000,2,261002,100000,18.3609,0.02730612745018215,0.693198653387321,1,"Stage_AOP_LIRCMOP10_N100_FE100000_run2_seed261002.mat"
"s09_biscop_confirmation","Stage-AOP","LIRCMOP10","LIR-CMOP",100,100000,3,261003,100000,18.6818,0.1071171797183813,0.6675667767092268,1,"Stage_AOP_LIRCMOP10_N100_FE100000_run3_seed261003.mat"
"s09_biscop_confirmation","Stage-AOP","LIRCMOP10","LIR-CMOP",100,100000,4,261004,100000,19.2533,0.1284065025787004,0.6516863078687366,1,"Stage_AOP_LIRCMOP10_N100_FE100000_run4_seed261004.mat"
"s09_biscop_confirmation","Stage-AOP","LIRCMOP10","LIR-CMOP",100,100000,5,261005,100000,18.8773,0.1045368912456525,0.6679878167115932,1,"Stage_AOP_LIRCMOP10_N100_FE100000_run5_seed261005.mat"
"s09_biscop_confirmation","Stage-AOP","LIRCMOP10","LIR-CMOP",100,100000,6,261006,100000,21.7948,0.1204057667807202,0.6568837009628192,1,"Stage_AOP_LIRCMOP10_N100_FE100000_run6_seed261006.mat"
"s09_biscop_confirmation","Stage-AOP","LIRCMOP10","LIR-CMOP",100,100000,7,261007,100000,22.1008,0.06017700693463734,0.6775964995383383,1,"Stage_AOP_LIRCMOP10_N100_FE100000_run7_seed261007.mat"
"s09_biscop_confirmation","Stage-AOP","LIRCMOP10","LIR-CMOP",100,100000,8,261008,100000,18.2209,0.108838790089955,0.6670115937408315,1,"Stage_AOP_LIRCMOP10_N100_FE100000_run8_seed261008.mat"
"s09_biscop_confirmation","Stage-AOP","LIRCMOP10","LIR-CMOP",100,100000,9,261009,100000,20.0101,0.04404626829843405,0.6823084077695207,1,"Stage_AOP_LIRCMOP10_N100_FE100000_run9_seed261009.mat"
"s09_biscop_confirmation","Stage-AOP","LIRCMOP11","LIR-CMOP",100,100000,10,261110,100000,16.0298,0.07247867744704954,0.6599336077263356,1,"Stage_AOP_LIRCMOP11_N100_FE100000_run10_seed261110.mat"
"s09_biscop_confirmation","Stage-AOP","LIRCMOP11","LIR-CMOP",100,100000,1,261101,100000,17.2857,0.07268512740561509,0.6597499590689783,1,"Stage_AOP_LIRCMOP11_N100_FE100000_run1_seed261101.mat"
"s09_biscop_confirmation","Stage-AOP","LIRCMOP11","LIR-CMOP",100,100000,2,261102,100000,16.5635,0.01951653746870149,0.6825940279550267,1,"Stage_AOP_LIRCMOP11_N100_FE100000_run2_seed261102.mat"
"s09_biscop_confirmation","Stage-AOP","LIRCMOP11","LIR-CMOP",100,100000,3,261103,100000,17.9049,0.07333278865451684,0.659908292847143,1,"Stage_AOP_LIRCMOP11_N100_FE100000_run3_seed261103.mat"
"s09_biscop_confirmation","Stage-AOP","LIRCMOP11","LIR-CMOP",100,100000,4,261104,100000,15.885,0.0729572711419041,0.6599624990985913,1,"Stage_AOP_LIRCMOP11_N100_FE100000_run4_seed261104.mat"
"s09_biscop_confirmation","Stage-AOP","LIRCMOP11","LIR-CMOP",100,100000,5,261105,100000,16.116,0.07259066283687401,0.6598132062123931,1,"Stage_AOP_LIRCMOP11_N100_FE100000_run5_seed261105.mat"
"s09_biscop_confirmation","Stage-AOP","LIRCMOP11","LIR-CMOP",100,100000,6,261106,100000,17.3839,0.07284293021727882,0.6594952473554483,1,"Stage_AOP_LIRCMOP11_N100_FE100000_run6_seed261106.mat"
"s09_biscop_confirmation","Stage-AOP","LIRCMOP11","LIR-CMOP",100,100000,7,261107,100000,16.5773,0.02718834451551554,0.6774847567317976,1,"Stage_AOP_LIRCMOP11_N100_FE100000_run7_seed261107.mat"
"s09_biscop_confirmation","Stage-AOP","LIRCMOP11","LIR-CMOP",100,100000,8,261108,100000,17.1894,0.02252277421690907,0.6790996864221071,1,"Stage_AOP_LIRCMOP11_N100_FE100000_run8_seed261108.mat"
"s09_biscop_confirmation","Stage-AOP","LIRCMOP11","LIR-CMOP",100,100000,9,261109,100000,17.2034,0.01624435442735637,0.6843308607960288,1,"Stage_AOP_LIRCMOP11_N100_FE100000_run9_seed261109.mat"
"s09_biscop_confirmation","Stage-AOP","LIRCMOP12","LIR-CMOP",100,100000,10,261210,100000,10.0454,0.09560041289355022,0.5759156324421872,1,"Stage_AOP_LIRCMOP12_N100_FE100000_run10_seed261210.mat"
"s09_biscop_confirmation","Stage-AOP","LIRCMOP12","LIR-CMOP",100,100000,1,261201,100000,9.5962,0.05923835446940597,0.5905658334714259,1,"Stage_AOP_LIRCMOP12_N100_FE100000_run1_seed261201.mat"
"s09_biscop_confirmation","Stage-AOP","LIRCMOP12","LIR-CMOP",100,100000,2,261202,100000,11.1927,0.1358028102164513,0.5570684995579734,1,"Stage_AOP_LIRCMOP12_N100_FE100000_run2_seed261202.mat"
"s09_biscop_confirmation","Stage-AOP","LIRCMOP12","LIR-CMOP",100,100000,3,261203,100000,9.3885,0.1059925462479342,0.5694604285212944,1,"Stage_AOP_LIRCMOP12_N100_FE100000_run3_seed261203.mat"
"s09_biscop_confirmation","Stage-AOP","LIRCMOP12","LIR-CMOP",100,100000,4,261204,100000,10.2192,0.1018593807037007,0.5742457910134812,1,"Stage_AOP_LIRCMOP12_N100_FE100000_run4_seed261204.mat"
"s09_biscop_confirmation","Stage-AOP","LIRCMOP12","LIR-CMOP",100,100000,5,261205,100000,10.2111,0.09654361845770534,0.5797369577983013,1,"Stage_AOP_LIRCMOP12_N100_FE100000_run5_seed261205.mat"
"s09_biscop_confirmation","Stage-AOP","LIRCMOP12","LIR-CMOP",100,100000,6,261206,100000,9.8695,0.05280028980516142,0.5955893124982701,1,"Stage_AOP_LIRCMOP12_N100_FE100000_run6_seed261206.mat"
"s09_biscop_confirmation","Stage-AOP","LIRCMOP12","LIR-CMOP",100,100000,7,261207,100000,9.85,0.08117869947097317,0.5883196078921463,1,"Stage_AOP_LIRCMOP12_N100_FE100000_run7_seed261207.mat"
"s09_biscop_confirmation","Stage-AOP","LIRCMOP12","LIR-CMOP",100,100000,8,261208,100000,9.9185,0.08625754358233391,0.5858758617156612,1,"Stage_AOP_LIRCMOP12_N100_FE100000_run8_seed261208.mat"
"s09_biscop_confirmation","Stage-AOP","LIRCMOP12","LIR-CMOP",100,100000,9,261209,100000,9.531,0.1426085229698861,0.5515533747000841,1,"Stage_AOP_LIRCMOP12_N100_FE100000_run9_seed261209.mat"
"s09_biscop_confirmation","Stage-AOP","LIRCMOP13","LIR-CMOP",100,100000,10,261310,100000,45.2656,0.09663362198309104,0.5449301061758214,1,"Stage_AOP_LIRCMOP13_N100_FE100000_run10_seed261310.mat"
"s09_biscop_confirmation","Stage-AOP","LIRCMOP13","LIR-CMOP",100,100000,1,261301,100000,45.7866,0.09653706799525595,0.5439913857160513,1,"Stage_AOP_LIRCMOP13_N100_FE100000_run1_seed261301.mat"
"s09_biscop_confirmation","Stage-AOP","LIRCMOP13","LIR-CMOP",100,100000,2,261302,100000,44.7015,0.09487407884570431,0.5473286102085066,1,"Stage_AOP_LIRCMOP13_N100_FE100000_run2_seed261302.mat"
"s09_biscop_confirmation","Stage-AOP","LIRCMOP13","LIR-CMOP",100,100000,3,261303,100000,44.9522,0.09700524380848298,0.5428146254206949,1,"Stage_AOP_LIRCMOP13_N100_FE100000_run3_seed261303.mat"
"s09_biscop_confirmation","Stage-AOP","LIRCMOP13","LIR-CMOP",100,100000,4,261304,100000,45.6699,0.09493726727539818,0.5467293315545017,1,"Stage_AOP_LIRCMOP13_N100_FE100000_run4_seed261304.mat"
"s09_biscop_confirmation","Stage-AOP","LIRCMOP13","LIR-CMOP",100,100000,5,261305,100000,44.2642,0.09599443890759075,0.5450489894580648,1,"Stage_AOP_LIRCMOP13_N100_FE100000_run5_seed261305.mat"
"s09_biscop_confirmation","Stage-AOP","LIRCMOP13","LIR-CMOP",100,100000,6,261306,100000,45.5175,0.09623662863502394,0.5485852305250269,1,"Stage_AOP_LIRCMOP13_N100_FE100000_run6_seed261306.mat"
"s09_biscop_confirmation","Stage-AOP","LIRCMOP13","LIR-CMOP",100,100000,7,261307,100000,46.1264,0.09642175634569342,0.5440484364051835,1,"Stage_AOP_LIRCMOP13_N100_FE100000_run7_seed261307.mat"
"s09_biscop_confirmation","Stage-AOP","LIRCMOP13","LIR-CMOP",100,100000,8,261308,100000,43.9907,0.09315588577058345,0.5508385010339796,1,"Stage_AOP_LIRCMOP13_N100_FE100000_run8_seed261308.mat"
"s09_biscop_confirmation","Stage-AOP","LIRCMOP13","LIR-CMOP",100,100000,9,261309,100000,45.0268,0.09552031885668251,0.5443842589142058,1,"Stage_AOP_LIRCMOP13_N100_FE100000_run9_seed261309.mat"
"s09_biscop_confirmation","Stage-AOP","LIRCMOP14","LIR-CMOP",100,100000,10,261410,100000,32.1338,0.0973731348071252,0.5531810698391444,1,"Stage_AOP_LIRCMOP14_N100_FE100000_run10_seed261410.mat"
"s09_biscop_confirmation","Stage-AOP","LIRCMOP14","LIR-CMOP",100,100000,1,261401,100000,32.7971,0.09776905253063038,0.5490327362746267,1,"Stage_AOP_LIRCMOP14_N100_FE100000_run1_seed261401.mat"
"s09_biscop_confirmation","Stage-AOP","LIRCMOP14","LIR-CMOP",100,100000,2,261402,100000,33.371,0.09785778202934228,0.5501392166346748,1,"Stage_AOP_LIRCMOP14_N100_FE100000_run2_seed261402.mat"
"s09_biscop_confirmation","Stage-AOP","LIRCMOP14","LIR-CMOP",100,100000,3,261403,100000,33.4397,0.09684572497272224,0.5505928063075445,1,"Stage_AOP_LIRCMOP14_N100_FE100000_run3_seed261403.mat"
"s09_biscop_confirmation","Stage-AOP","LIRCMOP14","LIR-CMOP",100,100000,4,261404,100000,32.6812,0.09667834164709616,0.54993981495953,1,"Stage_AOP_LIRCMOP14_N100_FE100000_run4_seed261404.mat"
"s09_biscop_confirmation","Stage-AOP","LIRCMOP14","LIR-CMOP",100,100000,5,261405,100000,32.5031,0.09588896029714258,0.5525429619823854,1,"Stage_AOP_LIRCMOP14_N100_FE100000_run5_seed261405.mat"
"s09_biscop_confirmation","Stage-AOP","LIRCMOP14","LIR-CMOP",100,100000,6,261406,100000,33.7605,0.09762705893413912,0.5517594673861654,1,"Stage_AOP_LIRCMOP14_N100_FE100000_run6_seed261406.mat"
"s09_biscop_confirmation","Stage-AOP","LIRCMOP14","LIR-CMOP",100,100000,7,261407,100000,31.8929,0.09750460722217688,0.5502238402029938,1,"Stage_AOP_LIRCMOP14_N100_FE100000_run7_seed261407.mat"
"s09_biscop_confirmation","Stage-AOP","LIRCMOP14","LIR-CMOP",100,100000,8,261408,100000,33.8598,0.09607652515601724,0.5512859854020471,1,"Stage_AOP_LIRCMOP14_N100_FE100000_run8_seed261408.mat"
"s09_biscop_confirmation","Stage-AOP","LIRCMOP14","LIR-CMOP",100,100000,9,261409,100000,34.0383,0.0973787732884086,0.5495423430407562,1,"Stage_AOP_LIRCMOP14_N100_FE100000_run9_seed261409.mat"
"s09_biscop_confirmation","Stage-AOP","LIRCMOP1","LIR-CMOP",100,100000,10,260110,100000,9.0384,0.1273806780048674,0.1704066079457692,1,"Stage_AOP_LIRCMOP1_N100_FE100000_run10_seed260110.mat"
"s09_biscop_confirmation","Stage-AOP","LIRCMOP1","LIR-CMOP",100,100000,1,260101,100000,9.0792,0.2338737380513109,0.1372235245996108,1,"Stage_AOP_LIRCMOP1_N100_FE100000_run1_seed260101.mat"
"s09_biscop_confirmation","Stage-AOP","LIRCMOP1","LIR-CMOP",100,100000,2,260102,100000,8.6798,0.2467643735510386,0.1312796577217473,1,"Stage_AOP_LIRCMOP1_N100_FE100000_run2_seed260102.mat"
"s09_biscop_confirmation","Stage-AOP","LIRCMOP1","LIR-CMOP",100,100000,3,260103,100000,8.713,0.1468500091164584,0.1658164044029101,1,"Stage_AOP_LIRCMOP1_N100_FE100000_run3_seed260103.mat"
"s09_biscop_confirmation","Stage-AOP","LIRCMOP1","LIR-CMOP",100,100000,4,260104,100000,9.1511,0.2281985715427529,0.131369919119687,1,"Stage_AOP_LIRCMOP1_N100_FE100000_run4_seed260104.mat"
"s09_biscop_confirmation","Stage-AOP","LIRCMOP1","LIR-CMOP",100,100000,5,260105,100000,8.4029,0.2489199964562319,0.1317103218520971,1,"Stage_AOP_LIRCMOP1_N100_FE100000_run5_seed260105.mat"
"s09_biscop_confirmation","Stage-AOP","LIRCMOP1","LIR-CMOP",100,100000,6,260106,100000,9.1856,0.1867105676181778,0.1638121776019189,1,"Stage_AOP_LIRCMOP1_N100_FE100000_run6_seed260106.mat"
"s09_biscop_confirmation","Stage-AOP","LIRCMOP1","LIR-CMOP",100,100000,7,260107,100000,9.0519,0.1542035858943816,0.1927088444443573,1,"Stage_AOP_LIRCMOP1_N100_FE100000_run7_seed260107.mat"
"s09_biscop_confirmation","Stage-AOP","LIRCMOP1","LIR-CMOP",100,100000,8,260108,100000,8.6099,0.2969960720548961,0.1113694545646202,1,"Stage_AOP_LIRCMOP1_N100_FE100000_run8_seed260108.mat"
"s09_biscop_confirmation","Stage-AOP","LIRCMOP1","LIR-CMOP",100,100000,9,260109,100000,8.5353,0.1458890451252443,0.164438568107281,1,"Stage_AOP_LIRCMOP1_N100_FE100000_run9_seed260109.mat"
"s09_biscop_confirmation","Stage-AOP","LIRCMOP2","LIR-CMOP",100,100000,10,260210,100000,9.8597,0.08585841414078273,0.3097772261971347,1,"Stage_AOP_LIRCMOP2_N100_FE100000_run10_seed260210.mat"
"s09_biscop_confirmation","Stage-AOP","LIRCMOP2","LIR-CMOP",100,100000,1,260201,100000,10.105,0.07651616573405738,0.3194241339879745,1,"Stage_AOP_LIRCMOP2_N100_FE100000_run1_seed260201.mat"
"s09_biscop_confirmation","Stage-AOP","LIRCMOP2","LIR-CMOP",100,100000,2,260202,100000,10.1709,0.06366177810334327,0.3237563852931544,1,"Stage_AOP_LIRCMOP2_N100_FE100000_run2_seed260202.mat"
"s09_biscop_confirmation","Stage-AOP","LIRCMOP2","LIR-CMOP",100,100000,3,260203,100000,10.7783,0.08442970697602536,0.3159211387323214,1,"Stage_AOP_LIRCMOP2_N100_FE100000_run3_seed260203.mat"
"s09_biscop_confirmation","Stage-AOP","LIRCMOP2","LIR-CMOP",100,100000,4,260204,100000,9.9185,0.0632401642179052,0.3171371207228475,1,"Stage_AOP_LIRCMOP2_N100_FE100000_run4_seed260204.mat"
"s09_biscop_confirmation","Stage-AOP","LIRCMOP2","LIR-CMOP",100,100000,5,260205,100000,10.3673,0.1022206868911822,0.3075288971909835,1,"Stage_AOP_LIRCMOP2_N100_FE100000_run5_seed260205.mat"
"s09_biscop_confirmation","Stage-AOP","LIRCMOP2","LIR-CMOP",100,100000,6,260206,100000,10.3969,0.1385248138994724,0.3114665898385598,1,"Stage_AOP_LIRCMOP2_N100_FE100000_run6_seed260206.mat"
"s09_biscop_confirmation","Stage-AOP","LIRCMOP2","LIR-CMOP",100,100000,7,260207,100000,9.8129,0.05215112915352912,0.3308578998326115,1,"Stage_AOP_LIRCMOP2_N100_FE100000_run7_seed260207.mat"
"s09_biscop_confirmation","Stage-AOP","LIRCMOP2","LIR-CMOP",100,100000,8,260208,100000,10.899,0.04974451838167667,0.3326066849724411,1,"Stage_AOP_LIRCMOP2_N100_FE100000_run8_seed260208.mat"
"s09_biscop_confirmation","Stage-AOP","LIRCMOP2","LIR-CMOP",100,100000,9,260209,100000,10.7305,0.2061695878757245,0.2446741126358043,1,"Stage_AOP_LIRCMOP2_N100_FE100000_run9_seed260209.mat"
"s09_biscop_confirmation","Stage-AOP","LIRCMOP3","LIR-CMOP",100,100000,10,260310,100000,10.4538,0.2120411927065559,0.1198944617542275,1,"Stage_AOP_LIRCMOP3_N100_FE100000_run10_seed260310.mat"
"s09_biscop_confirmation","Stage-AOP","LIRCMOP3","LIR-CMOP",100,100000,1,260301,100000,10.4482,0.2182172499237735,0.1265798668256714,1,"Stage_AOP_LIRCMOP3_N100_FE100000_run1_seed260301.mat"
"s09_biscop_confirmation","Stage-AOP","LIRCMOP3","LIR-CMOP",100,100000,2,260302,100000,10.1236,0.144152620128464,0.1563751372349015,1,"Stage_AOP_LIRCMOP3_N100_FE100000_run2_seed260302.mat"
"s09_biscop_confirmation","Stage-AOP","LIRCMOP3","LIR-CMOP",100,100000,3,260303,100000,10.0896,0.1562683687097407,0.1524911138222452,1,"Stage_AOP_LIRCMOP3_N100_FE100000_run3_seed260303.mat"
"s09_biscop_confirmation","Stage-AOP","LIRCMOP3","LIR-CMOP",100,100000,4,260304,100000,10.3575,0.131934935399199,0.1519077203184531,1,"Stage_AOP_LIRCMOP3_N100_FE100000_run4_seed260304.mat"
"s09_biscop_confirmation","Stage-AOP","LIRCMOP3","LIR-CMOP",100,100000,5,260305,100000,10.4669,0.2122224770803681,0.1413829796599437,1,"Stage_AOP_LIRCMOP3_N100_FE100000_run5_seed260305.mat"
"s09_biscop_confirmation","Stage-AOP","LIRCMOP3","LIR-CMOP",100,100000,6,260306,100000,10.1685,0.2688743835813525,0.1087276871806198,1,"Stage_AOP_LIRCMOP3_N100_FE100000_run6_seed260306.mat"
"s09_biscop_confirmation","Stage-AOP","LIRCMOP3","LIR-CMOP",100,100000,7,260307,100000,10.2744,0.2328485477160356,0.1144377831084039,1,"Stage_AOP_LIRCMOP3_N100_FE100000_run7_seed260307.mat"
"s09_biscop_confirmation","Stage-AOP","LIRCMOP3","LIR-CMOP",100,100000,8,260308,100000,10.3842,0.1756272851820752,0.1426821121927217,1,"Stage_AOP_LIRCMOP3_N100_FE100000_run8_seed260308.mat"
"s09_biscop_confirmation","Stage-AOP","LIRCMOP3","LIR-CMOP",100,100000,9,260309,100000,9.7757,0.1686086409556995,0.1376962928765035,1,"Stage_AOP_LIRCMOP3_N100_FE100000_run9_seed260309.mat"
"s09_biscop_confirmation","Stage-AOP","LIRCMOP4","LIR-CMOP",100,100000,10,260410,100000,10.5089,0.2120920389891485,0.2393467041780428,1,"Stage_AOP_LIRCMOP4_N100_FE100000_run10_seed260410.mat"
"s09_biscop_confirmation","Stage-AOP","LIRCMOP4","LIR-CMOP",100,100000,1,260401,100000,10.3611,0.06539180285059144,0.2849620113353672,1,"Stage_AOP_LIRCMOP4_N100_FE100000_run1_seed260401.mat"
"s09_biscop_confirmation","Stage-AOP","LIRCMOP4","LIR-CMOP",100,100000,2,260402,100000,10.0451,0.2548606071550741,0.2098965338024678,1,"Stage_AOP_LIRCMOP4_N100_FE100000_run2_seed260402.mat"
"s09_biscop_confirmation","Stage-AOP","LIRCMOP4","LIR-CMOP",100,100000,3,260403,100000,10.1315,0.2596664005535538,0.208325075839446,1,"Stage_AOP_LIRCMOP4_N100_FE100000_run3_seed260403.mat"
"s09_biscop_confirmation","Stage-AOP","LIRCMOP4","LIR-CMOP",100,100000,4,260404,100000,10.4061,0.1830971651753928,0.2286370479794575,1,"Stage_AOP_LIRCMOP4_N100_FE100000_run4_seed260404.mat"
"s09_biscop_confirmation","Stage-AOP","LIRCMOP4","LIR-CMOP",100,100000,5,260405,100000,9.9429,0.1318821312120662,0.2534748423134153,1,"Stage_AOP_LIRCMOP4_N100_FE100000_run5_seed260405.mat"
"s09_biscop_confirmation","Stage-AOP","LIRCMOP4","LIR-CMOP",100,100000,6,260406,100000,9.9979,0.1019293560935079,0.2702059617793747,1,"Stage_AOP_LIRCMOP4_N100_FE100000_run6_seed260406.mat"
"s09_biscop_confirmation","Stage-AOP","LIRCMOP4","LIR-CMOP",100,100000,7,260407,100000,10.6134,0.2458961155202776,0.2128337641084019,1,"Stage_AOP_LIRCMOP4_N100_FE100000_run7_seed260407.mat"
"s09_biscop_confirmation","Stage-AOP","LIRCMOP4","LIR-CMOP",100,100000,8,260408,100000,10.3757,0.2472655848873052,0.2114142680288902,1,"Stage_AOP_LIRCMOP4_N100_FE100000_run8_seed260408.mat"
"s09_biscop_confirmation","Stage-AOP","LIRCMOP4","LIR-CMOP",100,100000,9,260409,100000,10.0528,0.2525718520791675,0.2095647544327008,1,"Stage_AOP_LIRCMOP4_N100_FE100000_run9_seed260409.mat"
"s09_biscop_confirmation","Stage-AOP","LIRCMOP5","LIR-CMOP",100,100000,10,260510,100000,12.7603,0.02624482735474552,0.2805530550957262,1,"Stage_AOP_LIRCMOP5_N100_FE100000_run10_seed260510.mat"
"s09_biscop_confirmation","Stage-AOP","LIRCMOP5","LIR-CMOP",100,100000,1,260501,100000,15.3884,0.06330879174751601,0.270697384069807,1,"Stage_AOP_LIRCMOP5_N100_FE100000_run1_seed260501.mat"
"s09_biscop_confirmation","Stage-AOP","LIRCMOP5","LIR-CMOP",100,100000,2,260502,100000,12.6195,0.02253625244475256,0.2838840477180076,1,"Stage_AOP_LIRCMOP5_N100_FE100000_run2_seed260502.mat"
"s09_biscop_confirmation","Stage-AOP","LIRCMOP5","LIR-CMOP",100,100000,3,260503,100000,18.4007,0.01754225864794955,0.2847180747170449,1,"Stage_AOP_LIRCMOP5_N100_FE100000_run3_seed260503.mat"
"s09_biscop_confirmation","Stage-AOP","LIRCMOP5","LIR-CMOP",100,100000,4,260504,100000,14.0578,0.01809710140766697,0.2846277380523648,1,"Stage_AOP_LIRCMOP5_N100_FE100000_run4_seed260504.mat"
"s09_biscop_confirmation","Stage-AOP","LIRCMOP5","LIR-CMOP",100,100000,5,260505,100000,12.9315,0.09069555412863092,0.230304157081462,1,"Stage_AOP_LIRCMOP5_N100_FE100000_run5_seed260505.mat"
"s09_biscop_confirmation","Stage-AOP","LIRCMOP5","LIR-CMOP",100,100000,6,260506,100000,15.196,0.03059138578347407,0.2793762846333894,1,"Stage_AOP_LIRCMOP5_N100_FE100000_run6_seed260506.mat"
"s09_biscop_confirmation","Stage-AOP","LIRCMOP5","LIR-CMOP",100,100000,7,260507,100000,12.8487,0.02413446952233433,0.282196148199188,1,"Stage_AOP_LIRCMOP5_N100_FE100000_run7_seed260507.mat"
"s09_biscop_confirmation","Stage-AOP","LIRCMOP5","LIR-CMOP",100,100000,8,260508,100000,14.5728,0.04299115675917634,0.2756008318469597,1,"Stage_AOP_LIRCMOP5_N100_FE100000_run8_seed260508.mat"
"s09_biscop_confirmation","Stage-AOP","LIRCMOP5","LIR-CMOP",100,100000,9,260509,100000,16.7993,0.01714657401851042,0.2847218912677625,1,"Stage_AOP_LIRCMOP5_N100_FE100000_run9_seed260509.mat"
"s09_biscop_confirmation","Stage-AOP","LIRCMOP6","LIR-CMOP",100,100000,10,260610,100000,18.2408,0.01401029652703223,0.1926038764315382,1,"Stage_AOP_LIRCMOP6_N100_FE100000_run10_seed260610.mat"
"s09_biscop_confirmation","Stage-AOP","LIRCMOP6","LIR-CMOP",100,100000,1,260601,100000,14.732,0.01469478890045696,0.1932778901367939,1,"Stage_AOP_LIRCMOP6_N100_FE100000_run1_seed260601.mat"
"s09_biscop_confirmation","Stage-AOP","LIRCMOP6","LIR-CMOP",100,100000,2,260602,100000,15.5479,0.01457844942458921,0.1931847647762175,1,"Stage_AOP_LIRCMOP6_N100_FE100000_run2_seed260602.mat"
"s09_biscop_confirmation","Stage-AOP","LIRCMOP6","LIR-CMOP",100,100000,3,260603,100000,14.7935,0.0172075391985934,0.1932741928376383,1,"Stage_AOP_LIRCMOP6_N100_FE100000_run3_seed260603.mat"
"s09_biscop_confirmation","Stage-AOP","LIRCMOP6","LIR-CMOP",100,100000,4,260604,100000,15.1233,0.02750985454856102,0.1917046130428247,1,"Stage_AOP_LIRCMOP6_N100_FE100000_run4_seed260604.mat"
"s09_biscop_confirmation","Stage-AOP","LIRCMOP6","LIR-CMOP",100,100000,5,260605,100000,14.7809,0.1496774818773083,0.1600945257558322,1,"Stage_AOP_LIRCMOP6_N100_FE100000_run5_seed260605.mat"
"s09_biscop_confirmation","Stage-AOP","LIRCMOP6","LIR-CMOP",100,100000,6,260606,100000,13.9969,0.01955035744115981,0.1919157249418737,1,"Stage_AOP_LIRCMOP6_N100_FE100000_run6_seed260606.mat"
"s09_biscop_confirmation","Stage-AOP","LIRCMOP6","LIR-CMOP",100,100000,7,260607,100000,14.4395,0.06163529176812481,0.175995260272155,1,"Stage_AOP_LIRCMOP6_N100_FE100000_run7_seed260607.mat"
"s09_biscop_confirmation","Stage-AOP","LIRCMOP6","LIR-CMOP",100,100000,8,260608,100000,16.5767,0.01358102531930475,0.1941260706837332,1,"Stage_AOP_LIRCMOP6_N100_FE100000_run8_seed260608.mat"
"s09_biscop_confirmation","Stage-AOP","LIRCMOP6","LIR-CMOP",100,100000,9,260609,100000,17.8603,0.01022745342816012,0.1950345112909804,1,"Stage_AOP_LIRCMOP6_N100_FE100000_run9_seed260609.mat"
"s09_biscop_confirmation","Stage-AOP","LIRCMOP7","LIR-CMOP",100,100000,10,260710,100000,8.6101,0.01138509374356724,0.2918387207706805,1,"Stage_AOP_LIRCMOP7_N100_FE100000_run10_seed260710.mat"
"s09_biscop_confirmation","Stage-AOP","LIRCMOP7","LIR-CMOP",100,100000,1,260701,100000,8.5832,0.008359171371593968,0.2938520309826765,1,"Stage_AOP_LIRCMOP7_N100_FE100000_run1_seed260701.mat"
"s09_biscop_confirmation","Stage-AOP","LIRCMOP7","LIR-CMOP",100,100000,2,260702,100000,8.3513,0.008933867013507867,0.293567741100875,1,"Stage_AOP_LIRCMOP7_N100_FE100000_run2_seed260702.mat"
"s09_biscop_confirmation","Stage-AOP","LIRCMOP7","LIR-CMOP",100,100000,3,260703,100000,8.359,0.008879598207609772,0.2937356392040576,1,"Stage_AOP_LIRCMOP7_N100_FE100000_run3_seed260703.mat"
"s09_biscop_confirmation","Stage-AOP","LIRCMOP7","LIR-CMOP",100,100000,4,260704,100000,8.6642,0.008232214358838216,0.2936546206496919,1,"Stage_AOP_LIRCMOP7_N100_FE100000_run4_seed260704.mat"
"s09_biscop_confirmation","Stage-AOP","LIRCMOP7","LIR-CMOP",100,100000,5,260705,100000,8.1983,0.008469774735547345,0.293902309722458,1,"Stage_AOP_LIRCMOP7_N100_FE100000_run5_seed260705.mat"
"s09_biscop_confirmation","Stage-AOP","LIRCMOP7","LIR-CMOP",100,100000,6,260706,100000,8.6348,0.009275416967312433,0.2928819454421365,1,"Stage_AOP_LIRCMOP7_N100_FE100000_run6_seed260706.mat"
"s09_biscop_confirmation","Stage-AOP","LIRCMOP7","LIR-CMOP",100,100000,7,260707,100000,8.8485,0.008232237786375484,0.2939001806859526,1,"Stage_AOP_LIRCMOP7_N100_FE100000_run7_seed260707.mat"
"s09_biscop_confirmation","Stage-AOP","LIRCMOP7","LIR-CMOP",100,100000,8,260708,100000,8.0749,0.007735659169680176,0.294147796585901,1,"Stage_AOP_LIRCMOP7_N100_FE100000_run8_seed260708.mat"
"s09_biscop_confirmation","Stage-AOP","LIRCMOP7","LIR-CMOP",100,100000,9,260709,100000,8.4017,0.008878229223726537,0.2937400974601872,1,"Stage_AOP_LIRCMOP7_N100_FE100000_run9_seed260709.mat"
"s09_biscop_confirmation","Stage-AOP","LIRCMOP8","LIR-CMOP",100,100000,10,260810,100000,8.4526,0.008044736709418111,0.2941902840169068,1,"Stage_AOP_LIRCMOP8_N100_FE100000_run10_seed260810.mat"
"s09_biscop_confirmation","Stage-AOP","LIRCMOP8","LIR-CMOP",100,100000,1,260801,100000,8.062,0.01023163659533172,0.2928727217265721,1,"Stage_AOP_LIRCMOP8_N100_FE100000_run1_seed260801.mat"
"s09_biscop_confirmation","Stage-AOP","LIRCMOP8","LIR-CMOP",100,100000,2,260802,100000,8.2089,0.008466174005579793,0.2938730063808396,1,"Stage_AOP_LIRCMOP8_N100_FE100000_run2_seed260802.mat"
"s09_biscop_confirmation","Stage-AOP","LIRCMOP8","LIR-CMOP",100,100000,3,260803,100000,8.6137,0.008385374911374067,0.2938380885866856,1,"Stage_AOP_LIRCMOP8_N100_FE100000_run3_seed260803.mat"
"s09_biscop_confirmation","Stage-AOP","LIRCMOP8","LIR-CMOP",100,100000,4,260804,100000,8.4234,0.008231292071519547,0.2941685692885858,1,"Stage_AOP_LIRCMOP8_N100_FE100000_run4_seed260804.mat"
"s09_biscop_confirmation","Stage-AOP","LIRCMOP8","LIR-CMOP",100,100000,5,260805,100000,8.4037,0.008025344790219156,0.2939995073441997,1,"Stage_AOP_LIRCMOP8_N100_FE100000_run5_seed260805.mat"
"s09_biscop_confirmation","Stage-AOP","LIRCMOP8","LIR-CMOP",100,100000,6,260806,100000,8.678,0.008224678521633085,0.2941157764196752,1,"Stage_AOP_LIRCMOP8_N100_FE100000_run6_seed260806.mat"
"s09_biscop_confirmation","Stage-AOP","LIRCMOP8","LIR-CMOP",100,100000,7,260807,100000,8.0229,0.007824642003373513,0.2940389141651382,1,"Stage_AOP_LIRCMOP8_N100_FE100000_run7_seed260807.mat"
"s09_biscop_confirmation","Stage-AOP","LIRCMOP8","LIR-CMOP",100,100000,8,260808,100000,8.8282,0.007815000260269584,0.2941829828429998,1,"Stage_AOP_LIRCMOP8_N100_FE100000_run8_seed260808.mat"
"s09_biscop_confirmation","Stage-AOP","LIRCMOP8","LIR-CMOP",100,100000,9,260809,100000,8.6103,0.009032955024793739,0.2935457039655666,1,"Stage_AOP_LIRCMOP8_N100_FE100000_run9_seed260809.mat"
"s09_biscop_confirmation","Stage-AOP","LIRCMOP9","LIR-CMOP",100,100000,10,260910,100000,17.949,0.2813781487908675,0.4171750434445902,1,"Stage_AOP_LIRCMOP9_N100_FE100000_run10_seed260910.mat"
"s09_biscop_confirmation","Stage-AOP","LIRCMOP9","LIR-CMOP",100,100000,1,260901,100000,17.6631,0.2148449339023112,0.4386673659652514,1,"Stage_AOP_LIRCMOP9_N100_FE100000_run1_seed260901.mat"
"s09_biscop_confirmation","Stage-AOP","LIRCMOP9","LIR-CMOP",100,100000,2,260902,100000,17.7701,0.2955039287492993,0.4095214094613953,1,"Stage_AOP_LIRCMOP9_N100_FE100000_run2_seed260902.mat"
"s09_biscop_confirmation","Stage-AOP","LIRCMOP9","LIR-CMOP",100,100000,3,260903,100000,16.7962,0.2005708467530188,0.4471222440769861,1,"Stage_AOP_LIRCMOP9_N100_FE100000_run3_seed260903.mat"
"s09_biscop_confirmation","Stage-AOP","LIRCMOP9","LIR-CMOP",100,100000,4,260904,100000,17.3502,0.2283118199556964,0.426562088801074,1,"Stage_AOP_LIRCMOP9_N100_FE100000_run4_seed260904.mat"
"s09_biscop_confirmation","Stage-AOP","LIRCMOP9","LIR-CMOP",100,100000,5,260905,100000,17.5563,0.3045329898177008,0.4042682264342247,1,"Stage_AOP_LIRCMOP9_N100_FE100000_run5_seed260905.mat"
"s09_biscop_confirmation","Stage-AOP","LIRCMOP9","LIR-CMOP",100,100000,6,260906,100000,16.5349,0.1848424662208392,0.4578662061206837,1,"Stage_AOP_LIRCMOP9_N100_FE100000_run6_seed260906.mat"
"s09_biscop_confirmation","Stage-AOP","LIRCMOP9","LIR-CMOP",100,100000,7,260907,100000,17.8611,0.3019483065482981,0.4058126607420396,1,"Stage_AOP_LIRCMOP9_N100_FE100000_run7_seed260907.mat"
"s09_biscop_confirmation","Stage-AOP","LIRCMOP9","LIR-CMOP",100,100000,8,260908,100000,17.7117,0.200594877106566,0.4502341590084175,1,"Stage_AOP_LIRCMOP9_N100_FE100000_run8_seed260908.mat"
"s09_biscop_confirmation","Stage-AOP","LIRCMOP9","LIR-CMOP",100,100000,9,260909,100000,17.2136,0.2801157324108164,0.4188680051401275,1,"Stage_AOP_LIRCMOP9_N100_FE100000_run9_seed260909.mat"
"s09_biscop_confirmation","Survival-Credit-AOP","CF10","CF",100,100000,10,270010,100000,33.7275,0.3251544571263083,0.2011297508470439,1,"Survival_Credit_AOP_CF10_N100_FE100000_run10_seed270010.mat"
"s09_biscop_confirmation","Survival-Credit-AOP","CF10","CF",100,100000,1,270001,100000,17.3533,0.2087552148973021,0.2989264997465073,1,"Survival_Credit_AOP_CF10_N100_FE100000_run1_seed270001.mat"
"s09_biscop_confirmation","Survival-Credit-AOP","CF10","CF",100,100000,2,270002,100000,35.8316,0.420463024094586,0.1156004411399621,1,"Survival_Credit_AOP_CF10_N100_FE100000_run2_seed270002.mat"
"s09_biscop_confirmation","Survival-Credit-AOP","CF10","CF",100,100000,3,270003,100000,32.3696,0.2908416937137507,0.2479029244893272,1,"Survival_Credit_AOP_CF10_N100_FE100000_run3_seed270003.mat"
"s09_biscop_confirmation","Survival-Credit-AOP","CF10","CF",100,100000,4,270004,100000,38.6468,0.418635646210106,0.1755754503307216,1,"Survival_Credit_AOP_CF10_N100_FE100000_run4_seed270004.mat"
"s09_biscop_confirmation","Survival-Credit-AOP","CF10","CF",100,100000,5,270005,100000,41.6044,0.3890206946962102,0.1495013466439697,1,"Survival_Credit_AOP_CF10_N100_FE100000_run5_seed270005.mat"
"s09_biscop_confirmation","Survival-Credit-AOP","CF10","CF",100,100000,6,270006,100000,34.6351,0.4091212799127232,0.172794408188464,1,"Survival_Credit_AOP_CF10_N100_FE100000_run6_seed270006.mat"
"s09_biscop_confirmation","Survival-Credit-AOP","CF10","CF",100,100000,7,270007,100000,37.1816,0.3418461802612265,0.1987314941778058,1,"Survival_Credit_AOP_CF10_N100_FE100000_run7_seed270007.mat"
"s09_biscop_confirmation","Survival-Credit-AOP","CF10","CF",100,100000,8,270008,100000,41.2072,0.3339718803279677,0.1828047960157962,1,"Survival_Credit_AOP_CF10_N100_FE100000_run8_seed270008.mat"
"s09_biscop_confirmation","Survival-Credit-AOP","CF10","CF",100,100000,9,270009,100000,36.1605,0.36269853126104,0.1580649326864762,1,"Survival_Credit_AOP_CF10_N100_FE100000_run9_seed270009.mat"
"s09_biscop_confirmation","Survival-Credit-AOP","CF1","CF",100,100000,10,269110,100000,14.4916,0.00263955709308811,0.5628877469726555,1,"Survival_Credit_AOP_CF1_N100_FE100000_run10_seed269110.mat"
"s09_biscop_confirmation","Survival-Credit-AOP","CF1","CF",100,100000,1,269101,100000,14.5492,0.002434282232272959,0.5631408405535738,1,"Survival_Credit_AOP_CF1_N100_FE100000_run1_seed269101.mat"
"s09_biscop_confirmation","Survival-Credit-AOP","CF1","CF",100,100000,2,269102,100000,14.334,0.003016905691280932,0.5624371870620847,1,"Survival_Credit_AOP_CF1_N100_FE100000_run2_seed269102.mat"
"s09_biscop_confirmation","Survival-Credit-AOP","CF1","CF",100,100000,3,269103,100000,13.5014,0.003226904424120037,0.562173665594901,1,"Survival_Credit_AOP_CF1_N100_FE100000_run3_seed269103.mat"
"s09_biscop_confirmation","Survival-Credit-AOP","CF1","CF",100,100000,4,269104,100000,16.0483,0.00248845058821286,0.5630809610366607,1,"Survival_Credit_AOP_CF1_N100_FE100000_run4_seed269104.mat"
"s09_biscop_confirmation","Survival-Credit-AOP","CF1","CF",100,100000,5,269105,100000,15.9185,0.002328354994477824,0.5632753536361063,1,"Survival_Credit_AOP_CF1_N100_FE100000_run5_seed269105.mat"
"s09_biscop_confirmation","Survival-Credit-AOP","CF1","CF",100,100000,6,269106,100000,15.437,0.002151080682305917,0.5634823268546255,1,"Survival_Credit_AOP_CF1_N100_FE100000_run6_seed269106.mat"
"s09_biscop_confirmation","Survival-Credit-AOP","CF1","CF",100,100000,7,269107,100000,15.281,0.002424989279312807,0.5631519681856061,1,"Survival_Credit_AOP_CF1_N100_FE100000_run7_seed269107.mat"
"s09_biscop_confirmation","Survival-Credit-AOP","CF1","CF",100,100000,8,269108,100000,16.1757,0.00250946090766465,0.5630534898218241,1,"Survival_Credit_AOP_CF1_N100_FE100000_run8_seed269108.mat"
"s09_biscop_confirmation","Survival-Credit-AOP","CF1","CF",100,100000,9,269109,100000,14.4398,0.002754885380167373,0.5627440741910458,1,"Survival_Credit_AOP_CF1_N100_FE100000_run9_seed269109.mat"
"s09_biscop_confirmation","Survival-Credit-AOP","CF2","CF",100,100000,10,269210,100000,14.8495,0.01105125301632799,0.6659690055357614,1,"Survival_Credit_AOP_CF2_N100_FE100000_run10_seed269210.mat"
"s09_biscop_confirmation","Survival-Credit-AOP","CF2","CF",100,100000,1,269201,100000,15.154,0.005734083800550393,0.6715968033810598,1,"Survival_Credit_AOP_CF2_N100_FE100000_run1_seed269201.mat"
"s09_biscop_confirmation","Survival-Credit-AOP","CF2","CF",100,100000,2,269202,100000,14.4655,0.006996943379537657,0.6681089816528154,1,"Survival_Credit_AOP_CF2_N100_FE100000_run2_seed269202.mat"
"s09_biscop_confirmation","Survival-Credit-AOP","CF2","CF",100,100000,3,269203,100000,14.5369,0.007676241926017192,0.6723094957488497,1,"Survival_Credit_AOP_CF2_N100_FE100000_run3_seed269203.mat"
"s09_biscop_confirmation","Survival-Credit-AOP","CF2","CF",100,100000,4,269204,100000,14.9791,0.005966164985861977,0.6744659148690891,1,"Survival_Credit_AOP_CF2_N100_FE100000_run4_seed269204.mat"
"s09_biscop_confirmation","Survival-Credit-AOP","CF2","CF",100,100000,5,269205,100000,14.3719,0.006574065872290335,0.6701047021018035,1,"Survival_Credit_AOP_CF2_N100_FE100000_run5_seed269205.mat"
"s09_biscop_confirmation","Survival-Credit-AOP","CF2","CF",100,100000,6,269206,100000,14.821,0.01271267085023634,0.6652316050105559,1,"Survival_Credit_AOP_CF2_N100_FE100000_run6_seed269206.mat"
"s09_biscop_confirmation","Survival-Credit-AOP","CF2","CF",100,100000,7,269207,100000,14.4054,0.009349857965416987,0.6711803729512922,1,"Survival_Credit_AOP_CF2_N100_FE100000_run7_seed269207.mat"
"s09_biscop_confirmation","Survival-Credit-AOP","CF2","CF",100,100000,8,269208,100000,14.4274,0.005251996469300197,0.6751179395868367,1,"Survival_Credit_AOP_CF2_N100_FE100000_run8_seed269208.mat"
"s09_biscop_confirmation","Survival-Credit-AOP","CF2","CF",100,100000,9,269209,100000,14.4309,0.01253463201721044,0.6653902735673207,1,"Survival_Credit_AOP_CF2_N100_FE100000_run9_seed269209.mat"
"s09_biscop_confirmation","Survival-Credit-AOP","CF3","CF",100,100000,10,269310,100000,11.4915,0.1408073640385809,0.2500578084968164,1,"Survival_Credit_AOP_CF3_N100_FE100000_run10_seed269310.mat"
"s09_biscop_confirmation","Survival-Credit-AOP","CF3","CF",100,100000,1,269301,100000,13.1344,0.09046403163319412,0.3054256021295488,1,"Survival_Credit_AOP_CF3_N100_FE100000_run1_seed269301.mat"
"s09_biscop_confirmation","Survival-Credit-AOP","CF3","CF",100,100000,2,269302,100000,13.5033,0.1046922497348404,0.2660888576144039,1,"Survival_Credit_AOP_CF3_N100_FE100000_run2_seed269302.mat"
"s09_biscop_confirmation","Survival-Credit-AOP","CF3","CF",100,100000,3,269303,100000,14.3131,0.1042634440215416,0.2616594206876996,1,"Survival_Credit_AOP_CF3_N100_FE100000_run3_seed269303.mat"
"s09_biscop_confirmation","Survival-Credit-AOP","CF3","CF",100,100000,4,269304,100000,13.6729,0.09728563173959684,0.3142304183616239,1,"Survival_Credit_AOP_CF3_N100_FE100000_run4_seed269304.mat"
"s09_biscop_confirmation","Survival-Credit-AOP","CF3","CF",100,100000,5,269305,100000,14.7417,0.0932398138205327,0.2823931220669778,1,"Survival_Credit_AOP_CF3_N100_FE100000_run5_seed269305.mat"
"s09_biscop_confirmation","Survival-Credit-AOP","CF3","CF",100,100000,6,269306,100000,9.7555,0.1241805705944177,0.246363225269195,1,"Survival_Credit_AOP_CF3_N100_FE100000_run6_seed269306.mat"
"s09_biscop_confirmation","Survival-Credit-AOP","CF3","CF",100,100000,7,269307,100000,9.1526,0.2578424045075123,0.1675754995970354,1,"Survival_Credit_AOP_CF3_N100_FE100000_run7_seed269307.mat"
"s09_biscop_confirmation","Survival-Credit-AOP","CF3","CF",100,100000,8,269308,100000,13.0746,0.05731296828035505,0.2741542598898363,1,"Survival_Credit_AOP_CF3_N100_FE100000_run8_seed269308.mat"
"s09_biscop_confirmation","Survival-Credit-AOP","CF3","CF",100,100000,9,269309,100000,11.2357,0.07626333668542686,0.2827620013794927,1,"Survival_Credit_AOP_CF3_N100_FE100000_run9_seed269309.mat"
"s09_biscop_confirmation","Survival-Credit-AOP","CF4","CF",100,100000,10,269410,100000,10.9125,0.02669010736991719,0.5031224224844103,1,"Survival_Credit_AOP_CF4_N100_FE100000_run10_seed269410.mat"
"s09_biscop_confirmation","Survival-Credit-AOP","CF4","CF",100,100000,1,269401,100000,11.3811,0.05393788514168273,0.4599232901054808,1,"Survival_Credit_AOP_CF4_N100_FE100000_run1_seed269401.mat"
"s09_biscop_confirmation","Survival-Credit-AOP","CF4","CF",100,100000,2,269402,100000,10.7955,0.03281225868197512,0.496191329330342,1,"Survival_Credit_AOP_CF4_N100_FE100000_run2_seed269402.mat"
"s09_biscop_confirmation","Survival-Credit-AOP","CF4","CF",100,100000,3,269403,100000,10.0313,0.04562792586208803,0.4814603537505505,1,"Survival_Credit_AOP_CF4_N100_FE100000_run3_seed269403.mat"
"s09_biscop_confirmation","Survival-Credit-AOP","CF4","CF",100,100000,4,269404,100000,12.1958,0.03014029618589234,0.499212055106382,1,"Survival_Credit_AOP_CF4_N100_FE100000_run4_seed269404.mat"
"s09_biscop_confirmation","Survival-Credit-AOP","CF4","CF",100,100000,5,269405,100000,11.7708,0.05986464840746682,0.4585179918198143,1,"Survival_Credit_AOP_CF4_N100_FE100000_run5_seed269405.mat"
"s09_biscop_confirmation","Survival-Credit-AOP","CF4","CF",100,100000,6,269406,100000,10.4833,0.04798607720485717,0.4731196405296502,1,"Survival_Credit_AOP_CF4_N100_FE100000_run6_seed269406.mat"
"s09_biscop_confirmation","Survival-Credit-AOP","CF4","CF",100,100000,7,269407,100000,10.4834,0.04945306816618347,0.4719096920085147,1,"Survival_Credit_AOP_CF4_N100_FE100000_run7_seed269407.mat"
"s09_biscop_confirmation","Survival-Credit-AOP","CF4","CF",100,100000,8,269408,100000,11.7138,0.05741575998219062,0.458227545111612,1,"Survival_Credit_AOP_CF4_N100_FE100000_run8_seed269408.mat"
"s09_biscop_confirmation","Survival-Credit-AOP","CF4","CF",100,100000,9,269409,100000,10.074,0.03365619736404434,0.4942104783940027,1,"Survival_Credit_AOP_CF4_N100_FE100000_run9_seed269409.mat"
"s09_biscop_confirmation","Survival-Credit-AOP","CF5","CF",100,100000,10,269510,100000,16.4393,0.08215971634234484,0.4317752466524082,1,"Survival_Credit_AOP_CF5_N100_FE100000_run10_seed269510.mat"
"s09_biscop_confirmation","Survival-Credit-AOP","CF5","CF",100,100000,1,269501,100000,16.9346,0.09122125642734473,0.420331986114744,1,"Survival_Credit_AOP_CF5_N100_FE100000_run1_seed269501.mat"
"s09_biscop_confirmation","Survival-Credit-AOP","CF5","CF",100,100000,2,269502,100000,17.1538,0.1980102818177814,0.3114480906635159,1,"Survival_Credit_AOP_CF5_N100_FE100000_run2_seed269502.mat"
"s09_biscop_confirmation","Survival-Credit-AOP","CF5","CF",100,100000,3,269503,100000,18.997,0.444871902369035,0.1527839223397635,1,"Survival_Credit_AOP_CF5_N100_FE100000_run3_seed269503.mat"
"s09_biscop_confirmation","Survival-Credit-AOP","CF5","CF",100,100000,4,269504,100000,18.956,0.1112248146341247,0.4108099678897652,1,"Survival_Credit_AOP_CF5_N100_FE100000_run4_seed269504.mat"
"s09_biscop_confirmation","Survival-Credit-AOP","CF5","CF",100,100000,5,269505,100000,16.4157,0.1009799348020663,0.415492114331671,1,"Survival_Credit_AOP_CF5_N100_FE100000_run5_seed269505.mat"
"s09_biscop_confirmation","Survival-Credit-AOP","CF5","CF",100,100000,6,269506,100000,18.9811,0.3068647673576339,0.2783153914966751,1,"Survival_Credit_AOP_CF5_N100_FE100000_run6_seed269506.mat"
"s09_biscop_confirmation","Survival-Credit-AOP","CF5","CF",100,100000,7,269507,100000,19.3861,0.3668824502634589,0.2139263066142101,1,"Survival_Credit_AOP_CF5_N100_FE100000_run7_seed269507.mat"
"s09_biscop_confirmation","Survival-Credit-AOP","CF5","CF",100,100000,8,269508,100000,15.4945,0.155119486947955,0.4022020708102784,1,"Survival_Credit_AOP_CF5_N100_FE100000_run8_seed269508.mat"
"s09_biscop_confirmation","Survival-Credit-AOP","CF5","CF",100,100000,9,269509,100000,14.289,0.1147742375180659,0.4246028446293554,1,"Survival_Credit_AOP_CF5_N100_FE100000_run9_seed269509.mat"
"s09_biscop_confirmation","Survival-Credit-AOP","CF6","CF",100,100000,10,269610,100000,18.0451,0.03442398743924001,0.668602995129102,1,"Survival_Credit_AOP_CF6_N100_FE100000_run10_seed269610.mat"
"s09_biscop_confirmation","Survival-Credit-AOP","CF6","CF",100,100000,1,269601,100000,18.7022,0.05095710077496648,0.6510438211856577,1,"Survival_Credit_AOP_CF6_N100_FE100000_run1_seed269601.mat"
"s09_biscop_confirmation","Survival-Credit-AOP","CF6","CF",100,100000,2,269602,100000,19.7596,0.03525248313769118,0.6629738000543921,1,"Survival_Credit_AOP_CF6_N100_FE100000_run2_seed269602.mat"
"s09_biscop_confirmation","Survival-Credit-AOP","CF6","CF",100,100000,3,269603,100000,19.3359,0.03652533625574771,0.6749165882543563,1,"Survival_Credit_AOP_CF6_N100_FE100000_run3_seed269603.mat"
"s09_biscop_confirmation","Survival-Credit-AOP","CF6","CF",100,100000,4,269604,100000,18.85,0.03363477148408756,0.6645787011006583,1,"Survival_Credit_AOP_CF6_N100_FE100000_run4_seed269604.mat"
"s09_biscop_confirmation","Survival-Credit-AOP","CF6","CF",100,100000,5,269605,100000,18.3696,0.03150281496912183,0.6757990844680033,1,"Survival_Credit_AOP_CF6_N100_FE100000_run5_seed269605.mat"
"s09_biscop_confirmation","Survival-Credit-AOP","CF6","CF",100,100000,6,269606,100000,18.9296,0.08870436723858229,0.6517074319539355,1,"Survival_Credit_AOP_CF6_N100_FE100000_run6_seed269606.mat"
"s09_biscop_confirmation","Survival-Credit-AOP","CF6","CF",100,100000,7,269607,100000,18.8043,0.03903036624034566,0.6593735482839191,1,"Survival_Credit_AOP_CF6_N100_FE100000_run7_seed269607.mat"
"s09_biscop_confirmation","Survival-Credit-AOP","CF6","CF",100,100000,8,269608,100000,18.6741,0.02357995272159237,0.6785355162396794,1,"Survival_Credit_AOP_CF6_N100_FE100000_run8_seed269608.mat"
"s09_biscop_confirmation","Survival-Credit-AOP","CF6","CF",100,100000,9,269609,100000,19.0715,0.03914793225788765,0.6739107070972705,1,"Survival_Credit_AOP_CF6_N100_FE100000_run9_seed269609.mat"
"s09_biscop_confirmation","Survival-Credit-AOP","CF7","CF",100,100000,10,269710,100000,8.7033,0.2976633671721451,0.4326931076061774,1,"Survival_Credit_AOP_CF7_N100_FE100000_run10_seed269710.mat"
"s09_biscop_confirmation","Survival-Credit-AOP","CF7","CF",100,100000,1,269701,100000,15.4815,0.1039416713558279,0.5732802152136374,1,"Survival_Credit_AOP_CF7_N100_FE100000_run1_seed269701.mat"
"s09_biscop_confirmation","Survival-Credit-AOP","CF7","CF",100,100000,2,269702,100000,15.5772,0.1625640242679245,0.4933006783791727,1,"Survival_Credit_AOP_CF7_N100_FE100000_run2_seed269702.mat"
"s09_biscop_confirmation","Survival-Credit-AOP","CF7","CF",100,100000,3,269703,100000,16.709,0.1964073947116588,0.5607261796324798,1,"Survival_Credit_AOP_CF7_N100_FE100000_run3_seed269703.mat"
"s09_biscop_confirmation","Survival-Credit-AOP","CF7","CF",100,100000,4,269704,100000,14.6795,0.100779384876028,0.5718591248547712,1,"Survival_Credit_AOP_CF7_N100_FE100000_run4_seed269704.mat"
"s09_biscop_confirmation","Survival-Credit-AOP","CF7","CF",100,100000,5,269705,100000,15.1908,0.09129262834951954,0.5758431161632376,1,"Survival_Credit_AOP_CF7_N100_FE100000_run5_seed269705.mat"
"s09_biscop_confirmation","Survival-Credit-AOP","CF7","CF",100,100000,6,269706,100000,13.4351,0.08745473123171993,0.5735560408654609,1,"Survival_Credit_AOP_CF7_N100_FE100000_run6_seed269706.mat"
"s09_biscop_confirmation","Survival-Credit-AOP","CF7","CF",100,100000,7,269707,100000,8.4053,0.2839925874018139,0.3931821493089621,1,"Survival_Credit_AOP_CF7_N100_FE100000_run7_seed269707.mat"
"s09_biscop_confirmation","Survival-Credit-AOP","CF7","CF",100,100000,8,269708,100000,14.147,0.09025526621255957,0.5698234574286511,1,"Survival_Credit_AOP_CF7_N100_FE100000_run8_seed269708.mat"
"s09_biscop_confirmation","Survival-Credit-AOP","CF7","CF",100,100000,9,269709,100000,15.0764,0.1093266640074702,0.5610252875260215,1,"Survival_Credit_AOP_CF7_N100_FE100000_run9_seed269709.mat"
"s09_biscop_confirmation","Survival-Credit-AOP","CF8","CF",100,100000,10,269810,100000,13.8822,0.1373705894546459,0.3886023219517031,1,"Survival_Credit_AOP_CF8_N100_FE100000_run10_seed269810.mat"
"s09_biscop_confirmation","Survival-Credit-AOP","CF8","CF",100,100000,1,269801,100000,13.8534,0.1469589914422854,0.3806434896137623,1,"Survival_Credit_AOP_CF8_N100_FE100000_run1_seed269801.mat"
"s09_biscop_confirmation","Survival-Credit-AOP","CF8","CF",100,100000,2,269802,100000,13.2973,0.1635966536184483,0.3494982451960429,1,"Survival_Credit_AOP_CF8_N100_FE100000_run2_seed269802.mat"
"s09_biscop_confirmation","Survival-Credit-AOP","CF8","CF",100,100000,3,269803,100000,13.1025,0.1501454450996993,0.3640647046187774,1,"Survival_Credit_AOP_CF8_N100_FE100000_run3_seed269803.mat"
"s09_biscop_confirmation","Survival-Credit-AOP","CF8","CF",100,100000,4,269804,100000,14.656,0.1447546192819759,0.3802548611593785,1,"Survival_Credit_AOP_CF8_N100_FE100000_run4_seed269804.mat"
"s09_biscop_confirmation","Survival-Credit-AOP","CF8","CF",100,100000,5,269805,100000,14.01,0.1499178364337709,0.3593073156467043,1,"Survival_Credit_AOP_CF8_N100_FE100000_run5_seed269805.mat"
"s09_biscop_confirmation","Survival-Credit-AOP","CF8","CF",100,100000,6,269806,100000,14.4536,0.1489325774725594,0.3697792848271241,1,"Survival_Credit_AOP_CF8_N100_FE100000_run6_seed269806.mat"
"s09_biscop_confirmation","Survival-Credit-AOP","CF8","CF",100,100000,7,269807,100000,14.1386,0.1536355888805647,0.3747632875436216,1,"Survival_Credit_AOP_CF8_N100_FE100000_run7_seed269807.mat"
"s09_biscop_confirmation","Survival-Credit-AOP","CF8","CF",100,100000,8,269808,100000,13.417,0.1375175480210124,0.3670594332881256,1,"Survival_Credit_AOP_CF8_N100_FE100000_run8_seed269808.mat"
"s09_biscop_confirmation","Survival-Credit-AOP","CF8","CF",100,100000,9,269809,100000,14.0698,0.1503444814011897,0.3841408576648041,1,"Survival_Credit_AOP_CF8_N100_FE100000_run9_seed269809.mat"
"s09_biscop_confirmation","Survival-Credit-AOP","CF9","CF",100,100000,10,269910,100000,19.8946,0.08128446635567728,0.4517626484901733,1,"Survival_Credit_AOP_CF9_N100_FE100000_run10_seed269910.mat"
"s09_biscop_confirmation","Survival-Credit-AOP","CF9","CF",100,100000,1,269901,100000,19.7224,0.09167041658829549,0.4404561060749231,1,"Survival_Credit_AOP_CF9_N100_FE100000_run1_seed269901.mat"
"s09_biscop_confirmation","Survival-Credit-AOP","CF9","CF",100,100000,2,269902,100000,20.6136,0.09539530935706451,0.4346661882405312,1,"Survival_Credit_AOP_CF9_N100_FE100000_run2_seed269902.mat"
"s09_biscop_confirmation","Survival-Credit-AOP","CF9","CF",100,100000,3,269903,100000,20.6709,0.08908772578744606,0.42537698418727,1,"Survival_Credit_AOP_CF9_N100_FE100000_run3_seed269903.mat"
"s09_biscop_confirmation","Survival-Credit-AOP","CF9","CF",100,100000,4,269904,100000,20.0431,0.08439655066212393,0.4350981345323265,1,"Survival_Credit_AOP_CF9_N100_FE100000_run4_seed269904.mat"
"s09_biscop_confirmation","Survival-Credit-AOP","CF9","CF",100,100000,5,269905,100000,19.1149,0.1036626420819895,0.4261551880150786,1,"Survival_Credit_AOP_CF9_N100_FE100000_run5_seed269905.mat"
"s09_biscop_confirmation","Survival-Credit-AOP","CF9","CF",100,100000,6,269906,100000,20.6469,0.08609185308441902,0.4403855665669414,1,"Survival_Credit_AOP_CF9_N100_FE100000_run6_seed269906.mat"
"s09_biscop_confirmation","Survival-Credit-AOP","CF9","CF",100,100000,7,269907,100000,20.4792,0.09746994290897418,0.4271863208717696,1,"Survival_Credit_AOP_CF9_N100_FE100000_run7_seed269907.mat"
"s09_biscop_confirmation","Survival-Credit-AOP","CF9","CF",100,100000,8,269908,100000,20.5353,0.09127866239732479,0.4307802276109359,1,"Survival_Credit_AOP_CF9_N100_FE100000_run8_seed269908.mat"
"s09_biscop_confirmation","Survival-Credit-AOP","CF9","CF",100,100000,9,269909,100000,19.9155,0.09847842198018093,0.4179559830219404,1,"Survival_Credit_AOP_CF9_N100_FE100000_run9_seed269909.mat"
"s09_biscop_confirmation","Survival-Credit-AOP","DASCMOP1","DAS-CMOP",100,100000,10,271510,100000,18.1046,0.004451823294501812,0.2116004264949191,1,"Survival_Credit_AOP_DASCMOP1_N100_FE100000_run10_seed271510.mat"
"s09_biscop_confirmation","Survival-Credit-AOP","DASCMOP1","DAS-CMOP",100,100000,1,271501,100000,9.3158,0.00478957489947992,0.2110791509046526,1,"Survival_Credit_AOP_DASCMOP1_N100_FE100000_run1_seed271501.mat"
"s09_biscop_confirmation","Survival-Credit-AOP","DASCMOP1","DAS-CMOP",100,100000,2,271502,100000,17.6998,0.005059839542201421,0.210279470015826,1,"Survival_Credit_AOP_DASCMOP1_N100_FE100000_run2_seed271502.mat"
"s09_biscop_confirmation","Survival-Credit-AOP","DASCMOP1","DAS-CMOP",100,100000,3,271503,100000,9.3061,0.004833280341270411,0.2108423880982402,1,"Survival_Credit_AOP_DASCMOP1_N100_FE100000_run3_seed271503.mat"
"s09_biscop_confirmation","Survival-Credit-AOP","DASCMOP1","DAS-CMOP",100,100000,4,271504,100000,20.8477,0.004835761834968412,0.2108236182777037,1,"Survival_Credit_AOP_DASCMOP1_N100_FE100000_run4_seed271504.mat"
"s09_biscop_confirmation","Survival-Credit-AOP","DASCMOP1","DAS-CMOP",100,100000,5,271505,100000,18.224,0.005117514670050113,0.2109080807089971,1,"Survival_Credit_AOP_DASCMOP1_N100_FE100000_run5_seed271505.mat"
"s09_biscop_confirmation","Survival-Credit-AOP","DASCMOP1","DAS-CMOP",100,100000,6,271506,100000,9.3529,0.004506401598680819,0.2116629776464362,1,"Survival_Credit_AOP_DASCMOP1_N100_FE100000_run6_seed271506.mat"
"s09_biscop_confirmation","Survival-Credit-AOP","DASCMOP1","DAS-CMOP",100,100000,7,271507,100000,9.3323,0.005542302916349283,0.211579484987545,1,"Survival_Credit_AOP_DASCMOP1_N100_FE100000_run7_seed271507.mat"
"s09_biscop_confirmation","Survival-Credit-AOP","DASCMOP1","DAS-CMOP",100,100000,8,271508,100000,17.9521,0.004800679761201658,0.2113972983955173,1,"Survival_Credit_AOP_DASCMOP1_N100_FE100000_run8_seed271508.mat"
"s09_biscop_confirmation","Survival-Credit-AOP","DASCMOP1","DAS-CMOP",100,100000,9,271509,100000,9.2718,0.004802165070427689,0.2115269052607148,1,"Survival_Credit_AOP_DASCMOP1_N100_FE100000_run9_seed271509.mat"
"s09_biscop_confirmation","Survival-Credit-AOP","DASCMOP2","DAS-CMOP",100,100000,10,271610,100000,17.4937,0.005078138722025413,0.354325394448056,1,"Survival_Credit_AOP_DASCMOP2_N100_FE100000_run10_seed271610.mat"
"s09_biscop_confirmation","Survival-Credit-AOP","DASCMOP2","DAS-CMOP",100,100000,1,271601,100000,17.4972,0.005330204671184007,0.3545116542628419,1,"Survival_Credit_AOP_DASCMOP2_N100_FE100000_run1_seed271601.mat"
"s09_biscop_confirmation","Survival-Credit-AOP","DASCMOP2","DAS-CMOP",100,100000,2,271602,100000,8.8704,0.005495900279291291,0.354088644461144,1,"Survival_Credit_AOP_DASCMOP2_N100_FE100000_run2_seed271602.mat"
"s09_biscop_confirmation","Survival-Credit-AOP","DASCMOP2","DAS-CMOP",100,100000,3,271603,100000,8.9645,0.005500963274554922,0.3542372205540526,1,"Survival_Credit_AOP_DASCMOP2_N100_FE100000_run3_seed271603.mat"
"s09_biscop_confirmation","Survival-Credit-AOP","DASCMOP2","DAS-CMOP",100,100000,4,271604,100000,17.0066,0.005587486047382638,0.3541330532868187,1,"Survival_Credit_AOP_DASCMOP2_N100_FE100000_run4_seed271604.mat"
"s09_biscop_confirmation","Survival-Credit-AOP","DASCMOP2","DAS-CMOP",100,100000,5,271605,100000,8.8254,0.005450580164891582,0.3542679237459096,1,"Survival_Credit_AOP_DASCMOP2_N100_FE100000_run5_seed271605.mat"
"s09_biscop_confirmation","Survival-Credit-AOP","DASCMOP2","DAS-CMOP",100,100000,6,271606,100000,19.4758,0.005288924506373036,0.3542488651270954,1,"Survival_Credit_AOP_DASCMOP2_N100_FE100000_run6_seed271606.mat"
"s09_biscop_confirmation","Survival-Credit-AOP","DASCMOP2","DAS-CMOP",100,100000,7,271607,100000,17.5186,0.004914045935282103,0.3546789338633245,1,"Survival_Credit_AOP_DASCMOP2_N100_FE100000_run7_seed271607.mat"
"s09_biscop_confirmation","Survival-Credit-AOP","DASCMOP2","DAS-CMOP",100,100000,8,271608,100000,8.7417,0.00499253708329313,0.3545398325526034,1,"Survival_Credit_AOP_DASCMOP2_N100_FE100000_run8_seed271608.mat"
"s09_biscop_confirmation","Survival-Credit-AOP","DASCMOP2","DAS-CMOP",100,100000,9,271609,100000,8.8493,0.005310539474936684,0.3542335380790002,1,"Survival_Credit_AOP_DASCMOP2_N100_FE100000_run9_seed271609.mat"
"s09_biscop_confirmation","Survival-Credit-AOP","DASCMOP3","DAS-CMOP",100,100000,10,271710,100000,8.0756,0.02097151328540079,0.3092001534874669,1,"Survival_Credit_AOP_DASCMOP3_N100_FE100000_run10_seed271710.mat"
"s09_biscop_confirmation","Survival-Credit-AOP","DASCMOP3","DAS-CMOP",100,100000,1,271701,100000,8.0813,0.02215241941185389,0.3111598256902665,1,"Survival_Credit_AOP_DASCMOP3_N100_FE100000_run1_seed271701.mat"
"s09_biscop_confirmation","Survival-Credit-AOP","DASCMOP3","DAS-CMOP",100,100000,2,271702,100000,16.299,0.02243531139813762,0.3096372758319075,1,"Survival_Credit_AOP_DASCMOP3_N100_FE100000_run2_seed271702.mat"
"s09_biscop_confirmation","Survival-Credit-AOP","DASCMOP3","DAS-CMOP",100,100000,3,271703,100000,16.3782,0.02204256363513617,0.311029284764375,1,"Survival_Credit_AOP_DASCMOP3_N100_FE100000_run3_seed271703.mat"
"s09_biscop_confirmation","Survival-Credit-AOP","DASCMOP3","DAS-CMOP",100,100000,4,271704,100000,8.1603,0.02067741174123672,0.3114974188639396,1,"Survival_Credit_AOP_DASCMOP3_N100_FE100000_run4_seed271704.mat"
"s09_biscop_confirmation","Survival-Credit-AOP","DASCMOP3","DAS-CMOP",100,100000,5,271705,100000,8.2284,0.02062199171262546,0.3106773684671277,1,"Survival_Credit_AOP_DASCMOP3_N100_FE100000_run5_seed271705.mat"
"s09_biscop_confirmation","Survival-Credit-AOP","DASCMOP3","DAS-CMOP",100,100000,6,271706,100000,16.2916,0.02007742398440372,0.3113210516122108,1,"Survival_Credit_AOP_DASCMOP3_N100_FE100000_run6_seed271706.mat"
"s09_biscop_confirmation","Survival-Credit-AOP","DASCMOP3","DAS-CMOP",100,100000,7,271707,100000,8.0949,0.02179436359478033,0.3092197852393453,1,"Survival_Credit_AOP_DASCMOP3_N100_FE100000_run7_seed271707.mat"
"s09_biscop_confirmation","Survival-Credit-AOP","DASCMOP3","DAS-CMOP",100,100000,8,271708,100000,16.6669,0.02658065652416529,0.3025211935989924,1,"Survival_Credit_AOP_DASCMOP3_N100_FE100000_run8_seed271708.mat"
"s09_biscop_confirmation","Survival-Credit-AOP","DASCMOP3","DAS-CMOP",100,100000,9,271709,100000,16.655,0.02066718342431215,0.3104621878614269,1,"Survival_Credit_AOP_DASCMOP3_N100_FE100000_run9_seed271709.mat"
"s09_biscop_confirmation","Survival-Credit-AOP","DASCMOP4","DAS-CMOP",100,100000,10,271810,100000,16.4291,0.001546843311304943,0.2040106970097528,1,"Survival_Credit_AOP_DASCMOP4_N100_FE100000_run10_seed271810.mat"
"s09_biscop_confirmation","Survival-Credit-AOP","DASCMOP4","DAS-CMOP",100,100000,1,271801,100000,8.0716,0.001764265467316812,0.2030188993170312,1,"Survival_Credit_AOP_DASCMOP4_N100_FE100000_run1_seed271801.mat"
"s09_biscop_confirmation","Survival-Credit-AOP","DASCMOP4","DAS-CMOP",100,100000,2,271802,100000,16.3898,0.001774254746117043,0.2037495105286022,1,"Survival_Credit_AOP_DASCMOP4_N100_FE100000_run2_seed271802.mat"
"s09_biscop_confirmation","Survival-Credit-AOP","DASCMOP4","DAS-CMOP",100,100000,3,271803,100000,8.0167,0.00145794795715189,0.2040218984670378,1,"Survival_Credit_AOP_DASCMOP4_N100_FE100000_run3_seed271803.mat"
"s09_biscop_confirmation","Survival-Credit-AOP","DASCMOP4","DAS-CMOP",100,100000,4,271804,100000,16.6027,0.001261800016398206,0.2040003031626408,1,"Survival_Credit_AOP_DASCMOP4_N100_FE100000_run4_seed271804.mat"
"s09_biscop_confirmation","Survival-Credit-AOP","DASCMOP4","DAS-CMOP",100,100000,5,271805,100000,16.6075,0.001951414003041063,0.2037417490675908,1,"Survival_Credit_AOP_DASCMOP4_N100_FE100000_run5_seed271805.mat"
"s09_biscop_confirmation","Survival-Credit-AOP","DASCMOP4","DAS-CMOP",100,100000,6,271806,100000,7.7051,0.001924388994229049,0.2035617738449007,1,"Survival_Credit_AOP_DASCMOP4_N100_FE100000_run6_seed271806.mat"
"s09_biscop_confirmation","Survival-Credit-AOP","DASCMOP4","DAS-CMOP",100,100000,7,271807,100000,8.1196,0.001632331370242226,0.2039614835361291,1,"Survival_Credit_AOP_DASCMOP4_N100_FE100000_run7_seed271807.mat"
"s09_biscop_confirmation","Survival-Credit-AOP","DASCMOP4","DAS-CMOP",100,100000,8,271808,100000,16.0218,0.002019670778193986,0.2034631218095705,1,"Survival_Credit_AOP_DASCMOP4_N100_FE100000_run8_seed271808.mat"
"s09_biscop_confirmation","Survival-Credit-AOP","DASCMOP4","DAS-CMOP",100,100000,9,271809,100000,7.9637,0.00217746656176284,0.2028942094250517,1,"Survival_Credit_AOP_DASCMOP4_N100_FE100000_run9_seed271809.mat"
"s09_biscop_confirmation","Survival-Credit-AOP","DASCMOP5","DAS-CMOP",100,100000,10,271910,100000,16.6988,0.003087543028672694,0.3514016344197148,1,"Survival_Credit_AOP_DASCMOP5_N100_FE100000_run10_seed271910.mat"
"s09_biscop_confirmation","Survival-Credit-AOP","DASCMOP5","DAS-CMOP",100,100000,1,271901,100000,16.9092,0.002878546455326226,0.3513944465750966,1,"Survival_Credit_AOP_DASCMOP5_N100_FE100000_run1_seed271901.mat"
"s09_biscop_confirmation","Survival-Credit-AOP","DASCMOP5","DAS-CMOP",100,100000,2,271902,100000,7.8399,0.002943288922150771,0.3504766202599471,1,"Survival_Credit_AOP_DASCMOP5_N100_FE100000_run2_seed271902.mat"
"s09_biscop_confirmation","Survival-Credit-AOP","DASCMOP5","DAS-CMOP",100,100000,3,271903,100000,8.0503,0.002682671525995487,0.3512911639125487,1,"Survival_Credit_AOP_DASCMOP5_N100_FE100000_run3_seed271903.mat"
"s09_biscop_confirmation","Survival-Credit-AOP","DASCMOP5","DAS-CMOP",100,100000,4,271904,100000,16.679,0.002751342506257565,0.3514563129593716,1,"Survival_Credit_AOP_DASCMOP5_N100_FE100000_run4_seed271904.mat"
"s09_biscop_confirmation","Survival-Credit-AOP","DASCMOP5","DAS-CMOP",100,100000,5,271905,100000,7.905,0.002854014258931739,0.3515307742312309,1,"Survival_Credit_AOP_DASCMOP5_N100_FE100000_run5_seed271905.mat"
"s09_biscop_confirmation","Survival-Credit-AOP","DASCMOP5","DAS-CMOP",100,100000,6,271906,100000,16.2751,0.002852491989000615,0.3510348834210305,1,"Survival_Credit_AOP_DASCMOP5_N100_FE100000_run6_seed271906.mat"
"s09_biscop_confirmation","Survival-Credit-AOP","DASCMOP5","DAS-CMOP",100,100000,7,271907,100000,16.1933,0.003570138112526496,0.3507504545250415,1,"Survival_Credit_AOP_DASCMOP5_N100_FE100000_run7_seed271907.mat"
"s09_biscop_confirmation","Survival-Credit-AOP","DASCMOP5","DAS-CMOP",100,100000,8,271908,100000,8.4089,0.002741203884751928,0.3513270341539965,1,"Survival_Credit_AOP_DASCMOP5_N100_FE100000_run8_seed271908.mat"
"s09_biscop_confirmation","Survival-Credit-AOP","DASCMOP5","DAS-CMOP",100,100000,9,271909,100000,8.03,0.003156964217516842,0.3509802132648516,1,"Survival_Credit_AOP_DASCMOP5_N100_FE100000_run9_seed271909.mat"
"s09_biscop_confirmation","Survival-Credit-AOP","DASCMOP6","DAS-CMOP",100,100000,10,272010,100000,7.701,0.01270528911016084,0.3122687785444972,1,"Survival_Credit_AOP_DASCMOP6_N100_FE100000_run10_seed272010.mat"
"s09_biscop_confirmation","Survival-Credit-AOP","DASCMOP6","DAS-CMOP",100,100000,1,272001,100000,7.7084,0.01956052800569286,0.3120895195218505,1,"Survival_Credit_AOP_DASCMOP6_N100_FE100000_run1_seed272001.mat"
"s09_biscop_confirmation","Survival-Credit-AOP","DASCMOP6","DAS-CMOP",100,100000,2,272002,100000,16.3591,0.02004498794085859,0.3122483427241884,1,"Survival_Credit_AOP_DASCMOP6_N100_FE100000_run2_seed272002.mat"
"s09_biscop_confirmation","Survival-Credit-AOP","DASCMOP6","DAS-CMOP",100,100000,3,272003,100000,16.4196,0.01956915314839418,0.3121092436501678,1,"Survival_Credit_AOP_DASCMOP6_N100_FE100000_run3_seed272003.mat"
"s09_biscop_confirmation","Survival-Credit-AOP","DASCMOP6","DAS-CMOP",100,100000,4,272004,100000,7.7295,0.02003672457764925,0.3114359038705252,1,"Survival_Credit_AOP_DASCMOP6_N100_FE100000_run4_seed272004.mat"
"s09_biscop_confirmation","Survival-Credit-AOP","DASCMOP6","DAS-CMOP",100,100000,5,272005,100000,7.9341,0.01942241997881351,0.3117010570714973,1,"Survival_Credit_AOP_DASCMOP6_N100_FE100000_run5_seed272005.mat"
"s09_biscop_confirmation","Survival-Credit-AOP","DASCMOP6","DAS-CMOP",100,100000,6,272006,100000,16.5707,0.01978533840738832,0.3121934692601348,1,"Survival_Credit_AOP_DASCMOP6_N100_FE100000_run6_seed272006.mat"
"s09_biscop_confirmation","Survival-Credit-AOP","DASCMOP6","DAS-CMOP",100,100000,7,272007,100000,7.6835,0.01952855399846499,0.3123095552007736,1,"Survival_Credit_AOP_DASCMOP6_N100_FE100000_run7_seed272007.mat"
"s09_biscop_confirmation","Survival-Credit-AOP","DASCMOP6","DAS-CMOP",100,100000,8,272008,100000,15.8306,0.01960333762098889,0.3118959444601257,1,"Survival_Credit_AOP_DASCMOP6_N100_FE100000_run8_seed272008.mat"
"s09_biscop_confirmation","Survival-Credit-AOP","DASCMOP6","DAS-CMOP",100,100000,9,272009,100000,16.1203,0.01978676593783365,0.311959649772096,1,"Survival_Credit_AOP_DASCMOP6_N100_FE100000_run9_seed272009.mat"
"s09_biscop_confirmation","Survival-Credit-AOP","DASCMOP7","DAS-CMOP",100,100000,10,272110,100000,18.1568,0.02944227689580512,0.2880967936923869,1,"Survival_Credit_AOP_DASCMOP7_N100_FE100000_run10_seed272110.mat"
"s09_biscop_confirmation","Survival-Credit-AOP","DASCMOP7","DAS-CMOP",100,100000,1,272101,100000,10.8327,0.03108409743234058,0.287071654885326,1,"Survival_Credit_AOP_DASCMOP7_N100_FE100000_run1_seed272101.mat"
"s09_biscop_confirmation","Survival-Credit-AOP","DASCMOP7","DAS-CMOP",100,100000,2,272102,100000,19.3879,0.02976158250098308,0.2880124582248769,1,"Survival_Credit_AOP_DASCMOP7_N100_FE100000_run2_seed272102.mat"
"s09_biscop_confirmation","Survival-Credit-AOP","DASCMOP7","DAS-CMOP",100,100000,3,272103,100000,10.8326,0.0310495855861779,0.2873143005938085,1,"Survival_Credit_AOP_DASCMOP7_N100_FE100000_run3_seed272103.mat"
"s09_biscop_confirmation","Survival-Credit-AOP","DASCMOP7","DAS-CMOP",100,100000,4,272104,100000,21.3468,0.03111414039332788,0.2864872959900047,1,"Survival_Credit_AOP_DASCMOP7_N100_FE100000_run4_seed272104.mat"
"s09_biscop_confirmation","Survival-Credit-AOP","DASCMOP7","DAS-CMOP",100,100000,5,272105,100000,19.4092,0.02987944205282635,0.2877225666733673,1,"Survival_Credit_AOP_DASCMOP7_N100_FE100000_run5_seed272105.mat"
"s09_biscop_confirmation","Survival-Credit-AOP","DASCMOP7","DAS-CMOP",100,100000,6,272106,100000,12.054,0.03003348950603878,0.2879814740364288,1,"Survival_Credit_AOP_DASCMOP7_N100_FE100000_run6_seed272106.mat"
"s09_biscop_confirmation","Survival-Credit-AOP","DASCMOP7","DAS-CMOP",100,100000,7,272107,100000,12.7576,0.03139970493109517,0.2879386185619975,1,"Survival_Credit_AOP_DASCMOP7_N100_FE100000_run7_seed272107.mat"
"s09_biscop_confirmation","Survival-Credit-AOP","DASCMOP7","DAS-CMOP",100,100000,8,272108,100000,21.7894,0.02984370088092751,0.2885031914459715,1,"Survival_Credit_AOP_DASCMOP7_N100_FE100000_run8_seed272108.mat"
"s09_biscop_confirmation","Survival-Credit-AOP","DASCMOP7","DAS-CMOP",100,100000,9,272109,100000,10.2988,0.02991814603005726,0.2878612172072167,1,"Survival_Credit_AOP_DASCMOP7_N100_FE100000_run9_seed272109.mat"
"s09_biscop_confirmation","Survival-Credit-AOP","DASCMOP8","DAS-CMOP",100,100000,10,272210,100000,19.8799,0.03951956616076596,0.2074795795059543,1,"Survival_Credit_AOP_DASCMOP8_N100_FE100000_run10_seed272210.mat"
"s09_biscop_confirmation","Survival-Credit-AOP","DASCMOP8","DAS-CMOP",100,100000,1,272201,100000,19.5326,0.03959260381384554,0.2071383089143973,1,"Survival_Credit_AOP_DASCMOP8_N100_FE100000_run1_seed272201.mat"
"s09_biscop_confirmation","Survival-Credit-AOP","DASCMOP8","DAS-CMOP",100,100000,2,272202,100000,9.2483,0.0393739916354643,0.2071059996990688,1,"Survival_Credit_AOP_DASCMOP8_N100_FE100000_run2_seed272202.mat"
"s09_biscop_confirmation","Survival-Credit-AOP","DASCMOP8","DAS-CMOP",100,100000,3,272203,100000,11.2312,0.0372066199924662,0.2074507973494518,1,"Survival_Credit_AOP_DASCMOP8_N100_FE100000_run3_seed272203.mat"
"s09_biscop_confirmation","Survival-Credit-AOP","DASCMOP8","DAS-CMOP",100,100000,4,272204,100000,22.0826,0.04184065382281867,0.2039612587834156,1,"Survival_Credit_AOP_DASCMOP8_N100_FE100000_run4_seed272204.mat"
"s09_biscop_confirmation","Survival-Credit-AOP","DASCMOP8","DAS-CMOP",100,100000,5,272205,100000,10.8893,0.03703190388384701,0.2072019132801549,1,"Survival_Credit_AOP_DASCMOP8_N100_FE100000_run5_seed272205.mat"
"s09_biscop_confirmation","Survival-Credit-AOP","DASCMOP8","DAS-CMOP",100,100000,6,272206,100000,28.2876,0.03874636840135069,0.2068893535211018,1,"Survival_Credit_AOP_DASCMOP8_N100_FE100000_run6_seed272206.mat"
"s09_biscop_confirmation","Survival-Credit-AOP","DASCMOP8","DAS-CMOP",100,100000,7,272207,100000,23.5086,0.03826278110048533,0.2075018464595286,1,"Survival_Credit_AOP_DASCMOP8_N100_FE100000_run7_seed272207.mat"
"s09_biscop_confirmation","Survival-Credit-AOP","DASCMOP8","DAS-CMOP",100,100000,8,272208,100000,11.3878,0.03897456846155059,0.2067925732357482,1,"Survival_Credit_AOP_DASCMOP8_N100_FE100000_run8_seed272208.mat"
"s09_biscop_confirmation","Survival-Credit-AOP","DASCMOP8","DAS-CMOP",100,100000,9,272209,100000,11.225,0.03884976049622246,0.2069607103449267,1,"Survival_Credit_AOP_DASCMOP8_N100_FE100000_run9_seed272209.mat"
"s09_biscop_confirmation","Survival-Credit-AOP","DASCMOP9","DAS-CMOP",100,100000,10,272310,100000,10.3457,0.0413383737381201,0.2047424833179515,1,"Survival_Credit_AOP_DASCMOP9_N100_FE100000_run10_seed272310.mat"
"s09_biscop_confirmation","Survival-Credit-AOP","DASCMOP9","DAS-CMOP",100,100000,1,272301,100000,10.4773,0.04277906454839091,0.2049410738518435,1,"Survival_Credit_AOP_DASCMOP9_N100_FE100000_run1_seed272301.mat"
"s09_biscop_confirmation","Survival-Credit-AOP","DASCMOP9","DAS-CMOP",100,100000,2,272302,100000,26.9722,0.04127486261408735,0.2044314077576042,1,"Survival_Credit_AOP_DASCMOP9_N100_FE100000_run2_seed272302.mat"
"s09_biscop_confirmation","Survival-Credit-AOP","DASCMOP9","DAS-CMOP",100,100000,3,272303,100000,19.069,0.03933525355825338,0.2057841390664304,1,"Survival_Credit_AOP_DASCMOP9_N100_FE100000_run3_seed272303.mat"
"s09_biscop_confirmation","Survival-Credit-AOP","DASCMOP9","DAS-CMOP",100,100000,4,272304,100000,10.3605,0.04445569020814598,0.2047973146801235,1,"Survival_Credit_AOP_DASCMOP9_N100_FE100000_run4_seed272304.mat"
"s09_biscop_confirmation","Survival-Credit-AOP","DASCMOP9","DAS-CMOP",100,100000,5,272305,100000,10.7068,0.04053424054243288,0.205690165078337,1,"Survival_Credit_AOP_DASCMOP9_N100_FE100000_run5_seed272305.mat"
"s09_biscop_confirmation","Survival-Credit-AOP","DASCMOP9","DAS-CMOP",100,100000,6,272306,100000,22.845,0.04416940446586035,0.2052263292919698,1,"Survival_Credit_AOP_DASCMOP9_N100_FE100000_run6_seed272306.mat"
"s09_biscop_confirmation","Survival-Credit-AOP","DASCMOP9","DAS-CMOP",100,100000,7,272307,100000,10.4076,0.0391721515780683,0.205081644806324,1,"Survival_Credit_AOP_DASCMOP9_N100_FE100000_run7_seed272307.mat"
"s09_biscop_confirmation","Survival-Credit-AOP","DASCMOP9","DAS-CMOP",100,100000,8,272308,100000,18.8394,0.04735763426180468,0.2034828769083743,1,"Survival_Credit_AOP_DASCMOP9_N100_FE100000_run8_seed272308.mat"
"s09_biscop_confirmation","Survival-Credit-AOP","DASCMOP9","DAS-CMOP",100,100000,9,272309,100000,19.2546,0.0422300126312871,0.2054303620372413,1,"Survival_Credit_AOP_DASCMOP9_N100_FE100000_run9_seed272309.mat"
"s09_biscop_confirmation","Survival-Credit-AOP","LIRCMOP10","LIR-CMOP",100,100000,10,271010,100000,31.8318,0.07068282391117378,0.6767738690262455,1,"Survival_Credit_AOP_LIRCMOP10_N100_FE100000_run10_seed271010.mat"
"s09_biscop_confirmation","Survival-Credit-AOP","LIRCMOP10","LIR-CMOP",100,100000,1,271001,100000,35.4002,0.1035838471992226,0.6691656898937298,1,"Survival_Credit_AOP_LIRCMOP10_N100_FE100000_run1_seed271001.mat"
"s09_biscop_confirmation","Survival-Credit-AOP","LIRCMOP10","LIR-CMOP",100,100000,2,271002,100000,19.9485,0.1038547177421199,0.6694216599837497,1,"Survival_Credit_AOP_LIRCMOP10_N100_FE100000_run2_seed271002.mat"
"s09_biscop_confirmation","Survival-Credit-AOP","LIRCMOP10","LIR-CMOP",100,100000,3,271003,100000,19.1639,0.01366248143060892,0.7006265429023657,1,"Survival_Credit_AOP_LIRCMOP10_N100_FE100000_run3_seed271003.mat"
"s09_biscop_confirmation","Survival-Credit-AOP","LIRCMOP10","LIR-CMOP",100,100000,4,271004,100000,33.7228,0.03000574686591808,0.6920551077961099,1,"Survival_Credit_AOP_LIRCMOP10_N100_FE100000_run4_seed271004.mat"
"s09_biscop_confirmation","Survival-Credit-AOP","LIRCMOP10","LIR-CMOP",100,100000,5,271005,100000,19.2212,0.0885955498256869,0.6657317593288546,1,"Survival_Credit_AOP_LIRCMOP10_N100_FE100000_run5_seed271005.mat"
"s09_biscop_confirmation","Survival-Credit-AOP","LIRCMOP10","LIR-CMOP",100,100000,6,271006,100000,33.2438,0.03314640502367749,0.6892345771837817,1,"Survival_Credit_AOP_LIRCMOP10_N100_FE100000_run6_seed271006.mat"
"s09_biscop_confirmation","Survival-Credit-AOP","LIRCMOP10","LIR-CMOP",100,100000,7,271007,100000,33.0409,0.1097511951274808,0.665232187086492,1,"Survival_Credit_AOP_LIRCMOP10_N100_FE100000_run7_seed271007.mat"
"s09_biscop_confirmation","Survival-Credit-AOP","LIRCMOP10","LIR-CMOP",100,100000,8,271008,100000,19.1755,0.1027002499521567,0.6698944800031675,1,"Survival_Credit_AOP_LIRCMOP10_N100_FE100000_run8_seed271008.mat"
"s09_biscop_confirmation","Survival-Credit-AOP","LIRCMOP10","LIR-CMOP",100,100000,9,271009,100000,18.8072,0.0147798491497969,0.69999747495403,1,"Survival_Credit_AOP_LIRCMOP10_N100_FE100000_run9_seed271009.mat"
"s09_biscop_confirmation","Survival-Credit-AOP","LIRCMOP11","LIR-CMOP",100,100000,10,271110,100000,13.9949,0.007117767864875732,0.6908494516482698,1,"Survival_Credit_AOP_LIRCMOP11_N100_FE100000_run10_seed271110.mat"
"s09_biscop_confirmation","Survival-Credit-AOP","LIRCMOP11","LIR-CMOP",100,100000,1,271101,100000,17.1771,0.02624734579390742,0.6773057615653674,1,"Survival_Credit_AOP_LIRCMOP11_N100_FE100000_run1_seed271101.mat"
"s09_biscop_confirmation","Survival-Credit-AOP","LIRCMOP11","LIR-CMOP",100,100000,2,271102,100000,26.8209,0.009283531292463417,0.6893849624765375,1,"Survival_Credit_AOP_LIRCMOP11_N100_FE100000_run2_seed271102.mat"
"s09_biscop_confirmation","Survival-Credit-AOP","LIRCMOP11","LIR-CMOP",100,100000,3,271103,100000,27.5145,0.02447716311925193,0.6798178446516252,1,"Survival_Credit_AOP_LIRCMOP11_N100_FE100000_run3_seed271103.mat"
"s09_biscop_confirmation","Survival-Credit-AOP","LIRCMOP11","LIR-CMOP",100,100000,4,271104,100000,16.95,0.07281557333194201,0.6600642502822655,1,"Survival_Credit_AOP_LIRCMOP11_N100_FE100000_run4_seed271104.mat"
"s09_biscop_confirmation","Survival-Credit-AOP","LIRCMOP11","LIR-CMOP",100,100000,5,271105,100000,17.1927,0.07260704932875457,0.6599369336176403,1,"Survival_Credit_AOP_LIRCMOP11_N100_FE100000_run5_seed271105.mat"
"s09_biscop_confirmation","Survival-Credit-AOP","LIRCMOP11","LIR-CMOP",100,100000,6,271106,100000,27.5063,0.006874732347507173,0.6900968888502431,1,"Survival_Credit_AOP_LIRCMOP11_N100_FE100000_run6_seed271106.mat"
"s09_biscop_confirmation","Survival-Credit-AOP","LIRCMOP11","LIR-CMOP",100,100000,7,271107,100000,16.9597,0.07263897169554237,0.6601177118704478,1,"Survival_Credit_AOP_LIRCMOP11_N100_FE100000_run7_seed271107.mat"
"s09_biscop_confirmation","Survival-Credit-AOP","LIRCMOP11","LIR-CMOP",100,100000,8,271108,100000,35.3059,0.009790418513861032,0.6878274059700331,1,"Survival_Credit_AOP_LIRCMOP11_N100_FE100000_run8_seed271108.mat"
"s09_biscop_confirmation","Survival-Credit-AOP","LIRCMOP11","LIR-CMOP",100,100000,9,271109,100000,36.3388,0.07341097544997358,0.6598785385381772,1,"Survival_Credit_AOP_LIRCMOP11_N100_FE100000_run9_seed271109.mat"
"s09_biscop_confirmation","Survival-Credit-AOP","LIRCMOP12","LIR-CMOP",100,100000,10,271210,100000,24.7857,0.02065779598066652,0.6116109665716815,1,"Survival_Credit_AOP_LIRCMOP12_N100_FE100000_run10_seed271210.mat"
"s09_biscop_confirmation","Survival-Credit-AOP","LIRCMOP12","LIR-CMOP",100,100000,1,271201,100000,9.3447,0.09466437287791463,0.5820240841696394,1,"Survival_Credit_AOP_LIRCMOP12_N100_FE100000_run1_seed271201.mat"
"s09_biscop_confirmation","Survival-Credit-AOP","LIRCMOP12","LIR-CMOP",100,100000,2,271202,100000,21.165,0.09975407873393634,0.5765413169733835,1,"Survival_Credit_AOP_LIRCMOP12_N100_FE100000_run2_seed271202.mat"
"s09_biscop_confirmation","Survival-Credit-AOP","LIRCMOP12","LIR-CMOP",100,100000,3,271203,100000,9.8539,0.1332124537178209,0.5619438634713699,1,"Survival_Credit_AOP_LIRCMOP12_N100_FE100000_run3_seed271203.mat"
"s09_biscop_confirmation","Survival-Credit-AOP","LIRCMOP12","LIR-CMOP",100,100000,4,271204,100000,17.9991,0.1293782651922079,0.5646306736501653,1,"Survival_Credit_AOP_LIRCMOP12_N100_FE100000_run4_seed271204.mat"
"s09_biscop_confirmation","Survival-Credit-AOP","LIRCMOP12","LIR-CMOP",100,100000,5,271205,100000,19.8426,0.03361948098856542,0.6049600238152837,1,"Survival_Credit_AOP_LIRCMOP12_N100_FE100000_run5_seed271205.mat"
"s09_biscop_confirmation","Survival-Credit-AOP","LIRCMOP12","LIR-CMOP",100,100000,6,271206,100000,9.6779,0.09799327725241035,0.5787363191057482,1,"Survival_Credit_AOP_LIRCMOP12_N100_FE100000_run6_seed271206.mat"
"s09_biscop_confirmation","Survival-Credit-AOP","LIRCMOP12","LIR-CMOP",100,100000,7,271207,100000,9.3847,0.09048028212488511,0.5822767991213182,1,"Survival_Credit_AOP_LIRCMOP12_N100_FE100000_run7_seed271207.mat"
"s09_biscop_confirmation","Survival-Credit-AOP","LIRCMOP12","LIR-CMOP",100,100000,8,271208,100000,18.0653,0.03104943545669737,0.6053924661566027,1,"Survival_Credit_AOP_LIRCMOP12_N100_FE100000_run8_seed271208.mat"
"s09_biscop_confirmation","Survival-Credit-AOP","LIRCMOP12","LIR-CMOP",100,100000,9,271209,100000,10.1283,0.1463924499920096,0.5527623840766471,1,"Survival_Credit_AOP_LIRCMOP12_N100_FE100000_run9_seed271209.mat"
"s09_biscop_confirmation","Survival-Credit-AOP","LIRCMOP13","LIR-CMOP",100,100000,10,271310,100000,71.7824,0.09770283839448424,0.5423383595612872,1,"Survival_Credit_AOP_LIRCMOP13_N100_FE100000_run10_seed271310.mat"
"s09_biscop_confirmation","Survival-Credit-AOP","LIRCMOP13","LIR-CMOP",100,100000,1,271301,100000,76.5461,0.09598321802614963,0.5452847693354127,1,"Survival_Credit_AOP_LIRCMOP13_N100_FE100000_run1_seed271301.mat"
"s09_biscop_confirmation","Survival-Credit-AOP","LIRCMOP13","LIR-CMOP",100,100000,2,271302,100000,46.5219,0.09428586661480409,0.5499225834119723,1,"Survival_Credit_AOP_LIRCMOP13_N100_FE100000_run2_seed271302.mat"
"s09_biscop_confirmation","Survival-Credit-AOP","LIRCMOP13","LIR-CMOP",100,100000,3,271303,100000,47.0798,0.0958568618607263,0.5491589775315706,1,"Survival_Credit_AOP_LIRCMOP13_N100_FE100000_run3_seed271303.mat"
"s09_biscop_confirmation","Survival-Credit-AOP","LIRCMOP13","LIR-CMOP",100,100000,4,271304,100000,81.7269,0.09697109747237442,0.5447389384574004,1,"Survival_Credit_AOP_LIRCMOP13_N100_FE100000_run4_seed271304.mat"
"s09_biscop_confirmation","Survival-Credit-AOP","LIRCMOP13","LIR-CMOP",100,100000,5,271305,100000,47.0432,0.09717258486596127,0.5460198848011613,1,"Survival_Credit_AOP_LIRCMOP13_N100_FE100000_run5_seed271305.mat"
"s09_biscop_confirmation","Survival-Credit-AOP","LIRCMOP13","LIR-CMOP",100,100000,6,271306,100000,70.7024,0.09693820184464357,0.5422710117026912,1,"Survival_Credit_AOP_LIRCMOP13_N100_FE100000_run6_seed271306.mat"
"s09_biscop_confirmation","Survival-Credit-AOP","LIRCMOP13","LIR-CMOP",100,100000,7,271307,100000,71.3753,0.09723090135520336,0.5447340202430158,1,"Survival_Credit_AOP_LIRCMOP13_N100_FE100000_run7_seed271307.mat"
"s09_biscop_confirmation","Survival-Credit-AOP","LIRCMOP13","LIR-CMOP",100,100000,8,271308,100000,46.2663,0.09803878372112934,0.5425773497313913,1,"Survival_Credit_AOP_LIRCMOP13_N100_FE100000_run8_seed271308.mat"
"s09_biscop_confirmation","Survival-Credit-AOP","LIRCMOP13","LIR-CMOP",100,100000,9,271309,100000,46.7979,0.09623541113033415,0.5436441253904483,1,"Survival_Credit_AOP_LIRCMOP13_N100_FE100000_run9_seed271309.mat"
"s09_biscop_confirmation","Survival-Credit-AOP","LIRCMOP14","LIR-CMOP",100,100000,10,271410,100000,33.6433,0.09924211334950676,0.549258537511872,1,"Survival_Credit_AOP_LIRCMOP14_N100_FE100000_run10_seed271410.mat"
"s09_biscop_confirmation","Survival-Credit-AOP","LIRCMOP14","LIR-CMOP",100,100000,1,271401,100000,34.0148,0.09730522254917166,0.5507803294438951,1,"Survival_Credit_AOP_LIRCMOP14_N100_FE100000_run1_seed271401.mat"
"s09_biscop_confirmation","Survival-Credit-AOP","LIRCMOP14","LIR-CMOP",100,100000,2,271402,100000,65.5404,0.09823427124933709,0.5510589529108711,1,"Survival_Credit_AOP_LIRCMOP14_N100_FE100000_run2_seed271402.mat"
"s09_biscop_confirmation","Survival-Credit-AOP","LIRCMOP14","LIR-CMOP",100,100000,3,271403,100000,52.5515,0.09917740504192796,0.5507470052672618,1,"Survival_Credit_AOP_LIRCMOP14_N100_FE100000_run3_seed271403.mat"
"s09_biscop_confirmation","Survival-Credit-AOP","LIRCMOP14","LIR-CMOP",100,100000,4,271404,100000,33.0452,0.09787485171526975,0.5497958364265352,1,"Survival_Credit_AOP_LIRCMOP14_N100_FE100000_run4_seed271404.mat"
"s09_biscop_confirmation","Survival-Credit-AOP","LIRCMOP14","LIR-CMOP",100,100000,5,271405,100000,33.6043,0.09923504409544442,0.5494406154538495,1,"Survival_Credit_AOP_LIRCMOP14_N100_FE100000_run5_seed271405.mat"
"s09_biscop_confirmation","Survival-Credit-AOP","LIRCMOP14","LIR-CMOP",100,100000,6,271406,100000,52.3778,0.09790458580403914,0.5497926586520103,1,"Survival_Credit_AOP_LIRCMOP14_N100_FE100000_run6_seed271406.mat"
"s09_biscop_confirmation","Survival-Credit-AOP","LIRCMOP14","LIR-CMOP",100,100000,7,271407,100000,33.2222,0.09807798335121891,0.5501803419692906,1,"Survival_Credit_AOP_LIRCMOP14_N100_FE100000_run7_seed271407.mat"
"s09_biscop_confirmation","Survival-Credit-AOP","LIRCMOP14","LIR-CMOP",100,100000,8,271408,100000,52.3418,0.09656437516969309,0.5496087824033201,1,"Survival_Credit_AOP_LIRCMOP14_N100_FE100000_run8_seed271408.mat"
"s09_biscop_confirmation","Survival-Credit-AOP","LIRCMOP14","LIR-CMOP",100,100000,9,271409,100000,52.3474,0.09783072278012478,0.5514125754365971,1,"Survival_Credit_AOP_LIRCMOP14_N100_FE100000_run9_seed271409.mat"
"s09_biscop_confirmation","Survival-Credit-AOP","LIRCMOP1","LIR-CMOP",100,100000,10,270110,100000,9.2646,0.2742222702515391,0.116603424844816,1,"Survival_Credit_AOP_LIRCMOP1_N100_FE100000_run10_seed270110.mat"
"s09_biscop_confirmation","Survival-Credit-AOP","LIRCMOP1","LIR-CMOP",100,100000,1,270101,100000,9.9605,0.2374377488327165,0.1318118297244166,1,"Survival_Credit_AOP_LIRCMOP1_N100_FE100000_run1_seed270101.mat"
"s09_biscop_confirmation","Survival-Credit-AOP","LIRCMOP1","LIR-CMOP",100,100000,2,270102,100000,8.5665,0.1827755010173023,0.151382066964581,1,"Survival_Credit_AOP_LIRCMOP1_N100_FE100000_run2_seed270102.mat"
"s09_biscop_confirmation","Survival-Credit-AOP","LIRCMOP1","LIR-CMOP",100,100000,3,270103,100000,8.7875,0.1877035632204955,0.1517658360259584,1,"Survival_Credit_AOP_LIRCMOP1_N100_FE100000_run3_seed270103.mat"
"s09_biscop_confirmation","Survival-Credit-AOP","LIRCMOP1","LIR-CMOP",100,100000,4,270104,100000,9.1587,0.2242870708988196,0.1319943618959446,1,"Survival_Credit_AOP_LIRCMOP1_N100_FE100000_run4_seed270104.mat"
"s09_biscop_confirmation","Survival-Credit-AOP","LIRCMOP1","LIR-CMOP",100,100000,5,270105,100000,8.4738,0.2686477772132758,0.1143324175447005,1,"Survival_Credit_AOP_LIRCMOP1_N100_FE100000_run5_seed270105.mat"
"s09_biscop_confirmation","Survival-Credit-AOP","LIRCMOP1","LIR-CMOP",100,100000,6,270106,100000,9.3194,0.2865901990053523,0.1151788547591054,1,"Survival_Credit_AOP_LIRCMOP1_N100_FE100000_run6_seed270106.mat"
"s09_biscop_confirmation","Survival-Credit-AOP","LIRCMOP1","LIR-CMOP",100,100000,7,270107,100000,9.5092,0.2482335539287713,0.1300185152387072,1,"Survival_Credit_AOP_LIRCMOP1_N100_FE100000_run7_seed270107.mat"
"s09_biscop_confirmation","Survival-Credit-AOP","LIRCMOP1","LIR-CMOP",100,100000,8,270108,100000,8.6578,0.2733459152088983,0.1235710308510661,1,"Survival_Credit_AOP_LIRCMOP1_N100_FE100000_run8_seed270108.mat"
"s09_biscop_confirmation","Survival-Credit-AOP","LIRCMOP1","LIR-CMOP",100,100000,9,270109,100000,8.6051,0.1654842062046412,0.1496409085389849,1,"Survival_Credit_AOP_LIRCMOP1_N100_FE100000_run9_seed270109.mat"
"s09_biscop_confirmation","Survival-Credit-AOP","LIRCMOP2","LIR-CMOP",100,100000,10,270210,100000,10.814,0.1294445143832735,0.2960198915165748,1,"Survival_Credit_AOP_LIRCMOP2_N100_FE100000_run10_seed270210.mat"
"s09_biscop_confirmation","Survival-Credit-AOP","LIRCMOP2","LIR-CMOP",100,100000,1,270201,100000,11.0976,0.2504629400810117,0.2491308926089066,1,"Survival_Credit_AOP_LIRCMOP2_N100_FE100000_run1_seed270201.mat"
"s09_biscop_confirmation","Survival-Credit-AOP","LIRCMOP2","LIR-CMOP",100,100000,2,270202,100000,11.5945,0.1989425096875794,0.2735912759500591,1,"Survival_Credit_AOP_LIRCMOP2_N100_FE100000_run2_seed270202.mat"
"s09_biscop_confirmation","Survival-Credit-AOP","LIRCMOP2","LIR-CMOP",100,100000,3,270203,100000,12.2001,0.1090443403665703,0.3043662205217664,1,"Survival_Credit_AOP_LIRCMOP2_N100_FE100000_run3_seed270203.mat"
"s09_biscop_confirmation","Survival-Credit-AOP","LIRCMOP2","LIR-CMOP",100,100000,4,270204,100000,10.4933,0.1720710133223983,0.2880796393317444,1,"Survival_Credit_AOP_LIRCMOP2_N100_FE100000_run4_seed270204.mat"
"s09_biscop_confirmation","Survival-Credit-AOP","LIRCMOP2","LIR-CMOP",100,100000,5,270205,100000,10.8264,0.2074956291103555,0.2474308154216225,1,"Survival_Credit_AOP_LIRCMOP2_N100_FE100000_run5_seed270205.mat"
"s09_biscop_confirmation","Survival-Credit-AOP","LIRCMOP2","LIR-CMOP",100,100000,6,270206,100000,11.8306,0.1496902002606714,0.2965330417068158,1,"Survival_Credit_AOP_LIRCMOP2_N100_FE100000_run6_seed270206.mat"
"s09_biscop_confirmation","Survival-Credit-AOP","LIRCMOP2","LIR-CMOP",100,100000,7,270207,100000,11.1169,0.1908491995252986,0.2685292479539871,1,"Survival_Credit_AOP_LIRCMOP2_N100_FE100000_run7_seed270207.mat"
"s09_biscop_confirmation","Survival-Credit-AOP","LIRCMOP2","LIR-CMOP",100,100000,8,270208,100000,11.7081,0.06727266422810899,0.3194706638523486,1,"Survival_Credit_AOP_LIRCMOP2_N100_FE100000_run8_seed270208.mat"
"s09_biscop_confirmation","Survival-Credit-AOP","LIRCMOP2","LIR-CMOP",100,100000,9,270209,100000,11.3156,0.1872959797874764,0.2555758329791593,1,"Survival_Credit_AOP_LIRCMOP2_N100_FE100000_run9_seed270209.mat"
"s09_biscop_confirmation","Survival-Credit-AOP","LIRCMOP3","LIR-CMOP",100,100000,10,270310,100000,11.3375,0.1883485885257405,0.1403083247135954,1,"Survival_Credit_AOP_LIRCMOP3_N100_FE100000_run10_seed270310.mat"
"s09_biscop_confirmation","Survival-Credit-AOP","LIRCMOP3","LIR-CMOP",100,100000,1,270301,100000,10.9333,0.2625581466196717,0.109669157817451,1,"Survival_Credit_AOP_LIRCMOP3_N100_FE100000_run1_seed270301.mat"
"s09_biscop_confirmation","Survival-Credit-AOP","LIRCMOP3","LIR-CMOP",100,100000,2,270302,100000,10.9953,0.1433850457872751,0.1601890641078156,1,"Survival_Credit_AOP_LIRCMOP3_N100_FE100000_run2_seed270302.mat"
"s09_biscop_confirmation","Survival-Credit-AOP","LIRCMOP3","LIR-CMOP",100,100000,3,270303,100000,10.8758,0.2133127157075528,0.1184647841719133,1,"Survival_Credit_AOP_LIRCMOP3_N100_FE100000_run3_seed270303.mat"
"s09_biscop_confirmation","Survival-Credit-AOP","LIRCMOP3","LIR-CMOP",100,100000,4,270304,100000,11.1867,0.2787578948291258,0.1046890305461738,1,"Survival_Credit_AOP_LIRCMOP3_N100_FE100000_run4_seed270304.mat"
"s09_biscop_confirmation","Survival-Credit-AOP","LIRCMOP3","LIR-CMOP",100,100000,5,270305,100000,11.6842,0.1755728031948977,0.1354746433840218,1,"Survival_Credit_AOP_LIRCMOP3_N100_FE100000_run5_seed270305.mat"
"s09_biscop_confirmation","Survival-Credit-AOP","LIRCMOP3","LIR-CMOP",100,100000,6,270306,100000,11.0902,0.2735351959284421,0.1060308608874418,1,"Survival_Credit_AOP_LIRCMOP3_N100_FE100000_run6_seed270306.mat"
"s09_biscop_confirmation","Survival-Credit-AOP","LIRCMOP3","LIR-CMOP",100,100000,7,270307,100000,10.7982,0.2338961982898146,0.130944483515443,1,"Survival_Credit_AOP_LIRCMOP3_N100_FE100000_run7_seed270307.mat"
"s09_biscop_confirmation","Survival-Credit-AOP","LIRCMOP3","LIR-CMOP",100,100000,8,270308,100000,11.3361,0.1777140956637391,0.1420128932675667,1,"Survival_Credit_AOP_LIRCMOP3_N100_FE100000_run8_seed270308.mat"
"s09_biscop_confirmation","Survival-Credit-AOP","LIRCMOP3","LIR-CMOP",100,100000,9,270309,100000,10.8229,0.2723565369105428,0.1172078959818371,1,"Survival_Credit_AOP_LIRCMOP3_N100_FE100000_run9_seed270309.mat"
"s09_biscop_confirmation","Survival-Credit-AOP","LIRCMOP4","LIR-CMOP",100,100000,10,270410,100000,11.2581,0.2057325497609634,0.2223877117274166,1,"Survival_Credit_AOP_LIRCMOP4_N100_FE100000_run10_seed270410.mat"
"s09_biscop_confirmation","Survival-Credit-AOP","LIRCMOP4","LIR-CMOP",100,100000,1,270401,100000,11.5033,0.1282353955507814,0.2593815331903751,1,"Survival_Credit_AOP_LIRCMOP4_N100_FE100000_run1_seed270401.mat"
"s09_biscop_confirmation","Survival-Credit-AOP","LIRCMOP4","LIR-CMOP",100,100000,2,270402,100000,10.9023,0.1060435685504481,0.2591585340142642,1,"Survival_Credit_AOP_LIRCMOP4_N100_FE100000_run2_seed270402.mat"
"s09_biscop_confirmation","Survival-Credit-AOP","LIRCMOP4","LIR-CMOP",100,100000,3,270403,100000,11.0123,0.2531671387608839,0.2104075495883953,1,"Survival_Credit_AOP_LIRCMOP4_N100_FE100000_run3_seed270403.mat"
"s09_biscop_confirmation","Survival-Credit-AOP","LIRCMOP4","LIR-CMOP",100,100000,4,270404,100000,11.3901,0.2466104239128343,0.2111885108663618,1,"Survival_Credit_AOP_LIRCMOP4_N100_FE100000_run4_seed270404.mat"
"s09_biscop_confirmation","Survival-Credit-AOP","LIRCMOP4","LIR-CMOP",100,100000,5,270405,100000,10.9931,0.2587235774415877,0.2047187867550402,1,"Survival_Credit_AOP_LIRCMOP4_N100_FE100000_run5_seed270405.mat"
"s09_biscop_confirmation","Survival-Credit-AOP","LIRCMOP4","LIR-CMOP",100,100000,6,270406,100000,11.321,0.2504990426098362,0.2101595201535008,1,"Survival_Credit_AOP_LIRCMOP4_N100_FE100000_run6_seed270406.mat"
"s09_biscop_confirmation","Survival-Credit-AOP","LIRCMOP4","LIR-CMOP",100,100000,7,270407,100000,11.5415,0.1776674962738509,0.2488353965391524,1,"Survival_Credit_AOP_LIRCMOP4_N100_FE100000_run7_seed270407.mat"
"s09_biscop_confirmation","Survival-Credit-AOP","LIRCMOP4","LIR-CMOP",100,100000,8,270408,100000,10.8649,0.1482114813361917,0.2459316816922261,1,"Survival_Credit_AOP_LIRCMOP4_N100_FE100000_run8_seed270408.mat"
"s09_biscop_confirmation","Survival-Credit-AOP","LIRCMOP4","LIR-CMOP",100,100000,9,270409,100000,10.9586,0.1943298650199703,0.2238714765956692,1,"Survival_Credit_AOP_LIRCMOP4_N100_FE100000_run9_seed270409.mat"
"s09_biscop_confirmation","Survival-Credit-AOP","LIRCMOP5","LIR-CMOP",100,100000,10,270510,100000,15.0496,0.01187217403947839,0.2868077466421375,1,"Survival_Credit_AOP_LIRCMOP5_N100_FE100000_run10_seed270510.mat"
"s09_biscop_confirmation","Survival-Credit-AOP","LIRCMOP5","LIR-CMOP",100,100000,1,270501,100000,14.9155,0.01273422126294658,0.2866260187100594,1,"Survival_Credit_AOP_LIRCMOP5_N100_FE100000_run1_seed270501.mat"
"s09_biscop_confirmation","Survival-Credit-AOP","LIRCMOP5","LIR-CMOP",100,100000,2,270502,100000,18.6277,0.01835877447774064,0.2840431519442877,1,"Survival_Credit_AOP_LIRCMOP5_N100_FE100000_run2_seed270502.mat"
"s09_biscop_confirmation","Survival-Credit-AOP","LIRCMOP5","LIR-CMOP",100,100000,3,270503,100000,16.5768,0.01527289571056251,0.285723863785238,1,"Survival_Credit_AOP_LIRCMOP5_N100_FE100000_run3_seed270503.mat"
"s09_biscop_confirmation","Survival-Credit-AOP","LIRCMOP5","LIR-CMOP",100,100000,4,270504,100000,15.3861,0.01348903460736776,0.287579301055314,1,"Survival_Credit_AOP_LIRCMOP5_N100_FE100000_run4_seed270504.mat"
"s09_biscop_confirmation","Survival-Credit-AOP","LIRCMOP5","LIR-CMOP",100,100000,5,270505,100000,16.1993,0.01100468399538543,0.288765196890214,1,"Survival_Credit_AOP_LIRCMOP5_N100_FE100000_run5_seed270505.mat"
"s09_biscop_confirmation","Survival-Credit-AOP","LIRCMOP5","LIR-CMOP",100,100000,6,270506,100000,14.9467,0.01346173228964599,0.2884061367598539,1,"Survival_Credit_AOP_LIRCMOP5_N100_FE100000_run6_seed270506.mat"
"s09_biscop_confirmation","Survival-Credit-AOP","LIRCMOP5","LIR-CMOP",100,100000,7,270507,100000,13.4315,0.01728906267219511,0.2866837779473558,1,"Survival_Credit_AOP_LIRCMOP5_N100_FE100000_run7_seed270507.mat"
"s09_biscop_confirmation","Survival-Credit-AOP","LIRCMOP5","LIR-CMOP",100,100000,8,270508,100000,24.4815,0.01200691649705557,0.2881226681927366,1,"Survival_Credit_AOP_LIRCMOP5_N100_FE100000_run8_seed270508.mat"
"s09_biscop_confirmation","Survival-Credit-AOP","LIRCMOP5","LIR-CMOP",100,100000,9,270509,100000,17.985,0.01330503210371684,0.2862129157745137,1,"Survival_Credit_AOP_LIRCMOP5_N100_FE100000_run9_seed270509.mat"
"s09_biscop_confirmation","Survival-Credit-AOP","LIRCMOP6","LIR-CMOP",100,100000,10,270610,100000,25.7623,0.01215356268555839,0.1942414928265111,1,"Survival_Credit_AOP_LIRCMOP6_N100_FE100000_run10_seed270610.mat"
"s09_biscop_confirmation","Survival-Credit-AOP","LIRCMOP6","LIR-CMOP",100,100000,1,270601,100000,16.3834,0.01338651742899989,0.1945065975202743,1,"Survival_Credit_AOP_LIRCMOP6_N100_FE100000_run1_seed270601.mat"
"s09_biscop_confirmation","Survival-Credit-AOP","LIRCMOP6","LIR-CMOP",100,100000,2,270602,100000,18.5208,0.01048164127520505,0.1948071610385635,1,"Survival_Credit_AOP_LIRCMOP6_N100_FE100000_run2_seed270602.mat"
"s09_biscop_confirmation","Survival-Credit-AOP","LIRCMOP6","LIR-CMOP",100,100000,3,270603,100000,15.5978,0.01065255036421936,0.1944190048161788,1,"Survival_Credit_AOP_LIRCMOP6_N100_FE100000_run3_seed270603.mat"
"s09_biscop_confirmation","Survival-Credit-AOP","LIRCMOP6","LIR-CMOP",100,100000,4,270604,100000,19.5379,0.01080847777450019,0.1945812915502823,1,"Survival_Credit_AOP_LIRCMOP6_N100_FE100000_run4_seed270604.mat"
"s09_biscop_confirmation","Survival-Credit-AOP","LIRCMOP6","LIR-CMOP",100,100000,5,270605,100000,21.189,0.01342471187220999,0.1944645130509962,1,"Survival_Credit_AOP_LIRCMOP6_N100_FE100000_run5_seed270605.mat"
"s09_biscop_confirmation","Survival-Credit-AOP","LIRCMOP6","LIR-CMOP",100,100000,6,270606,100000,16.0615,0.0119688639426761,0.1945937099664362,1,"Survival_Credit_AOP_LIRCMOP6_N100_FE100000_run6_seed270606.mat"
"s09_biscop_confirmation","Survival-Credit-AOP","LIRCMOP6","LIR-CMOP",100,100000,7,270607,100000,18.3039,0.0102634984968505,0.1947977457239487,1,"Survival_Credit_AOP_LIRCMOP6_N100_FE100000_run7_seed270607.mat"
"s09_biscop_confirmation","Survival-Credit-AOP","LIRCMOP6","LIR-CMOP",100,100000,8,270608,100000,20.6033,0.01374438992502783,0.1943942411550171,1,"Survival_Credit_AOP_LIRCMOP6_N100_FE100000_run8_seed270608.mat"
"s09_biscop_confirmation","Survival-Credit-AOP","LIRCMOP6","LIR-CMOP",100,100000,9,270609,100000,16.1663,0.01198843289645376,0.1946446424547171,1,"Survival_Credit_AOP_LIRCMOP6_N100_FE100000_run9_seed270609.mat"
"s09_biscop_confirmation","Survival-Credit-AOP","LIRCMOP7","LIR-CMOP",100,100000,10,270710,100000,16.194,0.008383697091674127,0.293804118148104,1,"Survival_Credit_AOP_LIRCMOP7_N100_FE100000_run10_seed270710.mat"
"s09_biscop_confirmation","Survival-Credit-AOP","LIRCMOP7","LIR-CMOP",100,100000,1,270701,100000,8.5449,0.008629697592736357,0.2936992122320016,1,"Survival_Credit_AOP_LIRCMOP7_N100_FE100000_run1_seed270701.mat"
"s09_biscop_confirmation","Survival-Credit-AOP","LIRCMOP7","LIR-CMOP",100,100000,2,270702,100000,7.9396,0.04772272454187249,0.2699723548781479,1,"Survival_Credit_AOP_LIRCMOP7_N100_FE100000_run2_seed270702.mat"
"s09_biscop_confirmation","Survival-Credit-AOP","LIRCMOP7","LIR-CMOP",100,100000,3,270703,100000,8.0866,0.008741121304694205,0.2933375284166961,1,"Survival_Credit_AOP_LIRCMOP7_N100_FE100000_run3_seed270703.mat"
"s09_biscop_confirmation","Survival-Credit-AOP","LIRCMOP7","LIR-CMOP",100,100000,4,270704,100000,8.9166,0.00846168089043824,0.2937050305466004,1,"Survival_Credit_AOP_LIRCMOP7_N100_FE100000_run4_seed270704.mat"
"s09_biscop_confirmation","Survival-Credit-AOP","LIRCMOP7","LIR-CMOP",100,100000,5,270705,100000,7.9493,0.008153320031452293,0.2938890727105853,1,"Survival_Credit_AOP_LIRCMOP7_N100_FE100000_run5_seed270705.mat"
"s09_biscop_confirmation","Survival-Credit-AOP","LIRCMOP7","LIR-CMOP",100,100000,6,270706,100000,16.2088,0.008076254430732652,0.2937742256016204,1,"Survival_Credit_AOP_LIRCMOP7_N100_FE100000_run6_seed270706.mat"
"s09_biscop_confirmation","Survival-Credit-AOP","LIRCMOP7","LIR-CMOP",100,100000,7,270707,100000,16.3782,0.00837971954458362,0.2939461070376754,1,"Survival_Credit_AOP_LIRCMOP7_N100_FE100000_run7_seed270707.mat"
"s09_biscop_confirmation","Survival-Credit-AOP","LIRCMOP7","LIR-CMOP",100,100000,8,270708,100000,7.9534,0.008696084786185367,0.2936738016163214,1,"Survival_Credit_AOP_LIRCMOP7_N100_FE100000_run8_seed270708.mat"
"s09_biscop_confirmation","Survival-Credit-AOP","LIRCMOP7","LIR-CMOP",100,100000,9,270709,100000,8.2516,0.008408094382136685,0.2938666525323924,1,"Survival_Credit_AOP_LIRCMOP7_N100_FE100000_run9_seed270709.mat"
"s09_biscop_confirmation","Survival-Credit-AOP","LIRCMOP8","LIR-CMOP",100,100000,10,270810,100000,7.9433,0.008270291697326973,0.29388891098244,1,"Survival_Credit_AOP_LIRCMOP8_N100_FE100000_run10_seed270810.mat"
"s09_biscop_confirmation","Survival-Credit-AOP","LIRCMOP8","LIR-CMOP",100,100000,1,270801,100000,8.0318,0.008478587460757733,0.2936614688391551,1,"Survival_Credit_AOP_LIRCMOP8_N100_FE100000_run1_seed270801.mat"
"s09_biscop_confirmation","Survival-Credit-AOP","LIRCMOP8","LIR-CMOP",100,100000,2,270802,100000,15.6972,0.008018924332135909,0.2940630798622584,1,"Survival_Credit_AOP_LIRCMOP8_N100_FE100000_run2_seed270802.mat"
"s09_biscop_confirmation","Survival-Credit-AOP","LIRCMOP8","LIR-CMOP",100,100000,3,270803,100000,11.1093,0.00842415417684389,0.2936539147292693,1,"Survival_Credit_AOP_LIRCMOP8_N100_FE100000_run3_seed270803.mat"
"s09_biscop_confirmation","Survival-Credit-AOP","LIRCMOP8","LIR-CMOP",100,100000,4,270804,100000,8.1036,0.008834826791994368,0.2936318818353039,1,"Survival_Credit_AOP_LIRCMOP8_N100_FE100000_run4_seed270804.mat"
"s09_biscop_confirmation","Survival-Credit-AOP","LIRCMOP8","LIR-CMOP",100,100000,5,270805,100000,8.1345,0.007876537088193747,0.2938568973500171,1,"Survival_Credit_AOP_LIRCMOP8_N100_FE100000_run5_seed270805.mat"
"s09_biscop_confirmation","Survival-Credit-AOP","LIRCMOP8","LIR-CMOP",100,100000,6,270806,100000,15.6225,0.007778652305586894,0.2940548405134177,1,"Survival_Credit_AOP_LIRCMOP8_N100_FE100000_run6_seed270806.mat"
"s09_biscop_confirmation","Survival-Credit-AOP","LIRCMOP8","LIR-CMOP",100,100000,7,270807,100000,7.9273,0.008017294675427181,0.2939030705894984,1,"Survival_Credit_AOP_LIRCMOP8_N100_FE100000_run7_seed270807.mat"
"s09_biscop_confirmation","Survival-Credit-AOP","LIRCMOP8","LIR-CMOP",100,100000,8,270808,100000,15.8817,0.008225177080246606,0.2939622462370062,1,"Survival_Credit_AOP_LIRCMOP8_N100_FE100000_run8_seed270808.mat"
"s09_biscop_confirmation","Survival-Credit-AOP","LIRCMOP8","LIR-CMOP",100,100000,9,270809,100000,16.0743,0.00845933845257657,0.2936662591360656,1,"Survival_Credit_AOP_LIRCMOP8_N100_FE100000_run9_seed270809.mat"
"s09_biscop_confirmation","Survival-Credit-AOP","LIRCMOP9","LIR-CMOP",100,100000,10,270910,100000,31.9272,0.2155264888361678,0.434109707412093,1,"Survival_Credit_AOP_LIRCMOP9_N100_FE100000_run10_seed270910.mat"
"s09_biscop_confirmation","Survival-Credit-AOP","LIRCMOP9","LIR-CMOP",100,100000,1,270901,100000,17.9307,0.2047190959387262,0.4459440044615081,1,"Survival_Credit_AOP_LIRCMOP9_N100_FE100000_run1_seed270901.mat"
"s09_biscop_confirmation","Survival-Credit-AOP","LIRCMOP9","LIR-CMOP",100,100000,2,270902,100000,30.6222,0.1805828390267193,0.4638052833365047,1,"Survival_Credit_AOP_LIRCMOP9_N100_FE100000_run2_seed270902.mat"
"s09_biscop_confirmation","Survival-Credit-AOP","LIRCMOP9","LIR-CMOP",100,100000,3,270903,100000,17.4467,0.2078859298360579,0.4387112463842024,1,"Survival_Credit_AOP_LIRCMOP9_N100_FE100000_run3_seed270903.mat"
"s09_biscop_confirmation","Survival-Credit-AOP","LIRCMOP9","LIR-CMOP",100,100000,4,270904,100000,30.8086,0.2072174988099901,0.4443032796038096,1,"Survival_Credit_AOP_LIRCMOP9_N100_FE100000_run4_seed270904.mat"
"s09_biscop_confirmation","Survival-Credit-AOP","LIRCMOP9","LIR-CMOP",100,100000,5,270905,100000,30.455,0.2044955495910038,0.4428120827626189,1,"Survival_Credit_AOP_LIRCMOP9_N100_FE100000_run5_seed270905.mat"
"s09_biscop_confirmation","Survival-Credit-AOP","LIRCMOP9","LIR-CMOP",100,100000,6,270906,100000,17.9272,0.207301126017457,0.4440879391544894,1,"Survival_Credit_AOP_LIRCMOP9_N100_FE100000_run6_seed270906.mat"
"s09_biscop_confirmation","Survival-Credit-AOP","LIRCMOP9","LIR-CMOP",100,100000,7,270907,100000,17.9069,0.2803647661747071,0.4187884350250556,1,"Survival_Credit_AOP_LIRCMOP9_N100_FE100000_run7_seed270907.mat"
"s09_biscop_confirmation","Survival-Credit-AOP","LIRCMOP9","LIR-CMOP",100,100000,8,270908,100000,30.9408,0.2145008933819289,0.4358985705177975,1,"Survival_Credit_AOP_LIRCMOP9_N100_FE100000_run8_seed270908.mat"
"s09_biscop_confirmation","Survival-Credit-AOP","LIRCMOP9","LIR-CMOP",100,100000,9,270909,100000,18.1561,0.2800388531545404,0.41866785618251,1,"Survival_Credit_AOP_LIRCMOP9_N100_FE100000_run9_seed270909.mat"
