config,algorithm,problem,suite,N,maxFE,run,seed,finishedFE,runtime,IGD,HV,Feasible_rate,file
"s08_role_separation","CMOEA-AOP","CF10","CF",100,50000,1,219001,50132,36.5128,0.410918417782704,0.1226232171518119,1,"CMOEA_AOP_CF10_N100_FE50000_run1_seed219001.mat"
"s08_role_separation","CMOEA-AOP","CF10","CF",100,50000,2,219002,50050,75.0035,0.3396277295506993,0.1252256135354465,1,"CMOEA_AOP_CF10_N100_FE50000_run2_seed219002.mat"
"s08_role_separation","CMOEA-AOP","CF10","CF",100,50000,3,219003,50042,38.0705,0.4369854029276483,0.09126494969124603,1,"CMOEA_AOP_CF10_N100_FE50000_run3_seed219003.mat"
"s08_role_separation","CMOEA-AOP","CF10","CF",100,50000,4,219004,50192,67.958,0.2471728590936529,0.2049211466464474,1,"CMOEA_AOP_CF10_N100_FE50000_run4_seed219004.mat"
"s08_role_separation","CMOEA-AOP","CF10","CF",100,50000,5,219005,50016,66.7338,0.6004660870938477,0.02489741827569301,1,"CMOEA_AOP_CF10_N100_FE50000_run5_seed219005.mat"
"s08_role_separation","CMOEA-AOP","CF1","CF",100,50000,1,218101,50100,29.7349,0.005406490125509656,0.5594632900571611,1,"CMOEA_AOP_CF1_N100_FE50000_run1_seed218101.mat"
"s08_role_separation","CMOEA-AOP","CF1","CF",100,50000,2,218102,50072,29.6311,0.008828982677405714,0.5554165590715476,1,"CMOEA_AOP_CF1_N100_FE50000_run2_seed218102.mat"
"s08_role_separation","CMOEA-AOP","CF1","CF",100,50000,3,218103,50212,28.7299,0.003228475481973696,0.5621649169976866,1,"CMOEA_AOP_CF1_N100_FE50000_run3_seed218103.mat"
"s08_role_separation","CMOEA-AOP","CF1","CF",100,50000,4,218104,50136,30.1139,0.005224512883553335,0.5597538623191656,1,"CMOEA_AOP_CF1_N100_FE50000_run4_seed218104.mat"
"s08_role_separation","CMOEA-AOP","CF1","CF",100,50000,5,218105,50024,27.9594,0.004039435396279418,0.5611726483985368,1,"CMOEA_AOP_CF1_N100_FE50000_run5_seed218105.mat"
"s08_role_separation","CMOEA-AOP","CF2","CF",100,50000,1,218201,50048,30.1219,0.03833262312441515,0.6362933109660482,1,"CMOEA_AOP_CF2_N100_FE50000_run1_seed218201.mat"
"s08_role_separation","CMOEA-AOP","CF2","CF",100,50000,2,218202,50020,16.5404,0.02261411900674761,0.6476791918955723,1,"CMOEA_AOP_CF2_N100_FE50000_run2_seed218202.mat"
"s08_role_separation","CMOEA-AOP","CF2","CF",100,50000,3,218203,50140,17.3087,0.02688997813059901,0.6519352534185586,1,"CMOEA_AOP_CF2_N100_FE50000_run3_seed218203.mat"
"s08_role_separation","CMOEA-AOP","CF2","CF",100,50000,4,218204,50096,18.1353,0.01552628747796989,0.6510050633588785,1,"CMOEA_AOP_CF2_N100_FE50000_run4_seed218204.mat"
"s08_role_separation","CMOEA-AOP","CF2","CF",100,50000,5,218205,50196,19.0561,0.01973753318426063,0.658525000208071,1,"CMOEA_AOP_CF2_N100_FE50000_run5_seed218205.mat"
"s08_role_separation","CMOEA-AOP","CF3","CF",100,50000,1,218301,50004,13.1528,0.2282178489373265,0.1701847385172842,1,"CMOEA_AOP_CF3_N100_FE50000_run1_seed218301.mat"
"s08_role_separation","CMOEA-AOP","CF3","CF",100,50000,2,218302,50044,12.6639,0.1098663437669439,0.2671468936911747,1,"CMOEA_AOP_CF3_N100_FE50000_run2_seed218302.mat"
"s08_role_separation","CMOEA-AOP","CF3","CF",100,50000,3,218303,50144,17.4975,0.3464830553255122,0.1586085499917608,1,"CMOEA_AOP_CF3_N100_FE50000_run3_seed218303.mat"
"s08_role_separation","CMOEA-AOP","CF3","CF",100,50000,4,218304,50182,12.2719,0.08082095236984048,0.2534316863778084,1,"CMOEA_AOP_CF3_N100_FE50000_run4_seed218304.mat"
"s08_role_separation","CMOEA-AOP","CF3","CF",100,50000,5,218305,50062,16.3593,0.2752306174614402,0.1814472028955673,1,"CMOEA_AOP_CF3_N100_FE50000_run5_seed218305.mat"
"s08_role_separation","CMOEA-AOP","CF4","CF",100,50000,1,218401,50152,17.8859,0.06278842319948631,0.4502447444123942,1,"CMOEA_AOP_CF4_N100_FE50000_run1_seed218401.mat"
"s08_role_separation","CMOEA-AOP","CF4","CF",100,50000,2,218402,50138,17.5475,0.07387456654839468,0.4408993201445544,1,"CMOEA_AOP_CF4_N100_FE50000_run2_seed218402.mat"
"s08_role_separation","CMOEA-AOP","CF4","CF",100,50000,3,218403,50166,17.9195,0.07269852135383481,0.4469540843051552,1,"CMOEA_AOP_CF4_N100_FE50000_run3_seed218403.mat"
"s08_role_separation","CMOEA-AOP","CF4","CF",100,50000,4,218404,50080,16.1804,0.07632955056763439,0.4432191840547412,1,"CMOEA_AOP_CF4_N100_FE50000_run4_seed218404.mat"
"s08_role_separation","CMOEA-AOP","CF4","CF",100,50000,5,218405,50084,16.483,0.06672837581421934,0.4414575665608999,1,"CMOEA_AOP_CF4_N100_FE50000_run5_seed218405.mat"
"s08_role_separation","CMOEA-AOP","CF5","CF",100,50000,1,218501,50160,16.2956,0.429727911751518,0.1794257655002948,1,"CMOEA_AOP_CF5_N100_FE50000_run1_seed218501.mat"
"s08_role_separation","CMOEA-AOP","CF5","CF",100,50000,2,218502,50198,17.1225,0.5922196013248986,0.1413072721621799,1,"CMOEA_AOP_CF5_N100_FE50000_run2_seed218502.mat"
"s08_role_separation","CMOEA-AOP","CF5","CF",100,50000,3,218503,50078,15.6902,0.1060228336997683,0.4219335714754373,1,"CMOEA_AOP_CF5_N100_FE50000_run3_seed218503.mat"
"s08_role_separation","CMOEA-AOP","CF5","CF",100,50000,4,218504,50014,16.3915,0.3780711437824479,0.273832189246494,1,"CMOEA_AOP_CF5_N100_FE50000_run4_seed218504.mat"
"s08_role_separation","CMOEA-AOP","CF5","CF",100,50000,5,218505,50112,16.76,0.3094212646874469,0.3118338210281259,1,"CMOEA_AOP_CF5_N100_FE50000_run5_seed218505.mat"
"s08_role_separation","CMOEA-AOP","CF6","CF",100,50000,1,218601,50044,19.4835,0.05926871671578608,0.6435468302194657,1,"CMOEA_AOP_CF6_N100_FE50000_run1_seed218601.mat"
"s08_role_separation","CMOEA-AOP","CF6","CF",100,50000,2,218602,50180,20.2403,0.1195015748450428,0.6273233011001341,1,"CMOEA_AOP_CF6_N100_FE50000_run2_seed218602.mat"
"s08_role_separation","CMOEA-AOP","CF6","CF",100,50000,3,218603,50160,19.9467,0.04043711820587767,0.6575797572963897,1,"CMOEA_AOP_CF6_N100_FE50000_run3_seed218603.mat"
"s08_role_separation","CMOEA-AOP","CF6","CF",100,50000,4,218604,50058,18.9542,0.03813596556807784,0.6590751871904905,1,"CMOEA_AOP_CF6_N100_FE50000_run4_seed218604.mat"
"s08_role_separation","CMOEA-AOP","CF6","CF",100,50000,5,218605,50092,20.2613,0.04210050064391603,0.6604457860334758,1,"CMOEA_AOP_CF6_N100_FE50000_run5_seed218605.mat"
"s08_role_separation","CMOEA-AOP","CF7","CF",100,50000,1,218701,50060,14.5222,0.2009783704429611,0.5614821722038338,1,"CMOEA_AOP_CF7_N100_FE50000_run1_seed218701.mat"
"s08_role_separation","CMOEA-AOP","CF7","CF",100,50000,2,218702,50154,15.3542,0.1648018221010076,0.531056947925866,1,"CMOEA_AOP_CF7_N100_FE50000_run2_seed218702.mat"
"s08_role_separation","CMOEA-AOP","CF7","CF",100,50000,3,218703,50062,11.0764,0.1284112151164059,0.5393463490877105,1,"CMOEA_AOP_CF7_N100_FE50000_run3_seed218703.mat"
"s08_role_separation","CMOEA-AOP","CF7","CF",100,50000,4,218704,50080,12.2821,0.1581760158572742,0.4608862538583077,1,"CMOEA_AOP_CF7_N100_FE50000_run4_seed218704.mat"
"s08_role_separation","CMOEA-AOP","CF7","CF",100,50000,5,218705,50032,14.9278,0.1063185683036659,0.602225828098961,1,"CMOEA_AOP_CF7_N100_FE50000_run5_seed218705.mat"
"s08_role_separation","CMOEA-AOP","CF8","CF",100,50000,1,218801,50090,59.0487,0.1611401487273445,0.3543283307657815,1,"CMOEA_AOP_CF8_N100_FE50000_run1_seed218801.mat"
"s08_role_separation","CMOEA-AOP","CF8","CF",100,50000,2,218802,50032,53.8865,0.1557012623822712,0.3581733992473711,1,"CMOEA_AOP_CF8_N100_FE50000_run2_seed218802.mat"
"s08_role_separation","CMOEA-AOP","CF8","CF",100,50000,3,218803,50116,58.0494,0.1596156818515626,0.3387388624643095,1,"CMOEA_AOP_CF8_N100_FE50000_run3_seed218803.mat"
"s08_role_separation","CMOEA-AOP","CF8","CF",100,50000,4,218804,50000,53.3792,0.1957158478787939,0.3265405761338315,1,"CMOEA_AOP_CF8_N100_FE50000_run4_seed218804.mat"
"s08_role_separation","CMOEA-AOP","CF8","CF",100,50000,5,218805,50076,55.0946,0.1630125520334308,0.3749288864686817,1,"CMOEA_AOP_CF8_N100_FE50000_run5_seed218805.mat"
"s08_role_separation","CMOEA-AOP","CF9","CF",100,50000,1,218901,50106,68.3028,0.1124964971603394,0.4339721802398974,1,"CMOEA_AOP_CF9_N100_FE50000_run1_seed218901.mat"
"s08_role_separation","CMOEA-AOP","CF9","CF",100,50000,2,218902,50132,59.3689,0.07812984823590836,0.4588972049065835,1,"CMOEA_AOP_CF9_N100_FE50000_run2_seed218902.mat"
"s08_role_separation","CMOEA-AOP","CF9","CF",100,50000,3,218903,50028,63.9549,0.1062818001418401,0.4212130658427433,1,"CMOEA_AOP_CF9_N100_FE50000_run3_seed218903.mat"
"s08_role_separation","CMOEA-AOP","CF9","CF",100,50000,4,218904,50064,63.1759,0.09825428192784855,0.413157081595589,1,"CMOEA_AOP_CF9_N100_FE50000_run4_seed218904.mat"
"s08_role_separation","CMOEA-AOP","CF9","CF",100,50000,5,218905,50040,61.4485,0.09109330051037504,0.4280813915001178,1,"CMOEA_AOP_CF9_N100_FE50000_run5_seed218905.mat"
"s08_role_separation","CMOEA-AOP","DASCMOP1","DAS-CMOP",100,50000,1,220501,50204,10.8708,0.005812607481035548,0.21048233996434,1,"CMOEA_AOP_DASCMOP1_N100_FE50000_run1_seed220501.mat"
"s08_role_separation","CMOEA-AOP","DASCMOP1","DAS-CMOP",100,50000,2,220502,50154,9.3857,0.009287303448326029,0.2067557833988342,1,"CMOEA_AOP_DASCMOP1_N100_FE50000_run2_seed220502.mat"
"s08_role_separation","CMOEA-AOP","DASCMOP1","DAS-CMOP",100,50000,3,220503,50036,13.5711,0.005594128251866387,0.2114408817284992,1,"CMOEA_AOP_DASCMOP1_N100_FE50000_run3_seed220503.mat"
"s08_role_separation","CMOEA-AOP","DASCMOP1","DAS-CMOP",100,50000,4,220504,50050,11.2634,0.1731842149131555,0.1227931486331992,1,"CMOEA_AOP_DASCMOP1_N100_FE50000_run4_seed220504.mat"
"s08_role_separation","CMOEA-AOP","DASCMOP1","DAS-CMOP",100,50000,5,220505,50132,11.8458,0.6705578370070402,0.01699600221710987,1,"CMOEA_AOP_DASCMOP1_N100_FE50000_run5_seed220505.mat"
"s08_role_separation","CMOEA-AOP","DASCMOP2","DAS-CMOP",100,50000,1,220601,50190,12.9677,0.00731507861102234,0.352825089690655,1,"CMOEA_AOP_DASCMOP2_N100_FE50000_run1_seed220601.mat"
"s08_role_separation","CMOEA-AOP","DASCMOP2","DAS-CMOP",100,50000,2,220602,50070,11.4024,0.2353454386197938,0.2559806642148425,1,"CMOEA_AOP_DASCMOP2_N100_FE50000_run2_seed220602.mat"
"s08_role_separation","CMOEA-AOP","DASCMOP2","DAS-CMOP",100,50000,3,220603,50198,14.1467,0.009157585915786826,0.3510146516393218,1,"CMOEA_AOP_DASCMOP2_N100_FE50000_run3_seed220603.mat"
"s08_role_separation","CMOEA-AOP","DASCMOP2","DAS-CMOP",100,50000,4,220604,50022,13.0558,0.007828229266190017,0.3518835881309623,1,"CMOEA_AOP_DASCMOP2_N100_FE50000_run4_seed220604.mat"
"s08_role_separation","CMOEA-AOP","DASCMOP2","DAS-CMOP",100,50000,5,220605,50090,12.331,0.006823286244470683,0.3529418155009661,1,"CMOEA_AOP_DASCMOP2_N100_FE50000_run5_seed220605.mat"
"s08_role_separation","CMOEA-AOP","DASCMOP3","DAS-CMOP",100,50000,1,220701,50144,12.2119,0.04594209748136931,0.2899094152479281,1,"CMOEA_AOP_DASCMOP3_N100_FE50000_run1_seed220701.mat"
"s08_role_separation","CMOEA-AOP","DASCMOP3","DAS-CMOP",100,50000,2,220702,50022,13.1626,0.02093284198327219,0.3101610372622234,1,"CMOEA_AOP_DASCMOP3_N100_FE50000_run2_seed220702.mat"
"s08_role_separation","CMOEA-AOP","DASCMOP3","DAS-CMOP",100,50000,3,220703,50116,7.2512,0.02362589146783812,0.3079473497149955,1,"CMOEA_AOP_DASCMOP3_N100_FE50000_run3_seed220703.mat"
"s08_role_separation","CMOEA-AOP","DASCMOP3","DAS-CMOP",100,50000,4,220704,50060,7.6557,0.02327927274016288,0.3070695106647472,1,"CMOEA_AOP_DASCMOP3_N100_FE50000_run4_seed220704.mat"
"s08_role_separation","CMOEA-AOP","DASCMOP3","DAS-CMOP",100,50000,5,220705,50160,7.175,0.02368319088233343,0.3055146429277429,1,"CMOEA_AOP_DASCMOP3_N100_FE50000_run5_seed220705.mat"
"s08_role_separation","CMOEA-AOP","DASCMOP4","DAS-CMOP",100,50000,1,220801,50094,8.0253,0.006395859311223052,0.1950848782221714,1,"CMOEA_AOP_DASCMOP4_N100_FE50000_run1_seed220801.mat"
"s08_role_separation","CMOEA-AOP","DASCMOP4","DAS-CMOP",100,50000,2,220802,50030,7.7897,0.4489995137243515,0.03948286638040362,1,"CMOEA_AOP_DASCMOP4_N100_FE50000_run2_seed220802.mat"
"s08_role_separation","CMOEA-AOP","DASCMOP4","DAS-CMOP",100,50000,3,220803,50022,6.5962,NaN,NaN,0,"CMOEA_AOP_DASCMOP4_N100_FE50000_run3_seed220803.mat"
"s08_role_separation","CMOEA-AOP","DASCMOP4","DAS-CMOP",100,50000,4,220804,50094,6.9789,NaN,NaN,0,"CMOEA_AOP_DASCMOP4_N100_FE50000_run4_seed220804.mat"
"s08_role_separation","CMOEA-AOP","DASCMOP4","DAS-CMOP",100,50000,5,220805,50096,6.625,0.5073241892574853,0.01223912792533959,1,"CMOEA_AOP_DASCMOP4_N100_FE50000_run5_seed220805.mat"
"s08_role_separation","CMOEA-AOP","DASCMOP5","DAS-CMOP",100,50000,1,220901,50196,7.0089,NaN,NaN,0,"CMOEA_AOP_DASCMOP5_N100_FE50000_run1_seed220901.mat"
"s08_role_separation","CMOEA-AOP","DASCMOP5","DAS-CMOP",100,50000,2,220902,50074,6.2805,NaN,NaN,0,"CMOEA_AOP_DASCMOP5_N100_FE50000_run2_seed220902.mat"
"s08_role_separation","CMOEA-AOP","DASCMOP5","DAS-CMOP",100,50000,3,220903,50144,6.8582,0.5368547467404208,0.06584652078587068,1,"CMOEA_AOP_DASCMOP5_N100_FE50000_run3_seed220903.mat"
"s08_role_separation","CMOEA-AOP","DASCMOP5","DAS-CMOP",100,50000,4,220904,50172,6.8688,0.3546440202935942,0.1399500116494865,1,"CMOEA_AOP_DASCMOP5_N100_FE50000_run4_seed220904.mat"
"s08_role_separation","CMOEA-AOP","DASCMOP5","DAS-CMOP",100,50000,5,220905,50076,6.7371,0.6385546434161744,0.04507797107412203,1,"CMOEA_AOP_DASCMOP5_N100_FE50000_run5_seed220905.mat"
"s08_role_separation","CMOEA-AOP","DASCMOP6","DAS-CMOP",100,50000,1,221001,50132,7.2649,0.8475904774050301,0.002531617025495547,1,"CMOEA_AOP_DASCMOP6_N100_FE50000_run1_seed221001.mat"
"s08_role_separation","CMOEA-AOP","DASCMOP6","DAS-CMOP",100,50000,2,221002,50140,10.1733,0.2747241706492146,0.1868928996673452,1,"CMOEA_AOP_DASCMOP6_N100_FE50000_run2_seed221002.mat"
"s08_role_separation","CMOEA-AOP","DASCMOP6","DAS-CMOP",100,50000,3,221003,50200,6.5843,0.4513039506647246,0.07639851853968316,1,"CMOEA_AOP_DASCMOP6_N100_FE50000_run3_seed221003.mat"
"s08_role_separation","CMOEA-AOP","DASCMOP6","DAS-CMOP",100,50000,4,221004,50084,7.0168,0.0194638888069177,0.3119976099091699,1,"CMOEA_AOP_DASCMOP6_N100_FE50000_run4_seed221004.mat"
"s08_role_separation","CMOEA-AOP","DASCMOP6","DAS-CMOP",100,50000,5,221005,50034,6.1668,NaN,NaN,0,"CMOEA_AOP_DASCMOP6_N100_FE50000_run5_seed221005.mat"
"s08_role_separation","CMOEA-AOP","DASCMOP7","DAS-CMOP",100,50000,1,221101,50090,40.1738,0.679377498039093,0.05262953637873189,1,"CMOEA_AOP_DASCMOP7_N100_FE50000_run1_seed221101.mat"
"s08_role_separation","CMOEA-AOP","DASCMOP7","DAS-CMOP",100,50000,2,221102,50014,41.7023,0.04513720796931717,0.2769971918306092,1,"CMOEA_AOP_DASCMOP7_N100_FE50000_run2_seed221102.mat"
"s08_role_separation","CMOEA-AOP","DASCMOP7","DAS-CMOP",100,50000,3,221103,50042,6.5564,NaN,NaN,0,"CMOEA_AOP_DASCMOP7_N100_FE50000_run3_seed221103.mat"
"s08_role_separation","CMOEA-AOP","DASCMOP7","DAS-CMOP",100,50000,4,221104,50128,11.3619,0.8645547240916351,0.01740627843571911,1,"CMOEA_AOP_DASCMOP7_N100_FE50000_run4_seed221104.mat"
"s08_role_separation","CMOEA-AOP","DASCMOP7","DAS-CMOP",100,50000,5,221105,50120,51.6742,0.5241347134778314,0.08937738345830457,1,"CMOEA_AOP_DASCMOP7_N100_FE50000_run5_seed221105.mat"
"s08_role_separation","CMOEA-AOP","DASCMOP8","DAS-CMOP",100,50000,1,221201,50174,12.3797,0.8028232845742822,0.0001788415278655032,1,"CMOEA_AOP_DASCMOP8_N100_FE50000_run1_seed221201.mat"
"s08_role_separation","CMOEA-AOP","DASCMOP8","DAS-CMOP",100,50000,2,221202,50134,54.3592,0.03958810863681569,0.2043626715823084,1,"CMOEA_AOP_DASCMOP8_N100_FE50000_run2_seed221202.mat"
"s08_role_separation","CMOEA-AOP","DASCMOP8","DAS-CMOP",100,50000,3,221203,50006,7.7254,1.025682100549099,0,1,"CMOEA_AOP_DASCMOP8_N100_FE50000_run3_seed221203.mat"
"s08_role_separation","CMOEA-AOP","DASCMOP8","DAS-CMOP",100,50000,4,221204,50044,32.6493,0.3610187802580145,0.04164852355940116,1,"CMOEA_AOP_DASCMOP8_N100_FE50000_run4_seed221204.mat"
"s08_role_separation","CMOEA-AOP","DASCMOP8","DAS-CMOP",100,50000,5,221205,50152,10.5589,0.5077151774413026,0.01699079525578428,1,"CMOEA_AOP_DASCMOP8_N100_FE50000_run5_seed221205.mat"
"s08_role_separation","CMOEA-AOP","DASCMOP9","DAS-CMOP",100,50000,1,221301,50154,61.962,0.0444062511178864,0.20356624566925,1,"CMOEA_AOP_DASCMOP9_N100_FE50000_run1_seed221301.mat"
"s08_role_separation","CMOEA-AOP","DASCMOP9","DAS-CMOP",100,50000,2,221302,50058,97.2008,0.05377694086440078,0.2029461269967276,1,"CMOEA_AOP_DASCMOP9_N100_FE50000_run2_seed221302.mat"
"s08_role_separation","CMOEA-AOP","DASCMOP9","DAS-CMOP",100,50000,3,221303,50108,94.2332,0.06243653631143141,0.2019442793124052,1,"CMOEA_AOP_DASCMOP9_N100_FE50000_run3_seed221303.mat"
"s08_role_separation","CMOEA-AOP","DASCMOP9","DAS-CMOP",100,50000,4,221304,50114,64.6652,0.04755208044009846,0.2028684836189094,1,"CMOEA_AOP_DASCMOP9_N100_FE50000_run4_seed221304.mat"
"s08_role_separation","CMOEA-AOP","DASCMOP9","DAS-CMOP",100,50000,5,221305,50016,64.8072,0.04444201336394651,0.2034495287996967,1,"CMOEA_AOP_DASCMOP9_N100_FE50000_run5_seed221305.mat"
"s08_role_separation","CMOEA-AOP","LIRCMOP10","LIR-CMOP",100,50000,1,220001,50104,18.5788,0.2211083006441037,0.5962477281540495,1,"CMOEA_AOP_LIRCMOP10_N100_FE50000_run1_seed220001.mat"
"s08_role_separation","CMOEA-AOP","LIRCMOP10","LIR-CMOP",100,50000,2,220002,50080,20.0456,0.2188607378196728,0.5961155286178479,1,"CMOEA_AOP_LIRCMOP10_N100_FE50000_run2_seed220002.mat"
"s08_role_separation","CMOEA-AOP","LIRCMOP10","LIR-CMOP",100,50000,3,220003,50092,15.8924,0.2643601858058182,0.5678563887690573,1,"CMOEA_AOP_LIRCMOP10_N100_FE50000_run3_seed220003.mat"
"s08_role_separation","CMOEA-AOP","LIRCMOP10","LIR-CMOP",100,50000,4,220004,50028,17.3402,0.2215895734239472,0.5950957683834457,1,"CMOEA_AOP_LIRCMOP10_N100_FE50000_run4_seed220004.mat"
"s08_role_separation","CMOEA-AOP","LIRCMOP10","LIR-CMOP",100,50000,5,220005,50014,17.3754,0.2385023008787933,0.588220322159975,1,"CMOEA_AOP_LIRCMOP10_N100_FE50000_run5_seed220005.mat"
"s08_role_separation","CMOEA-AOP","LIRCMOP11","LIR-CMOP",100,50000,1,220101,50170,15.0672,0.1437581390872899,0.6010161677838664,1,"CMOEA_AOP_LIRCMOP11_N100_FE50000_run1_seed220101.mat"
"s08_role_separation","CMOEA-AOP","LIRCMOP11","LIR-CMOP",100,50000,2,220102,50052,14.4052,0.01380815402952413,0.6853850644615781,1,"CMOEA_AOP_LIRCMOP11_N100_FE50000_run2_seed220102.mat"
"s08_role_separation","CMOEA-AOP","LIRCMOP11","LIR-CMOP",100,50000,3,220103,50134,18.9995,0.1481720205472195,0.5971988453479266,1,"CMOEA_AOP_LIRCMOP11_N100_FE50000_run3_seed220103.mat"
"s08_role_separation","CMOEA-AOP","LIRCMOP11","LIR-CMOP",100,50000,4,220104,50134,15.2625,0.02622427287766929,0.675824609073402,1,"CMOEA_AOP_LIRCMOP11_N100_FE50000_run4_seed220104.mat"
"s08_role_separation","CMOEA-AOP","LIRCMOP11","LIR-CMOP",100,50000,5,220105,50028,15.9563,0.1551881636359137,0.5925153702722928,1,"CMOEA_AOP_LIRCMOP11_N100_FE50000_run5_seed220105.mat"
"s08_role_separation","CMOEA-AOP","LIRCMOP12","LIR-CMOP",100,50000,1,220201,50086,8.6631,0.1599925017056031,0.5345646559404877,1,"CMOEA_AOP_LIRCMOP12_N100_FE50000_run1_seed220201.mat"
"s08_role_separation","CMOEA-AOP","LIRCMOP12","LIR-CMOP",100,50000,2,220202,50006,13.025,0.1813028874771767,0.5168485954552784,1,"CMOEA_AOP_LIRCMOP12_N100_FE50000_run2_seed220202.mat"
"s08_role_separation","CMOEA-AOP","LIRCMOP12","LIR-CMOP",100,50000,3,220203,50032,9.6732,0.3553515542343834,0.4057191384772062,1,"CMOEA_AOP_LIRCMOP12_N100_FE50000_run3_seed220203.mat"
"s08_role_separation","CMOEA-AOP","LIRCMOP12","LIR-CMOP",100,50000,4,220204,50052,12.1174,0.196430053564431,0.511421991754012,1,"CMOEA_AOP_LIRCMOP12_N100_FE50000_run4_seed220204.mat"
"s08_role_separation","CMOEA-AOP","LIRCMOP12","LIR-CMOP",100,50000,5,220205,50068,8.4218,0.1522507343108981,0.5371530458158721,1,"CMOEA_AOP_LIRCMOP12_N100_FE50000_run5_seed220205.mat"
"s08_role_separation","CMOEA-AOP","LIRCMOP13","LIR-CMOP",100,50000,1,220301,50118,62.3736,0.1080871947115922,0.5284481611563162,1,"CMOEA_AOP_LIRCMOP13_N100_FE50000_run1_seed220301.mat"
"s08_role_separation","CMOEA-AOP","LIRCMOP13","LIR-CMOP",100,50000,2,220302,50064,61.9687,0.1024130383583521,0.5363185322171685,1,"CMOEA_AOP_LIRCMOP13_N100_FE50000_run2_seed220302.mat"
"s08_role_separation","CMOEA-AOP","LIRCMOP13","LIR-CMOP",100,50000,3,220303,50076,64.1551,0.09736249037620896,0.541408301739803,1,"CMOEA_AOP_LIRCMOP13_N100_FE50000_run3_seed220303.mat"
"s08_role_separation","CMOEA-AOP","LIRCMOP13","LIR-CMOP",100,50000,4,220304,50090,62.3105,0.09459083921734251,0.5473963830229631,1,"CMOEA_AOP_LIRCMOP13_N100_FE50000_run4_seed220304.mat"
"s08_role_separation","CMOEA-AOP","LIRCMOP13","LIR-CMOP",100,50000,5,220305,50060,69.204,0.09495250762732355,0.5518397002380997,1,"CMOEA_AOP_LIRCMOP13_N100_FE50000_run5_seed220305.mat"
"s08_role_separation","CMOEA-AOP","LIRCMOP14","LIR-CMOP",100,50000,1,220401,50180,62.0943,0.09717477504103592,0.5489268094223168,1,"CMOEA_AOP_LIRCMOP14_N100_FE50000_run1_seed220401.mat"
"s08_role_separation","CMOEA-AOP","LIRCMOP14","LIR-CMOP",100,50000,2,220402,50098,61.331,0.09678939571909222,0.5532545563744529,1,"CMOEA_AOP_LIRCMOP14_N100_FE50000_run2_seed220402.mat"
"s08_role_separation","CMOEA-AOP","LIRCMOP14","LIR-CMOP",100,50000,3,220403,50132,62.9428,0.09733322156023864,0.5491245054893448,1,"CMOEA_AOP_LIRCMOP14_N100_FE50000_run3_seed220403.mat"
"s08_role_separation","CMOEA-AOP","LIRCMOP14","LIR-CMOP",100,50000,4,220404,50128,59.4389,0.09610990886167123,0.5500444733021007,1,"CMOEA_AOP_LIRCMOP14_N100_FE50000_run4_seed220404.mat"
"s08_role_separation","CMOEA-AOP","LIRCMOP14","LIR-CMOP",100,50000,5,220405,50120,62.5821,0.09849044560905394,0.5506437574070417,1,"CMOEA_AOP_LIRCMOP14_N100_FE50000_run5_seed220405.mat"
"s08_role_separation","CMOEA-AOP","LIRCMOP1","LIR-CMOP",100,50000,1,219101,50170,7.8342,0.2811078002853417,0.1412035955880078,1,"CMOEA_AOP_LIRCMOP1_N100_FE50000_run1_seed219101.mat"
"s08_role_separation","CMOEA-AOP","LIRCMOP1","LIR-CMOP",100,50000,2,219102,50208,7.4002,0.1781397675353051,0.1757240460986052,1,"CMOEA_AOP_LIRCMOP1_N100_FE50000_run2_seed219102.mat"
"s08_role_separation","CMOEA-AOP","LIRCMOP1","LIR-CMOP",100,50000,3,219103,50204,7.8545,0.272142387024247,0.1191820734039113,1,"CMOEA_AOP_LIRCMOP1_N100_FE50000_run3_seed219103.mat"
"s08_role_separation","CMOEA-AOP","LIRCMOP1","LIR-CMOP",100,50000,4,219104,50054,7.4527,0.2441631400799906,0.1389460410285529,1,"CMOEA_AOP_LIRCMOP1_N100_FE50000_run4_seed219104.mat"
"s08_role_separation","CMOEA-AOP","LIRCMOP1","LIR-CMOP",100,50000,5,219105,50062,8.2339,0.2511013521358878,0.1225967200601632,1,"CMOEA_AOP_LIRCMOP1_N100_FE50000_run5_seed219105.mat"
"s08_role_separation","CMOEA-AOP","LIRCMOP2","LIR-CMOP",100,50000,1,219201,50010,7.9234,0.1722876965991459,0.2884189049598246,1,"CMOEA_AOP_LIRCMOP2_N100_FE50000_run1_seed219201.mat"
"s08_role_separation","CMOEA-AOP","LIRCMOP2","LIR-CMOP",100,50000,2,219202,50018,9.1472,0.1155756321520247,0.2850303385161195,1,"CMOEA_AOP_LIRCMOP2_N100_FE50000_run2_seed219202.mat"
"s08_role_separation","CMOEA-AOP","LIRCMOP2","LIR-CMOP",100,50000,3,219203,50068,8.2933,0.06262433357699605,0.3137023392058906,1,"CMOEA_AOP_LIRCMOP2_N100_FE50000_run3_seed219203.mat"
"s08_role_separation","CMOEA-AOP","LIRCMOP2","LIR-CMOP",100,50000,4,219204,50008,7.4632,0.1864001798013928,0.2601181147412391,1,"CMOEA_AOP_LIRCMOP2_N100_FE50000_run4_seed219204.mat"
"s08_role_separation","CMOEA-AOP","LIRCMOP2","LIR-CMOP",100,50000,5,219205,50182,7.3718,0.1817277515529267,0.2707093166586185,1,"CMOEA_AOP_LIRCMOP2_N100_FE50000_run5_seed219205.mat"
"s08_role_separation","CMOEA-AOP","LIRCMOP3","LIR-CMOP",100,50000,1,219301,50010,7.9459,0.1663295549542114,0.1444662926624272,1,"CMOEA_AOP_LIRCMOP3_N100_FE50000_run1_seed219301.mat"
"s08_role_separation","CMOEA-AOP","LIRCMOP3","LIR-CMOP",100,50000,2,219302,50074,8.6693,0.08162893511969228,0.1696357382387175,1,"CMOEA_AOP_LIRCMOP3_N100_FE50000_run2_seed219302.mat"
"s08_role_separation","CMOEA-AOP","LIRCMOP3","LIR-CMOP",100,50000,3,219303,50072,7.8188,0.2287820011741445,0.1171766786616011,1,"CMOEA_AOP_LIRCMOP3_N100_FE50000_run3_seed219303.mat"
"s08_role_separation","CMOEA-AOP","LIRCMOP3","LIR-CMOP",100,50000,4,219304,50124,8.2987,0.2249755476105566,0.1227229611344419,1,"CMOEA_AOP_LIRCMOP3_N100_FE50000_run4_seed219304.mat"
"s08_role_separation","CMOEA-AOP","LIRCMOP3","LIR-CMOP",100,50000,5,219305,50022,8.5991,0.2746854679622067,0.1157563200151423,1,"CMOEA_AOP_LIRCMOP3_N100_FE50000_run5_seed219305.mat"
"s08_role_separation","CMOEA-AOP","LIRCMOP4","LIR-CMOP",100,50000,1,219401,50040,8.7824,0.1832425518894799,0.2490108553734253,1,"CMOEA_AOP_LIRCMOP4_N100_FE50000_run1_seed219401.mat"
"s08_role_separation","CMOEA-AOP","LIRCMOP4","LIR-CMOP",100,50000,2,219402,50088,11.0091,0.1658049237736025,0.2419915758255196,1,"CMOEA_AOP_LIRCMOP4_N100_FE50000_run2_seed219402.mat"
"s08_role_separation","CMOEA-AOP","LIRCMOP4","LIR-CMOP",100,50000,3,219403,50034,7.5073,0.2130852229623678,0.2206515110535919,1,"CMOEA_AOP_LIRCMOP4_N100_FE50000_run3_seed219403.mat"
"s08_role_separation","CMOEA-AOP","LIRCMOP4","LIR-CMOP",100,50000,4,219404,50110,8.0037,0.2594079266373944,0.2171608765275319,1,"CMOEA_AOP_LIRCMOP4_N100_FE50000_run4_seed219404.mat"
"s08_role_separation","CMOEA-AOP","LIRCMOP4","LIR-CMOP",100,50000,5,219405,50114,8.5673,0.1883796473673987,0.2265970841691856,1,"CMOEA_AOP_LIRCMOP4_N100_FE50000_run5_seed219405.mat"
"s08_role_separation","CMOEA-AOP","LIRCMOP5","LIR-CMOP",100,50000,1,219501,50030,13.8755,1.18421837629562,0,1,"CMOEA_AOP_LIRCMOP5_N100_FE50000_run1_seed219501.mat"
"s08_role_separation","CMOEA-AOP","LIRCMOP5","LIR-CMOP",100,50000,2,219502,50102,13.6637,1.180485990746972,0,1,"CMOEA_AOP_LIRCMOP5_N100_FE50000_run2_seed219502.mat"
"s08_role_separation","CMOEA-AOP","LIRCMOP5","LIR-CMOP",100,50000,3,219503,50190,13.0672,1.15039622579603,0,1,"CMOEA_AOP_LIRCMOP5_N100_FE50000_run3_seed219503.mat"
"s08_role_separation","CMOEA-AOP","LIRCMOP5","LIR-CMOP",100,50000,4,219504,50048,12.7137,0.3513646477019753,0.1299172898821307,1,"CMOEA_AOP_LIRCMOP5_N100_FE50000_run4_seed219504.mat"
"s08_role_separation","CMOEA-AOP","LIRCMOP5","LIR-CMOP",100,50000,5,219505,50070,15.1598,0.2396907500191298,0.1697144116476046,1,"CMOEA_AOP_LIRCMOP5_N100_FE50000_run5_seed219505.mat"
"s08_role_separation","CMOEA-AOP","LIRCMOP6","LIR-CMOP",100,50000,1,219601,50104,13.3202,0.3062208881500979,0.1262760178826481,1,"CMOEA_AOP_LIRCMOP6_N100_FE50000_run1_seed219601.mat"
"s08_role_separation","CMOEA-AOP","LIRCMOP6","LIR-CMOP",100,50000,2,219602,50068,14.2937,0.9276803737546914,0,1,"CMOEA_AOP_LIRCMOP6_N100_FE50000_run2_seed219602.mat"
"s08_role_separation","CMOEA-AOP","LIRCMOP6","LIR-CMOP",100,50000,3,219603,50008,14.3575,0.2337915137143289,0.1399961340056563,1,"CMOEA_AOP_LIRCMOP6_N100_FE50000_run3_seed219603.mat"
"s08_role_separation","CMOEA-AOP","LIRCMOP6","LIR-CMOP",100,50000,4,219604,50158,17.6719,0.1908235215008039,0.1507855403305446,1,"CMOEA_AOP_LIRCMOP6_N100_FE50000_run4_seed219604.mat"
"s08_role_separation","CMOEA-AOP","LIRCMOP6","LIR-CMOP",100,50000,5,219605,50042,13.6522,0.0596886255724666,0.1659740062132622,1,"CMOEA_AOP_LIRCMOP6_N100_FE50000_run5_seed219605.mat"
"s08_role_separation","CMOEA-AOP","LIRCMOP7","LIR-CMOP",100,50000,1,219701,50054,13.7268,0.01942629353918093,0.2883219148720868,1,"CMOEA_AOP_LIRCMOP7_N100_FE50000_run1_seed219701.mat"
"s08_role_separation","CMOEA-AOP","LIRCMOP7","LIR-CMOP",100,50000,2,219702,50196,13.3378,0.07213019245437016,0.2655843359840391,1,"CMOEA_AOP_LIRCMOP7_N100_FE50000_run2_seed219702.mat"
"s08_role_separation","CMOEA-AOP","LIRCMOP7","LIR-CMOP",100,50000,3,219703,50174,13.676,0.08791533893530624,0.2576952091235069,1,"CMOEA_AOP_LIRCMOP7_N100_FE50000_run3_seed219703.mat"
"s08_role_separation","CMOEA-AOP","LIRCMOP7","LIR-CMOP",100,50000,4,219704,50146,13.7508,0.01060752713159993,0.2925647243429791,1,"CMOEA_AOP_LIRCMOP7_N100_FE50000_run4_seed219704.mat"
"s08_role_separation","CMOEA-AOP","LIRCMOP7","LIR-CMOP",100,50000,5,219705,50020,13.3136,0.01879156797598173,0.288614045783294,1,"CMOEA_AOP_LIRCMOP7_N100_FE50000_run5_seed219705.mat"
"s08_role_separation","CMOEA-AOP","LIRCMOP8","LIR-CMOP",100,50000,1,219801,50206,13.441,0.08891372542065362,0.2595486142790784,1,"CMOEA_AOP_LIRCMOP8_N100_FE50000_run1_seed219801.mat"
"s08_role_separation","CMOEA-AOP","LIRCMOP8","LIR-CMOP",100,50000,2,219802,50186,13.256,0.009127498342837135,0.2933972680607537,1,"CMOEA_AOP_LIRCMOP8_N100_FE50000_run2_seed219802.mat"
"s08_role_separation","CMOEA-AOP","LIRCMOP8","LIR-CMOP",100,50000,3,219803,50042,13.8685,0.07568313324653236,0.2639583795804019,1,"CMOEA_AOP_LIRCMOP8_N100_FE50000_run3_seed219803.mat"
"s08_role_separation","CMOEA-AOP","LIRCMOP8","LIR-CMOP",100,50000,4,219804,50026,13.8789,0.0139970279134863,0.2908966944775402,1,"CMOEA_AOP_LIRCMOP8_N100_FE50000_run4_seed219804.mat"
"s08_role_separation","CMOEA-AOP","LIRCMOP8","LIR-CMOP",100,50000,5,219805,50074,13.6148,0.1402177199265896,0.2426145250193303,1,"CMOEA_AOP_LIRCMOP8_N100_FE50000_run5_seed219805.mat"
"s08_role_separation","CMOEA-AOP","LIRCMOP9","LIR-CMOP",100,50000,1,219901,50194,18.7155,0.416020425269695,0.3990025485353687,1,"CMOEA_AOP_LIRCMOP9_N100_FE50000_run1_seed219901.mat"
"s08_role_separation","CMOEA-AOP","LIRCMOP9","LIR-CMOP",100,50000,2,219902,50156,10.0248,0.4407576248161091,0.3860709663709358,1,"CMOEA_AOP_LIRCMOP9_N100_FE50000_run2_seed219902.mat"
"s08_role_separation","CMOEA-AOP","LIRCMOP9","LIR-CMOP",100,50000,3,219903,50006,16.8105,0.5101734152529337,0.3509219943665358,1,"CMOEA_AOP_LIRCMOP9_N100_FE50000_run3_seed219903.mat"
"s08_role_separation","CMOEA-AOP","LIRCMOP9","LIR-CMOP",100,50000,4,219904,50060,15.3875,0.508502071932464,0.3540175025758487,1,"CMOEA_AOP_LIRCMOP9_N100_FE50000_run4_seed219904.mat"
"s08_role_separation","CMOEA-AOP","LIRCMOP9","LIR-CMOP",100,50000,5,219905,50198,19.5251,0.5071831834246221,0.3563202585664743,1,"CMOEA_AOP_LIRCMOP9_N100_FE50000_run5_seed219905.mat"
"s08_role_separation","Dual-Role-Credit-AOP-v2","CF10","CF",100,50000,1,259001,50000,5.092,0.4468282701508979,0.1026224637158671,1,"Dual_Role_Credit_AOP_v2_CF10_N100_FE50000_run1_seed259001.mat"
"s08_role_separation","Dual-Role-Credit-AOP-v2","CF10","CF",100,50000,2,259002,50000,13.7975,0.2920360790099718,0.1988139825272295,1,"Dual_Role_Credit_AOP_v2_CF10_N100_FE50000_run2_seed259002.mat"
"s08_role_separation","Dual-Role-Credit-AOP-v2","CF10","CF",100,50000,3,259003,50000,7.0471,0.3537331546315842,0.1418556392880314,1,"Dual_Role_Credit_AOP_v2_CF10_N100_FE50000_run3_seed259003.mat"
"s08_role_separation","Dual-Role-Credit-AOP-v2","CF10","CF",100,50000,4,259004,50000,10.0644,0.3386366397958129,0.1475069232515541,1,"Dual_Role_Credit_AOP_v2_CF10_N100_FE50000_run4_seed259004.mat"
"s08_role_separation","Dual-Role-Credit-AOP-v2","CF10","CF",100,50000,5,259005,50000,6.244,0.3216021625943593,0.193609701609511,1,"Dual_Role_Credit_AOP_v2_CF10_N100_FE50000_run5_seed259005.mat"
"s08_role_separation","Dual-Role-Credit-AOP-v2","CF1","CF",100,50000,1,258101,50000,6.5561,0.005586647944540098,0.5593691619628488,1,"Dual_Role_Credit_AOP_v2_CF1_N100_FE50000_run1_seed258101.mat"
"s08_role_separation","Dual-Role-Credit-AOP-v2","CF1","CF",100,50000,2,258102,50000,5.4473,0.005352762501653921,0.5595475966193167,1,"Dual_Role_Credit_AOP_v2_CF1_N100_FE50000_run2_seed258102.mat"
"s08_role_separation","Dual-Role-Credit-AOP-v2","CF1","CF",100,50000,3,258103,50000,5.4454,0.004975172566709105,0.5600233208379003,1,"Dual_Role_Credit_AOP_v2_CF1_N100_FE50000_run3_seed258103.mat"
"s08_role_separation","Dual-Role-Credit-AOP-v2","CF1","CF",100,50000,4,258104,50000,5.6158,0.004675727732448751,0.5604505140015887,1,"Dual_Role_Credit_AOP_v2_CF1_N100_FE50000_run4_seed258104.mat"
"s08_role_separation","Dual-Role-Credit-AOP-v2","CF1","CF",100,50000,5,258105,50000,7.6878,0.004001728679496867,0.5612266919782153,1,"Dual_Role_Credit_AOP_v2_CF1_N100_FE50000_run5_seed258105.mat"
"s08_role_separation","Dual-Role-Credit-AOP-v2","CF2","CF",100,50000,1,258201,50000,5.1731,0.03341999640567717,0.6439155425174926,1,"Dual_Role_Credit_AOP_v2_CF2_N100_FE50000_run1_seed258201.mat"
"s08_role_separation","Dual-Role-Credit-AOP-v2","CF2","CF",100,50000,2,258202,50000,6.5935,0.02586731977981886,0.6380884251679225,1,"Dual_Role_Credit_AOP_v2_CF2_N100_FE50000_run2_seed258202.mat"
"s08_role_separation","Dual-Role-Credit-AOP-v2","CF2","CF",100,50000,3,258203,50000,5.1243,0.0288003491356373,0.6457810560567699,1,"Dual_Role_Credit_AOP_v2_CF2_N100_FE50000_run3_seed258203.mat"
"s08_role_separation","Dual-Role-Credit-AOP-v2","CF2","CF",100,50000,4,258204,50000,5.0352,0.03495346653761032,0.6462829930957779,1,"Dual_Role_Credit_AOP_v2_CF2_N100_FE50000_run4_seed258204.mat"
"s08_role_separation","Dual-Role-Credit-AOP-v2","CF2","CF",100,50000,5,258205,50000,4.9848,0.009856508036733016,0.669619670941745,1,"Dual_Role_Credit_AOP_v2_CF2_N100_FE50000_run5_seed258205.mat"
"s08_role_separation","Dual-Role-Credit-AOP-v2","CF3","CF",100,50000,1,258301,50000,5.0074,0.107869072201597,0.2308605285786528,1,"Dual_Role_Credit_AOP_v2_CF3_N100_FE50000_run1_seed258301.mat"
"s08_role_separation","Dual-Role-Credit-AOP-v2","CF3","CF",100,50000,2,258302,50000,4.7519,0.1047479393367301,0.2526888558049081,1,"Dual_Role_Credit_AOP_v2_CF3_N100_FE50000_run2_seed258302.mat"
"s08_role_separation","Dual-Role-Credit-AOP-v2","CF3","CF",100,50000,3,258303,50000,4.652,0.1187989632014811,0.3023887717125699,1,"Dual_Role_Credit_AOP_v2_CF3_N100_FE50000_run3_seed258303.mat"
"s08_role_separation","Dual-Role-Credit-AOP-v2","CF3","CF",100,50000,4,258304,50000,4.1912,0.2517022894665918,0.1840147283005856,1,"Dual_Role_Credit_AOP_v2_CF3_N100_FE50000_run4_seed258304.mat"
"s08_role_separation","Dual-Role-Credit-AOP-v2","CF3","CF",100,50000,5,258305,50000,4.1274,0.1269458622120338,0.2667310336510008,1,"Dual_Role_Credit_AOP_v2_CF3_N100_FE50000_run5_seed258305.mat"
"s08_role_separation","Dual-Role-Credit-AOP-v2","CF4","CF",100,50000,1,258401,50000,4.8939,0.04357346053017168,0.474507762142663,1,"Dual_Role_Credit_AOP_v2_CF4_N100_FE50000_run1_seed258401.mat"
"s08_role_separation","Dual-Role-Credit-AOP-v2","CF4","CF",100,50000,2,258402,50000,5.6561,0.06073015899326045,0.4534786152396978,1,"Dual_Role_Credit_AOP_v2_CF4_N100_FE50000_run2_seed258402.mat"
"s08_role_separation","Dual-Role-Credit-AOP-v2","CF4","CF",100,50000,3,258403,50000,5.1856,0.04997400377104608,0.4649581020061136,1,"Dual_Role_Credit_AOP_v2_CF4_N100_FE50000_run3_seed258403.mat"
"s08_role_separation","Dual-Role-Credit-AOP-v2","CF4","CF",100,50000,4,258404,50000,5.7866,0.06781726415239971,0.448337183589779,1,"Dual_Role_Credit_AOP_v2_CF4_N100_FE50000_run4_seed258404.mat"
"s08_role_separation","Dual-Role-Credit-AOP-v2","CF4","CF",100,50000,5,258405,50000,4.9013,0.04936832314207399,0.4666288253124574,1,"Dual_Role_Credit_AOP_v2_CF4_N100_FE50000_run5_seed258405.mat"
"s08_role_separation","Dual-Role-Credit-AOP-v2","CF5","CF",100,50000,1,258501,50000,5.248,0.1974395875296815,0.3846535644762524,1,"Dual_Role_Credit_AOP_v2_CF5_N100_FE50000_run1_seed258501.mat"
"s08_role_separation","Dual-Role-Credit-AOP-v2","CF5","CF",100,50000,2,258502,50000,5.3816,0.170455911098965,0.3702200724019845,1,"Dual_Role_Credit_AOP_v2_CF5_N100_FE50000_run2_seed258502.mat"
"s08_role_separation","Dual-Role-Credit-AOP-v2","CF5","CF",100,50000,3,258503,50000,5.4296,0.09992781750959354,0.4232221599838218,1,"Dual_Role_Credit_AOP_v2_CF5_N100_FE50000_run3_seed258503.mat"
"s08_role_separation","Dual-Role-Credit-AOP-v2","CF5","CF",100,50000,4,258504,50000,5.2511,0.08224840725563853,0.4362905650460278,1,"Dual_Role_Credit_AOP_v2_CF5_N100_FE50000_run4_seed258504.mat"
"s08_role_separation","Dual-Role-Credit-AOP-v2","CF5","CF",100,50000,5,258505,50000,6.9321,0.2600657825023839,0.3076031417252928,1,"Dual_Role_Credit_AOP_v2_CF5_N100_FE50000_run5_seed258505.mat"
"s08_role_separation","Dual-Role-Credit-AOP-v2","CF6","CF",100,50000,1,258601,50000,6.0316,0.07036602372503119,0.6325300891679086,1,"Dual_Role_Credit_AOP_v2_CF6_N100_FE50000_run1_seed258601.mat"
"s08_role_separation","Dual-Role-Credit-AOP-v2","CF6","CF",100,50000,2,258602,50000,5.9218,0.0479325833964999,0.6430736851199857,1,"Dual_Role_Credit_AOP_v2_CF6_N100_FE50000_run2_seed258602.mat"
"s08_role_separation","Dual-Role-Credit-AOP-v2","CF6","CF",100,50000,3,258603,50000,6.1798,0.03809858578101803,0.6590597805868408,1,"Dual_Role_Credit_AOP_v2_CF6_N100_FE50000_run3_seed258603.mat"
"s08_role_separation","Dual-Role-Credit-AOP-v2","CF6","CF",100,50000,4,258604,50000,9.115,0.04705396888154497,0.6472165812845164,1,"Dual_Role_Credit_AOP_v2_CF6_N100_FE50000_run4_seed258604.mat"
"s08_role_separation","Dual-Role-Credit-AOP-v2","CF6","CF",100,50000,5,258605,50000,6.0825,0.0392124960144976,0.658987857303852,1,"Dual_Role_Credit_AOP_v2_CF6_N100_FE50000_run5_seed258605.mat"
"s08_role_separation","Dual-Role-Credit-AOP-v2","CF7","CF",100,50000,1,258701,50000,6.0742,0.3146899142039246,0.4579979968891112,1,"Dual_Role_Credit_AOP_v2_CF7_N100_FE50000_run1_seed258701.mat"
"s08_role_separation","Dual-Role-Credit-AOP-v2","CF7","CF",100,50000,2,258702,50000,5.2542,0.2107342558822912,0.522494949253889,1,"Dual_Role_Credit_AOP_v2_CF7_N100_FE50000_run2_seed258702.mat"
"s08_role_separation","Dual-Role-Credit-AOP-v2","CF7","CF",100,50000,3,258703,50000,5.2404,0.1043175131265931,0.5674137222678848,1,"Dual_Role_Credit_AOP_v2_CF7_N100_FE50000_run3_seed258703.mat"
"s08_role_separation","Dual-Role-Credit-AOP-v2","CF7","CF",100,50000,4,258704,50000,5.6432,0.2588454748513697,0.4364267315597006,1,"Dual_Role_Credit_AOP_v2_CF7_N100_FE50000_run4_seed258704.mat"
"s08_role_separation","Dual-Role-Credit-AOP-v2","CF7","CF",100,50000,5,258705,50000,4.2567,0.1888523477058084,0.5342084420677974,1,"Dual_Role_Credit_AOP_v2_CF7_N100_FE50000_run5_seed258705.mat"
"s08_role_separation","Dual-Role-Credit-AOP-v2","CF8","CF",100,50000,1,258801,50000,4.2528,0.1554396177691447,0.366915258032522,1,"Dual_Role_Credit_AOP_v2_CF8_N100_FE50000_run1_seed258801.mat"
"s08_role_separation","Dual-Role-Credit-AOP-v2","CF8","CF",100,50000,2,258802,50000,6.2393,0.1563781901519579,0.3441718919332527,1,"Dual_Role_Credit_AOP_v2_CF8_N100_FE50000_run2_seed258802.mat"
"s08_role_separation","Dual-Role-Credit-AOP-v2","CF8","CF",100,50000,3,258803,50000,4.5686,0.1506822450941013,0.3639750098479987,1,"Dual_Role_Credit_AOP_v2_CF8_N100_FE50000_run3_seed258803.mat"
"s08_role_separation","Dual-Role-Credit-AOP-v2","CF8","CF",100,50000,4,258804,50000,4.9251,0.1745184770745776,0.3257155710185227,1,"Dual_Role_Credit_AOP_v2_CF8_N100_FE50000_run4_seed258804.mat"
"s08_role_separation","Dual-Role-Credit-AOP-v2","CF8","CF",100,50000,5,258805,50000,4.4795,0.1659491032037131,0.3385084390397852,1,"Dual_Role_Credit_AOP_v2_CF8_N100_FE50000_run5_seed258805.mat"
"s08_role_separation","Dual-Role-Credit-AOP-v2","CF9","CF",100,50000,1,258901,50000,8.4059,0.1058932425592496,0.4199139071556532,1,"Dual_Role_Credit_AOP_v2_CF9_N100_FE50000_run1_seed258901.mat"
"s08_role_separation","Dual-Role-Credit-AOP-v2","CF9","CF",100,50000,2,258902,50000,5.4798,0.09756108583874473,0.4201926694777596,1,"Dual_Role_Credit_AOP_v2_CF9_N100_FE50000_run2_seed258902.mat"
"s08_role_separation","Dual-Role-Credit-AOP-v2","CF9","CF",100,50000,3,258903,50000,9.1862,0.1086867000907709,0.4095097532565136,1,"Dual_Role_Credit_AOP_v2_CF9_N100_FE50000_run3_seed258903.mat"
"s08_role_separation","Dual-Role-Credit-AOP-v2","CF9","CF",100,50000,4,258904,50000,6.2188,0.09435469572298387,0.4225245701452634,1,"Dual_Role_Credit_AOP_v2_CF9_N100_FE50000_run4_seed258904.mat"
"s08_role_separation","Dual-Role-Credit-AOP-v2","CF9","CF",100,50000,5,258905,50000,6.1314,0.1008206554856298,0.4229403076651784,1,"Dual_Role_Credit_AOP_v2_CF9_N100_FE50000_run5_seed258905.mat"
"s08_role_separation","Dual-Role-Credit-AOP-v2","DASCMOP1","DAS-CMOP",100,50000,1,260501,50000,4.215,0.0117405959819154,0.2067989161001284,1,"Dual_Role_Credit_AOP_v2_DASCMOP1_N100_FE50000_run1_seed260501.mat"
"s08_role_separation","Dual-Role-Credit-AOP-v2","DASCMOP1","DAS-CMOP",100,50000,2,260502,50000,3.8716,0.008770536239478384,0.2075999062376591,1,"Dual_Role_Credit_AOP_v2_DASCMOP1_N100_FE50000_run2_seed260502.mat"
"s08_role_separation","Dual-Role-Credit-AOP-v2","DASCMOP1","DAS-CMOP",100,50000,3,260503,50000,3.8197,0.009257866199042323,0.2065643124199695,1,"Dual_Role_Credit_AOP_v2_DASCMOP1_N100_FE50000_run3_seed260503.mat"
"s08_role_separation","Dual-Role-Credit-AOP-v2","DASCMOP1","DAS-CMOP",100,50000,4,260504,50000,3.922,0.007604459421661911,0.2087294602882897,1,"Dual_Role_Credit_AOP_v2_DASCMOP1_N100_FE50000_run4_seed260504.mat"
"s08_role_separation","Dual-Role-Credit-AOP-v2","DASCMOP1","DAS-CMOP",100,50000,5,260505,50000,4.3173,0.008374233695549488,0.2067660796667328,1,"Dual_Role_Credit_AOP_v2_DASCMOP1_N100_FE50000_run5_seed260505.mat"
"s08_role_separation","Dual-Role-Credit-AOP-v2","DASCMOP2","DAS-CMOP",100,50000,1,260601,50000,3.4705,0.008439946350421432,0.3525093426135784,1,"Dual_Role_Credit_AOP_v2_DASCMOP2_N100_FE50000_run1_seed260601.mat"
"s08_role_separation","Dual-Role-Credit-AOP-v2","DASCMOP2","DAS-CMOP",100,50000,2,260602,50000,4.1603,0.007618520286921474,0.3525987859034917,1,"Dual_Role_Credit_AOP_v2_DASCMOP2_N100_FE50000_run2_seed260602.mat"
"s08_role_separation","Dual-Role-Credit-AOP-v2","DASCMOP2","DAS-CMOP",100,50000,3,260603,50000,3.5651,0.008093000066004028,0.3524307803049406,1,"Dual_Role_Credit_AOP_v2_DASCMOP2_N100_FE50000_run3_seed260603.mat"
"s08_role_separation","Dual-Role-Credit-AOP-v2","DASCMOP2","DAS-CMOP",100,50000,4,260604,50000,3.5649,0.008649843174063787,0.352438358590773,1,"Dual_Role_Credit_AOP_v2_DASCMOP2_N100_FE50000_run4_seed260604.mat"
"s08_role_separation","Dual-Role-Credit-AOP-v2","DASCMOP2","DAS-CMOP",100,50000,5,260605,50000,3.9941,0.007903816661650504,0.3524089213766207,1,"Dual_Role_Credit_AOP_v2_DASCMOP2_N100_FE50000_run5_seed260605.mat"
"s08_role_separation","Dual-Role-Credit-AOP-v2","DASCMOP3","DAS-CMOP",100,50000,1,260701,50000,3.9436,0.02433445836231017,0.3045669211076319,1,"Dual_Role_Credit_AOP_v2_DASCMOP3_N100_FE50000_run1_seed260701.mat"
"s08_role_separation","Dual-Role-Credit-AOP-v2","DASCMOP3","DAS-CMOP",100,50000,2,260702,50000,3.5534,0.05100378831479307,0.2857788594185379,1,"Dual_Role_Credit_AOP_v2_DASCMOP3_N100_FE50000_run2_seed260702.mat"
"s08_role_separation","Dual-Role-Credit-AOP-v2","DASCMOP3","DAS-CMOP",100,50000,3,260703,50000,3.9021,0.02004482730737843,0.3105963389023311,1,"Dual_Role_Credit_AOP_v2_DASCMOP3_N100_FE50000_run3_seed260703.mat"
"s08_role_separation","Dual-Role-Credit-AOP-v2","DASCMOP3","DAS-CMOP",100,50000,4,260704,50000,3.5162,0.02396578080555088,0.3039012819555019,1,"Dual_Role_Credit_AOP_v2_DASCMOP3_N100_FE50000_run4_seed260704.mat"
"s08_role_separation","Dual-Role-Credit-AOP-v2","DASCMOP3","DAS-CMOP",100,50000,5,260705,50000,3.4026,0.02089723847842145,0.3088318547688025,1,"Dual_Role_Credit_AOP_v2_DASCMOP3_N100_FE50000_run5_seed260705.mat"
"s08_role_separation","Dual-Role-Credit-AOP-v2","DASCMOP4","DAS-CMOP",100,50000,1,260801,50000,3.4991,0.4326230875622323,0.04383496834642817,1,"Dual_Role_Credit_AOP_v2_DASCMOP4_N100_FE50000_run1_seed260801.mat"
"s08_role_separation","Dual-Role-Credit-AOP-v2","DASCMOP4","DAS-CMOP",100,50000,2,260802,50000,3.7473,0.427110614207929,0.0412608651648616,1,"Dual_Role_Credit_AOP_v2_DASCMOP4_N100_FE50000_run2_seed260802.mat"
"s08_role_separation","Dual-Role-Credit-AOP-v2","DASCMOP4","DAS-CMOP",100,50000,3,260803,50000,3.2899,1.10931579237921,0,0.01,"Dual_Role_Credit_AOP_v2_DASCMOP4_N100_FE50000_run3_seed260803.mat"
"s08_role_separation","Dual-Role-Credit-AOP-v2","DASCMOP4","DAS-CMOP",100,50000,4,260804,50000,3.5425,0.547495462004134,0.01359281462712026,1,"Dual_Role_Credit_AOP_v2_DASCMOP4_N100_FE50000_run4_seed260804.mat"
"s08_role_separation","Dual-Role-Credit-AOP-v2","DASCMOP4","DAS-CMOP",100,50000,5,260805,50000,3.6488,0.8568854696193581,0,1,"Dual_Role_Credit_AOP_v2_DASCMOP4_N100_FE50000_run5_seed260805.mat"
"s08_role_separation","Dual-Role-Credit-AOP-v2","DASCMOP5","DAS-CMOP",100,50000,1,260901,50000,3.715,0.2526756040257515,0.1875693475618352,1,"Dual_Role_Credit_AOP_v2_DASCMOP5_N100_FE50000_run1_seed260901.mat"
"s08_role_separation","Dual-Role-Credit-AOP-v2","DASCMOP5","DAS-CMOP",100,50000,2,260902,50000,3.6086,0.04397255541221332,0.3189526922197711,1,"Dual_Role_Credit_AOP_v2_DASCMOP5_N100_FE50000_run2_seed260902.mat"
"s08_role_separation","Dual-Role-Credit-AOP-v2","DASCMOP5","DAS-CMOP",100,50000,3,260903,50000,3.7091,0.08153283969493785,0.2992873855090117,1,"Dual_Role_Credit_AOP_v2_DASCMOP5_N100_FE50000_run3_seed260903.mat"
"s08_role_separation","Dual-Role-Credit-AOP-v2","DASCMOP5","DAS-CMOP",100,50000,4,260904,50000,3.3235,0.4310030343591574,0.09798161827763993,1,"Dual_Role_Credit_AOP_v2_DASCMOP5_N100_FE50000_run4_seed260904.mat"
"s08_role_separation","Dual-Role-Credit-AOP-v2","DASCMOP5","DAS-CMOP",100,50000,5,260905,50000,3.6302,0.4802070866389953,0.07998963621932564,1,"Dual_Role_Credit_AOP_v2_DASCMOP5_N100_FE50000_run5_seed260905.mat"
"s08_role_separation","Dual-Role-Credit-AOP-v2","DASCMOP6","DAS-CMOP",100,50000,1,261001,50000,3.548,0.5477250504006264,0.04666967589972228,1,"Dual_Role_Credit_AOP_v2_DASCMOP6_N100_FE50000_run1_seed261001.mat"
"s08_role_separation","Dual-Role-Credit-AOP-v2","DASCMOP6","DAS-CMOP",100,50000,2,261002,50000,3.5391,0.5089095639880243,0.05760534641980186,1,"Dual_Role_Credit_AOP_v2_DASCMOP6_N100_FE50000_run2_seed261002.mat"
"s08_role_separation","Dual-Role-Credit-AOP-v2","DASCMOP6","DAS-CMOP",100,50000,3,261003,50000,3.6616,0.4952179533810642,0.06098388116817621,1,"Dual_Role_Credit_AOP_v2_DASCMOP6_N100_FE50000_run3_seed261003.mat"
"s08_role_separation","Dual-Role-Credit-AOP-v2","DASCMOP6","DAS-CMOP",100,50000,4,261004,50000,3.6016,0.4788114316348193,0.06523585897714893,1,"Dual_Role_Credit_AOP_v2_DASCMOP6_N100_FE50000_run4_seed261004.mat"
"s08_role_separation","Dual-Role-Credit-AOP-v2","DASCMOP6","DAS-CMOP",100,50000,5,261005,50000,3.3815,0.5610025183155196,0.04414892768898862,1,"Dual_Role_Credit_AOP_v2_DASCMOP6_N100_FE50000_run5_seed261005.mat"
"s08_role_separation","Dual-Role-Credit-AOP-v2","DASCMOP7","DAS-CMOP",100,50000,1,261101,50000,4.1478,0.1519709077837448,0.2248098315041734,1,"Dual_Role_Credit_AOP_v2_DASCMOP7_N100_FE50000_run1_seed261101.mat"
"s08_role_separation","Dual-Role-Credit-AOP-v2","DASCMOP7","DAS-CMOP",100,50000,2,261102,50000,3.5568,0.5030138079940434,0.07719926461958977,1,"Dual_Role_Credit_AOP_v2_DASCMOP7_N100_FE50000_run2_seed261102.mat"
"s08_role_separation","Dual-Role-Credit-AOP-v2","DASCMOP7","DAS-CMOP",100,50000,3,261103,50000,3.7785,0.5859615828206732,0.06579151074226354,1,"Dual_Role_Credit_AOP_v2_DASCMOP7_N100_FE50000_run3_seed261103.mat"
"s08_role_separation","Dual-Role-Credit-AOP-v2","DASCMOP7","DAS-CMOP",100,50000,4,261104,50000,3.9142,0.9324144752459564,0.01100404009714543,1,"Dual_Role_Credit_AOP_v2_DASCMOP7_N100_FE50000_run4_seed261104.mat"
"s08_role_separation","Dual-Role-Credit-AOP-v2","DASCMOP7","DAS-CMOP",100,50000,5,261105,50000,4.6689,0.6022991428921883,0.05773636303431374,1,"Dual_Role_Credit_AOP_v2_DASCMOP7_N100_FE50000_run5_seed261105.mat"
"s08_role_separation","Dual-Role-Credit-AOP-v2","DASCMOP8","DAS-CMOP",100,50000,1,261201,50000,4.1223,0.09264689210244718,0.1760673694769624,1,"Dual_Role_Credit_AOP_v2_DASCMOP8_N100_FE50000_run1_seed261201.mat"
"s08_role_separation","Dual-Role-Credit-AOP-v2","DASCMOP8","DAS-CMOP",100,50000,2,261202,50000,4.7481,0.06667366066625428,0.1963372586582548,1,"Dual_Role_Credit_AOP_v2_DASCMOP8_N100_FE50000_run2_seed261202.mat"
"s08_role_separation","Dual-Role-Credit-AOP-v2","DASCMOP8","DAS-CMOP",100,50000,3,261203,50000,3.9234,0.5275645875111732,0.01090799036614886,1,"Dual_Role_Credit_AOP_v2_DASCMOP8_N100_FE50000_run3_seed261203.mat"
"s08_role_separation","Dual-Role-Credit-AOP-v2","DASCMOP8","DAS-CMOP",100,50000,4,261204,50000,4.2655,0.6662362043011399,0.0005354301289975267,1,"Dual_Role_Credit_AOP_v2_DASCMOP8_N100_FE50000_run4_seed261204.mat"
"s08_role_separation","Dual-Role-Credit-AOP-v2","DASCMOP8","DAS-CMOP",100,50000,5,261205,50000,3.6438,0.5874277201817941,0.004638224054556515,1,"Dual_Role_Credit_AOP_v2_DASCMOP8_N100_FE50000_run5_seed261205.mat"
"s08_role_separation","Dual-Role-Credit-AOP-v2","DASCMOP9","DAS-CMOP",100,50000,1,261301,50000,4.6699,0.05162054556135984,0.20204804816856,1,"Dual_Role_Credit_AOP_v2_DASCMOP9_N100_FE50000_run1_seed261301.mat"
"s08_role_separation","Dual-Role-Credit-AOP-v2","DASCMOP9","DAS-CMOP",100,50000,2,261302,50000,4.0488,0.045367001798511,0.2045204254585088,1,"Dual_Role_Credit_AOP_v2_DASCMOP9_N100_FE50000_run2_seed261302.mat"
"s08_role_separation","Dual-Role-Credit-AOP-v2","DASCMOP9","DAS-CMOP",100,50000,3,261303,50000,4.6513,0.05276209433749034,0.2030614526282009,1,"Dual_Role_Credit_AOP_v2_DASCMOP9_N100_FE50000_run3_seed261303.mat"
"s08_role_separation","Dual-Role-Credit-AOP-v2","DASCMOP9","DAS-CMOP",100,50000,4,261304,50000,3.8876,0.04995197625839393,0.2030352098155305,1,"Dual_Role_Credit_AOP_v2_DASCMOP9_N100_FE50000_run4_seed261304.mat"
"s08_role_separation","Dual-Role-Credit-AOP-v2","DASCMOP9","DAS-CMOP",100,50000,5,261305,50000,3.9557,0.05164141127573606,0.2031786817192978,1,"Dual_Role_Credit_AOP_v2_DASCMOP9_N100_FE50000_run5_seed261305.mat"
"s08_role_separation","Dual-Role-Credit-AOP-v2","LIRCMOP10","LIR-CMOP",100,50000,1,260001,50000,6.8933,0.1639917099512436,0.6288427507712685,1,"Dual_Role_Credit_AOP_v2_LIRCMOP10_N100_FE50000_run1_seed260001.mat"
"s08_role_separation","Dual-Role-Credit-AOP-v2","LIRCMOP10","LIR-CMOP",100,50000,2,260002,50000,10.4328,0.2289362338652356,0.5899129479553844,1,"Dual_Role_Credit_AOP_v2_LIRCMOP10_N100_FE50000_run2_seed260002.mat"
"s08_role_separation","Dual-Role-Credit-AOP-v2","LIRCMOP10","LIR-CMOP",100,50000,3,260003,50000,6.3708,0.21949779312406,0.5941946033875087,1,"Dual_Role_Credit_AOP_v2_LIRCMOP10_N100_FE50000_run3_seed260003.mat"
"s08_role_separation","Dual-Role-Credit-AOP-v2","LIRCMOP10","LIR-CMOP",100,50000,4,260004,50000,7.0751,0.2265050490757444,0.5929842300805624,1,"Dual_Role_Credit_AOP_v2_LIRCMOP10_N100_FE50000_run4_seed260004.mat"
"s08_role_separation","Dual-Role-Credit-AOP-v2","LIRCMOP10","LIR-CMOP",100,50000,5,260005,50000,6.8075,0.2313655528133614,0.58386154328824,1,"Dual_Role_Credit_AOP_v2_LIRCMOP10_N100_FE50000_run5_seed260005.mat"
"s08_role_separation","Dual-Role-Credit-AOP-v2","LIRCMOP11","LIR-CMOP",100,50000,1,260101,50000,8.9876,0.1448161379948273,0.6001304759876357,1,"Dual_Role_Credit_AOP_v2_LIRCMOP11_N100_FE50000_run1_seed260101.mat"
"s08_role_separation","Dual-Role-Credit-AOP-v2","LIRCMOP11","LIR-CMOP",100,50000,2,260102,50000,5.294,0.143502920992457,0.6013486164948122,1,"Dual_Role_Credit_AOP_v2_LIRCMOP11_N100_FE50000_run2_seed260102.mat"
"s08_role_separation","Dual-Role-Credit-AOP-v2","LIRCMOP11","LIR-CMOP",100,50000,3,260103,50000,7.4947,0.02614853290494685,0.6772041984399616,1,"Dual_Role_Credit_AOP_v2_LIRCMOP11_N100_FE50000_run3_seed260103.mat"
"s08_role_separation","Dual-Role-Credit-AOP-v2","LIRCMOP11","LIR-CMOP",100,50000,4,260104,50000,6.1237,0.1438203898469763,0.6008974539839916,1,"Dual_Role_Credit_AOP_v2_LIRCMOP11_N100_FE50000_run4_seed260104.mat"
"s08_role_separation","Dual-Role-Credit-AOP-v2","LIRCMOP11","LIR-CMOP",100,50000,5,260105,50000,5.597,0.08073961103236063,0.650272323535327,1,"Dual_Role_Credit_AOP_v2_LIRCMOP11_N100_FE50000_run5_seed260105.mat"
"s08_role_separation","Dual-Role-Credit-AOP-v2","LIRCMOP12","LIR-CMOP",100,50000,1,260201,50000,4.1,0.1697047279216284,0.5233828883018858,1,"Dual_Role_Credit_AOP_v2_LIRCMOP12_N100_FE50000_run1_seed260201.mat"
"s08_role_separation","Dual-Role-Credit-AOP-v2","LIRCMOP12","LIR-CMOP",100,50000,2,260202,50000,4.6677,0.1626274529645852,0.5292299304194,1,"Dual_Role_Credit_AOP_v2_LIRCMOP12_N100_FE50000_run2_seed260202.mat"
"s08_role_separation","Dual-Role-Credit-AOP-v2","LIRCMOP12","LIR-CMOP",100,50000,3,260203,50000,5.6998,0.2066919738151908,0.4983524017278392,1,"Dual_Role_Credit_AOP_v2_LIRCMOP12_N100_FE50000_run3_seed260203.mat"
"s08_role_separation","Dual-Role-Credit-AOP-v2","LIRCMOP12","LIR-CMOP",100,50000,4,260204,50000,4.4425,0.1678476734668345,0.5290405676319008,1,"Dual_Role_Credit_AOP_v2_LIRCMOP12_N100_FE50000_run4_seed260204.mat"
"s08_role_separation","Dual-Role-Credit-AOP-v2","LIRCMOP12","LIR-CMOP",100,50000,5,260205,50000,4.7205,0.1717932936731574,0.5244239485910558,1,"Dual_Role_Credit_AOP_v2_LIRCMOP12_N100_FE50000_run5_seed260205.mat"
"s08_role_separation","Dual-Role-Credit-AOP-v2","LIRCMOP13","LIR-CMOP",100,50000,1,260301,50000,9.8182,0.09743635919260413,0.5394715495949697,1,"Dual_Role_Credit_AOP_v2_LIRCMOP13_N100_FE50000_run1_seed260301.mat"
"s08_role_separation","Dual-Role-Credit-AOP-v2","LIRCMOP13","LIR-CMOP",100,50000,2,260302,50000,9.7496,0.09881388536471788,0.5419315182089395,1,"Dual_Role_Credit_AOP_v2_LIRCMOP13_N100_FE50000_run2_seed260302.mat"
"s08_role_separation","Dual-Role-Credit-AOP-v2","LIRCMOP13","LIR-CMOP",100,50000,3,260303,50000,19.06,0.09969893793890984,0.5374604842814679,1,"Dual_Role_Credit_AOP_v2_LIRCMOP13_N100_FE50000_run3_seed260303.mat"
"s08_role_separation","Dual-Role-Credit-AOP-v2","LIRCMOP13","LIR-CMOP",100,50000,4,260304,50000,9.5675,0.09788792779618145,0.5410044715182576,1,"Dual_Role_Credit_AOP_v2_LIRCMOP13_N100_FE50000_run4_seed260304.mat"
"s08_role_separation","Dual-Role-Credit-AOP-v2","LIRCMOP13","LIR-CMOP",100,50000,5,260305,50000,18.6581,0.09830448305781185,0.5392030474813354,1,"Dual_Role_Credit_AOP_v2_LIRCMOP13_N100_FE50000_run5_seed260305.mat"
"s08_role_separation","Dual-Role-Credit-AOP-v2","LIRCMOP14","LIR-CMOP",100,50000,1,260401,50000,8.3366,0.09764787253890328,0.5521586600988185,1,"Dual_Role_Credit_AOP_v2_LIRCMOP14_N100_FE50000_run1_seed260401.mat"
"s08_role_separation","Dual-Role-Credit-AOP-v2","LIRCMOP14","LIR-CMOP",100,50000,2,260402,50000,8.4294,0.09779366661857207,0.5511857322582229,1,"Dual_Role_Credit_AOP_v2_LIRCMOP14_N100_FE50000_run2_seed260402.mat"
"s08_role_separation","Dual-Role-Credit-AOP-v2","LIRCMOP14","LIR-CMOP",100,50000,3,260403,50000,8.5525,0.09821795111945832,0.5502992623149872,1,"Dual_Role_Credit_AOP_v2_LIRCMOP14_N100_FE50000_run3_seed260403.mat"
"s08_role_separation","Dual-Role-Credit-AOP-v2","LIRCMOP14","LIR-CMOP",100,50000,4,260404,50000,14.8982,0.09639804467152122,0.5484555005993763,1,"Dual_Role_Credit_AOP_v2_LIRCMOP14_N100_FE50000_run4_seed260404.mat"
"s08_role_separation","Dual-Role-Credit-AOP-v2","LIRCMOP14","LIR-CMOP",100,50000,5,260405,50000,7.721,0.09837854938811519,0.5501177519459159,1,"Dual_Role_Credit_AOP_v2_LIRCMOP14_N100_FE50000_run5_seed260405.mat"
"s08_role_separation","Dual-Role-Credit-AOP-v2","LIRCMOP1","LIR-CMOP",100,50000,1,259101,50000,3.6678,0.2281882851916817,0.1459873299113617,1,"Dual_Role_Credit_AOP_v2_LIRCMOP1_N100_FE50000_run1_seed259101.mat"
"s08_role_separation","Dual-Role-Credit-AOP-v2","LIRCMOP1","LIR-CMOP",100,50000,2,259102,50000,3.8126,0.2057681125901285,0.1534314448786609,1,"Dual_Role_Credit_AOP_v2_LIRCMOP1_N100_FE50000_run2_seed259102.mat"
"s08_role_separation","Dual-Role-Credit-AOP-v2","LIRCMOP1","LIR-CMOP",100,50000,3,259103,50000,4.1754,0.2833541018840366,0.1121913840455075,1,"Dual_Role_Credit_AOP_v2_LIRCMOP1_N100_FE50000_run3_seed259103.mat"
"s08_role_separation","Dual-Role-Credit-AOP-v2","LIRCMOP1","LIR-CMOP",100,50000,4,259104,50000,3.6658,0.2661701974048684,0.1186417024838595,1,"Dual_Role_Credit_AOP_v2_LIRCMOP1_N100_FE50000_run4_seed259104.mat"
"s08_role_separation","Dual-Role-Credit-AOP-v2","LIRCMOP1","LIR-CMOP",100,50000,5,259105,50000,4.1963,0.2791879148562422,0.1140781736894114,1,"Dual_Role_Credit_AOP_v2_LIRCMOP1_N100_FE50000_run5_seed259105.mat"
"s08_role_separation","Dual-Role-Credit-AOP-v2","LIRCMOP2","LIR-CMOP",100,50000,1,259201,50000,3.9499,0.2502000981623147,0.2355868888609934,1,"Dual_Role_Credit_AOP_v2_LIRCMOP2_N100_FE50000_run1_seed259201.mat"
"s08_role_separation","Dual-Role-Credit-AOP-v2","LIRCMOP2","LIR-CMOP",100,50000,2,259202,50000,4.0989,0.1903935475380659,0.2467559730863769,1,"Dual_Role_Credit_AOP_v2_LIRCMOP2_N100_FE50000_run2_seed259202.mat"
"s08_role_separation","Dual-Role-Credit-AOP-v2","LIRCMOP2","LIR-CMOP",100,50000,3,259203,50000,3.9608,0.1312476657902312,0.3046045431208353,1,"Dual_Role_Credit_AOP_v2_LIRCMOP2_N100_FE50000_run3_seed259203.mat"
"s08_role_separation","Dual-Role-Credit-AOP-v2","LIRCMOP2","LIR-CMOP",100,50000,4,259204,50000,4.6956,0.2443373910401053,0.2433059625287672,1,"Dual_Role_Credit_AOP_v2_LIRCMOP2_N100_FE50000_run4_seed259204.mat"
"s08_role_separation","Dual-Role-Credit-AOP-v2","LIRCMOP2","LIR-CMOP",100,50000,5,259205,50000,4.1745,0.1485945798118139,0.276953951288037,1,"Dual_Role_Credit_AOP_v2_LIRCMOP2_N100_FE50000_run5_seed259205.mat"
"s08_role_separation","Dual-Role-Credit-AOP-v2","LIRCMOP3","LIR-CMOP",100,50000,1,259301,50000,5.0251,0.2824207986013254,0.1056451707476726,1,"Dual_Role_Credit_AOP_v2_LIRCMOP3_N100_FE50000_run1_seed259301.mat"
"s08_role_separation","Dual-Role-Credit-AOP-v2","LIRCMOP3","LIR-CMOP",100,50000,2,259302,50000,3.7773,0.2706673836746222,0.1077272228013295,1,"Dual_Role_Credit_AOP_v2_LIRCMOP3_N100_FE50000_run2_seed259302.mat"
"s08_role_separation","Dual-Role-Credit-AOP-v2","LIRCMOP3","LIR-CMOP",100,50000,3,259303,50000,4.0462,0.2727595675201986,0.1068594571187007,1,"Dual_Role_Credit_AOP_v2_LIRCMOP3_N100_FE50000_run3_seed259303.mat"
"s08_role_separation","Dual-Role-Credit-AOP-v2","LIRCMOP3","LIR-CMOP",100,50000,4,259304,50000,3.9011,0.2137473044942275,0.1277344556741953,1,"Dual_Role_Credit_AOP_v2_LIRCMOP3_N100_FE50000_run4_seed259304.mat"
"s08_role_separation","Dual-Role-Credit-AOP-v2","LIRCMOP3","LIR-CMOP",100,50000,5,259305,50000,4.741,0.2872027414138767,0.1122348794026361,1,"Dual_Role_Credit_AOP_v2_LIRCMOP3_N100_FE50000_run5_seed259305.mat"
"s08_role_separation","Dual-Role-Credit-AOP-v2","LIRCMOP4","LIR-CMOP",100,50000,1,259401,50000,3.9216,0.312436094391263,0.1936920738534923,1,"Dual_Role_Credit_AOP_v2_LIRCMOP4_N100_FE50000_run1_seed259401.mat"
"s08_role_separation","Dual-Role-Credit-AOP-v2","LIRCMOP4","LIR-CMOP",100,50000,2,259402,50000,4.617,0.1512891035386379,0.2514480958912266,1,"Dual_Role_Credit_AOP_v2_LIRCMOP4_N100_FE50000_run2_seed259402.mat"
"s08_role_separation","Dual-Role-Credit-AOP-v2","LIRCMOP4","LIR-CMOP",100,50000,3,259403,50000,3.9845,0.255808953397308,0.2075516747603034,1,"Dual_Role_Credit_AOP_v2_LIRCMOP4_N100_FE50000_run3_seed259403.mat"
"s08_role_separation","Dual-Role-Credit-AOP-v2","LIRCMOP4","LIR-CMOP",100,50000,4,259404,50000,3.915,0.2646525369442315,0.2032999449057255,1,"Dual_Role_Credit_AOP_v2_LIRCMOP4_N100_FE50000_run4_seed259404.mat"
"s08_role_separation","Dual-Role-Credit-AOP-v2","LIRCMOP4","LIR-CMOP",100,50000,5,259405,50000,3.8453,0.262751186697732,0.2072826469487775,1,"Dual_Role_Credit_AOP_v2_LIRCMOP4_N100_FE50000_run5_seed259405.mat"
"s08_role_separation","Dual-Role-Credit-AOP-v2","LIRCMOP5","LIR-CMOP",100,50000,1,259501,50000,4.3389,1.176304802060473,0,1,"Dual_Role_Credit_AOP_v2_LIRCMOP5_N100_FE50000_run1_seed259501.mat"
"s08_role_separation","Dual-Role-Credit-AOP-v2","LIRCMOP5","LIR-CMOP",100,50000,2,259502,50000,3.9175,1.188350898362553,0,1,"Dual_Role_Credit_AOP_v2_LIRCMOP5_N100_FE50000_run2_seed259502.mat"
"s08_role_separation","Dual-Role-Credit-AOP-v2","LIRCMOP5","LIR-CMOP",100,50000,3,259503,50000,7.3508,0.1183629131648676,0.2147827240590117,1,"Dual_Role_Credit_AOP_v2_LIRCMOP5_N100_FE50000_run3_seed259503.mat"
"s08_role_separation","Dual-Role-Credit-AOP-v2","LIRCMOP5","LIR-CMOP",100,50000,4,259504,50000,3.6879,0.3285326061248288,0.1342143766566969,1,"Dual_Role_Credit_AOP_v2_LIRCMOP5_N100_FE50000_run4_seed259504.mat"
"s08_role_separation","Dual-Role-Credit-AOP-v2","LIRCMOP5","LIR-CMOP",100,50000,5,259505,50000,4.019,0.1516117478027339,0.2008326549388731,1,"Dual_Role_Credit_AOP_v2_LIRCMOP5_N100_FE50000_run5_seed259505.mat"
"s08_role_separation","Dual-Role-Credit-AOP-v2","LIRCMOP6","LIR-CMOP",100,50000,1,259601,50000,4.2376,0.09503668238592358,0.1667554581387736,1,"Dual_Role_Credit_AOP_v2_LIRCMOP6_N100_FE50000_run1_seed259601.mat"
"s08_role_separation","Dual-Role-Credit-AOP-v2","LIRCMOP6","LIR-CMOP",100,50000,2,259602,50000,5.6294,0.1312138446122301,0.1680070067589634,1,"Dual_Role_Credit_AOP_v2_LIRCMOP6_N100_FE50000_run2_seed259602.mat"
"s08_role_separation","Dual-Role-Credit-AOP-v2","LIRCMOP6","LIR-CMOP",100,50000,3,259603,50000,4.7087,0.2324065782347982,0.1442519348522421,1,"Dual_Role_Credit_AOP_v2_LIRCMOP6_N100_FE50000_run3_seed259603.mat"
"s08_role_separation","Dual-Role-Credit-AOP-v2","LIRCMOP6","LIR-CMOP",100,50000,4,259604,50000,6.0155,0.2808362516190911,0.1354382151996255,1,"Dual_Role_Credit_AOP_v2_LIRCMOP6_N100_FE50000_run4_seed259604.mat"
"s08_role_separation","Dual-Role-Credit-AOP-v2","LIRCMOP6","LIR-CMOP",100,50000,5,259605,50000,5.1535,0.2168652813448252,0.1478365996204682,1,"Dual_Role_Credit_AOP_v2_LIRCMOP6_N100_FE50000_run5_seed259605.mat"
"s08_role_separation","Dual-Role-Credit-AOP-v2","LIRCMOP7","LIR-CMOP",100,50000,1,259701,50000,3.6576,0.01525770100222547,0.2891130911943981,1,"Dual_Role_Credit_AOP_v2_LIRCMOP7_N100_FE50000_run1_seed259701.mat"
"s08_role_separation","Dual-Role-Credit-AOP-v2","LIRCMOP7","LIR-CMOP",100,50000,2,259702,50000,3.5393,0.07277865241856851,0.2629267252303983,1,"Dual_Role_Credit_AOP_v2_LIRCMOP7_N100_FE50000_run2_seed259702.mat"
"s08_role_separation","Dual-Role-Credit-AOP-v2","LIRCMOP7","LIR-CMOP",100,50000,3,259703,50000,4.1059,0.009092003805537735,0.2933013027640585,1,"Dual_Role_Credit_AOP_v2_LIRCMOP7_N100_FE50000_run3_seed259703.mat"
"s08_role_separation","Dual-Role-Credit-AOP-v2","LIRCMOP7","LIR-CMOP",100,50000,4,259704,50000,4.3274,0.04747480819912544,0.2708201612875415,1,"Dual_Role_Credit_AOP_v2_LIRCMOP7_N100_FE50000_run4_seed259704.mat"
"s08_role_separation","Dual-Role-Credit-AOP-v2","LIRCMOP7","LIR-CMOP",100,50000,5,259705,50000,3.9802,0.03482738531555097,0.2759652817065271,1,"Dual_Role_Credit_AOP_v2_LIRCMOP7_N100_FE50000_run5_seed259705.mat"
"s08_role_separation","Dual-Role-Credit-AOP-v2","LIRCMOP8","LIR-CMOP",100,50000,1,259801,50000,3.6228,0.02101697563072386,0.286337311732673,1,"Dual_Role_Credit_AOP_v2_LIRCMOP8_N100_FE50000_run1_seed259801.mat"
"s08_role_separation","Dual-Role-Credit-AOP-v2","LIRCMOP8","LIR-CMOP",100,50000,2,259802,50000,3.7712,0.06221696568055424,0.2661203849149994,1,"Dual_Role_Credit_AOP_v2_LIRCMOP8_N100_FE50000_run2_seed259802.mat"
"s08_role_separation","Dual-Role-Credit-AOP-v2","LIRCMOP8","LIR-CMOP",100,50000,3,259803,50000,3.4894,0.01019013079607325,0.292778466999063,1,"Dual_Role_Credit_AOP_v2_LIRCMOP8_N100_FE50000_run3_seed259803.mat"
"s08_role_separation","Dual-Role-Credit-AOP-v2","LIRCMOP8","LIR-CMOP",100,50000,4,259804,50000,4.0471,0.01043315687016096,0.292644333553226,1,"Dual_Role_Credit_AOP_v2_LIRCMOP8_N100_FE50000_run4_seed259804.mat"
"s08_role_separation","Dual-Role-Credit-AOP-v2","LIRCMOP8","LIR-CMOP",100,50000,5,259805,50000,3.7886,0.09456416719984685,0.2551889462705276,1,"Dual_Role_Credit_AOP_v2_LIRCMOP8_N100_FE50000_run5_seed259805.mat"
"s08_role_separation","Dual-Role-Credit-AOP-v2","LIRCMOP9","LIR-CMOP",100,50000,1,259901,50000,8.5291,0.5063873537743819,0.3580985953440171,1,"Dual_Role_Credit_AOP_v2_LIRCMOP9_N100_FE50000_run1_seed259901.mat"
"s08_role_separation","Dual-Role-Credit-AOP-v2","LIRCMOP9","LIR-CMOP",100,50000,2,259902,50000,5.9192,0.5079646970632103,0.3553431142576173,1,"Dual_Role_Credit_AOP_v2_LIRCMOP9_N100_FE50000_run2_seed259902.mat"
"s08_role_separation","Dual-Role-Credit-AOP-v2","LIRCMOP9","LIR-CMOP",100,50000,3,259903,50000,5.9052,0.5061729527509842,0.3579665510951373,1,"Dual_Role_Credit_AOP_v2_LIRCMOP9_N100_FE50000_run3_seed259903.mat"
"s08_role_separation","Dual-Role-Credit-AOP-v2","LIRCMOP9","LIR-CMOP",100,50000,4,259904,50000,5.792,0.5062154544503925,0.3578233616716164,1,"Dual_Role_Credit_AOP_v2_LIRCMOP9_N100_FE50000_run4_seed259904.mat"
"s08_role_separation","Dual-Role-Credit-AOP-v2","LIRCMOP9","LIR-CMOP",100,50000,5,259905,50000,8.7246,0.5340602695227071,0.3088861219331374,1,"Dual_Role_Credit_AOP_v2_LIRCMOP9_N100_FE50000_run5_seed259905.mat"
"s08_role_separation","Dual-Role-Credit-AOP-v3","CF10","CF",100,50000,1,269001,50000,13.6191,0.3465619027227714,0.1915153907474632,1,"Dual_Role_Credit_AOP_v3_CF10_N100_FE50000_run1_seed269001.mat"
"s08_role_separation","Dual-Role-Credit-AOP-v3","CF10","CF",100,50000,2,269002,50000,8.2407,0.3282451905322178,0.1688196628883891,1,"Dual_Role_Credit_AOP_v3_CF10_N100_FE50000_run2_seed269002.mat"
"s08_role_separation","Dual-Role-Credit-AOP-v3","CF10","CF",100,50000,3,269003,50000,6.0799,0.3006858269978815,0.1778561469988911,1,"Dual_Role_Credit_AOP_v3_CF10_N100_FE50000_run3_seed269003.mat"
"s08_role_separation","Dual-Role-Credit-AOP-v3","CF10","CF",100,50000,4,269004,50000,7.8901,0.3462371993042866,0.135459630429329,1,"Dual_Role_Credit_AOP_v3_CF10_N100_FE50000_run4_seed269004.mat"
"s08_role_separation","Dual-Role-Credit-AOP-v3","CF10","CF",100,50000,5,269005,50000,13.7751,0.2873569720339109,0.2011725649517887,1,"Dual_Role_Credit_AOP_v3_CF10_N100_FE50000_run5_seed269005.mat"
"s08_role_separation","Dual-Role-Credit-AOP-v3","CF1","CF",100,50000,1,268101,50000,4.8815,0.0069784717064295,0.557722394161434,1,"Dual_Role_Credit_AOP_v3_CF1_N100_FE50000_run1_seed268101.mat"
"s08_role_separation","Dual-Role-Credit-AOP-v3","CF1","CF",100,50000,2,268102,50000,6.715,0.004801655974016199,0.5602656913372154,1,"Dual_Role_Credit_AOP_v3_CF1_N100_FE50000_run2_seed268102.mat"
"s08_role_separation","Dual-Role-Credit-AOP-v3","CF1","CF",100,50000,3,268103,50000,5.2559,0.004339244361106751,0.5608209875190024,1,"Dual_Role_Credit_AOP_v3_CF1_N100_FE50000_run3_seed268103.mat"
"s08_role_separation","Dual-Role-Credit-AOP-v3","CF1","CF",100,50000,4,268104,50000,7.2683,0.004633427042912138,0.5604973053962182,1,"Dual_Role_Credit_AOP_v3_CF1_N100_FE50000_run4_seed268104.mat"
"s08_role_separation","Dual-Role-Credit-AOP-v3","CF1","CF",100,50000,5,268105,50000,5.0218,0.00621242870217035,0.5585388881332582,1,"Dual_Role_Credit_AOP_v3_CF1_N100_FE50000_run5_seed268105.mat"
"s08_role_separation","Dual-Role-Credit-AOP-v3","CF2","CF",100,50000,1,268201,50000,4.9898,0.03507810639840429,0.6436365253610596,1,"Dual_Role_Credit_AOP_v3_CF2_N100_FE50000_run1_seed268201.mat"
"s08_role_separation","Dual-Role-Credit-AOP-v3","CF2","CF",100,50000,2,268202,50000,5.201,0.02889439130339353,0.648869424876461,1,"Dual_Role_Credit_AOP_v3_CF2_N100_FE50000_run2_seed268202.mat"
"s08_role_separation","Dual-Role-Credit-AOP-v3","CF2","CF",100,50000,3,268203,50000,6.778,0.009699800492166654,0.6679725827452385,1,"Dual_Role_Credit_AOP_v3_CF2_N100_FE50000_run3_seed268203.mat"
"s08_role_separation","Dual-Role-Credit-AOP-v3","CF2","CF",100,50000,4,268204,50000,5.2596,0.02215527334538421,0.6562428451325001,1,"Dual_Role_Credit_AOP_v3_CF2_N100_FE50000_run4_seed268204.mat"
"s08_role_separation","Dual-Role-Credit-AOP-v3","CF2","CF",100,50000,5,268205,50000,6.6911,0.0197155145863581,0.657382955046886,1,"Dual_Role_Credit_AOP_v3_CF2_N100_FE50000_run5_seed268205.mat"
"s08_role_separation","Dual-Role-Credit-AOP-v3","CF3","CF",100,50000,1,268301,50000,3.9,0.1188945683268851,0.3028306504545766,1,"Dual_Role_Credit_AOP_v3_CF3_N100_FE50000_run1_seed268301.mat"
"s08_role_separation","Dual-Role-Credit-AOP-v3","CF3","CF",100,50000,2,268302,50000,4.4294,0.1010963397617432,0.2151247491771671,1,"Dual_Role_Credit_AOP_v3_CF3_N100_FE50000_run2_seed268302.mat"
"s08_role_separation","Dual-Role-Credit-AOP-v3","CF3","CF",100,50000,3,268303,50000,4.2439,0.2297833840387181,0.1890632163596939,1,"Dual_Role_Credit_AOP_v3_CF3_N100_FE50000_run3_seed268303.mat"
"s08_role_separation","Dual-Role-Credit-AOP-v3","CF3","CF",100,50000,4,268304,50000,4.5361,0.40996038946389,0.1160801355051145,1,"Dual_Role_Credit_AOP_v3_CF3_N100_FE50000_run4_seed268304.mat"
"s08_role_separation","Dual-Role-Credit-AOP-v3","CF3","CF",100,50000,5,268305,50000,5.1893,0.1190774840276206,0.1954057146899025,1,"Dual_Role_Credit_AOP_v3_CF3_N100_FE50000_run5_seed268305.mat"
"s08_role_separation","Dual-Role-Credit-AOP-v3","CF4","CF",100,50000,1,268401,50000,5.8941,0.06097711527456202,0.4604279411344388,1,"Dual_Role_Credit_AOP_v3_CF4_N100_FE50000_run1_seed268401.mat"
"s08_role_separation","Dual-Role-Credit-AOP-v3","CF4","CF",100,50000,2,268402,50000,4.9781,0.06702128422063074,0.4519260320124071,1,"Dual_Role_Credit_AOP_v3_CF4_N100_FE50000_run2_seed268402.mat"
"s08_role_separation","Dual-Role-Credit-AOP-v3","CF4","CF",100,50000,3,268403,50000,4.8022,0.06650694401846445,0.4450951580614521,1,"Dual_Role_Credit_AOP_v3_CF4_N100_FE50000_run3_seed268403.mat"
"s08_role_separation","Dual-Role-Credit-AOP-v3","CF4","CF",100,50000,4,268404,50000,4.6855,0.06061204899210147,0.4597994482205841,1,"Dual_Role_Credit_AOP_v3_CF4_N100_FE50000_run4_seed268404.mat"
"s08_role_separation","Dual-Role-Credit-AOP-v3","CF4","CF",100,50000,5,268405,50000,5.2396,0.05680366540534626,0.458595845932007,1,"Dual_Role_Credit_AOP_v3_CF4_N100_FE50000_run5_seed268405.mat"
"s08_role_separation","Dual-Role-Credit-AOP-v3","CF5","CF",100,50000,1,268501,50000,5.3196,0.1686854543235703,0.37574542534987,1,"Dual_Role_Credit_AOP_v3_CF5_N100_FE50000_run1_seed268501.mat"
"s08_role_separation","Dual-Role-Credit-AOP-v3","CF5","CF",100,50000,2,268502,50000,6.6688,0.1031320999011376,0.3882087010518694,1,"Dual_Role_Credit_AOP_v3_CF5_N100_FE50000_run2_seed268502.mat"
"s08_role_separation","Dual-Role-Credit-AOP-v3","CF5","CF",100,50000,3,268503,50000,5.6688,0.4957554717509041,0.2048485232017203,1,"Dual_Role_Credit_AOP_v3_CF5_N100_FE50000_run3_seed268503.mat"
"s08_role_separation","Dual-Role-Credit-AOP-v3","CF5","CF",100,50000,4,268504,50000,5.2074,0.1534455095846031,0.3955203273030924,1,"Dual_Role_Credit_AOP_v3_CF5_N100_FE50000_run4_seed268504.mat"
"s08_role_separation","Dual-Role-Credit-AOP-v3","CF5","CF",100,50000,5,268505,50000,5.1973,0.1490001825975732,0.3721376340939455,1,"Dual_Role_Credit_AOP_v3_CF5_N100_FE50000_run5_seed268505.mat"
"s08_role_separation","Dual-Role-Credit-AOP-v3","CF6","CF",100,50000,1,268601,50000,8.7589,0.02976133980474879,0.6665329205870519,1,"Dual_Role_Credit_AOP_v3_CF6_N100_FE50000_run1_seed268601.mat"
"s08_role_separation","Dual-Role-Credit-AOP-v3","CF6","CF",100,50000,2,268602,50000,5.8214,0.04717921987356722,0.6569028306058322,1,"Dual_Role_Credit_AOP_v3_CF6_N100_FE50000_run2_seed268602.mat"
"s08_role_separation","Dual-Role-Credit-AOP-v3","CF6","CF",100,50000,3,268603,50000,9.1345,0.03736227529267487,0.6566816274074383,1,"Dual_Role_Credit_AOP_v3_CF6_N100_FE50000_run3_seed268603.mat"
"s08_role_separation","Dual-Role-Credit-AOP-v3","CF6","CF",100,50000,4,268604,50000,6.111,0.03715921958984456,0.6611675721114396,1,"Dual_Role_Credit_AOP_v3_CF6_N100_FE50000_run4_seed268604.mat"
"s08_role_separation","Dual-Role-Credit-AOP-v3","CF6","CF",100,50000,5,268605,50000,6.2501,0.03082124819135939,0.6695025028278758,1,"Dual_Role_Credit_AOP_v3_CF6_N100_FE50000_run5_seed268605.mat"
"s08_role_separation","Dual-Role-Credit-AOP-v3","CF7","CF",100,50000,1,268701,50000,3.878,0.2196283113543304,0.410674162198037,1,"Dual_Role_Credit_AOP_v3_CF7_N100_FE50000_run1_seed268701.mat"
"s08_role_separation","Dual-Role-Credit-AOP-v3","CF7","CF",100,50000,2,268702,50000,6.3613,0.2112547234757382,0.5064004293898596,1,"Dual_Role_Credit_AOP_v3_CF7_N100_FE50000_run2_seed268702.mat"
"s08_role_separation","Dual-Role-Credit-AOP-v3","CF7","CF",100,50000,3,268703,50000,5.0076,0.2785055861268431,0.4319504031246442,1,"Dual_Role_Credit_AOP_v3_CF7_N100_FE50000_run3_seed268703.mat"
"s08_role_separation","Dual-Role-Credit-AOP-v3","CF7","CF",100,50000,4,268704,50000,4.1178,0.2278796527329107,0.3942938952383349,1,"Dual_Role_Credit_AOP_v3_CF7_N100_FE50000_run4_seed268704.mat"
"s08_role_separation","Dual-Role-Credit-AOP-v3","CF7","CF",100,50000,5,268705,50000,4.5255,0.1230423808352465,0.5474967316629326,1,"Dual_Role_Credit_AOP_v3_CF7_N100_FE50000_run5_seed268705.mat"
"s08_role_separation","Dual-Role-Credit-AOP-v3","CF8","CF",100,50000,1,268801,50000,4.711,0.1753657577811402,0.3218250428421959,1,"Dual_Role_Credit_AOP_v3_CF8_N100_FE50000_run1_seed268801.mat"
"s08_role_separation","Dual-Role-Credit-AOP-v3","CF8","CF",100,50000,2,268802,50000,4.3913,0.1495797515138821,0.37595093973205,1,"Dual_Role_Credit_AOP_v3_CF8_N100_FE50000_run2_seed268802.mat"
"s08_role_separation","Dual-Role-Credit-AOP-v3","CF8","CF",100,50000,3,268803,50000,6.3047,0.1410443762653052,0.3738780429287318,1,"Dual_Role_Credit_AOP_v3_CF8_N100_FE50000_run3_seed268803.mat"
"s08_role_separation","Dual-Role-Credit-AOP-v3","CF8","CF",100,50000,4,268804,50000,4.4754,0.1643069091386319,0.3391800060388465,1,"Dual_Role_Credit_AOP_v3_CF8_N100_FE50000_run4_seed268804.mat"
"s08_role_separation","Dual-Role-Credit-AOP-v3","CF8","CF",100,50000,5,268805,50000,6.0018,0.1712995316022546,0.3298792374960123,1,"Dual_Role_Credit_AOP_v3_CF8_N100_FE50000_run5_seed268805.mat"
"s08_role_separation","Dual-Role-Credit-AOP-v3","CF9","CF",100,50000,1,268901,50000,5.956,0.1020171090975259,0.4164933345023373,1,"Dual_Role_Credit_AOP_v3_CF9_N100_FE50000_run1_seed268901.mat"
"s08_role_separation","Dual-Role-Credit-AOP-v3","CF9","CF",100,50000,2,268902,50000,5.9459,0.09188681040279591,0.4225569714555876,1,"Dual_Role_Credit_AOP_v3_CF9_N100_FE50000_run2_seed268902.mat"
"s08_role_separation","Dual-Role-Credit-AOP-v3","CF9","CF",100,50000,3,268903,50000,5.7449,0.09153002039994938,0.4269564233499546,1,"Dual_Role_Credit_AOP_v3_CF9_N100_FE50000_run3_seed268903.mat"
"s08_role_separation","Dual-Role-Credit-AOP-v3","CF9","CF",100,50000,4,268904,50000,8.9736,0.1030132907896897,0.4217795147867088,1,"Dual_Role_Credit_AOP_v3_CF9_N100_FE50000_run4_seed268904.mat"
"s08_role_separation","Dual-Role-Credit-AOP-v3","CF9","CF",100,50000,5,268905,50000,5.4889,0.09241696977789179,0.4217544292839868,1,"Dual_Role_Credit_AOP_v3_CF9_N100_FE50000_run5_seed268905.mat"
"s08_role_separation","Dual-Role-Credit-AOP-v3","DASCMOP1","DAS-CMOP",100,50000,1,270501,50000,4.1934,0.006062221330433299,0.2078392705226957,1,"Dual_Role_Credit_AOP_v3_DASCMOP1_N100_FE50000_run1_seed270501.mat"
"s08_role_separation","Dual-Role-Credit-AOP-v3","DASCMOP1","DAS-CMOP",100,50000,2,270502,50000,4.2865,0.006712040351007279,0.2088887483300211,1,"Dual_Role_Credit_AOP_v3_DASCMOP1_N100_FE50000_run2_seed270502.mat"
"s08_role_separation","Dual-Role-Credit-AOP-v3","DASCMOP1","DAS-CMOP",100,50000,3,270503,50000,3.5962,0.008466998351717643,0.2104789936953217,1,"Dual_Role_Credit_AOP_v3_DASCMOP1_N100_FE50000_run3_seed270503.mat"
"s08_role_separation","Dual-Role-Credit-AOP-v3","DASCMOP1","DAS-CMOP",100,50000,4,270504,50000,4.1765,0.008211796212493055,0.2103196900629634,1,"Dual_Role_Credit_AOP_v3_DASCMOP1_N100_FE50000_run4_seed270504.mat"
"s08_role_separation","Dual-Role-Credit-AOP-v3","DASCMOP1","DAS-CMOP",100,50000,5,270505,50000,3.8673,0.010690392656679,0.2054963136111372,1,"Dual_Role_Credit_AOP_v3_DASCMOP1_N100_FE50000_run5_seed270505.mat"
"s08_role_separation","Dual-Role-Credit-AOP-v3","DASCMOP2","DAS-CMOP",100,50000,1,270601,50000,3.7061,0.008265118406657513,0.352322249903916,1,"Dual_Role_Credit_AOP_v3_DASCMOP2_N100_FE50000_run1_seed270601.mat"
"s08_role_separation","Dual-Role-Credit-AOP-v3","DASCMOP2","DAS-CMOP",100,50000,2,270602,50000,3.9927,0.01124347767296362,0.35073258249721,1,"Dual_Role_Credit_AOP_v3_DASCMOP2_N100_FE50000_run2_seed270602.mat"
"s08_role_separation","Dual-Role-Credit-AOP-v3","DASCMOP2","DAS-CMOP",100,50000,3,270603,50000,4.1556,0.00907241600613745,0.3510789915295929,1,"Dual_Role_Credit_AOP_v3_DASCMOP2_N100_FE50000_run3_seed270603.mat"
"s08_role_separation","Dual-Role-Credit-AOP-v3","DASCMOP2","DAS-CMOP",100,50000,4,270604,50000,3.5688,0.008197640846675278,0.3521998026708508,1,"Dual_Role_Credit_AOP_v3_DASCMOP2_N100_FE50000_run4_seed270604.mat"
"s08_role_separation","Dual-Role-Credit-AOP-v3","DASCMOP2","DAS-CMOP",100,50000,5,270605,50000,4.0755,0.0104810582707955,0.3509136319775965,1,"Dual_Role_Credit_AOP_v3_DASCMOP2_N100_FE50000_run5_seed270605.mat"
"s08_role_separation","Dual-Role-Credit-AOP-v3","DASCMOP3","DAS-CMOP",100,50000,1,270701,50000,3.6789,0.02625255453032913,0.2997573513959561,1,"Dual_Role_Credit_AOP_v3_DASCMOP3_N100_FE50000_run1_seed270701.mat"
"s08_role_separation","Dual-Role-Credit-AOP-v3","DASCMOP3","DAS-CMOP",100,50000,2,270702,50000,3.9338,0.02142138002558647,0.3094226430644599,1,"Dual_Role_Credit_AOP_v3_DASCMOP3_N100_FE50000_run2_seed270702.mat"
"s08_role_separation","Dual-Role-Credit-AOP-v3","DASCMOP3","DAS-CMOP",100,50000,3,270703,50000,3.5056,0.02094922425784455,0.3099352304003767,1,"Dual_Role_Credit_AOP_v3_DASCMOP3_N100_FE50000_run3_seed270703.mat"
"s08_role_separation","Dual-Role-Credit-AOP-v3","DASCMOP3","DAS-CMOP",100,50000,4,270704,50000,3.9407,0.02361671209708843,0.3066300587474355,1,"Dual_Role_Credit_AOP_v3_DASCMOP3_N100_FE50000_run4_seed270704.mat"
"s08_role_separation","Dual-Role-Credit-AOP-v3","DASCMOP3","DAS-CMOP",100,50000,5,270705,50000,3.5919,0.02237411651347863,0.3090805335622371,1,"Dual_Role_Credit_AOP_v3_DASCMOP3_N100_FE50000_run5_seed270705.mat"
"s08_role_separation","Dual-Role-Credit-AOP-v3","DASCMOP4","DAS-CMOP",100,50000,1,270801,50000,3.603,0.3782610267059098,0.05522675357768615,1,"Dual_Role_Credit_AOP_v3_DASCMOP4_N100_FE50000_run1_seed270801.mat"
"s08_role_separation","Dual-Role-Credit-AOP-v3","DASCMOP4","DAS-CMOP",100,50000,2,270802,50000,3.6578,0.2845874147606256,0.08764616342178172,1,"Dual_Role_Credit_AOP_v3_DASCMOP4_N100_FE50000_run2_seed270802.mat"
"s08_role_separation","Dual-Role-Credit-AOP-v3","DASCMOP4","DAS-CMOP",100,50000,3,270803,50000,3.4883,0.6447560990021441,0,1,"Dual_Role_Credit_AOP_v3_DASCMOP4_N100_FE50000_run3_seed270803.mat"
"s08_role_separation","Dual-Role-Credit-AOP-v3","DASCMOP4","DAS-CMOP",100,50000,4,270804,50000,3.6427,0.4967094579281946,0.01934996684073277,1,"Dual_Role_Credit_AOP_v3_DASCMOP4_N100_FE50000_run4_seed270804.mat"
"s08_role_separation","Dual-Role-Credit-AOP-v3","DASCMOP4","DAS-CMOP",100,50000,5,270805,50000,3.665,0.522215890889009,0.01629389590005477,1,"Dual_Role_Credit_AOP_v3_DASCMOP4_N100_FE50000_run5_seed270805.mat"
"s08_role_separation","Dual-Role-Credit-AOP-v3","DASCMOP5","DAS-CMOP",100,50000,1,270901,50000,3.2856,0.5880572992064538,0.05269422522697111,1,"Dual_Role_Credit_AOP_v3_DASCMOP5_N100_FE50000_run1_seed270901.mat"
"s08_role_separation","Dual-Role-Credit-AOP-v3","DASCMOP5","DAS-CMOP",100,50000,2,270902,50000,3.6242,0.5628851686834395,0.05481061336732815,1,"Dual_Role_Credit_AOP_v3_DASCMOP5_N100_FE50000_run2_seed270902.mat"
"s08_role_separation","Dual-Role-Credit-AOP-v3","DASCMOP5","DAS-CMOP",100,50000,3,270903,50000,3.7909,0.5598483948929718,0.05905016070135098,1,"Dual_Role_Credit_AOP_v3_DASCMOP5_N100_FE50000_run3_seed270903.mat"
"s08_role_separation","Dual-Role-Credit-AOP-v3","DASCMOP5","DAS-CMOP",100,50000,4,270904,50000,3.5788,0.6655018272893627,0.03982472886227609,1,"Dual_Role_Credit_AOP_v3_DASCMOP5_N100_FE50000_run4_seed270904.mat"
"s08_role_separation","Dual-Role-Credit-AOP-v3","DASCMOP5","DAS-CMOP",100,50000,5,270905,50000,3.2518,0.2461128939537519,0.1916038564063128,1,"Dual_Role_Credit_AOP_v3_DASCMOP5_N100_FE50000_run5_seed270905.mat"
"s08_role_separation","Dual-Role-Credit-AOP-v3","DASCMOP6","DAS-CMOP",100,50000,1,271001,50000,3.6078,0.9364735698002672,0.00193553320849263,0.76,"Dual_Role_Credit_AOP_v3_DASCMOP6_N100_FE50000_run1_seed271001.mat"
"s08_role_separation","Dual-Role-Credit-AOP-v3","DASCMOP6","DAS-CMOP",100,50000,2,271002,50000,3.206,0.02261277705287303,0.3104351605009449,1,"Dual_Role_Credit_AOP_v3_DASCMOP6_N100_FE50000_run2_seed271002.mat"
"s08_role_separation","Dual-Role-Credit-AOP-v3","DASCMOP6","DAS-CMOP",100,50000,3,271003,50000,3.617,0.2576412924876554,0.1992229088171261,1,"Dual_Role_Credit_AOP_v3_DASCMOP6_N100_FE50000_run3_seed271003.mat"
"s08_role_separation","Dual-Role-Credit-AOP-v3","DASCMOP6","DAS-CMOP",100,50000,4,271004,50000,3.7435,0.4384348334242256,0.08315625819840329,1,"Dual_Role_Credit_AOP_v3_DASCMOP6_N100_FE50000_run4_seed271004.mat"
"s08_role_separation","Dual-Role-Credit-AOP-v3","DASCMOP6","DAS-CMOP",100,50000,5,271005,50000,3.72,0.4384908384869847,0.08183524344073674,1,"Dual_Role_Credit_AOP_v3_DASCMOP6_N100_FE50000_run5_seed271005.mat"
"s08_role_separation","Dual-Role-Credit-AOP-v3","DASCMOP7","DAS-CMOP",100,50000,1,271101,50000,3.9192,1.111685258176341,0.001502096537005304,1,"Dual_Role_Credit_AOP_v3_DASCMOP7_N100_FE50000_run1_seed271101.mat"
"s08_role_separation","Dual-Role-Credit-AOP-v3","DASCMOP7","DAS-CMOP",100,50000,2,271102,50000,4.8638,0.1824923105818428,0.2047243936433419,1,"Dual_Role_Credit_AOP_v3_DASCMOP7_N100_FE50000_run2_seed271102.mat"
"s08_role_separation","Dual-Role-Credit-AOP-v3","DASCMOP7","DAS-CMOP",100,50000,3,271103,50000,4.4586,0.2193125851272317,0.1912321156599678,1,"Dual_Role_Credit_AOP_v3_DASCMOP7_N100_FE50000_run3_seed271103.mat"
"s08_role_separation","Dual-Role-Credit-AOP-v3","DASCMOP7","DAS-CMOP",100,50000,4,271104,50000,4.2172,0.05463109683393764,0.2769426208421911,1,"Dual_Role_Credit_AOP_v3_DASCMOP7_N100_FE50000_run4_seed271104.mat"
"s08_role_separation","Dual-Role-Credit-AOP-v3","DASCMOP7","DAS-CMOP",100,50000,5,271105,50000,3.9543,0.4726462722514221,0.09661258965860005,1,"Dual_Role_Credit_AOP_v3_DASCMOP7_N100_FE50000_run5_seed271105.mat"
"s08_role_separation","Dual-Role-Credit-AOP-v3","DASCMOP8","DAS-CMOP",100,50000,1,271201,50000,4.0383,0.4794350949754224,0.01120680492014108,1,"Dual_Role_Credit_AOP_v3_DASCMOP8_N100_FE50000_run1_seed271201.mat"
"s08_role_separation","Dual-Role-Credit-AOP-v3","DASCMOP8","DAS-CMOP",100,50000,2,271202,50000,4.2126,0.5000297057483767,0.0142276783454262,1,"Dual_Role_Credit_AOP_v3_DASCMOP8_N100_FE50000_run2_seed271202.mat"
"s08_role_separation","Dual-Role-Credit-AOP-v3","DASCMOP8","DAS-CMOP",100,50000,3,271203,50000,3.9114,0.7785261815184821,0,1,"Dual_Role_Credit_AOP_v3_DASCMOP8_N100_FE50000_run3_seed271203.mat"
"s08_role_separation","Dual-Role-Credit-AOP-v3","DASCMOP8","DAS-CMOP",100,50000,4,271204,50000,3.9104,0.05654834846796254,0.2009336283586116,1,"Dual_Role_Credit_AOP_v3_DASCMOP8_N100_FE50000_run4_seed271204.mat"
"s08_role_separation","Dual-Role-Credit-AOP-v3","DASCMOP8","DAS-CMOP",100,50000,5,271205,50000,4.232,0.5953669785371386,0.00382433379938832,1,"Dual_Role_Credit_AOP_v3_DASCMOP8_N100_FE50000_run5_seed271205.mat"
"s08_role_separation","Dual-Role-Credit-AOP-v3","DASCMOP9","DAS-CMOP",100,50000,1,271301,50000,3.7051,0.05640920158744002,0.2032561570865931,1,"Dual_Role_Credit_AOP_v3_DASCMOP9_N100_FE50000_run1_seed271301.mat"
"s08_role_separation","Dual-Role-Credit-AOP-v3","DASCMOP9","DAS-CMOP",100,50000,2,271302,50000,3.7899,0.05130242398266984,0.2033372632378246,1,"Dual_Role_Credit_AOP_v3_DASCMOP9_N100_FE50000_run2_seed271302.mat"
"s08_role_separation","Dual-Role-Credit-AOP-v3","DASCMOP9","DAS-CMOP",100,50000,3,271303,50000,3.8743,0.05554149742506721,0.2020784710877877,1,"Dual_Role_Credit_AOP_v3_DASCMOP9_N100_FE50000_run3_seed271303.mat"
"s08_role_separation","Dual-Role-Credit-AOP-v3","DASCMOP9","DAS-CMOP",100,50000,4,271304,50000,4.8899,0.04271505742926791,0.2042479685918543,1,"Dual_Role_Credit_AOP_v3_DASCMOP9_N100_FE50000_run4_seed271304.mat"
"s08_role_separation","Dual-Role-Credit-AOP-v3","DASCMOP9","DAS-CMOP",100,50000,5,271305,50000,3.9795,0.04195075746470083,0.2038971848372025,1,"Dual_Role_Credit_AOP_v3_DASCMOP9_N100_FE50000_run5_seed271305.mat"
"s08_role_separation","Dual-Role-Credit-AOP-v3","LIRCMOP10","LIR-CMOP",100,50000,1,270001,50000,6.51,0.2260131586846924,0.5923584994122258,1,"Dual_Role_Credit_AOP_v3_LIRCMOP10_N100_FE50000_run1_seed270001.mat"
"s08_role_separation","Dual-Role-Credit-AOP-v3","LIRCMOP10","LIR-CMOP",100,50000,2,270002,50000,6.5231,0.231602258106637,0.5858358935875358,1,"Dual_Role_Credit_AOP_v3_LIRCMOP10_N100_FE50000_run2_seed270002.mat"
"s08_role_separation","Dual-Role-Credit-AOP-v3","LIRCMOP10","LIR-CMOP",100,50000,3,270003,50000,10.0921,0.2381278064715545,0.5830502851617027,1,"Dual_Role_Credit_AOP_v3_LIRCMOP10_N100_FE50000_run3_seed270003.mat"
"s08_role_separation","Dual-Role-Credit-AOP-v3","LIRCMOP10","LIR-CMOP",100,50000,4,270004,50000,7.0348,0.2188941134168348,0.5993859847583456,1,"Dual_Role_Credit_AOP_v3_LIRCMOP10_N100_FE50000_run4_seed270004.mat"
"s08_role_separation","Dual-Role-Credit-AOP-v3","LIRCMOP10","LIR-CMOP",100,50000,5,270005,50000,9.5848,0.2332943069112953,0.5871070474384775,1,"Dual_Role_Credit_AOP_v3_LIRCMOP10_N100_FE50000_run5_seed270005.mat"
"s08_role_separation","Dual-Role-Credit-AOP-v3","LIRCMOP11","LIR-CMOP",100,50000,1,270101,50000,5.812,0.02162956747404259,0.6793662645579651,1,"Dual_Role_Credit_AOP_v3_LIRCMOP11_N100_FE50000_run1_seed270101.mat"
"s08_role_separation","Dual-Role-Credit-AOP-v3","LIRCMOP11","LIR-CMOP",100,50000,2,270102,50000,5.4936,0.1436983162999392,0.6009529036587097,1,"Dual_Role_Credit_AOP_v3_LIRCMOP11_N100_FE50000_run2_seed270102.mat"
"s08_role_separation","Dual-Role-Credit-AOP-v3","LIRCMOP11","LIR-CMOP",100,50000,3,270103,50000,5.3359,0.07199066883548808,0.659681687357921,1,"Dual_Role_Credit_AOP_v3_LIRCMOP11_N100_FE50000_run3_seed270103.mat"
"s08_role_separation","Dual-Role-Credit-AOP-v3","LIRCMOP11","LIR-CMOP",100,50000,4,270104,50000,7.6858,0.1440105416647621,0.6010707184352219,1,"Dual_Role_Credit_AOP_v3_LIRCMOP11_N100_FE50000_run4_seed270104.mat"
"s08_role_separation","Dual-Role-Credit-AOP-v3","LIRCMOP11","LIR-CMOP",100,50000,5,270105,50000,5.8202,0.07748851870589547,0.6549372866096548,1,"Dual_Role_Credit_AOP_v3_LIRCMOP11_N100_FE50000_run5_seed270105.mat"
"s08_role_separation","Dual-Role-Credit-AOP-v3","LIRCMOP12","LIR-CMOP",100,50000,1,270201,50000,4.4699,0.1509277994415243,0.5458327884775485,1,"Dual_Role_Credit_AOP_v3_LIRCMOP12_N100_FE50000_run1_seed270201.mat"
"s08_role_separation","Dual-Role-Credit-AOP-v3","LIRCMOP12","LIR-CMOP",100,50000,2,270202,50000,4.5727,0.1732460228385222,0.5239743641764116,1,"Dual_Role_Credit_AOP_v3_LIRCMOP12_N100_FE50000_run2_seed270202.mat"
"s08_role_separation","Dual-Role-Credit-AOP-v3","LIRCMOP12","LIR-CMOP",100,50000,3,270203,50000,4.4805,0.1562980060809793,0.5344894927332319,1,"Dual_Role_Credit_AOP_v3_LIRCMOP12_N100_FE50000_run3_seed270203.mat"
"s08_role_separation","Dual-Role-Credit-AOP-v3","LIRCMOP12","LIR-CMOP",100,50000,4,270204,50000,4.251,0.1635185036861154,0.5270458010008386,1,"Dual_Role_Credit_AOP_v3_LIRCMOP12_N100_FE50000_run4_seed270204.mat"
"s08_role_separation","Dual-Role-Credit-AOP-v3","LIRCMOP12","LIR-CMOP",100,50000,5,270205,50000,4.9198,0.4141183711940011,0.3636340640056744,1,"Dual_Role_Credit_AOP_v3_LIRCMOP12_N100_FE50000_run5_seed270205.mat"
"s08_role_separation","Dual-Role-Credit-AOP-v3","LIRCMOP13","LIR-CMOP",100,50000,1,270301,50000,9.3149,0.1003720134303928,0.5371511359013146,1,"Dual_Role_Credit_AOP_v3_LIRCMOP13_N100_FE50000_run1_seed270301.mat"
"s08_role_separation","Dual-Role-Credit-AOP-v3","LIRCMOP13","LIR-CMOP",100,50000,2,270302,50000,18.8067,0.09974349842472856,0.5397810204978938,1,"Dual_Role_Credit_AOP_v3_LIRCMOP13_N100_FE50000_run2_seed270302.mat"
"s08_role_separation","Dual-Role-Credit-AOP-v3","LIRCMOP13","LIR-CMOP",100,50000,3,270303,50000,10.1757,0.09872316202939697,0.5407086568232677,1,"Dual_Role_Credit_AOP_v3_LIRCMOP13_N100_FE50000_run3_seed270303.mat"
"s08_role_separation","Dual-Role-Credit-AOP-v3","LIRCMOP13","LIR-CMOP",100,50000,4,270304,50000,9.7371,0.0979557571193307,0.5406334293617456,1,"Dual_Role_Credit_AOP_v3_LIRCMOP13_N100_FE50000_run4_seed270304.mat"
"s08_role_separation","Dual-Role-Credit-AOP-v3","LIRCMOP13","LIR-CMOP",100,50000,5,270305,50000,9.4909,0.09773423098462711,0.5383555066815164,1,"Dual_Role_Credit_AOP_v3_LIRCMOP13_N100_FE50000_run5_seed270305.mat"
"s08_role_separation","Dual-Role-Credit-AOP-v3","LIRCMOP14","LIR-CMOP",100,50000,1,270401,50000,15.2222,0.09830918269457045,0.5524939831064432,1,"Dual_Role_Credit_AOP_v3_LIRCMOP14_N100_FE50000_run1_seed270401.mat"
"s08_role_separation","Dual-Role-Credit-AOP-v3","LIRCMOP14","LIR-CMOP",100,50000,2,270402,50000,8.058,0.09610218717800324,0.5500687853103671,1,"Dual_Role_Credit_AOP_v3_LIRCMOP14_N100_FE50000_run2_seed270402.mat"
"s08_role_separation","Dual-Role-Credit-AOP-v3","LIRCMOP14","LIR-CMOP",100,50000,3,270403,50000,15.5831,0.09848711942223809,0.5493764521027213,1,"Dual_Role_Credit_AOP_v3_LIRCMOP14_N100_FE50000_run3_seed270403.mat"
"s08_role_separation","Dual-Role-Credit-AOP-v3","LIRCMOP14","LIR-CMOP",100,50000,4,270404,50000,8.2815,0.0981982852671886,0.5503291450614231,1,"Dual_Role_Credit_AOP_v3_LIRCMOP14_N100_FE50000_run4_seed270404.mat"
"s08_role_separation","Dual-Role-Credit-AOP-v3","LIRCMOP14","LIR-CMOP",100,50000,5,270405,50000,8.3246,0.09673536387287514,0.5498019693137032,1,"Dual_Role_Credit_AOP_v3_LIRCMOP14_N100_FE50000_run5_seed270405.mat"
"s08_role_separation","Dual-Role-Credit-AOP-v3","LIRCMOP1","LIR-CMOP",100,50000,1,269101,50000,3.5232,0.1328801089399234,0.1618504163743026,1,"Dual_Role_Credit_AOP_v3_LIRCMOP1_N100_FE50000_run1_seed269101.mat"
"s08_role_separation","Dual-Role-Credit-AOP-v3","LIRCMOP1","LIR-CMOP",100,50000,2,269102,50000,4.193,0.2776568966101758,0.1232520195990053,1,"Dual_Role_Credit_AOP_v3_LIRCMOP1_N100_FE50000_run2_seed269102.mat"
"s08_role_separation","Dual-Role-Credit-AOP-v3","LIRCMOP1","LIR-CMOP",100,50000,3,269103,50000,3.5735,0.2291781324052558,0.1350325237006481,1,"Dual_Role_Credit_AOP_v3_LIRCMOP1_N100_FE50000_run3_seed269103.mat"
"s08_role_separation","Dual-Role-Credit-AOP-v3","LIRCMOP1","LIR-CMOP",100,50000,4,269104,50000,3.5859,0.227953046609248,0.1353649399243397,1,"Dual_Role_Credit_AOP_v3_LIRCMOP1_N100_FE50000_run4_seed269104.mat"
"s08_role_separation","Dual-Role-Credit-AOP-v3","LIRCMOP1","LIR-CMOP",100,50000,5,269105,50000,3.6296,0.282208834525478,0.1213333155604681,1,"Dual_Role_Credit_AOP_v3_LIRCMOP1_N100_FE50000_run5_seed269105.mat"
"s08_role_separation","Dual-Role-Credit-AOP-v3","LIRCMOP2","LIR-CMOP",100,50000,1,269201,50000,4.8703,0.2014932596900134,0.2459988214049026,1,"Dual_Role_Credit_AOP_v3_LIRCMOP2_N100_FE50000_run1_seed269201.mat"
"s08_role_separation","Dual-Role-Credit-AOP-v3","LIRCMOP2","LIR-CMOP",100,50000,2,269202,50000,3.8718,0.209502071970048,0.2529771653537579,1,"Dual_Role_Credit_AOP_v3_LIRCMOP2_N100_FE50000_run2_seed269202.mat"
"s08_role_separation","Dual-Role-Credit-AOP-v3","LIRCMOP2","LIR-CMOP",100,50000,3,269203,50000,4.7776,0.1895042236160625,0.2534273574232104,1,"Dual_Role_Credit_AOP_v3_LIRCMOP2_N100_FE50000_run3_seed269203.mat"
"s08_role_separation","Dual-Role-Credit-AOP-v3","LIRCMOP2","LIR-CMOP",100,50000,4,269204,50000,3.8133,0.2301740620396819,0.239449359782064,1,"Dual_Role_Credit_AOP_v3_LIRCMOP2_N100_FE50000_run4_seed269204.mat"
"s08_role_separation","Dual-Role-Credit-AOP-v3","LIRCMOP2","LIR-CMOP",100,50000,5,269205,50000,3.8668,0.2122267829069889,0.2378062796314542,1,"Dual_Role_Credit_AOP_v3_LIRCMOP2_N100_FE50000_run5_seed269205.mat"
"s08_role_separation","Dual-Role-Credit-AOP-v3","LIRCMOP3","LIR-CMOP",100,50000,1,269301,50000,4.0576,0.2545657755762938,0.1265918518804325,1,"Dual_Role_Credit_AOP_v3_LIRCMOP3_N100_FE50000_run1_seed269301.mat"
"s08_role_separation","Dual-Role-Credit-AOP-v3","LIRCMOP3","LIR-CMOP",100,50000,2,269302,50000,4.9815,0.2323752082791231,0.1149428598876372,1,"Dual_Role_Credit_AOP_v3_LIRCMOP3_N100_FE50000_run2_seed269302.mat"
"s08_role_separation","Dual-Role-Credit-AOP-v3","LIRCMOP3","LIR-CMOP",100,50000,3,269303,50000,4.1457,0.2262192004670032,0.1249500453447825,1,"Dual_Role_Credit_AOP_v3_LIRCMOP3_N100_FE50000_run3_seed269303.mat"
"s08_role_separation","Dual-Role-Credit-AOP-v3","LIRCMOP3","LIR-CMOP",100,50000,4,269304,50000,4.5841,0.2743657659559919,0.1071594998156968,1,"Dual_Role_Credit_AOP_v3_LIRCMOP3_N100_FE50000_run4_seed269304.mat"
"s08_role_separation","Dual-Role-Credit-AOP-v3","LIRCMOP3","LIR-CMOP",100,50000,5,269305,50000,3.916,0.3291551570390767,0.09700338027189657,1,"Dual_Role_Credit_AOP_v3_LIRCMOP3_N100_FE50000_run5_seed269305.mat"
"s08_role_separation","Dual-Role-Credit-AOP-v3","LIRCMOP4","LIR-CMOP",100,50000,1,269401,50000,3.8099,0.3064637781968771,0.1839787534991054,1,"Dual_Role_Credit_AOP_v3_LIRCMOP4_N100_FE50000_run1_seed269401.mat"
"s08_role_separation","Dual-Role-Credit-AOP-v3","LIRCMOP4","LIR-CMOP",100,50000,2,269402,50000,3.9135,0.1201401792146649,0.2689050920295877,1,"Dual_Role_Credit_AOP_v3_LIRCMOP4_N100_FE50000_run2_seed269402.mat"
"s08_role_separation","Dual-Role-Credit-AOP-v3","LIRCMOP4","LIR-CMOP",100,50000,3,269403,50000,4.9196,0.2629640408521599,0.2065815936461583,1,"Dual_Role_Credit_AOP_v3_LIRCMOP4_N100_FE50000_run3_seed269403.mat"
"s08_role_separation","Dual-Role-Credit-AOP-v3","LIRCMOP4","LIR-CMOP",100,50000,4,269404,50000,4.1793,0.1797604285088687,0.251740744485682,1,"Dual_Role_Credit_AOP_v3_LIRCMOP4_N100_FE50000_run4_seed269404.mat"
"s08_role_separation","Dual-Role-Credit-AOP-v3","LIRCMOP4","LIR-CMOP",100,50000,5,269405,50000,5.1026,0.2564260316106152,0.2061948443851734,1,"Dual_Role_Credit_AOP_v3_LIRCMOP4_N100_FE50000_run5_seed269405.mat"
"s08_role_separation","Dual-Role-Credit-AOP-v3","LIRCMOP5","LIR-CMOP",100,50000,1,269501,50000,3.8654,0.2135130455040673,0.1761291407544444,1,"Dual_Role_Credit_AOP_v3_LIRCMOP5_N100_FE50000_run1_seed269501.mat"
"s08_role_separation","Dual-Role-Credit-AOP-v3","LIRCMOP5","LIR-CMOP",100,50000,2,269502,50000,3.7117,0.3896385030031435,0.1139227847725813,1,"Dual_Role_Credit_AOP_v3_LIRCMOP5_N100_FE50000_run2_seed269502.mat"
"s08_role_separation","Dual-Role-Credit-AOP-v3","LIRCMOP5","LIR-CMOP",100,50000,3,269503,50000,3.6733,0.2509646245340101,0.1626855252763556,1,"Dual_Role_Credit_AOP_v3_LIRCMOP5_N100_FE50000_run3_seed269503.mat"
"s08_role_separation","Dual-Role-Credit-AOP-v3","LIRCMOP5","LIR-CMOP",100,50000,4,269504,50000,6.3499,0.09906072626986245,0.2283276296231771,1,"Dual_Role_Credit_AOP_v3_LIRCMOP5_N100_FE50000_run4_seed269504.mat"
"s08_role_separation","Dual-Role-Credit-AOP-v3","LIRCMOP5","LIR-CMOP",100,50000,5,269505,50000,3.9815,0.3464680456160428,0.1961813255553832,1,"Dual_Role_Credit_AOP_v3_LIRCMOP5_N100_FE50000_run5_seed269505.mat"
"s08_role_separation","Dual-Role-Credit-AOP-v3","LIRCMOP6","LIR-CMOP",100,50000,1,269601,50000,7.5105,0.2055336098673547,0.1498612829633227,1,"Dual_Role_Credit_AOP_v3_LIRCMOP6_N100_FE50000_run1_seed269601.mat"
"s08_role_separation","Dual-Role-Credit-AOP-v3","LIRCMOP6","LIR-CMOP",100,50000,2,269602,50000,4.1277,0.2507599382843093,0.1385081580669323,1,"Dual_Role_Credit_AOP_v3_LIRCMOP6_N100_FE50000_run2_seed269602.mat"
"s08_role_separation","Dual-Role-Credit-AOP-v3","LIRCMOP6","LIR-CMOP",100,50000,3,269603,50000,4.084,0.1839245757447095,0.1354847324183323,1,"Dual_Role_Credit_AOP_v3_LIRCMOP6_N100_FE50000_run3_seed269603.mat"
"s08_role_separation","Dual-Role-Credit-AOP-v3","LIRCMOP6","LIR-CMOP",100,50000,4,269604,50000,4.5658,0.2723821751918432,0.1369360670105899,1,"Dual_Role_Credit_AOP_v3_LIRCMOP6_N100_FE50000_run4_seed269604.mat"
"s08_role_separation","Dual-Role-Credit-AOP-v3","LIRCMOP6","LIR-CMOP",100,50000,5,269605,50000,4.2281,0.17848539289493,0.1259540434859816,1,"Dual_Role_Credit_AOP_v3_LIRCMOP6_N100_FE50000_run5_seed269605.mat"
"s08_role_separation","Dual-Role-Credit-AOP-v3","LIRCMOP7","LIR-CMOP",100,50000,1,269701,50000,3.734,0.01507883915700698,0.2893805608205987,1,"Dual_Role_Credit_AOP_v3_LIRCMOP7_N100_FE50000_run1_seed269701.mat"
"s08_role_separation","Dual-Role-Credit-AOP-v3","LIRCMOP7","LIR-CMOP",100,50000,2,269702,50000,4.1009,0.01690018151234591,0.2885224586714917,1,"Dual_Role_Credit_AOP_v3_LIRCMOP7_N100_FE50000_run2_seed269702.mat"
"s08_role_separation","Dual-Role-Credit-AOP-v3","LIRCMOP7","LIR-CMOP",100,50000,3,269703,50000,3.6894,0.08507444385046549,0.2614018452059759,1,"Dual_Role_Credit_AOP_v3_LIRCMOP7_N100_FE50000_run3_seed269703.mat"
"s08_role_separation","Dual-Role-Credit-AOP-v3","LIRCMOP7","LIR-CMOP",100,50000,4,269704,50000,3.7296,0.01192623294110493,0.2910937316675971,1,"Dual_Role_Credit_AOP_v3_LIRCMOP7_N100_FE50000_run4_seed269704.mat"
"s08_role_separation","Dual-Role-Credit-AOP-v3","LIRCMOP7","LIR-CMOP",100,50000,5,269705,50000,3.5579,0.01511384792496903,0.2895607248822927,1,"Dual_Role_Credit_AOP_v3_LIRCMOP7_N100_FE50000_run5_seed269705.mat"
"s08_role_separation","Dual-Role-Credit-AOP-v3","LIRCMOP8","LIR-CMOP",100,50000,1,269801,50000,4.0659,0.198256020444475,0.2558157753263591,1,"Dual_Role_Credit_AOP_v3_LIRCMOP8_N100_FE50000_run1_seed269801.mat"
"s08_role_separation","Dual-Role-Credit-AOP-v3","LIRCMOP8","LIR-CMOP",100,50000,2,269802,50000,4.5281,0.0154894308916263,0.2898681727045165,1,"Dual_Role_Credit_AOP_v3_LIRCMOP8_N100_FE50000_run2_seed269802.mat"
"s08_role_separation","Dual-Role-Credit-AOP-v3","LIRCMOP8","LIR-CMOP",100,50000,3,269803,50000,4.0192,0.01175247330611399,0.2915306424790837,1,"Dual_Role_Credit_AOP_v3_LIRCMOP8_N100_FE50000_run3_seed269803.mat"
"s08_role_separation","Dual-Role-Credit-AOP-v3","LIRCMOP8","LIR-CMOP",100,50000,4,269804,50000,3.5705,0.06452734707053825,0.2652639040430739,1,"Dual_Role_Credit_AOP_v3_LIRCMOP8_N100_FE50000_run4_seed269804.mat"
"s08_role_separation","Dual-Role-Credit-AOP-v3","LIRCMOP8","LIR-CMOP",100,50000,5,269805,50000,3.7686,0.0312555898749745,0.2821741699382112,1,"Dual_Role_Credit_AOP_v3_LIRCMOP8_N100_FE50000_run5_seed269805.mat"
"s08_role_separation","Dual-Role-Credit-AOP-v3","LIRCMOP9","LIR-CMOP",100,50000,1,269901,50000,6.003,0.506205729125353,0.3578415767833097,1,"Dual_Role_Credit_AOP_v3_LIRCMOP9_N100_FE50000_run1_seed269901.mat"
"s08_role_separation","Dual-Role-Credit-AOP-v3","LIRCMOP9","LIR-CMOP",100,50000,2,269902,50000,8.4082,0.5065559033107451,0.3573016344729552,1,"Dual_Role_Credit_AOP_v3_LIRCMOP9_N100_FE50000_run2_seed269902.mat"
"s08_role_separation","Dual-Role-Credit-AOP-v3","LIRCMOP9","LIR-CMOP",100,50000,3,269903,50000,6.2606,0.5131748725283637,0.3450943698773835,1,"Dual_Role_Credit_AOP_v3_LIRCMOP9_N100_FE50000_run3_seed269903.mat"
"s08_role_separation","Dual-Role-Credit-AOP-v3","LIRCMOP9","LIR-CMOP",100,50000,4,269904,50000,8.6854,0.5065421001322202,0.3575256806138226,1,"Dual_Role_Credit_AOP_v3_LIRCMOP9_N100_FE50000_run4_seed269904.mat"
"s08_role_separation","Dual-Role-Credit-AOP-v3","LIRCMOP9","LIR-CMOP",100,50000,5,269905,50000,6.1218,0.4072119090515827,0.394172431439154,1,"Dual_Role_Credit_AOP_v3_LIRCMOP9_N100_FE50000_run5_seed269905.mat"
"s08_role_separation","Dual-Survival-Credit-AOP","CF10","CF",100,50000,1,249001,50000,7.455,0.109574621785361,0.3778166315236693,1,"Dual_Survival_Credit_AOP_CF10_N100_FE50000_run1_seed249001.mat"
"s08_role_separation","Dual-Survival-Credit-AOP","CF10","CF",100,50000,2,249002,50000,8.2097,0.3618486954420718,0.1790410712909636,1,"Dual_Survival_Credit_AOP_CF10_N100_FE50000_run2_seed249002.mat"
"s08_role_separation","Dual-Survival-Credit-AOP","CF10","CF",100,50000,3,249003,50000,5.489,0.2287853248121305,0.2251225585533084,1,"Dual_Survival_Credit_AOP_CF10_N100_FE50000_run3_seed249003.mat"
"s08_role_separation","Dual-Survival-Credit-AOP","CF10","CF",100,50000,4,249004,50000,7.6114,0.3415762261034147,0.1685323319407876,1,"Dual_Survival_Credit_AOP_CF10_N100_FE50000_run4_seed249004.mat"
"s08_role_separation","Dual-Survival-Credit-AOP","CF10","CF",100,50000,5,249005,50000,14.9172,0.3506601091127291,0.1539450358636339,1,"Dual_Survival_Credit_AOP_CF10_N100_FE50000_run5_seed249005.mat"
"s08_role_separation","Dual-Survival-Credit-AOP","CF1","CF",100,50000,1,248101,50000,5.1701,0.005845520057023281,0.5591033141836241,1,"Dual_Survival_Credit_AOP_CF1_N100_FE50000_run1_seed248101.mat"
"s08_role_separation","Dual-Survival-Credit-AOP","CF1","CF",100,50000,2,248102,50000,6.9822,0.003871010864547642,0.5613868592700408,1,"Dual_Survival_Credit_AOP_CF1_N100_FE50000_run2_seed248102.mat"
"s08_role_separation","Dual-Survival-Credit-AOP","CF1","CF",100,50000,3,248103,50000,5.1728,0.005866170338494764,0.5590178751849716,1,"Dual_Survival_Credit_AOP_CF1_N100_FE50000_run3_seed248103.mat"
"s08_role_separation","Dual-Survival-Credit-AOP","CF1","CF",100,50000,4,248104,50000,7.6064,0.005160691258161547,0.559965724153265,1,"Dual_Survival_Credit_AOP_CF1_N100_FE50000_run4_seed248104.mat"
"s08_role_separation","Dual-Survival-Credit-AOP","CF1","CF",100,50000,5,248105,50000,4.9051,0.004551395568812601,0.5605646739267308,1,"Dual_Survival_Credit_AOP_CF1_N100_FE50000_run5_seed248105.mat"
"s08_role_separation","Dual-Survival-Credit-AOP","CF2","CF",100,50000,1,248201,50000,5.0112,0.04074241680560592,0.6398704637654882,1,"Dual_Survival_Credit_AOP_CF2_N100_FE50000_run1_seed248201.mat"
"s08_role_separation","Dual-Survival-Credit-AOP","CF2","CF",100,50000,2,248202,50000,5.0297,0.02232962461364516,0.6359095308516123,1,"Dual_Survival_Credit_AOP_CF2_N100_FE50000_run2_seed248202.mat"
"s08_role_separation","Dual-Survival-Credit-AOP","CF2","CF",100,50000,3,248203,50000,7.3818,0.01347342124043851,0.6567348860438422,1,"Dual_Survival_Credit_AOP_CF2_N100_FE50000_run3_seed248203.mat"
"s08_role_separation","Dual-Survival-Credit-AOP","CF2","CF",100,50000,4,248204,50000,5.0761,0.02798294398629797,0.6456570405231479,1,"Dual_Survival_Credit_AOP_CF2_N100_FE50000_run4_seed248204.mat"
"s08_role_separation","Dual-Survival-Credit-AOP","CF2","CF",100,50000,5,248205,50000,6.8356,0.02023891235921129,0.6540170648950245,1,"Dual_Survival_Credit_AOP_CF2_N100_FE50000_run5_seed248205.mat"
"s08_role_separation","Dual-Survival-Credit-AOP","CF3","CF",100,50000,1,248301,50000,4.0493,0.1223312910781823,0.2322094860361338,1,"Dual_Survival_Credit_AOP_CF3_N100_FE50000_run1_seed248301.mat"
"s08_role_separation","Dual-Survival-Credit-AOP","CF3","CF",100,50000,2,248302,50000,3.917,0.2965837867062953,0.0966424122519729,1,"Dual_Survival_Credit_AOP_CF3_N100_FE50000_run2_seed248302.mat"
"s08_role_separation","Dual-Survival-Credit-AOP","CF3","CF",100,50000,3,248303,50000,4.6169,0.1158462193989685,0.3025005138600093,1,"Dual_Survival_Credit_AOP_CF3_N100_FE50000_run3_seed248303.mat"
"s08_role_separation","Dual-Survival-Credit-AOP","CF3","CF",100,50000,4,248304,50000,4.6705,0.1851730008688879,0.2245037263333964,1,"Dual_Survival_Credit_AOP_CF3_N100_FE50000_run4_seed248304.mat"
"s08_role_separation","Dual-Survival-Credit-AOP","CF3","CF",100,50000,5,248305,50000,4.5513,0.1205125708192074,0.2997328046650964,1,"Dual_Survival_Credit_AOP_CF3_N100_FE50000_run5_seed248305.mat"
"s08_role_separation","Dual-Survival-Credit-AOP","CF4","CF",100,50000,1,248401,50000,7.1761,0.04312089005971058,0.4772184909010491,1,"Dual_Survival_Credit_AOP_CF4_N100_FE50000_run1_seed248401.mat"
"s08_role_separation","Dual-Survival-Credit-AOP","CF4","CF",100,50000,2,248402,50000,4.791,0.05544137991774618,0.4607977139265418,1,"Dual_Survival_Credit_AOP_CF4_N100_FE50000_run2_seed248402.mat"
"s08_role_separation","Dual-Survival-Credit-AOP","CF4","CF",100,50000,3,248403,50000,4.9319,0.03531275428715918,0.4894885911226398,1,"Dual_Survival_Credit_AOP_CF4_N100_FE50000_run3_seed248403.mat"
"s08_role_separation","Dual-Survival-Credit-AOP","CF4","CF",100,50000,4,248404,50000,4.9156,0.0349547908645946,0.4903625866607825,1,"Dual_Survival_Credit_AOP_CF4_N100_FE50000_run4_seed248404.mat"
"s08_role_separation","Dual-Survival-Credit-AOP","CF4","CF",100,50000,5,248405,50000,5.3613,0.06988139371035995,0.4451704392308111,1,"Dual_Survival_Credit_AOP_CF4_N100_FE50000_run5_seed248405.mat"
"s08_role_separation","Dual-Survival-Credit-AOP","CF5","CF",100,50000,1,248501,50000,5.7715,0.07716021788916801,0.4352677265341992,1,"Dual_Survival_Credit_AOP_CF5_N100_FE50000_run1_seed248501.mat"
"s08_role_separation","Dual-Survival-Credit-AOP","CF5","CF",100,50000,2,248502,50000,6.5379,0.07044728320896691,0.4386685806588224,1,"Dual_Survival_Credit_AOP_CF5_N100_FE50000_run2_seed248502.mat"
"s08_role_separation","Dual-Survival-Credit-AOP","CF5","CF",100,50000,3,248503,50000,5.3899,0.1619168139546123,0.3941325590632128,1,"Dual_Survival_Credit_AOP_CF5_N100_FE50000_run3_seed248503.mat"
"s08_role_separation","Dual-Survival-Credit-AOP","CF5","CF",100,50000,4,248504,50000,5.1791,0.1002979779885458,0.4051914320637914,1,"Dual_Survival_Credit_AOP_CF5_N100_FE50000_run4_seed248504.mat"
"s08_role_separation","Dual-Survival-Credit-AOP","CF5","CF",100,50000,5,248505,50000,5.78,0.2891857008407032,0.3034177188795866,1,"Dual_Survival_Credit_AOP_CF5_N100_FE50000_run5_seed248505.mat"
"s08_role_separation","Dual-Survival-Credit-AOP","CF6","CF",100,50000,1,248601,50000,9.2435,0.05788200673371007,0.651126936453254,1,"Dual_Survival_Credit_AOP_CF6_N100_FE50000_run1_seed248601.mat"
"s08_role_separation","Dual-Survival-Credit-AOP","CF6","CF",100,50000,2,248602,50000,6.1074,0.06468924397857272,0.6479609421839954,1,"Dual_Survival_Credit_AOP_CF6_N100_FE50000_run2_seed248602.mat"
"s08_role_separation","Dual-Survival-Credit-AOP","CF6","CF",100,50000,3,248603,50000,8.869,0.04490398059976863,0.6488873122439961,1,"Dual_Survival_Credit_AOP_CF6_N100_FE50000_run3_seed248603.mat"
"s08_role_separation","Dual-Survival-Credit-AOP","CF6","CF",100,50000,4,248604,50000,6.4274,0.04080896127069745,0.6603846836333754,1,"Dual_Survival_Credit_AOP_CF6_N100_FE50000_run4_seed248604.mat"
"s08_role_separation","Dual-Survival-Credit-AOP","CF6","CF",100,50000,5,248605,50000,6.2959,0.08866353649642779,0.6399703186128066,1,"Dual_Survival_Credit_AOP_CF6_N100_FE50000_run5_seed248605.mat"
"s08_role_separation","Dual-Survival-Credit-AOP","CF7","CF",100,50000,1,248701,50000,5.0322,0.3476197827506763,0.4515278791836969,1,"Dual_Survival_Credit_AOP_CF7_N100_FE50000_run1_seed248701.mat"
"s08_role_separation","Dual-Survival-Credit-AOP","CF7","CF",100,50000,2,248702,50000,6.5789,0.09281915635439419,0.5686278378177934,1,"Dual_Survival_Credit_AOP_CF7_N100_FE50000_run2_seed248702.mat"
"s08_role_separation","Dual-Survival-Credit-AOP","CF7","CF",100,50000,3,248703,50000,5.0566,0.07672477630344737,0.6103133430188628,1,"Dual_Survival_Credit_AOP_CF7_N100_FE50000_run3_seed248703.mat"
"s08_role_separation","Dual-Survival-Credit-AOP","CF7","CF",100,50000,4,248704,50000,5.6585,0.2737278293393648,0.4641245086352135,1,"Dual_Survival_Credit_AOP_CF7_N100_FE50000_run4_seed248704.mat"
"s08_role_separation","Dual-Survival-Credit-AOP","CF7","CF",100,50000,5,248705,50000,4.4172,0.09797341498831734,0.550621591662963,1,"Dual_Survival_Credit_AOP_CF7_N100_FE50000_run5_seed248705.mat"
"s08_role_separation","Dual-Survival-Credit-AOP","CF8","CF",100,50000,1,248801,50000,4.8787,0.1582830499223995,0.3201206105506818,1,"Dual_Survival_Credit_AOP_CF8_N100_FE50000_run1_seed248801.mat"
"s08_role_separation","Dual-Survival-Credit-AOP","CF8","CF",100,50000,2,248802,50000,4.4538,0.1639683769371554,0.3423582038856816,1,"Dual_Survival_Credit_AOP_CF8_N100_FE50000_run2_seed248802.mat"
"s08_role_separation","Dual-Survival-Credit-AOP","CF8","CF",100,50000,3,248803,50000,6.299,0.1540022910816453,0.3440707806637912,1,"Dual_Survival_Credit_AOP_CF8_N100_FE50000_run3_seed248803.mat"
"s08_role_separation","Dual-Survival-Credit-AOP","CF8","CF",100,50000,4,248804,50000,4.475,0.1620211261134265,0.3390592301745118,1,"Dual_Survival_Credit_AOP_CF8_N100_FE50000_run4_seed248804.mat"
"s08_role_separation","Dual-Survival-Credit-AOP","CF8","CF",100,50000,5,248805,50000,6.4317,0.1761247426685206,0.3258644355937838,1,"Dual_Survival_Credit_AOP_CF8_N100_FE50000_run5_seed248805.mat"
"s08_role_separation","Dual-Survival-Credit-AOP","CF9","CF",100,50000,1,248901,50000,6.2717,0.08676581679435161,0.4293146952539048,1,"Dual_Survival_Credit_AOP_CF9_N100_FE50000_run1_seed248901.mat"
"s08_role_separation","Dual-Survival-Credit-AOP","CF9","CF",100,50000,2,248902,50000,6.021,0.09518504357783535,0.4251896122866436,1,"Dual_Survival_Credit_AOP_CF9_N100_FE50000_run2_seed248902.mat"
"s08_role_separation","Dual-Survival-Credit-AOP","CF9","CF",100,50000,3,248903,50000,5.7794,0.09558047054375778,0.4269389476178576,1,"Dual_Survival_Credit_AOP_CF9_N100_FE50000_run3_seed248903.mat"
"s08_role_separation","Dual-Survival-Credit-AOP","CF9","CF",100,50000,4,248904,50000,9.5079,0.1024463295894695,0.4199418460144591,1,"Dual_Survival_Credit_AOP_CF9_N100_FE50000_run4_seed248904.mat"
"s08_role_separation","Dual-Survival-Credit-AOP","CF9","CF",100,50000,5,248905,50000,5.639,0.09449451868104951,0.4240725455940865,1,"Dual_Survival_Credit_AOP_CF9_N100_FE50000_run5_seed248905.mat"
"s08_role_separation","Dual-Survival-Credit-AOP","DASCMOP1","DAS-CMOP",100,50000,1,250501,50000,3.7973,0.01176924736232731,0.209927617027196,1,"Dual_Survival_Credit_AOP_DASCMOP1_N100_FE50000_run1_seed250501.mat"
"s08_role_separation","Dual-Survival-Credit-AOP","DASCMOP1","DAS-CMOP",100,50000,2,250502,50000,4.36,0.008990909318455914,0.2096132384406027,1,"Dual_Survival_Credit_AOP_DASCMOP1_N100_FE50000_run2_seed250502.mat"
"s08_role_separation","Dual-Survival-Credit-AOP","DASCMOP1","DAS-CMOP",100,50000,3,250503,50000,3.6685,0.007535288162256882,0.2087999064652454,1,"Dual_Survival_Credit_AOP_DASCMOP1_N100_FE50000_run3_seed250503.mat"
"s08_role_separation","Dual-Survival-Credit-AOP","DASCMOP1","DAS-CMOP",100,50000,4,250504,50000,4.2586,0.009249954352997946,0.2074902327021102,1,"Dual_Survival_Credit_AOP_DASCMOP1_N100_FE50000_run4_seed250504.mat"
"s08_role_separation","Dual-Survival-Credit-AOP","DASCMOP1","DAS-CMOP",100,50000,5,250505,50000,4.0757,0.005942365330529679,0.2103130470019905,1,"Dual_Survival_Credit_AOP_DASCMOP1_N100_FE50000_run5_seed250505.mat"
"s08_role_separation","Dual-Survival-Credit-AOP","DASCMOP2","DAS-CMOP",100,50000,1,250601,50000,3.7308,0.00842845114261704,0.3515349845380044,1,"Dual_Survival_Credit_AOP_DASCMOP2_N100_FE50000_run1_seed250601.mat"
"s08_role_separation","Dual-Survival-Credit-AOP","DASCMOP2","DAS-CMOP",100,50000,2,250602,50000,3.7026,0.007898754737516113,0.3524127796764125,1,"Dual_Survival_Credit_AOP_DASCMOP2_N100_FE50000_run2_seed250602.mat"
"s08_role_separation","Dual-Survival-Credit-AOP","DASCMOP2","DAS-CMOP",100,50000,3,250603,50000,4.2248,0.009627597974342272,0.3511924181417661,1,"Dual_Survival_Credit_AOP_DASCMOP2_N100_FE50000_run3_seed250603.mat"
"s08_role_separation","Dual-Survival-Credit-AOP","DASCMOP2","DAS-CMOP",100,50000,4,250604,50000,3.5953,0.006962107683468135,0.3528669818211462,1,"Dual_Survival_Credit_AOP_DASCMOP2_N100_FE50000_run4_seed250604.mat"
"s08_role_separation","Dual-Survival-Credit-AOP","DASCMOP2","DAS-CMOP",100,50000,5,250605,50000,4.1879,0.01048571812757445,0.3509545727095471,1,"Dual_Survival_Credit_AOP_DASCMOP2_N100_FE50000_run5_seed250605.mat"
"s08_role_separation","Dual-Survival-Credit-AOP","DASCMOP3","DAS-CMOP",100,50000,1,250701,50000,3.6504,0.02173983679619408,0.3076702311145243,1,"Dual_Survival_Credit_AOP_DASCMOP3_N100_FE50000_run1_seed250701.mat"
"s08_role_separation","Dual-Survival-Credit-AOP","DASCMOP3","DAS-CMOP",100,50000,2,250702,50000,3.7632,0.05069180917792618,0.2866438581428268,1,"Dual_Survival_Credit_AOP_DASCMOP3_N100_FE50000_run2_seed250702.mat"
"s08_role_separation","Dual-Survival-Credit-AOP","DASCMOP3","DAS-CMOP",100,50000,3,250703,50000,3.5635,0.02406152383056556,0.304457411280974,1,"Dual_Survival_Credit_AOP_DASCMOP3_N100_FE50000_run3_seed250703.mat"
"s08_role_separation","Dual-Survival-Credit-AOP","DASCMOP3","DAS-CMOP",100,50000,4,250704,50000,3.9006,0.0220874958162477,0.3103168410381378,1,"Dual_Survival_Credit_AOP_DASCMOP3_N100_FE50000_run4_seed250704.mat"
"s08_role_separation","Dual-Survival-Credit-AOP","DASCMOP3","DAS-CMOP",100,50000,5,250705,50000,3.8797,0.3216614689432747,0.2215997834523918,1,"Dual_Survival_Credit_AOP_DASCMOP3_N100_FE50000_run5_seed250705.mat"
"s08_role_separation","Dual-Survival-Credit-AOP","DASCMOP4","DAS-CMOP",100,50000,1,250801,50000,3.7824,0.4009142608410287,0.04918694165199367,1,"Dual_Survival_Credit_AOP_DASCMOP4_N100_FE50000_run1_seed250801.mat"
"s08_role_separation","Dual-Survival-Credit-AOP","DASCMOP4","DAS-CMOP",100,50000,2,250802,50000,3.8096,0.4940524362420213,0.02392316787152119,1,"Dual_Survival_Credit_AOP_DASCMOP4_N100_FE50000_run2_seed250802.mat"
"s08_role_separation","Dual-Survival-Credit-AOP","DASCMOP4","DAS-CMOP",100,50000,3,250803,50000,3.6432,0.3664513255558971,0.04988243117545489,1,"Dual_Survival_Credit_AOP_DASCMOP4_N100_FE50000_run3_seed250803.mat"
"s08_role_separation","Dual-Survival-Credit-AOP","DASCMOP4","DAS-CMOP",100,50000,4,250804,50000,3.7807,0.4783595776447896,0.0251471447316477,1,"Dual_Survival_Credit_AOP_DASCMOP4_N100_FE50000_run4_seed250804.mat"
"s08_role_separation","Dual-Survival-Credit-AOP","DASCMOP4","DAS-CMOP",100,50000,5,250805,50000,3.6974,0.5216065688522138,0.01654150246160274,1,"Dual_Survival_Credit_AOP_DASCMOP4_N100_FE50000_run5_seed250805.mat"
"s08_role_separation","Dual-Survival-Credit-AOP","DASCMOP5","DAS-CMOP",100,50000,1,250901,50000,3.368,0.6996147233121622,0.03637041768854547,1,"Dual_Survival_Credit_AOP_DASCMOP5_N100_FE50000_run1_seed250901.mat"
"s08_role_separation","Dual-Survival-Credit-AOP","DASCMOP5","DAS-CMOP",100,50000,2,250902,50000,3.7089,0.1876985203761117,0.2320421255777984,1,"Dual_Survival_Credit_AOP_DASCMOP5_N100_FE50000_run2_seed250902.mat"
"s08_role_separation","Dual-Survival-Credit-AOP","DASCMOP5","DAS-CMOP",100,50000,3,250903,50000,3.6879,0.34990993155326,0.1327666000558433,1,"Dual_Survival_Credit_AOP_DASCMOP5_N100_FE50000_run3_seed250903.mat"
"s08_role_separation","Dual-Survival-Credit-AOP","DASCMOP5","DAS-CMOP",100,50000,4,250904,50000,3.9222,0.1460953104949126,0.2573487155544791,1,"Dual_Survival_Credit_AOP_DASCMOP5_N100_FE50000_run4_seed250904.mat"
"s08_role_separation","Dual-Survival-Credit-AOP","DASCMOP5","DAS-CMOP",100,50000,5,250905,50000,3.7303,0.325861319629577,0.1432915353851482,1,"Dual_Survival_Credit_AOP_DASCMOP5_N100_FE50000_run5_seed250905.mat"
"s08_role_separation","Dual-Survival-Credit-AOP","DASCMOP6","DAS-CMOP",100,50000,1,251001,50000,3.719,0.5494166192510767,0.04731960152271689,1,"Dual_Survival_Credit_AOP_DASCMOP6_N100_FE50000_run1_seed251001.mat"
"s08_role_separation","Dual-Survival-Credit-AOP","DASCMOP6","DAS-CMOP",100,50000,2,251002,50000,3.2842,0.1829371202905821,0.2385937827701496,1,"Dual_Survival_Credit_AOP_DASCMOP6_N100_FE50000_run2_seed251002.mat"
"s08_role_separation","Dual-Survival-Credit-AOP","DASCMOP6","DAS-CMOP",100,50000,3,251003,50000,3.7127,0.04121185211415384,0.2905685573425874,1,"Dual_Survival_Credit_AOP_DASCMOP6_N100_FE50000_run3_seed251003.mat"
"s08_role_separation","Dual-Survival-Credit-AOP","DASCMOP6","DAS-CMOP",100,50000,4,251004,50000,3.6693,0.3558102239007241,0.1401584135669396,1,"Dual_Survival_Credit_AOP_DASCMOP6_N100_FE50000_run4_seed251004.mat"
"s08_role_separation","Dual-Survival-Credit-AOP","DASCMOP6","DAS-CMOP",100,50000,5,251005,50000,3.8245,0.2692856325555247,0.1919595081690192,1,"Dual_Survival_Credit_AOP_DASCMOP6_N100_FE50000_run5_seed251005.mat"
"s08_role_separation","Dual-Survival-Credit-AOP","DASCMOP7","DAS-CMOP",100,50000,1,251101,50000,3.7825,0.7180174073428041,0.03779684421345211,1,"Dual_Survival_Credit_AOP_DASCMOP7_N100_FE50000_run1_seed251101.mat"
"s08_role_separation","Dual-Survival-Credit-AOP","DASCMOP7","DAS-CMOP",100,50000,2,251102,50000,4.2603,0.3746000104182403,0.1270120634114675,1,"Dual_Survival_Credit_AOP_DASCMOP7_N100_FE50000_run2_seed251102.mat"
"s08_role_separation","Dual-Survival-Credit-AOP","DASCMOP7","DAS-CMOP",100,50000,3,251103,50000,3.6403,0.6757776225800259,0.0457235268503601,1,"Dual_Survival_Credit_AOP_DASCMOP7_N100_FE50000_run3_seed251103.mat"
"s08_role_separation","Dual-Survival-Credit-AOP","DASCMOP7","DAS-CMOP",100,50000,4,251104,50000,4.3761,0.03298977013113957,0.2852333628659158,1,"Dual_Survival_Credit_AOP_DASCMOP7_N100_FE50000_run4_seed251104.mat"
"s08_role_separation","Dual-Survival-Credit-AOP","DASCMOP7","DAS-CMOP",100,50000,5,251105,50000,3.9494,0.7477266192726002,0.03101387663846804,1,"Dual_Survival_Credit_AOP_DASCMOP7_N100_FE50000_run5_seed251105.mat"
"s08_role_separation","Dual-Survival-Credit-AOP","DASCMOP8","DAS-CMOP",100,50000,1,251201,50000,4.1154,0.3994918013837487,0.03408425268793976,1,"Dual_Survival_Credit_AOP_DASCMOP8_N100_FE50000_run1_seed251201.mat"
"s08_role_separation","Dual-Survival-Credit-AOP","DASCMOP8","DAS-CMOP",100,50000,2,251202,50000,3.9545,0.1090455857144722,0.1731627423369107,1,"Dual_Survival_Credit_AOP_DASCMOP8_N100_FE50000_run2_seed251202.mat"
"s08_role_separation","Dual-Survival-Credit-AOP","DASCMOP8","DAS-CMOP",100,50000,3,251203,50000,4.053,0.4333871989957946,0.02402619639796319,1,"Dual_Survival_Credit_AOP_DASCMOP8_N100_FE50000_run3_seed251203.mat"
"s08_role_separation","Dual-Survival-Credit-AOP","DASCMOP8","DAS-CMOP",100,50000,4,251204,50000,3.7181,0.07292516038434288,0.1957485582541848,1,"Dual_Survival_Credit_AOP_DASCMOP8_N100_FE50000_run4_seed251204.mat"
"s08_role_separation","Dual-Survival-Credit-AOP","DASCMOP8","DAS-CMOP",100,50000,5,251205,50000,4.519,0.4982159296278587,0.01188334055180029,1,"Dual_Survival_Credit_AOP_DASCMOP8_N100_FE50000_run5_seed251205.mat"
"s08_role_separation","Dual-Survival-Credit-AOP","DASCMOP9","DAS-CMOP",100,50000,1,251301,50000,3.9216,0.06863991282531176,0.2001270827377691,1,"Dual_Survival_Credit_AOP_DASCMOP9_N100_FE50000_run1_seed251301.mat"
"s08_role_separation","Dual-Survival-Credit-AOP","DASCMOP9","DAS-CMOP",100,50000,2,251302,50000,3.8634,0.0529435908550101,0.2027888217785398,1,"Dual_Survival_Credit_AOP_DASCMOP9_N100_FE50000_run2_seed251302.mat"
"s08_role_separation","Dual-Survival-Credit-AOP","DASCMOP9","DAS-CMOP",100,50000,3,251303,50000,3.9233,0.07101740021355565,0.1992127288624048,1,"Dual_Survival_Credit_AOP_DASCMOP9_N100_FE50000_run3_seed251303.mat"
"s08_role_separation","Dual-Survival-Credit-AOP","DASCMOP9","DAS-CMOP",100,50000,4,251304,50000,5.0153,0.04288228187897969,0.2041623961359104,1,"Dual_Survival_Credit_AOP_DASCMOP9_N100_FE50000_run4_seed251304.mat"
"s08_role_separation","Dual-Survival-Credit-AOP","DASCMOP9","DAS-CMOP",100,50000,5,251305,50000,4.0363,0.06263578234305045,0.2018029615746307,1,"Dual_Survival_Credit_AOP_DASCMOP9_N100_FE50000_run5_seed251305.mat"
"s08_role_separation","Dual-Survival-Credit-AOP","LIRCMOP10","LIR-CMOP",100,50000,1,250001,50000,6.2978,0.2170652678338843,0.6028436725107506,1,"Dual_Survival_Credit_AOP_LIRCMOP10_N100_FE50000_run1_seed250001.mat"
"s08_role_separation","Dual-Survival-Credit-AOP","LIRCMOP10","LIR-CMOP",100,50000,2,250002,50000,6.8706,0.2257034066915706,0.5951038267926163,1,"Dual_Survival_Credit_AOP_LIRCMOP10_N100_FE50000_run2_seed250002.mat"
"s08_role_separation","Dual-Survival-Credit-AOP","LIRCMOP10","LIR-CMOP",100,50000,3,250003,50000,9.1541,0.2454153833034,0.5845110477451819,1,"Dual_Survival_Credit_AOP_LIRCMOP10_N100_FE50000_run3_seed250003.mat"
"s08_role_separation","Dual-Survival-Credit-AOP","LIRCMOP10","LIR-CMOP",100,50000,4,250004,50000,7.6063,0.2432322389389179,0.5805251191405948,1,"Dual_Survival_Credit_AOP_LIRCMOP10_N100_FE50000_run4_seed250004.mat"
"s08_role_separation","Dual-Survival-Credit-AOP","LIRCMOP10","LIR-CMOP",100,50000,5,250005,50000,8.6089,0.2514690069661449,0.5753598538609256,1,"Dual_Survival_Credit_AOP_LIRCMOP10_N100_FE50000_run5_seed250005.mat"
"s08_role_separation","Dual-Survival-Credit-AOP","LIRCMOP11","LIR-CMOP",100,50000,1,250101,50000,5.6817,0.1452731881744427,0.5997468845629329,1,"Dual_Survival_Credit_AOP_LIRCMOP11_N100_FE50000_run1_seed250101.mat"
"s08_role_separation","Dual-Survival-Credit-AOP","LIRCMOP11","LIR-CMOP",100,50000,2,250102,50000,5.5876,0.07536843648806286,0.6568997861070659,1,"Dual_Survival_Credit_AOP_LIRCMOP11_N100_FE50000_run2_seed250102.mat"
"s08_role_separation","Dual-Survival-Credit-AOP","LIRCMOP11","LIR-CMOP",100,50000,3,250103,50000,5.8023,0.07750341653055778,0.6546973672314981,1,"Dual_Survival_Credit_AOP_LIRCMOP11_N100_FE50000_run3_seed250103.mat"
"s08_role_separation","Dual-Survival-Credit-AOP","LIRCMOP11","LIR-CMOP",100,50000,4,250104,50000,9.147,0.07588532865887351,0.6567497224209076,1,"Dual_Survival_Credit_AOP_LIRCMOP11_N100_FE50000_run4_seed250104.mat"
"s08_role_separation","Dual-Survival-Credit-AOP","LIRCMOP11","LIR-CMOP",100,50000,5,250105,50000,6.4292,0.09042703763810338,0.6408059407878118,1,"Dual_Survival_Credit_AOP_LIRCMOP11_N100_FE50000_run5_seed250105.mat"
"s08_role_separation","Dual-Survival-Credit-AOP","LIRCMOP12","LIR-CMOP",100,50000,1,250201,50000,4.855,0.2118076527950637,0.4942811590750961,1,"Dual_Survival_Credit_AOP_LIRCMOP12_N100_FE50000_run1_seed250201.mat"
"s08_role_separation","Dual-Survival-Credit-AOP","LIRCMOP12","LIR-CMOP",100,50000,2,250202,50000,4.1763,0.1605951956244923,0.5338564413396325,1,"Dual_Survival_Credit_AOP_LIRCMOP12_N100_FE50000_run2_seed250202.mat"
"s08_role_separation","Dual-Survival-Credit-AOP","LIRCMOP12","LIR-CMOP",100,50000,3,250203,50000,4.0407,0.263496485593861,0.4632749333716523,1,"Dual_Survival_Credit_AOP_LIRCMOP12_N100_FE50000_run3_seed250203.mat"
"s08_role_separation","Dual-Survival-Credit-AOP","LIRCMOP12","LIR-CMOP",100,50000,4,250204,50000,4.3579,0.2712677882950363,0.4826199802469953,1,"Dual_Survival_Credit_AOP_LIRCMOP12_N100_FE50000_run4_seed250204.mat"
"s08_role_separation","Dual-Survival-Credit-AOP","LIRCMOP12","LIR-CMOP",100,50000,5,250205,50000,4.4675,0.138959898566498,0.5534308070032761,1,"Dual_Survival_Credit_AOP_LIRCMOP12_N100_FE50000_run5_seed250205.mat"
"s08_role_separation","Dual-Survival-Credit-AOP","LIRCMOP13","LIR-CMOP",100,50000,1,250301,50000,9.2457,0.09865366958986843,0.540705160413222,1,"Dual_Survival_Credit_AOP_LIRCMOP13_N100_FE50000_run1_seed250301.mat"
"s08_role_separation","Dual-Survival-Credit-AOP","LIRCMOP13","LIR-CMOP",100,50000,2,250302,50000,19.0541,0.1004860962962152,0.5375210776436974,1,"Dual_Survival_Credit_AOP_LIRCMOP13_N100_FE50000_run2_seed250302.mat"
"s08_role_separation","Dual-Survival-Credit-AOP","LIRCMOP13","LIR-CMOP",100,50000,3,250303,50000,10.5529,0.0989268916978021,0.5398008459430176,1,"Dual_Survival_Credit_AOP_LIRCMOP13_N100_FE50000_run3_seed250303.mat"
"s08_role_separation","Dual-Survival-Credit-AOP","LIRCMOP13","LIR-CMOP",100,50000,4,250304,50000,10.1583,0.09825174372369153,0.541628921746355,1,"Dual_Survival_Credit_AOP_LIRCMOP13_N100_FE50000_run4_seed250304.mat"
"s08_role_separation","Dual-Survival-Credit-AOP","LIRCMOP13","LIR-CMOP",100,50000,5,250305,50000,9.8712,0.09636438671506321,0.544186237302369,1,"Dual_Survival_Credit_AOP_LIRCMOP13_N100_FE50000_run5_seed250305.mat"
"s08_role_separation","Dual-Survival-Credit-AOP","LIRCMOP14","LIR-CMOP",100,50000,1,250401,50000,15.4117,0.0970021774132567,0.5525382815187618,1,"Dual_Survival_Credit_AOP_LIRCMOP14_N100_FE50000_run1_seed250401.mat"
"s08_role_separation","Dual-Survival-Credit-AOP","LIRCMOP14","LIR-CMOP",100,50000,2,250402,50000,8.1075,0.0971095818999269,0.5507905262439168,1,"Dual_Survival_Credit_AOP_LIRCMOP14_N100_FE50000_run2_seed250402.mat"
"s08_role_separation","Dual-Survival-Credit-AOP","LIRCMOP14","LIR-CMOP",100,50000,3,250403,50000,15.2596,0.09826646845413943,0.5502722941246431,1,"Dual_Survival_Credit_AOP_LIRCMOP14_N100_FE50000_run3_seed250403.mat"
"s08_role_separation","Dual-Survival-Credit-AOP","LIRCMOP14","LIR-CMOP",100,50000,4,250404,50000,8.7318,0.09656328351676426,0.5494527779479864,1,"Dual_Survival_Credit_AOP_LIRCMOP14_N100_FE50000_run4_seed250404.mat"
"s08_role_separation","Dual-Survival-Credit-AOP","LIRCMOP14","LIR-CMOP",100,50000,5,250405,50000,8.708,0.09745618882819475,0.551597027759412,1,"Dual_Survival_Credit_AOP_LIRCMOP14_N100_FE50000_run5_seed250405.mat"
"s08_role_separation","Dual-Survival-Credit-AOP","LIRCMOP1","LIR-CMOP",100,50000,1,249101,50000,3.3694,0.2585381156696159,0.1200647569254448,1,"Dual_Survival_Credit_AOP_LIRCMOP1_N100_FE50000_run1_seed249101.mat"
"s08_role_separation","Dual-Survival-Credit-AOP","LIRCMOP1","LIR-CMOP",100,50000,2,249102,50000,4.1775,0.2714476517321464,0.1246849148586754,1,"Dual_Survival_Credit_AOP_LIRCMOP1_N100_FE50000_run2_seed249102.mat"
"s08_role_separation","Dual-Survival-Credit-AOP","LIRCMOP1","LIR-CMOP",100,50000,3,249103,50000,3.772,0.2472067800229146,0.1266450266071015,1,"Dual_Survival_Credit_AOP_LIRCMOP1_N100_FE50000_run3_seed249103.mat"
"s08_role_separation","Dual-Survival-Credit-AOP","LIRCMOP1","LIR-CMOP",100,50000,4,249104,50000,3.8564,0.1278026730094625,0.1776965949677914,1,"Dual_Survival_Credit_AOP_LIRCMOP1_N100_FE50000_run4_seed249104.mat"
"s08_role_separation","Dual-Survival-Credit-AOP","LIRCMOP1","LIR-CMOP",100,50000,5,249105,50000,3.8156,0.3088307333937925,0.1113926373140354,1,"Dual_Survival_Credit_AOP_LIRCMOP1_N100_FE50000_run5_seed249105.mat"
"s08_role_separation","Dual-Survival-Credit-AOP","LIRCMOP2","LIR-CMOP",100,50000,1,249201,50000,5.4364,0.165001088814865,0.2729492930450223,1,"Dual_Survival_Credit_AOP_LIRCMOP2_N100_FE50000_run1_seed249201.mat"
"s08_role_separation","Dual-Survival-Credit-AOP","LIRCMOP2","LIR-CMOP",100,50000,2,249202,50000,3.8041,0.1730537941973866,0.267200852374546,1,"Dual_Survival_Credit_AOP_LIRCMOP2_N100_FE50000_run2_seed249202.mat"
"s08_role_separation","Dual-Survival-Credit-AOP","LIRCMOP2","LIR-CMOP",100,50000,3,249203,50000,4.9667,0.2331738427241145,0.2326177185439164,1,"Dual_Survival_Credit_AOP_LIRCMOP2_N100_FE50000_run3_seed249203.mat"
"s08_role_separation","Dual-Survival-Credit-AOP","LIRCMOP2","LIR-CMOP",100,50000,4,249204,50000,3.8034,0.1193653545937796,0.298696301606696,1,"Dual_Survival_Credit_AOP_LIRCMOP2_N100_FE50000_run4_seed249204.mat"
"s08_role_separation","Dual-Survival-Credit-AOP","LIRCMOP2","LIR-CMOP",100,50000,5,249205,50000,4.0782,0.09731849469830615,0.3003225618203918,1,"Dual_Survival_Credit_AOP_LIRCMOP2_N100_FE50000_run5_seed249205.mat"
"s08_role_separation","Dual-Survival-Credit-AOP","LIRCMOP3","LIR-CMOP",100,50000,1,249301,50000,4.0573,0.2245685562094485,0.1173649657767851,1,"Dual_Survival_Credit_AOP_LIRCMOP3_N100_FE50000_run1_seed249301.mat"
"s08_role_separation","Dual-Survival-Credit-AOP","LIRCMOP3","LIR-CMOP",100,50000,2,249302,50000,5.4355,0.330967511604446,0.08890524664486454,1,"Dual_Survival_Credit_AOP_LIRCMOP3_N100_FE50000_run2_seed249302.mat"
"s08_role_separation","Dual-Survival-Credit-AOP","LIRCMOP3","LIR-CMOP",100,50000,3,249303,50000,4.3003,0.2864991187403675,0.111871983819303,1,"Dual_Survival_Credit_AOP_LIRCMOP3_N100_FE50000_run3_seed249303.mat"
"s08_role_separation","Dual-Survival-Credit-AOP","LIRCMOP3","LIR-CMOP",100,50000,4,249304,50000,5.1579,0.3281902324297706,0.0971022559966245,1,"Dual_Survival_Credit_AOP_LIRCMOP3_N100_FE50000_run4_seed249304.mat"
"s08_role_separation","Dual-Survival-Credit-AOP","LIRCMOP3","LIR-CMOP",100,50000,5,249305,50000,3.9829,0.2784897302383948,0.1058705770316096,1,"Dual_Survival_Credit_AOP_LIRCMOP3_N100_FE50000_run5_seed249305.mat"
"s08_role_separation","Dual-Survival-Credit-AOP","LIRCMOP4","LIR-CMOP",100,50000,1,249401,50000,4.0542,0.3082574593377958,0.1926319649751579,1,"Dual_Survival_Credit_AOP_LIRCMOP4_N100_FE50000_run1_seed249401.mat"
"s08_role_separation","Dual-Survival-Credit-AOP","LIRCMOP4","LIR-CMOP",100,50000,2,249402,50000,4.1288,0.2531009645810546,0.2088635077584239,1,"Dual_Survival_Credit_AOP_LIRCMOP4_N100_FE50000_run2_seed249402.mat"
"s08_role_separation","Dual-Survival-Credit-AOP","LIRCMOP4","LIR-CMOP",100,50000,3,249403,50000,5.2322,0.3071965085045831,0.1834581017790221,1,"Dual_Survival_Credit_AOP_LIRCMOP4_N100_FE50000_run3_seed249403.mat"
"s08_role_separation","Dual-Survival-Credit-AOP","LIRCMOP4","LIR-CMOP",100,50000,4,249404,50000,3.9878,0.2480630846298529,0.211240489028707,1,"Dual_Survival_Credit_AOP_LIRCMOP4_N100_FE50000_run4_seed249404.mat"
"s08_role_separation","Dual-Survival-Credit-AOP","LIRCMOP4","LIR-CMOP",100,50000,5,249405,50000,4.9572,0.3106118397218209,0.1822193347715353,1,"Dual_Survival_Credit_AOP_LIRCMOP4_N100_FE50000_run5_seed249405.mat"
"s08_role_separation","Dual-Survival-Credit-AOP","LIRCMOP5","LIR-CMOP",100,50000,1,249501,50000,3.7133,0.07991906171749474,0.262855514575091,1,"Dual_Survival_Credit_AOP_LIRCMOP5_N100_FE50000_run1_seed249501.mat"
"s08_role_separation","Dual-Survival-Credit-AOP","LIRCMOP5","LIR-CMOP",100,50000,2,249502,50000,4.7564,0.1031015800605041,0.2220544939638807,1,"Dual_Survival_Credit_AOP_LIRCMOP5_N100_FE50000_run2_seed249502.mat"
"s08_role_separation","Dual-Survival-Credit-AOP","LIRCMOP5","LIR-CMOP",100,50000,3,249503,50000,4.4355,0.1239634889484703,0.2532991014738541,1,"Dual_Survival_Credit_AOP_LIRCMOP5_N100_FE50000_run3_seed249503.mat"
"s08_role_separation","Dual-Survival-Credit-AOP","LIRCMOP5","LIR-CMOP",100,50000,4,249504,50000,4.5194,0.3616461611567521,0.1270410983938557,1,"Dual_Survival_Credit_AOP_LIRCMOP5_N100_FE50000_run4_seed249504.mat"
"s08_role_separation","Dual-Survival-Credit-AOP","LIRCMOP5","LIR-CMOP",100,50000,5,249505,50000,3.8184,0.1685045463892103,0.2058702243004136,1,"Dual_Survival_Credit_AOP_LIRCMOP5_N100_FE50000_run5_seed249505.mat"
"s08_role_separation","Dual-Survival-Credit-AOP","LIRCMOP6","LIR-CMOP",100,50000,1,249601,50000,6.432,0.1850338871409948,0.151762563421567,1,"Dual_Survival_Credit_AOP_LIRCMOP6_N100_FE50000_run1_seed249601.mat"
"s08_role_separation","Dual-Survival-Credit-AOP","LIRCMOP6","LIR-CMOP",100,50000,2,249602,50000,3.777,0.4323032019709765,0.1004450371022228,1,"Dual_Survival_Credit_AOP_LIRCMOP6_N100_FE50000_run2_seed249602.mat"
"s08_role_separation","Dual-Survival-Credit-AOP","LIRCMOP6","LIR-CMOP",100,50000,3,249603,50000,4.701,0.2136152358168229,0.147441890977601,1,"Dual_Survival_Credit_AOP_LIRCMOP6_N100_FE50000_run3_seed249603.mat"
"s08_role_separation","Dual-Survival-Credit-AOP","LIRCMOP6","LIR-CMOP",100,50000,4,249604,50000,4.5231,0.2088054861343319,0.1492068791004639,1,"Dual_Survival_Credit_AOP_LIRCMOP6_N100_FE50000_run4_seed249604.mat"
"s08_role_separation","Dual-Survival-Credit-AOP","LIRCMOP6","LIR-CMOP",100,50000,5,249605,50000,5.5276,0.2318954473699469,0.1445407748488119,1,"Dual_Survival_Credit_AOP_LIRCMOP6_N100_FE50000_run5_seed249605.mat"
"s08_role_separation","Dual-Survival-Credit-AOP","LIRCMOP7","LIR-CMOP",100,50000,1,249701,50000,3.4827,0.01017480173872906,0.2931046260858807,1,"Dual_Survival_Credit_AOP_LIRCMOP7_N100_FE50000_run1_seed249701.mat"
"s08_role_separation","Dual-Survival-Credit-AOP","LIRCMOP7","LIR-CMOP",100,50000,2,249702,50000,4.0674,0.0228234477569902,0.2866012132610133,1,"Dual_Survival_Credit_AOP_LIRCMOP7_N100_FE50000_run2_seed249702.mat"
"s08_role_separation","Dual-Survival-Credit-AOP","LIRCMOP7","LIR-CMOP",100,50000,3,249703,50000,3.3935,0.01099904209667853,0.2918716705278646,1,"Dual_Survival_Credit_AOP_LIRCMOP7_N100_FE50000_run3_seed249703.mat"
"s08_role_separation","Dual-Survival-Credit-AOP","LIRCMOP7","LIR-CMOP",100,50000,4,249704,50000,3.4326,0.01243063268372718,0.2910966946257393,1,"Dual_Survival_Credit_AOP_LIRCMOP7_N100_FE50000_run4_seed249704.mat"
"s08_role_separation","Dual-Survival-Credit-AOP","LIRCMOP7","LIR-CMOP",100,50000,5,249705,50000,3.5562,0.05840879209160585,0.2681695627921589,1,"Dual_Survival_Credit_AOP_LIRCMOP7_N100_FE50000_run5_seed249705.mat"
"s08_role_separation","Dual-Survival-Credit-AOP","LIRCMOP8","LIR-CMOP",100,50000,1,249801,50000,4.0957,0.01611030549314979,0.2886189264113623,1,"Dual_Survival_Credit_AOP_LIRCMOP8_N100_FE50000_run1_seed249801.mat"
"s08_role_separation","Dual-Survival-Credit-AOP","LIRCMOP8","LIR-CMOP",100,50000,2,249802,50000,4.1752,0.0658403976249002,0.2671796006915048,1,"Dual_Survival_Credit_AOP_LIRCMOP8_N100_FE50000_run2_seed249802.mat"
"s08_role_separation","Dual-Survival-Credit-AOP","LIRCMOP8","LIR-CMOP",100,50000,3,249803,50000,4.0071,0.01278244822398986,0.2914258459798091,1,"Dual_Survival_Credit_AOP_LIRCMOP8_N100_FE50000_run3_seed249803.mat"
"s08_role_separation","Dual-Survival-Credit-AOP","LIRCMOP8","LIR-CMOP",100,50000,4,249804,50000,3.4892,0.06096929308965915,0.2669235079166595,1,"Dual_Survival_Credit_AOP_LIRCMOP8_N100_FE50000_run4_seed249804.mat"
"s08_role_separation","Dual-Survival-Credit-AOP","LIRCMOP8","LIR-CMOP",100,50000,5,249805,50000,3.3016,0.05018857798589502,0.2700879241077191,1,"Dual_Survival_Credit_AOP_LIRCMOP8_N100_FE50000_run5_seed249805.mat"
"s08_role_separation","Dual-Survival-Credit-AOP","LIRCMOP9","LIR-CMOP",100,50000,1,249901,50000,5.9904,0.4177081432980983,0.3915839045002257,1,"Dual_Survival_Credit_AOP_LIRCMOP9_N100_FE50000_run1_seed249901.mat"
"s08_role_separation","Dual-Survival-Credit-AOP","LIRCMOP9","LIR-CMOP",100,50000,2,249902,50000,8.5903,0.5063175717409387,0.3579594018592516,1,"Dual_Survival_Credit_AOP_LIRCMOP9_N100_FE50000_run2_seed249902.mat"
"s08_role_separation","Dual-Survival-Credit-AOP","LIRCMOP9","LIR-CMOP",100,50000,3,249903,50000,6.7665,0.4147696003482436,0.3957902409363418,1,"Dual_Survival_Credit_AOP_LIRCMOP9_N100_FE50000_run3_seed249903.mat"
"s08_role_separation","Dual-Survival-Credit-AOP","LIRCMOP9","LIR-CMOP",100,50000,4,249904,50000,8.7701,0.5071688556426531,0.3565514265588112,1,"Dual_Survival_Credit_AOP_LIRCMOP9_N100_FE50000_run4_seed249904.mat"
"s08_role_separation","Dual-Survival-Credit-AOP","LIRCMOP9","LIR-CMOP",100,50000,5,249905,50000,6.2775,0.4107653431831737,0.3916220213298744,1,"Dual_Survival_Credit_AOP_LIRCMOP9_N100_FE50000_run5_seed249905.mat"
"s08_role_separation","Equal-AOP","CF10","CF",100,50000,1,229001,50000,7.4167,0.4086399073695928,0.1225934094195968,1,"Equal_AOP_CF10_N100_FE50000_run1_seed229001.mat"
"s08_role_separation","Equal-AOP","CF10","CF",100,50000,2,229002,50000,6.2449,0.3165839611364237,0.1905538967914794,1,"Equal_AOP_CF10_N100_FE50000_run2_seed229002.mat"
"s08_role_separation","Equal-AOP","CF10","CF",100,50000,3,229003,50000,7.0817,0.345679976880041,0.1725797913851797,1,"Equal_AOP_CF10_N100_FE50000_run3_seed229003.mat"
"s08_role_separation","Equal-AOP","CF10","CF",100,50000,4,229004,50000,5.1321,0.305383755642581,0.1929976676649681,1,"Equal_AOP_CF10_N100_FE50000_run4_seed229004.mat"
"s08_role_separation","Equal-AOP","CF10","CF",100,50000,5,229005,50000,10.9386,0.4030374931998164,0.1420074547645813,1,"Equal_AOP_CF10_N100_FE50000_run5_seed229005.mat"
"s08_role_separation","Equal-AOP","CF1","CF",100,50000,1,228101,50000,5.4324,0.006918126652809811,0.5577041950860852,1,"Equal_AOP_CF1_N100_FE50000_run1_seed228101.mat"
"s08_role_separation","Equal-AOP","CF1","CF",100,50000,2,228102,50000,6.5101,0.004568570262900608,0.5606504816602871,1,"Equal_AOP_CF1_N100_FE50000_run2_seed228102.mat"
"s08_role_separation","Equal-AOP","CF1","CF",100,50000,3,228103,50000,5.1258,0.006284645401674634,0.5585184186323677,1,"Equal_AOP_CF1_N100_FE50000_run3_seed228103.mat"
"s08_role_separation","Equal-AOP","CF1","CF",100,50000,4,228104,50000,6.5055,0.003754024625508669,0.5615548969713965,1,"Equal_AOP_CF1_N100_FE50000_run4_seed228104.mat"
"s08_role_separation","Equal-AOP","CF1","CF",100,50000,5,228105,50000,5.2076,0.006998134988788542,0.5577203239625045,1,"Equal_AOP_CF1_N100_FE50000_run5_seed228105.mat"
"s08_role_separation","Equal-AOP","CF2","CF",100,50000,1,228201,50000,4.7741,0.02018318814374796,0.6600278862518508,1,"Equal_AOP_CF2_N100_FE50000_run1_seed228201.mat"
"s08_role_separation","Equal-AOP","CF2","CF",100,50000,2,228202,50000,4.8749,0.02807979133784726,0.649739346688077,1,"Equal_AOP_CF2_N100_FE50000_run2_seed228202.mat"
"s08_role_separation","Equal-AOP","CF2","CF",100,50000,3,228203,50000,6.5357,0.01545963764791169,0.6607861783740172,1,"Equal_AOP_CF2_N100_FE50000_run3_seed228203.mat"
"s08_role_separation","Equal-AOP","CF2","CF",100,50000,4,228204,50000,5.2403,0.02370358294023512,0.6469869515649095,1,"Equal_AOP_CF2_N100_FE50000_run4_seed228204.mat"
"s08_role_separation","Equal-AOP","CF2","CF",100,50000,5,228205,50000,6.7365,0.02125719129627581,0.6504203831406508,1,"Equal_AOP_CF2_N100_FE50000_run5_seed228205.mat"
"s08_role_separation","Equal-AOP","CF3","CF",100,50000,1,228301,50000,4.3372,0.228978950055799,0.1802152657540273,1,"Equal_AOP_CF3_N100_FE50000_run1_seed228301.mat"
"s08_role_separation","Equal-AOP","CF3","CF",100,50000,2,228302,50000,4.6688,0.3235953294027114,0.1933475271293337,1,"Equal_AOP_CF3_N100_FE50000_run2_seed228302.mat"
"s08_role_separation","Equal-AOP","CF3","CF",100,50000,3,228303,50000,4.0445,0.4492566979197758,0.1735600195492043,1,"Equal_AOP_CF3_N100_FE50000_run3_seed228303.mat"
"s08_role_separation","Equal-AOP","CF3","CF",100,50000,4,228304,50000,4.153,0.2562229627892187,0.1338300182974404,1,"Equal_AOP_CF3_N100_FE50000_run4_seed228304.mat"
"s08_role_separation","Equal-AOP","CF3","CF",100,50000,5,228305,50000,4.381,0.1255351113567895,0.2660791854887732,1,"Equal_AOP_CF3_N100_FE50000_run5_seed228305.mat"
"s08_role_separation","Equal-AOP","CF4","CF",100,50000,1,228401,50000,5.3801,0.07141014355570166,0.4455335970125889,1,"Equal_AOP_CF4_N100_FE50000_run1_seed228401.mat"
"s08_role_separation","Equal-AOP","CF4","CF",100,50000,2,228402,50000,4.5222,0.07038888600227536,0.4477720598323118,1,"Equal_AOP_CF4_N100_FE50000_run2_seed228402.mat"
"s08_role_separation","Equal-AOP","CF4","CF",100,50000,3,228403,50000,4.3139,0.07133147592162971,0.4479859105919679,1,"Equal_AOP_CF4_N100_FE50000_run3_seed228403.mat"
"s08_role_separation","Equal-AOP","CF4","CF",100,50000,4,228404,50000,4.3391,0.07472174883737753,0.442238554175911,1,"Equal_AOP_CF4_N100_FE50000_run4_seed228404.mat"
"s08_role_separation","Equal-AOP","CF4","CF",100,50000,5,228405,50000,8.9537,0.07756239080988593,0.4257180734125134,1,"Equal_AOP_CF4_N100_FE50000_run5_seed228405.mat"
"s08_role_separation","Equal-AOP","CF5","CF",100,50000,1,228501,50000,5.4838,0.182426467929809,0.3871661688575623,1,"Equal_AOP_CF5_N100_FE50000_run1_seed228501.mat"
"s08_role_separation","Equal-AOP","CF5","CF",100,50000,2,228502,50000,6.6886,0.1414046793301511,0.3830725882948083,1,"Equal_AOP_CF5_N100_FE50000_run2_seed228502.mat"
"s08_role_separation","Equal-AOP","CF5","CF",100,50000,3,228503,50000,5.7348,0.5713587755985072,0.1527840069832068,1,"Equal_AOP_CF5_N100_FE50000_run3_seed228503.mat"
"s08_role_separation","Equal-AOP","CF5","CF",100,50000,4,228504,50000,5.2572,0.2711446439865758,0.3387188058188229,1,"Equal_AOP_CF5_N100_FE50000_run4_seed228504.mat"
"s08_role_separation","Equal-AOP","CF5","CF",100,50000,5,228505,50000,5.1528,0.1768275625243386,0.4019915079183956,1,"Equal_AOP_CF5_N100_FE50000_run5_seed228505.mat"
"s08_role_separation","Equal-AOP","CF6","CF",100,50000,1,228601,50000,9.3908,0.1429047723690123,0.6252580938904888,1,"Equal_AOP_CF6_N100_FE50000_run1_seed228601.mat"
"s08_role_separation","Equal-AOP","CF6","CF",100,50000,2,228602,50000,5.7899,0.04196151696218559,0.6649968543825701,1,"Equal_AOP_CF6_N100_FE50000_run2_seed228602.mat"
"s08_role_separation","Equal-AOP","CF6","CF",100,50000,3,228603,50000,9.1646,0.03822410208487251,0.6615146261558779,1,"Equal_AOP_CF6_N100_FE50000_run3_seed228603.mat"
"s08_role_separation","Equal-AOP","CF6","CF",100,50000,4,228604,50000,6.0349,0.04186103209010304,0.666684217386196,1,"Equal_AOP_CF6_N100_FE50000_run4_seed228604.mat"
"s08_role_separation","Equal-AOP","CF6","CF",100,50000,5,228605,50000,5.9119,0.04721568869843341,0.6608475287572929,1,"Equal_AOP_CF6_N100_FE50000_run5_seed228605.mat"
"s08_role_separation","Equal-AOP","CF7","CF",100,50000,1,228701,50000,5.0187,0.1503102540565734,0.5164766587342238,1,"Equal_AOP_CF7_N100_FE50000_run1_seed228701.mat"
"s08_role_separation","Equal-AOP","CF7","CF",100,50000,2,228702,50000,5.7597,0.1994561527955559,0.5374266634469194,1,"Equal_AOP_CF7_N100_FE50000_run2_seed228702.mat"
"s08_role_separation","Equal-AOP","CF7","CF",100,50000,3,228703,50000,3.701,0.2378450135130129,0.4055962694267957,1,"Equal_AOP_CF7_N100_FE50000_run3_seed228703.mat"
"s08_role_separation","Equal-AOP","CF7","CF",100,50000,4,228704,50000,6.8808,0.1002391658495483,0.5698293491986912,1,"Equal_AOP_CF7_N100_FE50000_run4_seed228704.mat"
"s08_role_separation","Equal-AOP","CF7","CF",100,50000,5,228705,50000,4.9207,0.1084053701631266,0.5701829721790339,1,"Equal_AOP_CF7_N100_FE50000_run5_seed228705.mat"
"s08_role_separation","Equal-AOP","CF8","CF",100,50000,1,228801,50000,4.8106,0.1649067838401295,0.3316078640032155,1,"Equal_AOP_CF8_N100_FE50000_run1_seed228801.mat"
"s08_role_separation","Equal-AOP","CF8","CF",100,50000,2,228802,50000,4.0124,0.1809120976138533,0.3340827269997728,1,"Equal_AOP_CF8_N100_FE50000_run2_seed228802.mat"
"s08_role_separation","Equal-AOP","CF8","CF",100,50000,3,228803,50000,6.3229,0.1678364685568754,0.323243215382173,1,"Equal_AOP_CF8_N100_FE50000_run3_seed228803.mat"
"s08_role_separation","Equal-AOP","CF8","CF",100,50000,4,228804,50000,4.3049,0.1561121658212112,0.36338461896167,1,"Equal_AOP_CF8_N100_FE50000_run4_seed228804.mat"
"s08_role_separation","Equal-AOP","CF8","CF",100,50000,5,228805,50000,5.9786,0.1586759930217657,0.3306558241859045,1,"Equal_AOP_CF8_N100_FE50000_run5_seed228805.mat"
"s08_role_separation","Equal-AOP","CF9","CF",100,50000,1,228901,50000,5.7734,0.1025719298337108,0.4192876709249664,1,"Equal_AOP_CF9_N100_FE50000_run1_seed228901.mat"
"s08_role_separation","Equal-AOP","CF9","CF",100,50000,2,228902,50000,5.5495,0.09599989654349565,0.4211079673775043,1,"Equal_AOP_CF9_N100_FE50000_run2_seed228902.mat"
"s08_role_separation","Equal-AOP","CF9","CF",100,50000,3,228903,50000,5.2302,0.09593669591056879,0.4251017241889155,1,"Equal_AOP_CF9_N100_FE50000_run3_seed228903.mat"
"s08_role_separation","Equal-AOP","CF9","CF",100,50000,4,228904,50000,9.1628,0.08799167746394347,0.4340299382909045,1,"Equal_AOP_CF9_N100_FE50000_run4_seed228904.mat"
"s08_role_separation","Equal-AOP","CF9","CF",100,50000,5,228905,50000,5.8812,0.08900163315228858,0.4329546175025119,1,"Equal_AOP_CF9_N100_FE50000_run5_seed228905.mat"
"s08_role_separation","Equal-AOP","DASCMOP1","DAS-CMOP",100,50000,1,230501,50000,3.2602,0.005742646812728089,0.2099360243746362,1,"Equal_AOP_DASCMOP1_N100_FE50000_run1_seed230501.mat"
"s08_role_separation","Equal-AOP","DASCMOP1","DAS-CMOP",100,50000,2,230502,50000,4.2708,0.006667642536148831,0.2087554648593541,1,"Equal_AOP_DASCMOP1_N100_FE50000_run2_seed230502.mat"
"s08_role_separation","Equal-AOP","DASCMOP1","DAS-CMOP",100,50000,3,230503,50000,3.6299,0.008644663607583552,0.2067183461339645,1,"Equal_AOP_DASCMOP1_N100_FE50000_run3_seed230503.mat"
"s08_role_separation","Equal-AOP","DASCMOP1","DAS-CMOP",100,50000,4,230504,50000,4.2302,0.005808579226930777,0.2093631109612265,1,"Equal_AOP_DASCMOP1_N100_FE50000_run4_seed230504.mat"
"s08_role_separation","Equal-AOP","DASCMOP1","DAS-CMOP",100,50000,5,230505,50000,3.7955,0.008745823555473615,0.2088615119739296,1,"Equal_AOP_DASCMOP1_N100_FE50000_run5_seed230505.mat"
"s08_role_separation","Equal-AOP","DASCMOP2","DAS-CMOP",100,50000,1,230601,50000,4.1256,0.01066412707185283,0.3496383539209195,1,"Equal_AOP_DASCMOP2_N100_FE50000_run1_seed230601.mat"
"s08_role_separation","Equal-AOP","DASCMOP2","DAS-CMOP",100,50000,2,230602,50000,3.138,0.01034076424996054,0.3502919256023204,1,"Equal_AOP_DASCMOP2_N100_FE50000_run2_seed230602.mat"
"s08_role_separation","Equal-AOP","DASCMOP2","DAS-CMOP",100,50000,3,230603,50000,3.9934,0.008634687935938178,0.3520362539016524,1,"Equal_AOP_DASCMOP2_N100_FE50000_run3_seed230603.mat"
"s08_role_separation","Equal-AOP","DASCMOP2","DAS-CMOP",100,50000,4,230604,50000,3.5039,0.007600435200758603,0.3526396414000657,1,"Equal_AOP_DASCMOP2_N100_FE50000_run4_seed230604.mat"
"s08_role_separation","Equal-AOP","DASCMOP2","DAS-CMOP",100,50000,5,230605,50000,4.0259,0.008375800544986748,0.3522261441105652,1,"Equal_AOP_DASCMOP2_N100_FE50000_run5_seed230605.mat"
"s08_role_separation","Equal-AOP","DASCMOP3","DAS-CMOP",100,50000,1,230701,50000,3.7947,0.02440685700356184,0.3068138647843131,1,"Equal_AOP_DASCMOP3_N100_FE50000_run1_seed230701.mat"
"s08_role_separation","Equal-AOP","DASCMOP3","DAS-CMOP",100,50000,2,230702,50000,3.6467,0.02211238057251808,0.3090700476278641,1,"Equal_AOP_DASCMOP3_N100_FE50000_run2_seed230702.mat"
"s08_role_separation","Equal-AOP","DASCMOP3","DAS-CMOP",100,50000,3,230703,50000,3.0429,0.1695651307997442,0.2757966408237678,1,"Equal_AOP_DASCMOP3_N100_FE50000_run3_seed230703.mat"
"s08_role_separation","Equal-AOP","DASCMOP3","DAS-CMOP",100,50000,4,230704,50000,4.1702,0.01994359386559143,0.311240690878236,1,"Equal_AOP_DASCMOP3_N100_FE50000_run4_seed230704.mat"
"s08_role_separation","Equal-AOP","DASCMOP3","DAS-CMOP",100,50000,5,230705,50000,3.5859,0.02264355046528408,0.3088967979290625,1,"Equal_AOP_DASCMOP3_N100_FE50000_run5_seed230705.mat"
"s08_role_separation","Equal-AOP","DASCMOP4","DAS-CMOP",100,50000,1,230801,50000,3.3973,0.9984686303005633,0,1,"Equal_AOP_DASCMOP4_N100_FE50000_run1_seed230801.mat"
"s08_role_separation","Equal-AOP","DASCMOP4","DAS-CMOP",100,50000,2,230802,50000,3.7056,0.9366695024158228,0,1,"Equal_AOP_DASCMOP4_N100_FE50000_run2_seed230802.mat"
"s08_role_separation","Equal-AOP","DASCMOP4","DAS-CMOP",100,50000,3,230803,50000,3.542,0.4489258196915556,0.03618201916351341,1,"Equal_AOP_DASCMOP4_N100_FE50000_run3_seed230803.mat"
"s08_role_separation","Equal-AOP","DASCMOP4","DAS-CMOP",100,50000,4,230804,50000,2.7954,0.3556830392961258,0.06003804221063648,1,"Equal_AOP_DASCMOP4_N100_FE50000_run4_seed230804.mat"
"s08_role_separation","Equal-AOP","DASCMOP4","DAS-CMOP",100,50000,5,230805,50000,3.4092,0.5786768127376881,0.004380563828002506,1,"Equal_AOP_DASCMOP4_N100_FE50000_run5_seed230805.mat"
"s08_role_separation","Equal-AOP","DASCMOP5","DAS-CMOP",100,50000,1,230901,50000,3.0982,0.8173492845715551,0.01561242671049764,1,"Equal_AOP_DASCMOP5_N100_FE50000_run1_seed230901.mat"
"s08_role_separation","Equal-AOP","DASCMOP5","DAS-CMOP",100,50000,2,230902,50000,3.4114,0.6301627693723519,0.04543891671512163,1,"Equal_AOP_DASCMOP5_N100_FE50000_run2_seed230902.mat"
"s08_role_separation","Equal-AOP","DASCMOP5","DAS-CMOP",100,50000,3,230903,50000,3.4996,0.554926691145605,0.06100318607076268,1,"Equal_AOP_DASCMOP5_N100_FE50000_run3_seed230903.mat"
"s08_role_separation","Equal-AOP","DASCMOP5","DAS-CMOP",100,50000,4,230904,50000,3.4984,0.5819622487830604,0.05398736063560108,1,"Equal_AOP_DASCMOP5_N100_FE50000_run4_seed230904.mat"
"s08_role_separation","Equal-AOP","DASCMOP5","DAS-CMOP",100,50000,5,230905,50000,2.8569,0.5677491652181702,0.05579140412417512,1,"Equal_AOP_DASCMOP5_N100_FE50000_run5_seed230905.mat"
"s08_role_separation","Equal-AOP","DASCMOP6","DAS-CMOP",100,50000,1,231001,50000,3.3233,0.8580727575166277,0.001475163000949272,1,"Equal_AOP_DASCMOP6_N100_FE50000_run1_seed231001.mat"
"s08_role_separation","Equal-AOP","DASCMOP6","DAS-CMOP",100,50000,2,231002,50000,3.078,NaN,NaN,0,"Equal_AOP_DASCMOP6_N100_FE50000_run2_seed231002.mat"
"s08_role_separation","Equal-AOP","DASCMOP6","DAS-CMOP",100,50000,3,231003,50000,3.397,0.5665375876680309,0.04369693703488151,1,"Equal_AOP_DASCMOP6_N100_FE50000_run3_seed231003.mat"
"s08_role_separation","Equal-AOP","DASCMOP6","DAS-CMOP",100,50000,4,231004,50000,3.422,0.7428380230413735,0.01801384161310632,1,"Equal_AOP_DASCMOP6_N100_FE50000_run4_seed231004.mat"
"s08_role_separation","Equal-AOP","DASCMOP6","DAS-CMOP",100,50000,5,231005,50000,3.5267,0.4630051739838034,0.07047189964498192,1,"Equal_AOP_DASCMOP6_N100_FE50000_run5_seed231005.mat"
"s08_role_separation","Equal-AOP","DASCMOP7","DAS-CMOP",100,50000,1,231101,50000,2.9618,0.8290019880934639,0.0189767429733756,1,"Equal_AOP_DASCMOP7_N100_FE50000_run1_seed231101.mat"
"s08_role_separation","Equal-AOP","DASCMOP7","DAS-CMOP",100,50000,2,231102,50000,4.7873,0.3728377700042588,0.1295944855453523,1,"Equal_AOP_DASCMOP7_N100_FE50000_run2_seed231102.mat"
"s08_role_separation","Equal-AOP","DASCMOP7","DAS-CMOP",100,50000,3,231103,50000,3.244,0.9552125822152365,0.006749163150083749,1,"Equal_AOP_DASCMOP7_N100_FE50000_run3_seed231103.mat"
"s08_role_separation","Equal-AOP","DASCMOP7","DAS-CMOP",100,50000,4,231104,50000,3.6987,0.6295796448120202,0.05540149907399598,1,"Equal_AOP_DASCMOP7_N100_FE50000_run4_seed231104.mat"
"s08_role_separation","Equal-AOP","DASCMOP7","DAS-CMOP",100,50000,5,231105,50000,3.4694,0.3121587214621625,0.1512530494437097,1,"Equal_AOP_DASCMOP7_N100_FE50000_run5_seed231105.mat"
"s08_role_separation","Equal-AOP","DASCMOP8","DAS-CMOP",100,50000,1,231201,50000,4.3418,0.3561652475334994,0.03686811087790368,1,"Equal_AOP_DASCMOP8_N100_FE50000_run1_seed231201.mat"
"s08_role_separation","Equal-AOP","DASCMOP8","DAS-CMOP",100,50000,2,231202,50000,3.077,0.1757671326972247,0.1205493458680866,1,"Equal_AOP_DASCMOP8_N100_FE50000_run2_seed231202.mat"
"s08_role_separation","Equal-AOP","DASCMOP8","DAS-CMOP",100,50000,3,231203,50000,4.2544,0.4776157132229408,0.01637092659541652,1,"Equal_AOP_DASCMOP8_N100_FE50000_run3_seed231203.mat"
"s08_role_separation","Equal-AOP","DASCMOP8","DAS-CMOP",100,50000,4,231204,50000,3.5774,0.4358522331394583,0.02151301380470933,1,"Equal_AOP_DASCMOP8_N100_FE50000_run4_seed231204.mat"
"s08_role_separation","Equal-AOP","DASCMOP8","DAS-CMOP",100,50000,5,231205,50000,3.2848,1.179362745631666,0,1,"Equal_AOP_DASCMOP8_N100_FE50000_run5_seed231205.mat"
"s08_role_separation","Equal-AOP","DASCMOP9","DAS-CMOP",100,50000,1,231301,50000,3.7617,0.05086721180717539,0.2036456168471608,1,"Equal_AOP_DASCMOP9_N100_FE50000_run1_seed231301.mat"
"s08_role_separation","Equal-AOP","DASCMOP9","DAS-CMOP",100,50000,2,231302,50000,3.7401,0.07020979379330954,0.1993698409839337,1,"Equal_AOP_DASCMOP9_N100_FE50000_run2_seed231302.mat"
"s08_role_separation","Equal-AOP","DASCMOP9","DAS-CMOP",100,50000,3,231303,50000,3.6362,0.04633194394499518,0.2039423572966671,1,"Equal_AOP_DASCMOP9_N100_FE50000_run3_seed231303.mat"
"s08_role_separation","Equal-AOP","DASCMOP9","DAS-CMOP",100,50000,4,231304,50000,4.4486,0.06529479647032289,0.1983177714295755,1,"Equal_AOP_DASCMOP9_N100_FE50000_run4_seed231304.mat"
"s08_role_separation","Equal-AOP","DASCMOP9","DAS-CMOP",100,50000,5,231305,50000,3.8433,0.057647704506302,0.2028216021371163,1,"Equal_AOP_DASCMOP9_N100_FE50000_run5_seed231305.mat"
"s08_role_separation","Equal-AOP","LIRCMOP10","LIR-CMOP",100,50000,1,230001,50000,5.9615,0.2523516056996144,0.5651658006486063,1,"Equal_AOP_LIRCMOP10_N100_FE50000_run1_seed230001.mat"
"s08_role_separation","Equal-AOP","LIRCMOP10","LIR-CMOP",100,50000,2,230002,50000,5.434,0.2493161697085036,0.5792523317113067,1,"Equal_AOP_LIRCMOP10_N100_FE50000_run2_seed230002.mat"
"s08_role_separation","Equal-AOP","LIRCMOP10","LIR-CMOP",100,50000,3,230003,50000,9.7731,0.2278956496305516,0.5930919167329687,1,"Equal_AOP_LIRCMOP10_N100_FE50000_run3_seed230003.mat"
"s08_role_separation","Equal-AOP","LIRCMOP10","LIR-CMOP",100,50000,4,230004,50000,7.0392,0.2564331930501978,0.5686817101836324,1,"Equal_AOP_LIRCMOP10_N100_FE50000_run4_seed230004.mat"
"s08_role_separation","Equal-AOP","LIRCMOP10","LIR-CMOP",100,50000,5,230005,50000,9.9811,0.2239564814448494,0.5947622853092065,1,"Equal_AOP_LIRCMOP10_N100_FE50000_run5_seed230005.mat"
"s08_role_separation","Equal-AOP","LIRCMOP11","LIR-CMOP",100,50000,1,230101,50000,5.6549,0.07408034803543646,0.6591649917560615,1,"Equal_AOP_LIRCMOP11_N100_FE50000_run1_seed230101.mat"
"s08_role_separation","Equal-AOP","LIRCMOP11","LIR-CMOP",100,50000,2,230102,50000,5.8821,0.1438318584734274,0.6002990842962315,1,"Equal_AOP_LIRCMOP11_N100_FE50000_run2_seed230102.mat"
"s08_role_separation","Equal-AOP","LIRCMOP11","LIR-CMOP",100,50000,3,230103,50000,5.1513,0.08944897908266634,0.6409139938733029,1,"Equal_AOP_LIRCMOP11_N100_FE50000_run3_seed230103.mat"
"s08_role_separation","Equal-AOP","LIRCMOP11","LIR-CMOP",100,50000,4,230104,50000,7.8927,0.07203315093876934,0.6596556361751523,1,"Equal_AOP_LIRCMOP11_N100_FE50000_run4_seed230104.mat"
"s08_role_separation","Equal-AOP","LIRCMOP11","LIR-CMOP",100,50000,5,230105,50000,5.4173,0.07275985879328598,0.6586870506050183,1,"Equal_AOP_LIRCMOP11_N100_FE50000_run5_seed230105.mat"
"s08_role_separation","Equal-AOP","LIRCMOP12","LIR-CMOP",100,50000,1,230201,50000,4.7401,0.1755848806622153,0.5183868027738575,1,"Equal_AOP_LIRCMOP12_N100_FE50000_run1_seed230201.mat"
"s08_role_separation","Equal-AOP","LIRCMOP12","LIR-CMOP",100,50000,2,230202,50000,4.3165,0.1576286265626478,0.5361272410778204,1,"Equal_AOP_LIRCMOP12_N100_FE50000_run2_seed230202.mat"
"s08_role_separation","Equal-AOP","LIRCMOP12","LIR-CMOP",100,50000,3,230203,50000,4.2818,0.1681596957021246,0.5247205475607049,1,"Equal_AOP_LIRCMOP12_N100_FE50000_run3_seed230203.mat"
"s08_role_separation","Equal-AOP","LIRCMOP12","LIR-CMOP",100,50000,4,230204,50000,3.6862,0.2689520145238146,0.4921737439404753,1,"Equal_AOP_LIRCMOP12_N100_FE50000_run4_seed230204.mat"
"s08_role_separation","Equal-AOP","LIRCMOP12","LIR-CMOP",100,50000,5,230205,50000,6.3374,0.181100356681126,0.5172600991381382,1,"Equal_AOP_LIRCMOP12_N100_FE50000_run5_seed230205.mat"
"s08_role_separation","Equal-AOP","LIRCMOP13","LIR-CMOP",100,50000,1,230301,50000,9.4821,0.0987433634479977,0.5408536814481881,1,"Equal_AOP_LIRCMOP13_N100_FE50000_run1_seed230301.mat"
"s08_role_separation","Equal-AOP","LIRCMOP13","LIR-CMOP",100,50000,2,230302,50000,18.3023,0.100932547966505,0.5356536763107305,1,"Equal_AOP_LIRCMOP13_N100_FE50000_run2_seed230302.mat"
"s08_role_separation","Equal-AOP","LIRCMOP13","LIR-CMOP",100,50000,3,230303,50000,9.8436,0.1006933307999906,0.5364217416509366,1,"Equal_AOP_LIRCMOP13_N100_FE50000_run3_seed230303.mat"
"s08_role_separation","Equal-AOP","LIRCMOP13","LIR-CMOP",100,50000,4,230304,50000,9.2326,0.09934820408745258,0.539212761228953,1,"Equal_AOP_LIRCMOP13_N100_FE50000_run4_seed230304.mat"
"s08_role_separation","Equal-AOP","LIRCMOP13","LIR-CMOP",100,50000,5,230305,50000,8.036,0.0995399614797995,0.5376141154979215,1,"Equal_AOP_LIRCMOP13_N100_FE50000_run5_seed230305.mat"
"s08_role_separation","Equal-AOP","LIRCMOP14","LIR-CMOP",100,50000,1,230401,50000,14.8995,0.09894514475251509,0.550405243299058,1,"Equal_AOP_LIRCMOP14_N100_FE50000_run1_seed230401.mat"
"s08_role_separation","Equal-AOP","LIRCMOP14","LIR-CMOP",100,50000,2,230402,50000,8.0432,0.09624637926289453,0.5489897098677898,1,"Equal_AOP_LIRCMOP14_N100_FE50000_run2_seed230402.mat"
"s08_role_separation","Equal-AOP","LIRCMOP14","LIR-CMOP",100,50000,3,230403,50000,15.4916,0.0970173882693285,0.5512951012751156,1,"Equal_AOP_LIRCMOP14_N100_FE50000_run3_seed230403.mat"
"s08_role_separation","Equal-AOP","LIRCMOP14","LIR-CMOP",100,50000,4,230404,50000,8.6227,0.09706871017613468,0.5497558892377941,1,"Equal_AOP_LIRCMOP14_N100_FE50000_run4_seed230404.mat"
"s08_role_separation","Equal-AOP","LIRCMOP14","LIR-CMOP",100,50000,5,230405,50000,8.5693,0.09854584175812185,0.5479565053848852,1,"Equal_AOP_LIRCMOP14_N100_FE50000_run5_seed230405.mat"
"s08_role_separation","Equal-AOP","LIRCMOP1","LIR-CMOP",100,50000,1,229101,50000,3.4922,0.2295638311542984,0.1308217948895851,1,"Equal_AOP_LIRCMOP1_N100_FE50000_run1_seed229101.mat"
"s08_role_separation","Equal-AOP","LIRCMOP1","LIR-CMOP",100,50000,2,229102,50000,4.0786,0.3034832951089221,0.1109685442862825,1,"Equal_AOP_LIRCMOP1_N100_FE50000_run2_seed229102.mat"
"s08_role_separation","Equal-AOP","LIRCMOP1","LIR-CMOP",100,50000,3,229103,50000,3.5577,0.1819352007272426,0.1563097739308007,1,"Equal_AOP_LIRCMOP1_N100_FE50000_run3_seed229103.mat"
"s08_role_separation","Equal-AOP","LIRCMOP1","LIR-CMOP",100,50000,4,229104,50000,3.8879,0.1878033313856087,0.1454454680277533,1,"Equal_AOP_LIRCMOP1_N100_FE50000_run4_seed229104.mat"
"s08_role_separation","Equal-AOP","LIRCMOP1","LIR-CMOP",100,50000,5,229105,50000,3.1832,0.2025609883987372,0.1513378073629151,1,"Equal_AOP_LIRCMOP1_N100_FE50000_run5_seed229105.mat"
"s08_role_separation","Equal-AOP","LIRCMOP2","LIR-CMOP",100,50000,1,229201,50000,4.4896,0.2327897123295312,0.2379519005011095,1,"Equal_AOP_LIRCMOP2_N100_FE50000_run1_seed229201.mat"
"s08_role_separation","Equal-AOP","LIRCMOP2","LIR-CMOP",100,50000,2,229202,50000,3.786,0.2243939117635443,0.2498294599667363,1,"Equal_AOP_LIRCMOP2_N100_FE50000_run2_seed229202.mat"
"s08_role_separation","Equal-AOP","LIRCMOP2","LIR-CMOP",100,50000,3,229203,50000,4.4394,0.1736474786375121,0.2641796254688936,1,"Equal_AOP_LIRCMOP2_N100_FE50000_run3_seed229203.mat"
"s08_role_separation","Equal-AOP","LIRCMOP2","LIR-CMOP",100,50000,4,229204,50000,3.8489,0.09158580140548371,0.314569110173767,1,"Equal_AOP_LIRCMOP2_N100_FE50000_run4_seed229204.mat"
"s08_role_separation","Equal-AOP","LIRCMOP2","LIR-CMOP",100,50000,5,229205,50000,3.882,0.182786761167878,0.2514070962780054,1,"Equal_AOP_LIRCMOP2_N100_FE50000_run5_seed229205.mat"
"s08_role_separation","Equal-AOP","LIRCMOP3","LIR-CMOP",100,50000,1,229301,50000,3.4198,0.2863736155742566,0.1047376407416537,1,"Equal_AOP_LIRCMOP3_N100_FE50000_run1_seed229301.mat"
"s08_role_separation","Equal-AOP","LIRCMOP3","LIR-CMOP",100,50000,2,229302,50000,4.6419,0.1827083382033256,0.1402815790049967,1,"Equal_AOP_LIRCMOP3_N100_FE50000_run2_seed229302.mat"
"s08_role_separation","Equal-AOP","LIRCMOP3","LIR-CMOP",100,50000,3,229303,50000,3.8803,0.2853700225118915,0.1127256119493369,1,"Equal_AOP_LIRCMOP3_N100_FE50000_run3_seed229303.mat"
"s08_role_separation","Equal-AOP","LIRCMOP3","LIR-CMOP",100,50000,4,229304,50000,4.713,0.2326349114358341,0.1226863430552794,1,"Equal_AOP_LIRCMOP3_N100_FE50000_run4_seed229304.mat"
"s08_role_separation","Equal-AOP","LIRCMOP3","LIR-CMOP",100,50000,5,229305,50000,3.7459,0.3269014026596059,0.09701863282645712,1,"Equal_AOP_LIRCMOP3_N100_FE50000_run5_seed229305.mat"
"s08_role_separation","Equal-AOP","LIRCMOP4","LIR-CMOP",100,50000,1,229401,50000,3.8535,0.2553798044808153,0.2075836530494436,1,"Equal_AOP_LIRCMOP4_N100_FE50000_run1_seed229401.mat"
"s08_role_separation","Equal-AOP","LIRCMOP4","LIR-CMOP",100,50000,2,229402,50000,3.528,0.2131814949957404,0.2175233603595194,1,"Equal_AOP_LIRCMOP4_N100_FE50000_run2_seed229402.mat"
"s08_role_separation","Equal-AOP","LIRCMOP4","LIR-CMOP",100,50000,3,229403,50000,4.5495,0.3201998143327539,0.1778717777169434,1,"Equal_AOP_LIRCMOP4_N100_FE50000_run3_seed229403.mat"
"s08_role_separation","Equal-AOP","LIRCMOP4","LIR-CMOP",100,50000,4,229404,50000,3.9724,0.2070772416732481,0.2310036978482678,1,"Equal_AOP_LIRCMOP4_N100_FE50000_run4_seed229404.mat"
"s08_role_separation","Equal-AOP","LIRCMOP4","LIR-CMOP",100,50000,5,229405,50000,4.6995,0.2031213147153353,0.2231721302507535,1,"Equal_AOP_LIRCMOP4_N100_FE50000_run5_seed229405.mat"
"s08_role_separation","Equal-AOP","LIRCMOP5","LIR-CMOP",100,50000,1,229501,50000,5.4708,0.1379391107077923,0.2518769171478737,1,"Equal_AOP_LIRCMOP5_N100_FE50000_run1_seed229501.mat"
"s08_role_separation","Equal-AOP","LIRCMOP5","LIR-CMOP",100,50000,2,229502,50000,3.7247,1.172177321573823,0,1,"Equal_AOP_LIRCMOP5_N100_FE50000_run2_seed229502.mat"
"s08_role_separation","Equal-AOP","LIRCMOP5","LIR-CMOP",100,50000,3,229503,50000,3.2597,0.414599511322258,0.1060065875701665,1,"Equal_AOP_LIRCMOP5_N100_FE50000_run3_seed229503.mat"
"s08_role_separation","Equal-AOP","LIRCMOP5","LIR-CMOP",100,50000,4,229504,50000,4.1631,1.167848049307222,0,1,"Equal_AOP_LIRCMOP5_N100_FE50000_run4_seed229504.mat"
"s08_role_separation","Equal-AOP","LIRCMOP5","LIR-CMOP",100,50000,5,229505,50000,3.9638,0.1007272422722151,0.2576654336024368,1,"Equal_AOP_LIRCMOP5_N100_FE50000_run5_seed229505.mat"
"s08_role_separation","Equal-AOP","LIRCMOP6","LIR-CMOP",100,50000,1,229601,50000,5.2436,0.1146672514302665,0.1693332869204218,1,"Equal_AOP_LIRCMOP6_N100_FE50000_run1_seed229601.mat"
"s08_role_separation","Equal-AOP","LIRCMOP6","LIR-CMOP",100,50000,2,229602,50000,4.2949,0.1796166562541239,0.1319915982266868,1,"Equal_AOP_LIRCMOP6_N100_FE50000_run2_seed229602.mat"
"s08_role_separation","Equal-AOP","LIRCMOP6","LIR-CMOP",100,50000,3,229603,50000,4.3556,0.2286874853533259,0.1441369407779359,1,"Equal_AOP_LIRCMOP6_N100_FE50000_run3_seed229603.mat"
"s08_role_separation","Equal-AOP","LIRCMOP6","LIR-CMOP",100,50000,4,229604,50000,3.7365,0.3556163209937839,0.1205931358074963,1,"Equal_AOP_LIRCMOP6_N100_FE50000_run4_seed229604.mat"
"s08_role_separation","Equal-AOP","LIRCMOP6","LIR-CMOP",100,50000,5,229605,50000,4.7448,0.2643559494700556,0.1357750991661921,1,"Equal_AOP_LIRCMOP6_N100_FE50000_run5_seed229605.mat"
"s08_role_separation","Equal-AOP","LIRCMOP7","LIR-CMOP",100,50000,1,229701,50000,3.7667,0.02336289041533508,0.2851978005936801,1,"Equal_AOP_LIRCMOP7_N100_FE50000_run1_seed229701.mat"
"s08_role_separation","Equal-AOP","LIRCMOP7","LIR-CMOP",100,50000,2,229702,50000,3.9664,0.01805905604678361,0.2878877323283234,1,"Equal_AOP_LIRCMOP7_N100_FE50000_run2_seed229702.mat"
"s08_role_separation","Equal-AOP","LIRCMOP7","LIR-CMOP",100,50000,3,229703,50000,3.5257,0.09826102522027103,0.2545106403616413,1,"Equal_AOP_LIRCMOP7_N100_FE50000_run3_seed229703.mat"
"s08_role_separation","Equal-AOP","LIRCMOP7","LIR-CMOP",100,50000,4,229704,50000,3.8326,0.01968794490545174,0.2850509870213652,1,"Equal_AOP_LIRCMOP7_N100_FE50000_run4_seed229704.mat"
"s08_role_separation","Equal-AOP","LIRCMOP7","LIR-CMOP",100,50000,5,229705,50000,3.2049,0.0181604143148354,0.2884931925006193,1,"Equal_AOP_LIRCMOP7_N100_FE50000_run5_seed229705.mat"
"s08_role_separation","Equal-AOP","LIRCMOP8","LIR-CMOP",100,50000,1,229801,50000,4.0659,0.009658433498724949,0.2928608230490505,1,"Equal_AOP_LIRCMOP8_N100_FE50000_run1_seed229801.mat"
"s08_role_separation","Equal-AOP","LIRCMOP8","LIR-CMOP",100,50000,2,229802,50000,4.046,0.01255600579555719,0.2914799335493508,1,"Equal_AOP_LIRCMOP8_N100_FE50000_run2_seed229802.mat"
"s08_role_separation","Equal-AOP","LIRCMOP8","LIR-CMOP",100,50000,3,229803,50000,4.0034,0.01029431920724847,0.2928734838516823,1,"Equal_AOP_LIRCMOP8_N100_FE50000_run3_seed229803.mat"
"s08_role_separation","Equal-AOP","LIRCMOP8","LIR-CMOP",100,50000,4,229804,50000,3.794,0.01629922197840977,0.2895235334258839,1,"Equal_AOP_LIRCMOP8_N100_FE50000_run4_seed229804.mat"
"s08_role_separation","Equal-AOP","LIRCMOP8","LIR-CMOP",100,50000,5,229805,50000,3.4081,0.05779869382624165,0.2675953326050752,1,"Equal_AOP_LIRCMOP8_N100_FE50000_run5_seed229805.mat"
"s08_role_separation","Equal-AOP","LIRCMOP9","LIR-CMOP",100,50000,1,229901,50000,5.0508,0.420001752103881,0.3869556544306387,1,"Equal_AOP_LIRCMOP9_N100_FE50000_run1_seed229901.mat"
"s08_role_separation","Equal-AOP","LIRCMOP9","LIR-CMOP",100,50000,2,229902,50000,8.2635,0.5224476802027721,0.3288052600966339,1,"Equal_AOP_LIRCMOP9_N100_FE50000_run2_seed229902.mat"
"s08_role_separation","Equal-AOP","LIRCMOP9","LIR-CMOP",100,50000,3,229903,50000,6.9538,0.4096808731273673,0.3953830634555077,1,"Equal_AOP_LIRCMOP9_N100_FE50000_run3_seed229903.mat"
"s08_role_separation","Equal-AOP","LIRCMOP9","LIR-CMOP",100,50000,4,229904,50000,8.9795,0.419378658396991,0.390136310627766,1,"Equal_AOP_LIRCMOP9_N100_FE50000_run4_seed229904.mat"
"s08_role_separation","Equal-AOP","LIRCMOP9","LIR-CMOP",100,50000,5,229905,50000,6.139,0.5067744365712512,0.3573703833574923,1,"Equal_AOP_LIRCMOP9_N100_FE50000_run5_seed229905.mat"
"s08_role_separation","Role-Separated-Credit-AOP-v1","CF10","CF",100,50000,1,279001,50000,5.3738,0.5160261268658767,0.1368104783835841,1,"Role_Separated_Credit_AOP_v1_CF10_N100_FE50000_run1_seed279001.mat"
"s08_role_separation","Role-Separated-Credit-AOP-v1","CF10","CF",100,50000,2,279002,50000,14.0207,0.3864831940449883,0.141270991537408,1,"Role_Separated_Credit_AOP_v1_CF10_N100_FE50000_run2_seed279002.mat"
"s08_role_separation","Role-Separated-Credit-AOP-v1","CF10","CF",100,50000,3,279003,50000,5.3551,0.2942642056504169,0.1538943710019394,1,"Role_Separated_Credit_AOP_v1_CF10_N100_FE50000_run3_seed279003.mat"
"s08_role_separation","Role-Separated-Credit-AOP-v1","CF10","CF",100,50000,4,279004,50000,13.5086,0.3187428280208216,0.1607261503717602,1,"Role_Separated_Credit_AOP_v1_CF10_N100_FE50000_run4_seed279004.mat"
"s08_role_separation","Role-Separated-Credit-AOP-v1","CF10","CF",100,50000,5,279005,50000,8.0828,0.3633579700308926,0.1538030141964937,1,"Role_Separated_Credit_AOP_v1_CF10_N100_FE50000_run5_seed279005.mat"
"s08_role_separation","Role-Separated-Credit-AOP-v1","CF1","CF",100,50000,1,278101,50000,7.497,0.00463990956173663,0.5603692864095797,1,"Role_Separated_Credit_AOP_v1_CF1_N100_FE50000_run1_seed278101.mat"
"s08_role_separation","Role-Separated-Credit-AOP-v1","CF1","CF",100,50000,2,278102,50000,5.445,0.004698783215935386,0.5603370770950451,1,"Role_Separated_Credit_AOP_v1_CF1_N100_FE50000_run2_seed278102.mat"
"s08_role_separation","Role-Separated-Credit-AOP-v1","CF1","CF",100,50000,3,278103,50000,5.7551,0.004710609105628484,0.5604421472376075,1,"Role_Separated_Credit_AOP_v1_CF1_N100_FE50000_run3_seed278103.mat"
"s08_role_separation","Role-Separated-Credit-AOP-v1","CF1","CF",100,50000,4,278104,50000,5.3626,0.00642277220013011,0.5583427747062234,1,"Role_Separated_Credit_AOP_v1_CF1_N100_FE50000_run4_seed278104.mat"
"s08_role_separation","Role-Separated-Credit-AOP-v1","CF1","CF",100,50000,5,278105,50000,7.5804,0.005548438824473748,0.5593719888766265,1,"Role_Separated_Credit_AOP_v1_CF1_N100_FE50000_run5_seed278105.mat"
"s08_role_separation","Role-Separated-Credit-AOP-v1","CF2","CF",100,50000,1,278201,50000,5.1856,0.02409216331824222,0.6438115866680953,1,"Role_Separated_Credit_AOP_v1_CF2_N100_FE50000_run1_seed278201.mat"
"s08_role_separation","Role-Separated-Credit-AOP-v1","CF2","CF",100,50000,2,278202,50000,6.5275,0.02547866613869247,0.6497338874777583,1,"Role_Separated_Credit_AOP_v1_CF2_N100_FE50000_run2_seed278202.mat"
"s08_role_separation","Role-Separated-Credit-AOP-v1","CF2","CF",100,50000,3,278203,50000,5.1117,0.01463118431406128,0.6619451736099762,1,"Role_Separated_Credit_AOP_v1_CF2_N100_FE50000_run3_seed278203.mat"
"s08_role_separation","Role-Separated-Credit-AOP-v1","CF2","CF",100,50000,4,278204,50000,5.0544,0.01296689550942299,0.6633342389212161,1,"Role_Separated_Credit_AOP_v1_CF2_N100_FE50000_run4_seed278204.mat"
"s08_role_separation","Role-Separated-Credit-AOP-v1","CF2","CF",100,50000,5,278205,50000,5.1651,0.01736334573958052,0.6467814501462436,1,"Role_Separated_Credit_AOP_v1_CF2_N100_FE50000_run5_seed278205.mat"
"s08_role_separation","Role-Separated-Credit-AOP-v1","CF3","CF",100,50000,1,278301,50000,4.7521,0.2427573747181794,0.1862623451649698,1,"Role_Separated_Credit_AOP_v1_CF3_N100_FE50000_run1_seed278301.mat"
"s08_role_separation","Role-Separated-Credit-AOP-v1","CF3","CF",100,50000,2,278302,50000,4.0459,0.1217630188385647,0.2984826259686391,1,"Role_Separated_Credit_AOP_v1_CF3_N100_FE50000_run2_seed278302.mat"
"s08_role_separation","Role-Separated-Credit-AOP-v1","CF3","CF",100,50000,3,278303,50000,4.5925,0.1700193983026181,0.1923277126402619,1,"Role_Separated_Credit_AOP_v1_CF3_N100_FE50000_run3_seed278303.mat"
"s08_role_separation","Role-Separated-Credit-AOP-v1","CF3","CF",100,50000,4,278304,50000,4.2035,0.1750625589003407,0.1919490708111513,1,"Role_Separated_Credit_AOP_v1_CF3_N100_FE50000_run4_seed278304.mat"
"s08_role_separation","Role-Separated-Credit-AOP-v1","CF3","CF",100,50000,5,278305,50000,4.1598,0.1100869971952432,0.2670473154550101,1,"Role_Separated_Credit_AOP_v1_CF3_N100_FE50000_run5_seed278305.mat"
"s08_role_separation","Role-Separated-Credit-AOP-v1","CF4","CF",100,50000,1,278401,50000,4.8628,0.03744462447442761,0.4883606561847815,1,"Role_Separated_Credit_AOP_v1_CF4_N100_FE50000_run1_seed278401.mat"
"s08_role_separation","Role-Separated-Credit-AOP-v1","CF4","CF",100,50000,2,278402,50000,6.9037,0.07086359115146895,0.4481519784249609,1,"Role_Separated_Credit_AOP_v1_CF4_N100_FE50000_run2_seed278402.mat"
"s08_role_separation","Role-Separated-Credit-AOP-v1","CF4","CF",100,50000,3,278403,50000,5.2005,0.0562499825280629,0.4577023330794227,1,"Role_Separated_Credit_AOP_v1_CF4_N100_FE50000_run3_seed278403.mat"
"s08_role_separation","Role-Separated-Credit-AOP-v1","CF4","CF",100,50000,4,278404,50000,6.2949,0.04397589459774343,0.4797891876152426,1,"Role_Separated_Credit_AOP_v1_CF4_N100_FE50000_run4_seed278404.mat"
"s08_role_separation","Role-Separated-Credit-AOP-v1","CF4","CF",100,50000,5,278405,50000,4.7962,0.06295717782647932,0.4484419136029734,1,"Role_Separated_Credit_AOP_v1_CF4_N100_FE50000_run5_seed278405.mat"
"s08_role_separation","Role-Separated-Credit-AOP-v1","CF5","CF",100,50000,1,278501,50000,6.0593,0.467022792822008,0.1275149450747451,1,"Role_Separated_Credit_AOP_v1_CF5_N100_FE50000_run1_seed278501.mat"
"s08_role_separation","Role-Separated-Credit-AOP-v1","CF5","CF",100,50000,2,278502,50000,5.6283,0.1033166538147098,0.3991170059677321,1,"Role_Separated_Credit_AOP_v1_CF5_N100_FE50000_run2_seed278502.mat"
"s08_role_separation","Role-Separated-Credit-AOP-v1","CF5","CF",100,50000,3,278503,50000,6.5487,0.095971469057132,0.4185554044001198,1,"Role_Separated_Credit_AOP_v1_CF5_N100_FE50000_run3_seed278503.mat"
"s08_role_separation","Role-Separated-Credit-AOP-v1","CF5","CF",100,50000,4,278504,50000,5.5865,0.1241113319446145,0.3707876268690523,1,"Role_Separated_Credit_AOP_v1_CF5_N100_FE50000_run4_seed278504.mat"
"s08_role_separation","Role-Separated-Credit-AOP-v1","CF5","CF",100,50000,5,278505,50000,6.6431,0.2361020091549985,0.3008470033353621,1,"Role_Separated_Credit_AOP_v1_CF5_N100_FE50000_run5_seed278505.mat"
"s08_role_separation","Role-Separated-Credit-AOP-v1","CF6","CF",100,50000,1,278601,50000,6.2261,0.03878173253639485,0.6523022154838036,1,"Role_Separated_Credit_AOP_v1_CF6_N100_FE50000_run1_seed278601.mat"
"s08_role_separation","Role-Separated-Credit-AOP-v1","CF6","CF",100,50000,2,278602,50000,6.3344,0.04669373444452275,0.6613536979703394,1,"Role_Separated_Credit_AOP_v1_CF6_N100_FE50000_run2_seed278602.mat"
"s08_role_separation","Role-Separated-Credit-AOP-v1","CF6","CF",100,50000,3,278603,50000,5.8685,0.03552698637735707,0.667470286034379,1,"Role_Separated_Credit_AOP_v1_CF6_N100_FE50000_run3_seed278603.mat"
"s08_role_separation","Role-Separated-Credit-AOP-v1","CF6","CF",100,50000,4,278604,50000,8.5967,0.03706082284645369,0.658710708299762,1,"Role_Separated_Credit_AOP_v1_CF6_N100_FE50000_run4_seed278604.mat"
"s08_role_separation","Role-Separated-Credit-AOP-v1","CF6","CF",100,50000,5,278605,50000,6.0518,0.0505775339282903,0.6610692827417838,1,"Role_Separated_Credit_AOP_v1_CF6_N100_FE50000_run5_seed278605.mat"
"s08_role_separation","Role-Separated-Credit-AOP-v1","CF7","CF",100,50000,1,278701,50000,5.1866,0.1077374555158241,0.6021438236524554,1,"Role_Separated_Credit_AOP_v1_CF7_N100_FE50000_run1_seed278701.mat"
"s08_role_separation","Role-Separated-Credit-AOP-v1","CF7","CF",100,50000,2,278702,50000,5.5453,0.5343839089812296,0.2980278887774785,1,"Role_Separated_Credit_AOP_v1_CF7_N100_FE50000_run2_seed278702.mat"
"s08_role_separation","Role-Separated-Credit-AOP-v1","CF7","CF",100,50000,3,278703,50000,5.8008,0.4106607190953419,0.388767038787303,1,"Role_Separated_Credit_AOP_v1_CF7_N100_FE50000_run3_seed278703.mat"
"s08_role_separation","Role-Separated-Credit-AOP-v1","CF7","CF",100,50000,4,278704,50000,5.3332,0.1523578296019664,0.5314228674550927,1,"Role_Separated_Credit_AOP_v1_CF7_N100_FE50000_run4_seed278704.mat"
"s08_role_separation","Role-Separated-Credit-AOP-v1","CF7","CF",100,50000,5,278705,50000,5.7032,0.2252816183542528,0.52385949291972,1,"Role_Separated_Credit_AOP_v1_CF7_N100_FE50000_run5_seed278705.mat"
"s08_role_separation","Role-Separated-Credit-AOP-v1","CF8","CF",100,50000,1,278801,50000,4.5127,0.216798089370613,0.2950746644384375,1,"Role_Separated_Credit_AOP_v1_CF8_N100_FE50000_run1_seed278801.mat"
"s08_role_separation","Role-Separated-Credit-AOP-v1","CF8","CF",100,50000,2,278802,50000,6.2062,0.1418423869038247,0.3872329222319976,1,"Role_Separated_Credit_AOP_v1_CF8_N100_FE50000_run2_seed278802.mat"
"s08_role_separation","Role-Separated-Credit-AOP-v1","CF8","CF",100,50000,3,278803,50000,4.558,0.2000748788046301,0.3342585681316483,1,"Role_Separated_Credit_AOP_v1_CF8_N100_FE50000_run3_seed278803.mat"
"s08_role_separation","Role-Separated-Credit-AOP-v1","CF8","CF",100,50000,4,278804,50000,4.4909,0.1611332817609059,0.3384562304096033,1,"Role_Separated_Credit_AOP_v1_CF8_N100_FE50000_run4_seed278804.mat"
"s08_role_separation","Role-Separated-Credit-AOP-v1","CF8","CF",100,50000,5,278805,50000,4.5387,0.1591928128654413,0.331904277000983,1,"Role_Separated_Credit_AOP_v1_CF8_N100_FE50000_run5_seed278805.mat"
"s08_role_separation","Role-Separated-Credit-AOP-v1","CF9","CF",100,50000,1,278901,50000,9.0289,0.1097737452917774,0.4064341090257509,1,"Role_Separated_Credit_AOP_v1_CF9_N100_FE50000_run1_seed278901.mat"
"s08_role_separation","Role-Separated-Credit-AOP-v1","CF9","CF",100,50000,2,278902,50000,5.6978,0.100060013489319,0.4293055684893957,1,"Role_Separated_Credit_AOP_v1_CF9_N100_FE50000_run2_seed278902.mat"
"s08_role_separation","Role-Separated-Credit-AOP-v1","CF9","CF",100,50000,3,278903,50000,9.0085,0.09619309573392039,0.4251661195475761,1,"Role_Separated_Credit_AOP_v1_CF9_N100_FE50000_run3_seed278903.mat"
"s08_role_separation","Role-Separated-Credit-AOP-v1","CF9","CF",100,50000,4,278904,50000,5.6888,0.08934268003175505,0.4289381480490457,1,"Role_Separated_Credit_AOP_v1_CF9_N100_FE50000_run4_seed278904.mat"
"s08_role_separation","Role-Separated-Credit-AOP-v1","CF9","CF",100,50000,5,278905,50000,5.616,0.09401376505013891,0.4255191672220208,1,"Role_Separated_Credit_AOP_v1_CF9_N100_FE50000_run5_seed278905.mat"
"s08_role_separation","Role-Separated-Credit-AOP-v1","DASCMOP1","DAS-CMOP",100,50000,1,280501,50000,4.2968,0.007918066915765532,0.2107602777881792,1,"Role_Separated_Credit_AOP_v1_DASCMOP1_N100_FE50000_run1_seed280501.mat"
"s08_role_separation","Role-Separated-Credit-AOP-v1","DASCMOP1","DAS-CMOP",100,50000,2,280502,50000,3.8336,0.005871413487926075,0.2091957591350403,1,"Role_Separated_Credit_AOP_v1_DASCMOP1_N100_FE50000_run2_seed280502.mat"
"s08_role_separation","Role-Separated-Credit-AOP-v1","DASCMOP1","DAS-CMOP",100,50000,3,280503,50000,3.7865,0.008121003518787593,0.2084763057691094,1,"Role_Separated_Credit_AOP_v1_DASCMOP1_N100_FE50000_run3_seed280503.mat"
"s08_role_separation","Role-Separated-Credit-AOP-v1","DASCMOP1","DAS-CMOP",100,50000,4,280504,50000,4.1597,0.008309971542947946,0.2094156178923824,1,"Role_Separated_Credit_AOP_v1_DASCMOP1_N100_FE50000_run4_seed280504.mat"
"s08_role_separation","Role-Separated-Credit-AOP-v1","DASCMOP1","DAS-CMOP",100,50000,5,280505,50000,4.1998,0.008086724968378712,0.2085113933252797,1,"Role_Separated_Credit_AOP_v1_DASCMOP1_N100_FE50000_run5_seed280505.mat"
"s08_role_separation","Role-Separated-Credit-AOP-v1","DASCMOP2","DAS-CMOP",100,50000,1,280601,50000,3.5351,0.008113423048730474,0.3520743229502974,1,"Role_Separated_Credit_AOP_v1_DASCMOP2_N100_FE50000_run1_seed280601.mat"
"s08_role_separation","Role-Separated-Credit-AOP-v1","DASCMOP2","DAS-CMOP",100,50000,2,280602,50000,4.2637,0.008775604075239087,0.3521560697186637,1,"Role_Separated_Credit_AOP_v1_DASCMOP2_N100_FE50000_run2_seed280602.mat"
"s08_role_separation","Role-Separated-Credit-AOP-v1","DASCMOP2","DAS-CMOP",100,50000,3,280603,50000,3.5401,0.009700642395529703,0.3511228648668458,1,"Role_Separated_Credit_AOP_v1_DASCMOP2_N100_FE50000_run3_seed280603.mat"
"s08_role_separation","Role-Separated-Credit-AOP-v1","DASCMOP2","DAS-CMOP",100,50000,4,280604,50000,3.5533,0.007912151374499793,0.3516418309504092,1,"Role_Separated_Credit_AOP_v1_DASCMOP2_N100_FE50000_run4_seed280604.mat"
"s08_role_separation","Role-Separated-Credit-AOP-v1","DASCMOP2","DAS-CMOP",100,50000,5,280605,50000,4.0697,0.007099748230567707,0.3526013064037326,1,"Role_Separated_Credit_AOP_v1_DASCMOP2_N100_FE50000_run5_seed280605.mat"
"s08_role_separation","Role-Separated-Credit-AOP-v1","DASCMOP3","DAS-CMOP",100,50000,1,280701,50000,3.971,0.0215798719702819,0.3099762873720608,1,"Role_Separated_Credit_AOP_v1_DASCMOP3_N100_FE50000_run1_seed280701.mat"
"s08_role_separation","Role-Separated-Credit-AOP-v1","DASCMOP3","DAS-CMOP",100,50000,2,280702,50000,3.6121,0.02407712248680233,0.3075384757940214,1,"Role_Separated_Credit_AOP_v1_DASCMOP3_N100_FE50000_run2_seed280702.mat"
"s08_role_separation","Role-Separated-Credit-AOP-v1","DASCMOP3","DAS-CMOP",100,50000,3,280703,50000,3.8785,0.0262141471134733,0.3030145534412496,1,"Role_Separated_Credit_AOP_v1_DASCMOP3_N100_FE50000_run3_seed280703.mat"
"s08_role_separation","Role-Separated-Credit-AOP-v1","DASCMOP3","DAS-CMOP",100,50000,4,280704,50000,3.5002,0.02155881316148421,0.3091310878820184,1,"Role_Separated_Credit_AOP_v1_DASCMOP3_N100_FE50000_run4_seed280704.mat"
"s08_role_separation","Role-Separated-Credit-AOP-v1","DASCMOP3","DAS-CMOP",100,50000,5,280705,50000,3.5116,0.02285961202121837,0.3083423350014332,1,"Role_Separated_Credit_AOP_v1_DASCMOP3_N100_FE50000_run5_seed280705.mat"
"s08_role_separation","Role-Separated-Credit-AOP-v1","DASCMOP4","DAS-CMOP",100,50000,1,280801,50000,3.5268,0.7294719194289973,0.001873026829112781,1,"Role_Separated_Credit_AOP_v1_DASCMOP4_N100_FE50000_run1_seed280801.mat"
"s08_role_separation","Role-Separated-Credit-AOP-v1","DASCMOP4","DAS-CMOP",100,50000,2,280802,50000,3.5833,0.4134242370120293,0.04206640223985656,1,"Role_Separated_Credit_AOP_v1_DASCMOP4_N100_FE50000_run2_seed280802.mat"
"s08_role_separation","Role-Separated-Credit-AOP-v1","DASCMOP4","DAS-CMOP",100,50000,3,280803,50000,3.4801,0.9972122064162333,0,1,"Role_Separated_Credit_AOP_v1_DASCMOP4_N100_FE50000_run3_seed280803.mat"
"s08_role_separation","Role-Separated-Credit-AOP-v1","DASCMOP4","DAS-CMOP",100,50000,4,280804,50000,3.5381,0.3703215061461243,0.0547540621402191,1,"Role_Separated_Credit_AOP_v1_DASCMOP4_N100_FE50000_run4_seed280804.mat"
"s08_role_separation","Role-Separated-Credit-AOP-v1","DASCMOP4","DAS-CMOP",100,50000,5,280805,50000,3.6307,0.3351542941971207,0.06538864395674503,1,"Role_Separated_Credit_AOP_v1_DASCMOP4_N100_FE50000_run5_seed280805.mat"
"s08_role_separation","Role-Separated-Credit-AOP-v1","DASCMOP5","DAS-CMOP",100,50000,1,280901,50000,3.6594,0.4822757979163824,0.08053099006195263,1,"Role_Separated_Credit_AOP_v1_DASCMOP5_N100_FE50000_run1_seed280901.mat"
"s08_role_separation","Role-Separated-Credit-AOP-v1","DASCMOP5","DAS-CMOP",100,50000,2,280902,50000,3.6505,0.6298180237327995,0.04532909420896342,1,"Role_Separated_Credit_AOP_v1_DASCMOP5_N100_FE50000_run2_seed280902.mat"
"s08_role_separation","Role-Separated-Credit-AOP-v1","DASCMOP5","DAS-CMOP",100,50000,3,280903,50000,3.6023,0.7602254513326789,0.02709984176880065,1,"Role_Separated_Credit_AOP_v1_DASCMOP5_N100_FE50000_run3_seed280903.mat"
"s08_role_separation","Role-Separated-Credit-AOP-v1","DASCMOP5","DAS-CMOP",100,50000,4,280904,50000,3.2049,0.4951325127719937,0.07235738043796316,1,"Role_Separated_Credit_AOP_v1_DASCMOP5_N100_FE50000_run4_seed280904.mat"
"s08_role_separation","Role-Separated-Credit-AOP-v1","DASCMOP5","DAS-CMOP",100,50000,5,280905,50000,3.6406,0.4343055947504892,0.09820677856895529,1,"Role_Separated_Credit_AOP_v1_DASCMOP5_N100_FE50000_run5_seed280905.mat"
"s08_role_separation","Role-Separated-Credit-AOP-v1","DASCMOP6","DAS-CMOP",100,50000,1,281001,50000,3.5299,0.306515366851263,0.1658920685440906,1,"Role_Separated_Credit_AOP_v1_DASCMOP6_N100_FE50000_run1_seed281001.mat"
"s08_role_separation","Role-Separated-Credit-AOP-v1","DASCMOP6","DAS-CMOP",100,50000,2,281002,50000,3.4602,0.5486811135323498,0.04782293815123366,1,"Role_Separated_Credit_AOP_v1_DASCMOP6_N100_FE50000_run2_seed281002.mat"
"s08_role_separation","Role-Separated-Credit-AOP-v1","DASCMOP6","DAS-CMOP",100,50000,3,281003,50000,3.3266,0.836328753278506,0,1,"Role_Separated_Credit_AOP_v1_DASCMOP6_N100_FE50000_run3_seed281003.mat"
"s08_role_separation","Role-Separated-Credit-AOP-v1","DASCMOP6","DAS-CMOP",100,50000,4,281004,50000,3.6816,0.556196021077133,0.046147345780804,1,"Role_Separated_Credit_AOP_v1_DASCMOP6_N100_FE50000_run4_seed281004.mat"
"s08_role_separation","Role-Separated-Credit-AOP-v1","DASCMOP6","DAS-CMOP",100,50000,5,281005,50000,3.3924,0.499740732889497,0.06302840477502758,1,"Role_Separated_Credit_AOP_v1_DASCMOP6_N100_FE50000_run5_seed281005.mat"
"s08_role_separation","Role-Separated-Credit-AOP-v1","DASCMOP7","DAS-CMOP",100,50000,1,281101,50000,4.3878,0.906614416664572,0.01038537494063816,1,"Role_Separated_Credit_AOP_v1_DASCMOP7_N100_FE50000_run1_seed281101.mat"
"s08_role_separation","Role-Separated-Credit-AOP-v1","DASCMOP7","DAS-CMOP",100,50000,2,281102,50000,3.9612,0.726501995949516,0.03581346750527555,1,"Role_Separated_Credit_AOP_v1_DASCMOP7_N100_FE50000_run2_seed281102.mat"
"s08_role_separation","Role-Separated-Credit-AOP-v1","DASCMOP7","DAS-CMOP",100,50000,3,281103,50000,4.0248,0.9519708344600043,0.009158507316752608,1,"Role_Separated_Credit_AOP_v1_DASCMOP7_N100_FE50000_run3_seed281103.mat"
"s08_role_separation","Role-Separated-Credit-AOP-v1","DASCMOP7","DAS-CMOP",100,50000,4,281104,50000,3.8171,0.3157103592991936,0.1463272799037842,1,"Role_Separated_Credit_AOP_v1_DASCMOP7_N100_FE50000_run4_seed281104.mat"
"s08_role_separation","Role-Separated-Credit-AOP-v1","DASCMOP7","DAS-CMOP",100,50000,5,281105,50000,4.4468,0.5754942390149212,0.06961888792919246,1,"Role_Separated_Credit_AOP_v1_DASCMOP7_N100_FE50000_run5_seed281105.mat"
"s08_role_separation","Role-Separated-Credit-AOP-v1","DASCMOP8","DAS-CMOP",100,50000,1,281201,50000,3.7877,0.0997510539139078,0.1687309395552381,1,"Role_Separated_Credit_AOP_v1_DASCMOP8_N100_FE50000_run1_seed281201.mat"
"s08_role_separation","Role-Separated-Credit-AOP-v1","DASCMOP8","DAS-CMOP",100,50000,2,281202,50000,4.0655,0.3940733969701494,0.03156096773666526,1,"Role_Separated_Credit_AOP_v1_DASCMOP8_N100_FE50000_run2_seed281202.mat"
"s08_role_separation","Role-Separated-Credit-AOP-v1","DASCMOP8","DAS-CMOP",100,50000,3,281203,50000,3.7053,0.2319481023585317,0.09054220724626602,1,"Role_Separated_Credit_AOP_v1_DASCMOP8_N100_FE50000_run3_seed281203.mat"
"s08_role_separation","Role-Separated-Credit-AOP-v1","DASCMOP8","DAS-CMOP",100,50000,4,281204,50000,3.7666,0.412779966822476,0.02557817529968892,1,"Role_Separated_Credit_AOP_v1_DASCMOP8_N100_FE50000_run4_seed281204.mat"
"s08_role_separation","Role-Separated-Credit-AOP-v1","DASCMOP8","DAS-CMOP",100,50000,5,281205,50000,4.2121,0.4043751868418923,0.02971464771319517,1,"Role_Separated_Credit_AOP_v1_DASCMOP8_N100_FE50000_run5_seed281205.mat"
"s08_role_separation","Role-Separated-Credit-AOP-v1","DASCMOP9","DAS-CMOP",100,50000,1,281301,50000,4.7218,0.06786508716671935,0.2010199744818909,1,"Role_Separated_Credit_AOP_v1_DASCMOP9_N100_FE50000_run1_seed281301.mat"
"s08_role_separation","Role-Separated-Credit-AOP-v1","DASCMOP9","DAS-CMOP",100,50000,2,281302,50000,4.1671,0.05744318331514615,0.202076585908454,1,"Role_Separated_Credit_AOP_v1_DASCMOP9_N100_FE50000_run2_seed281302.mat"
"s08_role_separation","Role-Separated-Credit-AOP-v1","DASCMOP9","DAS-CMOP",100,50000,3,281303,50000,4.9371,0.05195775552008131,0.2044822296873808,1,"Role_Separated_Credit_AOP_v1_DASCMOP9_N100_FE50000_run3_seed281303.mat"
"s08_role_separation","Role-Separated-Credit-AOP-v1","DASCMOP9","DAS-CMOP",100,50000,4,281304,50000,4.052,0.04648328451913787,0.2042218774120568,1,"Role_Separated_Credit_AOP_v1_DASCMOP9_N100_FE50000_run4_seed281304.mat"
"s08_role_separation","Role-Separated-Credit-AOP-v1","DASCMOP9","DAS-CMOP",100,50000,5,281305,50000,4.0345,0.05259957969351679,0.2043317025676614,1,"Role_Separated_Credit_AOP_v1_DASCMOP9_N100_FE50000_run5_seed281305.mat"
"s08_role_separation","Role-Separated-Credit-AOP-v1","LIRCMOP10","LIR-CMOP",100,50000,1,280001,50000,6.8322,0.2187574106303462,0.6000442652556088,1,"Role_Separated_Credit_AOP_v1_LIRCMOP10_N100_FE50000_run1_seed280001.mat"
"s08_role_separation","Role-Separated-Credit-AOP-v1","LIRCMOP10","LIR-CMOP",100,50000,2,280002,50000,9.0017,0.2209906286150439,0.5984998022956854,1,"Role_Separated_Credit_AOP_v1_LIRCMOP10_N100_FE50000_run2_seed280002.mat"
"s08_role_separation","Role-Separated-Credit-AOP-v1","LIRCMOP10","LIR-CMOP",100,50000,3,280003,50000,6.8761,0.2555117403077463,0.5749747437387783,1,"Role_Separated_Credit_AOP_v1_LIRCMOP10_N100_FE50000_run3_seed280003.mat"
"s08_role_separation","Role-Separated-Credit-AOP-v1","LIRCMOP10","LIR-CMOP",100,50000,4,280004,50000,6.404,0.2254783916092999,0.5932597495647458,1,"Role_Separated_Credit_AOP_v1_LIRCMOP10_N100_FE50000_run4_seed280004.mat"
"s08_role_separation","Role-Separated-Credit-AOP-v1","LIRCMOP10","LIR-CMOP",100,50000,5,280005,50000,6.6912,0.2173050333737291,0.6021725770549372,1,"Role_Separated_Credit_AOP_v1_LIRCMOP10_N100_FE50000_run5_seed280005.mat"
"s08_role_separation","Role-Separated-Credit-AOP-v1","LIRCMOP11","LIR-CMOP",100,50000,1,280101,50000,8.6476,0.1430582805787806,0.6002832137224994,1,"Role_Separated_Credit_AOP_v1_LIRCMOP11_N100_FE50000_run1_seed280101.mat"
"s08_role_separation","Role-Separated-Credit-AOP-v1","LIRCMOP11","LIR-CMOP",100,50000,2,280102,50000,5.6447,0.08343205889523013,0.6487082405060602,1,"Role_Separated_Credit_AOP_v1_LIRCMOP11_N100_FE50000_run2_seed280102.mat"
"s08_role_separation","Role-Separated-Credit-AOP-v1","LIRCMOP11","LIR-CMOP",100,50000,3,280103,50000,10.2487,0.08406233414681909,0.6488534280181202,1,"Role_Separated_Credit_AOP_v1_LIRCMOP11_N100_FE50000_run3_seed280103.mat"
"s08_role_separation","Role-Separated-Credit-AOP-v1","LIRCMOP11","LIR-CMOP",100,50000,4,280104,50000,5.6054,0.1439852900055794,0.6009176030582576,1,"Role_Separated_Credit_AOP_v1_LIRCMOP11_N100_FE50000_run4_seed280104.mat"
"s08_role_separation","Role-Separated-Credit-AOP-v1","LIRCMOP11","LIR-CMOP",100,50000,5,280105,50000,5.8631,0.1433289404154877,0.6002730983659362,1,"Role_Separated_Credit_AOP_v1_LIRCMOP11_N100_FE50000_run5_seed280105.mat"
"s08_role_separation","Role-Separated-Credit-AOP-v1","LIRCMOP12","LIR-CMOP",100,50000,1,280201,50000,4.2992,0.2740756591529396,0.4846490422417325,1,"Role_Separated_Credit_AOP_v1_LIRCMOP12_N100_FE50000_run1_seed280201.mat"
"s08_role_separation","Role-Separated-Credit-AOP-v1","LIRCMOP12","LIR-CMOP",100,50000,2,280202,50000,4.8717,0.1429078517724661,0.5474228335746859,1,"Role_Separated_Credit_AOP_v1_LIRCMOP12_N100_FE50000_run2_seed280202.mat"
"s08_role_separation","Role-Separated-Credit-AOP-v1","LIRCMOP12","LIR-CMOP",100,50000,3,280203,50000,5.2209,0.1605108250852182,0.5311142243654363,1,"Role_Separated_Credit_AOP_v1_LIRCMOP12_N100_FE50000_run3_seed280203.mat"
"s08_role_separation","Role-Separated-Credit-AOP-v1","LIRCMOP12","LIR-CMOP",100,50000,4,280204,50000,4.9122,0.1690470345826137,0.5280210416957467,1,"Role_Separated_Credit_AOP_v1_LIRCMOP12_N100_FE50000_run4_seed280204.mat"
"s08_role_separation","Role-Separated-Credit-AOP-v1","LIRCMOP12","LIR-CMOP",100,50000,5,280205,50000,4.615,0.2698646648580049,0.4866920466991282,1,"Role_Separated_Credit_AOP_v1_LIRCMOP12_N100_FE50000_run5_seed280205.mat"
"s08_role_separation","Role-Separated-Credit-AOP-v1","LIRCMOP13","LIR-CMOP",100,50000,1,280301,50000,9.111,0.1008327092174458,0.5352077415795716,1,"Role_Separated_Credit_AOP_v1_LIRCMOP13_N100_FE50000_run1_seed280301.mat"
"s08_role_separation","Role-Separated-Credit-AOP-v1","LIRCMOP13","LIR-CMOP",100,50000,2,280302,50000,8.8167,0.0980604013487143,0.540888666821561,1,"Role_Separated_Credit_AOP_v1_LIRCMOP13_N100_FE50000_run2_seed280302.mat"
"s08_role_separation","Role-Separated-Credit-AOP-v1","LIRCMOP13","LIR-CMOP",100,50000,3,280303,50000,18.892,0.1001152900461684,0.5370739862403158,1,"Role_Separated_Credit_AOP_v1_LIRCMOP13_N100_FE50000_run3_seed280303.mat"
"s08_role_separation","Role-Separated-Credit-AOP-v1","LIRCMOP13","LIR-CMOP",100,50000,4,280304,50000,9.4066,0.1006391208796193,0.537174780621505,1,"Role_Separated_Credit_AOP_v1_LIRCMOP13_N100_FE50000_run4_seed280304.mat"
"s08_role_separation","Role-Separated-Credit-AOP-v1","LIRCMOP13","LIR-CMOP",100,50000,5,280305,50000,19.1929,0.09697560417331971,0.5403303851093793,1,"Role_Separated_Credit_AOP_v1_LIRCMOP13_N100_FE50000_run5_seed280305.mat"
"s08_role_separation","Role-Separated-Credit-AOP-v1","LIRCMOP14","LIR-CMOP",100,50000,1,280401,50000,8.2453,0.09798590522073015,0.5477988344329286,1,"Role_Separated_Credit_AOP_v1_LIRCMOP14_N100_FE50000_run1_seed280401.mat"
"s08_role_separation","Role-Separated-Credit-AOP-v1","LIRCMOP14","LIR-CMOP",100,50000,2,280402,50000,8.3153,0.09679648202385933,0.5517966926816075,1,"Role_Separated_Credit_AOP_v1_LIRCMOP14_N100_FE50000_run2_seed280402.mat"
"s08_role_separation","Role-Separated-Credit-AOP-v1","LIRCMOP14","LIR-CMOP",100,50000,3,280403,50000,8.2837,0.09744352897053971,0.5491451828950722,1,"Role_Separated_Credit_AOP_v1_LIRCMOP14_N100_FE50000_run3_seed280403.mat"
"s08_role_separation","Role-Separated-Credit-AOP-v1","LIRCMOP14","LIR-CMOP",100,50000,4,280404,50000,14.9464,0.09799071889160454,0.549762679974683,1,"Role_Separated_Credit_AOP_v1_LIRCMOP14_N100_FE50000_run4_seed280404.mat"
"s08_role_separation","Role-Separated-Credit-AOP-v1","LIRCMOP14","LIR-CMOP",100,50000,5,280405,50000,7.7848,0.09877476298838526,0.5504617718224412,1,"Role_Separated_Credit_AOP_v1_LIRCMOP14_N100_FE50000_run5_seed280405.mat"
"s08_role_separation","Role-Separated-Credit-AOP-v1","LIRCMOP1","LIR-CMOP",100,50000,1,279101,50000,3.7269,0.2826676999177434,0.1188596394904548,1,"Role_Separated_Credit_AOP_v1_LIRCMOP1_N100_FE50000_run1_seed279101.mat"
"s08_role_separation","Role-Separated-Credit-AOP-v1","LIRCMOP1","LIR-CMOP",100,50000,2,279102,50000,3.8198,0.2796660563101126,0.1165495645774638,1,"Role_Separated_Credit_AOP_v1_LIRCMOP1_N100_FE50000_run2_seed279102.mat"
"s08_role_separation","Role-Separated-Credit-AOP-v1","LIRCMOP1","LIR-CMOP",100,50000,3,279103,50000,4.2359,0.29663820142022,0.1209362882589733,1,"Role_Separated_Credit_AOP_v1_LIRCMOP1_N100_FE50000_run3_seed279103.mat"
"s08_role_separation","Role-Separated-Credit-AOP-v1","LIRCMOP1","LIR-CMOP",100,50000,4,279104,50000,3.6885,0.1422635841509166,0.1572211886211707,1,"Role_Separated_Credit_AOP_v1_LIRCMOP1_N100_FE50000_run4_seed279104.mat"
"s08_role_separation","Role-Separated-Credit-AOP-v1","LIRCMOP1","LIR-CMOP",100,50000,5,279105,50000,4.161,0.2208167358851176,0.1327099556046171,1,"Role_Separated_Credit_AOP_v1_LIRCMOP1_N100_FE50000_run5_seed279105.mat"
"s08_role_separation","Role-Separated-Credit-AOP-v1","LIRCMOP2","LIR-CMOP",100,50000,1,279201,50000,3.9474,0.2524093888739428,0.2332466786596742,1,"Role_Separated_Credit_AOP_v1_LIRCMOP2_N100_FE50000_run1_seed279201.mat"
"s08_role_separation","Role-Separated-Credit-AOP-v1","LIRCMOP2","LIR-CMOP",100,50000,2,279202,50000,4.3668,0.2090106745188218,0.2317711750301599,1,"Role_Separated_Credit_AOP_v1_LIRCMOP2_N100_FE50000_run2_seed279202.mat"
"s08_role_separation","Role-Separated-Credit-AOP-v1","LIRCMOP2","LIR-CMOP",100,50000,3,279203,50000,4.0834,0.2455483995300055,0.2357480575741742,1,"Role_Separated_Credit_AOP_v1_LIRCMOP2_N100_FE50000_run3_seed279203.mat"
"s08_role_separation","Role-Separated-Credit-AOP-v1","LIRCMOP2","LIR-CMOP",100,50000,4,279204,50000,4.9686,0.2559827591332267,0.2363472666592883,1,"Role_Separated_Credit_AOP_v1_LIRCMOP2_N100_FE50000_run4_seed279204.mat"
"s08_role_separation","Role-Separated-Credit-AOP-v1","LIRCMOP2","LIR-CMOP",100,50000,5,279205,50000,3.9783,0.1121749442624653,0.2981009072802274,1,"Role_Separated_Credit_AOP_v1_LIRCMOP2_N100_FE50000_run5_seed279205.mat"
"s08_role_separation","Role-Separated-Credit-AOP-v1","LIRCMOP3","LIR-CMOP",100,50000,1,279301,50000,4.9455,0.1383648080954161,0.1486209996821126,1,"Role_Separated_Credit_AOP_v1_LIRCMOP3_N100_FE50000_run1_seed279301.mat"
"s08_role_separation","Role-Separated-Credit-AOP-v1","LIRCMOP3","LIR-CMOP",100,50000,2,279302,50000,3.8908,0.2415722452323291,0.1283049521812965,1,"Role_Separated_Credit_AOP_v1_LIRCMOP3_N100_FE50000_run2_seed279302.mat"
"s08_role_separation","Role-Separated-Credit-AOP-v1","LIRCMOP3","LIR-CMOP",100,50000,3,279303,50000,4.1068,0.2815651481673338,0.1044018825798395,1,"Role_Separated_Credit_AOP_v1_LIRCMOP3_N100_FE50000_run3_seed279303.mat"
"s08_role_separation","Role-Separated-Credit-AOP-v1","LIRCMOP3","LIR-CMOP",100,50000,4,279304,50000,4.0068,0.2229881119718657,0.1356493027446516,1,"Role_Separated_Credit_AOP_v1_LIRCMOP3_N100_FE50000_run4_seed279304.mat"
"s08_role_separation","Role-Separated-Credit-AOP-v1","LIRCMOP3","LIR-CMOP",100,50000,5,279305,50000,5.0797,0.2713724300705364,0.1170599390615143,1,"Role_Separated_Credit_AOP_v1_LIRCMOP3_N100_FE50000_run5_seed279305.mat"
"s08_role_separation","Role-Separated-Credit-AOP-v1","LIRCMOP4","LIR-CMOP",100,50000,1,279401,50000,4.1431,0.2195090056091622,0.2159760865151363,1,"Role_Separated_Credit_AOP_v1_LIRCMOP4_N100_FE50000_run1_seed279401.mat"
"s08_role_separation","Role-Separated-Credit-AOP-v1","LIRCMOP4","LIR-CMOP",100,50000,2,279402,50000,5.0561,0.2529940104159586,0.2098047964378651,1,"Role_Separated_Credit_AOP_v1_LIRCMOP4_N100_FE50000_run2_seed279402.mat"
"s08_role_separation","Role-Separated-Credit-AOP-v1","LIRCMOP4","LIR-CMOP",100,50000,3,279403,50000,4.07,0.2121884714115108,0.2177466886590743,1,"Role_Separated_Credit_AOP_v1_LIRCMOP4_N100_FE50000_run3_seed279403.mat"
"s08_role_separation","Role-Separated-Credit-AOP-v1","LIRCMOP4","LIR-CMOP",100,50000,4,279404,50000,3.9597,0.3063429332187348,0.183424758195722,1,"Role_Separated_Credit_AOP_v1_LIRCMOP4_N100_FE50000_run4_seed279404.mat"
"s08_role_separation","Role-Separated-Credit-AOP-v1","LIRCMOP4","LIR-CMOP",100,50000,5,279405,50000,3.9455,0.212732066167855,0.2208239685969622,1,"Role_Separated_Credit_AOP_v1_LIRCMOP4_N100_FE50000_run5_seed279405.mat"
"s08_role_separation","Role-Separated-Credit-AOP-v1","LIRCMOP5","LIR-CMOP",100,50000,1,279501,50000,4.3638,0.2426787463891789,0.167363259218184,1,"Role_Separated_Credit_AOP_v1_LIRCMOP5_N100_FE50000_run1_seed279501.mat"
"s08_role_separation","Role-Separated-Credit-AOP-v1","LIRCMOP5","LIR-CMOP",100,50000,2,279502,50000,4.2822,0.2894399667623967,0.1485622748860708,1,"Role_Separated_Credit_AOP_v1_LIRCMOP5_N100_FE50000_run2_seed279502.mat"
"s08_role_separation","Role-Separated-Credit-AOP-v1","LIRCMOP5","LIR-CMOP",100,50000,3,279503,50000,6.6214,0.09964757264383126,0.2253356928060418,1,"Role_Separated_Credit_AOP_v1_LIRCMOP5_N100_FE50000_run3_seed279503.mat"
"s08_role_separation","Role-Separated-Credit-AOP-v1","LIRCMOP5","LIR-CMOP",100,50000,4,279504,50000,3.8577,1.160851541963693,0,1,"Role_Separated_Credit_AOP_v1_LIRCMOP5_N100_FE50000_run4_seed279504.mat"
"s08_role_separation","Role-Separated-Credit-AOP-v1","LIRCMOP5","LIR-CMOP",100,50000,5,279505,50000,4.2139,0.3842079472333707,0.1171519563844324,1,"Role_Separated_Credit_AOP_v1_LIRCMOP5_N100_FE50000_run5_seed279505.mat"
"s08_role_separation","Role-Separated-Credit-AOP-v1","LIRCMOP6","LIR-CMOP",100,50000,1,279601,50000,4.0782,0.3298868005274271,0.1244373078241541,1,"Role_Separated_Credit_AOP_v1_LIRCMOP6_N100_FE50000_run1_seed279601.mat"
"s08_role_separation","Role-Separated-Credit-AOP-v1","LIRCMOP6","LIR-CMOP",100,50000,2,279602,50000,7.1867,0.06727020359238499,0.1763271261647992,1,"Role_Separated_Credit_AOP_v1_LIRCMOP6_N100_FE50000_run2_seed279602.mat"
"s08_role_separation","Role-Separated-Credit-AOP-v1","LIRCMOP6","LIR-CMOP",100,50000,3,279603,50000,4.3137,0.3780885401544632,0.1145255687495663,1,"Role_Separated_Credit_AOP_v1_LIRCMOP6_N100_FE50000_run3_seed279603.mat"
"s08_role_separation","Role-Separated-Credit-AOP-v1","LIRCMOP6","LIR-CMOP",100,50000,4,279604,50000,5.2689,0.2267636225728855,0.1441002728146606,1,"Role_Separated_Credit_AOP_v1_LIRCMOP6_N100_FE50000_run4_seed279604.mat"
"s08_role_separation","Role-Separated-Credit-AOP-v1","LIRCMOP6","LIR-CMOP",100,50000,5,279605,50000,4.6719,0.2321618453600048,0.1445071495947072,1,"Role_Separated_Credit_AOP_v1_LIRCMOP6_N100_FE50000_run5_seed279605.mat"
"s08_role_separation","Role-Separated-Credit-AOP-v1","LIRCMOP7","LIR-CMOP",100,50000,1,279701,50000,3.5543,0.03683194752710233,0.274615471311683,1,"Role_Separated_Credit_AOP_v1_LIRCMOP7_N100_FE50000_run1_seed279701.mat"
"s08_role_separation","Role-Separated-Credit-AOP-v1","LIRCMOP7","LIR-CMOP",100,50000,2,279702,50000,3.6141,0.01499386878591556,0.2904737135983271,1,"Role_Separated_Credit_AOP_v1_LIRCMOP7_N100_FE50000_run2_seed279702.mat"
"s08_role_separation","Role-Separated-Credit-AOP-v1","LIRCMOP7","LIR-CMOP",100,50000,3,279703,50000,4.0276,0.02432534120387801,0.2862762729161253,1,"Role_Separated_Credit_AOP_v1_LIRCMOP7_N100_FE50000_run3_seed279703.mat"
"s08_role_separation","Role-Separated-Credit-AOP-v1","LIRCMOP7","LIR-CMOP",100,50000,4,279704,50000,3.9618,0.01554164581475616,0.289879571810484,1,"Role_Separated_Credit_AOP_v1_LIRCMOP7_N100_FE50000_run4_seed279704.mat"
"s08_role_separation","Role-Separated-Credit-AOP-v1","LIRCMOP7","LIR-CMOP",100,50000,5,279705,50000,4.1105,0.01014485477355816,0.2923224272287823,1,"Role_Separated_Credit_AOP_v1_LIRCMOP7_N100_FE50000_run5_seed279705.mat"
"s08_role_separation","Role-Separated-Credit-AOP-v1","LIRCMOP8","LIR-CMOP",100,50000,1,279801,50000,3.8147,0.01408874146574299,0.2912264446003263,1,"Role_Separated_Credit_AOP_v1_LIRCMOP8_N100_FE50000_run1_seed279801.mat"
"s08_role_separation","Role-Separated-Credit-AOP-v1","LIRCMOP8","LIR-CMOP",100,50000,2,279802,50000,3.918,0.01525227365078785,0.2904045449728733,1,"Role_Separated_Credit_AOP_v1_LIRCMOP8_N100_FE50000_run2_seed279802.mat"
"s08_role_separation","Role-Separated-Credit-AOP-v1","LIRCMOP8","LIR-CMOP",100,50000,3,279803,50000,3.5437,0.04804967559208862,0.2701871837998795,1,"Role_Separated_Credit_AOP_v1_LIRCMOP8_N100_FE50000_run3_seed279803.mat"
"s08_role_separation","Role-Separated-Credit-AOP-v1","LIRCMOP8","LIR-CMOP",100,50000,4,279804,50000,4.0593,0.01007515506731657,0.2930228052793944,1,"Role_Separated_Credit_AOP_v1_LIRCMOP8_N100_FE50000_run4_seed279804.mat"
"s08_role_separation","Role-Separated-Credit-AOP-v1","LIRCMOP8","LIR-CMOP",100,50000,5,279805,50000,3.9742,0.009493574721075003,0.2932092595454273,1,"Role_Separated_Credit_AOP_v1_LIRCMOP8_N100_FE50000_run5_seed279805.mat"
"s08_role_separation","Role-Separated-Credit-AOP-v1","LIRCMOP9","LIR-CMOP",100,50000,1,279901,50000,8.4643,0.4241736035724927,0.3859042122669709,1,"Role_Separated_Credit_AOP_v1_LIRCMOP9_N100_FE50000_run1_seed279901.mat"
"s08_role_separation","Role-Separated-Credit-AOP-v1","LIRCMOP9","LIR-CMOP",100,50000,2,279902,50000,5.6719,0.4206397870361451,0.3914331145183083,1,"Role_Separated_Credit_AOP_v1_LIRCMOP9_N100_FE50000_run2_seed279902.mat"
"s08_role_separation","Role-Separated-Credit-AOP-v1","LIRCMOP9","LIR-CMOP",100,50000,3,279903,50000,5.723,0.5151956974184961,0.3415962762435777,1,"Role_Separated_Credit_AOP_v1_LIRCMOP9_N100_FE50000_run3_seed279903.mat"
"s08_role_separation","Role-Separated-Credit-AOP-v1","LIRCMOP9","LIR-CMOP",100,50000,4,279904,50000,5.7529,0.4127810051636217,0.3915729016506999,1,"Role_Separated_Credit_AOP_v1_LIRCMOP9_N100_FE50000_run4_seed279904.mat"
"s08_role_separation","Role-Separated-Credit-AOP-v1","LIRCMOP9","LIR-CMOP",100,50000,5,279905,50000,8.4979,0.4173417669102975,0.3875804277768114,1,"Role_Separated_Credit_AOP_v1_LIRCMOP9_N100_FE50000_run5_seed279905.mat"
"s08_role_separation","Role-Separated-Credit-AOP-v2","CF10","CF",100,50000,1,289001,50000,12.2698,0.3088798395653006,0.1779550279227707,1,"Role_Separated_Credit_AOP_v2_CF10_N100_FE50000_run1_seed289001.mat"
"s08_role_separation","Role-Separated-Credit-AOP-v2","CF10","CF",100,50000,2,289002,50000,8.0175,0.4610151322915245,0.1305645610740659,1,"Role_Separated_Credit_AOP_v2_CF10_N100_FE50000_run2_seed289002.mat"
"s08_role_separation","Role-Separated-Credit-AOP-v2","CF10","CF",100,50000,3,289003,50000,6.8578,0.3082147386409361,0.1789653905843473,1,"Role_Separated_Credit_AOP_v2_CF10_N100_FE50000_run3_seed289003.mat"
"s08_role_separation","Role-Separated-Credit-AOP-v2","CF10","CF",100,50000,4,289004,50000,5.072,0.3752193017552992,0.1035284389039647,1,"Role_Separated_Credit_AOP_v2_CF10_N100_FE50000_run4_seed289004.mat"
"s08_role_separation","Role-Separated-Credit-AOP-v2","CF10","CF",100,50000,5,289005,50000,11.8619,0.33385784612105,0.1838916142717225,1,"Role_Separated_Credit_AOP_v2_CF10_N100_FE50000_run5_seed289005.mat"
"s08_role_separation","Role-Separated-Credit-AOP-v2","CF1","CF",100,50000,1,288101,50000,5.7771,0.004547817422986052,0.5605743822224984,1,"Role_Separated_Credit_AOP_v2_CF1_N100_FE50000_run1_seed288101.mat"
"s08_role_separation","Role-Separated-Credit-AOP-v2","CF1","CF",100,50000,2,288102,50000,7.3478,0.005138010239974821,0.5597993772958229,1,"Role_Separated_Credit_AOP_v2_CF1_N100_FE50000_run2_seed288102.mat"
"s08_role_separation","Role-Separated-Credit-AOP-v2","CF1","CF",100,50000,3,288103,50000,5.6154,0.005380365113457549,0.559607271977277,1,"Role_Separated_Credit_AOP_v2_CF1_N100_FE50000_run3_seed288103.mat"
"s08_role_separation","Role-Separated-Credit-AOP-v2","CF1","CF",100,50000,4,288104,50000,7.6682,0.005428703241980526,0.5594946440635647,1,"Role_Separated_Credit_AOP_v2_CF1_N100_FE50000_run4_seed288104.mat"
"s08_role_separation","Role-Separated-Credit-AOP-v2","CF1","CF",100,50000,5,288105,50000,5.683,0.004643276211478671,0.5604406787178804,1,"Role_Separated_Credit_AOP_v2_CF1_N100_FE50000_run5_seed288105.mat"
"s08_role_separation","Role-Separated-Credit-AOP-v2","CF2","CF",100,50000,1,288201,50000,5.2694,0.01111858763939443,0.6636868315386552,1,"Role_Separated_Credit_AOP_v2_CF2_N100_FE50000_run1_seed288201.mat"
"s08_role_separation","Role-Separated-Credit-AOP-v2","CF2","CF",100,50000,2,288202,50000,4.8296,0.03499023052637588,0.6404022679338393,1,"Role_Separated_Credit_AOP_v2_CF2_N100_FE50000_run2_seed288202.mat"
"s08_role_separation","Role-Separated-Credit-AOP-v2","CF2","CF",100,50000,3,288203,50000,6.5903,0.02019724794122889,0.6593048308469611,1,"Role_Separated_Credit_AOP_v2_CF2_N100_FE50000_run3_seed288203.mat"
"s08_role_separation","Role-Separated-Credit-AOP-v2","CF2","CF",100,50000,4,288204,50000,5.2914,0.01893734185057139,0.6494241555828768,1,"Role_Separated_Credit_AOP_v2_CF2_N100_FE50000_run4_seed288204.mat"
"s08_role_separation","Role-Separated-Credit-AOP-v2","CF2","CF",100,50000,5,288205,50000,6.7923,0.02863573167592692,0.655277117733378,1,"Role_Separated_Credit_AOP_v2_CF2_N100_FE50000_run5_seed288205.mat"
"s08_role_separation","Role-Separated-Credit-AOP-v2","CF3","CF",100,50000,1,288301,50000,4.3962,0.2235575924386357,0.1831944960800625,1,"Role_Separated_Credit_AOP_v2_CF3_N100_FE50000_run1_seed288301.mat"
"s08_role_separation","Role-Separated-Credit-AOP-v2","CF3","CF",100,50000,2,288302,50000,4.128,0.1128366991599538,0.2742748792135136,1,"Role_Separated_Credit_AOP_v2_CF3_N100_FE50000_run2_seed288302.mat"
"s08_role_separation","Role-Separated-Credit-AOP-v2","CF3","CF",100,50000,3,288303,50000,4.154,0.1205958209388686,0.2662357243273524,1,"Role_Separated_Credit_AOP_v2_CF3_N100_FE50000_run3_seed288303.mat"
"s08_role_separation","Role-Separated-Credit-AOP-v2","CF3","CF",100,50000,4,288304,50000,4.9755,0.1128427651201659,0.2742746903298322,1,"Role_Separated_Credit_AOP_v2_CF3_N100_FE50000_run4_seed288304.mat"
"s08_role_separation","Role-Separated-Credit-AOP-v2","CF3","CF",100,50000,5,288305,50000,4.6625,0.08620125128351329,0.2530164668849493,1,"Role_Separated_Credit_AOP_v2_CF3_N100_FE50000_run5_seed288305.mat"
"s08_role_separation","Role-Separated-Credit-AOP-v2","CF4","CF",100,50000,1,288401,50000,5.8244,0.06683121115011109,0.4482245623886801,1,"Role_Separated_Credit_AOP_v2_CF4_N100_FE50000_run1_seed288401.mat"
"s08_role_separation","Role-Separated-Credit-AOP-v2","CF4","CF",100,50000,2,288402,50000,5.0054,0.05909988007293259,0.4552257028260691,1,"Role_Separated_Credit_AOP_v2_CF4_N100_FE50000_run2_seed288402.mat"
"s08_role_separation","Role-Separated-Credit-AOP-v2","CF4","CF",100,50000,3,288403,50000,5.2576,0.0642001025998727,0.4539080570123952,1,"Role_Separated_Credit_AOP_v2_CF4_N100_FE50000_run3_seed288403.mat"
"s08_role_separation","Role-Separated-Credit-AOP-v2","CF4","CF",100,50000,4,288404,50000,4.5365,0.06834101476713968,0.4467790880851655,1,"Role_Separated_Credit_AOP_v2_CF4_N100_FE50000_run4_seed288404.mat"
"s08_role_separation","Role-Separated-Credit-AOP-v2","CF4","CF",100,50000,5,288405,50000,6.2339,0.03306380486392967,0.4919726831846375,1,"Role_Separated_Credit_AOP_v2_CF4_N100_FE50000_run5_seed288405.mat"
"s08_role_separation","Role-Separated-Credit-AOP-v2","CF5","CF",100,50000,1,288501,50000,6.2344,0.256455907140043,0.3159143305380757,1,"Role_Separated_Credit_AOP_v2_CF5_N100_FE50000_run1_seed288501.mat"
"s08_role_separation","Role-Separated-Credit-AOP-v2","CF5","CF",100,50000,2,288502,50000,6.4813,0.3311244306853848,0.2249894297440491,1,"Role_Separated_Credit_AOP_v2_CF5_N100_FE50000_run2_seed288502.mat"
"s08_role_separation","Role-Separated-Credit-AOP-v2","CF5","CF",100,50000,3,288503,50000,6.12,0.4153950098378849,0.1822229841980822,1,"Role_Separated_Credit_AOP_v2_CF5_N100_FE50000_run3_seed288503.mat"
"s08_role_separation","Role-Separated-Credit-AOP-v2","CF5","CF",100,50000,4,288504,50000,5.8678,0.3596153191429586,0.1686840066370686,1,"Role_Separated_Credit_AOP_v2_CF5_N100_FE50000_run4_seed288504.mat"
"s08_role_separation","Role-Separated-Credit-AOP-v2","CF5","CF",100,50000,5,288505,50000,4.9893,0.05906976346365576,0.4598126088759309,1,"Role_Separated_Credit_AOP_v2_CF5_N100_FE50000_run5_seed288505.mat"
"s08_role_separation","Role-Separated-Credit-AOP-v2","CF6","CF",100,50000,1,288601,50000,8.7227,0.03539365588171248,0.6650003132928929,1,"Role_Separated_Credit_AOP_v2_CF6_N100_FE50000_run1_seed288601.mat"
"s08_role_separation","Role-Separated-Credit-AOP-v2","CF6","CF",100,50000,2,288602,50000,6.1201,0.0377230175750909,0.667334135487234,1,"Role_Separated_Credit_AOP_v2_CF6_N100_FE50000_run2_seed288602.mat"
"s08_role_separation","Role-Separated-Credit-AOP-v2","CF6","CF",100,50000,3,288603,50000,8.7743,0.03754325626317281,0.6659832042263859,1,"Role_Separated_Credit_AOP_v2_CF6_N100_FE50000_run3_seed288603.mat"
"s08_role_separation","Role-Separated-Credit-AOP-v2","CF6","CF",100,50000,4,288604,50000,6.2475,0.03897411316265781,0.6533506936673134,1,"Role_Separated_Credit_AOP_v2_CF6_N100_FE50000_run4_seed288604.mat"
"s08_role_separation","Role-Separated-Credit-AOP-v2","CF6","CF",100,50000,5,288605,50000,6.4205,0.03768608762064391,0.6598028690425181,1,"Role_Separated_Credit_AOP_v2_CF6_N100_FE50000_run5_seed288605.mat"
"s08_role_separation","Role-Separated-Credit-AOP-v2","CF7","CF",100,50000,1,288701,50000,4.5917,0.1379577748391984,0.5529827272938268,1,"Role_Separated_Credit_AOP_v2_CF7_N100_FE50000_run1_seed288701.mat"
"s08_role_separation","Role-Separated-Credit-AOP-v2","CF7","CF",100,50000,2,288702,50000,6.0879,0.09261930240800842,0.5639424685274659,1,"Role_Separated_Credit_AOP_v2_CF7_N100_FE50000_run2_seed288702.mat"
"s08_role_separation","Role-Separated-Credit-AOP-v2","CF7","CF",100,50000,3,288703,50000,5.5183,0.3194187524462862,0.3791618156159149,1,"Role_Separated_Credit_AOP_v2_CF7_N100_FE50000_run3_seed288703.mat"
"s08_role_separation","Role-Separated-Credit-AOP-v2","CF7","CF",100,50000,4,288704,50000,5.77,0.2609133520023486,0.4903046734756168,1,"Role_Separated_Credit_AOP_v2_CF7_N100_FE50000_run4_seed288704.mat"
"s08_role_separation","Role-Separated-Credit-AOP-v2","CF7","CF",100,50000,5,288705,50000,5.0132,0.1121988999171898,0.5621401767252923,1,"Role_Separated_Credit_AOP_v2_CF7_N100_FE50000_run5_seed288705.mat"
"s08_role_separation","Role-Separated-Credit-AOP-v2","CF8","CF",100,50000,1,288801,50000,8.1288,0.3513451197295389,0.195888353891735,1,"Role_Separated_Credit_AOP_v2_CF8_N100_FE50000_run1_seed288801.mat"
"s08_role_separation","Role-Separated-Credit-AOP-v2","CF8","CF",100,50000,2,288802,50000,4.7664,0.1740630052005412,0.3303658986026731,1,"Role_Separated_Credit_AOP_v2_CF8_N100_FE50000_run2_seed288802.mat"
"s08_role_separation","Role-Separated-Credit-AOP-v2","CF8","CF",100,50000,3,288803,50000,9.632,0.1862789159425504,0.2637693657473526,1,"Role_Separated_Credit_AOP_v2_CF8_N100_FE50000_run3_seed288803.mat"
"s08_role_separation","Role-Separated-Credit-AOP-v2","CF8","CF",100,50000,4,288804,50000,4.5143,0.1561980989702192,0.3482030141072358,1,"Role_Separated_Credit_AOP_v2_CF8_N100_FE50000_run4_seed288804.mat"
"s08_role_separation","Role-Separated-Credit-AOP-v2","CF8","CF",100,50000,5,288805,50000,5.8796,0.154986284924895,0.3461958055438404,1,"Role_Separated_Credit_AOP_v2_CF8_N100_FE50000_run5_seed288805.mat"
"s08_role_separation","Role-Separated-Credit-AOP-v2","CF9","CF",100,50000,1,288901,50000,5.5608,0.1063998804631858,0.4043415031575464,1,"Role_Separated_Credit_AOP_v2_CF9_N100_FE50000_run1_seed288901.mat"
"s08_role_separation","Role-Separated-Credit-AOP-v2","CF9","CF",100,50000,2,288902,50000,5.8368,0.09709343641606455,0.4165520657293258,1,"Role_Separated_Credit_AOP_v2_CF9_N100_FE50000_run2_seed288902.mat"
"s08_role_separation","Role-Separated-Credit-AOP-v2","CF9","CF",100,50000,3,288903,50000,5.7042,0.09633542129204013,0.4274439002797495,1,"Role_Separated_Credit_AOP_v2_CF9_N100_FE50000_run3_seed288903.mat"
"s08_role_separation","Role-Separated-Credit-AOP-v2","CF9","CF",100,50000,4,288904,50000,8.9969,0.1034351319256929,0.4218801685431985,1,"Role_Separated_Credit_AOP_v2_CF9_N100_FE50000_run4_seed288904.mat"
"s08_role_separation","Role-Separated-Credit-AOP-v2","CF9","CF",100,50000,5,288905,50000,5.9447,0.09169943617894646,0.4300234675077874,1,"Role_Separated_Credit_AOP_v2_CF9_N100_FE50000_run5_seed288905.mat"
"s08_role_separation","Role-Separated-Credit-AOP-v2","DASCMOP1","DAS-CMOP",100,50000,1,290501,50000,3.9568,0.007339879700324907,0.2076243303968096,1,"Role_Separated_Credit_AOP_v2_DASCMOP1_N100_FE50000_run1_seed290501.mat"
"s08_role_separation","Role-Separated-Credit-AOP-v2","DASCMOP1","DAS-CMOP",100,50000,2,290502,50000,4.3337,0.007692879654435971,0.2092867489789262,1,"Role_Separated_Credit_AOP_v2_DASCMOP1_N100_FE50000_run2_seed290502.mat"
"s08_role_separation","Role-Separated-Credit-AOP-v2","DASCMOP1","DAS-CMOP",100,50000,3,290503,50000,3.699,0.006031480161273715,0.2104230140987483,1,"Role_Separated_Credit_AOP_v2_DASCMOP1_N100_FE50000_run3_seed290503.mat"
"s08_role_separation","Role-Separated-Credit-AOP-v2","DASCMOP1","DAS-CMOP",100,50000,4,290504,50000,4.5292,0.005740960746392289,0.2097474616709533,1,"Role_Separated_Credit_AOP_v2_DASCMOP1_N100_FE50000_run4_seed290504.mat"
"s08_role_separation","Role-Separated-Credit-AOP-v2","DASCMOP1","DAS-CMOP",100,50000,5,290505,50000,4.0608,0.007617962314720009,0.2083674256508943,1,"Role_Separated_Credit_AOP_v2_DASCMOP1_N100_FE50000_run5_seed290505.mat"
"s08_role_separation","Role-Separated-Credit-AOP-v2","DASCMOP2","DAS-CMOP",100,50000,1,290601,50000,3.7773,0.01021906486079276,0.351370352822941,1,"Role_Separated_Credit_AOP_v2_DASCMOP2_N100_FE50000_run1_seed290601.mat"
"s08_role_separation","Role-Separated-Credit-AOP-v2","DASCMOP2","DAS-CMOP",100,50000,2,290602,50000,3.8567,0.01032127316213372,0.3498028310674079,1,"Role_Separated_Credit_AOP_v2_DASCMOP2_N100_FE50000_run2_seed290602.mat"
"s08_role_separation","Role-Separated-Credit-AOP-v2","DASCMOP2","DAS-CMOP",100,50000,3,290603,50000,4.4381,0.006523908974194945,0.3530993990648224,1,"Role_Separated_Credit_AOP_v2_DASCMOP2_N100_FE50000_run3_seed290603.mat"
"s08_role_separation","Role-Separated-Credit-AOP-v2","DASCMOP2","DAS-CMOP",100,50000,4,290604,50000,3.5751,0.008631933927437309,0.3512334372996622,1,"Role_Separated_Credit_AOP_v2_DASCMOP2_N100_FE50000_run4_seed290604.mat"
"s08_role_separation","Role-Separated-Credit-AOP-v2","DASCMOP2","DAS-CMOP",100,50000,5,290605,50000,4.2103,0.008176668726528353,0.3522637567872716,1,"Role_Separated_Credit_AOP_v2_DASCMOP2_N100_FE50000_run5_seed290605.mat"
"s08_role_separation","Role-Separated-Credit-AOP-v2","DASCMOP3","DAS-CMOP",100,50000,1,290701,50000,3.8779,0.02321438474942749,0.3075869737132867,1,"Role_Separated_Credit_AOP_v2_DASCMOP3_N100_FE50000_run1_seed290701.mat"
"s08_role_separation","Role-Separated-Credit-AOP-v2","DASCMOP3","DAS-CMOP",100,50000,2,290702,50000,4.1407,0.3212660271481755,0.2214204166861962,1,"Role_Separated_Credit_AOP_v2_DASCMOP3_N100_FE50000_run2_seed290702.mat"
"s08_role_separation","Role-Separated-Credit-AOP-v2","DASCMOP3","DAS-CMOP",100,50000,3,290703,50000,3.8214,0.0243101320696699,0.3068636256667263,1,"Role_Separated_Credit_AOP_v2_DASCMOP3_N100_FE50000_run3_seed290703.mat"
"s08_role_separation","Role-Separated-Credit-AOP-v2","DASCMOP3","DAS-CMOP",100,50000,4,290704,50000,4.0394,0.02294172887604223,0.3062766753863987,1,"Role_Separated_Credit_AOP_v2_DASCMOP3_N100_FE50000_run4_seed290704.mat"
"s08_role_separation","Role-Separated-Credit-AOP-v2","DASCMOP3","DAS-CMOP",100,50000,5,290705,50000,3.7219,0.02105150907808883,0.3112791918456037,1,"Role_Separated_Credit_AOP_v2_DASCMOP3_N100_FE50000_run5_seed290705.mat"
"s08_role_separation","Role-Separated-Credit-AOP-v2","DASCMOP4","DAS-CMOP",100,50000,1,290801,50000,3.6588,0.3526635517932952,0.06317081601508982,1,"Role_Separated_Credit_AOP_v2_DASCMOP4_N100_FE50000_run1_seed290801.mat"
"s08_role_separation","Role-Separated-Credit-AOP-v2","DASCMOP4","DAS-CMOP",100,50000,2,290802,50000,3.7519,0.5227953844218034,0.0101588660509874,1,"Role_Separated_Credit_AOP_v2_DASCMOP4_N100_FE50000_run2_seed290802.mat"
"s08_role_separation","Role-Separated-Credit-AOP-v2","DASCMOP4","DAS-CMOP",100,50000,3,290803,50000,3.3562,1.055571124388311,0,1,"Role_Separated_Credit_AOP_v2_DASCMOP4_N100_FE50000_run3_seed290803.mat"
"s08_role_separation","Role-Separated-Credit-AOP-v2","DASCMOP4","DAS-CMOP",100,50000,4,290804,50000,3.9085,1.016090658913933,0,1,"Role_Separated_Credit_AOP_v2_DASCMOP4_N100_FE50000_run4_seed290804.mat"
"s08_role_separation","Role-Separated-Credit-AOP-v2","DASCMOP4","DAS-CMOP",100,50000,5,290805,50000,3.5306,0.6938394534234871,0,1,"Role_Separated_Credit_AOP_v2_DASCMOP4_N100_FE50000_run5_seed290805.mat"
"s08_role_separation","Role-Separated-Credit-AOP-v2","DASCMOP5","DAS-CMOP",100,50000,1,290901,50000,3.4074,0.5365555467675874,0.06322442045246959,1,"Role_Separated_Credit_AOP_v2_DASCMOP5_N100_FE50000_run1_seed290901.mat"
"s08_role_separation","Role-Separated-Credit-AOP-v2","DASCMOP5","DAS-CMOP",100,50000,2,290902,50000,3.6241,0.927976284058968,0.003388130989619579,1,"Role_Separated_Credit_AOP_v2_DASCMOP5_N100_FE50000_run2_seed290902.mat"
"s08_role_separation","Role-Separated-Credit-AOP-v2","DASCMOP5","DAS-CMOP",100,50000,3,290903,50000,3.5139,0.4990353082457015,0.07342158406472846,1,"Role_Separated_Credit_AOP_v2_DASCMOP5_N100_FE50000_run3_seed290903.mat"
"s08_role_separation","Role-Separated-Credit-AOP-v2","DASCMOP5","DAS-CMOP",100,50000,4,290904,50000,3.6552,0.6904665629712593,0.03838874315534652,1,"Role_Separated_Credit_AOP_v2_DASCMOP5_N100_FE50000_run4_seed290904.mat"
"s08_role_separation","Role-Separated-Credit-AOP-v2","DASCMOP5","DAS-CMOP",100,50000,5,290905,50000,3.3909,0.6519286096200685,0.03605598080491334,1,"Role_Separated_Credit_AOP_v2_DASCMOP5_N100_FE50000_run5_seed290905.mat"
"s08_role_separation","Role-Separated-Credit-AOP-v2","DASCMOP6","DAS-CMOP",100,50000,1,291001,50000,3.5288,0.6517092894954948,0.03342007564111781,1,"Role_Separated_Credit_AOP_v2_DASCMOP6_N100_FE50000_run1_seed291001.mat"
"s08_role_separation","Role-Separated-Credit-AOP-v2","DASCMOP6","DAS-CMOP",100,50000,2,291002,50000,3.2846,0.6927719841069184,0.02799869248010749,1,"Role_Separated_Credit_AOP_v2_DASCMOP6_N100_FE50000_run2_seed291002.mat"
"s08_role_separation","Role-Separated-Credit-AOP-v2","DASCMOP6","DAS-CMOP",100,50000,3,291003,50000,3.5349,0.7360226922999646,0.02208160074303332,1,"Role_Separated_Credit_AOP_v2_DASCMOP6_N100_FE50000_run3_seed291003.mat"
"s08_role_separation","Role-Separated-Credit-AOP-v2","DASCMOP6","DAS-CMOP",100,50000,4,291004,50000,3.6746,0.4215570393916129,0.08597320992960675,1,"Role_Separated_Credit_AOP_v2_DASCMOP6_N100_FE50000_run4_seed291004.mat"
"s08_role_separation","Role-Separated-Credit-AOP-v2","DASCMOP6","DAS-CMOP",100,50000,5,291005,50000,3.3466,0.7271262285504113,0.02244022731399319,1,"Role_Separated_Credit_AOP_v2_DASCMOP6_N100_FE50000_run5_seed291005.mat"
"s08_role_separation","Role-Separated-Credit-AOP-v2","DASCMOP7","DAS-CMOP",100,50000,1,291101,50000,3.5015,0.786127638772637,0.0255232186503483,1,"Role_Separated_Credit_AOP_v2_DASCMOP7_N100_FE50000_run1_seed291101.mat"
"s08_role_separation","Role-Separated-Credit-AOP-v2","DASCMOP7","DAS-CMOP",100,50000,2,291102,50000,4.2124,0.7555876744467382,0.03693558847514842,1,"Role_Separated_Credit_AOP_v2_DASCMOP7_N100_FE50000_run2_seed291102.mat"
"s08_role_separation","Role-Separated-Credit-AOP-v2","DASCMOP7","DAS-CMOP",100,50000,3,291103,50000,3.8369,0.1873673031510512,0.2024449853086872,1,"Role_Separated_Credit_AOP_v2_DASCMOP7_N100_FE50000_run3_seed291103.mat"
"s08_role_separation","Role-Separated-Credit-AOP-v2","DASCMOP7","DAS-CMOP",100,50000,4,291104,50000,6.0751,0.0321862489641,0.2853757224903528,1,"Role_Separated_Credit_AOP_v2_DASCMOP7_N100_FE50000_run4_seed291104.mat"
"s08_role_separation","Role-Separated-Credit-AOP-v2","DASCMOP7","DAS-CMOP",100,50000,5,291105,50000,3.7538,0.7338874247870492,0.03560144965971936,1,"Role_Separated_Credit_AOP_v2_DASCMOP7_N100_FE50000_run5_seed291105.mat"
"s08_role_separation","Role-Separated-Credit-AOP-v2","DASCMOP8","DAS-CMOP",100,50000,1,291201,50000,3.6207,0.1714114791434622,0.1238895403652268,1,"Role_Separated_Credit_AOP_v2_DASCMOP8_N100_FE50000_run1_seed291201.mat"
"s08_role_separation","Role-Separated-Credit-AOP-v2","DASCMOP8","DAS-CMOP",100,50000,2,291202,50000,3.5496,0.6116502137522378,0.00351168330255706,1,"Role_Separated_Credit_AOP_v2_DASCMOP8_N100_FE50000_run2_seed291202.mat"
"s08_role_separation","Role-Separated-Credit-AOP-v2","DASCMOP8","DAS-CMOP",100,50000,3,291203,50000,4.1858,0.4079421607755719,0.02790788868228604,1,"Role_Separated_Credit_AOP_v2_DASCMOP8_N100_FE50000_run3_seed291203.mat"
"s08_role_separation","Role-Separated-Credit-AOP-v2","DASCMOP8","DAS-CMOP",100,50000,4,291204,50000,3.5006,0.5987776480314464,0.003145807544401738,1,"Role_Separated_Credit_AOP_v2_DASCMOP8_N100_FE50000_run4_seed291204.mat"
"s08_role_separation","Role-Separated-Credit-AOP-v2","DASCMOP8","DAS-CMOP",100,50000,5,291205,50000,4.0724,0.3160884759966262,0.0575744317480106,1,"Role_Separated_Credit_AOP_v2_DASCMOP8_N100_FE50000_run5_seed291205.mat"
"s08_role_separation","Role-Separated-Credit-AOP-v2","DASCMOP9","DAS-CMOP",100,50000,1,291301,50000,3.8523,0.05524670392634499,0.2041608615626713,1,"Role_Separated_Credit_AOP_v2_DASCMOP9_N100_FE50000_run1_seed291301.mat"
"s08_role_separation","Role-Separated-Credit-AOP-v2","DASCMOP9","DAS-CMOP",100,50000,2,291302,50000,4.2575,0.04490393115961242,0.2047763317553576,1,"Role_Separated_Credit_AOP_v2_DASCMOP9_N100_FE50000_run2_seed291302.mat"
"s08_role_separation","Role-Separated-Credit-AOP-v2","DASCMOP9","DAS-CMOP",100,50000,3,291303,50000,3.8988,0.06131675053901297,0.2033673147052852,1,"Role_Separated_Credit_AOP_v2_DASCMOP9_N100_FE50000_run3_seed291303.mat"
"s08_role_separation","Role-Separated-Credit-AOP-v2","DASCMOP9","DAS-CMOP",100,50000,4,291304,50000,5.107,0.05034166244391478,0.2041843860276593,1,"Role_Separated_Credit_AOP_v2_DASCMOP9_N100_FE50000_run4_seed291304.mat"
"s08_role_separation","Role-Separated-Credit-AOP-v2","DASCMOP9","DAS-CMOP",100,50000,5,291305,50000,4.1496,0.04933327947306089,0.2041652783466425,1,"Role_Separated_Credit_AOP_v2_DASCMOP9_N100_FE50000_run5_seed291305.mat"
"s08_role_separation","Role-Separated-Credit-AOP-v2","LIRCMOP10","LIR-CMOP",100,50000,1,290001,50000,6.6639,0.2205427845704352,0.6006465284361425,1,"Role_Separated_Credit_AOP_v2_LIRCMOP10_N100_FE50000_run1_seed290001.mat"
"s08_role_separation","Role-Separated-Credit-AOP-v2","LIRCMOP10","LIR-CMOP",100,50000,2,290002,50000,6.2418,0.1556844951251083,0.6345107494826042,1,"Role_Separated_Credit_AOP_v2_LIRCMOP10_N100_FE50000_run2_seed290002.mat"
"s08_role_separation","Role-Separated-Credit-AOP-v2","LIRCMOP10","LIR-CMOP",100,50000,3,290003,50000,9.7306,0.2178906431483979,0.601406491612666,1,"Role_Separated_Credit_AOP_v2_LIRCMOP10_N100_FE50000_run3_seed290003.mat"
"s08_role_separation","Role-Separated-Credit-AOP-v2","LIRCMOP10","LIR-CMOP",100,50000,4,290004,50000,6.6571,0.2425321931959424,0.5802757942515433,1,"Role_Separated_Credit_AOP_v2_LIRCMOP10_N100_FE50000_run4_seed290004.mat"
"s08_role_separation","Role-Separated-Credit-AOP-v2","LIRCMOP10","LIR-CMOP",100,50000,5,290005,50000,9.1521,0.2221282749513496,0.5949826054951435,1,"Role_Separated_Credit_AOP_v2_LIRCMOP10_N100_FE50000_run5_seed290005.mat"
"s08_role_separation","Role-Separated-Credit-AOP-v2","LIRCMOP11","LIR-CMOP",100,50000,1,290101,50000,5.8349,0.1455341962802868,0.5997653988874353,1,"Role_Separated_Credit_AOP_v2_LIRCMOP11_N100_FE50000_run1_seed290101.mat"
"s08_role_separation","Role-Separated-Credit-AOP-v2","LIRCMOP11","LIR-CMOP",100,50000,2,290102,50000,5.4332,0.07240812012564755,0.6591725041977304,1,"Role_Separated_Credit_AOP_v2_LIRCMOP11_N100_FE50000_run2_seed290102.mat"
"s08_role_separation","Role-Separated-Credit-AOP-v2","LIRCMOP11","LIR-CMOP",100,50000,3,290103,50000,5.0404,0.07364761342881207,0.6564430728173674,1,"Role_Separated_Credit_AOP_v2_LIRCMOP11_N100_FE50000_run3_seed290103.mat"
"s08_role_separation","Role-Separated-Credit-AOP-v2","LIRCMOP11","LIR-CMOP",100,50000,4,290104,50000,9.9275,0.1429137422130503,0.6001328569849812,1,"Role_Separated_Credit_AOP_v2_LIRCMOP11_N100_FE50000_run4_seed290104.mat"
"s08_role_separation","Role-Separated-Credit-AOP-v2","LIRCMOP11","LIR-CMOP",100,50000,5,290105,50000,5.6453,0.0746913072928206,0.6571115918341525,1,"Role_Separated_Credit_AOP_v2_LIRCMOP11_N100_FE50000_run5_seed290105.mat"
"s08_role_separation","Role-Separated-Credit-AOP-v2","LIRCMOP12","LIR-CMOP",100,50000,1,290201,50000,4.7657,0.1743094882171581,0.5248384971160278,1,"Role_Separated_Credit_AOP_v2_LIRCMOP12_N100_FE50000_run1_seed290201.mat"
"s08_role_separation","Role-Separated-Credit-AOP-v2","LIRCMOP12","LIR-CMOP",100,50000,2,290202,50000,4.1628,0.1995931321015056,0.5011442816802623,1,"Role_Separated_Credit_AOP_v2_LIRCMOP12_N100_FE50000_run2_seed290202.mat"
"s08_role_separation","Role-Separated-Credit-AOP-v2","LIRCMOP12","LIR-CMOP",100,50000,3,290203,50000,4.2327,0.1731359636247168,0.5230386573788743,1,"Role_Separated_Credit_AOP_v2_LIRCMOP12_N100_FE50000_run3_seed290203.mat"
"s08_role_separation","Role-Separated-Credit-AOP-v2","LIRCMOP12","LIR-CMOP",100,50000,4,290204,50000,4.0891,0.2667076455615923,0.4940254714906604,1,"Role_Separated_Credit_AOP_v2_LIRCMOP12_N100_FE50000_run4_seed290204.mat"
"s08_role_separation","Role-Separated-Credit-AOP-v2","LIRCMOP12","LIR-CMOP",100,50000,5,290205,50000,6.2706,0.1702833760236288,0.5245848617248592,1,"Role_Separated_Credit_AOP_v2_LIRCMOP12_N100_FE50000_run5_seed290205.mat"
"s08_role_separation","Role-Separated-Credit-AOP-v2","LIRCMOP13","LIR-CMOP",100,50000,1,290301,50000,9.3775,0.09952971520651728,0.5414091522369771,1,"Role_Separated_Credit_AOP_v2_LIRCMOP13_N100_FE50000_run1_seed290301.mat"
"s08_role_separation","Role-Separated-Credit-AOP-v2","LIRCMOP13","LIR-CMOP",100,50000,2,290302,50000,18.7854,0.09933132216164779,0.5404534422762963,1,"Role_Separated_Credit_AOP_v2_LIRCMOP13_N100_FE50000_run2_seed290302.mat"
"s08_role_separation","Role-Separated-Credit-AOP-v2","LIRCMOP13","LIR-CMOP",100,50000,3,290303,50000,9.2446,0.09938316430031013,0.5417705329828036,1,"Role_Separated_Credit_AOP_v2_LIRCMOP13_N100_FE50000_run3_seed290303.mat"
"s08_role_separation","Role-Separated-Credit-AOP-v2","LIRCMOP13","LIR-CMOP",100,50000,4,290304,50000,9.244,0.09848928114047867,0.5378570251252142,1,"Role_Separated_Credit_AOP_v2_LIRCMOP13_N100_FE50000_run4_seed290304.mat"
"s08_role_separation","Role-Separated-Credit-AOP-v2","LIRCMOP13","LIR-CMOP",100,50000,5,290305,50000,9.0212,0.1009090280193627,0.5377000585372506,1,"Role_Separated_Credit_AOP_v2_LIRCMOP13_N100_FE50000_run5_seed290305.mat"
"s08_role_separation","Role-Separated-Credit-AOP-v2","LIRCMOP14","LIR-CMOP",100,50000,1,290401,50000,15.1896,0.09708497337575894,0.5520340722631425,1,"Role_Separated_Credit_AOP_v2_LIRCMOP14_N100_FE50000_run1_seed290401.mat"
"s08_role_separation","Role-Separated-Credit-AOP-v2","LIRCMOP14","LIR-CMOP",100,50000,2,290402,50000,8.1439,0.09652616266111964,0.5499200897201337,1,"Role_Separated_Credit_AOP_v2_LIRCMOP14_N100_FE50000_run2_seed290402.mat"
"s08_role_separation","Role-Separated-Credit-AOP-v2","LIRCMOP14","LIR-CMOP",100,50000,3,290403,50000,15.4604,0.09717279469848505,0.5530577956505961,1,"Role_Separated_Credit_AOP_v2_LIRCMOP14_N100_FE50000_run3_seed290403.mat"
"s08_role_separation","Role-Separated-Credit-AOP-v2","LIRCMOP14","LIR-CMOP",100,50000,4,290404,50000,8.5435,0.09795226155503167,0.5509239413530722,1,"Role_Separated_Credit_AOP_v2_LIRCMOP14_N100_FE50000_run4_seed290404.mat"
"s08_role_separation","Role-Separated-Credit-AOP-v2","LIRCMOP14","LIR-CMOP",100,50000,5,290405,50000,8.3194,0.0981803514335456,0.5483533441261023,1,"Role_Separated_Credit_AOP_v2_LIRCMOP14_N100_FE50000_run5_seed290405.mat"
"s08_role_separation","Role-Separated-Credit-AOP-v2","LIRCMOP1","LIR-CMOP",100,50000,1,289101,50000,3.4484,0.1583547943399528,0.1517593953528281,1,"Role_Separated_Credit_AOP_v2_LIRCMOP1_N100_FE50000_run1_seed289101.mat"
"s08_role_separation","Role-Separated-Credit-AOP-v2","LIRCMOP1","LIR-CMOP",100,50000,2,289102,50000,4.2686,0.3146449351846847,0.1042168399723873,1,"Role_Separated_Credit_AOP_v2_LIRCMOP1_N100_FE50000_run2_seed289102.mat"
"s08_role_separation","Role-Separated-Credit-AOP-v2","LIRCMOP1","LIR-CMOP",100,50000,3,289103,50000,3.7958,0.2904409209001373,0.1142270485122822,1,"Role_Separated_Credit_AOP_v2_LIRCMOP1_N100_FE50000_run3_seed289103.mat"
"s08_role_separation","Role-Separated-Credit-AOP-v2","LIRCMOP1","LIR-CMOP",100,50000,4,289104,50000,3.6684,0.2489770420780702,0.1241853753661767,1,"Role_Separated_Credit_AOP_v2_LIRCMOP1_N100_FE50000_run4_seed289104.mat"
"s08_role_separation","Role-Separated-Credit-AOP-v2","LIRCMOP1","LIR-CMOP",100,50000,5,289105,50000,3.5695,0.1945714918971508,0.1530336259157218,1,"Role_Separated_Credit_AOP_v2_LIRCMOP1_N100_FE50000_run5_seed289105.mat"
"s08_role_separation","Role-Separated-Credit-AOP-v2","LIRCMOP2","LIR-CMOP",100,50000,1,289201,50000,5.236,0.2277240182615606,0.2442664069037321,1,"Role_Separated_Credit_AOP_v2_LIRCMOP2_N100_FE50000_run1_seed289201.mat"
"s08_role_separation","Role-Separated-Credit-AOP-v2","LIRCMOP2","LIR-CMOP",100,50000,2,289202,50000,4.1622,0.1648250032593168,0.2540165474595947,1,"Role_Separated_Credit_AOP_v2_LIRCMOP2_N100_FE50000_run2_seed289202.mat"
"s08_role_separation","Role-Separated-Credit-AOP-v2","LIRCMOP2","LIR-CMOP",100,50000,3,289203,50000,5.3194,0.2446671223577131,0.2327714247435203,1,"Role_Separated_Credit_AOP_v2_LIRCMOP2_N100_FE50000_run3_seed289203.mat"
"s08_role_separation","Role-Separated-Credit-AOP-v2","LIRCMOP2","LIR-CMOP",100,50000,4,289204,50000,3.9275,0.2974358772531982,0.2094256917271934,1,"Role_Separated_Credit_AOP_v2_LIRCMOP2_N100_FE50000_run4_seed289204.mat"
"s08_role_separation","Role-Separated-Credit-AOP-v2","LIRCMOP2","LIR-CMOP",100,50000,5,289205,50000,4.0282,0.184064265502348,0.2496288140892794,1,"Role_Separated_Credit_AOP_v2_LIRCMOP2_N100_FE50000_run5_seed289205.mat"
"s08_role_separation","Role-Separated-Credit-AOP-v2","LIRCMOP3","LIR-CMOP",100,50000,1,289301,50000,4.1044,0.2788466718749509,0.1047439745636731,1,"Role_Separated_Credit_AOP_v2_LIRCMOP3_N100_FE50000_run1_seed289301.mat"
"s08_role_separation","Role-Separated-Credit-AOP-v2","LIRCMOP3","LIR-CMOP",100,50000,2,289302,50000,5.2892,0.2284912543363579,0.1246485974346286,1,"Role_Separated_Credit_AOP_v2_LIRCMOP3_N100_FE50000_run2_seed289302.mat"
"s08_role_separation","Role-Separated-Credit-AOP-v2","LIRCMOP3","LIR-CMOP",100,50000,3,289303,50000,4.2788,0.2848418646069265,0.1115908223463203,1,"Role_Separated_Credit_AOP_v2_LIRCMOP3_N100_FE50000_run3_seed289303.mat"
"s08_role_separation","Role-Separated-Credit-AOP-v2","LIRCMOP3","LIR-CMOP",100,50000,4,289304,50000,5.2363,0.2740189199891943,0.1067112714645113,1,"Role_Separated_Credit_AOP_v2_LIRCMOP3_N100_FE50000_run4_seed289304.mat"
"s08_role_separation","Role-Separated-Credit-AOP-v2","LIRCMOP3","LIR-CMOP",100,50000,5,289305,50000,4.2837,0.2303520020973302,0.11588485921646,1,"Role_Separated_Credit_AOP_v2_LIRCMOP3_N100_FE50000_run5_seed289305.mat"
"s08_role_separation","Role-Separated-Credit-AOP-v2","LIRCMOP4","LIR-CMOP",100,50000,1,289401,50000,4.2301,0.2537650157990293,0.2090913247298471,1,"Role_Separated_Credit_AOP_v2_LIRCMOP4_N100_FE50000_run1_seed289401.mat"
"s08_role_separation","Role-Separated-Credit-AOP-v2","LIRCMOP4","LIR-CMOP",100,50000,2,289402,50000,3.943,0.2701217297273348,0.2157246289431758,1,"Role_Separated_Credit_AOP_v2_LIRCMOP4_N100_FE50000_run2_seed289402.mat"
"s08_role_separation","Role-Separated-Credit-AOP-v2","LIRCMOP4","LIR-CMOP",100,50000,3,289403,50000,5.34,0.1808689258294893,0.2381063553685166,1,"Role_Separated_Credit_AOP_v2_LIRCMOP4_N100_FE50000_run3_seed289403.mat"
"s08_role_separation","Role-Separated-Credit-AOP-v2","LIRCMOP4","LIR-CMOP",100,50000,4,289404,50000,4.4432,0.1858483995649794,0.2475730202553112,1,"Role_Separated_Credit_AOP_v2_LIRCMOP4_N100_FE50000_run4_seed289404.mat"
"s08_role_separation","Role-Separated-Credit-AOP-v2","LIRCMOP4","LIR-CMOP",100,50000,5,289405,50000,5.0185,0.2495766809117304,0.2103420334526284,1,"Role_Separated_Credit_AOP_v2_LIRCMOP4_N100_FE50000_run5_seed289405.mat"
"s08_role_separation","Role-Separated-Credit-AOP-v2","LIRCMOP5","LIR-CMOP",100,50000,1,289501,50000,3.8567,1.167407762918064,0,1,"Role_Separated_Credit_AOP_v2_LIRCMOP5_N100_FE50000_run1_seed289501.mat"
"s08_role_separation","Role-Separated-Credit-AOP-v2","LIRCMOP5","LIR-CMOP",100,50000,2,289502,50000,5.6378,0.1882752363088178,0.2385959553595794,1,"Role_Separated_Credit_AOP_v2_LIRCMOP5_N100_FE50000_run2_seed289502.mat"
"s08_role_separation","Role-Separated-Credit-AOP-v2","LIRCMOP5","LIR-CMOP",100,50000,3,289503,50000,4.8133,0.2042836643416229,0.1817046305615358,1,"Role_Separated_Credit_AOP_v2_LIRCMOP5_N100_FE50000_run3_seed289503.mat"
"s08_role_separation","Role-Separated-Credit-AOP-v2","LIRCMOP5","LIR-CMOP",100,50000,4,289504,50000,4.5613,0.1768434072176228,0.1916537291885311,1,"Role_Separated_Credit_AOP_v2_LIRCMOP5_N100_FE50000_run4_seed289504.mat"
"s08_role_separation","Role-Separated-Credit-AOP-v2","LIRCMOP5","LIR-CMOP",100,50000,5,289505,50000,4.0746,0.4855516286925079,0.08587292096084623,1,"Role_Separated_Credit_AOP_v2_LIRCMOP5_N100_FE50000_run5_seed289505.mat"
"s08_role_separation","Role-Separated-Credit-AOP-v2","LIRCMOP6","LIR-CMOP",100,50000,1,289601,50000,4.2303,0.2550999470168888,0.1035886478024702,1,"Role_Separated_Credit_AOP_v2_LIRCMOP6_N100_FE50000_run1_seed289601.mat"
"s08_role_separation","Role-Separated-Credit-AOP-v2","LIRCMOP6","LIR-CMOP",100,50000,2,289602,50000,4.5075,0.2810602508172613,0.1341712448684913,1,"Role_Separated_Credit_AOP_v2_LIRCMOP6_N100_FE50000_run2_seed289602.mat"
"s08_role_separation","Role-Separated-Credit-AOP-v2","LIRCMOP6","LIR-CMOP",100,50000,3,289603,50000,4.0868,0.09962527738098598,0.1654585315194415,1,"Role_Separated_Credit_AOP_v2_LIRCMOP6_N100_FE50000_run3_seed289603.mat"
"s08_role_separation","Role-Separated-Credit-AOP-v2","LIRCMOP6","LIR-CMOP",100,50000,4,289604,50000,4.1345,0.13412646656494,0.1404497242646353,1,"Role_Separated_Credit_AOP_v2_LIRCMOP6_N100_FE50000_run4_seed289604.mat"
"s08_role_separation","Role-Separated-Credit-AOP-v2","LIRCMOP6","LIR-CMOP",100,50000,5,289605,50000,4.3923,0.1553113086914736,0.1525562059954953,1,"Role_Separated_Credit_AOP_v2_LIRCMOP6_N100_FE50000_run5_seed289605.mat"
"s08_role_separation","Role-Separated-Credit-AOP-v2","LIRCMOP7","LIR-CMOP",100,50000,1,289701,50000,3.564,0.1240896798958156,0.2486727202499701,1,"Role_Separated_Credit_AOP_v2_LIRCMOP7_N100_FE50000_run1_seed289701.mat"
"s08_role_separation","Role-Separated-Credit-AOP-v2","LIRCMOP7","LIR-CMOP",100,50000,2,289702,50000,4.0745,0.07656789796829114,0.2610098088096997,1,"Role_Separated_Credit_AOP_v2_LIRCMOP7_N100_FE50000_run2_seed289702.mat"
"s08_role_separation","Role-Separated-Credit-AOP-v2","LIRCMOP7","LIR-CMOP",100,50000,3,289703,50000,3.5646,0.01271622184560231,0.290623587083138,1,"Role_Separated_Credit_AOP_v2_LIRCMOP7_N100_FE50000_run3_seed289703.mat"
"s08_role_separation","Role-Separated-Credit-AOP-v2","LIRCMOP7","LIR-CMOP",100,50000,4,289704,50000,3.6206,0.009630576058578019,0.2923570327318086,1,"Role_Separated_Credit_AOP_v2_LIRCMOP7_N100_FE50000_run4_seed289704.mat"
"s08_role_separation","Role-Separated-Credit-AOP-v2","LIRCMOP7","LIR-CMOP",100,50000,5,289705,50000,3.5902,0.06075718754883202,0.2683903634347265,1,"Role_Separated_Credit_AOP_v2_LIRCMOP7_N100_FE50000_run5_seed289705.mat"
"s08_role_separation","Role-Separated-Credit-AOP-v2","LIRCMOP8","LIR-CMOP",100,50000,1,289801,50000,4.1089,0.01159447346117504,0.2917498695591154,1,"Role_Separated_Credit_AOP_v2_LIRCMOP8_N100_FE50000_run1_seed289801.mat"
"s08_role_separation","Role-Separated-Credit-AOP-v2","LIRCMOP8","LIR-CMOP",100,50000,2,289802,50000,3.8324,0.009244124348220183,0.2930316261871939,1,"Role_Separated_Credit_AOP_v2_LIRCMOP8_N100_FE50000_run2_seed289802.mat"
"s08_role_separation","Role-Separated-Credit-AOP-v2","LIRCMOP8","LIR-CMOP",100,50000,3,289803,50000,4.2512,0.02081532008348691,0.2866686698385882,1,"Role_Separated_Credit_AOP_v2_LIRCMOP8_N100_FE50000_run3_seed289803.mat"
"s08_role_separation","Role-Separated-Credit-AOP-v2","LIRCMOP8","LIR-CMOP",100,50000,4,289804,50000,3.8832,0.01598805305259864,0.2903229449336026,1,"Role_Separated_Credit_AOP_v2_LIRCMOP8_N100_FE50000_run4_seed289804.mat"
"s08_role_separation","Role-Separated-Credit-AOP-v2","LIRCMOP8","LIR-CMOP",100,50000,5,289805,50000,3.9475,0.01103107632093535,0.2923467880982579,1,"Role_Separated_Credit_AOP_v2_LIRCMOP8_N100_FE50000_run5_seed289805.mat"
"s08_role_separation","Role-Separated-Credit-AOP-v2","LIRCMOP9","LIR-CMOP",100,50000,1,289901,50000,5.6097,0.5062195765061808,0.3580818243390073,1,"Role_Separated_Credit_AOP_v2_LIRCMOP9_N100_FE50000_run1_seed289901.mat"
"s08_role_separation","Role-Separated-Credit-AOP-v2","LIRCMOP9","LIR-CMOP",100,50000,2,289902,50000,8.5033,0.5061521505773789,0.3582220842039409,1,"Role_Separated_Credit_AOP_v2_LIRCMOP9_N100_FE50000_run2_seed289902.mat"
"s08_role_separation","Role-Separated-Credit-AOP-v2","LIRCMOP9","LIR-CMOP",100,50000,3,289903,50000,6.2692,0.5061770894456782,0.3580946285195009,1,"Role_Separated_Credit_AOP_v2_LIRCMOP9_N100_FE50000_run3_seed289903.mat"
"s08_role_separation","Role-Separated-Credit-AOP-v2","LIRCMOP9","LIR-CMOP",100,50000,4,289904,50000,8.4399,0.508922085519692,0.3532357441361605,1,"Role_Separated_Credit_AOP_v2_LIRCMOP9_N100_FE50000_run4_seed289904.mat"
"s08_role_separation","Role-Separated-Credit-AOP-v2","LIRCMOP9","LIR-CMOP",100,50000,5,289905,50000,5.9193,0.4230443407553641,0.3872514344663744,1,"Role_Separated_Credit_AOP_v2_LIRCMOP9_N100_FE50000_run5_seed289905.mat"
"s08_role_separation","Role-Separated-Credit-AOP-v3","CF10","CF",100,50000,1,299001,50000,7.7115,0.3846146684596218,0.1443838408577516,1,"Role_Separated_Credit_AOP_v3_CF10_N100_FE50000_run1_seed299001.mat"
"s08_role_separation","Role-Separated-Credit-AOP-v3","CF10","CF",100,50000,2,299002,50000,12.8667,0.3957645025898739,0.1403879978757275,1,"Role_Separated_Credit_AOP_v3_CF10_N100_FE50000_run2_seed299002.mat"
"s08_role_separation","Role-Separated-Credit-AOP-v3","CF10","CF",100,50000,3,299003,50000,6.7778,0.3361944660066413,0.1945915372441389,1,"Role_Separated_Credit_AOP_v3_CF10_N100_FE50000_run3_seed299003.mat"
"s08_role_separation","Role-Separated-Credit-AOP-v3","CF10","CF",100,50000,4,299004,50000,12.7792,0.309594106931796,0.2062218229575029,1,"Role_Separated_Credit_AOP_v3_CF10_N100_FE50000_run4_seed299004.mat"
"s08_role_separation","Role-Separated-Credit-AOP-v3","CF10","CF",100,50000,5,299005,50000,7.7087,0.3864330999883361,0.1582221807050211,1,"Role_Separated_Credit_AOP_v3_CF10_N100_FE50000_run5_seed299005.mat"
"s08_role_separation","Role-Separated-Credit-AOP-v3","CF1","CF",100,50000,1,298101,50000,7.3939,0.004759222561702235,0.5603587399734499,1,"Role_Separated_Credit_AOP_v3_CF1_N100_FE50000_run1_seed298101.mat"
"s08_role_separation","Role-Separated-Credit-AOP-v3","CF1","CF",100,50000,2,298102,50000,5.7462,0.006701874514298416,0.5579401674648334,1,"Role_Separated_Credit_AOP_v3_CF1_N100_FE50000_run2_seed298102.mat"
"s08_role_separation","Role-Separated-Credit-AOP-v3","CF1","CF",100,50000,3,298103,50000,5.5851,0.004896831206602652,0.5602124657212699,1,"Role_Separated_Credit_AOP_v3_CF1_N100_FE50000_run3_seed298103.mat"
"s08_role_separation","Role-Separated-Credit-AOP-v3","CF1","CF",100,50000,4,298104,50000,5.3383,0.005436092564582566,0.5594894728252344,1,"Role_Separated_Credit_AOP_v3_CF1_N100_FE50000_run4_seed298104.mat"
"s08_role_separation","Role-Separated-Credit-AOP-v3","CF1","CF",100,50000,5,298105,50000,7.6736,0.005020402090076446,0.5600238855611551,1,"Role_Separated_Credit_AOP_v3_CF1_N100_FE50000_run5_seed298105.mat"
"s08_role_separation","Role-Separated-Credit-AOP-v3","CF2","CF",100,50000,1,298201,50000,5.2227,0.008829105772944707,0.6643479232964595,1,"Role_Separated_Credit_AOP_v3_CF2_N100_FE50000_run1_seed298201.mat"
"s08_role_separation","Role-Separated-Credit-AOP-v3","CF2","CF",100,50000,2,298202,50000,6.7841,0.02429723629450368,0.6416104779026811,1,"Role_Separated_Credit_AOP_v3_CF2_N100_FE50000_run2_seed298202.mat"
"s08_role_separation","Role-Separated-Credit-AOP-v3","CF2","CF",100,50000,3,298203,50000,5.4851,0.01633320944158191,0.645987740514356,1,"Role_Separated_Credit_AOP_v3_CF2_N100_FE50000_run3_seed298203.mat"
"s08_role_separation","Role-Separated-Credit-AOP-v3","CF2","CF",100,50000,4,298204,50000,5.3116,0.007790995409840369,0.6687103108305569,1,"Role_Separated_Credit_AOP_v3_CF2_N100_FE50000_run4_seed298204.mat"
"s08_role_separation","Role-Separated-Credit-AOP-v3","CF2","CF",100,50000,5,298205,50000,5.0861,0.01240408142980994,0.6499260585518566,1,"Role_Separated_Credit_AOP_v3_CF2_N100_FE50000_run5_seed298205.mat"
"s08_role_separation","Role-Separated-Credit-AOP-v3","CF3","CF",100,50000,1,298301,50000,5.1391,0.1898160644961764,0.1997110587760862,1,"Role_Separated_Credit_AOP_v3_CF3_N100_FE50000_run1_seed298301.mat"
"s08_role_separation","Role-Separated-Credit-AOP-v3","CF3","CF",100,50000,2,298302,50000,4.4235,0.3415816750377025,0.1258273401817008,1,"Role_Separated_Credit_AOP_v3_CF3_N100_FE50000_run2_seed298302.mat"
"s08_role_separation","Role-Separated-Credit-AOP-v3","CF3","CF",100,50000,3,298303,50000,4.8192,0.2392199428100133,0.1785027675367763,1,"Role_Separated_Credit_AOP_v3_CF3_N100_FE50000_run3_seed298303.mat"
"s08_role_separation","Role-Separated-Credit-AOP-v3","CF3","CF",100,50000,4,298304,50000,4.3305,0.1016812844703422,0.3017225928177998,1,"Role_Separated_Credit_AOP_v3_CF3_N100_FE50000_run4_seed298304.mat"
"s08_role_separation","Role-Separated-Credit-AOP-v3","CF3","CF",100,50000,5,298305,50000,4.8499,0.05984554075830142,0.2695894167866326,1,"Role_Separated_Credit_AOP_v3_CF3_N100_FE50000_run5_seed298305.mat"
"s08_role_separation","Role-Separated-Credit-AOP-v3","CF4","CF",100,50000,1,298401,50000,4.8668,0.06205208484120107,0.4499723075816054,1,"Role_Separated_Credit_AOP_v3_CF4_N100_FE50000_run1_seed298401.mat"
"s08_role_separation","Role-Separated-Credit-AOP-v3","CF4","CF",100,50000,2,298402,50000,5.645,0.04754321865449164,0.4694299028936357,1,"Role_Separated_Credit_AOP_v3_CF4_N100_FE50000_run2_seed298402.mat"
"s08_role_separation","Role-Separated-Credit-AOP-v3","CF4","CF",100,50000,3,298403,50000,4.9959,0.04187943909881124,0.4847920181653358,1,"Role_Separated_Credit_AOP_v3_CF4_N100_FE50000_run3_seed298403.mat"
"s08_role_separation","Role-Separated-Credit-AOP-v3","CF4","CF",100,50000,4,298404,50000,5.6864,0.06752476216414746,0.449316460474183,1,"Role_Separated_Credit_AOP_v3_CF4_N100_FE50000_run4_seed298404.mat"
"s08_role_separation","Role-Separated-Credit-AOP-v3","CF4","CF",100,50000,5,298405,50000,4.9269,0.06246958083992008,0.4531108566587682,1,"Role_Separated_Credit_AOP_v3_CF4_N100_FE50000_run5_seed298405.mat"
"s08_role_separation","Role-Separated-Credit-AOP-v3","CF5","CF",100,50000,1,298501,50000,5.488,0.1389418868865845,0.3939352371471427,1,"Role_Separated_Credit_AOP_v3_CF5_N100_FE50000_run1_seed298501.mat"
"s08_role_separation","Role-Separated-Credit-AOP-v3","CF5","CF",100,50000,2,298502,50000,5.5583,0.1172537077396545,0.3957085909429454,1,"Role_Separated_Credit_AOP_v3_CF5_N100_FE50000_run2_seed298502.mat"
"s08_role_separation","Role-Separated-Credit-AOP-v3","CF5","CF",100,50000,3,298503,50000,7.9045,0.3370739603815287,0.2090804083713358,1,"Role_Separated_Credit_AOP_v3_CF5_N100_FE50000_run3_seed298503.mat"
"s08_role_separation","Role-Separated-Credit-AOP-v3","CF5","CF",100,50000,4,298504,50000,5.1042,0.1288189938909682,0.3989873823804453,1,"Role_Separated_Credit_AOP_v3_CF5_N100_FE50000_run4_seed298504.mat"
"s08_role_separation","Role-Separated-Credit-AOP-v3","CF5","CF",100,50000,5,298505,50000,6.9197,0.09951232360838157,0.4146639342092254,1,"Role_Separated_Credit_AOP_v3_CF5_N100_FE50000_run5_seed298505.mat"
"s08_role_separation","Role-Separated-Credit-AOP-v3","CF6","CF",100,50000,1,298601,50000,6.1031,0.04537029843588447,0.6523220388223601,1,"Role_Separated_Credit_AOP_v3_CF6_N100_FE50000_run1_seed298601.mat"
"s08_role_separation","Role-Separated-Credit-AOP-v3","CF6","CF",100,50000,2,298602,50000,6.071,0.02848272825876377,0.6698684668242143,1,"Role_Separated_Credit_AOP_v3_CF6_N100_FE50000_run2_seed298602.mat"
"s08_role_separation","Role-Separated-Credit-AOP-v3","CF6","CF",100,50000,3,298603,50000,5.9294,0.0424047466274271,0.660133565388047,1,"Role_Separated_Credit_AOP_v3_CF6_N100_FE50000_run3_seed298603.mat"
"s08_role_separation","Role-Separated-Credit-AOP-v3","CF6","CF",100,50000,4,298604,50000,8.9435,0.04031309610179738,0.6562963013489644,1,"Role_Separated_Credit_AOP_v3_CF6_N100_FE50000_run4_seed298604.mat"
"s08_role_separation","Role-Separated-Credit-AOP-v3","CF6","CF",100,50000,5,298605,50000,6.0175,0.03747245539456862,0.6557565215447964,1,"Role_Separated_Credit_AOP_v3_CF6_N100_FE50000_run5_seed298605.mat"
"s08_role_separation","Role-Separated-Credit-AOP-v3","CF7","CF",100,50000,1,298701,50000,6.0728,0.1067979584467634,0.560705429057805,1,"Role_Separated_Credit_AOP_v3_CF7_N100_FE50000_run1_seed298701.mat"
"s08_role_separation","Role-Separated-Credit-AOP-v3","CF7","CF",100,50000,2,298702,50000,5.1247,0.1074564541297545,0.5650572978915391,1,"Role_Separated_Credit_AOP_v3_CF7_N100_FE50000_run2_seed298702.mat"
"s08_role_separation","Role-Separated-Credit-AOP-v3","CF7","CF",100,50000,3,298703,50000,4.4726,0.1122747884546583,0.5711744547498538,1,"Role_Separated_Credit_AOP_v3_CF7_N100_FE50000_run3_seed298703.mat"
"s08_role_separation","Role-Separated-Credit-AOP-v3","CF7","CF",100,50000,4,298704,50000,4.985,0.2099118133549742,0.5285790293448948,1,"Role_Separated_Credit_AOP_v3_CF7_N100_FE50000_run4_seed298704.mat"
"s08_role_separation","Role-Separated-Credit-AOP-v3","CF7","CF",100,50000,5,298705,50000,5.4232,0.09533469561430882,0.561094879614714,1,"Role_Separated_Credit_AOP_v3_CF7_N100_FE50000_run5_seed298705.mat"
"s08_role_separation","Role-Separated-Credit-AOP-v3","CF8","CF",100,50000,1,298801,50000,4.4989,0.1774782801708259,0.2940387376693325,1,"Role_Separated_Credit_AOP_v3_CF8_N100_FE50000_run1_seed298801.mat"
"s08_role_separation","Role-Separated-Credit-AOP-v3","CF8","CF",100,50000,2,298802,50000,6.2,0.1710860915357652,0.3116665834661738,1,"Role_Separated_Credit_AOP_v3_CF8_N100_FE50000_run2_seed298802.mat"
"s08_role_separation","Role-Separated-Credit-AOP-v3","CF8","CF",100,50000,3,298803,50000,4.1884,0.1589146445927995,0.3462278264555728,1,"Role_Separated_Credit_AOP_v3_CF8_N100_FE50000_run3_seed298803.mat"
"s08_role_separation","Role-Separated-Credit-AOP-v3","CF8","CF",100,50000,4,298804,50000,4.5614,0.1570689404843,0.3532306133391889,1,"Role_Separated_Credit_AOP_v3_CF8_N100_FE50000_run4_seed298804.mat"
"s08_role_separation","Role-Separated-Credit-AOP-v3","CF8","CF",100,50000,5,298805,50000,4.5668,0.1596667703249685,0.3476738905253302,1,"Role_Separated_Credit_AOP_v3_CF8_N100_FE50000_run5_seed298805.mat"
"s08_role_separation","Role-Separated-Credit-AOP-v3","CF9","CF",100,50000,1,298901,50000,8.1965,0.09107099886951933,0.4282243758643138,1,"Role_Separated_Credit_AOP_v3_CF9_N100_FE50000_run1_seed298901.mat"
"s08_role_separation","Role-Separated-Credit-AOP-v3","CF9","CF",100,50000,2,298902,50000,5.7165,0.08818798374988719,0.4401044617702979,1,"Role_Separated_Credit_AOP_v3_CF9_N100_FE50000_run2_seed298902.mat"
"s08_role_separation","Role-Separated-Credit-AOP-v3","CF9","CF",100,50000,3,298903,50000,9.0053,0.09674786117135331,0.4112962435041367,1,"Role_Separated_Credit_AOP_v3_CF9_N100_FE50000_run3_seed298903.mat"
"s08_role_separation","Role-Separated-Credit-AOP-v3","CF9","CF",100,50000,4,298904,50000,5.8739,0.09578050099524789,0.4198485108776152,1,"Role_Separated_Credit_AOP_v3_CF9_N100_FE50000_run4_seed298904.mat"
"s08_role_separation","Role-Separated-Credit-AOP-v3","CF9","CF",100,50000,5,298905,50000,5.9981,0.09494659528143951,0.4207330508883986,1,"Role_Separated_Credit_AOP_v3_CF9_N100_FE50000_run5_seed298905.mat"
"s08_role_separation","Role-Separated-Credit-AOP-v3","DASCMOP1","DAS-CMOP",100,50000,1,300501,50000,4.2761,0.01162855186497538,0.2079622527035274,1,"Role_Separated_Credit_AOP_v3_DASCMOP1_N100_FE50000_run1_seed300501.mat"
"s08_role_separation","Role-Separated-Credit-AOP-v3","DASCMOP1","DAS-CMOP",100,50000,2,300502,50000,4.1157,0.007526345866427421,0.205218665070514,1,"Role_Separated_Credit_AOP_v3_DASCMOP1_N100_FE50000_run2_seed300502.mat"
"s08_role_separation","Role-Separated-Credit-AOP-v3","DASCMOP1","DAS-CMOP",100,50000,3,300503,50000,3.6312,0.007978076822176947,0.2074944980172446,1,"Role_Separated_Credit_AOP_v3_DASCMOP1_N100_FE50000_run3_seed300503.mat"
"s08_role_separation","Role-Separated-Credit-AOP-v3","DASCMOP1","DAS-CMOP",100,50000,4,300504,50000,3.7546,0.0121128402691106,0.2087027633981356,1,"Role_Separated_Credit_AOP_v3_DASCMOP1_N100_FE50000_run4_seed300504.mat"
"s08_role_separation","Role-Separated-Credit-AOP-v3","DASCMOP1","DAS-CMOP",100,50000,5,300505,50000,4.3786,0.005440352085711597,0.2094507291845606,1,"Role_Separated_Credit_AOP_v3_DASCMOP1_N100_FE50000_run5_seed300505.mat"
"s08_role_separation","Role-Separated-Credit-AOP-v3","DASCMOP2","DAS-CMOP",100,50000,1,300601,50000,3.2673,0.008127653255237045,0.3523706034507852,1,"Role_Separated_Credit_AOP_v3_DASCMOP2_N100_FE50000_run1_seed300601.mat"
"s08_role_separation","Role-Separated-Credit-AOP-v3","DASCMOP2","DAS-CMOP",100,50000,2,300602,50000,4.2177,0.007198677611349467,0.3530178550462321,1,"Role_Separated_Credit_AOP_v3_DASCMOP2_N100_FE50000_run2_seed300602.mat"
"s08_role_separation","Role-Separated-Credit-AOP-v3","DASCMOP2","DAS-CMOP",100,50000,3,300603,50000,3.5387,0.009848069406148859,0.3514843440094878,1,"Role_Separated_Credit_AOP_v3_DASCMOP2_N100_FE50000_run3_seed300603.mat"
"s08_role_separation","Role-Separated-Credit-AOP-v3","DASCMOP2","DAS-CMOP",100,50000,4,300604,50000,3.5556,0.009482969609722973,0.3504951342939155,1,"Role_Separated_Credit_AOP_v3_DASCMOP2_N100_FE50000_run4_seed300604.mat"
"s08_role_separation","Role-Separated-Credit-AOP-v3","DASCMOP2","DAS-CMOP",100,50000,5,300605,50000,3.6015,0.01162569019108613,0.3497847711017033,1,"Role_Separated_Credit_AOP_v3_DASCMOP2_N100_FE50000_run5_seed300605.mat"
"s08_role_separation","Role-Separated-Credit-AOP-v3","DASCMOP3","DAS-CMOP",100,50000,1,300701,50000,4.0807,0.0222054640666517,0.3093277910173139,1,"Role_Separated_Credit_AOP_v3_DASCMOP3_N100_FE50000_run1_seed300701.mat"
"s08_role_separation","Role-Separated-Credit-AOP-v3","DASCMOP3","DAS-CMOP",100,50000,2,300702,50000,3.3129,0.1225915495236371,0.2659822379406572,1,"Role_Separated_Credit_AOP_v3_DASCMOP3_N100_FE50000_run2_seed300702.mat"
"s08_role_separation","Role-Separated-Credit-AOP-v3","DASCMOP3","DAS-CMOP",100,50000,3,300703,50000,3.8735,0.05228912720922171,0.2826951573542331,1,"Role_Separated_Credit_AOP_v3_DASCMOP3_N100_FE50000_run3_seed300703.mat"
"s08_role_separation","Role-Separated-Credit-AOP-v3","DASCMOP3","DAS-CMOP",100,50000,4,300704,50000,3.6044,0.1754241590193648,0.2714138251689706,1,"Role_Separated_Credit_AOP_v3_DASCMOP3_N100_FE50000_run4_seed300704.mat"
"s08_role_separation","Role-Separated-Credit-AOP-v3","DASCMOP3","DAS-CMOP",100,50000,5,300705,50000,3.6949,0.02329722448300708,0.3076741618629193,1,"Role_Separated_Credit_AOP_v3_DASCMOP3_N100_FE50000_run5_seed300705.mat"
"s08_role_separation","Role-Separated-Credit-AOP-v3","DASCMOP4","DAS-CMOP",100,50000,1,300801,50000,3.632,1.17166604972789,0,0.03,"Role_Separated_Credit_AOP_v3_DASCMOP4_N100_FE50000_run1_seed300801.mat"
"s08_role_separation","Role-Separated-Credit-AOP-v3","DASCMOP4","DAS-CMOP",100,50000,2,300802,50000,3.5237,0.9379756144088229,0,1,"Role_Separated_Credit_AOP_v3_DASCMOP4_N100_FE50000_run2_seed300802.mat"
"s08_role_separation","Role-Separated-Credit-AOP-v3","DASCMOP4","DAS-CMOP",100,50000,3,300803,50000,3.0569,0.4329666042146817,0.04021670776344263,1,"Role_Separated_Credit_AOP_v3_DASCMOP4_N100_FE50000_run3_seed300803.mat"
"s08_role_separation","Role-Separated-Credit-AOP-v3","DASCMOP4","DAS-CMOP",100,50000,4,300804,50000,3.6398,0.4526985120181387,0.03503208364963098,1,"Role_Separated_Credit_AOP_v3_DASCMOP4_N100_FE50000_run4_seed300804.mat"
"s08_role_separation","Role-Separated-Credit-AOP-v3","DASCMOP4","DAS-CMOP",100,50000,5,300805,50000,3.5027,0.350501554506563,0.06084648077449428,1,"Role_Separated_Credit_AOP_v3_DASCMOP4_N100_FE50000_run5_seed300805.mat"
"s08_role_separation","Role-Separated-Credit-AOP-v3","DASCMOP5","DAS-CMOP",100,50000,1,300901,50000,3.5153,0.4145698827221899,0.1050091532989502,1,"Role_Separated_Credit_AOP_v3_DASCMOP5_N100_FE50000_run1_seed300901.mat"
"s08_role_separation","Role-Separated-Credit-AOP-v3","DASCMOP5","DAS-CMOP",100,50000,2,300902,50000,3.8828,0.07610159132516947,0.3009205406350896,1,"Role_Separated_Credit_AOP_v3_DASCMOP5_N100_FE50000_run2_seed300902.mat"
"s08_role_separation","Role-Separated-Credit-AOP-v3","DASCMOP5","DAS-CMOP",100,50000,3,300903,50000,3.6181,0.7474858647802118,0.02770759118741147,1,"Role_Separated_Credit_AOP_v3_DASCMOP5_N100_FE50000_run3_seed300903.mat"
"s08_role_separation","Role-Separated-Credit-AOP-v3","DASCMOP5","DAS-CMOP",100,50000,4,300904,50000,3.1432,0.1783365259572615,0.237357163470598,1,"Role_Separated_Credit_AOP_v3_DASCMOP5_N100_FE50000_run4_seed300904.mat"
"s08_role_separation","Role-Separated-Credit-AOP-v3","DASCMOP5","DAS-CMOP",100,50000,5,300905,50000,3.6288,NaN,NaN,0,"Role_Separated_Credit_AOP_v3_DASCMOP5_N100_FE50000_run5_seed300905.mat"
"s08_role_separation","Role-Separated-Credit-AOP-v3","DASCMOP6","DAS-CMOP",100,50000,1,301001,50000,3.2313,0.6055641588315031,0.03699200665782358,1,"Role_Separated_Credit_AOP_v3_DASCMOP6_N100_FE50000_run1_seed301001.mat"
"s08_role_separation","Role-Separated-Credit-AOP-v3","DASCMOP6","DAS-CMOP",100,50000,2,301002,50000,3.2112,0.5871367821431575,0.038916081965795,1,"Role_Separated_Credit_AOP_v3_DASCMOP6_N100_FE50000_run2_seed301002.mat"
"s08_role_separation","Role-Separated-Credit-AOP-v3","DASCMOP6","DAS-CMOP",100,50000,3,301003,50000,3.6908,0.5745599530907096,0.04162299760454675,1,"Role_Separated_Credit_AOP_v3_DASCMOP6_N100_FE50000_run3_seed301003.mat"
"s08_role_separation","Role-Separated-Credit-AOP-v3","DASCMOP6","DAS-CMOP",100,50000,4,301004,50000,3.5396,0.5247084903509704,0.05430018175756592,1,"Role_Separated_Credit_AOP_v3_DASCMOP6_N100_FE50000_run4_seed301004.mat"
"s08_role_separation","Role-Separated-Credit-AOP-v3","DASCMOP6","DAS-CMOP",100,50000,5,301005,50000,3.0274,0.8332120150807256,0.001436691255397777,1,"Role_Separated_Credit_AOP_v3_DASCMOP6_N100_FE50000_run5_seed301005.mat"
"s08_role_separation","Role-Separated-Credit-AOP-v3","DASCMOP7","DAS-CMOP",100,50000,1,301101,50000,4.5527,0.06147811035817126,0.271056521125318,1,"Role_Separated_Credit_AOP_v3_DASCMOP7_N100_FE50000_run1_seed301101.mat"
"s08_role_separation","Role-Separated-Credit-AOP-v3","DASCMOP7","DAS-CMOP",100,50000,2,301102,50000,3.7468,0.2421160079293363,0.1804391453906672,1,"Role_Separated_Credit_AOP_v3_DASCMOP7_N100_FE50000_run2_seed301102.mat"
"s08_role_separation","Role-Separated-Credit-AOP-v3","DASCMOP7","DAS-CMOP",100,50000,3,301103,50000,3.638,0.5560308337982968,0.07062416245400788,1,"Role_Separated_Credit_AOP_v3_DASCMOP7_N100_FE50000_run3_seed301103.mat"
"s08_role_separation","Role-Separated-Credit-AOP-v3","DASCMOP7","DAS-CMOP",100,50000,4,301104,50000,4.0301,0.08958268472825594,0.2589792938615578,1,"Role_Separated_Credit_AOP_v3_DASCMOP7_N100_FE50000_run4_seed301104.mat"
"s08_role_separation","Role-Separated-Credit-AOP-v3","DASCMOP7","DAS-CMOP",100,50000,5,301105,50000,4.26,1.069135259458664,0.003935380980113722,1,"Role_Separated_Credit_AOP_v3_DASCMOP7_N100_FE50000_run5_seed301105.mat"
"s08_role_separation","Role-Separated-Credit-AOP-v3","DASCMOP8","DAS-CMOP",100,50000,1,301201,50000,3.5839,0.07909676414919652,0.1936729332672877,1,"Role_Separated_Credit_AOP_v3_DASCMOP8_N100_FE50000_run1_seed301201.mat"
"s08_role_separation","Role-Separated-Credit-AOP-v3","DASCMOP8","DAS-CMOP",100,50000,2,301202,50000,3.7356,0.4498109902161765,0.04766670837958376,1,"Role_Separated_Credit_AOP_v3_DASCMOP8_N100_FE50000_run2_seed301202.mat"
"s08_role_separation","Role-Separated-Credit-AOP-v3","DASCMOP8","DAS-CMOP",100,50000,3,301203,50000,3.2748,0.4947928629880991,0.07238463933201778,1,"Role_Separated_Credit_AOP_v3_DASCMOP8_N100_FE50000_run3_seed301203.mat"
"s08_role_separation","Role-Separated-Credit-AOP-v3","DASCMOP8","DAS-CMOP",100,50000,4,301204,50000,3.2866,0.4957945834537756,0.1105832285498224,1,"Role_Separated_Credit_AOP_v3_DASCMOP8_N100_FE50000_run4_seed301204.mat"
"s08_role_separation","Role-Separated-Credit-AOP-v3","DASCMOP8","DAS-CMOP",100,50000,5,301205,50000,3.6934,0.5516211977407343,0.1306710709877452,1,"Role_Separated_Credit_AOP_v3_DASCMOP8_N100_FE50000_run5_seed301205.mat"
"s08_role_separation","Role-Separated-Credit-AOP-v3","DASCMOP9","DAS-CMOP",100,50000,1,301301,50000,4.7609,0.0481886337685434,0.2035315124318487,1,"Role_Separated_Credit_AOP_v3_DASCMOP9_N100_FE50000_run1_seed301301.mat"
"s08_role_separation","Role-Separated-Credit-AOP-v3","DASCMOP9","DAS-CMOP",100,50000,2,301302,50000,3.5898,0.04849635353237297,0.2038374603926562,1,"Role_Separated_Credit_AOP_v3_DASCMOP9_N100_FE50000_run2_seed301302.mat"
"s08_role_separation","Role-Separated-Credit-AOP-v3","DASCMOP9","DAS-CMOP",100,50000,3,301303,50000,4.753,0.04898709700276697,0.203557325897624,1,"Role_Separated_Credit_AOP_v3_DASCMOP9_N100_FE50000_run3_seed301303.mat"
"s08_role_separation","Role-Separated-Credit-AOP-v3","DASCMOP9","DAS-CMOP",100,50000,4,301304,50000,3.7318,0.05143859111051493,0.2024068836253831,1,"Role_Separated_Credit_AOP_v3_DASCMOP9_N100_FE50000_run4_seed301304.mat"
"s08_role_separation","Role-Separated-Credit-AOP-v3","DASCMOP9","DAS-CMOP",100,50000,5,301305,50000,3.6037,0.04825781583050337,0.2050769513404999,1,"Role_Separated_Credit_AOP_v3_DASCMOP9_N100_FE50000_run5_seed301305.mat"
"s08_role_separation","Role-Separated-Credit-AOP-v3","LIRCMOP10","LIR-CMOP",100,50000,1,300001,50000,7.4324,0.2418756018624531,0.578424249402708,1,"Role_Separated_Credit_AOP_v3_LIRCMOP10_N100_FE50000_run1_seed300001.mat"
"s08_role_separation","Role-Separated-Credit-AOP-v3","LIRCMOP10","LIR-CMOP",100,50000,2,300002,50000,9.2287,0.2209919625121565,0.5955042753392061,1,"Role_Separated_Credit_AOP_v3_LIRCMOP10_N100_FE50000_run2_seed300002.mat"
"s08_role_separation","Role-Separated-Credit-AOP-v3","LIRCMOP10","LIR-CMOP",100,50000,3,300003,50000,6.2308,0.2193415200845289,0.6009961863213092,1,"Role_Separated_Credit_AOP_v3_LIRCMOP10_N100_FE50000_run3_seed300003.mat"
"s08_role_separation","Role-Separated-Credit-AOP-v3","LIRCMOP10","LIR-CMOP",100,50000,4,300004,50000,6.7037,0.2223042619589027,0.594843983299716,1,"Role_Separated_Credit_AOP_v3_LIRCMOP10_N100_FE50000_run4_seed300004.mat"
"s08_role_separation","Role-Separated-Credit-AOP-v3","LIRCMOP10","LIR-CMOP",100,50000,5,300005,50000,6.5334,0.2512848627664003,0.5757821362134363,1,"Role_Separated_Credit_AOP_v3_LIRCMOP10_N100_FE50000_run5_seed300005.mat"
"s08_role_separation","Role-Separated-Credit-AOP-v3","LIRCMOP11","LIR-CMOP",100,50000,1,300101,50000,7.7914,0.0754191293075791,0.6568016089292713,1,"Role_Separated_Credit_AOP_v3_LIRCMOP11_N100_FE50000_run1_seed300101.mat"
"s08_role_separation","Role-Separated-Credit-AOP-v3","LIRCMOP11","LIR-CMOP",100,50000,2,300102,50000,5.8062,0.09204615368035561,0.6376745848823142,1,"Role_Separated_Credit_AOP_v3_LIRCMOP11_N100_FE50000_run2_seed300102.mat"
"s08_role_separation","Role-Separated-Credit-AOP-v3","LIRCMOP11","LIR-CMOP",100,50000,3,300103,50000,8.2781,0.09226626322153263,0.6381629675687587,1,"Role_Separated_Credit_AOP_v3_LIRCMOP11_N100_FE50000_run3_seed300103.mat"
"s08_role_separation","Role-Separated-Credit-AOP-v3","LIRCMOP11","LIR-CMOP",100,50000,4,300104,50000,6.2219,0.1437178802239989,0.6012992054773991,1,"Role_Separated_Credit_AOP_v3_LIRCMOP11_N100_FE50000_run4_seed300104.mat"
"s08_role_separation","Role-Separated-Credit-AOP-v3","LIRCMOP11","LIR-CMOP",100,50000,5,300105,50000,5.8375,0.0221801714466553,0.6809630737817779,1,"Role_Separated_Credit_AOP_v3_LIRCMOP11_N100_FE50000_run5_seed300105.mat"
"s08_role_separation","Role-Separated-Credit-AOP-v3","LIRCMOP12","LIR-CMOP",100,50000,1,300201,50000,4.0856,0.3883027766543861,0.3904054863743914,1,"Role_Separated_Credit_AOP_v3_LIRCMOP12_N100_FE50000_run1_seed300201.mat"
"s08_role_separation","Role-Separated-Credit-AOP-v3","LIRCMOP12","LIR-CMOP",100,50000,2,300202,50000,4.7804,0.170116513227235,0.5282010311900627,1,"Role_Separated_Credit_AOP_v3_LIRCMOP12_N100_FE50000_run2_seed300202.mat"
"s08_role_separation","Role-Separated-Credit-AOP-v3","LIRCMOP12","LIR-CMOP",100,50000,3,300203,50000,4.649,0.3554268487112308,0.4068224174575978,1,"Role_Separated_Credit_AOP_v3_LIRCMOP12_N100_FE50000_run3_seed300203.mat"
"s08_role_separation","Role-Separated-Credit-AOP-v3","LIRCMOP12","LIR-CMOP",100,50000,4,300204,50000,4.9609,0.2092624647598052,0.4986758535673128,1,"Role_Separated_Credit_AOP_v3_LIRCMOP12_N100_FE50000_run4_seed300204.mat"
"s08_role_separation","Role-Separated-Credit-AOP-v3","LIRCMOP12","LIR-CMOP",100,50000,5,300205,50000,5.8686,0.2850880068466839,0.4652606897047181,1,"Role_Separated_Credit_AOP_v3_LIRCMOP12_N100_FE50000_run5_seed300205.mat"
"s08_role_separation","Role-Separated-Credit-AOP-v3","LIRCMOP13","LIR-CMOP",100,50000,1,300301,50000,9.1557,0.09861055062283583,0.5387596899290359,1,"Role_Separated_Credit_AOP_v3_LIRCMOP13_N100_FE50000_run1_seed300301.mat"
"s08_role_separation","Role-Separated-Credit-AOP-v3","LIRCMOP13","LIR-CMOP",100,50000,2,300302,50000,8.6329,0.1002122037221379,0.5393002403432134,1,"Role_Separated_Credit_AOP_v3_LIRCMOP13_N100_FE50000_run2_seed300302.mat"
"s08_role_separation","Role-Separated-Credit-AOP-v3","LIRCMOP13","LIR-CMOP",100,50000,3,300303,50000,18.5198,0.09873670669997163,0.5406809158193093,1,"Role_Separated_Credit_AOP_v3_LIRCMOP13_N100_FE50000_run3_seed300303.mat"
"s08_role_separation","Role-Separated-Credit-AOP-v3","LIRCMOP13","LIR-CMOP",100,50000,4,300304,50000,9.0876,0.09866981375619677,0.5416192543818015,1,"Role_Separated_Credit_AOP_v3_LIRCMOP13_N100_FE50000_run4_seed300304.mat"
"s08_role_separation","Role-Separated-Credit-AOP-v3","LIRCMOP13","LIR-CMOP",100,50000,5,300305,50000,17.4309,0.101269036048167,0.5360908793325386,1,"Role_Separated_Credit_AOP_v3_LIRCMOP13_N100_FE50000_run5_seed300305.mat"
"s08_role_separation","Role-Separated-Credit-AOP-v3","LIRCMOP14","LIR-CMOP",100,50000,1,300401,50000,8.1605,0.09780622228186506,0.5501513336268797,1,"Role_Separated_Credit_AOP_v3_LIRCMOP14_N100_FE50000_run1_seed300401.mat"
"s08_role_separation","Role-Separated-Credit-AOP-v3","LIRCMOP14","LIR-CMOP",100,50000,2,300402,50000,8.1554,0.09827046291805044,0.5513869215246535,1,"Role_Separated_Credit_AOP_v3_LIRCMOP14_N100_FE50000_run2_seed300402.mat"
"s08_role_separation","Role-Separated-Credit-AOP-v3","LIRCMOP14","LIR-CMOP",100,50000,3,300403,50000,7.7504,0.09651261582678322,0.5509743440912442,1,"Role_Separated_Credit_AOP_v3_LIRCMOP14_N100_FE50000_run3_seed300403.mat"
"s08_role_separation","Role-Separated-Credit-AOP-v3","LIRCMOP14","LIR-CMOP",100,50000,4,300404,50000,14.9164,0.09661415331869637,0.5516222644535849,1,"Role_Separated_Credit_AOP_v3_LIRCMOP14_N100_FE50000_run4_seed300404.mat"
"s08_role_separation","Role-Separated-Credit-AOP-v3","LIRCMOP14","LIR-CMOP",100,50000,5,300405,50000,7.3331,0.09803910906285865,0.5515458056139866,1,"Role_Separated_Credit_AOP_v3_LIRCMOP14_N100_FE50000_run5_seed300405.mat"
"s08_role_separation","Role-Separated-Credit-AOP-v3","LIRCMOP1","LIR-CMOP",100,50000,1,299101,50000,3.8644,0.25446313774164,0.1223580902274845,1,"Role_Separated_Credit_AOP_v3_LIRCMOP1_N100_FE50000_run1_seed299101.mat"
"s08_role_separation","Role-Separated-Credit-AOP-v3","LIRCMOP1","LIR-CMOP",100,50000,2,299102,50000,3.8918,0.3100127334050406,0.1088915373450787,1,"Role_Separated_Credit_AOP_v3_LIRCMOP1_N100_FE50000_run2_seed299102.mat"
"s08_role_separation","Role-Separated-Credit-AOP-v3","LIRCMOP1","LIR-CMOP",100,50000,3,299103,50000,4.2526,0.2598878891974098,0.1181814122057753,1,"Role_Separated_Credit_AOP_v3_LIRCMOP1_N100_FE50000_run3_seed299103.mat"
"s08_role_separation","Role-Separated-Credit-AOP-v3","LIRCMOP1","LIR-CMOP",100,50000,4,299104,50000,3.3978,0.272982463514175,0.1148952588527805,1,"Role_Separated_Credit_AOP_v3_LIRCMOP1_N100_FE50000_run4_seed299104.mat"
"s08_role_separation","Role-Separated-Credit-AOP-v3","LIRCMOP1","LIR-CMOP",100,50000,5,299105,50000,4.2581,0.1834848119067552,0.1534126614676579,1,"Role_Separated_Credit_AOP_v3_LIRCMOP1_N100_FE50000_run5_seed299105.mat"
"s08_role_separation","Role-Separated-Credit-AOP-v3","LIRCMOP2","LIR-CMOP",100,50000,1,299201,50000,4.0556,0.2017767710041606,0.2363215548967939,1,"Role_Separated_Credit_AOP_v3_LIRCMOP2_N100_FE50000_run1_seed299201.mat"
"s08_role_separation","Role-Separated-Credit-AOP-v3","LIRCMOP2","LIR-CMOP",100,50000,2,299202,50000,4.0561,0.1978534529515154,0.2653871283671403,1,"Role_Separated_Credit_AOP_v3_LIRCMOP2_N100_FE50000_run2_seed299202.mat"
"s08_role_separation","Role-Separated-Credit-AOP-v3","LIRCMOP2","LIR-CMOP",100,50000,3,299203,50000,4.1209,0.08020007332312708,0.3108588733856056,1,"Role_Separated_Credit_AOP_v3_LIRCMOP2_N100_FE50000_run3_seed299203.mat"
"s08_role_separation","Role-Separated-Credit-AOP-v3","LIRCMOP2","LIR-CMOP",100,50000,4,299204,50000,5.1914,0.09531723194991887,0.3099435495630687,1,"Role_Separated_Credit_AOP_v3_LIRCMOP2_N100_FE50000_run4_seed299204.mat"
"s08_role_separation","Role-Separated-Credit-AOP-v3","LIRCMOP2","LIR-CMOP",100,50000,5,299205,50000,4.0567,0.1720813029952327,0.2645436754513793,1,"Role_Separated_Credit_AOP_v3_LIRCMOP2_N100_FE50000_run5_seed299205.mat"
"s08_role_separation","Role-Separated-Credit-AOP-v3","LIRCMOP3","LIR-CMOP",100,50000,1,299301,50000,5.0467,0.328686379273893,0.0974766392283663,1,"Role_Separated_Credit_AOP_v3_LIRCMOP3_N100_FE50000_run1_seed299301.mat"
"s08_role_separation","Role-Separated-Credit-AOP-v3","LIRCMOP3","LIR-CMOP",100,50000,2,299302,50000,3.9818,0.1647749150827965,0.1508223469140963,1,"Role_Separated_Credit_AOP_v3_LIRCMOP3_N100_FE50000_run2_seed299302.mat"
"s08_role_separation","Role-Separated-Credit-AOP-v3","LIRCMOP3","LIR-CMOP",100,50000,3,299303,50000,3.9547,0.2369900095911023,0.1139647728779833,1,"Role_Separated_Credit_AOP_v3_LIRCMOP3_N100_FE50000_run3_seed299303.mat"
"s08_role_separation","Role-Separated-Credit-AOP-v3","LIRCMOP3","LIR-CMOP",100,50000,4,299304,50000,4.0514,0.2897929263891816,0.1110846625242615,1,"Role_Separated_Credit_AOP_v3_LIRCMOP3_N100_FE50000_run4_seed299304.mat"
"s08_role_separation","Role-Separated-Credit-AOP-v3","LIRCMOP3","LIR-CMOP",100,50000,5,299305,50000,4.9911,0.1745302864175302,0.1430075091391459,1,"Role_Separated_Credit_AOP_v3_LIRCMOP3_N100_FE50000_run5_seed299305.mat"
"s08_role_separation","Role-Separated-Credit-AOP-v3","LIRCMOP4","LIR-CMOP",100,50000,1,299401,50000,4.4272,0.3023067111937549,0.1840346588882522,1,"Role_Separated_Credit_AOP_v3_LIRCMOP4_N100_FE50000_run1_seed299401.mat"
"s08_role_separation","Role-Separated-Credit-AOP-v3","LIRCMOP4","LIR-CMOP",100,50000,2,299402,50000,4.9146,0.2526202995020648,0.2082807988525828,1,"Role_Separated_Credit_AOP_v3_LIRCMOP4_N100_FE50000_run2_seed299402.mat"
"s08_role_separation","Role-Separated-Credit-AOP-v3","LIRCMOP4","LIR-CMOP",100,50000,3,299403,50000,4.1186,0.2517714758840449,0.2105386668448872,1,"Role_Separated_Credit_AOP_v3_LIRCMOP4_N100_FE50000_run3_seed299403.mat"
"s08_role_separation","Role-Separated-Credit-AOP-v3","LIRCMOP4","LIR-CMOP",100,50000,4,299404,50000,4.4056,0.3288435938890125,0.1649659934060749,1,"Role_Separated_Credit_AOP_v3_LIRCMOP4_N100_FE50000_run4_seed299404.mat"
"s08_role_separation","Role-Separated-Credit-AOP-v3","LIRCMOP4","LIR-CMOP",100,50000,5,299405,50000,4.2265,0.2612022704749841,0.2054555584612868,1,"Role_Separated_Credit_AOP_v3_LIRCMOP4_N100_FE50000_run5_seed299405.mat"
"s08_role_separation","Role-Separated-Credit-AOP-v3","LIRCMOP5","LIR-CMOP",100,50000,1,299501,50000,4.0787,0.1529723205086834,0.2254721034542256,1,"Role_Separated_Credit_AOP_v3_LIRCMOP5_N100_FE50000_run1_seed299501.mat"
"s08_role_separation","Role-Separated-Credit-AOP-v3","LIRCMOP5","LIR-CMOP",100,50000,2,299502,50000,4.0231,0.4110203394644286,0.173337228937173,1,"Role_Separated_Credit_AOP_v3_LIRCMOP5_N100_FE50000_run2_seed299502.mat"
"s08_role_separation","Role-Separated-Credit-AOP-v3","LIRCMOP5","LIR-CMOP",100,50000,3,299503,50000,5.6557,0.08681628903022708,0.2634034016509038,1,"Role_Separated_Credit_AOP_v3_LIRCMOP5_N100_FE50000_run3_seed299503.mat"
"s08_role_separation","Role-Separated-Credit-AOP-v3","LIRCMOP5","LIR-CMOP",100,50000,4,299504,50000,3.9675,1.183596147288108,0,1,"Role_Separated_Credit_AOP_v3_LIRCMOP5_N100_FE50000_run4_seed299504.mat"
"s08_role_separation","Role-Separated-Credit-AOP-v3","LIRCMOP5","LIR-CMOP",100,50000,5,299505,50000,3.9446,1.175142619049217,0,1,"Role_Separated_Credit_AOP_v3_LIRCMOP5_N100_FE50000_run5_seed299505.mat"
"s08_role_separation","Role-Separated-Credit-AOP-v3","LIRCMOP6","LIR-CMOP",100,50000,1,299601,50000,4.6654,0.2823623339332046,0.1330488078468307,1,"Role_Separated_Credit_AOP_v3_LIRCMOP6_N100_FE50000_run1_seed299601.mat"
"s08_role_separation","Role-Separated-Credit-AOP-v3","LIRCMOP6","LIR-CMOP",100,50000,2,299602,50000,5.718,0.4239468345836009,0.1056611293303812,1,"Role_Separated_Credit_AOP_v3_LIRCMOP6_N100_FE50000_run2_seed299602.mat"
"s08_role_separation","Role-Separated-Credit-AOP-v3","LIRCMOP6","LIR-CMOP",100,50000,3,299603,50000,4.5824,0.280123953256968,0.1345304283377346,1,"Role_Separated_Credit_AOP_v3_LIRCMOP6_N100_FE50000_run3_seed299603.mat"
"s08_role_separation","Role-Separated-Credit-AOP-v3","LIRCMOP6","LIR-CMOP",100,50000,4,299604,50000,4.4322,0.2397076263204117,0.1391284993045531,1,"Role_Separated_Credit_AOP_v3_LIRCMOP6_N100_FE50000_run4_seed299604.mat"
"s08_role_separation","Role-Separated-Credit-AOP-v3","LIRCMOP6","LIR-CMOP",100,50000,5,299605,50000,4.2174,0.2632508969756829,0.1350179672933583,1,"Role_Separated_Credit_AOP_v3_LIRCMOP6_N100_FE50000_run5_seed299605.mat"
"s08_role_separation","Role-Separated-Credit-AOP-v3","LIRCMOP7","LIR-CMOP",100,50000,1,299701,50000,3.7984,0.0405196053426915,0.2729182081354227,1,"Role_Separated_Credit_AOP_v3_LIRCMOP7_N100_FE50000_run1_seed299701.mat"
"s08_role_separation","Role-Separated-Credit-AOP-v3","LIRCMOP7","LIR-CMOP",100,50000,2,299702,50000,3.9086,0.01152460931715417,0.2911820864679591,1,"Role_Separated_Credit_AOP_v3_LIRCMOP7_N100_FE50000_run2_seed299702.mat"
"s08_role_separation","Role-Separated-Credit-AOP-v3","LIRCMOP7","LIR-CMOP",100,50000,3,299703,50000,4.1491,0.01096935327654763,0.2914497089762742,1,"Role_Separated_Credit_AOP_v3_LIRCMOP7_N100_FE50000_run3_seed299703.mat"
"s08_role_separation","Role-Separated-Credit-AOP-v3","LIRCMOP7","LIR-CMOP",100,50000,4,299704,50000,3.8342,0.01960583543121214,0.2876299430639648,1,"Role_Separated_Credit_AOP_v3_LIRCMOP7_N100_FE50000_run4_seed299704.mat"
"s08_role_separation","Role-Separated-Credit-AOP-v3","LIRCMOP7","LIR-CMOP",100,50000,5,299705,50000,4.078,0.09452009605032563,0.2566252377180598,1,"Role_Separated_Credit_AOP_v3_LIRCMOP7_N100_FE50000_run5_seed299705.mat"
"s08_role_separation","Role-Separated-Credit-AOP-v3","LIRCMOP8","LIR-CMOP",100,50000,1,299801,50000,3.5656,0.01204972008195835,0.291664258182433,1,"Role_Separated_Credit_AOP_v3_LIRCMOP8_N100_FE50000_run1_seed299801.mat"
"s08_role_separation","Role-Separated-Credit-AOP-v3","LIRCMOP8","LIR-CMOP",100,50000,2,299802,50000,3.5363,0.01440022652870826,0.290189963825305,1,"Role_Separated_Credit_AOP_v3_LIRCMOP8_N100_FE50000_run2_seed299802.mat"
"s08_role_separation","Role-Separated-Credit-AOP-v3","LIRCMOP8","LIR-CMOP",100,50000,3,299803,50000,3.6775,0.02942897160901892,0.2817720239564698,1,"Role_Separated_Credit_AOP_v3_LIRCMOP8_N100_FE50000_run3_seed299803.mat"
"s08_role_separation","Role-Separated-Credit-AOP-v3","LIRCMOP8","LIR-CMOP",100,50000,4,299804,50000,4.2117,0.01492742624501182,0.2904026217221475,1,"Role_Separated_Credit_AOP_v3_LIRCMOP8_N100_FE50000_run4_seed299804.mat"
"s08_role_separation","Role-Separated-Credit-AOP-v3","LIRCMOP8","LIR-CMOP",100,50000,5,299805,50000,4.2028,0.1943499006440496,0.2482424705701531,1,"Role_Separated_Credit_AOP_v3_LIRCMOP8_N100_FE50000_run5_seed299805.mat"
"s08_role_separation","Role-Separated-Credit-AOP-v3","LIRCMOP9","LIR-CMOP",100,50000,1,299901,50000,8.084,0.5067407533136062,0.3574586104189297,1,"Role_Separated_Credit_AOP_v3_LIRCMOP9_N100_FE50000_run1_seed299901.mat"
"s08_role_separation","Role-Separated-Credit-AOP-v3","LIRCMOP9","LIR-CMOP",100,50000,2,299902,50000,6.1616,0.5063870388233395,0.3577905769080217,1,"Role_Separated_Credit_AOP_v3_LIRCMOP9_N100_FE50000_run2_seed299902.mat"
"s08_role_separation","Role-Separated-Credit-AOP-v3","LIRCMOP9","LIR-CMOP",100,50000,3,299903,50000,6.4641,0.5066659766400533,0.357274556744483,1,"Role_Separated_Credit_AOP_v3_LIRCMOP9_N100_FE50000_run3_seed299903.mat"
"s08_role_separation","Role-Separated-Credit-AOP-v3","LIRCMOP9","LIR-CMOP",100,50000,4,299904,50000,5.8688,0.4218142605732316,0.3858258056729881,1,"Role_Separated_Credit_AOP_v3_LIRCMOP9_N100_FE50000_run4_seed299904.mat"
"s08_role_separation","Role-Separated-Credit-AOP-v3","LIRCMOP9","LIR-CMOP",100,50000,5,299905,50000,8.4847,0.5080289520318436,0.3545942327549341,1,"Role_Separated_Credit_AOP_v3_LIRCMOP9_N100_FE50000_run5_seed299905.mat"
"s08_role_separation","Role-Separated-Credit-AOP-v4","CF10","CF",100,50000,1,309001,50000,13.9971,0.3111248234059716,0.1855552934196056,1,"Role_Separated_Credit_AOP_v4_CF10_N100_FE50000_run1_seed309001.mat"
"s08_role_separation","Role-Separated-Credit-AOP-v4","CF10","CF",100,50000,2,309002,50000,5.3949,0.3082205238595342,0.2051407344658543,1,"Role_Separated_Credit_AOP_v4_CF10_N100_FE50000_run2_seed309002.mat"
"s08_role_separation","Role-Separated-Credit-AOP-v4","CF10","CF",100,50000,3,309003,50000,4.7748,0.1859608400029829,0.2598329906421963,1,"Role_Separated_Credit_AOP_v4_CF10_N100_FE50000_run3_seed309003.mat"
"s08_role_separation","Role-Separated-Credit-AOP-v4","CF10","CF",100,50000,4,309004,50000,4.7554,0.2972387036546902,0.2082571079221578,1,"Role_Separated_Credit_AOP_v4_CF10_N100_FE50000_run4_seed309004.mat"
"s08_role_separation","Role-Separated-Credit-AOP-v4","CF10","CF",100,50000,5,309005,50000,7.4223,0.2161456072505554,0.2100724735102318,1,"Role_Separated_Credit_AOP_v4_CF10_N100_FE50000_run5_seed309005.mat"
"s08_role_separation","Role-Separated-Credit-AOP-v4","CF1","CF",100,50000,1,308101,50000,6.266,0.004856576853656018,0.5601876916140676,1,"Role_Separated_Credit_AOP_v4_CF1_N100_FE50000_run1_seed308101.mat"
"s08_role_separation","Role-Separated-Credit-AOP-v4","CF1","CF",100,50000,2,308102,50000,7.0704,0.005383520250700291,0.5596011498564472,1,"Role_Separated_Credit_AOP_v4_CF1_N100_FE50000_run2_seed308102.mat"
"s08_role_separation","Role-Separated-Credit-AOP-v4","CF1","CF",100,50000,3,308103,50000,4.6941,0.005795880959801797,0.5591456981236549,1,"Role_Separated_Credit_AOP_v4_CF1_N100_FE50000_run3_seed308103.mat"
"s08_role_separation","Role-Separated-Credit-AOP-v4","CF1","CF",100,50000,4,308104,50000,7.6505,0.006066906852724739,0.5588084739871231,1,"Role_Separated_Credit_AOP_v4_CF1_N100_FE50000_run4_seed308104.mat"
"s08_role_separation","Role-Separated-Credit-AOP-v4","CF1","CF",100,50000,5,308105,50000,4.6934,0.004366059599968094,0.5607900843129715,1,"Role_Separated_Credit_AOP_v4_CF1_N100_FE50000_run5_seed308105.mat"
"s08_role_separation","Role-Separated-Credit-AOP-v4","CF2","CF",100,50000,1,308201,50000,4.6298,0.02560785137753107,0.6518906462170089,1,"Role_Separated_Credit_AOP_v4_CF2_N100_FE50000_run1_seed308201.mat"
"s08_role_separation","Role-Separated-Credit-AOP-v4","CF2","CF",100,50000,2,308202,50000,5.2013,0.02253187039944679,0.65765816612672,1,"Role_Separated_Credit_AOP_v4_CF2_N100_FE50000_run2_seed308202.mat"
"s08_role_separation","Role-Separated-Credit-AOP-v4","CF2","CF",100,50000,3,308203,50000,6.6793,0.01374076219250957,0.6621301879769292,1,"Role_Separated_Credit_AOP_v4_CF2_N100_FE50000_run3_seed308203.mat"
"s08_role_separation","Role-Separated-Credit-AOP-v4","CF2","CF",100,50000,4,308204,50000,4.9194,0.01000862999654397,0.6675838890531958,1,"Role_Separated_Credit_AOP_v4_CF2_N100_FE50000_run4_seed308204.mat"
"s08_role_separation","Role-Separated-Credit-AOP-v4","CF2","CF",100,50000,5,308205,50000,7.56,0.007005453353022043,0.6690460389879105,1,"Role_Separated_Credit_AOP_v4_CF2_N100_FE50000_run5_seed308205.mat"
"s08_role_separation","Role-Separated-Credit-AOP-v4","CF3","CF",100,50000,1,308301,50000,4.5504,0.1228371889441862,0.2682814354123236,1,"Role_Separated_Credit_AOP_v4_CF3_N100_FE50000_run1_seed308301.mat"
"s08_role_separation","Role-Separated-Credit-AOP-v4","CF3","CF",100,50000,2,308302,50000,4.0463,0.09760633232122326,0.2788308071054618,1,"Role_Separated_Credit_AOP_v4_CF3_N100_FE50000_run2_seed308302.mat"
"s08_role_separation","Role-Separated-Credit-AOP-v4","CF3","CF",100,50000,3,308303,50000,4.3725,0.1164040289811695,0.3024206598248142,1,"Role_Separated_Credit_AOP_v4_CF3_N100_FE50000_run3_seed308303.mat"
"s08_role_separation","Role-Separated-Credit-AOP-v4","CF3","CF",100,50000,4,308304,50000,5.2984,0.1245899515965875,0.296117519154132,1,"Role_Separated_Credit_AOP_v4_CF3_N100_FE50000_run4_seed308304.mat"
"s08_role_separation","Role-Separated-Credit-AOP-v4","CF3","CF",100,50000,5,308305,50000,3.826,0.4351562140455454,0.1735537189533466,1,"Role_Separated_Credit_AOP_v4_CF3_N100_FE50000_run5_seed308305.mat"
"s08_role_separation","Role-Separated-Credit-AOP-v4","CF4","CF",100,50000,1,308401,50000,5.9463,0.06605743815162025,0.4463199560221679,1,"Role_Separated_Credit_AOP_v4_CF4_N100_FE50000_run1_seed308401.mat"
"s08_role_separation","Role-Separated-Credit-AOP-v4","CF4","CF",100,50000,2,308402,50000,4.3674,0.03671078711953751,0.4891858134957094,1,"Role_Separated_Credit_AOP_v4_CF4_N100_FE50000_run2_seed308402.mat"
"s08_role_separation","Role-Separated-Credit-AOP-v4","CF4","CF",100,50000,3,308403,50000,4.315,0.03912465556269358,0.486897323618218,1,"Role_Separated_Credit_AOP_v4_CF4_N100_FE50000_run3_seed308403.mat"
"s08_role_separation","Role-Separated-Credit-AOP-v4","CF4","CF",100,50000,4,308404,50000,4.5013,0.05375954053418588,0.4636524992961149,1,"Role_Separated_Credit_AOP_v4_CF4_N100_FE50000_run4_seed308404.mat"
"s08_role_separation","Role-Separated-Credit-AOP-v4","CF4","CF",100,50000,5,308405,50000,6.588,0.04462500599137875,0.4726420999861741,1,"Role_Separated_Credit_AOP_v4_CF4_N100_FE50000_run5_seed308405.mat"
"s08_role_separation","Role-Separated-Credit-AOP-v4","CF5","CF",100,50000,1,308501,50000,4.9411,0.1071948226417374,0.4031470046648836,1,"Role_Separated_Credit_AOP_v4_CF5_N100_FE50000_run1_seed308501.mat"
"s08_role_separation","Role-Separated-Credit-AOP-v4","CF5","CF",100,50000,2,308502,50000,6.9028,0.2217526308765971,0.3739536457706555,1,"Role_Separated_Credit_AOP_v4_CF5_N100_FE50000_run2_seed308502.mat"
"s08_role_separation","Role-Separated-Credit-AOP-v4","CF5","CF",100,50000,3,308503,50000,4.3875,0.1525796128601516,0.3573806365155865,1,"Role_Separated_Credit_AOP_v4_CF5_N100_FE50000_run3_seed308503.mat"
"s08_role_separation","Role-Separated-Credit-AOP-v4","CF5","CF",100,50000,4,308504,50000,5.2032,0.2120604410133446,0.3144467081025503,1,"Role_Separated_Credit_AOP_v4_CF5_N100_FE50000_run4_seed308504.mat"
"s08_role_separation","Role-Separated-Credit-AOP-v4","CF5","CF",100,50000,5,308505,50000,6.0852,0.4165532144366138,0.1642761255294412,1,"Role_Separated_Credit_AOP_v4_CF5_N100_FE50000_run5_seed308505.mat"
"s08_role_separation","Role-Separated-Credit-AOP-v4","CF6","CF",100,50000,1,308601,50000,9.4443,0.04490421141859727,0.6468449483614438,1,"Role_Separated_Credit_AOP_v4_CF6_N100_FE50000_run1_seed308601.mat"
"s08_role_separation","Role-Separated-Credit-AOP-v4","CF6","CF",100,50000,2,308602,50000,5.7101,0.04141456312285158,0.6562654119208282,1,"Role_Separated_Credit_AOP_v4_CF6_N100_FE50000_run2_seed308602.mat"
"s08_role_separation","Role-Separated-Credit-AOP-v4","CF6","CF",100,50000,3,308603,50000,8.4469,0.02960615816447095,0.6703189534464828,1,"Role_Separated_Credit_AOP_v4_CF6_N100_FE50000_run3_seed308603.mat"
"s08_role_separation","Role-Separated-Credit-AOP-v4","CF6","CF",100,50000,4,308604,50000,5.7087,0.03621540439408363,0.6713343248097882,1,"Role_Separated_Credit_AOP_v4_CF6_N100_FE50000_run4_seed308604.mat"
"s08_role_separation","Role-Separated-Credit-AOP-v4","CF6","CF",100,50000,5,308605,50000,5.9095,0.1347870757515708,0.6298891958880646,1,"Role_Separated_Credit_AOP_v4_CF6_N100_FE50000_run5_seed308605.mat"
"s08_role_separation","Role-Separated-Credit-AOP-v4","CF7","CF",100,50000,1,308701,50000,4.8802,0.1469484252211083,0.4951346124956819,1,"Role_Separated_Credit_AOP_v4_CF7_N100_FE50000_run1_seed308701.mat"
"s08_role_separation","Role-Separated-Credit-AOP-v4","CF7","CF",100,50000,2,308702,50000,6.626,0.3966036410978456,0.4168810775853995,1,"Role_Separated_Credit_AOP_v4_CF7_N100_FE50000_run2_seed308702.mat"
"s08_role_separation","Role-Separated-Credit-AOP-v4","CF7","CF",100,50000,3,308703,50000,4.2738,0.1211258573043997,0.5682933914674322,1,"Role_Separated_Credit_AOP_v4_CF7_N100_FE50000_run3_seed308703.mat"
"s08_role_separation","Role-Separated-Credit-AOP-v4","CF7","CF",100,50000,4,308704,50000,5.3829,0.2212629596147438,0.545293547779979,1,"Role_Separated_Credit_AOP_v4_CF7_N100_FE50000_run4_seed308704.mat"
"s08_role_separation","Role-Separated-Credit-AOP-v4","CF7","CF",100,50000,5,308705,50000,4.1328,0.1232349586125888,0.5483612196931877,1,"Role_Separated_Credit_AOP_v4_CF7_N100_FE50000_run5_seed308705.mat"
"s08_role_separation","Role-Separated-Credit-AOP-v4","CF8","CF",100,50000,1,308801,50000,4.1941,0.2078361315926028,0.3144670677143601,1,"Role_Separated_Credit_AOP_v4_CF8_N100_FE50000_run1_seed308801.mat"
"s08_role_separation","Role-Separated-Credit-AOP-v4","CF8","CF",100,50000,2,308802,50000,4.7316,0.1874746129525705,0.3157731249306746,1,"Role_Separated_Credit_AOP_v4_CF8_N100_FE50000_run2_seed308802.mat"
"s08_role_separation","Role-Separated-Credit-AOP-v4","CF8","CF",100,50000,3,308803,50000,6.2994,0.1459075062875101,0.359294412853259,1,"Role_Separated_Credit_AOP_v4_CF8_N100_FE50000_run3_seed308803.mat"
"s08_role_separation","Role-Separated-Credit-AOP-v4","CF8","CF",100,50000,4,308804,50000,3.9815,0.1363858798242658,0.3726346239308071,1,"Role_Separated_Credit_AOP_v4_CF8_N100_FE50000_run4_seed308804.mat"
"s08_role_separation","Role-Separated-Credit-AOP-v4","CF8","CF",100,50000,5,308805,50000,6.9553,0.1892033052798248,0.3053308688248011,1,"Role_Separated_Credit_AOP_v4_CF8_N100_FE50000_run5_seed308805.mat"
"s08_role_separation","Role-Separated-Credit-AOP-v4","CF9","CF",100,50000,1,308901,50000,5.0656,0.109247455931184,0.4185524674832061,1,"Role_Separated_Credit_AOP_v4_CF9_N100_FE50000_run1_seed308901.mat"
"s08_role_separation","Role-Separated-Credit-AOP-v4","CF9","CF",100,50000,2,308902,50000,5.16,0.09966457555012108,0.4161357377760534,1,"Role_Separated_Credit_AOP_v4_CF9_N100_FE50000_run2_seed308902.mat"
"s08_role_separation","Role-Separated-Credit-AOP-v4","CF9","CF",100,50000,3,308903,50000,5.6389,0.101629577860936,0.4161953786204061,1,"Role_Separated_Credit_AOP_v4_CF9_N100_FE50000_run3_seed308903.mat"
"s08_role_separation","Role-Separated-Credit-AOP-v4","CF9","CF",100,50000,4,308904,50000,8.9923,0.0909156627602877,0.4190936785598565,1,"Role_Separated_Credit_AOP_v4_CF9_N100_FE50000_run4_seed308904.mat"
"s08_role_separation","Role-Separated-Credit-AOP-v4","CF9","CF",100,50000,5,308905,50000,5.4471,0.09472211694749701,0.4216665127428058,1,"Role_Separated_Credit_AOP_v4_CF9_N100_FE50000_run5_seed308905.mat"
"s08_role_separation","Role-Separated-Credit-AOP-v4","DASCMOP1","DAS-CMOP",100,50000,1,310501,50000,3.9291,0.006207137736436193,0.2093668790047173,1,"Role_Separated_Credit_AOP_v4_DASCMOP1_N100_FE50000_run1_seed310501.mat"
"s08_role_separation","Role-Separated-Credit-AOP-v4","DASCMOP1","DAS-CMOP",100,50000,2,310502,50000,4.366,0.01013724217427207,0.2075709329570383,1,"Role_Separated_Credit_AOP_v4_DASCMOP1_N100_FE50000_run2_seed310502.mat"
"s08_role_separation","Role-Separated-Credit-AOP-v4","DASCMOP1","DAS-CMOP",100,50000,3,310503,50000,3.5329,0.009046939379955423,0.2104013700529018,1,"Role_Separated_Credit_AOP_v4_DASCMOP1_N100_FE50000_run3_seed310503.mat"
"s08_role_separation","Role-Separated-Credit-AOP-v4","DASCMOP1","DAS-CMOP",100,50000,4,310504,50000,4.3767,0.006268421741188576,0.208671896001216,1,"Role_Separated_Credit_AOP_v4_DASCMOP1_N100_FE50000_run4_seed310504.mat"
"s08_role_separation","Role-Separated-Credit-AOP-v4","DASCMOP1","DAS-CMOP",100,50000,5,310505,50000,3.638,0.008439157668342676,0.2112341740567655,1,"Role_Separated_Credit_AOP_v4_DASCMOP1_N100_FE50000_run5_seed310505.mat"
"s08_role_separation","Role-Separated-Credit-AOP-v4","DASCMOP2","DAS-CMOP",100,50000,1,310601,50000,3.6401,0.00888406304520043,0.3520996614069128,1,"Role_Separated_Credit_AOP_v4_DASCMOP2_N100_FE50000_run1_seed310601.mat"
"s08_role_separation","Role-Separated-Credit-AOP-v4","DASCMOP2","DAS-CMOP",100,50000,2,310602,50000,3.8273,0.007235064424271644,0.3530672617402468,1,"Role_Separated_Credit_AOP_v4_DASCMOP2_N100_FE50000_run2_seed310602.mat"
"s08_role_separation","Role-Separated-Credit-AOP-v4","DASCMOP2","DAS-CMOP",100,50000,3,310603,50000,4.174,0.01021833858195135,0.3507938766879378,1,"Role_Separated_Credit_AOP_v4_DASCMOP2_N100_FE50000_run3_seed310603.mat"
"s08_role_separation","Role-Separated-Credit-AOP-v4","DASCMOP2","DAS-CMOP",100,50000,4,310604,50000,3.2111,0.01038259426611945,0.3513371936558789,1,"Role_Separated_Credit_AOP_v4_DASCMOP2_N100_FE50000_run4_seed310604.mat"
"s08_role_separation","Role-Separated-Credit-AOP-v4","DASCMOP2","DAS-CMOP",100,50000,5,310605,50000,4.0756,0.01016555094717591,0.3512142204479968,1,"Role_Separated_Credit_AOP_v4_DASCMOP2_N100_FE50000_run5_seed310605.mat"
"s08_role_separation","Role-Separated-Credit-AOP-v4","DASCMOP3","DAS-CMOP",100,50000,1,310701,50000,3.5112,0.02097029608116255,0.3105610205551279,1,"Role_Separated_Credit_AOP_v4_DASCMOP3_N100_FE50000_run1_seed310701.mat"
"s08_role_separation","Role-Separated-Credit-AOP-v4","DASCMOP3","DAS-CMOP",100,50000,2,310702,50000,3.4952,0.05151096252540181,0.2841280281827945,1,"Role_Separated_Credit_AOP_v4_DASCMOP3_N100_FE50000_run2_seed310702.mat"
"s08_role_separation","Role-Separated-Credit-AOP-v4","DASCMOP3","DAS-CMOP",100,50000,3,310703,50000,3.6559,0.04957124391746891,0.287802734072067,1,"Role_Separated_Credit_AOP_v4_DASCMOP3_N100_FE50000_run3_seed310703.mat"
"s08_role_separation","Role-Separated-Credit-AOP-v4","DASCMOP3","DAS-CMOP",100,50000,4,310704,50000,4.0631,0.02166979348493051,0.3095474391971285,1,"Role_Separated_Credit_AOP_v4_DASCMOP3_N100_FE50000_run4_seed310704.mat"
"s08_role_separation","Role-Separated-Credit-AOP-v4","DASCMOP3","DAS-CMOP",100,50000,5,310705,50000,3.1564,0.02145894766539794,0.3085319308579724,1,"Role_Separated_Credit_AOP_v4_DASCMOP3_N100_FE50000_run5_seed310705.mat"
"s08_role_separation","Role-Separated-Credit-AOP-v4","DASCMOP4","DAS-CMOP",100,50000,1,310801,50000,3.4909,0.7215582038229693,0.0022839679552061,1,"Role_Separated_Credit_AOP_v4_DASCMOP4_N100_FE50000_run1_seed310801.mat"
"s08_role_separation","Role-Separated-Credit-AOP-v4","DASCMOP4","DAS-CMOP",100,50000,2,310802,50000,3.3439,0.2917753770760083,0.08236121314353814,1,"Role_Separated_Credit_AOP_v4_DASCMOP4_N100_FE50000_run2_seed310802.mat"
"s08_role_separation","Role-Separated-Credit-AOP-v4","DASCMOP4","DAS-CMOP",100,50000,3,310803,50000,3.3944,0.6189700601547786,0.00403960673264809,1,"Role_Separated_Credit_AOP_v4_DASCMOP4_N100_FE50000_run3_seed310803.mat"
"s08_role_separation","Role-Separated-Credit-AOP-v4","DASCMOP4","DAS-CMOP",100,50000,4,310804,50000,3.4996,1.214837227656353,0,0.01,"Role_Separated_Credit_AOP_v4_DASCMOP4_N100_FE50000_run4_seed310804.mat"
"s08_role_separation","Role-Separated-Credit-AOP-v4","DASCMOP4","DAS-CMOP",100,50000,5,310805,50000,3.6355,0.5637948665006417,0.00698804285985649,1,"Role_Separated_Credit_AOP_v4_DASCMOP4_N100_FE50000_run5_seed310805.mat"
"s08_role_separation","Role-Separated-Credit-AOP-v4","DASCMOP5","DAS-CMOP",100,50000,1,310901,50000,2.8714,0.5687140944691446,0.05476731532637679,1,"Role_Separated_Credit_AOP_v4_DASCMOP5_N100_FE50000_run1_seed310901.mat"
"s08_role_separation","Role-Separated-Credit-AOP-v4","DASCMOP5","DAS-CMOP",100,50000,2,310902,50000,3.5636,0.6291336752458511,0.04585546979410205,1,"Role_Separated_Credit_AOP_v4_DASCMOP5_N100_FE50000_run2_seed310902.mat"
"s08_role_separation","Role-Separated-Credit-AOP-v4","DASCMOP5","DAS-CMOP",100,50000,3,310903,50000,3.3617,0.6920443277987128,0.03411430458151511,1,"Role_Separated_Credit_AOP_v4_DASCMOP5_N100_FE50000_run3_seed310903.mat"
"s08_role_separation","Role-Separated-Credit-AOP-v4","DASCMOP5","DAS-CMOP",100,50000,4,310904,50000,3.3099,0.5016296661036146,0.07034447989266469,1,"Role_Separated_Credit_AOP_v4_DASCMOP5_N100_FE50000_run4_seed310904.mat"
"s08_role_separation","Role-Separated-Credit-AOP-v4","DASCMOP5","DAS-CMOP",100,50000,5,310905,50000,3.6793,0.6717817363725653,0.04082381680214178,1,"Role_Separated_Credit_AOP_v4_DASCMOP5_N100_FE50000_run5_seed310905.mat"
"s08_role_separation","Role-Separated-Credit-AOP-v4","DASCMOP6","DAS-CMOP",100,50000,1,311001,50000,3.5703,NaN,NaN,0,"Role_Separated_Credit_AOP_v4_DASCMOP6_N100_FE50000_run1_seed311001.mat"
"s08_role_separation","Role-Separated-Credit-AOP-v4","DASCMOP6","DAS-CMOP",100,50000,2,311002,50000,2.7929,0.583587776411882,0.0402826792429139,1,"Role_Separated_Credit_AOP_v4_DASCMOP6_N100_FE50000_run2_seed311002.mat"
"s08_role_separation","Role-Separated-Credit-AOP-v4","DASCMOP6","DAS-CMOP",100,50000,3,311003,50000,3.5252,0.7631930487895568,0.01683061831452431,1,"Role_Separated_Credit_AOP_v4_DASCMOP6_N100_FE50000_run3_seed311003.mat"
"s08_role_separation","Role-Separated-Credit-AOP-v4","DASCMOP6","DAS-CMOP",100,50000,4,311004,50000,3.4098,0.6738274423195255,0.02975399924474868,1,"Role_Separated_Credit_AOP_v4_DASCMOP6_N100_FE50000_run4_seed311004.mat"
"s08_role_separation","Role-Separated-Credit-AOP-v4","DASCMOP6","DAS-CMOP",100,50000,5,311005,50000,3.3414,0.7344603017824222,0.02118879950885308,1,"Role_Separated_Credit_AOP_v4_DASCMOP6_N100_FE50000_run5_seed311005.mat"
"s08_role_separation","Role-Separated-Credit-AOP-v4","DASCMOP7","DAS-CMOP",100,50000,1,311101,50000,4.3378,0.6168694683278986,0.05995783002255844,1,"Role_Separated_Credit_AOP_v4_DASCMOP7_N100_FE50000_run1_seed311101.mat"
"s08_role_separation","Role-Separated-Credit-AOP-v4","DASCMOP7","DAS-CMOP",100,50000,2,311102,50000,4.2067,0.1019727349755876,0.248842648544397,1,"Role_Separated_Credit_AOP_v4_DASCMOP7_N100_FE50000_run2_seed311102.mat"
"s08_role_separation","Role-Separated-Credit-AOP-v4","DASCMOP7","DAS-CMOP",100,50000,3,311103,50000,3.0379,0.4979388614203848,0.08626326262987447,1,"Role_Separated_Credit_AOP_v4_DASCMOP7_N100_FE50000_run3_seed311103.mat"
"s08_role_separation","Role-Separated-Credit-AOP-v4","DASCMOP7","DAS-CMOP",100,50000,4,311104,50000,3.6369,1.093793769545791,0.002375551998168532,1,"Role_Separated_Credit_AOP_v4_DASCMOP7_N100_FE50000_run4_seed311104.mat"
"s08_role_separation","Role-Separated-Credit-AOP-v4","DASCMOP7","DAS-CMOP",100,50000,5,311105,50000,3.7571,0.6911571427831046,0.04516445688726272,1,"Role_Separated_Credit_AOP_v4_DASCMOP7_N100_FE50000_run5_seed311105.mat"
"s08_role_separation","Role-Separated-Credit-AOP-v4","DASCMOP8","DAS-CMOP",100,50000,1,311201,50000,3.1632,0.865745007515981,0,1,"Role_Separated_Credit_AOP_v4_DASCMOP8_N100_FE50000_run1_seed311201.mat"
"s08_role_separation","Role-Separated-Credit-AOP-v4","DASCMOP8","DAS-CMOP",100,50000,2,311202,50000,3.94,0.1514000285378011,0.1341210936010095,1,"Role_Separated_Credit_AOP_v4_DASCMOP8_N100_FE50000_run2_seed311202.mat"
"s08_role_separation","Role-Separated-Credit-AOP-v4","DASCMOP8","DAS-CMOP",100,50000,3,311203,50000,3.6894,0.4892192984755179,0.008437263453643358,1,"Role_Separated_Credit_AOP_v4_DASCMOP8_N100_FE50000_run3_seed311203.mat"
"s08_role_separation","Role-Separated-Credit-AOP-v4","DASCMOP8","DAS-CMOP",100,50000,4,311204,50000,3.0479,0.6195013913670557,0.003415572966514828,1,"Role_Separated_Credit_AOP_v4_DASCMOP8_N100_FE50000_run4_seed311204.mat"
"s08_role_separation","Role-Separated-Credit-AOP-v4","DASCMOP8","DAS-CMOP",100,50000,5,311205,50000,3.8477,0.2824900367257881,0.07126984993839525,1,"Role_Separated_Credit_AOP_v4_DASCMOP8_N100_FE50000_run5_seed311205.mat"
"s08_role_separation","Role-Separated-Credit-AOP-v4","DASCMOP9","DAS-CMOP",100,50000,1,311301,50000,3.6143,0.05261154034752691,0.2033009709009213,1,"Role_Separated_Credit_AOP_v4_DASCMOP9_N100_FE50000_run1_seed311301.mat"
"s08_role_separation","Role-Separated-Credit-AOP-v4","DASCMOP9","DAS-CMOP",100,50000,2,311302,50000,3.545,0.05779065427156827,0.2024252120137924,1,"Role_Separated_Credit_AOP_v4_DASCMOP9_N100_FE50000_run2_seed311302.mat"
"s08_role_separation","Role-Separated-Credit-AOP-v4","DASCMOP9","DAS-CMOP",100,50000,3,311303,50000,3.7533,0.04964500448101356,0.2047503365158128,1,"Role_Separated_Credit_AOP_v4_DASCMOP9_N100_FE50000_run3_seed311303.mat"
"s08_role_separation","Role-Separated-Credit-AOP-v4","DASCMOP9","DAS-CMOP",100,50000,4,311304,50000,4.8662,0.04394512754211431,0.2041161636914278,1,"Role_Separated_Credit_AOP_v4_DASCMOP9_N100_FE50000_run4_seed311304.mat"
"s08_role_separation","Role-Separated-Credit-AOP-v4","DASCMOP9","DAS-CMOP",100,50000,5,311305,50000,3.3521,0.05113912537443853,0.2032739751968809,1,"Role_Separated_Credit_AOP_v4_DASCMOP9_N100_FE50000_run5_seed311305.mat"
"s08_role_separation","Role-Separated-Credit-AOP-v4","LIRCMOP10","LIR-CMOP",100,50000,1,310001,50000,5.6587,0.2238728401702011,0.5957532881825123,1,"Role_Separated_Credit_AOP_v4_LIRCMOP10_N100_FE50000_run1_seed310001.mat"
"s08_role_separation","Role-Separated-Credit-AOP-v4","LIRCMOP10","LIR-CMOP",100,50000,2,310002,50000,6.9634,0.231782725567619,0.5854429420611806,1,"Role_Separated_Credit_AOP_v4_LIRCMOP10_N100_FE50000_run2_seed310002.mat"
"s08_role_separation","Role-Separated-Credit-AOP-v4","LIRCMOP10","LIR-CMOP",100,50000,3,310003,50000,10.1853,0.2233608816706378,0.5988535860326153,1,"Role_Separated_Credit_AOP_v4_LIRCMOP10_N100_FE50000_run3_seed310003.mat"
"s08_role_separation","Role-Separated-Credit-AOP-v4","LIRCMOP10","LIR-CMOP",100,50000,4,310004,50000,7.0165,0.2198818969758187,0.5970153325431534,1,"Role_Separated_Credit_AOP_v4_LIRCMOP10_N100_FE50000_run4_seed310004.mat"
"s08_role_separation","Role-Separated-Credit-AOP-v4","LIRCMOP10","LIR-CMOP",100,50000,5,310005,50000,9.7255,0.2386806100467121,0.582759041559469,1,"Role_Separated_Credit_AOP_v4_LIRCMOP10_N100_FE50000_run5_seed310005.mat"
"s08_role_separation","Role-Separated-Credit-AOP-v4","LIRCMOP11","LIR-CMOP",100,50000,1,310101,50000,5.4204,0.143846248992382,0.6007273202471792,1,"Role_Separated_Credit_AOP_v4_LIRCMOP11_N100_FE50000_run1_seed310101.mat"
"s08_role_separation","Role-Separated-Credit-AOP-v4","LIRCMOP11","LIR-CMOP",100,50000,2,310102,50000,5.0829,0.08477650587479506,0.6487005340305969,1,"Role_Separated_Credit_AOP_v4_LIRCMOP11_N100_FE50000_run2_seed310102.mat"
"s08_role_separation","Role-Separated-Credit-AOP-v4","LIRCMOP11","LIR-CMOP",100,50000,3,310103,50000,5.5622,0.08297413004823133,0.649018117897609,1,"Role_Separated_Credit_AOP_v4_LIRCMOP11_N100_FE50000_run3_seed310103.mat"
"s08_role_separation","Role-Separated-Credit-AOP-v4","LIRCMOP11","LIR-CMOP",100,50000,4,310104,50000,8.2862,0.07251600561047611,0.6595165671024684,1,"Role_Separated_Credit_AOP_v4_LIRCMOP11_N100_FE50000_run4_seed310104.mat"
"s08_role_separation","Role-Separated-Credit-AOP-v4","LIRCMOP11","LIR-CMOP",100,50000,5,310105,50000,5.5165,0.1446892309823427,0.6003153156860426,1,"Role_Separated_Credit_AOP_v4_LIRCMOP11_N100_FE50000_run5_seed310105.mat"
"s08_role_separation","Role-Separated-Credit-AOP-v4","LIRCMOP12","LIR-CMOP",100,50000,1,310201,50000,4.8158,0.1746733595118037,0.5194730766188601,1,"Role_Separated_Credit_AOP_v4_LIRCMOP12_N100_FE50000_run1_seed310201.mat"
"s08_role_separation","Role-Separated-Credit-AOP-v4","LIRCMOP12","LIR-CMOP",100,50000,2,310202,50000,4.0548,0.1598617586380856,0.5364182357276315,1,"Role_Separated_Credit_AOP_v4_LIRCMOP12_N100_FE50000_run2_seed310202.mat"
"s08_role_separation","Role-Separated-Credit-AOP-v4","LIRCMOP12","LIR-CMOP",100,50000,3,310203,50000,3.8439,0.1596257927745971,0.5349748836245258,1,"Role_Separated_Credit_AOP_v4_LIRCMOP12_N100_FE50000_run3_seed310203.mat"
"s08_role_separation","Role-Separated-Credit-AOP-v4","LIRCMOP12","LIR-CMOP",100,50000,4,310204,50000,4.0288,0.1950305467061249,0.5086309299146412,1,"Role_Separated_Credit_AOP_v4_LIRCMOP12_N100_FE50000_run4_seed310204.mat"
"s08_role_separation","Role-Separated-Credit-AOP-v4","LIRCMOP12","LIR-CMOP",100,50000,5,310205,50000,6.0246,0.29063406317993,0.4609689265262208,1,"Role_Separated_Credit_AOP_v4_LIRCMOP12_N100_FE50000_run5_seed310205.mat"
"s08_role_separation","Role-Separated-Credit-AOP-v4","LIRCMOP13","LIR-CMOP",100,50000,1,310301,50000,8.7812,0.1006587572624364,0.5382654524370606,1,"Role_Separated_Credit_AOP_v4_LIRCMOP13_N100_FE50000_run1_seed310301.mat"
"s08_role_separation","Role-Separated-Credit-AOP-v4","LIRCMOP13","LIR-CMOP",100,50000,2,310302,50000,18.9627,0.1026224012174659,0.5366421039944951,1,"Role_Separated_Credit_AOP_v4_LIRCMOP13_N100_FE50000_run2_seed310302.mat"
"s08_role_separation","Role-Separated-Credit-AOP-v4","LIRCMOP13","LIR-CMOP",100,50000,3,310303,50000,8.6121,0.09832777062748679,0.5413975206785557,1,"Role_Separated_Credit_AOP_v4_LIRCMOP13_N100_FE50000_run3_seed310303.mat"
"s08_role_separation","Role-Separated-Credit-AOP-v4","LIRCMOP13","LIR-CMOP",100,50000,4,310304,50000,8.9416,0.1001095607738207,0.5371933776189309,1,"Role_Separated_Credit_AOP_v4_LIRCMOP13_N100_FE50000_run4_seed310304.mat"
"s08_role_separation","Role-Separated-Credit-AOP-v4","LIRCMOP13","LIR-CMOP",100,50000,5,310305,50000,8.8917,0.1021938667503061,0.5396010360459669,1,"Role_Separated_Credit_AOP_v4_LIRCMOP13_N100_FE50000_run5_seed310305.mat"
"s08_role_separation","Role-Separated-Credit-AOP-v4","LIRCMOP14","LIR-CMOP",100,50000,1,310401,50000,14.6334,0.09836018622867358,0.5523894733125725,1,"Role_Separated_Credit_AOP_v4_LIRCMOP14_N100_FE50000_run1_seed310401.mat"
"s08_role_separation","Role-Separated-Credit-AOP-v4","LIRCMOP14","LIR-CMOP",100,50000,2,310402,50000,7.6939,0.09830090688370231,0.5486528268409517,1,"Role_Separated_Credit_AOP_v4_LIRCMOP14_N100_FE50000_run2_seed310402.mat"
"s08_role_separation","Role-Separated-Credit-AOP-v4","LIRCMOP14","LIR-CMOP",100,50000,3,310403,50000,14.7439,0.09729633145984889,0.5499145009024039,1,"Role_Separated_Credit_AOP_v4_LIRCMOP14_N100_FE50000_run3_seed310403.mat"
"s08_role_separation","Role-Separated-Credit-AOP-v4","LIRCMOP14","LIR-CMOP",100,50000,4,310404,50000,7.903,0.09648646609542262,0.5535442578320042,1,"Role_Separated_Credit_AOP_v4_LIRCMOP14_N100_FE50000_run4_seed310404.mat"
"s08_role_separation","Role-Separated-Credit-AOP-v4","LIRCMOP14","LIR-CMOP",100,50000,5,310405,50000,7.6359,0.09827732928435755,0.5501389608619749,1,"Role_Separated_Credit_AOP_v4_LIRCMOP14_N100_FE50000_run5_seed310405.mat"
"s08_role_separation","Role-Separated-Credit-AOP-v4","LIRCMOP1","LIR-CMOP",100,50000,1,309101,50000,3.3382,0.2186605212997843,0.144699158125229,1,"Role_Separated_Credit_AOP_v4_LIRCMOP1_N100_FE50000_run1_seed309101.mat"
"s08_role_separation","Role-Separated-Credit-AOP-v4","LIRCMOP1","LIR-CMOP",100,50000,2,309102,50000,4.2405,0.2307830179417342,0.1344627662326818,1,"Role_Separated_Credit_AOP_v4_LIRCMOP1_N100_FE50000_run2_seed309102.mat"
"s08_role_separation","Role-Separated-Credit-AOP-v4","LIRCMOP1","LIR-CMOP",100,50000,3,309103,50000,3.52,0.2613687924074281,0.1245270990830596,1,"Role_Separated_Credit_AOP_v4_LIRCMOP1_N100_FE50000_run3_seed309103.mat"
"s08_role_separation","Role-Separated-Credit-AOP-v4","LIRCMOP1","LIR-CMOP",100,50000,4,309104,50000,3.4273,0.2722333668425469,0.1201827348883205,1,"Role_Separated_Credit_AOP_v4_LIRCMOP1_N100_FE50000_run4_seed309104.mat"
"s08_role_separation","Role-Separated-Credit-AOP-v4","LIRCMOP1","LIR-CMOP",100,50000,5,309105,50000,3.7593,0.2692722349327675,0.1178729497995716,1,"Role_Separated_Credit_AOP_v4_LIRCMOP1_N100_FE50000_run5_seed309105.mat"
"s08_role_separation","Role-Separated-Credit-AOP-v4","LIRCMOP2","LIR-CMOP",100,50000,1,309201,50000,5.209,0.1785576396864674,0.2741773962334698,1,"Role_Separated_Credit_AOP_v4_LIRCMOP2_N100_FE50000_run1_seed309201.mat"
"s08_role_separation","Role-Separated-Credit-AOP-v4","LIRCMOP2","LIR-CMOP",100,50000,2,309202,50000,3.5239,0.1614308119554058,0.2818794130921952,1,"Role_Separated_Credit_AOP_v4_LIRCMOP2_N100_FE50000_run2_seed309202.mat"
"s08_role_separation","Role-Separated-Credit-AOP-v4","LIRCMOP2","LIR-CMOP",100,50000,3,309203,50000,5.2478,0.1790416144946236,0.2895328916320538,1,"Role_Separated_Credit_AOP_v4_LIRCMOP2_N100_FE50000_run3_seed309203.mat"
"s08_role_separation","Role-Separated-Credit-AOP-v4","LIRCMOP2","LIR-CMOP",100,50000,4,309204,50000,3.7188,0.2766905338906632,0.2333785261304355,1,"Role_Separated_Credit_AOP_v4_LIRCMOP2_N100_FE50000_run4_seed309204.mat"
"s08_role_separation","Role-Separated-Credit-AOP-v4","LIRCMOP2","LIR-CMOP",100,50000,5,309205,50000,3.6305,0.1832889764542099,0.281845771254969,1,"Role_Separated_Credit_AOP_v4_LIRCMOP2_N100_FE50000_run5_seed309205.mat"
"s08_role_separation","Role-Separated-Credit-AOP-v4","LIRCMOP3","LIR-CMOP",100,50000,1,309301,50000,4.1345,0.2720810334588302,0.1076592465712389,1,"Role_Separated_Credit_AOP_v4_LIRCMOP3_N100_FE50000_run1_seed309301.mat"
"s08_role_separation","Role-Separated-Credit-AOP-v4","LIRCMOP3","LIR-CMOP",100,50000,2,309302,50000,5.0078,0.3334952493635038,0.08822795410821656,1,"Role_Separated_Credit_AOP_v4_LIRCMOP3_N100_FE50000_run2_seed309302.mat"
"s08_role_separation","Role-Separated-Credit-AOP-v4","LIRCMOP3","LIR-CMOP",100,50000,3,309303,50000,3.6328,0.280748784748228,0.106128379190403,1,"Role_Separated_Credit_AOP_v4_LIRCMOP3_N100_FE50000_run3_seed309303.mat"
"s08_role_separation","Role-Separated-Credit-AOP-v4","LIRCMOP3","LIR-CMOP",100,50000,4,309304,50000,5.3035,0.2970445488655438,0.09440433102405381,1,"Role_Separated_Credit_AOP_v4_LIRCMOP3_N100_FE50000_run4_seed309304.mat"
"s08_role_separation","Role-Separated-Credit-AOP-v4","LIRCMOP3","LIR-CMOP",100,50000,5,309305,50000,3.7241,0.2769572732678394,0.1064884907438748,1,"Role_Separated_Credit_AOP_v4_LIRCMOP3_N100_FE50000_run5_seed309305.mat"
"s08_role_separation","Role-Separated-Credit-AOP-v4","LIRCMOP4","LIR-CMOP",100,50000,1,309401,50000,3.6971,0.2429065127670375,0.2003642210174479,1,"Role_Separated_Credit_AOP_v4_LIRCMOP4_N100_FE50000_run1_seed309401.mat"
"s08_role_separation","Role-Separated-Credit-AOP-v4","LIRCMOP4","LIR-CMOP",100,50000,2,309402,50000,3.8055,0.2610456590743103,0.205348084261697,1,"Role_Separated_Credit_AOP_v4_LIRCMOP4_N100_FE50000_run2_seed309402.mat"
"s08_role_separation","Role-Separated-Credit-AOP-v4","LIRCMOP4","LIR-CMOP",100,50000,3,309403,50000,5.0296,0.2626726395297702,0.1950926094693128,1,"Role_Separated_Credit_AOP_v4_LIRCMOP4_N100_FE50000_run3_seed309403.mat"
"s08_role_separation","Role-Separated-Credit-AOP-v4","LIRCMOP4","LIR-CMOP",100,50000,4,309404,50000,3.9342,0.2132726856229681,0.2181569192964917,1,"Role_Separated_Credit_AOP_v4_LIRCMOP4_N100_FE50000_run4_seed309404.mat"
"s08_role_separation","Role-Separated-Credit-AOP-v4","LIRCMOP4","LIR-CMOP",100,50000,5,309405,50000,4.7836,0.2513368122538159,0.210982147238005,1,"Role_Separated_Credit_AOP_v4_LIRCMOP4_N100_FE50000_run5_seed309405.mat"
"s08_role_separation","Role-Separated-Credit-AOP-v4","LIRCMOP5","LIR-CMOP",100,50000,1,309501,50000,3.5541,0.3655226588791479,0.1234523465186583,1,"Role_Separated_Credit_AOP_v4_LIRCMOP5_N100_FE50000_run1_seed309501.mat"
"s08_role_separation","Role-Separated-Credit-AOP-v4","LIRCMOP5","LIR-CMOP",100,50000,2,309502,50000,4.5921,0.117232752013872,0.2205275058190309,1,"Role_Separated_Credit_AOP_v4_LIRCMOP5_N100_FE50000_run2_seed309502.mat"
"s08_role_separation","Role-Separated-Credit-AOP-v4","LIRCMOP5","LIR-CMOP",100,50000,3,309503,50000,4.083,0.2416140141108241,0.1702308049959946,1,"Role_Separated_Credit_AOP_v4_LIRCMOP5_N100_FE50000_run3_seed309503.mat"
"s08_role_separation","Role-Separated-Credit-AOP-v4","LIRCMOP5","LIR-CMOP",100,50000,4,309504,50000,4.9749,0.2417125736304115,0.1669848312820718,1,"Role_Separated_Credit_AOP_v4_LIRCMOP5_N100_FE50000_run4_seed309504.mat"
"s08_role_separation","Role-Separated-Credit-AOP-v4","LIRCMOP5","LIR-CMOP",100,50000,5,309505,50000,4.3458,0.1676562542000229,0.1948121641908328,1,"Role_Separated_Credit_AOP_v4_LIRCMOP5_N100_FE50000_run5_seed309505.mat"
"s08_role_separation","Role-Separated-Credit-AOP-v4","LIRCMOP6","LIR-CMOP",100,50000,1,309601,50000,7.3069,0.2963887010289405,0.1330883509929546,1,"Role_Separated_Credit_AOP_v4_LIRCMOP6_N100_FE50000_run1_seed309601.mat"
"s08_role_separation","Role-Separated-Credit-AOP-v4","LIRCMOP6","LIR-CMOP",100,50000,2,309602,50000,4.3052,0.3409264739953027,0.1242012136953948,1,"Role_Separated_Credit_AOP_v4_LIRCMOP6_N100_FE50000_run2_seed309602.mat"
"s08_role_separation","Role-Separated-Credit-AOP-v4","LIRCMOP6","LIR-CMOP",100,50000,3,309603,50000,3.8971,0.2579005137777102,0.1378968158966384,1,"Role_Separated_Credit_AOP_v4_LIRCMOP6_N100_FE50000_run3_seed309603.mat"
"s08_role_separation","Role-Separated-Credit-AOP-v4","LIRCMOP6","LIR-CMOP",100,50000,4,309604,50000,5.9313,0.1138808859841279,0.1452278376829474,1,"Role_Separated_Credit_AOP_v4_LIRCMOP6_N100_FE50000_run4_seed309604.mat"
"s08_role_separation","Role-Separated-Credit-AOP-v4","LIRCMOP6","LIR-CMOP",100,50000,5,309605,50000,4.6145,0.3398783442919135,0.1208632216673162,1,"Role_Separated_Credit_AOP_v4_LIRCMOP6_N100_FE50000_run5_seed309605.mat"
"s08_role_separation","Role-Separated-Credit-AOP-v4","LIRCMOP7","LIR-CMOP",100,50000,1,309701,50000,3.4752,0.1132957648222232,0.2509795677556368,1,"Role_Separated_Credit_AOP_v4_LIRCMOP7_N100_FE50000_run1_seed309701.mat"
"s08_role_separation","Role-Separated-Credit-AOP-v4","LIRCMOP7","LIR-CMOP",100,50000,2,309702,50000,4.1149,0.02199075220074687,0.2859670313463151,1,"Role_Separated_Credit_AOP_v4_LIRCMOP7_N100_FE50000_run2_seed309702.mat"
"s08_role_separation","Role-Separated-Credit-AOP-v4","LIRCMOP7","LIR-CMOP",100,50000,3,309703,50000,3.4344,0.01171241791402013,0.2914977086630108,1,"Role_Separated_Credit_AOP_v4_LIRCMOP7_N100_FE50000_run3_seed309703.mat"
"s08_role_separation","Role-Separated-Credit-AOP-v4","LIRCMOP7","LIR-CMOP",100,50000,4,309704,50000,3.4444,0.01728681529033801,0.2886290359877312,1,"Role_Separated_Credit_AOP_v4_LIRCMOP7_N100_FE50000_run4_seed309704.mat"
"s08_role_separation","Role-Separated-Credit-AOP-v4","LIRCMOP7","LIR-CMOP",100,50000,5,309705,50000,3.9648,0.0154415139523782,0.2896865953050622,1,"Role_Separated_Credit_AOP_v4_LIRCMOP7_N100_FE50000_run5_seed309705.mat"
"s08_role_separation","Role-Separated-Credit-AOP-v4","LIRCMOP8","LIR-CMOP",100,50000,1,309801,50000,4.0471,0.1013961879453791,0.2529656449293143,1,"Role_Separated_Credit_AOP_v4_LIRCMOP8_N100_FE50000_run1_seed309801.mat"
"s08_role_separation","Role-Separated-Credit-AOP-v4","LIRCMOP8","LIR-CMOP",100,50000,2,309802,50000,3.559,0.0695248903642339,0.2658666463034324,1,"Role_Separated_Credit_AOP_v4_LIRCMOP8_N100_FE50000_run2_seed309802.mat"
"s08_role_separation","Role-Separated-Credit-AOP-v4","LIRCMOP8","LIR-CMOP",100,50000,3,309803,50000,4.1778,0.008746833083001082,0.2935481726867852,1,"Role_Separated_Credit_AOP_v4_LIRCMOP8_N100_FE50000_run3_seed309803.mat"
"s08_role_separation","Role-Separated-Credit-AOP-v4","LIRCMOP8","LIR-CMOP",100,50000,4,309804,50000,3.3465,0.06318098524799501,0.2669788109884571,1,"Role_Separated_Credit_AOP_v4_LIRCMOP8_N100_FE50000_run4_seed309804.mat"
"s08_role_separation","Role-Separated-Credit-AOP-v4","LIRCMOP8","LIR-CMOP",100,50000,5,309805,50000,3.4322,0.01050571260031133,0.2922106596736982,1,"Role_Separated_Credit_AOP_v4_LIRCMOP8_N100_FE50000_run5_seed309805.mat"
"s08_role_separation","Role-Separated-Credit-AOP-v4","LIRCMOP9","LIR-CMOP",100,50000,1,309901,50000,6.0247,0.4182708593434309,0.3932042068096383,1,"Role_Separated_Credit_AOP_v4_LIRCMOP9_N100_FE50000_run1_seed309901.mat"
"s08_role_separation","Role-Separated-Credit-AOP-v4","LIRCMOP9","LIR-CMOP",100,50000,2,309902,50000,8.2181,0.5065169829501619,0.3573723295391018,1,"Role_Separated_Credit_AOP_v4_LIRCMOP9_N100_FE50000_run2_seed309902.mat"
"s08_role_separation","Role-Separated-Credit-AOP-v4","LIRCMOP9","LIR-CMOP",100,50000,3,309903,50000,6.2598,0.4144118953485753,0.3923842705744354,1,"Role_Separated_Credit_AOP_v4_LIRCMOP9_N100_FE50000_run3_seed309903.mat"
"s08_role_separation","Role-Separated-Credit-AOP-v4","LIRCMOP9","LIR-CMOP",100,50000,4,309904,50000,8.6021,0.5060324364100122,0.3582291917241105,1,"Role_Separated_Credit_AOP_v4_LIRCMOP9_N100_FE50000_run4_seed309904.mat"
"s08_role_separation","Role-Separated-Credit-AOP-v4","LIRCMOP9","LIR-CMOP",100,50000,5,309905,50000,5.3671,0.4194598267692389,0.3882034789059436,1,"Role_Separated_Credit_AOP_v4_LIRCMOP9_N100_FE50000_run5_seed309905.mat"
"s08_role_separation","Survival-Credit-AOP","CF10","CF",100,50000,1,239001,50000,5.2968,0.3531948217092564,0.1387205304747379,1,"Survival_Credit_AOP_CF10_N100_FE50000_run1_seed239001.mat"
"s08_role_separation","Survival-Credit-AOP","CF10","CF",100,50000,2,239002,50000,7.8673,0.1402451136321267,0.33477291607016,1,"Survival_Credit_AOP_CF10_N100_FE50000_run2_seed239002.mat"
"s08_role_separation","Survival-Credit-AOP","CF10","CF",100,50000,3,239003,50000,6.7577,0.4712470665149276,0.1043649924983337,1,"Survival_Credit_AOP_CF10_N100_FE50000_run3_seed239003.mat"
"s08_role_separation","Survival-Credit-AOP","CF10","CF",100,50000,4,239004,50000,7.3734,0.3577877795731129,0.1265436740657936,1,"Survival_Credit_AOP_CF10_N100_FE50000_run4_seed239004.mat"
"s08_role_separation","Survival-Credit-AOP","CF10","CF",100,50000,5,239005,50000,8.3752,0.4049689009660159,0.1636188677991418,1,"Survival_Credit_AOP_CF10_N100_FE50000_run5_seed239005.mat"
"s08_role_separation","Survival-Credit-AOP","CF1","CF",100,50000,1,238101,50000,6.9973,0.003691791750731281,0.5616207036185182,1,"Survival_Credit_AOP_CF1_N100_FE50000_run1_seed238101.mat"
"s08_role_separation","Survival-Credit-AOP","CF1","CF",100,50000,2,238102,50000,5.4669,0.005397971289121129,0.5597306440601044,1,"Survival_Credit_AOP_CF1_N100_FE50000_run2_seed238102.mat"
"s08_role_separation","Survival-Credit-AOP","CF1","CF",100,50000,3,238103,50000,5.1083,0.005536096504796794,0.5594093826744275,1,"Survival_Credit_AOP_CF1_N100_FE50000_run3_seed238103.mat"
"s08_role_separation","Survival-Credit-AOP","CF1","CF",100,50000,4,238104,50000,5.0116,0.005252064799997434,0.5597257283941895,1,"Survival_Credit_AOP_CF1_N100_FE50000_run4_seed238104.mat"
"s08_role_separation","Survival-Credit-AOP","CF1","CF",100,50000,5,238105,50000,6.7906,0.004435856607020596,0.5607485344918597,1,"Survival_Credit_AOP_CF1_N100_FE50000_run5_seed238105.mat"
"s08_role_separation","Survival-Credit-AOP","CF2","CF",100,50000,1,238201,50000,4.9954,0.02079517076801621,0.6584321325733247,1,"Survival_Credit_AOP_CF2_N100_FE50000_run1_seed238201.mat"
"s08_role_separation","Survival-Credit-AOP","CF2","CF",100,50000,2,238202,50000,6.7255,0.03554063800435583,0.6418508211352645,1,"Survival_Credit_AOP_CF2_N100_FE50000_run2_seed238202.mat"
"s08_role_separation","Survival-Credit-AOP","CF2","CF",100,50000,3,238203,50000,5.1196,0.007924096207452175,0.6709682295302575,1,"Survival_Credit_AOP_CF2_N100_FE50000_run3_seed238203.mat"
"s08_role_separation","Survival-Credit-AOP","CF2","CF",100,50000,4,238204,50000,5.057,0.03087527175629347,0.650986170924381,1,"Survival_Credit_AOP_CF2_N100_FE50000_run4_seed238204.mat"
"s08_role_separation","Survival-Credit-AOP","CF2","CF",100,50000,5,238205,50000,4.6542,0.02821251669395424,0.6496663829301471,1,"Survival_Credit_AOP_CF2_N100_FE50000_run5_seed238205.mat"
"s08_role_separation","Survival-Credit-AOP","CF3","CF",100,50000,1,238301,50000,4.2326,0.1857135118224507,0.2095954161084427,1,"Survival_Credit_AOP_CF3_N100_FE50000_run1_seed238301.mat"
"s08_role_separation","Survival-Credit-AOP","CF3","CF",100,50000,2,238302,50000,4.7507,0.09978334092203645,0.2743037876212318,1,"Survival_Credit_AOP_CF3_N100_FE50000_run2_seed238302.mat"
"s08_role_separation","Survival-Credit-AOP","CF3","CF",100,50000,3,238303,50000,4.1182,0.1366150498937008,0.2502142758439444,1,"Survival_Credit_AOP_CF3_N100_FE50000_run3_seed238303.mat"
"s08_role_separation","Survival-Credit-AOP","CF3","CF",100,50000,4,238304,50000,4.3106,0.2789358898102201,0.1172727613731238,1,"Survival_Credit_AOP_CF3_N100_FE50000_run4_seed238304.mat"
"s08_role_separation","Survival-Credit-AOP","CF3","CF",100,50000,5,238305,50000,4.242,0.1269186010629905,0.2582416526437876,1,"Survival_Credit_AOP_CF3_N100_FE50000_run5_seed238305.mat"
"s08_role_separation","Survival-Credit-AOP","CF4","CF",100,50000,1,238401,50000,4.887,0.03932908259962715,0.4827753540639249,1,"Survival_Credit_AOP_CF4_N100_FE50000_run1_seed238401.mat"
"s08_role_separation","Survival-Credit-AOP","CF4","CF",100,50000,2,238402,50000,6.2778,0.05062511057464823,0.4670313253451865,1,"Survival_Credit_AOP_CF4_N100_FE50000_run2_seed238402.mat"
"s08_role_separation","Survival-Credit-AOP","CF4","CF",100,50000,3,238403,50000,4.6671,0.04121574547555244,0.4877235659166902,1,"Survival_Credit_AOP_CF4_N100_FE50000_run3_seed238403.mat"
"s08_role_separation","Survival-Credit-AOP","CF4","CF",100,50000,4,238404,50000,6.2309,0.03802723056007791,0.4891834164705808,1,"Survival_Credit_AOP_CF4_N100_FE50000_run4_seed238404.mat"
"s08_role_separation","Survival-Credit-AOP","CF4","CF",100,50000,5,238405,50000,4.6385,0.06146640319225353,0.4476207371547124,1,"Survival_Credit_AOP_CF4_N100_FE50000_run5_seed238405.mat"
"s08_role_separation","Survival-Credit-AOP","CF5","CF",100,50000,1,238501,50000,5.2958,0.1150663622472228,0.3756211322379275,1,"Survival_Credit_AOP_CF5_N100_FE50000_run1_seed238501.mat"
"s08_role_separation","Survival-Credit-AOP","CF5","CF",100,50000,2,238502,50000,4.5528,0.1527266450576349,0.3690903737621393,1,"Survival_Credit_AOP_CF5_N100_FE50000_run2_seed238502.mat"
"s08_role_separation","Survival-Credit-AOP","CF5","CF",100,50000,3,238503,50000,8.1422,0.4357858777071056,0.1980114384957538,1,"Survival_Credit_AOP_CF5_N100_FE50000_run3_seed238503.mat"
"s08_role_separation","Survival-Credit-AOP","CF5","CF",100,50000,4,238504,50000,5.9868,0.2864723308325015,0.3096761409935514,1,"Survival_Credit_AOP_CF5_N100_FE50000_run4_seed238504.mat"
"s08_role_separation","Survival-Credit-AOP","CF5","CF",100,50000,5,238505,50000,7.0899,0.1279951591628704,0.3733260790967564,1,"Survival_Credit_AOP_CF5_N100_FE50000_run5_seed238505.mat"
"s08_role_separation","Survival-Credit-AOP","CF6","CF",100,50000,1,238601,50000,6.105,0.04608851011570202,0.6490192623556548,1,"Survival_Credit_AOP_CF6_N100_FE50000_run1_seed238601.mat"
"s08_role_separation","Survival-Credit-AOP","CF6","CF",100,50000,2,238602,50000,6.295,0.1642189480862113,0.6115933849971836,1,"Survival_Credit_AOP_CF6_N100_FE50000_run2_seed238602.mat"
"s08_role_separation","Survival-Credit-AOP","CF6","CF",100,50000,3,238603,50000,6.0883,0.03128630992503359,0.6622086259739911,1,"Survival_Credit_AOP_CF6_N100_FE50000_run3_seed238603.mat"
"s08_role_separation","Survival-Credit-AOP","CF6","CF",100,50000,4,238604,50000,8.8977,0.03836154216879158,0.6608239911308604,1,"Survival_Credit_AOP_CF6_N100_FE50000_run4_seed238604.mat"
"s08_role_separation","Survival-Credit-AOP","CF6","CF",100,50000,5,238605,50000,6.4858,0.03839033800616204,0.6586064544895039,1,"Survival_Credit_AOP_CF6_N100_FE50000_run5_seed238605.mat"
"s08_role_separation","Survival-Credit-AOP","CF7","CF",100,50000,1,238701,50000,8.1744,0.4402544075269108,0.3731588869035146,1,"Survival_Credit_AOP_CF7_N100_FE50000_run1_seed238701.mat"
"s08_role_separation","Survival-Credit-AOP","CF7","CF",100,50000,2,238702,50000,5.314,0.2053756423071193,0.5303391327322019,1,"Survival_Credit_AOP_CF7_N100_FE50000_run2_seed238702.mat"
"s08_role_separation","Survival-Credit-AOP","CF7","CF",100,50000,3,238703,50000,4.6866,0.2500643944420501,0.3920706085431427,1,"Survival_Credit_AOP_CF7_N100_FE50000_run3_seed238703.mat"
"s08_role_separation","Survival-Credit-AOP","CF7","CF",100,50000,4,238704,50000,4.9976,0.1287280179905876,0.548708717311473,1,"Survival_Credit_AOP_CF7_N100_FE50000_run4_seed238704.mat"
"s08_role_separation","Survival-Credit-AOP","CF7","CF",100,50000,5,238705,50000,7.9114,0.4086538347694033,0.3853025392414774,1,"Survival_Credit_AOP_CF7_N100_FE50000_run5_seed238705.mat"
"s08_role_separation","Survival-Credit-AOP","CF8","CF",100,50000,1,238801,50000,4.3675,0.1732720090517239,0.3465531083576511,1,"Survival_Credit_AOP_CF8_N100_FE50000_run1_seed238801.mat"
"s08_role_separation","Survival-Credit-AOP","CF8","CF",100,50000,2,238802,50000,6.3751,0.1603017408240894,0.3325206152416656,1,"Survival_Credit_AOP_CF8_N100_FE50000_run2_seed238802.mat"
"s08_role_separation","Survival-Credit-AOP","CF8","CF",100,50000,3,238803,50000,4.8087,0.1524408789504192,0.347468110918572,1,"Survival_Credit_AOP_CF8_N100_FE50000_run3_seed238803.mat"
"s08_role_separation","Survival-Credit-AOP","CF8","CF",100,50000,4,238804,50000,4.7347,0.1433454005212196,0.3805332961731823,1,"Survival_Credit_AOP_CF8_N100_FE50000_run4_seed238804.mat"
"s08_role_separation","Survival-Credit-AOP","CF8","CF",100,50000,5,238805,50000,4.7129,0.1432388220278769,0.3607941958843117,1,"Survival_Credit_AOP_CF8_N100_FE50000_run5_seed238805.mat"
"s08_role_separation","Survival-Credit-AOP","CF9","CF",100,50000,1,238901,50000,9.1076,0.09786107382652437,0.4283977091665688,1,"Survival_Credit_AOP_CF9_N100_FE50000_run1_seed238901.mat"
"s08_role_separation","Survival-Credit-AOP","CF9","CF",100,50000,2,238902,50000,5.5673,0.09104734429174066,0.4241174711781591,1,"Survival_Credit_AOP_CF9_N100_FE50000_run2_seed238902.mat"
"s08_role_separation","Survival-Credit-AOP","CF9","CF",100,50000,3,238903,50000,9.1956,0.09010499510480761,0.4260009344065508,1,"Survival_Credit_AOP_CF9_N100_FE50000_run3_seed238903.mat"
"s08_role_separation","Survival-Credit-AOP","CF9","CF",100,50000,4,238904,50000,5.8009,0.1007202257162537,0.4376000350188927,1,"Survival_Credit_AOP_CF9_N100_FE50000_run4_seed238904.mat"
"s08_role_separation","Survival-Credit-AOP","CF9","CF",100,50000,5,238905,50000,5.9726,0.08953710395702,0.4333424639883991,1,"Survival_Credit_AOP_CF9_N100_FE50000_run5_seed238905.mat"
"s08_role_separation","Survival-Credit-AOP","DASCMOP1","DAS-CMOP",100,50000,1,240501,50000,4.2997,0.01012884528267061,0.2082951980135608,1,"Survival_Credit_AOP_DASCMOP1_N100_FE50000_run1_seed240501.mat"
"s08_role_separation","Survival-Credit-AOP","DASCMOP1","DAS-CMOP",100,50000,2,240502,50000,3.8047,0.01024113636811882,0.2068860984377002,1,"Survival_Credit_AOP_DASCMOP1_N100_FE50000_run2_seed240502.mat"
"s08_role_separation","Survival-Credit-AOP","DASCMOP1","DAS-CMOP",100,50000,3,240503,50000,3.9061,0.00920777755238493,0.2103745704811852,1,"Survival_Credit_AOP_DASCMOP1_N100_FE50000_run3_seed240503.mat"
"s08_role_separation","Survival-Credit-AOP","DASCMOP1","DAS-CMOP",100,50000,4,240504,50000,3.943,0.00803817503167124,0.2076949365066822,1,"Survival_Credit_AOP_DASCMOP1_N100_FE50000_run4_seed240504.mat"
"s08_role_separation","Survival-Credit-AOP","DASCMOP1","DAS-CMOP",100,50000,5,240505,50000,4.3211,0.008394010714436514,0.2095011017909582,1,"Survival_Credit_AOP_DASCMOP1_N100_FE50000_run5_seed240505.mat"
"s08_role_separation","Survival-Credit-AOP","DASCMOP2","DAS-CMOP",100,50000,1,240601,50000,3.4464,0.009299473786234941,0.3516928145596256,1,"Survival_Credit_AOP_DASCMOP2_N100_FE50000_run1_seed240601.mat"
"s08_role_separation","Survival-Credit-AOP","DASCMOP2","DAS-CMOP",100,50000,2,240602,50000,4.0238,0.01064330726492559,0.3499483899802607,1,"Survival_Credit_AOP_DASCMOP2_N100_FE50000_run2_seed240602.mat"
"s08_role_separation","Survival-Credit-AOP","DASCMOP2","DAS-CMOP",100,50000,3,240603,50000,3.7048,0.007738271076587628,0.3524754011122905,1,"Survival_Credit_AOP_DASCMOP2_N100_FE50000_run3_seed240603.mat"
"s08_role_separation","Survival-Credit-AOP","DASCMOP2","DAS-CMOP",100,50000,4,240604,50000,3.5359,0.01049660868624778,0.3515075473885627,1,"Survival_Credit_AOP_DASCMOP2_N100_FE50000_run4_seed240604.mat"
"s08_role_separation","Survival-Credit-AOP","DASCMOP2","DAS-CMOP",100,50000,5,240605,50000,3.8554,0.007866638923694639,0.3517744161007205,1,"Survival_Credit_AOP_DASCMOP2_N100_FE50000_run5_seed240605.mat"
"s08_role_separation","Survival-Credit-AOP","DASCMOP3","DAS-CMOP",100,50000,1,240701,50000,3.8109,0.03013999017120479,0.293913766581928,1,"Survival_Credit_AOP_DASCMOP3_N100_FE50000_run1_seed240701.mat"
"s08_role_separation","Survival-Credit-AOP","DASCMOP3","DAS-CMOP",100,50000,2,240702,50000,3.5188,0.02135299936604413,0.3104934725155835,1,"Survival_Credit_AOP_DASCMOP3_N100_FE50000_run2_seed240702.mat"
"s08_role_separation","Survival-Credit-AOP","DASCMOP3","DAS-CMOP",100,50000,3,240703,50000,3.8574,0.07617051058254284,0.2736169191654494,1,"Survival_Credit_AOP_DASCMOP3_N100_FE50000_run3_seed240703.mat"
"s08_role_separation","Survival-Credit-AOP","DASCMOP3","DAS-CMOP",100,50000,4,240704,50000,3.6967,0.2150358491277136,0.2216268206766138,1,"Survival_Credit_AOP_DASCMOP3_N100_FE50000_run4_seed240704.mat"
"s08_role_separation","Survival-Credit-AOP","DASCMOP3","DAS-CMOP",100,50000,5,240705,50000,3.8155,0.02312585497945967,0.3073047704180376,1,"Survival_Credit_AOP_DASCMOP3_N100_FE50000_run5_seed240705.mat"
"s08_role_separation","Survival-Credit-AOP","DASCMOP4","DAS-CMOP",100,50000,1,240801,50000,3.6674,0.03313604253200318,0.1694325603568622,1,"Survival_Credit_AOP_DASCMOP4_N100_FE50000_run1_seed240801.mat"
"s08_role_separation","Survival-Credit-AOP","DASCMOP4","DAS-CMOP",100,50000,2,240802,50000,3.6436,0.4293192552414921,0.04051946314159075,1,"Survival_Credit_AOP_DASCMOP4_N100_FE50000_run2_seed240802.mat"
"s08_role_separation","Survival-Credit-AOP","DASCMOP4","DAS-CMOP",100,50000,3,240803,50000,3.4747,0.4003633090955871,0.04743650833076121,1,"Survival_Credit_AOP_DASCMOP4_N100_FE50000_run3_seed240803.mat"
"s08_role_separation","Survival-Credit-AOP","DASCMOP4","DAS-CMOP",100,50000,4,240804,50000,3.6248,0.4556007732848985,0.03226818792291308,1,"Survival_Credit_AOP_DASCMOP4_N100_FE50000_run4_seed240804.mat"
"s08_role_separation","Survival-Credit-AOP","DASCMOP4","DAS-CMOP",100,50000,5,240805,50000,3.9077,0.4105572124469137,0.04770384395285038,1,"Survival_Credit_AOP_DASCMOP4_N100_FE50000_run5_seed240805.mat"
"s08_role_separation","Survival-Credit-AOP","DASCMOP5","DAS-CMOP",100,50000,1,240901,50000,3.6491,0.1762404068495281,0.2334172727994843,1,"Survival_Credit_AOP_DASCMOP5_N100_FE50000_run1_seed240901.mat"
"s08_role_separation","Survival-Credit-AOP","DASCMOP5","DAS-CMOP",100,50000,2,240902,50000,3.8844,0.4365409895900622,0.09592771463582714,1,"Survival_Credit_AOP_DASCMOP5_N100_FE50000_run2_seed240902.mat"
"s08_role_separation","Survival-Credit-AOP","DASCMOP5","DAS-CMOP",100,50000,3,240903,50000,3.7124,0.4991264067509166,0.07555374191666576,1,"Survival_Credit_AOP_DASCMOP5_N100_FE50000_run3_seed240903.mat"
"s08_role_separation","Survival-Credit-AOP","DASCMOP5","DAS-CMOP",100,50000,4,240904,50000,3.3225,0.2180028829915255,0.2183653701140213,1,"Survival_Credit_AOP_DASCMOP5_N100_FE50000_run4_seed240904.mat"
"s08_role_separation","Survival-Credit-AOP","DASCMOP5","DAS-CMOP",100,50000,5,240905,50000,3.7468,0.1764381934471013,0.2412692640696264,1,"Survival_Credit_AOP_DASCMOP5_N100_FE50000_run5_seed240905.mat"
"s08_role_separation","Survival-Credit-AOP","DASCMOP6","DAS-CMOP",100,50000,1,241001,50000,3.4681,0.4253826511845425,0.0867013076275472,1,"Survival_Credit_AOP_DASCMOP6_N100_FE50000_run1_seed241001.mat"
"s08_role_separation","Survival-Credit-AOP","DASCMOP6","DAS-CMOP",100,50000,2,241002,50000,3.6882,0.4265751921930148,0.08400257950916445,1,"Survival_Credit_AOP_DASCMOP6_N100_FE50000_run2_seed241002.mat"
"s08_role_separation","Survival-Credit-AOP","DASCMOP6","DAS-CMOP",100,50000,3,241003,50000,4.0619,0.2702136170873151,0.1922450347736758,1,"Survival_Credit_AOP_DASCMOP6_N100_FE50000_run3_seed241003.mat"
"s08_role_separation","Survival-Credit-AOP","DASCMOP6","DAS-CMOP",100,50000,4,241004,50000,3.6474,0.03917750134710273,0.2909415746203157,1,"Survival_Credit_AOP_DASCMOP6_N100_FE50000_run4_seed241004.mat"
"s08_role_separation","Survival-Credit-AOP","DASCMOP6","DAS-CMOP",100,50000,5,241005,50000,3.4614,0.5129718013936257,0.05558553194335539,1,"Survival_Credit_AOP_DASCMOP6_N100_FE50000_run5_seed241005.mat"
"s08_role_separation","Survival-Credit-AOP","DASCMOP7","DAS-CMOP",100,50000,1,241101,50000,4.7349,0.479432783317418,0.09867464316121548,1,"Survival_Credit_AOP_DASCMOP7_N100_FE50000_run1_seed241101.mat"
"s08_role_separation","Survival-Credit-AOP","DASCMOP7","DAS-CMOP",100,50000,2,241102,50000,4.0183,0.442016607619015,0.1071916247512378,1,"Survival_Credit_AOP_DASCMOP7_N100_FE50000_run2_seed241102.mat"
"s08_role_separation","Survival-Credit-AOP","DASCMOP7","DAS-CMOP",100,50000,3,241103,50000,4.1057,0.2757441717356653,0.1623465174089253,1,"Survival_Credit_AOP_DASCMOP7_N100_FE50000_run3_seed241103.mat"
"s08_role_separation","Survival-Credit-AOP","DASCMOP7","DAS-CMOP",100,50000,4,241104,50000,4.0425,0.09860383480549532,0.2512013286086272,1,"Survival_Credit_AOP_DASCMOP7_N100_FE50000_run4_seed241104.mat"
"s08_role_separation","Survival-Credit-AOP","DASCMOP7","DAS-CMOP",100,50000,5,241105,50000,4.2889,0.1187978921417444,0.2369468805863876,1,"Survival_Credit_AOP_DASCMOP7_N100_FE50000_run5_seed241105.mat"
"s08_role_separation","Survival-Credit-AOP","DASCMOP8","DAS-CMOP",100,50000,1,241201,50000,4.0591,0.2483787735029096,0.08219828553813846,1,"Survival_Credit_AOP_DASCMOP8_N100_FE50000_run1_seed241201.mat"
"s08_role_separation","Survival-Credit-AOP","DASCMOP8","DAS-CMOP",100,50000,2,241202,50000,4.3322,0.0424466232024843,0.2047276917565666,1,"Survival_Credit_AOP_DASCMOP8_N100_FE50000_run2_seed241202.mat"
"s08_role_separation","Survival-Credit-AOP","DASCMOP8","DAS-CMOP",100,50000,3,241203,50000,3.6433,0.2072011659373351,0.1085105098223725,1,"Survival_Credit_AOP_DASCMOP8_N100_FE50000_run3_seed241203.mat"
"s08_role_separation","Survival-Credit-AOP","DASCMOP8","DAS-CMOP",100,50000,4,241204,50000,3.6612,0.2398539902002615,0.08432732433538498,1,"Survival_Credit_AOP_DASCMOP8_N100_FE50000_run4_seed241204.mat"
"s08_role_separation","Survival-Credit-AOP","DASCMOP8","DAS-CMOP",100,50000,5,241205,50000,3.5511,0.1875433457803478,0.1478627760095306,1,"Survival_Credit_AOP_DASCMOP8_N100_FE50000_run5_seed241205.mat"
"s08_role_separation","Survival-Credit-AOP","DASCMOP9","DAS-CMOP",100,50000,1,241301,50000,4.734,0.05766128493598065,0.2023675577399729,1,"Survival_Credit_AOP_DASCMOP9_N100_FE50000_run1_seed241301.mat"
"s08_role_separation","Survival-Credit-AOP","DASCMOP9","DAS-CMOP",100,50000,2,241302,50000,3.8827,0.05083818019081932,0.2038004070128792,1,"Survival_Credit_AOP_DASCMOP9_N100_FE50000_run2_seed241302.mat"
"s08_role_separation","Survival-Credit-AOP","DASCMOP9","DAS-CMOP",100,50000,3,241303,50000,4.8055,0.04557800224993419,0.2028788281237991,1,"Survival_Credit_AOP_DASCMOP9_N100_FE50000_run3_seed241303.mat"
"s08_role_separation","Survival-Credit-AOP","DASCMOP9","DAS-CMOP",100,50000,4,241304,50000,3.8544,0.06272398941670083,0.2008336518552483,1,"Survival_Credit_AOP_DASCMOP9_N100_FE50000_run4_seed241304.mat"
"s08_role_separation","Survival-Credit-AOP","DASCMOP9","DAS-CMOP",100,50000,5,241305,50000,3.8752,0.05301292744100729,0.2027167851611988,1,"Survival_Credit_AOP_DASCMOP9_N100_FE50000_run5_seed241305.mat"
"s08_role_separation","Survival-Credit-AOP","LIRCMOP10","LIR-CMOP",100,50000,1,240001,50000,7.3975,0.2228458368806122,0.5915808883728622,1,"Survival_Credit_AOP_LIRCMOP10_N100_FE50000_run1_seed240001.mat"
"s08_role_separation","Survival-Credit-AOP","LIRCMOP10","LIR-CMOP",100,50000,2,240002,50000,10.5887,0.2497736402756628,0.5710204419579821,1,"Survival_Credit_AOP_LIRCMOP10_N100_FE50000_run2_seed240002.mat"
"s08_role_separation","Survival-Credit-AOP","LIRCMOP10","LIR-CMOP",100,50000,3,240003,50000,6.682,0.2386945972289048,0.5879371619853331,1,"Survival_Credit_AOP_LIRCMOP10_N100_FE50000_run3_seed240003.mat"
"s08_role_separation","Survival-Credit-AOP","LIRCMOP10","LIR-CMOP",100,50000,4,240004,50000,6.8662,0.2182646280579938,0.5992776062425158,1,"Survival_Credit_AOP_LIRCMOP10_N100_FE50000_run4_seed240004.mat"
"s08_role_separation","Survival-Credit-AOP","LIRCMOP10","LIR-CMOP",100,50000,5,240005,50000,6.8993,0.1664896999612725,0.6228650596456043,1,"Survival_Credit_AOP_LIRCMOP10_N100_FE50000_run5_seed240005.mat"
"s08_role_separation","Survival-Credit-AOP","LIRCMOP11","LIR-CMOP",100,50000,1,240101,50000,8.7115,0.1434992363040087,0.6009087503474536,1,"Survival_Credit_AOP_LIRCMOP11_N100_FE50000_run1_seed240101.mat"
"s08_role_separation","Survival-Credit-AOP","LIRCMOP11","LIR-CMOP",100,50000,2,240102,50000,5.4089,0.1436276670591772,0.6006586659102866,1,"Survival_Credit_AOP_LIRCMOP11_N100_FE50000_run2_seed240102.mat"
"s08_role_separation","Survival-Credit-AOP","LIRCMOP11","LIR-CMOP",100,50000,3,240103,50000,7.0155,0.0210356199330532,0.6813859759018033,1,"Survival_Credit_AOP_LIRCMOP11_N100_FE50000_run3_seed240103.mat"
"s08_role_separation","Survival-Credit-AOP","LIRCMOP11","LIR-CMOP",100,50000,4,240104,50000,6.0207,0.03301356007610291,0.6724653269699343,1,"Survival_Credit_AOP_LIRCMOP11_N100_FE50000_run4_seed240104.mat"
"s08_role_separation","Survival-Credit-AOP","LIRCMOP11","LIR-CMOP",100,50000,5,240105,50000,5.8594,0.0756658987925117,0.6553804607377456,1,"Survival_Credit_AOP_LIRCMOP11_N100_FE50000_run5_seed240105.mat"
"s08_role_separation","Survival-Credit-AOP","LIRCMOP12","LIR-CMOP",100,50000,1,240201,50000,4.2182,0.1516629606902042,0.5404370555535694,1,"Survival_Credit_AOP_LIRCMOP12_N100_FE50000_run1_seed240201.mat"
"s08_role_separation","Survival-Credit-AOP","LIRCMOP12","LIR-CMOP",100,50000,2,240202,50000,4.7186,0.2765166888924197,0.482616231949701,1,"Survival_Credit_AOP_LIRCMOP12_N100_FE50000_run2_seed240202.mat"
"s08_role_separation","Survival-Credit-AOP","LIRCMOP12","LIR-CMOP",100,50000,3,240203,50000,4.5945,0.1729979853686368,0.5266064487432457,1,"Survival_Credit_AOP_LIRCMOP12_N100_FE50000_run3_seed240203.mat"
"s08_role_separation","Survival-Credit-AOP","LIRCMOP12","LIR-CMOP",100,50000,4,240204,50000,4.6546,0.2617137123684313,0.4981426177357738,1,"Survival_Credit_AOP_LIRCMOP12_N100_FE50000_run4_seed240204.mat"
"s08_role_separation","Survival-Credit-AOP","LIRCMOP12","LIR-CMOP",100,50000,5,240205,50000,4.0892,0.148130762598925,0.5445278971331012,1,"Survival_Credit_AOP_LIRCMOP12_N100_FE50000_run5_seed240205.mat"
"s08_role_separation","Survival-Credit-AOP","LIRCMOP13","LIR-CMOP",100,50000,1,240301,50000,9.8309,0.09825479415592897,0.5430577147493867,1,"Survival_Credit_AOP_LIRCMOP13_N100_FE50000_run1_seed240301.mat"
"s08_role_separation","Survival-Credit-AOP","LIRCMOP13","LIR-CMOP",100,50000,2,240302,50000,10.0571,0.0956606609587911,0.5431184323967331,1,"Survival_Credit_AOP_LIRCMOP13_N100_FE50000_run2_seed240302.mat"
"s08_role_separation","Survival-Credit-AOP","LIRCMOP13","LIR-CMOP",100,50000,3,240303,50000,19.3776,0.09828018721954011,0.5427713055031334,1,"Survival_Credit_AOP_LIRCMOP13_N100_FE50000_run3_seed240303.mat"
"s08_role_separation","Survival-Credit-AOP","LIRCMOP13","LIR-CMOP",100,50000,4,240304,50000,9.671,0.09637407282253282,0.542792913631656,1,"Survival_Credit_AOP_LIRCMOP13_N100_FE50000_run4_seed240304.mat"
"s08_role_separation","Survival-Credit-AOP","LIRCMOP13","LIR-CMOP",100,50000,5,240305,50000,18.9407,0.09795732325175049,0.5404077688544434,1,"Survival_Credit_AOP_LIRCMOP13_N100_FE50000_run5_seed240305.mat"
"s08_role_separation","Survival-Credit-AOP","LIRCMOP14","LIR-CMOP",100,50000,1,240401,50000,8.9114,0.0984367889944088,0.5494461785768455,1,"Survival_Credit_AOP_LIRCMOP14_N100_FE50000_run1_seed240401.mat"
"s08_role_separation","Survival-Credit-AOP","LIRCMOP14","LIR-CMOP",100,50000,2,240402,50000,8.736,0.09759824392699755,0.5497810382544588,1,"Survival_Credit_AOP_LIRCMOP14_N100_FE50000_run2_seed240402.mat"
"s08_role_separation","Survival-Credit-AOP","LIRCMOP14","LIR-CMOP",100,50000,3,240403,50000,8.3189,0.09879395686652788,0.549125312794425,1,"Survival_Credit_AOP_LIRCMOP14_N100_FE50000_run3_seed240403.mat"
"s08_role_separation","Survival-Credit-AOP","LIRCMOP14","LIR-CMOP",100,50000,4,240404,50000,15.6672,0.09714906805224414,0.5508572441346282,1,"Survival_Credit_AOP_LIRCMOP14_N100_FE50000_run4_seed240404.mat"
"s08_role_separation","Survival-Credit-AOP","LIRCMOP14","LIR-CMOP",100,50000,5,240405,50000,7.9705,0.09602920177188844,0.5510910463783916,1,"Survival_Credit_AOP_LIRCMOP14_N100_FE50000_run5_seed240405.mat"
"s08_role_separation","Survival-Credit-AOP","LIRCMOP1","LIR-CMOP",100,50000,1,239101,50000,3.7668,0.2235788488514792,0.1433223419586667,1,"Survival_Credit_AOP_LIRCMOP1_N100_FE50000_run1_seed239101.mat"
"s08_role_separation","Survival-Credit-AOP","LIRCMOP1","LIR-CMOP",100,50000,2,239102,50000,3.5988,0.2605777082671561,0.1303817383163716,1,"Survival_Credit_AOP_LIRCMOP1_N100_FE50000_run2_seed239102.mat"
"s08_role_separation","Survival-Credit-AOP","LIRCMOP1","LIR-CMOP",100,50000,3,239103,50000,4.0227,0.2430920629700813,0.1280699550427615,1,"Survival_Credit_AOP_LIRCMOP1_N100_FE50000_run3_seed239103.mat"
"s08_role_separation","Survival-Credit-AOP","LIRCMOP1","LIR-CMOP",100,50000,4,239104,50000,3.5135,0.2640764728242116,0.1230495945815937,1,"Survival_Credit_AOP_LIRCMOP1_N100_FE50000_run4_seed239104.mat"
"s08_role_separation","Survival-Credit-AOP","LIRCMOP1","LIR-CMOP",100,50000,5,239105,50000,4.0944,0.1937567448008027,0.1456393182332225,1,"Survival_Credit_AOP_LIRCMOP1_N100_FE50000_run5_seed239105.mat"
"s08_role_separation","Survival-Credit-AOP","LIRCMOP2","LIR-CMOP",100,50000,1,239201,50000,3.7734,0.153837886766704,0.2604425667277804,1,"Survival_Credit_AOP_LIRCMOP2_N100_FE50000_run1_seed239201.mat"
"s08_role_separation","Survival-Credit-AOP","LIRCMOP2","LIR-CMOP",100,50000,2,239202,50000,4.407,0.185772176696219,0.2671055844210322,1,"Survival_Credit_AOP_LIRCMOP2_N100_FE50000_run2_seed239202.mat"
"s08_role_separation","Survival-Credit-AOP","LIRCMOP2","LIR-CMOP",100,50000,3,239203,50000,3.7863,0.1473696755952486,0.273838700840866,1,"Survival_Credit_AOP_LIRCMOP2_N100_FE50000_run3_seed239203.mat"
"s08_role_separation","Survival-Credit-AOP","LIRCMOP2","LIR-CMOP",100,50000,4,239204,50000,5.0607,0.1985283697140078,0.2583454173914321,1,"Survival_Credit_AOP_LIRCMOP2_N100_FE50000_run4_seed239204.mat"
"s08_role_separation","Survival-Credit-AOP","LIRCMOP2","LIR-CMOP",100,50000,5,239205,50000,3.8682,0.2275093328510202,0.2408787322965917,1,"Survival_Credit_AOP_LIRCMOP2_N100_FE50000_run5_seed239205.mat"
"s08_role_separation","Survival-Credit-AOP","LIRCMOP3","LIR-CMOP",100,50000,1,239301,50000,5.1908,0.2256572666845073,0.1258711689582309,1,"Survival_Credit_AOP_LIRCMOP3_N100_FE50000_run1_seed239301.mat"
"s08_role_separation","Survival-Credit-AOP","LIRCMOP3","LIR-CMOP",100,50000,2,239302,50000,4.0323,0.1777776807309081,0.143610488988994,1,"Survival_Credit_AOP_LIRCMOP3_N100_FE50000_run2_seed239302.mat"
"s08_role_separation","Survival-Credit-AOP","LIRCMOP3","LIR-CMOP",100,50000,3,239303,50000,4.4578,0.1569675894023909,0.1407541562807224,1,"Survival_Credit_AOP_LIRCMOP3_N100_FE50000_run3_seed239303.mat"
"s08_role_separation","Survival-Credit-AOP","LIRCMOP3","LIR-CMOP",100,50000,4,239304,50000,3.761,0.184741329724626,0.1400262034231663,1,"Survival_Credit_AOP_LIRCMOP3_N100_FE50000_run4_seed239304.mat"
"s08_role_separation","Survival-Credit-AOP","LIRCMOP3","LIR-CMOP",100,50000,5,239305,50000,4.6319,0.3380992380710749,0.09363390066495962,1,"Survival_Credit_AOP_LIRCMOP3_N100_FE50000_run5_seed239305.mat"
"s08_role_separation","Survival-Credit-AOP","LIRCMOP4","LIR-CMOP",100,50000,1,239401,50000,4.2365,0.2648541239734987,0.1939890726950474,1,"Survival_Credit_AOP_LIRCMOP4_N100_FE50000_run1_seed239401.mat"
"s08_role_separation","Survival-Credit-AOP","LIRCMOP4","LIR-CMOP",100,50000,2,239402,50000,4.989,0.310280900144802,0.1818410159937439,1,"Survival_Credit_AOP_LIRCMOP4_N100_FE50000_run2_seed239402.mat"
"s08_role_separation","Survival-Credit-AOP","LIRCMOP4","LIR-CMOP",100,50000,3,239403,50000,3.8373,0.2513799967777832,0.2079763072166318,1,"Survival_Credit_AOP_LIRCMOP4_N100_FE50000_run3_seed239403.mat"
"s08_role_separation","Survival-Credit-AOP","LIRCMOP4","LIR-CMOP",100,50000,4,239404,50000,3.9777,0.2573486546395433,0.2091217179574172,1,"Survival_Credit_AOP_LIRCMOP4_N100_FE50000_run4_seed239404.mat"
"s08_role_separation","Survival-Credit-AOP","LIRCMOP4","LIR-CMOP",100,50000,5,239405,50000,3.8984,0.2646579063076286,0.1946270481022863,1,"Survival_Credit_AOP_LIRCMOP4_N100_FE50000_run5_seed239405.mat"
"s08_role_separation","Survival-Credit-AOP","LIRCMOP5","LIR-CMOP",100,50000,1,239501,50000,4.0698,0.5909597030706004,0.1151088504231095,1,"Survival_Credit_AOP_LIRCMOP5_N100_FE50000_run1_seed239501.mat"
"s08_role_separation","Survival-Credit-AOP","LIRCMOP5","LIR-CMOP",100,50000,2,239502,50000,5.0778,0.125799401764654,0.2118550064623937,1,"Survival_Credit_AOP_LIRCMOP5_N100_FE50000_run2_seed239502.mat"
"s08_role_separation","Survival-Credit-AOP","LIRCMOP5","LIR-CMOP",100,50000,3,239503,50000,7.2395,0.1246113003879977,0.2128642076226501,1,"Survival_Credit_AOP_LIRCMOP5_N100_FE50000_run3_seed239503.mat"
"s08_role_separation","Survival-Credit-AOP","LIRCMOP5","LIR-CMOP",100,50000,4,239504,50000,3.8493,0.512045944009353,0.07188111456417043,1,"Survival_Credit_AOP_LIRCMOP5_N100_FE50000_run4_seed239504.mat"
"s08_role_separation","Survival-Credit-AOP","LIRCMOP5","LIR-CMOP",100,50000,5,239505,50000,5.0134,0.04577119498193,0.2750057813585607,1,"Survival_Credit_AOP_LIRCMOP5_N100_FE50000_run5_seed239505.mat"
"s08_role_separation","Survival-Credit-AOP","LIRCMOP6","LIR-CMOP",100,50000,1,239601,50000,4.9973,0.02580702638809998,0.1847561897954117,1,"Survival_Credit_AOP_LIRCMOP6_N100_FE50000_run1_seed239601.mat"
"s08_role_separation","Survival-Credit-AOP","LIRCMOP6","LIR-CMOP",100,50000,2,239602,50000,6.7102,0.2553896696474465,0.140452064370537,1,"Survival_Credit_AOP_LIRCMOP6_N100_FE50000_run2_seed239602.mat"
"s08_role_separation","Survival-Credit-AOP","LIRCMOP6","LIR-CMOP",100,50000,3,239603,50000,5.4375,0.1942646903212439,0.1516067810473269,1,"Survival_Credit_AOP_LIRCMOP6_N100_FE50000_run3_seed239603.mat"
"s08_role_separation","Survival-Credit-AOP","LIRCMOP6","LIR-CMOP",100,50000,4,239604,50000,8.0017,0.2720566428719042,0.1378051180082212,1,"Survival_Credit_AOP_LIRCMOP6_N100_FE50000_run4_seed239604.mat"
"s08_role_separation","Survival-Credit-AOP","LIRCMOP6","LIR-CMOP",100,50000,5,239605,50000,4.2053,0.05923249991898927,0.1769914858062456,1,"Survival_Credit_AOP_LIRCMOP6_N100_FE50000_run5_seed239605.mat"
"s08_role_separation","Survival-Credit-AOP","LIRCMOP7","LIR-CMOP",100,50000,1,239701,50000,3.5508,0.07594299301641022,0.2638596959133013,1,"Survival_Credit_AOP_LIRCMOP7_N100_FE50000_run1_seed239701.mat"
"s08_role_separation","Survival-Credit-AOP","LIRCMOP7","LIR-CMOP",100,50000,2,239702,50000,3.5532,0.009353711998930418,0.2930006072010696,1,"Survival_Credit_AOP_LIRCMOP7_N100_FE50000_run2_seed239702.mat"
"s08_role_separation","Survival-Credit-AOP","LIRCMOP7","LIR-CMOP",100,50000,3,239703,50000,4.0005,0.0248170506941969,0.2866982831768281,1,"Survival_Credit_AOP_LIRCMOP7_N100_FE50000_run3_seed239703.mat"
"s08_role_separation","Survival-Credit-AOP","LIRCMOP7","LIR-CMOP",100,50000,4,239704,50000,3.8103,0.07897194915040234,0.2627965941174448,1,"Survival_Credit_AOP_LIRCMOP7_N100_FE50000_run4_seed239704.mat"
"s08_role_separation","Survival-Credit-AOP","LIRCMOP7","LIR-CMOP",100,50000,5,239705,50000,3.9368,0.06124925817157415,0.2661989604428269,1,"Survival_Credit_AOP_LIRCMOP7_N100_FE50000_run5_seed239705.mat"
"s08_role_separation","Survival-Credit-AOP","LIRCMOP8","LIR-CMOP",100,50000,1,239801,50000,3.4929,0.06165714325258575,0.2679037269319109,1,"Survival_Credit_AOP_LIRCMOP8_N100_FE50000_run1_seed239801.mat"
"s08_role_separation","Survival-Credit-AOP","LIRCMOP8","LIR-CMOP",100,50000,2,239802,50000,3.8289,0.01327565785454523,0.2908454297665617,1,"Survival_Credit_AOP_LIRCMOP8_N100_FE50000_run2_seed239802.mat"
"s08_role_separation","Survival-Credit-AOP","LIRCMOP8","LIR-CMOP",100,50000,3,239803,50000,3.4252,0.07762701117946924,0.2612508786563127,1,"Survival_Credit_AOP_LIRCMOP8_N100_FE50000_run3_seed239803.mat"
"s08_role_separation","Survival-Credit-AOP","LIRCMOP8","LIR-CMOP",100,50000,4,239804,50000,3.9176,0.012102187725581,0.2917514746347288,1,"Survival_Credit_AOP_LIRCMOP8_N100_FE50000_run4_seed239804.mat"
"s08_role_separation","Survival-Credit-AOP","LIRCMOP8","LIR-CMOP",100,50000,5,239805,50000,3.7277,0.01020624798998445,0.2926464202837265,1,"Survival_Credit_AOP_LIRCMOP8_N100_FE50000_run5_seed239805.mat"
"s08_role_separation","Survival-Credit-AOP","LIRCMOP9","LIR-CMOP",100,50000,1,239901,50000,8.6308,0.5064026510298361,0.3582203179288482,1,"Survival_Credit_AOP_LIRCMOP9_N100_FE50000_run1_seed239901.mat"
"s08_role_separation","Survival-Credit-AOP","LIRCMOP9","LIR-CMOP",100,50000,2,239902,50000,5.6746,0.6018191011213654,0.2939447955826509,1,"Survival_Credit_AOP_LIRCMOP9_N100_FE50000_run2_seed239902.mat"
"s08_role_separation","Survival-Credit-AOP","LIRCMOP9","LIR-CMOP",100,50000,3,239903,50000,5.8328,0.4171829294852775,0.3956567354161483,1,"Survival_Credit_AOP_LIRCMOP9_N100_FE50000_run3_seed239903.mat"
"s08_role_separation","Survival-Credit-AOP","LIRCMOP9","LIR-CMOP",100,50000,4,239904,50000,5.7906,0.4185460068261707,0.3877245398674787,1,"Survival_Credit_AOP_LIRCMOP9_N100_FE50000_run4_seed239904.mat"
"s08_role_separation","Survival-Credit-AOP","LIRCMOP9","LIR-CMOP",100,50000,5,239905,50000,8.6112,0.4160451185727343,0.3911400427529482,1,"Survival_Credit_AOP_LIRCMOP9_N100_FE50000_run5_seed239905.mat"
